plan_id	machine	grid_instruction	scene_idx	noise_idx	armsig	kind	sig	pkl_sha256	model	version	ckpt	task	task_id	instruction	env_name	env_seed	inference_seed	episode_idx	success	steps	n_inferences	n_action_steps	chunk_len	has_pkl	capture_token_mode	feature_kind	feature_axes	record_shape	capture_layers	plan_name	machine_source	ckpt_source	meta_source	rel_path	cell_si	jitter_reset_idx
8daefeabf020	kanu	DishwasherRack/out	0	0	base	activation	26a93654f11a42b3	26a93654f11a42b3c8917f550e06ce7de5fb75eea78701e67003154265a8e34e	lerobot_groot_n15	n15	lerobot_groot_n15__robocasa365_ckpt120000		0	Fully slide the top dishwasher rack out.	robocasa_panda_omron/SlideDishwasherRack_PandaOmron_Env	100000	1300000	0	0			5		1	all_token_full	groot_n15_dit_block_residual_full_tokens_denoise	"[""layer"",""denoise_step"",""model_token"",""feature_dim""]"	[7,4,49,1536]	[0,2,4,8,10,12,15]	n15_grid_v5_scenario	grid_coord	meta	meta_json	8daefeabf020/kanu/DishwasherRack/out/s0/n0/base	0	0
8daefeabf020	kanu	DishwasherRack/out	0	1	base	activation	5dd8e969caf7904d	5dd8e969caf7904dcc486b8543f9f4a577c0718e8ddd4ed8eb9b7fffed39c90a	lerobot_groot_n15	n15	lerobot_groot_n15__robocasa365_ckpt120000		0	Fully slide the top dishwasher rack out.	robocasa_panda_omron/SlideDishwasherRack_PandaOmron_Env	100000	1300001	0	0			5		1	all_token_full	groot_n15_dit_block_residual_full_tokens_denoise	"[""layer"",""denoise_step"",""model_token"",""feature_dim""]"	[7,4,49,1536]	[0,2,4,8,10,12,15]	n15_grid_v5_scenario	grid_coord	meta	meta_json	8daefeabf020/kanu/DishwasherRack/out/s0/n1/base	0	0
8daefeabf020	kanu	DishwasherRack/out	0	2	base	activation	2e9aeabb1f500bb3	2e9aeabb1f500bb35ad378b95cbb2be002ebf8e81de89f96bf567a2f08527b2c	lerobot_groot_n15	n15	lerobot_groot_n15__robocasa365_ckpt120000		0	Fully slide the top dishwasher rack out.	robocasa_panda_omron/SlideDishwasherRack_PandaOmron_Env	100000	1300002	0	0			5		1	all_token_full	groot_n15_dit_block_residual_full_tokens_denoise	"[""layer"",""denoise_step"",""model_token"",""feature_dim""]"	[7,4,49,1536]	[0,2,4,8,10,12,15]	n15_grid_v5_scenario	grid_coord	meta	meta_json	8daefeabf020/kanu/DishwasherRack/out/s0/n2/base	0	0
8daefeabf020	kanu	DishwasherRack/out	0	3	base	activation	da8b7b6a8e1a5f9d	da8b7b6a8e1a5f9ddda91d079f62442c020aa52571f3044ef0b9c4fd18dcb6fa	lerobot_groot_n15	n15	lerobot_groot_n15__robocasa365_ckpt120000		0	Fully slide the top dishwasher rack out.	robocasa_panda_omron/SlideDishwasherRack_PandaOmron_Env	100000	1300003	0	0			5		1	all_token_full	groot_n15_dit_block_residual_full_tokens_denoise	"[""layer"",""denoise_step"",""model_token"",""feature_dim""]"	[7,4,49,1536]	[0,2,4,8,10,12,15]	n15_grid_v5_scenario	grid_coord	meta	meta_json	8daefeabf020/kanu/DishwasherRack/out/s0/n3/base	0	0
8daefeabf020	kanu	DishwasherRack/out	0	4	base	activation	c83bdcb81a06dcf4	c83bdcb81a06dcf44a48141dc16546da160d049071d16183da6892969aac6f49	lerobot_groot_n15	n15	lerobot_groot_n15__robocasa365_ckpt120000		0	Fully slide the top dishwasher rack out.	robocasa_panda_omron/SlideDishwasherRack_PandaOmron_Env	100000	1300004	0	0			5		1	all_token_full	groot_n15_dit_block_residual_full_tokens_denoise	"[""layer"",""denoise_step"",""model_token"",""feature_dim""]"	[7,4,49,1536]	[0,2,4,8,10,12,15]	n15_grid_v5_scenario	grid_coord	meta	meta_json	8daefeabf020/kanu/DishwasherRack/out/s0/n4/base	0	0
8daefeabf020	kanu	DishwasherRack/out	0	0	base	activation	23faa2b795e4163c	23faa2b795e4163ccdfab7363dcbf22e2ff3799a071f06fe610a8cbf64fbabd2	lerobot_groot_n15	n15	lerobot_groot_n15__robocasa365_ckpt120000		0	Fully slide the top dishwasher rack out.	robocasa_panda_omron/SlideDishwasherRack_PandaOmron_Env	100000	1300000	0	0			5		1	all_token_full	groot_n15_dit_block_residual_full_tokens_denoise	"[""layer"",""denoise_step"",""model_token"",""feature_dim""]"	[7,4,49,1536]	[0,2,4,8,10,12,15]	n15_grid_v5_scenario	grid_coord	meta	meta_json	8daefeabf020/kanu/DishwasherRack/out/s1/n0/base	1	1
8daefeabf020	kanu	DishwasherRack/out	0	1	base	activation	6746f442d3c1ecdc	6746f442d3c1ecdc79462d8f4766a808fb6b2b6fefab1476982304503da624dd	lerobot_groot_n15	n15	lerobot_groot_n15__robocasa365_ckpt120000		0	Fully slide the top dishwasher rack out.	robocasa_panda_omron/SlideDishwasherRack_PandaOmron_Env	100000	1300001	0	0			5		1	all_token_full	groot_n15_dit_block_residual_full_tokens_denoise	"[""layer"",""denoise_step"",""model_token"",""feature_dim""]"	[7,4,49,1536]	[0,2,4,8,10,12,15]	n15_grid_v5_scenario	grid_coord	meta	meta_json	8daefeabf020/kanu/DishwasherRack/out/s1/n1/base	1	1
8daefeabf020	kanu	DishwasherRack/out	0	2	base	activation	a74282e7950ec867	a74282e7950ec8675cb4269ddbbf8bd1a82ee295880f40060b0c08c7ae87c8b5	lerobot_groot_n15	n15	lerobot_groot_n15__robocasa365_ckpt120000		0	Fully slide the top dishwasher rack out.	robocasa_panda_omron/SlideDishwasherRack_PandaOmron_Env	100000	1300002	0	0			5		1	all_token_full	groot_n15_dit_block_residual_full_tokens_denoise	"[""layer"",""denoise_step"",""model_token"",""feature_dim""]"	[7,4,49,1536]	[0,2,4,8,10,12,15]	n15_grid_v5_scenario	grid_coord	meta	meta_json	8daefeabf020/kanu/DishwasherRack/out/s1/n2/base	1	1
8daefeabf020	kanu	DishwasherRack/out	0	3	base	activation	2cb89567fd6d3cfe	2cb89567fd6d3cfea5dfb390b8329f1ece2ecbac18f07ba8bd23e954dbbeec3b	lerobot_groot_n15	n15	lerobot_groot_n15__robocasa365_ckpt120000		0	Fully slide the top dishwasher rack out.	robocasa_panda_omron/SlideDishwasherRack_PandaOmron_Env	100000	1300003	0	0			5		1	all_token_full	groot_n15_dit_block_residual_full_tokens_denoise	"[""layer"",""denoise_step"",""model_token"",""feature_dim""]"	[7,4,49,1536]	[0,2,4,8,10,12,15]	n15_grid_v5_scenario	grid_coord	meta	meta_json	8daefeabf020/kanu/DishwasherRack/out/s1/n3/base	1	1
8daefeabf020	kanu	DishwasherRack/out	0	4	base	activation	860d18cf9d769097	860d18cf9d7690972c624bf17ce7367973dad46a604a9c0e7a61444c451e15af	lerobot_groot_n15	n15	lerobot_groot_n15__robocasa365_ckpt120000		0	Fully slide the top dishwasher rack out.	robocasa_panda_omron/SlideDishwasherRack_PandaOmron_Env	100000	1300004	0	0			5		1	all_token_full	groot_n15_dit_block_residual_full_tokens_denoise	"[""layer"",""denoise_step"",""model_token"",""feature_dim""]"	[7,4,49,1536]	[0,2,4,8,10,12,15]	n15_grid_v5_scenario	grid_coord	meta	meta_json	8daefeabf020/kanu/DishwasherRack/out/s1/n4/base	1	1
8daefeabf020	kanu	DishwasherRack/out	1	0	base	activation	69dbf005191deda8	69dbf005191deda8a661ff1529edac233b0f986037a1cf9ee63006e9a1f73f5e	lerobot_groot_n15	n15	lerobot_groot_n15__robocasa365_ckpt120000		0	Fully slide the top dishwasher rack out.	robocasa_panda_omron/SlideDishwasherRack_PandaOmron_Env	100003	1300000	0	0			5		1	all_token_full	groot_n15_dit_block_residual_full_tokens_denoise	"[""layer"",""denoise_step"",""model_token"",""feature_dim""]"	[7,4,49,1536]	[0,2,4,8,10,12,15]	n15_grid_v5_scenario	grid_coord	meta	meta_json	8daefeabf020/kanu/DishwasherRack/out/s100/n0/base	100	0
8daefeabf020	kanu	DishwasherRack/out	1	1	base	activation	3eb5165ee79fdda4	3eb5165ee79fdda4ecf92cdb3fe21d144c01cdba6fa3347c0b1122fa61a5a2f0	lerobot_groot_n15	n15	lerobot_groot_n15__robocasa365_ckpt120000		0	Fully slide the top dishwasher rack out.	robocasa_panda_omron/SlideDishwasherRack_PandaOmron_Env	100003	1300001	0	0			5		1	all_token_full	groot_n15_dit_block_residual_full_tokens_denoise	"[""layer"",""denoise_step"",""model_token"",""feature_dim""]"	[7,4,49,1536]	[0,2,4,8,10,12,15]	n15_grid_v5_scenario	grid_coord	meta	meta_json	8daefeabf020/kanu/DishwasherRack/out/s100/n1/base	100	0
8daefeabf020	kanu	DishwasherRack/out	1	2	base	activation	5eb5565f68df48a8	5eb5565f68df48a8e7fc3344b9e5a4ea9f5b49e2157ddd320964aef21ef61199	lerobot_groot_n15	n15	lerobot_groot_n15__robocasa365_ckpt120000		0	Fully slide the top dishwasher rack out.	robocasa_panda_omron/SlideDishwasherRack_PandaOmron_Env	100003	1300002	0	0			5		1	all_token_full	groot_n15_dit_block_residual_full_tokens_denoise	"[""layer"",""denoise_step"",""model_token"",""feature_dim""]"	[7,4,49,1536]	[0,2,4,8,10,12,15]	n15_grid_v5_scenario	grid_coord	meta	meta_json	8daefeabf020/kanu/DishwasherRack/out/s100/n2/base	100	0
8daefeabf020	kanu	DishwasherRack/out	1	3	base	activation	57ea92b40622459a	57ea92b40622459a2579362ec58209963ca4964207220d9fba3a55f7f14be303	lerobot_groot_n15	n15	lerobot_groot_n15__robocasa365_ckpt120000		0	Fully slide the top dishwasher rack out.	robocasa_panda_omron/SlideDishwasherRack_PandaOmron_Env	100003	1300003	0	0			5		1	all_token_full	groot_n15_dit_block_residual_full_tokens_denoise	"[""layer"",""denoise_step"",""model_token"",""feature_dim""]"	[7,4,49,1536]	[0,2,4,8,10,12,15]	n15_grid_v5_scenario	grid_coord	meta	meta_json	8daefeabf020/kanu/DishwasherRack/out/s100/n3/base	100	0
8daefeabf020	kanu	DishwasherRack/out	1	4	base	activation	01b17c3aa68f8c13	01b17c3aa68f8c130075fc4b64554d1d21df217136d120a4e4017b2d8c820647	lerobot_groot_n15	n15	lerobot_groot_n15__robocasa365_ckpt120000		0	Fully slide the top dishwasher rack out.	robocasa_panda_omron/SlideDishwasherRack_PandaOmron_Env	100003	1300004	0	0			5		1	all_token_full	groot_n15_dit_block_residual_full_tokens_denoise	"[""layer"",""denoise_step"",""model_token"",""feature_dim""]"	[7,4,49,1536]	[0,2,4,8,10,12,15]	n15_grid_v5_scenario	grid_coord	meta	meta_json	8daefeabf020/kanu/DishwasherRack/out/s100/n4/base	100	0
8daefeabf020	kanu	DishwasherRack/out	1	0	base	activation	dd668616dc730dd6	dd668616dc730dd63f44395ec0a1f808ef83fbc197d33875a368cbb9b5ec35e8	lerobot_groot_n15	n15	lerobot_groot_n15__robocasa365_ckpt120000		0	Fully slide the top dishwasher rack out.	robocasa_panda_omron/SlideDishwasherRack_PandaOmron_Env	100003	1300000	0	0			5		1	all_token_full	groot_n15_dit_block_residual_full_tokens_denoise	"[""layer"",""denoise_step"",""model_token"",""feature_dim""]"	[7,4,49,1536]	[0,2,4,8,10,12,15]	n15_grid_v5_scenario	grid_coord	meta	meta_json	8daefeabf020/kanu/DishwasherRack/out/s101/n0/base	101	1
8daefeabf020	kanu	DishwasherRack/out	1	1	base	activation	5abadc776cf014d1	5abadc776cf014d1f3c562aef9c7d5e72c5091ab08a69283b6ecd7fd19fe2f6c	lerobot_groot_n15	n15	lerobot_groot_n15__robocasa365_ckpt120000		0	Fully slide the top dishwasher rack out.	robocasa_panda_omron/SlideDishwasherRack_PandaOmron_Env	100003	1300001	0	0			5		1	all_token_full	groot_n15_dit_block_residual_full_tokens_denoise	"[""layer"",""denoise_step"",""model_token"",""feature_dim""]"	[7,4,49,1536]	[0,2,4,8,10,12,15]	n15_grid_v5_scenario	grid_coord	meta	meta_json	8daefeabf020/kanu/DishwasherRack/out/s101/n1/base	101	1
8daefeabf020	kanu	DishwasherRack/out	1	2	base	activation	fbc0a27237979f85	fbc0a27237979f8578cb3ab30c4240c1509f9a04125898a49aaca2b1e035f055	lerobot_groot_n15	n15	lerobot_groot_n15__robocasa365_ckpt120000		0	Fully slide the top dishwasher rack out.	robocasa_panda_omron/SlideDishwasherRack_PandaOmron_Env	100003	1300002	0	0			5		1	all_token_full	groot_n15_dit_block_residual_full_tokens_denoise	"[""layer"",""denoise_step"",""model_token"",""feature_dim""]"	[7,4,49,1536]	[0,2,4,8,10,12,15]	n15_grid_v5_scenario	grid_coord	meta	meta_json	8daefeabf020/kanu/DishwasherRack/out/s101/n2/base	101	1
8daefeabf020	kanu	DishwasherRack/out	1	3	base	activation	ce5d564b662ac1d9	ce5d564b662ac1d934438b3cca785abbba3de0dcd5fd81ec1615ee716bfa436d	lerobot_groot_n15	n15	lerobot_groot_n15__robocasa365_ckpt120000		0	Fully slide the top dishwasher rack out.	robocasa_panda_omron/SlideDishwasherRack_PandaOmron_Env	100003	1300003	0	0			5		1	all_token_full	groot_n15_dit_block_residual_full_tokens_denoise	"[""layer"",""denoise_step"",""model_token"",""feature_dim""]"	[7,4,49,1536]	[0,2,4,8,10,12,15]	n15_grid_v5_scenario	grid_coord	meta	meta_json	8daefeabf020/kanu/DishwasherRack/out/s101/n3/base	101	1
8daefeabf020	kanu	DishwasherRack/out	1	4	base	activation	b76bdb78f679f8b7	b76bdb78f679f8b766d4c2141f123d0ea41ab9aa72809960e2126855a9291c0c	lerobot_groot_n15	n15	lerobot_groot_n15__robocasa365_ckpt120000		0	Fully slide the top dishwasher rack out.	robocasa_panda_omron/SlideDishwasherRack_PandaOmron_Env	100003	1300004	0	0			5		1	all_token_full	groot_n15_dit_block_residual_full_tokens_denoise	"[""layer"",""denoise_step"",""model_token"",""feature_dim""]"	[7,4,49,1536]	[0,2,4,8,10,12,15]	n15_grid_v5_scenario	grid_coord	meta	meta_json	8daefeabf020/kanu/DishwasherRack/out/s101/n4/base	101	1
8daefeabf020	kanu	DishwasherRack/out	1	0	base	activation	9d4fa590cd56c7ce	9d4fa590cd56c7cebfcf462ebc1dca21b85164676f860168fd45843906e227f2	lerobot_groot_n15	n15	lerobot_groot_n15__robocasa365_ckpt120000		0	Fully slide the top dishwasher rack out.	robocasa_panda_omron/SlideDishwasherRack_PandaOmron_Env	100003	1300000	0	0			5		1	all_token_full	groot_n15_dit_block_residual_full_tokens_denoise	"[""layer"",""denoise_step"",""model_token"",""feature_dim""]"	[7,4,49,1536]	[0,2,4,8,10,12,15]	n15_grid_v5_scenario	grid_coord	meta	meta_json	8daefeabf020/kanu/DishwasherRack/out/s102/n0/base	102	2
8daefeabf020	kanu	DishwasherRack/out	1	1	base	activation	b9a08e587d0fa996	b9a08e587d0fa99611bd0e83832a66b13a341d2d3aa5661d24672564d703bdff	lerobot_groot_n15	n15	lerobot_groot_n15__robocasa365_ckpt120000		0	Fully slide the top dishwasher rack out.	robocasa_panda_omron/SlideDishwasherRack_PandaOmron_Env	100003	1300001	0	0			5		1	all_token_full	groot_n15_dit_block_residual_full_tokens_denoise	"[""layer"",""denoise_step"",""model_token"",""feature_dim""]"	[7,4,49,1536]	[0,2,4,8,10,12,15]	n15_grid_v5_scenario	grid_coord	meta	meta_json	8daefeabf020/kanu/DishwasherRack/out/s102/n1/base	102	2
8daefeabf020	kanu	DishwasherRack/out	1	2	base	activation	f97cc09f4f8d4c51	f97cc09f4f8d4c517d2735c20313040d3214c340bfc2fb93377970c310531aa7	lerobot_groot_n15	n15	lerobot_groot_n15__robocasa365_ckpt120000		0	Fully slide the top dishwasher rack out.	robocasa_panda_omron/SlideDishwasherRack_PandaOmron_Env	100003	1300002	0	0			5		1	all_token_full	groot_n15_dit_block_residual_full_tokens_denoise	"[""layer"",""denoise_step"",""model_token"",""feature_dim""]"	[7,4,49,1536]	[0,2,4,8,10,12,15]	n15_grid_v5_scenario	grid_coord	meta	meta_json	8daefeabf020/kanu/DishwasherRack/out/s102/n2/base	102	2
8daefeabf020	kanu	DishwasherRack/out	1	3	base	activation	377923386cbc1a28	377923386cbc1a2800a448092d38f2214e3673570c4a7b38a0622dcbab2e35b0	lerobot_groot_n15	n15	lerobot_groot_n15__robocasa365_ckpt120000		0	Fully slide the top dishwasher rack out.	robocasa_panda_omron/SlideDishwasherRack_PandaOmron_Env	100003	1300003	0	0			5		1	all_token_full	groot_n15_dit_block_residual_full_tokens_denoise	"[""layer"",""denoise_step"",""model_token"",""feature_dim""]"	[7,4,49,1536]	[0,2,4,8,10,12,15]	n15_grid_v5_scenario	grid_coord	meta	meta_json	8daefeabf020/kanu/DishwasherRack/out/s102/n3/base	102	2
8daefeabf020	kanu	DishwasherRack/out	1	4	base	activation	a767d1693e6911fd	a767d1693e6911fd5f7e5dec7f389935c462047d036da4843b3e6d14005310e9	lerobot_groot_n15	n15	lerobot_groot_n15__robocasa365_ckpt120000		0	Fully slide the top dishwasher rack out.	robocasa_panda_omron/SlideDishwasherRack_PandaOmron_Env	100003	1300004	0	0			5		1	all_token_full	groot_n15_dit_block_residual_full_tokens_denoise	"[""layer"",""denoise_step"",""model_token"",""feature_dim""]"	[7,4,49,1536]	[0,2,4,8,10,12,15]	n15_grid_v5_scenario	grid_coord	meta	meta_json	8daefeabf020/kanu/DishwasherRack/out/s102/n4/base	102	2
8daefeabf020	kanu	DishwasherRack/out	1	0	base	activation	5fe52c50bd2f4ef8	5fe52c50bd2f4ef875117c2f87ff37989b13501e1d92e0e98fefe54d59a8e0fd	lerobot_groot_n15	n15	lerobot_groot_n15__robocasa365_ckpt120000		0	Fully slide the top dishwasher rack out.	robocasa_panda_omron/SlideDishwasherRack_PandaOmron_Env	100003	1300000	0	0			5		1	all_token_full	groot_n15_dit_block_residual_full_tokens_denoise	"[""layer"",""denoise_step"",""model_token"",""feature_dim""]"	[7,4,49,1536]	[0,2,4,8,10,12,15]	n15_grid_v5_scenario	grid_coord	meta	meta_json	8daefeabf020/kanu/DishwasherRack/out/s103/n0/base	103	3
8daefeabf020	kanu	DishwasherRack/out	1	1	base	activation	f9ba9386880698be	f9ba9386880698be1a775b16c6dc0ccb634a4cf7af2cb3b3b1353295092e14bb	lerobot_groot_n15	n15	lerobot_groot_n15__robocasa365_ckpt120000		0	Fully slide the top dishwasher rack out.	robocasa_panda_omron/SlideDishwasherRack_PandaOmron_Env	100003	1300001	0	0			5		1	all_token_full	groot_n15_dit_block_residual_full_tokens_denoise	"[""layer"",""denoise_step"",""model_token"",""feature_dim""]"	[7,4,49,1536]	[0,2,4,8,10,12,15]	n15_grid_v5_scenario	grid_coord	meta	meta_json	8daefeabf020/kanu/DishwasherRack/out/s103/n1/base	103	3
8daefeabf020	kanu	DishwasherRack/out	1	2	base	activation	3d4f15f9fad2e7b8	3d4f15f9fad2e7b82bf1f91230729d06f65eb8c3ea77ae2ef42848c174bf3587	lerobot_groot_n15	n15	lerobot_groot_n15__robocasa365_ckpt120000		0	Fully slide the top dishwasher rack out.	robocasa_panda_omron/SlideDishwasherRack_PandaOmron_Env	100003	1300002	0	0			5		1	all_token_full	groot_n15_dit_block_residual_full_tokens_denoise	"[""layer"",""denoise_step"",""model_token"",""feature_dim""]"	[7,4,49,1536]	[0,2,4,8,10,12,15]	n15_grid_v5_scenario	grid_coord	meta	meta_json	8daefeabf020/kanu/DishwasherRack/out/s103/n2/base	103	3
8daefeabf020	kanu	DishwasherRack/out	1	3	base	activation	3705db84efa1133a	3705db84efa1133ad5f2a7b7c4d2949cecfbde45f5044e5a0dbe56a21a390c75	lerobot_groot_n15	n15	lerobot_groot_n15__robocasa365_ckpt120000		0	Fully slide the top dishwasher rack out.	robocasa_panda_omron/SlideDishwasherRack_PandaOmron_Env	100003	1300003	0	0			5		1	all_token_full	groot_n15_dit_block_residual_full_tokens_denoise	"[""layer"",""denoise_step"",""model_token"",""feature_dim""]"	[7,4,49,1536]	[0,2,4,8,10,12,15]	n15_grid_v5_scenario	grid_coord	meta	meta_json	8daefeabf020/kanu/DishwasherRack/out/s103/n3/base	103	3
8daefeabf020	kanu	DishwasherRack/out	1	4	base	activation	1e98b2b439286269	1e98b2b439286269854272b0f10978a81f728b9d3fc5ac9e7c2adec9cfe4130a	lerobot_groot_n15	n15	lerobot_groot_n15__robocasa365_ckpt120000		0	Fully slide the top dishwasher rack out.	robocasa_panda_omron/SlideDishwasherRack_PandaOmron_Env	100003	1300004	0	0			5		1	all_token_full	groot_n15_dit_block_residual_full_tokens_denoise	"[""layer"",""denoise_step"",""model_token"",""feature_dim""]"	[7,4,49,1536]	[0,2,4,8,10,12,15]	n15_grid_v5_scenario	grid_coord	meta	meta_json	8daefeabf020/kanu/DishwasherRack/out/s103/n4/base	103	3
8daefeabf020	kanu	DishwasherRack/out	1	0	base	activation	9e984cfb1e366c04	9e984cfb1e366c04610fb12b37746ef8fd68185100599733ed670705582fbb13	lerobot_groot_n15	n15	lerobot_groot_n15__robocasa365_ckpt120000		0	Fully slide the top dishwasher rack out.	robocasa_panda_omron/SlideDishwasherRack_PandaOmron_Env	100003	1300000	0	0			5		1	all_token_full	groot_n15_dit_block_residual_full_tokens_denoise	"[""layer"",""denoise_step"",""model_token"",""feature_dim""]"	[7,4,49,1536]	[0,2,4,8,10,12,15]	n15_grid_v5_scenario	grid_coord	meta	meta_json	8daefeabf020/kanu/DishwasherRack/out/s104/n0/base	104	4
8daefeabf020	kanu	DishwasherRack/out	1	1	base	activation	d7bcc299b3fe24f2	d7bcc299b3fe24f2fa06faa0ff6f1d2c3f4aed529f386230a453bc4d72e8cf84	lerobot_groot_n15	n15	lerobot_groot_n15__robocasa365_ckpt120000		0	Fully slide the top dishwasher rack out.	robocasa_panda_omron/SlideDishwasherRack_PandaOmron_Env	100003	1300001	0	0			5		1	all_token_full	groot_n15_dit_block_residual_full_tokens_denoise	"[""layer"",""denoise_step"",""model_token"",""feature_dim""]"	[7,4,49,1536]	[0,2,4,8,10,12,15]	n15_grid_v5_scenario	grid_coord	meta	meta_json	8daefeabf020/kanu/DishwasherRack/out/s104/n1/base	104	4
8daefeabf020	kanu	DishwasherRack/out	1	2	base	activation	0a0a1670edfaa370	0a0a1670edfaa37008e59265386cfdc5be2dc5fe4ab764754d1291659448d801	lerobot_groot_n15	n15	lerobot_groot_n15__robocasa365_ckpt120000		0	Fully slide the top dishwasher rack out.	robocasa_panda_omron/SlideDishwasherRack_PandaOmron_Env	100003	1300002	0	0			5		1	all_token_full	groot_n15_dit_block_residual_full_tokens_denoise	"[""layer"",""denoise_step"",""model_token"",""feature_dim""]"	[7,4,49,1536]	[0,2,4,8,10,12,15]	n15_grid_v5_scenario	grid_coord	meta	meta_json	8daefeabf020/kanu/DishwasherRack/out/s104/n2/base	104	4
8daefeabf020	kanu	DishwasherRack/out	1	3	base	activation	1194d906e552ff3f	1194d906e552ff3f539f961fdb485663ed6d2815f810a4996440e2ddd29dc010	lerobot_groot_n15	n15	lerobot_groot_n15__robocasa365_ckpt120000		0	Fully slide the top dishwasher rack out.	robocasa_panda_omron/SlideDishwasherRack_PandaOmron_Env	100003	1300003	0	0			5		1	all_token_full	groot_n15_dit_block_residual_full_tokens_denoise	"[""layer"",""denoise_step"",""model_token"",""feature_dim""]"	[7,4,49,1536]	[0,2,4,8,10,12,15]	n15_grid_v5_scenario	grid_coord	meta	meta_json	8daefeabf020/kanu/DishwasherRack/out/s104/n3/base	104	4
8daefeabf020	kanu	DishwasherRack/out	1	4	base	activation	3a352d6cd1c0aed6	3a352d6cd1c0aed6f479e76f1a38e1a7bd8c0833ea1a40d252448d9d31d224b2	lerobot_groot_n15	n15	lerobot_groot_n15__robocasa365_ckpt120000		0	Fully slide the top dishwasher rack out.	robocasa_panda_omron/SlideDishwasherRack_PandaOmron_Env	100003	1300004	0	0			5		1	all_token_full	groot_n15_dit_block_residual_full_tokens_denoise	"[""layer"",""denoise_step"",""model_token"",""feature_dim""]"	[7,4,49,1536]	[0,2,4,8,10,12,15]	n15_grid_v5_scenario	grid_coord	meta	meta_json	8daefeabf020/kanu/DishwasherRack/out/s104/n4/base	104	4
8daefeabf020	kanu	DishwasherRack/out	0	0	base	activation	80bc0d1283893abc	80bc0d1283893abc6d4e949a6ea008a904d3982347338532af2018d54822e172	lerobot_groot_n15	n15	lerobot_groot_n15__robocasa365_ckpt120000		0	Fully slide the top dishwasher rack out.	robocasa_panda_omron/SlideDishwasherRack_PandaOmron_Env	100000	1300000	0	0			5		1	all_token_full	groot_n15_dit_block_residual_full_tokens_denoise	"[""layer"",""denoise_step"",""model_token"",""feature_dim""]"	[7,4,49,1536]	[0,2,4,8,10,12,15]	n15_grid_v5_scenario	grid_coord	meta	meta_json	8daefeabf020/kanu/DishwasherRack/out/s2/n0/base	2	2
8daefeabf020	kanu	DishwasherRack/out	0	1	base	activation	1fb6871b95109635	1fb6871b95109635ec4bcd6ac1b092f21868d3c46ecb604f93fa9cabf33a8f37	lerobot_groot_n15	n15	lerobot_groot_n15__robocasa365_ckpt120000		0	Fully slide the top dishwasher rack out.	robocasa_panda_omron/SlideDishwasherRack_PandaOmron_Env	100000	1300001	0	0			5		1	all_token_full	groot_n15_dit_block_residual_full_tokens_denoise	"[""layer"",""denoise_step"",""model_token"",""feature_dim""]"	[7,4,49,1536]	[0,2,4,8,10,12,15]	n15_grid_v5_scenario	grid_coord	meta	meta_json	8daefeabf020/kanu/DishwasherRack/out/s2/n1/base	2	2
8daefeabf020	kanu	DishwasherRack/out	0	2	base	activation	355d7ae305e7ced0	355d7ae305e7ced0acd087215bee844e26f22aff04f441c80666821fa15f0140	lerobot_groot_n15	n15	lerobot_groot_n15__robocasa365_ckpt120000		0	Fully slide the top dishwasher rack out.	robocasa_panda_omron/SlideDishwasherRack_PandaOmron_Env	100000	1300002	0	0			5		1	all_token_full	groot_n15_dit_block_residual_full_tokens_denoise	"[""layer"",""denoise_step"",""model_token"",""feature_dim""]"	[7,4,49,1536]	[0,2,4,8,10,12,15]	n15_grid_v5_scenario	grid_coord	meta	meta_json	8daefeabf020/kanu/DishwasherRack/out/s2/n2/base	2	2
8daefeabf020	kanu	DishwasherRack/out	0	3	base	activation	e2ee5ba7a4249d15	e2ee5ba7a4249d15371239848dd5771cc5c09ab61cbc7e9a396a8a774a2f9218	lerobot_groot_n15	n15	lerobot_groot_n15__robocasa365_ckpt120000		0	Fully slide the top dishwasher rack out.	robocasa_panda_omron/SlideDishwasherRack_PandaOmron_Env	100000	1300003	0	0			5		1	all_token_full	groot_n15_dit_block_residual_full_tokens_denoise	"[""layer"",""denoise_step"",""model_token"",""feature_dim""]"	[7,4,49,1536]	[0,2,4,8,10,12,15]	n15_grid_v5_scenario	grid_coord	meta	meta_json	8daefeabf020/kanu/DishwasherRack/out/s2/n3/base	2	2
8daefeabf020	kanu	DishwasherRack/out	0	4	base	activation	b013a6f72f524661	b013a6f72f524661d270d7c369f7a252d1b3358033852ff85b58d631bf9a4dde	lerobot_groot_n15	n15	lerobot_groot_n15__robocasa365_ckpt120000		0	Fully slide the top dishwasher rack out.	robocasa_panda_omron/SlideDishwasherRack_PandaOmron_Env	100000	1300004	0	0			5		1	all_token_full	groot_n15_dit_block_residual_full_tokens_denoise	"[""layer"",""denoise_step"",""model_token"",""feature_dim""]"	[7,4,49,1536]	[0,2,4,8,10,12,15]	n15_grid_v5_scenario	grid_coord	meta	meta_json	8daefeabf020/kanu/DishwasherRack/out/s2/n4/base	2	2
8daefeabf020	kanu	DishwasherRack/out	2	0	base	activation	899d32da1bc994f1	899d32da1bc994f15011bb41fcdacec6fa61335b9f35a6b0d53fde13f3062a80	lerobot_groot_n15	n15	lerobot_groot_n15__robocasa365_ckpt120000		0	Fully slide the top dishwasher rack out.	robocasa_panda_omron/SlideDishwasherRack_PandaOmron_Env	100008	1300000	0	0			5		1	all_token_full	groot_n15_dit_block_residual_full_tokens_denoise	"[""layer"",""denoise_step"",""model_token"",""feature_dim""]"	[7,4,49,1536]	[0,2,4,8,10,12,15]	n15_grid_v5_scenario	grid_coord	meta	meta_json	8daefeabf020/kanu/DishwasherRack/out/s200/n0/base	200	0
8daefeabf020	kanu	DishwasherRack/out	2	1	base	activation	8a8878e61d4e4fd4	8a8878e61d4e4fd4535ef601b1aae2991c3acbcc92e20e591c96965762e09db8	lerobot_groot_n15	n15	lerobot_groot_n15__robocasa365_ckpt120000		0	Fully slide the top dishwasher rack out.	robocasa_panda_omron/SlideDishwasherRack_PandaOmron_Env	100008	1300001	0	1			5		1	all_token_full	groot_n15_dit_block_residual_full_tokens_denoise	"[""layer"",""denoise_step"",""model_token"",""feature_dim""]"	[7,4,49,1536]	[0,2,4,8,10,12,15]	n15_grid_v5_scenario	grid_coord	meta	meta_json	8daefeabf020/kanu/DishwasherRack/out/s200/n1/base	200	0
8daefeabf020	kanu	DishwasherRack/out	2	2	base	activation	3cc9f6fe945012a6	3cc9f6fe945012a6e5c96e1a508b2e53048173e79328e8a96682c7bd76e449cf	lerobot_groot_n15	n15	lerobot_groot_n15__robocasa365_ckpt120000		0	Fully slide the top dishwasher rack out.	robocasa_panda_omron/SlideDishwasherRack_PandaOmron_Env	100008	1300002	0	0			5		1	all_token_full	groot_n15_dit_block_residual_full_tokens_denoise	"[""layer"",""denoise_step"",""model_token"",""feature_dim""]"	[7,4,49,1536]	[0,2,4,8,10,12,15]	n15_grid_v5_scenario	grid_coord	meta	meta_json	8daefeabf020/kanu/DishwasherRack/out/s200/n2/base	200	0
8daefeabf020	kanu	DishwasherRack/out	2	3	base	activation	89ff1850b3c7450a	89ff1850b3c7450ae1480e9e44f3607e12a45346dbcfa9ef52853d176e4b9391	lerobot_groot_n15	n15	lerobot_groot_n15__robocasa365_ckpt120000		0	Fully slide the top dishwasher rack out.	robocasa_panda_omron/SlideDishwasherRack_PandaOmron_Env	100008	1300003	0	0			5		1	all_token_full	groot_n15_dit_block_residual_full_tokens_denoise	"[""layer"",""denoise_step"",""model_token"",""feature_dim""]"	[7,4,49,1536]	[0,2,4,8,10,12,15]	n15_grid_v5_scenario	grid_coord	meta	meta_json	8daefeabf020/kanu/DishwasherRack/out/s200/n3/base	200	0
8daefeabf020	kanu	DishwasherRack/out	2	4	base	activation	e840585e22071938	e840585e22071938aa913cdb71c31ca161d26cd07be7c95bc07c52646be50455	lerobot_groot_n15	n15	lerobot_groot_n15__robocasa365_ckpt120000		0	Fully slide the top dishwasher rack out.	robocasa_panda_omron/SlideDishwasherRack_PandaOmron_Env	100008	1300004	0	0			5		1	all_token_full	groot_n15_dit_block_residual_full_tokens_denoise	"[""layer"",""denoise_step"",""model_token"",""feature_dim""]"	[7,4,49,1536]	[0,2,4,8,10,12,15]	n15_grid_v5_scenario	grid_coord	meta	meta_json	8daefeabf020/kanu/DishwasherRack/out/s200/n4/base	200	0
8daefeabf020	kanu	DishwasherRack/out	2	0	base	activation	2e50ec257b829a18	2e50ec257b829a18136680a7e99c0103de6ffb2fe49dd9df303fde33ef856b04	lerobot_groot_n15	n15	lerobot_groot_n15__robocasa365_ckpt120000		0	Fully slide the top dishwasher rack out.	robocasa_panda_omron/SlideDishwasherRack_PandaOmron_Env	100008	1300000	0	0			5		1	all_token_full	groot_n15_dit_block_residual_full_tokens_denoise	"[""layer"",""denoise_step"",""model_token"",""feature_dim""]"	[7,4,49,1536]	[0,2,4,8,10,12,15]	n15_grid_v5_scenario	grid_coord	meta	meta_json	8daefeabf020/kanu/DishwasherRack/out/s201/n0/base	201	1
8daefeabf020	kanu	DishwasherRack/out	2	1	base	activation	c0df970b5c879e5d	c0df970b5c879e5ddf8f3b6a53cd6763eb52c75e0a18ae5f0c5143ccec122379	lerobot_groot_n15	n15	lerobot_groot_n15__robocasa365_ckpt120000		0	Fully slide the top dishwasher rack out.	robocasa_panda_omron/SlideDishwasherRack_PandaOmron_Env	100008	1300001	0	0			5		1	all_token_full	groot_n15_dit_block_residual_full_tokens_denoise	"[""layer"",""denoise_step"",""model_token"",""feature_dim""]"	[7,4,49,1536]	[0,2,4,8,10,12,15]	n15_grid_v5_scenario	grid_coord	meta	meta_json	8daefeabf020/kanu/DishwasherRack/out/s201/n1/base	201	1
8daefeabf020	kanu	DishwasherRack/out	2	2	base	activation	e633a67c7e957a0e	e633a67c7e957a0e6cf82504512f6663015aeb1165d257c0390399090438a2a2	lerobot_groot_n15	n15	lerobot_groot_n15__robocasa365_ckpt120000		0	Fully slide the top dishwasher rack out.	robocasa_panda_omron/SlideDishwasherRack_PandaOmron_Env	100008	1300002	0	0			5		1	all_token_full	groot_n15_dit_block_residual_full_tokens_denoise	"[""layer"",""denoise_step"",""model_token"",""feature_dim""]"	[7,4,49,1536]	[0,2,4,8,10,12,15]	n15_grid_v5_scenario	grid_coord	meta	meta_json	8daefeabf020/kanu/DishwasherRack/out/s201/n2/base	201	1
8daefeabf020	kanu	DishwasherRack/out	2	3	base	activation	78e1991f6ec21fb3	78e1991f6ec21fb3845c7e6721606a44e0ad7b781839973f429a87d8551b8a27	lerobot_groot_n15	n15	lerobot_groot_n15__robocasa365_ckpt120000		0	Fully slide the top dishwasher rack out.	robocasa_panda_omron/SlideDishwasherRack_PandaOmron_Env	100008	1300003	0	0			5		1	all_token_full	groot_n15_dit_block_residual_full_tokens_denoise	"[""layer"",""denoise_step"",""model_token"",""feature_dim""]"	[7,4,49,1536]	[0,2,4,8,10,12,15]	n15_grid_v5_scenario	grid_coord	meta	meta_json	8daefeabf020/kanu/DishwasherRack/out/s201/n3/base	201	1
8daefeabf020	kanu	DishwasherRack/out	2	4	base	activation	51d83b70c7676767	51d83b70c7676767f9cbc1191b72498b74bfa156ffcebc552f13d23517612b36	lerobot_groot_n15	n15	lerobot_groot_n15__robocasa365_ckpt120000		0	Fully slide the top dishwasher rack out.	robocasa_panda_omron/SlideDishwasherRack_PandaOmron_Env	100008	1300004	0	0			5		1	all_token_full	groot_n15_dit_block_residual_full_tokens_denoise	"[""layer"",""denoise_step"",""model_token"",""feature_dim""]"	[7,4,49,1536]	[0,2,4,8,10,12,15]	n15_grid_v5_scenario	grid_coord	meta	meta_json	8daefeabf020/kanu/DishwasherRack/out/s201/n4/base	201	1
8daefeabf020	kanu	DishwasherRack/out	2	0	base	activation	5e7b32e54a199a88	5e7b32e54a199a88cebf213fc79cf48316cf06f73a49737b055a26441e2e1652	lerobot_groot_n15	n15	lerobot_groot_n15__robocasa365_ckpt120000		0	Fully slide the top dishwasher rack out.	robocasa_panda_omron/SlideDishwasherRack_PandaOmron_Env	100008	1300000	0	0			5		1	all_token_full	groot_n15_dit_block_residual_full_tokens_denoise	"[""layer"",""denoise_step"",""model_token"",""feature_dim""]"	[7,4,49,1536]	[0,2,4,8,10,12,15]	n15_grid_v5_scenario	grid_coord	meta	meta_json	8daefeabf020/kanu/DishwasherRack/out/s202/n0/base	202	2
8daefeabf020	kanu	DishwasherRack/out	2	1	base	activation	7d7ee15fa9c12ef8	7d7ee15fa9c12ef857b8174e3ca9818e9886969dee907a92992bc8b0240e2e6a	lerobot_groot_n15	n15	lerobot_groot_n15__robocasa365_ckpt120000		0	Fully slide the top dishwasher rack out.	robocasa_panda_omron/SlideDishwasherRack_PandaOmron_Env	100008	1300001	0	0			5		1	all_token_full	groot_n15_dit_block_residual_full_tokens_denoise	"[""layer"",""denoise_step"",""model_token"",""feature_dim""]"	[7,4,49,1536]	[0,2,4,8,10,12,15]	n15_grid_v5_scenario	grid_coord	meta	meta_json	8daefeabf020/kanu/DishwasherRack/out/s202/n1/base	202	2
8daefeabf020	kanu	DishwasherRack/out	2	2	base	activation	76bdcc2536ff1b57	76bdcc2536ff1b57dc7f4022a0c40e293a385a160a7e5a38e7f94638a5bddcd3	lerobot_groot_n15	n15	lerobot_groot_n15__robocasa365_ckpt120000		0	Fully slide the top dishwasher rack out.	robocasa_panda_omron/SlideDishwasherRack_PandaOmron_Env	100008	1300002	0	0			5		1	all_token_full	groot_n15_dit_block_residual_full_tokens_denoise	"[""layer"",""denoise_step"",""model_token"",""feature_dim""]"	[7,4,49,1536]	[0,2,4,8,10,12,15]	n15_grid_v5_scenario	grid_coord	meta	meta_json	8daefeabf020/kanu/DishwasherRack/out/s202/n2/base	202	2
8daefeabf020	kanu	DishwasherRack/out	2	3	base	activation	fe8200d4fc7b36d8	fe8200d4fc7b36d8a083dca775211cddedebcc59fcd41b793db6854288cad96e	lerobot_groot_n15	n15	lerobot_groot_n15__robocasa365_ckpt120000		0	Fully slide the top dishwasher rack out.	robocasa_panda_omron/SlideDishwasherRack_PandaOmron_Env	100008	1300003	0	0			5		1	all_token_full	groot_n15_dit_block_residual_full_tokens_denoise	"[""layer"",""denoise_step"",""model_token"",""feature_dim""]"	[7,4,49,1536]	[0,2,4,8,10,12,15]	n15_grid_v5_scenario	grid_coord	meta	meta_json	8daefeabf020/kanu/DishwasherRack/out/s202/n3/base	202	2
8daefeabf020	kanu	DishwasherRack/out	2	4	base	activation	cf316b7bb8b8e0b8	cf316b7bb8b8e0b81fcbe900554ed85c5748e61759e4ccf5039ec7a085e2edba	lerobot_groot_n15	n15	lerobot_groot_n15__robocasa365_ckpt120000		0	Fully slide the top dishwasher rack out.	robocasa_panda_omron/SlideDishwasherRack_PandaOmron_Env	100008	1300004	0	0			5		1	all_token_full	groot_n15_dit_block_residual_full_tokens_denoise	"[""layer"",""denoise_step"",""model_token"",""feature_dim""]"	[7,4,49,1536]	[0,2,4,8,10,12,15]	n15_grid_v5_scenario	grid_coord	meta	meta_json	8daefeabf020/kanu/DishwasherRack/out/s202/n4/base	202	2
8daefeabf020	kanu	DishwasherRack/out	2	0	base	activation	97a82b41e946b4f4	97a82b41e946b4f454a2c32d77eaa4dd72ec78b373112e54718c70ec40a6b4b5	lerobot_groot_n15	n15	lerobot_groot_n15__robocasa365_ckpt120000		0	Fully slide the top dishwasher rack out.	robocasa_panda_omron/SlideDishwasherRack_PandaOmron_Env	100008	1300000	0	0			5		1	all_token_full	groot_n15_dit_block_residual_full_tokens_denoise	"[""layer"",""denoise_step"",""model_token"",""feature_dim""]"	[7,4,49,1536]	[0,2,4,8,10,12,15]	n15_grid_v5_scenario	grid_coord	meta	meta_json	8daefeabf020/kanu/DishwasherRack/out/s203/n0/base	203	3
8daefeabf020	kanu	DishwasherRack/out	2	1	base	activation	9402d6bd10c6dbdf	9402d6bd10c6dbdfdf0d9fbb1497c613b0729fc226ebadbeb53cd2b8eb5e8ed0	lerobot_groot_n15	n15	lerobot_groot_n15__robocasa365_ckpt120000		0	Fully slide the top dishwasher rack out.	robocasa_panda_omron/SlideDishwasherRack_PandaOmron_Env	100008	1300001	0	0			5		1	all_token_full	groot_n15_dit_block_residual_full_tokens_denoise	"[""layer"",""denoise_step"",""model_token"",""feature_dim""]"	[7,4,49,1536]	[0,2,4,8,10,12,15]	n15_grid_v5_scenario	grid_coord	meta	meta_json	8daefeabf020/kanu/DishwasherRack/out/s203/n1/base	203	3
8daefeabf020	kanu	DishwasherRack/out	2	2	base	activation	caa396e50a69ca7c	caa396e50a69ca7cfa0c84ad70b30e2fb0771fdb0f985fe14da14b24cc01a523	lerobot_groot_n15	n15	lerobot_groot_n15__robocasa365_ckpt120000		0	Fully slide the top dishwasher rack out.	robocasa_panda_omron/SlideDishwasherRack_PandaOmron_Env	100008	1300002	0	0			5		1	all_token_full	groot_n15_dit_block_residual_full_tokens_denoise	"[""layer"",""denoise_step"",""model_token"",""feature_dim""]"	[7,4,49,1536]	[0,2,4,8,10,12,15]	n15_grid_v5_scenario	grid_coord	meta	meta_json	8daefeabf020/kanu/DishwasherRack/out/s203/n2/base	203	3
8daefeabf020	kanu	DishwasherRack/out	2	3	base	activation	8e07d499c7b57fd9	8e07d499c7b57fd9182b28cdbd2d4aec33ec8023024dfa28631f32ed8deb71da	lerobot_groot_n15	n15	lerobot_groot_n15__robocasa365_ckpt120000		0	Fully slide the top dishwasher rack out.	robocasa_panda_omron/SlideDishwasherRack_PandaOmron_Env	100008	1300003	0	0			5		1	all_token_full	groot_n15_dit_block_residual_full_tokens_denoise	"[""layer"",""denoise_step"",""model_token"",""feature_dim""]"	[7,4,49,1536]	[0,2,4,8,10,12,15]	n15_grid_v5_scenario	grid_coord	meta	meta_json	8daefeabf020/kanu/DishwasherRack/out/s203/n3/base	203	3
8daefeabf020	kanu	DishwasherRack/out	2	4	base	activation	4965142f0469b788	4965142f0469b788eac482e88d514324ce7f851353663cd1cb441822e5fac3ea	lerobot_groot_n15	n15	lerobot_groot_n15__robocasa365_ckpt120000		0	Fully slide the top dishwasher rack out.	robocasa_panda_omron/SlideDishwasherRack_PandaOmron_Env	100008	1300004	0	0			5		1	all_token_full	groot_n15_dit_block_residual_full_tokens_denoise	"[""layer"",""denoise_step"",""model_token"",""feature_dim""]"	[7,4,49,1536]	[0,2,4,8,10,12,15]	n15_grid_v5_scenario	grid_coord	meta	meta_json	8daefeabf020/kanu/DishwasherRack/out/s203/n4/base	203	3
8daefeabf020	kanu	DishwasherRack/out	2	0	base	activation	d4b1ca6bde538e89	d4b1ca6bde538e89ca7fcc89a2900bfa6ba5a63bbb537286cfdc94dbf794b4aa	lerobot_groot_n15	n15	lerobot_groot_n15__robocasa365_ckpt120000		0	Fully slide the top dishwasher rack out.	robocasa_panda_omron/SlideDishwasherRack_PandaOmron_Env	100008	1300000	0	0			5		1	all_token_full	groot_n15_dit_block_residual_full_tokens_denoise	"[""layer"",""denoise_step"",""model_token"",""feature_dim""]"	[7,4,49,1536]	[0,2,4,8,10,12,15]	n15_grid_v5_scenario	grid_coord	meta	meta_json	8daefeabf020/kanu/DishwasherRack/out/s204/n0/base	204	4
8daefeabf020	kanu	DishwasherRack/out	2	1	base	activation	b9a0b5567f5bc6f4	b9a0b5567f5bc6f428b4c6f1a2fd48ef127699d31c9717109767b459d4a8bb61	lerobot_groot_n15	n15	lerobot_groot_n15__robocasa365_ckpt120000		0	Fully slide the top dishwasher rack out.	robocasa_panda_omron/SlideDishwasherRack_PandaOmron_Env	100008	1300001	0	0			5		1	all_token_full	groot_n15_dit_block_residual_full_tokens_denoise	"[""layer"",""denoise_step"",""model_token"",""feature_dim""]"	[7,4,49,1536]	[0,2,4,8,10,12,15]	n15_grid_v5_scenario	grid_coord	meta	meta_json	8daefeabf020/kanu/DishwasherRack/out/s204/n1/base	204	4
8daefeabf020	kanu	DishwasherRack/out	2	2	base	activation	badff5e04f1780eb	badff5e04f1780eb9aab3f4a7a335987a6406508f02a5da8bda6d9249da9d639	lerobot_groot_n15	n15	lerobot_groot_n15__robocasa365_ckpt120000		0	Fully slide the top dishwasher rack out.	robocasa_panda_omron/SlideDishwasherRack_PandaOmron_Env	100008	1300002	0	0			5		1	all_token_full	groot_n15_dit_block_residual_full_tokens_denoise	"[""layer"",""denoise_step"",""model_token"",""feature_dim""]"	[7,4,49,1536]	[0,2,4,8,10,12,15]	n15_grid_v5_scenario	grid_coord	meta	meta_json	8daefeabf020/kanu/DishwasherRack/out/s204/n2/base	204	4
8daefeabf020	kanu	DishwasherRack/out	2	3	base	activation	22f0b6a5cd123c6d	22f0b6a5cd123c6d6e570a65646b74889d17ce8640f0106a993cf723656f563f	lerobot_groot_n15	n15	lerobot_groot_n15__robocasa365_ckpt120000		0	Fully slide the top dishwasher rack out.	robocasa_panda_omron/SlideDishwasherRack_PandaOmron_Env	100008	1300003	0	0			5		1	all_token_full	groot_n15_dit_block_residual_full_tokens_denoise	"[""layer"",""denoise_step"",""model_token"",""feature_dim""]"	[7,4,49,1536]	[0,2,4,8,10,12,15]	n15_grid_v5_scenario	grid_coord	meta	meta_json	8daefeabf020/kanu/DishwasherRack/out/s204/n3/base	204	4
8daefeabf020	kanu	DishwasherRack/out	2	4	base	activation	d201728f00e4c7b7	d201728f00e4c7b7fd7a73b911271da78a16456538c30845303e4945b2e04b45	lerobot_groot_n15	n15	lerobot_groot_n15__robocasa365_ckpt120000		0	Fully slide the top dishwasher rack out.	robocasa_panda_omron/SlideDishwasherRack_PandaOmron_Env	100008	1300004	0	0			5		1	all_token_full	groot_n15_dit_block_residual_full_tokens_denoise	"[""layer"",""denoise_step"",""model_token"",""feature_dim""]"	[7,4,49,1536]	[0,2,4,8,10,12,15]	n15_grid_v5_scenario	grid_coord	meta	meta_json	8daefeabf020/kanu/DishwasherRack/out/s204/n4/base	204	4
8daefeabf020	kanu	DishwasherRack/out	0	0	base	activation	8192245ba14be495	8192245ba14be495f06cf6ca1b23216847c6b18503b9547724b974c5962dff10	lerobot_groot_n15	n15	lerobot_groot_n15__robocasa365_ckpt120000		0	Fully slide the top dishwasher rack out.	robocasa_panda_omron/SlideDishwasherRack_PandaOmron_Env	100000	1300000	0	0			5		1	all_token_full	groot_n15_dit_block_residual_full_tokens_denoise	"[""layer"",""denoise_step"",""model_token"",""feature_dim""]"	[7,4,49,1536]	[0,2,4,8,10,12,15]	n15_grid_v5_scenario	grid_coord	meta	meta_json	8daefeabf020/kanu/DishwasherRack/out/s3/n0/base	3	3
8daefeabf020	kanu	DishwasherRack/out	0	1	base	activation	89843e2c1098efed	89843e2c1098efed5479139c84da9ebe79194c84de529e6d16fb5445721812c6	lerobot_groot_n15	n15	lerobot_groot_n15__robocasa365_ckpt120000		0	Fully slide the top dishwasher rack out.	robocasa_panda_omron/SlideDishwasherRack_PandaOmron_Env	100000	1300001	0	0			5		1	all_token_full	groot_n15_dit_block_residual_full_tokens_denoise	"[""layer"",""denoise_step"",""model_token"",""feature_dim""]"	[7,4,49,1536]	[0,2,4,8,10,12,15]	n15_grid_v5_scenario	grid_coord	meta	meta_json	8daefeabf020/kanu/DishwasherRack/out/s3/n1/base	3	3
8daefeabf020	kanu	DishwasherRack/out	0	2	base	activation	5f0b353ae8d9f747	5f0b353ae8d9f747562a9a240867cf2d2431b9d02e7b3da48645352256bf1b2f	lerobot_groot_n15	n15	lerobot_groot_n15__robocasa365_ckpt120000		0	Fully slide the top dishwasher rack out.	robocasa_panda_omron/SlideDishwasherRack_PandaOmron_Env	100000	1300002	0	0			5		1	all_token_full	groot_n15_dit_block_residual_full_tokens_denoise	"[""layer"",""denoise_step"",""model_token"",""feature_dim""]"	[7,4,49,1536]	[0,2,4,8,10,12,15]	n15_grid_v5_scenario	grid_coord	meta	meta_json	8daefeabf020/kanu/DishwasherRack/out/s3/n2/base	3	3
8daefeabf020	kanu	DishwasherRack/out	0	3	base	activation	a585799d90aaf7eb	a585799d90aaf7eba2b5956b039dc69df346d0b810005c998f15121fd83e5ed4	lerobot_groot_n15	n15	lerobot_groot_n15__robocasa365_ckpt120000		0	Fully slide the top dishwasher rack out.	robocasa_panda_omron/SlideDishwasherRack_PandaOmron_Env	100000	1300003	0	0			5		1	all_token_full	groot_n15_dit_block_residual_full_tokens_denoise	"[""layer"",""denoise_step"",""model_token"",""feature_dim""]"	[7,4,49,1536]	[0,2,4,8,10,12,15]	n15_grid_v5_scenario	grid_coord	meta	meta_json	8daefeabf020/kanu/DishwasherRack/out/s3/n3/base	3	3
8daefeabf020	kanu	DishwasherRack/out	0	4	base	activation	3932dc73f992aca8	3932dc73f992aca880da1441121f237ae0b0441362f888220b14cf1c34d48ce2	lerobot_groot_n15	n15	lerobot_groot_n15__robocasa365_ckpt120000		0	Fully slide the top dishwasher rack out.	robocasa_panda_omron/SlideDishwasherRack_PandaOmron_Env	100000	1300004	0	0			5		1	all_token_full	groot_n15_dit_block_residual_full_tokens_denoise	"[""layer"",""denoise_step"",""model_token"",""feature_dim""]"	[7,4,49,1536]	[0,2,4,8,10,12,15]	n15_grid_v5_scenario	grid_coord	meta	meta_json	8daefeabf020/kanu/DishwasherRack/out/s3/n4/base	3	3
8daefeabf020	kanu	DishwasherRack/out	3	0	base	activation	eb44650df93b7cc2	eb44650df93b7cc2e4db1b03587daa4aea7a3ffe853ac4e61cab69da280dedee	lerobot_groot_n15	n15	lerobot_groot_n15__robocasa365_ckpt120000		0	Fully slide the top dishwasher rack out.	robocasa_panda_omron/SlideDishwasherRack_PandaOmron_Env	100010	1300000	0	1			5		1	all_token_full	groot_n15_dit_block_residual_full_tokens_denoise	"[""layer"",""denoise_step"",""model_token"",""feature_dim""]"	[7,4,49,1536]	[0,2,4,8,10,12,15]	n15_grid_v5_scenario	grid_coord	meta	meta_json	8daefeabf020/kanu/DishwasherRack/out/s300/n0/base	300	0
8daefeabf020	kanu	DishwasherRack/out	3	1	base	activation	8c0afbaa512c519c	8c0afbaa512c519c96e239acd5f5f01a5fe5366457d9f9ad6b675d1d9d124673	lerobot_groot_n15	n15	lerobot_groot_n15__robocasa365_ckpt120000		0	Fully slide the top dishwasher rack out.	robocasa_panda_omron/SlideDishwasherRack_PandaOmron_Env	100010	1300001	0	1			5		1	all_token_full	groot_n15_dit_block_residual_full_tokens_denoise	"[""layer"",""denoise_step"",""model_token"",""feature_dim""]"	[7,4,49,1536]	[0,2,4,8,10,12,15]	n15_grid_v5_scenario	grid_coord	meta	meta_json	8daefeabf020/kanu/DishwasherRack/out/s300/n1/base	300	0
8daefeabf020	kanu	DishwasherRack/out	3	2	base	activation	470c6ab8aa1dc17d	470c6ab8aa1dc17d8db9e5a8ed6542c35c2bbbb2d882dbb625a16e46e3168307	lerobot_groot_n15	n15	lerobot_groot_n15__robocasa365_ckpt120000		0	Fully slide the top dishwasher rack out.	robocasa_panda_omron/SlideDishwasherRack_PandaOmron_Env	100010	1300002	0	1			5		1	all_token_full	groot_n15_dit_block_residual_full_tokens_denoise	"[""layer"",""denoise_step"",""model_token"",""feature_dim""]"	[7,4,49,1536]	[0,2,4,8,10,12,15]	n15_grid_v5_scenario	grid_coord	meta	meta_json	8daefeabf020/kanu/DishwasherRack/out/s300/n2/base	300	0
8daefeabf020	kanu	DishwasherRack/out	3	3	base	activation	7f62b222efc5f6c5	7f62b222efc5f6c5c9abbca0871013e03b45e977edbd0188daff62c648f939a6	lerobot_groot_n15	n15	lerobot_groot_n15__robocasa365_ckpt120000		0	Fully slide the top dishwasher rack out.	robocasa_panda_omron/SlideDishwasherRack_PandaOmron_Env	100010	1300003	0	1			5		1	all_token_full	groot_n15_dit_block_residual_full_tokens_denoise	"[""layer"",""denoise_step"",""model_token"",""feature_dim""]"	[7,4,49,1536]	[0,2,4,8,10,12,15]	n15_grid_v5_scenario	grid_coord	meta	meta_json	8daefeabf020/kanu/DishwasherRack/out/s300/n3/base	300	0
8daefeabf020	kanu	DishwasherRack/out	3	4	base	activation	6141f1cd92057050	6141f1cd920570501f402a4cc176bed76c5d364039b7c58b606e8ca6a0580b32	lerobot_groot_n15	n15	lerobot_groot_n15__robocasa365_ckpt120000		0	Fully slide the top dishwasher rack out.	robocasa_panda_omron/SlideDishwasherRack_PandaOmron_Env	100010	1300004	0	1			5		1	all_token_full	groot_n15_dit_block_residual_full_tokens_denoise	"[""layer"",""denoise_step"",""model_token"",""feature_dim""]"	[7,4,49,1536]	[0,2,4,8,10,12,15]	n15_grid_v5_scenario	grid_coord	meta	meta_json	8daefeabf020/kanu/DishwasherRack/out/s300/n4/base	300	0
8daefeabf020	kanu	DishwasherRack/out	3	0	base	activation	d910254710e7aa2a	d910254710e7aa2aaf961ce9c9db13f8da9b46c042739cc1ecb24ddfd96022a1	lerobot_groot_n15	n15	lerobot_groot_n15__robocasa365_ckpt120000		0	Fully slide the top dishwasher rack out.	robocasa_panda_omron/SlideDishwasherRack_PandaOmron_Env	100010	1300000	0	1			5		1	all_token_full	groot_n15_dit_block_residual_full_tokens_denoise	"[""layer"",""denoise_step"",""model_token"",""feature_dim""]"	[7,4,49,1536]	[0,2,4,8,10,12,15]	n15_grid_v5_scenario	grid_coord	meta	meta_json	8daefeabf020/kanu/DishwasherRack/out/s301/n0/base	301	1
8daefeabf020	kanu	DishwasherRack/out	3	1	base	activation	39176db65aee9769	39176db65aee9769f7e7bfa1b0ffbf0edf11fef3a3d405d882f8034306f8cca8	lerobot_groot_n15	n15	lerobot_groot_n15__robocasa365_ckpt120000		0	Fully slide the top dishwasher rack out.	robocasa_panda_omron/SlideDishwasherRack_PandaOmron_Env	100010	1300001	0	1			5		1	all_token_full	groot_n15_dit_block_residual_full_tokens_denoise	"[""layer"",""denoise_step"",""model_token"",""feature_dim""]"	[7,4,49,1536]	[0,2,4,8,10,12,15]	n15_grid_v5_scenario	grid_coord	meta	meta_json	8daefeabf020/kanu/DishwasherRack/out/s301/n1/base	301	1
8daefeabf020	kanu	DishwasherRack/out	3	2	base	activation	21522831199227af	21522831199227afd8b9e086ab2189b273e4c938bd7651836213ded6d65fe1a4	lerobot_groot_n15	n15	lerobot_groot_n15__robocasa365_ckpt120000		0	Fully slide the top dishwasher rack out.	robocasa_panda_omron/SlideDishwasherRack_PandaOmron_Env	100010	1300002	0	1			5		1	all_token_full	groot_n15_dit_block_residual_full_tokens_denoise	"[""layer"",""denoise_step"",""model_token"",""feature_dim""]"	[7,4,49,1536]	[0,2,4,8,10,12,15]	n15_grid_v5_scenario	grid_coord	meta	meta_json	8daefeabf020/kanu/DishwasherRack/out/s301/n2/base	301	1
8daefeabf020	kanu	DishwasherRack/out	3	3	base	activation	391f681ca722385c	391f681ca722385c32033a30bed05a60248043f02c15512a855aaf1b4c211b5e	lerobot_groot_n15	n15	lerobot_groot_n15__robocasa365_ckpt120000		0	Fully slide the top dishwasher rack out.	robocasa_panda_omron/SlideDishwasherRack_PandaOmron_Env	100010	1300003	0	1			5		1	all_token_full	groot_n15_dit_block_residual_full_tokens_denoise	"[""layer"",""denoise_step"",""model_token"",""feature_dim""]"	[7,4,49,1536]	[0,2,4,8,10,12,15]	n15_grid_v5_scenario	grid_coord	meta	meta_json	8daefeabf020/kanu/DishwasherRack/out/s301/n3/base	301	1
8daefeabf020	kanu	DishwasherRack/out	3	4	base	activation	0e073f8c2f268875	0e073f8c2f268875b0563e8e4ccaa70b85721fdb2563a0c0769db1aba0fb0666	lerobot_groot_n15	n15	lerobot_groot_n15__robocasa365_ckpt120000		0	Fully slide the top dishwasher rack out.	robocasa_panda_omron/SlideDishwasherRack_PandaOmron_Env	100010	1300004	0	1			5		1	all_token_full	groot_n15_dit_block_residual_full_tokens_denoise	"[""layer"",""denoise_step"",""model_token"",""feature_dim""]"	[7,4,49,1536]	[0,2,4,8,10,12,15]	n15_grid_v5_scenario	grid_coord	meta	meta_json	8daefeabf020/kanu/DishwasherRack/out/s301/n4/base	301	1
8daefeabf020	kanu	DishwasherRack/out	3	0	base	activation	3129ffa3e03c73b8	3129ffa3e03c73b8e1af0d33b46b2510a62ad906525cb9a337d6bc4c7dcd58c3	lerobot_groot_n15	n15	lerobot_groot_n15__robocasa365_ckpt120000		0	Fully slide the top dishwasher rack out.	robocasa_panda_omron/SlideDishwasherRack_PandaOmron_Env	100010	1300000	0	1			5		1	all_token_full	groot_n15_dit_block_residual_full_tokens_denoise	"[""layer"",""denoise_step"",""model_token"",""feature_dim""]"	[7,4,49,1536]	[0,2,4,8,10,12,15]	n15_grid_v5_scenario	grid_coord	meta	meta_json	8daefeabf020/kanu/DishwasherRack/out/s302/n0/base	302	2
8daefeabf020	kanu	DishwasherRack/out	3	1	base	activation	593a20e7438e0aab	593a20e7438e0aab75cf00738578b6f0d44abe44dd259ab9d5f6c160ccdd0a62	lerobot_groot_n15	n15	lerobot_groot_n15__robocasa365_ckpt120000		0	Fully slide the top dishwasher rack out.	robocasa_panda_omron/SlideDishwasherRack_PandaOmron_Env	100010	1300001	0	1			5		1	all_token_full	groot_n15_dit_block_residual_full_tokens_denoise	"[""layer"",""denoise_step"",""model_token"",""feature_dim""]"	[7,4,49,1536]	[0,2,4,8,10,12,15]	n15_grid_v5_scenario	grid_coord	meta	meta_json	8daefeabf020/kanu/DishwasherRack/out/s302/n1/base	302	2
8daefeabf020	kanu	DishwasherRack/out	3	2	base	activation	66ed9f9d0359697c	66ed9f9d0359697c057f77d87ee08d3ab79fa834a63b97bd04bfd300c8df7b52	lerobot_groot_n15	n15	lerobot_groot_n15__robocasa365_ckpt120000		0	Fully slide the top dishwasher rack out.	robocasa_panda_omron/SlideDishwasherRack_PandaOmron_Env	100010	1300002	0	1			5		1	all_token_full	groot_n15_dit_block_residual_full_tokens_denoise	"[""layer"",""denoise_step"",""model_token"",""feature_dim""]"	[7,4,49,1536]	[0,2,4,8,10,12,15]	n15_grid_v5_scenario	grid_coord	meta	meta_json	8daefeabf020/kanu/DishwasherRack/out/s302/n2/base	302	2
8daefeabf020	kanu	DishwasherRack/out	3	3	base	activation	b6ba613e3a1e3b89	b6ba613e3a1e3b8974df983b90eff66bf8f0e886440c8c64533bb548a7cd2edb	lerobot_groot_n15	n15	lerobot_groot_n15__robocasa365_ckpt120000		0	Fully slide the top dishwasher rack out.	robocasa_panda_omron/SlideDishwasherRack_PandaOmron_Env	100010	1300003	0	1			5		1	all_token_full	groot_n15_dit_block_residual_full_tokens_denoise	"[""layer"",""denoise_step"",""model_token"",""feature_dim""]"	[7,4,49,1536]	[0,2,4,8,10,12,15]	n15_grid_v5_scenario	grid_coord	meta	meta_json	8daefeabf020/kanu/DishwasherRack/out/s302/n3/base	302	2
8daefeabf020	kanu	DishwasherRack/out	3	4	base	activation	5aba88c571cbcb23	5aba88c571cbcb23d16f14aa5c803d5030b7f7cc65bfcc2de0c181fc723f9c8e	lerobot_groot_n15	n15	lerobot_groot_n15__robocasa365_ckpt120000		0	Fully slide the top dishwasher rack out.	robocasa_panda_omron/SlideDishwasherRack_PandaOmron_Env	100010	1300004	0	0			5		1	all_token_full	groot_n15_dit_block_residual_full_tokens_denoise	"[""layer"",""denoise_step"",""model_token"",""feature_dim""]"	[7,4,49,1536]	[0,2,4,8,10,12,15]	n15_grid_v5_scenario	grid_coord	meta	meta_json	8daefeabf020/kanu/DishwasherRack/out/s302/n4/base	302	2
8daefeabf020	kanu	DishwasherRack/out	3	0	base	activation	2381cab77d1a04d0	2381cab77d1a04d0a3e7f05b485dd63591ad0b99f24d4336759e66cb1e0bbaaa	lerobot_groot_n15	n15	lerobot_groot_n15__robocasa365_ckpt120000		0	Fully slide the top dishwasher rack out.	robocasa_panda_omron/SlideDishwasherRack_PandaOmron_Env	100010	1300000	0	0			5		1	all_token_full	groot_n15_dit_block_residual_full_tokens_denoise	"[""layer"",""denoise_step"",""model_token"",""feature_dim""]"	[7,4,49,1536]	[0,2,4,8,10,12,15]	n15_grid_v5_scenario	grid_coord	meta	meta_json	8daefeabf020/kanu/DishwasherRack/out/s303/n0/base	303	3
8daefeabf020	kanu	DishwasherRack/out	3	1	base	activation	ba020af854cdec60	ba020af854cdec6026116ba81f5ba4894a7c1c0bc8e38d12c43641f73e9e2494	lerobot_groot_n15	n15	lerobot_groot_n15__robocasa365_ckpt120000		0	Fully slide the top dishwasher rack out.	robocasa_panda_omron/SlideDishwasherRack_PandaOmron_Env	100010	1300001	0	1			5		1	all_token_full	groot_n15_dit_block_residual_full_tokens_denoise	"[""layer"",""denoise_step"",""model_token"",""feature_dim""]"	[7,4,49,1536]	[0,2,4,8,10,12,15]	n15_grid_v5_scenario	grid_coord	meta	meta_json	8daefeabf020/kanu/DishwasherRack/out/s303/n1/base	303	3
8daefeabf020	kanu	DishwasherRack/out	3	2	base	activation	07b2965bf7a66a8c	07b2965bf7a66a8c856a7ffd64064452379461752926ca32e1bb254bf882db37	lerobot_groot_n15	n15	lerobot_groot_n15__robocasa365_ckpt120000		0	Fully slide the top dishwasher rack out.	robocasa_panda_omron/SlideDishwasherRack_PandaOmron_Env	100010	1300002	0	1			5		1	all_token_full	groot_n15_dit_block_residual_full_tokens_denoise	"[""layer"",""denoise_step"",""model_token"",""feature_dim""]"	[7,4,49,1536]	[0,2,4,8,10,12,15]	n15_grid_v5_scenario	grid_coord	meta	meta_json	8daefeabf020/kanu/DishwasherRack/out/s303/n2/base	303	3
8daefeabf020	kanu	DishwasherRack/out	3	3	base	activation	137dafb33d27f1e8	137dafb33d27f1e8249780c554001751081cd785b8648e0232c8829a501e7a34	lerobot_groot_n15	n15	lerobot_groot_n15__robocasa365_ckpt120000		0	Fully slide the top dishwasher rack out.	robocasa_panda_omron/SlideDishwasherRack_PandaOmron_Env	100010	1300003	0	1			5		1	all_token_full	groot_n15_dit_block_residual_full_tokens_denoise	"[""layer"",""denoise_step"",""model_token"",""feature_dim""]"	[7,4,49,1536]	[0,2,4,8,10,12,15]	n15_grid_v5_scenario	grid_coord	meta	meta_json	8daefeabf020/kanu/DishwasherRack/out/s303/n3/base	303	3
8daefeabf020	kanu	DishwasherRack/out	3	4	base	activation	3eb7d30653d5f212	3eb7d30653d5f212081aa0ffe935f588dc242fb30d0b78b985a0d38f2926b818	lerobot_groot_n15	n15	lerobot_groot_n15__robocasa365_ckpt120000		0	Fully slide the top dishwasher rack out.	robocasa_panda_omron/SlideDishwasherRack_PandaOmron_Env	100010	1300004	0	1			5		1	all_token_full	groot_n15_dit_block_residual_full_tokens_denoise	"[""layer"",""denoise_step"",""model_token"",""feature_dim""]"	[7,4,49,1536]	[0,2,4,8,10,12,15]	n15_grid_v5_scenario	grid_coord	meta	meta_json	8daefeabf020/kanu/DishwasherRack/out/s303/n4/base	303	3
8daefeabf020	kanu	DishwasherRack/out	3	0	base	activation	d46fb6e6c94e4f98	d46fb6e6c94e4f98b498c6b06b7839cf07642313e4968d560991faffb71d0bf6	lerobot_groot_n15	n15	lerobot_groot_n15__robocasa365_ckpt120000		0	Fully slide the top dishwasher rack out.	robocasa_panda_omron/SlideDishwasherRack_PandaOmron_Env	100010	1300000	0	1			5		1	all_token_full	groot_n15_dit_block_residual_full_tokens_denoise	"[""layer"",""denoise_step"",""model_token"",""feature_dim""]"	[7,4,49,1536]	[0,2,4,8,10,12,15]	n15_grid_v5_scenario	grid_coord	meta	meta_json	8daefeabf020/kanu/DishwasherRack/out/s304/n0/base	304	4
8daefeabf020	kanu	DishwasherRack/out	3	1	base	activation	b2dce85835d28fdc	b2dce85835d28fdc94c5e3dc80671c18877c61d7d1ef4b7fb0fc8fe1be436ea4	lerobot_groot_n15	n15	lerobot_groot_n15__robocasa365_ckpt120000		0	Fully slide the top dishwasher rack out.	robocasa_panda_omron/SlideDishwasherRack_PandaOmron_Env	100010	1300001	0	1			5		1	all_token_full	groot_n15_dit_block_residual_full_tokens_denoise	"[""layer"",""denoise_step"",""model_token"",""feature_dim""]"	[7,4,49,1536]	[0,2,4,8,10,12,15]	n15_grid_v5_scenario	grid_coord	meta	meta_json	8daefeabf020/kanu/DishwasherRack/out/s304/n1/base	304	4
8daefeabf020	kanu	DishwasherRack/out	3	2	base	activation	ce4bcfe23ea34c7e	ce4bcfe23ea34c7e8c80a991653f4f3115ff191f7382f4c518696af783b7dbd5	lerobot_groot_n15	n15	lerobot_groot_n15__robocasa365_ckpt120000		0	Fully slide the top dishwasher rack out.	robocasa_panda_omron/SlideDishwasherRack_PandaOmron_Env	100010	1300002	0	1			5		1	all_token_full	groot_n15_dit_block_residual_full_tokens_denoise	"[""layer"",""denoise_step"",""model_token"",""feature_dim""]"	[7,4,49,1536]	[0,2,4,8,10,12,15]	n15_grid_v5_scenario	grid_coord	meta	meta_json	8daefeabf020/kanu/DishwasherRack/out/s304/n2/base	304	4
8daefeabf020	kanu	DishwasherRack/out	3	3	base	activation	9b0fd990aab1546f	9b0fd990aab1546f2991bc056163291690134ddeb57f4d9e3ecf1e1c55a58a10	lerobot_groot_n15	n15	lerobot_groot_n15__robocasa365_ckpt120000		0	Fully slide the top dishwasher rack out.	robocasa_panda_omron/SlideDishwasherRack_PandaOmron_Env	100010	1300003	0	1			5		1	all_token_full	groot_n15_dit_block_residual_full_tokens_denoise	"[""layer"",""denoise_step"",""model_token"",""feature_dim""]"	[7,4,49,1536]	[0,2,4,8,10,12,15]	n15_grid_v5_scenario	grid_coord	meta	meta_json	8daefeabf020/kanu/DishwasherRack/out/s304/n3/base	304	4
8daefeabf020	kanu	DishwasherRack/out	3	4	base	activation	8ee9b582200209d6	8ee9b582200209d62a727c9d17b740e0f0ec0ef4db364629ec58256ce8701d8b	lerobot_groot_n15	n15	lerobot_groot_n15__robocasa365_ckpt120000		0	Fully slide the top dishwasher rack out.	robocasa_panda_omron/SlideDishwasherRack_PandaOmron_Env	100010	1300004	0	1			5		1	all_token_full	groot_n15_dit_block_residual_full_tokens_denoise	"[""layer"",""denoise_step"",""model_token"",""feature_dim""]"	[7,4,49,1536]	[0,2,4,8,10,12,15]	n15_grid_v5_scenario	grid_coord	meta	meta_json	8daefeabf020/kanu/DishwasherRack/out/s304/n4/base	304	4
8daefeabf020	kanu	DishwasherRack/out	0	0	base	activation	45879b9523cb392a	45879b9523cb392a7da6e28a8b2e94eb4a67309f70431b19ba82623d7f0fef44	lerobot_groot_n15	n15	lerobot_groot_n15__robocasa365_ckpt120000		0	Fully slide the top dishwasher rack out.	robocasa_panda_omron/SlideDishwasherRack_PandaOmron_Env	100000	1300000	0	0			5		1	all_token_full	groot_n15_dit_block_residual_full_tokens_denoise	"[""layer"",""denoise_step"",""model_token"",""feature_dim""]"	[7,4,49,1536]	[0,2,4,8,10,12,15]	n15_grid_v5_scenario	grid_coord	meta	meta_json	8daefeabf020/kanu/DishwasherRack/out/s4/n0/base	4	4
8daefeabf020	kanu	DishwasherRack/out	0	1	base	activation	eca4342069c88fdd	eca4342069c88fdd6dbf9534c4bf6f68321e6f27e6c63e698047ec94a2f5a549	lerobot_groot_n15	n15	lerobot_groot_n15__robocasa365_ckpt120000		0	Fully slide the top dishwasher rack out.	robocasa_panda_omron/SlideDishwasherRack_PandaOmron_Env	100000	1300001	0	0			5		1	all_token_full	groot_n15_dit_block_residual_full_tokens_denoise	"[""layer"",""denoise_step"",""model_token"",""feature_dim""]"	[7,4,49,1536]	[0,2,4,8,10,12,15]	n15_grid_v5_scenario	grid_coord	meta	meta_json	8daefeabf020/kanu/DishwasherRack/out/s4/n1/base	4	4
8daefeabf020	kanu	DishwasherRack/out	0	2	base	activation	b7529561f6b223ff	b7529561f6b223ffaa36e0f5bfd618220088e30ef60a984c1e279bdb4066ea14	lerobot_groot_n15	n15	lerobot_groot_n15__robocasa365_ckpt120000		0	Fully slide the top dishwasher rack out.	robocasa_panda_omron/SlideDishwasherRack_PandaOmron_Env	100000	1300002	0	0			5		1	all_token_full	groot_n15_dit_block_residual_full_tokens_denoise	"[""layer"",""denoise_step"",""model_token"",""feature_dim""]"	[7,4,49,1536]	[0,2,4,8,10,12,15]	n15_grid_v5_scenario	grid_coord	meta	meta_json	8daefeabf020/kanu/DishwasherRack/out/s4/n2/base	4	4
8daefeabf020	kanu	DishwasherRack/out	0	3	base	activation	b848b121bcfab3cd	b848b121bcfab3cdaf34fc3b8288a75e5bfe1cada5411634734fda706a20af94	lerobot_groot_n15	n15	lerobot_groot_n15__robocasa365_ckpt120000		0	Fully slide the top dishwasher rack out.	robocasa_panda_omron/SlideDishwasherRack_PandaOmron_Env	100000	1300003	0	0			5		1	all_token_full	groot_n15_dit_block_residual_full_tokens_denoise	"[""layer"",""denoise_step"",""model_token"",""feature_dim""]"	[7,4,49,1536]	[0,2,4,8,10,12,15]	n15_grid_v5_scenario	grid_coord	meta	meta_json	8daefeabf020/kanu/DishwasherRack/out/s4/n3/base	4	4
8daefeabf020	kanu	DishwasherRack/out	0	4	base	activation	85e726f25b00206b	85e726f25b00206be796a8f79e8dbfeb41d820750031d5141d29a896dd5c86d7	lerobot_groot_n15	n15	lerobot_groot_n15__robocasa365_ckpt120000		0	Fully slide the top dishwasher rack out.	robocasa_panda_omron/SlideDishwasherRack_PandaOmron_Env	100000	1300004	0	0			5		1	all_token_full	groot_n15_dit_block_residual_full_tokens_denoise	"[""layer"",""denoise_step"",""model_token"",""feature_dim""]"	[7,4,49,1536]	[0,2,4,8,10,12,15]	n15_grid_v5_scenario	grid_coord	meta	meta_json	8daefeabf020/kanu/DishwasherRack/out/s4/n4/base	4	4
8daefeabf020	kanu	DishwasherRack/out	4	0	base	activation	0192f9bcc567b375	0192f9bcc567b37598734f39a8514a211d91b789079bca55c8d9682e0f43db69	lerobot_groot_n15	n15	lerobot_groot_n15__robocasa365_ckpt120000		0	Fully slide the top dishwasher rack out.	robocasa_panda_omron/SlideDishwasherRack_PandaOmron_Env	100011	1300000	0	1			5		1	all_token_full	groot_n15_dit_block_residual_full_tokens_denoise	"[""layer"",""denoise_step"",""model_token"",""feature_dim""]"	[7,4,49,1536]	[0,2,4,8,10,12,15]	n15_grid_v5_scenario	grid_coord	meta	meta_json	8daefeabf020/kanu/DishwasherRack/out/s400/n0/base	400	0
8daefeabf020	kanu	DishwasherRack/out	4	1	base	activation	91a43209c5de52a1	91a43209c5de52a1526d393a34ead8fe5d5c2c39c62467b671f89d787ed3ea03	lerobot_groot_n15	n15	lerobot_groot_n15__robocasa365_ckpt120000		0	Fully slide the top dishwasher rack out.	robocasa_panda_omron/SlideDishwasherRack_PandaOmron_Env	100011	1300001	0	0			5		1	all_token_full	groot_n15_dit_block_residual_full_tokens_denoise	"[""layer"",""denoise_step"",""model_token"",""feature_dim""]"	[7,4,49,1536]	[0,2,4,8,10,12,15]	n15_grid_v5_scenario	grid_coord	meta	meta_json	8daefeabf020/kanu/DishwasherRack/out/s400/n1/base	400	0
8daefeabf020	kanu	DishwasherRack/out	4	2	base	activation	69e2fd233fca2180	69e2fd233fca21807478cd58db123ade93cfac53f37bfe3a4f82d82b9f80bdb8	lerobot_groot_n15	n15	lerobot_groot_n15__robocasa365_ckpt120000		0	Fully slide the top dishwasher rack out.	robocasa_panda_omron/SlideDishwasherRack_PandaOmron_Env	100011	1300002	0	0			5		1	all_token_full	groot_n15_dit_block_residual_full_tokens_denoise	"[""layer"",""denoise_step"",""model_token"",""feature_dim""]"	[7,4,49,1536]	[0,2,4,8,10,12,15]	n15_grid_v5_scenario	grid_coord	meta	meta_json	8daefeabf020/kanu/DishwasherRack/out/s400/n2/base	400	0
8daefeabf020	kanu	DishwasherRack/out	4	3	base	activation	b8240cd67fe41b5b	b8240cd67fe41b5b883cb5e67f18753d46aef71ddf3a15b22bc43d0d91b0b24c	lerobot_groot_n15	n15	lerobot_groot_n15__robocasa365_ckpt120000		0	Fully slide the top dishwasher rack out.	robocasa_panda_omron/SlideDishwasherRack_PandaOmron_Env	100011	1300003	0	1			5		1	all_token_full	groot_n15_dit_block_residual_full_tokens_denoise	"[""layer"",""denoise_step"",""model_token"",""feature_dim""]"	[7,4,49,1536]	[0,2,4,8,10,12,15]	n15_grid_v5_scenario	grid_coord	meta	meta_json	8daefeabf020/kanu/DishwasherRack/out/s400/n3/base	400	0
8daefeabf020	kanu	DishwasherRack/out	4	4	base	activation	265e88c882dd4e82	265e88c882dd4e826cd8177c9aaa183c6ca2029d7251bd28c905c7159718c38c	lerobot_groot_n15	n15	lerobot_groot_n15__robocasa365_ckpt120000		0	Fully slide the top dishwasher rack out.	robocasa_panda_omron/SlideDishwasherRack_PandaOmron_Env	100011	1300004	0	1			5		1	all_token_full	groot_n15_dit_block_residual_full_tokens_denoise	"[""layer"",""denoise_step"",""model_token"",""feature_dim""]"	[7,4,49,1536]	[0,2,4,8,10,12,15]	n15_grid_v5_scenario	grid_coord	meta	meta_json	8daefeabf020/kanu/DishwasherRack/out/s400/n4/base	400	0
8daefeabf020	kanu	DishwasherRack/out	4	0	base	activation	c92f8b2f3dba52c5	c92f8b2f3dba52c53498ec58e31f63065cc4c7c6eedce56ac8029e0b4055da47	lerobot_groot_n15	n15	lerobot_groot_n15__robocasa365_ckpt120000		0	Fully slide the top dishwasher rack out.	robocasa_panda_omron/SlideDishwasherRack_PandaOmron_Env	100011	1300000	0	1			5		1	all_token_full	groot_n15_dit_block_residual_full_tokens_denoise	"[""layer"",""denoise_step"",""model_token"",""feature_dim""]"	[7,4,49,1536]	[0,2,4,8,10,12,15]	n15_grid_v5_scenario	grid_coord	meta	meta_json	8daefeabf020/kanu/DishwasherRack/out/s401/n0/base	401	1
8daefeabf020	kanu	DishwasherRack/out	4	1	base	activation	9e8869c4388b9d79	9e8869c4388b9d79820f0b09609a35355fe4d37e77bdfed2019f1e1f6a2f2801	lerobot_groot_n15	n15	lerobot_groot_n15__robocasa365_ckpt120000		0	Fully slide the top dishwasher rack out.	robocasa_panda_omron/SlideDishwasherRack_PandaOmron_Env	100011	1300001	0	1			5		1	all_token_full	groot_n15_dit_block_residual_full_tokens_denoise	"[""layer"",""denoise_step"",""model_token"",""feature_dim""]"	[7,4,49,1536]	[0,2,4,8,10,12,15]	n15_grid_v5_scenario	grid_coord	meta	meta_json	8daefeabf020/kanu/DishwasherRack/out/s401/n1/base	401	1
8daefeabf020	kanu	DishwasherRack/out	4	2	base	activation	7d2433c330082845	7d2433c330082845c6898d5b911c5f45a3c45f1bc87df7e69bda8b9bc15528b7	lerobot_groot_n15	n15	lerobot_groot_n15__robocasa365_ckpt120000		0	Fully slide the top dishwasher rack out.	robocasa_panda_omron/SlideDishwasherRack_PandaOmron_Env	100011	1300002	0	1			5		1	all_token_full	groot_n15_dit_block_residual_full_tokens_denoise	"[""layer"",""denoise_step"",""model_token"",""feature_dim""]"	[7,4,49,1536]	[0,2,4,8,10,12,15]	n15_grid_v5_scenario	grid_coord	meta	meta_json	8daefeabf020/kanu/DishwasherRack/out/s401/n2/base	401	1
8daefeabf020	kanu	DishwasherRack/out	4	3	base	activation	c2cffb5a91a87a79	c2cffb5a91a87a79ea820db849eed4e9bf203aea14dea02e50bb42b7bed54be0	lerobot_groot_n15	n15	lerobot_groot_n15__robocasa365_ckpt120000		0	Fully slide the top dishwasher rack out.	robocasa_panda_omron/SlideDishwasherRack_PandaOmron_Env	100011	1300003	0	0			5		1	all_token_full	groot_n15_dit_block_residual_full_tokens_denoise	"[""layer"",""denoise_step"",""model_token"",""feature_dim""]"	[7,4,49,1536]	[0,2,4,8,10,12,15]	n15_grid_v5_scenario	grid_coord	meta	meta_json	8daefeabf020/kanu/DishwasherRack/out/s401/n3/base	401	1
8daefeabf020	kanu	DishwasherRack/out	4	4	base	activation	5f0b3d50e2019a2b	5f0b3d50e2019a2bcefd0949fbdbb6da87ab346be8928bc67ed9da98d382bc81	lerobot_groot_n15	n15	lerobot_groot_n15__robocasa365_ckpt120000		0	Fully slide the top dishwasher rack out.	robocasa_panda_omron/SlideDishwasherRack_PandaOmron_Env	100011	1300004	0	1			5		1	all_token_full	groot_n15_dit_block_residual_full_tokens_denoise	"[""layer"",""denoise_step"",""model_token"",""feature_dim""]"	[7,4,49,1536]	[0,2,4,8,10,12,15]	n15_grid_v5_scenario	grid_coord	meta	meta_json	8daefeabf020/kanu/DishwasherRack/out/s401/n4/base	401	1
8daefeabf020	kanu	DishwasherRack/out	4	0	base	activation	178beb4cc953091d	178beb4cc953091daf386890e892634b56d6357a904480c12ee565106c3c2ff2	lerobot_groot_n15	n15	lerobot_groot_n15__robocasa365_ckpt120000		0	Fully slide the top dishwasher rack out.	robocasa_panda_omron/SlideDishwasherRack_PandaOmron_Env	100011	1300000	0	1			5		1	all_token_full	groot_n15_dit_block_residual_full_tokens_denoise	"[""layer"",""denoise_step"",""model_token"",""feature_dim""]"	[7,4,49,1536]	[0,2,4,8,10,12,15]	n15_grid_v5_scenario	grid_coord	meta	meta_json	8daefeabf020/kanu/DishwasherRack/out/s402/n0/base	402	2
8daefeabf020	kanu	DishwasherRack/out	4	1	base	activation	5552d74ea1b56131	5552d74ea1b56131f30c43f29402357574a721ead4c9693e07fc8d5a9db72e8c	lerobot_groot_n15	n15	lerobot_groot_n15__robocasa365_ckpt120000		0	Fully slide the top dishwasher rack out.	robocasa_panda_omron/SlideDishwasherRack_PandaOmron_Env	100011	1300001	0	1			5		1	all_token_full	groot_n15_dit_block_residual_full_tokens_denoise	"[""layer"",""denoise_step"",""model_token"",""feature_dim""]"	[7,4,49,1536]	[0,2,4,8,10,12,15]	n15_grid_v5_scenario	grid_coord	meta	meta_json	8daefeabf020/kanu/DishwasherRack/out/s402/n1/base	402	2
8daefeabf020	kanu	DishwasherRack/out	4	2	base	activation	4c27907e33f3465c	4c27907e33f3465c3cf33ef5c5f6dedb5d8bcca18dc9c8cc717e1c95010e2edb	lerobot_groot_n15	n15	lerobot_groot_n15__robocasa365_ckpt120000		0	Fully slide the top dishwasher rack out.	robocasa_panda_omron/SlideDishwasherRack_PandaOmron_Env	100011	1300002	0	1			5		1	all_token_full	groot_n15_dit_block_residual_full_tokens_denoise	"[""layer"",""denoise_step"",""model_token"",""feature_dim""]"	[7,4,49,1536]	[0,2,4,8,10,12,15]	n15_grid_v5_scenario	grid_coord	meta	meta_json	8daefeabf020/kanu/DishwasherRack/out/s402/n2/base	402	2
8daefeabf020	kanu	DishwasherRack/out	4	3	base	activation	c76c0521c9171f14	c76c0521c9171f146c4760ea7d68334abb474edd82e29ea515215ef2ace82797	lerobot_groot_n15	n15	lerobot_groot_n15__robocasa365_ckpt120000		0	Fully slide the top dishwasher rack out.	robocasa_panda_omron/SlideDishwasherRack_PandaOmron_Env	100011	1300003	0	0			5		1	all_token_full	groot_n15_dit_block_residual_full_tokens_denoise	"[""layer"",""denoise_step"",""model_token"",""feature_dim""]"	[7,4,49,1536]	[0,2,4,8,10,12,15]	n15_grid_v5_scenario	grid_coord	meta	meta_json	8daefeabf020/kanu/DishwasherRack/out/s402/n3/base	402	2
8daefeabf020	kanu	DishwasherRack/out	4	4	base	activation	4a0482216ba703a5	4a0482216ba703a5a1358be0f72ea4ff18d336f73468597558e80b5586c4a449	lerobot_groot_n15	n15	lerobot_groot_n15__robocasa365_ckpt120000		0	Fully slide the top dishwasher rack out.	robocasa_panda_omron/SlideDishwasherRack_PandaOmron_Env	100011	1300004	0	0			5		1	all_token_full	groot_n15_dit_block_residual_full_tokens_denoise	"[""layer"",""denoise_step"",""model_token"",""feature_dim""]"	[7,4,49,1536]	[0,2,4,8,10,12,15]	n15_grid_v5_scenario	grid_coord	meta	meta_json	8daefeabf020/kanu/DishwasherRack/out/s402/n4/base	402	2
8daefeabf020	kanu	DishwasherRack/out	4	0	base	activation	1c90fbbc35858d45	1c90fbbc35858d45913920c44c3b27392fdc230e273ea6f5e9c4e8df3dc83b28	lerobot_groot_n15	n15	lerobot_groot_n15__robocasa365_ckpt120000		0	Fully slide the top dishwasher rack out.	robocasa_panda_omron/SlideDishwasherRack_PandaOmron_Env	100011	1300000	0	1			5		1	all_token_full	groot_n15_dit_block_residual_full_tokens_denoise	"[""layer"",""denoise_step"",""model_token"",""feature_dim""]"	[7,4,49,1536]	[0,2,4,8,10,12,15]	n15_grid_v5_scenario	grid_coord	meta	meta_json	8daefeabf020/kanu/DishwasherRack/out/s403/n0/base	403	3
8daefeabf020	kanu	DishwasherRack/out	4	1	base	activation	05c956b7ca48efa0	05c956b7ca48efa0f760c718e155a05c0eeba43a3c54938dd7d8e8de3a3f2edf	lerobot_groot_n15	n15	lerobot_groot_n15__robocasa365_ckpt120000		0	Fully slide the top dishwasher rack out.	robocasa_panda_omron/SlideDishwasherRack_PandaOmron_Env	100011	1300001	0	0			5		1	all_token_full	groot_n15_dit_block_residual_full_tokens_denoise	"[""layer"",""denoise_step"",""model_token"",""feature_dim""]"	[7,4,49,1536]	[0,2,4,8,10,12,15]	n15_grid_v5_scenario	grid_coord	meta	meta_json	8daefeabf020/kanu/DishwasherRack/out/s403/n1/base	403	3
8daefeabf020	kanu	DishwasherRack/out	4	2	base	activation	5cbd0614dc9847c0	5cbd0614dc9847c07cee2a058060041e4006f6bb1a9da6fa217e04cf231e3fcc	lerobot_groot_n15	n15	lerobot_groot_n15__robocasa365_ckpt120000		0	Fully slide the top dishwasher rack out.	robocasa_panda_omron/SlideDishwasherRack_PandaOmron_Env	100011	1300002	0	0			5		1	all_token_full	groot_n15_dit_block_residual_full_tokens_denoise	"[""layer"",""denoise_step"",""model_token"",""feature_dim""]"	[7,4,49,1536]	[0,2,4,8,10,12,15]	n15_grid_v5_scenario	grid_coord	meta	meta_json	8daefeabf020/kanu/DishwasherRack/out/s403/n2/base	403	3
8daefeabf020	kanu	DishwasherRack/out	4	3	base	activation	646e557eb79a7e63	646e557eb79a7e631deed6bf49cdea0c101d0daaeaa289ef0bae7ac48446542b	lerobot_groot_n15	n15	lerobot_groot_n15__robocasa365_ckpt120000		0	Fully slide the top dishwasher rack out.	robocasa_panda_omron/SlideDishwasherRack_PandaOmron_Env	100011	1300003	0	1			5		1	all_token_full	groot_n15_dit_block_residual_full_tokens_denoise	"[""layer"",""denoise_step"",""model_token"",""feature_dim""]"	[7,4,49,1536]	[0,2,4,8,10,12,15]	n15_grid_v5_scenario	grid_coord	meta	meta_json	8daefeabf020/kanu/DishwasherRack/out/s403/n3/base	403	3
8daefeabf020	kanu	DishwasherRack/out	4	4	base	activation	bfb66ae7d13b8aff	bfb66ae7d13b8aff7b011d7c115a41cae3be81eed1fe124a0eb70c2e403d8769	lerobot_groot_n15	n15	lerobot_groot_n15__robocasa365_ckpt120000		0	Fully slide the top dishwasher rack out.	robocasa_panda_omron/SlideDishwasherRack_PandaOmron_Env	100011	1300004	0	1			5		1	all_token_full	groot_n15_dit_block_residual_full_tokens_denoise	"[""layer"",""denoise_step"",""model_token"",""feature_dim""]"	[7,4,49,1536]	[0,2,4,8,10,12,15]	n15_grid_v5_scenario	grid_coord	meta	meta_json	8daefeabf020/kanu/DishwasherRack/out/s403/n4/base	403	3
8daefeabf020	kanu	DishwasherRack/out	4	0	base	activation	dc3b3ac026e691b3	dc3b3ac026e691b363593df82be7daa3e48316f7f181b521c8fa03c29e4765d3	lerobot_groot_n15	n15	lerobot_groot_n15__robocasa365_ckpt120000		0	Fully slide the top dishwasher rack out.	robocasa_panda_omron/SlideDishwasherRack_PandaOmron_Env	100011	1300000	0	1			5		1	all_token_full	groot_n15_dit_block_residual_full_tokens_denoise	"[""layer"",""denoise_step"",""model_token"",""feature_dim""]"	[7,4,49,1536]	[0,2,4,8,10,12,15]	n15_grid_v5_scenario	grid_coord	meta	meta_json	8daefeabf020/kanu/DishwasherRack/out/s404/n0/base	404	4
8daefeabf020	kanu	DishwasherRack/out	4	1	base	activation	b732f7e1bc83c817	b732f7e1bc83c8179490b6fa34f29db0d50546660b519b48e86a8c19d883a274	lerobot_groot_n15	n15	lerobot_groot_n15__robocasa365_ckpt120000		0	Fully slide the top dishwasher rack out.	robocasa_panda_omron/SlideDishwasherRack_PandaOmron_Env	100011	1300001	0	1			5		1	all_token_full	groot_n15_dit_block_residual_full_tokens_denoise	"[""layer"",""denoise_step"",""model_token"",""feature_dim""]"	[7,4,49,1536]	[0,2,4,8,10,12,15]	n15_grid_v5_scenario	grid_coord	meta	meta_json	8daefeabf020/kanu/DishwasherRack/out/s404/n1/base	404	4
8daefeabf020	kanu	DishwasherRack/out	4	2	base	activation	543d0f35f899de40	543d0f35f899de407e3e16c98dc79f0eef166412b556fc4635329099997b62ec	lerobot_groot_n15	n15	lerobot_groot_n15__robocasa365_ckpt120000		0	Fully slide the top dishwasher rack out.	robocasa_panda_omron/SlideDishwasherRack_PandaOmron_Env	100011	1300002	0	1			5		1	all_token_full	groot_n15_dit_block_residual_full_tokens_denoise	"[""layer"",""denoise_step"",""model_token"",""feature_dim""]"	[7,4,49,1536]	[0,2,4,8,10,12,15]	n15_grid_v5_scenario	grid_coord	meta	meta_json	8daefeabf020/kanu/DishwasherRack/out/s404/n2/base	404	4
8daefeabf020	kanu	DishwasherRack/out	4	3	base	activation	405c3c56fc8f235a	405c3c56fc8f235a49e14705b0b9bfa884fbf262d4fae5b2c0e52f58385878ef	lerobot_groot_n15	n15	lerobot_groot_n15__robocasa365_ckpt120000		0	Fully slide the top dishwasher rack out.	robocasa_panda_omron/SlideDishwasherRack_PandaOmron_Env	100011	1300003	0	1			5		1	all_token_full	groot_n15_dit_block_residual_full_tokens_denoise	"[""layer"",""denoise_step"",""model_token"",""feature_dim""]"	[7,4,49,1536]	[0,2,4,8,10,12,15]	n15_grid_v5_scenario	grid_coord	meta	meta_json	8daefeabf020/kanu/DishwasherRack/out/s404/n3/base	404	4
8daefeabf020	kanu	DishwasherRack/out	4	4	base	activation	d04c4f20f45bd706	d04c4f20f45bd706ffa6a69a0ef3e58d6c78691b72592ffcf4fd240cc566532c	lerobot_groot_n15	n15	lerobot_groot_n15__robocasa365_ckpt120000		0	Fully slide the top dishwasher rack out.	robocasa_panda_omron/SlideDishwasherRack_PandaOmron_Env	100011	1300004	0	1			5		1	all_token_full	groot_n15_dit_block_residual_full_tokens_denoise	"[""layer"",""denoise_step"",""model_token"",""feature_dim""]"	[7,4,49,1536]	[0,2,4,8,10,12,15]	n15_grid_v5_scenario	grid_coord	meta	meta_json	8daefeabf020/kanu/DishwasherRack/out/s404/n4/base	404	4
8daefeabf020	kanu	OvenRack/out	0	0	base	activation	768081f37fb1e8d2	768081f37fb1e8d2983936d6b12256624ce3ce1c6ed154e63527dfcb8cfca6a7	lerobot_groot_n15	n15	lerobot_groot_n15__robocasa365_ckpt120000		0	Fully slide the oven rack out.	robocasa_panda_omron/SlideOvenRack_PandaOmron_Env	100006	1300000	0	1			5		1	all_token_full	groot_n15_dit_block_residual_full_tokens_denoise	"[""layer"",""denoise_step"",""model_token"",""feature_dim""]"	[7,4,49,1536]	[0,2,4,8,10,12,15]	n15_grid_v5_scenario	grid_coord	meta	meta_json	8daefeabf020/kanu/OvenRack/out/s0/n0/base	0	0
8daefeabf020	kanu	OvenRack/out	0	1	base	activation	e2c4e80a31d6be1f	e2c4e80a31d6be1f75d8a4a813b46e42a2e0ad80f25a5a7667829089c2d6949c	lerobot_groot_n15	n15	lerobot_groot_n15__robocasa365_ckpt120000		0	Fully slide the oven rack out.	robocasa_panda_omron/SlideOvenRack_PandaOmron_Env	100006	1300001	0	1			5		1	all_token_full	groot_n15_dit_block_residual_full_tokens_denoise	"[""layer"",""denoise_step"",""model_token"",""feature_dim""]"	[7,4,49,1536]	[0,2,4,8,10,12,15]	n15_grid_v5_scenario	grid_coord	meta	meta_json	8daefeabf020/kanu/OvenRack/out/s0/n1/base	0	0
8daefeabf020	kanu	OvenRack/out	0	2	base	activation	d7f2101b1da5db8e	d7f2101b1da5db8efc8348bcd43386cad68acc747e4ebbe4d022570e197f9e72	lerobot_groot_n15	n15	lerobot_groot_n15__robocasa365_ckpt120000		0	Fully slide the oven rack out.	robocasa_panda_omron/SlideOvenRack_PandaOmron_Env	100006	1300002	0	1			5		1	all_token_full	groot_n15_dit_block_residual_full_tokens_denoise	"[""layer"",""denoise_step"",""model_token"",""feature_dim""]"	[7,4,49,1536]	[0,2,4,8,10,12,15]	n15_grid_v5_scenario	grid_coord	meta	meta_json	8daefeabf020/kanu/OvenRack/out/s0/n2/base	0	0
8daefeabf020	kanu	OvenRack/out	0	3	base	activation	abe665b405cefd24	abe665b405cefd2407718cf856fd69d4f0aaf6fc25560cd266b7ccbfaa7b6a4b	lerobot_groot_n15	n15	lerobot_groot_n15__robocasa365_ckpt120000		0	Fully slide the oven rack out.	robocasa_panda_omron/SlideOvenRack_PandaOmron_Env	100006	1300003	0	1			5		1	all_token_full	groot_n15_dit_block_residual_full_tokens_denoise	"[""layer"",""denoise_step"",""model_token"",""feature_dim""]"	[7,4,49,1536]	[0,2,4,8,10,12,15]	n15_grid_v5_scenario	grid_coord	meta	meta_json	8daefeabf020/kanu/OvenRack/out/s0/n3/base	0	0
8daefeabf020	kanu	OvenRack/out	0	4	base	activation	3f16159c0ca895f7	3f16159c0ca895f703b01464b151a8072835fdd34ce441d31860066fe5095780	lerobot_groot_n15	n15	lerobot_groot_n15__robocasa365_ckpt120000		0	Fully slide the oven rack out.	robocasa_panda_omron/SlideOvenRack_PandaOmron_Env	100006	1300004	0	1			5		1	all_token_full	groot_n15_dit_block_residual_full_tokens_denoise	"[""layer"",""denoise_step"",""model_token"",""feature_dim""]"	[7,4,49,1536]	[0,2,4,8,10,12,15]	n15_grid_v5_scenario	grid_coord	meta	meta_json	8daefeabf020/kanu/OvenRack/out/s0/n4/base	0	0
8daefeabf020	kanu	OvenRack/out	0	0	base	activation	c63c84a0cb92e342	c63c84a0cb92e342de647e705af67fc5bb311cb64e7192bcda1b00694e021531	lerobot_groot_n15	n15	lerobot_groot_n15__robocasa365_ckpt120000		0	Fully slide the oven rack out.	robocasa_panda_omron/SlideOvenRack_PandaOmron_Env	100006	1300000	0	1			5		1	all_token_full	groot_n15_dit_block_residual_full_tokens_denoise	"[""layer"",""denoise_step"",""model_token"",""feature_dim""]"	[7,4,49,1536]	[0,2,4,8,10,12,15]	n15_grid_v5_scenario	grid_coord	meta	meta_json	8daefeabf020/kanu/OvenRack/out/s1/n0/base	1	1
8daefeabf020	kanu	OvenRack/out	0	1	base	activation	d0486bcf4fad9f38	d0486bcf4fad9f386f90b21fcd51b415a64200b4f2dd92ec61e575ca54e40be1	lerobot_groot_n15	n15	lerobot_groot_n15__robocasa365_ckpt120000		0	Fully slide the oven rack out.	robocasa_panda_omron/SlideOvenRack_PandaOmron_Env	100006	1300001	0	1			5		1	all_token_full	groot_n15_dit_block_residual_full_tokens_denoise	"[""layer"",""denoise_step"",""model_token"",""feature_dim""]"	[7,4,49,1536]	[0,2,4,8,10,12,15]	n15_grid_v5_scenario	grid_coord	meta	meta_json	8daefeabf020/kanu/OvenRack/out/s1/n1/base	1	1
8daefeabf020	kanu	OvenRack/out	0	2	base	activation	fa0ed10141660bbb	fa0ed10141660bbbae77c5d0ae4fec420bcddbbfcf670c4f81a9f9094851b1bd	lerobot_groot_n15	n15	lerobot_groot_n15__robocasa365_ckpt120000		0	Fully slide the oven rack out.	robocasa_panda_omron/SlideOvenRack_PandaOmron_Env	100006	1300002	0	1			5		1	all_token_full	groot_n15_dit_block_residual_full_tokens_denoise	"[""layer"",""denoise_step"",""model_token"",""feature_dim""]"	[7,4,49,1536]	[0,2,4,8,10,12,15]	n15_grid_v5_scenario	grid_coord	meta	meta_json	8daefeabf020/kanu/OvenRack/out/s1/n2/base	1	1
8daefeabf020	kanu	OvenRack/out	0	3	base	activation	d994fe097f8931b7	d994fe097f8931b7fffa6f8b64c9d95961a077b16168d57df3660724be3a0fa1	lerobot_groot_n15	n15	lerobot_groot_n15__robocasa365_ckpt120000		0	Fully slide the oven rack out.	robocasa_panda_omron/SlideOvenRack_PandaOmron_Env	100006	1300003	0	1			5		1	all_token_full	groot_n15_dit_block_residual_full_tokens_denoise	"[""layer"",""denoise_step"",""model_token"",""feature_dim""]"	[7,4,49,1536]	[0,2,4,8,10,12,15]	n15_grid_v5_scenario	grid_coord	meta	meta_json	8daefeabf020/kanu/OvenRack/out/s1/n3/base	1	1
8daefeabf020	kanu	OvenRack/out	0	4	base	activation	af2b0bad4cdf7209	af2b0bad4cdf720902877b32e4706f73c11ad5475146c8797cb339cb3dae701a	lerobot_groot_n15	n15	lerobot_groot_n15__robocasa365_ckpt120000		0	Fully slide the oven rack out.	robocasa_panda_omron/SlideOvenRack_PandaOmron_Env	100006	1300004	0	1			5		1	all_token_full	groot_n15_dit_block_residual_full_tokens_denoise	"[""layer"",""denoise_step"",""model_token"",""feature_dim""]"	[7,4,49,1536]	[0,2,4,8,10,12,15]	n15_grid_v5_scenario	grid_coord	meta	meta_json	8daefeabf020/kanu/OvenRack/out/s1/n4/base	1	1
8daefeabf020	kanu	OvenRack/out	1	0	base	activation	d450c0e0ddb5a1c4	d450c0e0ddb5a1c40be070e54b946903dda8eb4ceffd9c7dbbd2f2ac40b5c163	lerobot_groot_n15	n15	lerobot_groot_n15__robocasa365_ckpt120000		0	Fully slide the oven rack out.	robocasa_panda_omron/SlideOvenRack_PandaOmron_Env	100014	1300000	0	1			5		1	all_token_full	groot_n15_dit_block_residual_full_tokens_denoise	"[""layer"",""denoise_step"",""model_token"",""feature_dim""]"	[7,4,49,1536]	[0,2,4,8,10,12,15]	n15_grid_v5_scenario	grid_coord	meta	meta_json	8daefeabf020/kanu/OvenRack/out/s100/n0/base	100	0
8daefeabf020	kanu	OvenRack/out	1	1	base	activation	57706369055f97bf	57706369055f97bf5735bf15a3cc887b0d1097ad88d31c6e7b755db6d167e60a	lerobot_groot_n15	n15	lerobot_groot_n15__robocasa365_ckpt120000		0	Fully slide the oven rack out.	robocasa_panda_omron/SlideOvenRack_PandaOmron_Env	100014	1300001	0	1			5		1	all_token_full	groot_n15_dit_block_residual_full_tokens_denoise	"[""layer"",""denoise_step"",""model_token"",""feature_dim""]"	[7,4,49,1536]	[0,2,4,8,10,12,15]	n15_grid_v5_scenario	grid_coord	meta	meta_json	8daefeabf020/kanu/OvenRack/out/s100/n1/base	100	0
8daefeabf020	kanu	OvenRack/out	1	2	base	activation	d1afb3688f6fd1e3	d1afb3688f6fd1e3db41beccc781e8e01f17be6b8264bc007c0024100f99c019	lerobot_groot_n15	n15	lerobot_groot_n15__robocasa365_ckpt120000		0	Fully slide the oven rack out.	robocasa_panda_omron/SlideOvenRack_PandaOmron_Env	100014	1300002	0	1			5		1	all_token_full	groot_n15_dit_block_residual_full_tokens_denoise	"[""layer"",""denoise_step"",""model_token"",""feature_dim""]"	[7,4,49,1536]	[0,2,4,8,10,12,15]	n15_grid_v5_scenario	grid_coord	meta	meta_json	8daefeabf020/kanu/OvenRack/out/s100/n2/base	100	0
8daefeabf020	kanu	OvenRack/out	1	3	base	activation	940de47999a6af5d	940de47999a6af5dcdeb9bcdc06ba3bd184b3c5dc56424f42436a07669908416	lerobot_groot_n15	n15	lerobot_groot_n15__robocasa365_ckpt120000		0	Fully slide the oven rack out.	robocasa_panda_omron/SlideOvenRack_PandaOmron_Env	100014	1300003	0	1			5		1	all_token_full	groot_n15_dit_block_residual_full_tokens_denoise	"[""layer"",""denoise_step"",""model_token"",""feature_dim""]"	[7,4,49,1536]	[0,2,4,8,10,12,15]	n15_grid_v5_scenario	grid_coord	meta	meta_json	8daefeabf020/kanu/OvenRack/out/s100/n3/base	100	0
8daefeabf020	kanu	OvenRack/out	1	4	base	activation	9b36611675bf6364	9b36611675bf6364e1ddaba9a65fc8bdffa7b9968dafaa11511f9f4024239f5c	lerobot_groot_n15	n15	lerobot_groot_n15__robocasa365_ckpt120000		0	Fully slide the oven rack out.	robocasa_panda_omron/SlideOvenRack_PandaOmron_Env	100014	1300004	0	1			5		1	all_token_full	groot_n15_dit_block_residual_full_tokens_denoise	"[""layer"",""denoise_step"",""model_token"",""feature_dim""]"	[7,4,49,1536]	[0,2,4,8,10,12,15]	n15_grid_v5_scenario	grid_coord	meta	meta_json	8daefeabf020/kanu/OvenRack/out/s100/n4/base	100	0
8daefeabf020	kanu	OvenRack/out	1	0	base	activation	ae1849fcc40e193d	ae1849fcc40e193d1dced78ade27c5d945be69d8e3307e7b57ef93d5d1055f8e	lerobot_groot_n15	n15	lerobot_groot_n15__robocasa365_ckpt120000		0	Fully slide the oven rack out.	robocasa_panda_omron/SlideOvenRack_PandaOmron_Env	100014	1300000	0	1			5		1	all_token_full	groot_n15_dit_block_residual_full_tokens_denoise	"[""layer"",""denoise_step"",""model_token"",""feature_dim""]"	[7,4,49,1536]	[0,2,4,8,10,12,15]	n15_grid_v5_scenario	grid_coord	meta	meta_json	8daefeabf020/kanu/OvenRack/out/s101/n0/base	101	1
8daefeabf020	kanu	OvenRack/out	1	1	base	activation	7b28f431e2e43467	7b28f431e2e43467ddf7cb76078c1d7ae6936d04893181eaf7c2f458ea4c5932	lerobot_groot_n15	n15	lerobot_groot_n15__robocasa365_ckpt120000		0	Fully slide the oven rack out.	robocasa_panda_omron/SlideOvenRack_PandaOmron_Env	100014	1300001	0	1			5		1	all_token_full	groot_n15_dit_block_residual_full_tokens_denoise	"[""layer"",""denoise_step"",""model_token"",""feature_dim""]"	[7,4,49,1536]	[0,2,4,8,10,12,15]	n15_grid_v5_scenario	grid_coord	meta	meta_json	8daefeabf020/kanu/OvenRack/out/s101/n1/base	101	1
8daefeabf020	kanu	OvenRack/out	1	2	base	activation	058cb3ebe2cc42b1	058cb3ebe2cc42b1fd9ad5bf44f3549e6d09a4d6a7f53c50965054823cf77a32	lerobot_groot_n15	n15	lerobot_groot_n15__robocasa365_ckpt120000		0	Fully slide the oven rack out.	robocasa_panda_omron/SlideOvenRack_PandaOmron_Env	100014	1300002	0	1			5		1	all_token_full	groot_n15_dit_block_residual_full_tokens_denoise	"[""layer"",""denoise_step"",""model_token"",""feature_dim""]"	[7,4,49,1536]	[0,2,4,8,10,12,15]	n15_grid_v5_scenario	grid_coord	meta	meta_json	8daefeabf020/kanu/OvenRack/out/s101/n2/base	101	1
8daefeabf020	kanu	OvenRack/out	1	3	base	activation	ae00538f7dc4daca	ae00538f7dc4daca367a67255a5b575b05326f2a1eeb17a26deaaf7e09f04ff6	lerobot_groot_n15	n15	lerobot_groot_n15__robocasa365_ckpt120000		0	Fully slide the oven rack out.	robocasa_panda_omron/SlideOvenRack_PandaOmron_Env	100014	1300003	0	1			5		1	all_token_full	groot_n15_dit_block_residual_full_tokens_denoise	"[""layer"",""denoise_step"",""model_token"",""feature_dim""]"	[7,4,49,1536]	[0,2,4,8,10,12,15]	n15_grid_v5_scenario	grid_coord	meta	meta_json	8daefeabf020/kanu/OvenRack/out/s101/n3/base	101	1
8daefeabf020	kanu	OvenRack/out	1	4	base	activation	43c7bb80c64fcb4c	43c7bb80c64fcb4cf29d8e9605b33217805093a80ffce7a41c0e191ba7eac194	lerobot_groot_n15	n15	lerobot_groot_n15__robocasa365_ckpt120000		0	Fully slide the oven rack out.	robocasa_panda_omron/SlideOvenRack_PandaOmron_Env	100014	1300004	0	1			5		1	all_token_full	groot_n15_dit_block_residual_full_tokens_denoise	"[""layer"",""denoise_step"",""model_token"",""feature_dim""]"	[7,4,49,1536]	[0,2,4,8,10,12,15]	n15_grid_v5_scenario	grid_coord	meta	meta_json	8daefeabf020/kanu/OvenRack/out/s101/n4/base	101	1
8daefeabf020	kanu	OvenRack/out	1	0	base	activation	be4e4effa655c533	be4e4effa655c533984a5bd74ede66ce1f386d26f64f5c3e63088e558a184289	lerobot_groot_n15	n15	lerobot_groot_n15__robocasa365_ckpt120000		0	Fully slide the oven rack out.	robocasa_panda_omron/SlideOvenRack_PandaOmron_Env	100014	1300000	0	1			5		1	all_token_full	groot_n15_dit_block_residual_full_tokens_denoise	"[""layer"",""denoise_step"",""model_token"",""feature_dim""]"	[7,4,49,1536]	[0,2,4,8,10,12,15]	n15_grid_v5_scenario	grid_coord	meta	meta_json	8daefeabf020/kanu/OvenRack/out/s102/n0/base	102	2
8daefeabf020	kanu	OvenRack/out	1	1	base	activation	e416a0f7339bfcb0	e416a0f7339bfcb057cc9f7fe602eb945e5da4b741a338cec9f0ddebd2222c0a	lerobot_groot_n15	n15	lerobot_groot_n15__robocasa365_ckpt120000		0	Fully slide the oven rack out.	robocasa_panda_omron/SlideOvenRack_PandaOmron_Env	100014	1300001	0	1			5		1	all_token_full	groot_n15_dit_block_residual_full_tokens_denoise	"[""layer"",""denoise_step"",""model_token"",""feature_dim""]"	[7,4,49,1536]	[0,2,4,8,10,12,15]	n15_grid_v5_scenario	grid_coord	meta	meta_json	8daefeabf020/kanu/OvenRack/out/s102/n1/base	102	2
8daefeabf020	kanu	OvenRack/out	1	2	base	activation	9a73ea90ef8f3226	9a73ea90ef8f3226073c5adcd6118e5c3bf1cf46e80f588c44a2229f7df9a877	lerobot_groot_n15	n15	lerobot_groot_n15__robocasa365_ckpt120000		0	Fully slide the oven rack out.	robocasa_panda_omron/SlideOvenRack_PandaOmron_Env	100014	1300002	0	1			5		1	all_token_full	groot_n15_dit_block_residual_full_tokens_denoise	"[""layer"",""denoise_step"",""model_token"",""feature_dim""]"	[7,4,49,1536]	[0,2,4,8,10,12,15]	n15_grid_v5_scenario	grid_coord	meta	meta_json	8daefeabf020/kanu/OvenRack/out/s102/n2/base	102	2
8daefeabf020	kanu	OvenRack/out	1	3	base	activation	b7dce3ddd00b105c	b7dce3ddd00b105c10102ed3a9490c3a27882f8e0d646d7771ed173b137c7e76	lerobot_groot_n15	n15	lerobot_groot_n15__robocasa365_ckpt120000		0	Fully slide the oven rack out.	robocasa_panda_omron/SlideOvenRack_PandaOmron_Env	100014	1300003	0	1			5		1	all_token_full	groot_n15_dit_block_residual_full_tokens_denoise	"[""layer"",""denoise_step"",""model_token"",""feature_dim""]"	[7,4,49,1536]	[0,2,4,8,10,12,15]	n15_grid_v5_scenario	grid_coord	meta	meta_json	8daefeabf020/kanu/OvenRack/out/s102/n3/base	102	2
8daefeabf020	kanu	OvenRack/out	1	4	base	activation	912a0909302ab4ba	912a0909302ab4ba380d3ef9a1f2324f91a1f55911467d19b45bab415b2c8a4a	lerobot_groot_n15	n15	lerobot_groot_n15__robocasa365_ckpt120000		0	Fully slide the oven rack out.	robocasa_panda_omron/SlideOvenRack_PandaOmron_Env	100014	1300004	0	1			5		1	all_token_full	groot_n15_dit_block_residual_full_tokens_denoise	"[""layer"",""denoise_step"",""model_token"",""feature_dim""]"	[7,4,49,1536]	[0,2,4,8,10,12,15]	n15_grid_v5_scenario	grid_coord	meta	meta_json	8daefeabf020/kanu/OvenRack/out/s102/n4/base	102	2
8daefeabf020	kanu	OvenRack/out	1	0	base	activation	77b177dbc47ac1e7	77b177dbc47ac1e711b6fc088bd245090c608d120c8e147d220bd4e79b4c00eb	lerobot_groot_n15	n15	lerobot_groot_n15__robocasa365_ckpt120000		0	Fully slide the oven rack out.	robocasa_panda_omron/SlideOvenRack_PandaOmron_Env	100014	1300000	0	0			5		1	all_token_full	groot_n15_dit_block_residual_full_tokens_denoise	"[""layer"",""denoise_step"",""model_token"",""feature_dim""]"	[7,4,49,1536]	[0,2,4,8,10,12,15]	n15_grid_v5_scenario	grid_coord	meta	meta_json	8daefeabf020/kanu/OvenRack/out/s103/n0/base	103	3
8daefeabf020	kanu	OvenRack/out	1	1	base	activation	47f0913b870d4151	47f0913b870d41511630c5d3e4c83db2ce4cb2e2406c46938a76d0048ab19196	lerobot_groot_n15	n15	lerobot_groot_n15__robocasa365_ckpt120000		0	Fully slide the oven rack out.	robocasa_panda_omron/SlideOvenRack_PandaOmron_Env	100014	1300001	0	1			5		1	all_token_full	groot_n15_dit_block_residual_full_tokens_denoise	"[""layer"",""denoise_step"",""model_token"",""feature_dim""]"	[7,4,49,1536]	[0,2,4,8,10,12,15]	n15_grid_v5_scenario	grid_coord	meta	meta_json	8daefeabf020/kanu/OvenRack/out/s103/n1/base	103	3
8daefeabf020	kanu	OvenRack/out	1	2	base	activation	bcc3de549ab215c3	bcc3de549ab215c30d110814209f94c236dd9be6936e3f700b4a0b06bee87203	lerobot_groot_n15	n15	lerobot_groot_n15__robocasa365_ckpt120000		0	Fully slide the oven rack out.	robocasa_panda_omron/SlideOvenRack_PandaOmron_Env	100014	1300002	0	1			5		1	all_token_full	groot_n15_dit_block_residual_full_tokens_denoise	"[""layer"",""denoise_step"",""model_token"",""feature_dim""]"	[7,4,49,1536]	[0,2,4,8,10,12,15]	n15_grid_v5_scenario	grid_coord	meta	meta_json	8daefeabf020/kanu/OvenRack/out/s103/n2/base	103	3
8daefeabf020	kanu	OvenRack/out	1	3	base	activation	dbe2d3565e0e1719	dbe2d3565e0e171974d6c74b9898618fdeb139baea57481438777c530223414a	lerobot_groot_n15	n15	lerobot_groot_n15__robocasa365_ckpt120000		0	Fully slide the oven rack out.	robocasa_panda_omron/SlideOvenRack_PandaOmron_Env	100014	1300003	0	1			5		1	all_token_full	groot_n15_dit_block_residual_full_tokens_denoise	"[""layer"",""denoise_step"",""model_token"",""feature_dim""]"	[7,4,49,1536]	[0,2,4,8,10,12,15]	n15_grid_v5_scenario	grid_coord	meta	meta_json	8daefeabf020/kanu/OvenRack/out/s103/n3/base	103	3
8daefeabf020	kanu	OvenRack/out	1	4	base	activation	e0aa388021cd39eb	e0aa388021cd39eb9a9777c92ed9f08bdb4d6db21789586a4b4471b4991862ae	lerobot_groot_n15	n15	lerobot_groot_n15__robocasa365_ckpt120000		0	Fully slide the oven rack out.	robocasa_panda_omron/SlideOvenRack_PandaOmron_Env	100014	1300004	0	0			5		1	all_token_full	groot_n15_dit_block_residual_full_tokens_denoise	"[""layer"",""denoise_step"",""model_token"",""feature_dim""]"	[7,4,49,1536]	[0,2,4,8,10,12,15]	n15_grid_v5_scenario	grid_coord	meta	meta_json	8daefeabf020/kanu/OvenRack/out/s103/n4/base	103	3
8daefeabf020	kanu	OvenRack/out	1	0	base	activation	ecfa1d1f035c7ef9	ecfa1d1f035c7ef97b3a422ba1041f93d2fe4f1e1a7cdb2bec6e6c8ec2b54df6	lerobot_groot_n15	n15	lerobot_groot_n15__robocasa365_ckpt120000		0	Fully slide the oven rack out.	robocasa_panda_omron/SlideOvenRack_PandaOmron_Env	100014	1300000	0	1			5		1	all_token_full	groot_n15_dit_block_residual_full_tokens_denoise	"[""layer"",""denoise_step"",""model_token"",""feature_dim""]"	[7,4,49,1536]	[0,2,4,8,10,12,15]	n15_grid_v5_scenario	grid_coord	meta	meta_json	8daefeabf020/kanu/OvenRack/out/s104/n0/base	104	4
8daefeabf020	kanu	OvenRack/out	1	1	base	activation	a814590480cf6080	a814590480cf60807711800fa96f6b16d0c295999058b101ca07d4db9af163d4	lerobot_groot_n15	n15	lerobot_groot_n15__robocasa365_ckpt120000		0	Fully slide the oven rack out.	robocasa_panda_omron/SlideOvenRack_PandaOmron_Env	100014	1300001	0	1			5		1	all_token_full	groot_n15_dit_block_residual_full_tokens_denoise	"[""layer"",""denoise_step"",""model_token"",""feature_dim""]"	[7,4,49,1536]	[0,2,4,8,10,12,15]	n15_grid_v5_scenario	grid_coord	meta	meta_json	8daefeabf020/kanu/OvenRack/out/s104/n1/base	104	4
8daefeabf020	kanu	OvenRack/out	1	2	base	activation	d0dca1e7b56dc2fa	d0dca1e7b56dc2fa941339b1b8f3763f5fe3b98946f4422a2e67f631742f6f68	lerobot_groot_n15	n15	lerobot_groot_n15__robocasa365_ckpt120000		0	Fully slide the oven rack out.	robocasa_panda_omron/SlideOvenRack_PandaOmron_Env	100014	1300002	0	1			5		1	all_token_full	groot_n15_dit_block_residual_full_tokens_denoise	"[""layer"",""denoise_step"",""model_token"",""feature_dim""]"	[7,4,49,1536]	[0,2,4,8,10,12,15]	n15_grid_v5_scenario	grid_coord	meta	meta_json	8daefeabf020/kanu/OvenRack/out/s104/n2/base	104	4
8daefeabf020	kanu	OvenRack/out	1	3	base	activation	561b135b99343343	561b135b9934334307cc65071b2237b338ba8373f6f0cc795ee62e29e39f3788	lerobot_groot_n15	n15	lerobot_groot_n15__robocasa365_ckpt120000		0	Fully slide the oven rack out.	robocasa_panda_omron/SlideOvenRack_PandaOmron_Env	100014	1300003	0	1			5		1	all_token_full	groot_n15_dit_block_residual_full_tokens_denoise	"[""layer"",""denoise_step"",""model_token"",""feature_dim""]"	[7,4,49,1536]	[0,2,4,8,10,12,15]	n15_grid_v5_scenario	grid_coord	meta	meta_json	8daefeabf020/kanu/OvenRack/out/s104/n3/base	104	4
8daefeabf020	kanu	OvenRack/out	1	4	base	activation	b9b9afa8ea494e36	b9b9afa8ea494e3681314bc228e4020f819ff661c6c135b56d256aab99864293	lerobot_groot_n15	n15	lerobot_groot_n15__robocasa365_ckpt120000		0	Fully slide the oven rack out.	robocasa_panda_omron/SlideOvenRack_PandaOmron_Env	100014	1300004	0	1			5		1	all_token_full	groot_n15_dit_block_residual_full_tokens_denoise	"[""layer"",""denoise_step"",""model_token"",""feature_dim""]"	[7,4,49,1536]	[0,2,4,8,10,12,15]	n15_grid_v5_scenario	grid_coord	meta	meta_json	8daefeabf020/kanu/OvenRack/out/s104/n4/base	104	4
8daefeabf020	kanu	OvenRack/out	0	0	base	activation	a34daf5bf437240e	a34daf5bf437240e3ff12eb9a671011296fa21a2b31071ad3baf2fc803fcbb95	lerobot_groot_n15	n15	lerobot_groot_n15__robocasa365_ckpt120000		0	Fully slide the oven rack out.	robocasa_panda_omron/SlideOvenRack_PandaOmron_Env	100006	1300000	0	1			5		1	all_token_full	groot_n15_dit_block_residual_full_tokens_denoise	"[""layer"",""denoise_step"",""model_token"",""feature_dim""]"	[7,4,49,1536]	[0,2,4,8,10,12,15]	n15_grid_v5_scenario	grid_coord	meta	meta_json	8daefeabf020/kanu/OvenRack/out/s2/n0/base	2	2
8daefeabf020	kanu	OvenRack/out	0	1	base	activation	12b0045ffd07abb3	12b0045ffd07abb39b657a20eefeccb39476533e789dd47dba196b360ee3eff9	lerobot_groot_n15	n15	lerobot_groot_n15__robocasa365_ckpt120000		0	Fully slide the oven rack out.	robocasa_panda_omron/SlideOvenRack_PandaOmron_Env	100006	1300001	0	1			5		1	all_token_full	groot_n15_dit_block_residual_full_tokens_denoise	"[""layer"",""denoise_step"",""model_token"",""feature_dim""]"	[7,4,49,1536]	[0,2,4,8,10,12,15]	n15_grid_v5_scenario	grid_coord	meta	meta_json	8daefeabf020/kanu/OvenRack/out/s2/n1/base	2	2
8daefeabf020	kanu	OvenRack/out	0	2	base	activation	e04467061d0f9136	e04467061d0f9136a6ebd5600eb202809c2f2839aa2f6cdf1ce6005f69a2d9ce	lerobot_groot_n15	n15	lerobot_groot_n15__robocasa365_ckpt120000		0	Fully slide the oven rack out.	robocasa_panda_omron/SlideOvenRack_PandaOmron_Env	100006	1300002	0	1			5		1	all_token_full	groot_n15_dit_block_residual_full_tokens_denoise	"[""layer"",""denoise_step"",""model_token"",""feature_dim""]"	[7,4,49,1536]	[0,2,4,8,10,12,15]	n15_grid_v5_scenario	grid_coord	meta	meta_json	8daefeabf020/kanu/OvenRack/out/s2/n2/base	2	2
8daefeabf020	kanu	OvenRack/out	0	3	base	activation	f9a4ae7cab2cc56e	f9a4ae7cab2cc56e836dc52428a82e15a710ae0f498cc0f00b4cf05af719d0c0	lerobot_groot_n15	n15	lerobot_groot_n15__robocasa365_ckpt120000		0	Fully slide the oven rack out.	robocasa_panda_omron/SlideOvenRack_PandaOmron_Env	100006	1300003	0	1			5		1	all_token_full	groot_n15_dit_block_residual_full_tokens_denoise	"[""layer"",""denoise_step"",""model_token"",""feature_dim""]"	[7,4,49,1536]	[0,2,4,8,10,12,15]	n15_grid_v5_scenario	grid_coord	meta	meta_json	8daefeabf020/kanu/OvenRack/out/s2/n3/base	2	2
8daefeabf020	kanu	OvenRack/out	0	4	base	activation	0a4f36a305c80e79	0a4f36a305c80e7970280e76a4dfb839d97600b1ebdbc0660bc0521769b2f7d7	lerobot_groot_n15	n15	lerobot_groot_n15__robocasa365_ckpt120000		0	Fully slide the oven rack out.	robocasa_panda_omron/SlideOvenRack_PandaOmron_Env	100006	1300004	0	1			5		1	all_token_full	groot_n15_dit_block_residual_full_tokens_denoise	"[""layer"",""denoise_step"",""model_token"",""feature_dim""]"	[7,4,49,1536]	[0,2,4,8,10,12,15]	n15_grid_v5_scenario	grid_coord	meta	meta_json	8daefeabf020/kanu/OvenRack/out/s2/n4/base	2	2
8daefeabf020	kanu	OvenRack/out	2	0	base	activation	10b02a15304a19c4	10b02a15304a19c4ef6b068afec791b5201305b983663765381e4abacc22b33a	lerobot_groot_n15	n15	lerobot_groot_n15__robocasa365_ckpt120000		0	Fully slide the oven rack out.	robocasa_panda_omron/SlideOvenRack_PandaOmron_Env	100016	1300000	0	1			5		1	all_token_full	groot_n15_dit_block_residual_full_tokens_denoise	"[""layer"",""denoise_step"",""model_token"",""feature_dim""]"	[7,4,49,1536]	[0,2,4,8,10,12,15]	n15_grid_v5_scenario	grid_coord	meta	meta_json	8daefeabf020/kanu/OvenRack/out/s200/n0/base	200	0
8daefeabf020	kanu	OvenRack/out	2	1	base	activation	d30d417b1e499d26	d30d417b1e499d2606fcb43df92f782e6deb0cefa71c973a765365764ddb1f49	lerobot_groot_n15	n15	lerobot_groot_n15__robocasa365_ckpt120000		0	Fully slide the oven rack out.	robocasa_panda_omron/SlideOvenRack_PandaOmron_Env	100016	1300001	0	1			5		1	all_token_full	groot_n15_dit_block_residual_full_tokens_denoise	"[""layer"",""denoise_step"",""model_token"",""feature_dim""]"	[7,4,49,1536]	[0,2,4,8,10,12,15]	n15_grid_v5_scenario	grid_coord	meta	meta_json	8daefeabf020/kanu/OvenRack/out/s200/n1/base	200	0
8daefeabf020	kanu	OvenRack/out	2	2	base	activation	29ac7b13f2318491	29ac7b13f2318491bb0cde58febc3bd6fedeaa574155d5878e4c74819379f69e	lerobot_groot_n15	n15	lerobot_groot_n15__robocasa365_ckpt120000		0	Fully slide the oven rack out.	robocasa_panda_omron/SlideOvenRack_PandaOmron_Env	100016	1300002	0	1			5		1	all_token_full	groot_n15_dit_block_residual_full_tokens_denoise	"[""layer"",""denoise_step"",""model_token"",""feature_dim""]"	[7,4,49,1536]	[0,2,4,8,10,12,15]	n15_grid_v5_scenario	grid_coord	meta	meta_json	8daefeabf020/kanu/OvenRack/out/s200/n2/base	200	0
8daefeabf020	kanu	OvenRack/out	2	3	base	activation	a27c329f752fb4bc	a27c329f752fb4bcedf0b8f21d7d3a1e991a7d205aaa5f4a51d9d2896a505673	lerobot_groot_n15	n15	lerobot_groot_n15__robocasa365_ckpt120000		0	Fully slide the oven rack out.	robocasa_panda_omron/SlideOvenRack_PandaOmron_Env	100016	1300003	0	1			5		1	all_token_full	groot_n15_dit_block_residual_full_tokens_denoise	"[""layer"",""denoise_step"",""model_token"",""feature_dim""]"	[7,4,49,1536]	[0,2,4,8,10,12,15]	n15_grid_v5_scenario	grid_coord	meta	meta_json	8daefeabf020/kanu/OvenRack/out/s200/n3/base	200	0
8daefeabf020	kanu	OvenRack/out	2	4	base	activation	e63d387c509940d9	e63d387c509940d979b1fc58b3f8e4b4d02ce1115e656cf3e0b018a2125d78c0	lerobot_groot_n15	n15	lerobot_groot_n15__robocasa365_ckpt120000		0	Fully slide the oven rack out.	robocasa_panda_omron/SlideOvenRack_PandaOmron_Env	100016	1300004	0	1			5		1	all_token_full	groot_n15_dit_block_residual_full_tokens_denoise	"[""layer"",""denoise_step"",""model_token"",""feature_dim""]"	[7,4,49,1536]	[0,2,4,8,10,12,15]	n15_grid_v5_scenario	grid_coord	meta	meta_json	8daefeabf020/kanu/OvenRack/out/s200/n4/base	200	0
8daefeabf020	kanu	OvenRack/out	2	0	base	activation	59386420e40813bd	59386420e40813bd5103261c8a5aabaf7685fd5a002d43bf133a18585ba2d8bf	lerobot_groot_n15	n15	lerobot_groot_n15__robocasa365_ckpt120000		0	Fully slide the oven rack out.	robocasa_panda_omron/SlideOvenRack_PandaOmron_Env	100016	1300000	0	1			5		1	all_token_full	groot_n15_dit_block_residual_full_tokens_denoise	"[""layer"",""denoise_step"",""model_token"",""feature_dim""]"	[7,4,49,1536]	[0,2,4,8,10,12,15]	n15_grid_v5_scenario	grid_coord	meta	meta_json	8daefeabf020/kanu/OvenRack/out/s201/n0/base	201	1
8daefeabf020	kanu	OvenRack/out	2	1	base	activation	96d3000529669b24	96d3000529669b24c652c13b1df3d1620a6b42bd105ca17abb2e729ce2cb9c89	lerobot_groot_n15	n15	lerobot_groot_n15__robocasa365_ckpt120000		0	Fully slide the oven rack out.	robocasa_panda_omron/SlideOvenRack_PandaOmron_Env	100016	1300001	0	1			5		1	all_token_full	groot_n15_dit_block_residual_full_tokens_denoise	"[""layer"",""denoise_step"",""model_token"",""feature_dim""]"	[7,4,49,1536]	[0,2,4,8,10,12,15]	n15_grid_v5_scenario	grid_coord	meta	meta_json	8daefeabf020/kanu/OvenRack/out/s201/n1/base	201	1
8daefeabf020	kanu	OvenRack/out	2	2	base	activation	ed65d45b5c0b0572	ed65d45b5c0b0572f8bd9c4dbd0c1b7e5a56a85616fbd7d67051bc46f6150443	lerobot_groot_n15	n15	lerobot_groot_n15__robocasa365_ckpt120000		0	Fully slide the oven rack out.	robocasa_panda_omron/SlideOvenRack_PandaOmron_Env	100016	1300002	0	1			5		1	all_token_full	groot_n15_dit_block_residual_full_tokens_denoise	"[""layer"",""denoise_step"",""model_token"",""feature_dim""]"	[7,4,49,1536]	[0,2,4,8,10,12,15]	n15_grid_v5_scenario	grid_coord	meta	meta_json	8daefeabf020/kanu/OvenRack/out/s201/n2/base	201	1
8daefeabf020	kanu	OvenRack/out	2	3	base	activation	2c615ea4be9d7380	2c615ea4be9d7380cafde01bda06a0d57858ae7e6e56891f03ba5532285cbd6c	lerobot_groot_n15	n15	lerobot_groot_n15__robocasa365_ckpt120000		0	Fully slide the oven rack out.	robocasa_panda_omron/SlideOvenRack_PandaOmron_Env	100016	1300003	0	1			5		1	all_token_full	groot_n15_dit_block_residual_full_tokens_denoise	"[""layer"",""denoise_step"",""model_token"",""feature_dim""]"	[7,4,49,1536]	[0,2,4,8,10,12,15]	n15_grid_v5_scenario	grid_coord	meta	meta_json	8daefeabf020/kanu/OvenRack/out/s201/n3/base	201	1
8daefeabf020	kanu	OvenRack/out	2	4	base	activation	3178264aac20d072	3178264aac20d07201649cc994747437b38f21da66495cecc1589fe1c3fe9933	lerobot_groot_n15	n15	lerobot_groot_n15__robocasa365_ckpt120000		0	Fully slide the oven rack out.	robocasa_panda_omron/SlideOvenRack_PandaOmron_Env	100016	1300004	0	1			5		1	all_token_full	groot_n15_dit_block_residual_full_tokens_denoise	"[""layer"",""denoise_step"",""model_token"",""feature_dim""]"	[7,4,49,1536]	[0,2,4,8,10,12,15]	n15_grid_v5_scenario	grid_coord	meta	meta_json	8daefeabf020/kanu/OvenRack/out/s201/n4/base	201	1
8daefeabf020	kanu	OvenRack/out	2	0	base	activation	879090852603c647	879090852603c6471ed2ff2b52075d28bbc2f92475704a61520784a13341c458	lerobot_groot_n15	n15	lerobot_groot_n15__robocasa365_ckpt120000		0	Fully slide the oven rack out.	robocasa_panda_omron/SlideOvenRack_PandaOmron_Env	100016	1300000	0	1			5		1	all_token_full	groot_n15_dit_block_residual_full_tokens_denoise	"[""layer"",""denoise_step"",""model_token"",""feature_dim""]"	[7,4,49,1536]	[0,2,4,8,10,12,15]	n15_grid_v5_scenario	grid_coord	meta	meta_json	8daefeabf020/kanu/OvenRack/out/s202/n0/base	202	2
8daefeabf020	kanu	OvenRack/out	2	1	base	activation	951213cf35d9ab99	951213cf35d9ab99e17b46d834925649629df0932ebd6356919ffdf9153eb8a9	lerobot_groot_n15	n15	lerobot_groot_n15__robocasa365_ckpt120000		0	Fully slide the oven rack out.	robocasa_panda_omron/SlideOvenRack_PandaOmron_Env	100016	1300001	0	1			5		1	all_token_full	groot_n15_dit_block_residual_full_tokens_denoise	"[""layer"",""denoise_step"",""model_token"",""feature_dim""]"	[7,4,49,1536]	[0,2,4,8,10,12,15]	n15_grid_v5_scenario	grid_coord	meta	meta_json	8daefeabf020/kanu/OvenRack/out/s202/n1/base	202	2
8daefeabf020	kanu	OvenRack/out	2	2	base	activation	177ce5bb316dbbad	177ce5bb316dbbad9831a5b20b4b48a4d7002aaab449be2c8ad733a6a2fb4006	lerobot_groot_n15	n15	lerobot_groot_n15__robocasa365_ckpt120000		0	Fully slide the oven rack out.	robocasa_panda_omron/SlideOvenRack_PandaOmron_Env	100016	1300002	0	1			5		1	all_token_full	groot_n15_dit_block_residual_full_tokens_denoise	"[""layer"",""denoise_step"",""model_token"",""feature_dim""]"	[7,4,49,1536]	[0,2,4,8,10,12,15]	n15_grid_v5_scenario	grid_coord	meta	meta_json	8daefeabf020/kanu/OvenRack/out/s202/n2/base	202	2
8daefeabf020	kanu	OvenRack/out	2	3	base	activation	b1c3d946e12c56f9	b1c3d946e12c56f9c3bfd26eff65a39b73447b641a10614d9e5ac58cc3725e60	lerobot_groot_n15	n15	lerobot_groot_n15__robocasa365_ckpt120000		0	Fully slide the oven rack out.	robocasa_panda_omron/SlideOvenRack_PandaOmron_Env	100016	1300003	0	1			5		1	all_token_full	groot_n15_dit_block_residual_full_tokens_denoise	"[""layer"",""denoise_step"",""model_token"",""feature_dim""]"	[7,4,49,1536]	[0,2,4,8,10,12,15]	n15_grid_v5_scenario	grid_coord	meta	meta_json	8daefeabf020/kanu/OvenRack/out/s202/n3/base	202	2
8daefeabf020	kanu	OvenRack/out	2	4	base	activation	d73f067720d9a5fc	d73f067720d9a5fcb0f62f26602d07ebcf2bf499a1c4ea64a8fae34e6d7de267	lerobot_groot_n15	n15	lerobot_groot_n15__robocasa365_ckpt120000		0	Fully slide the oven rack out.	robocasa_panda_omron/SlideOvenRack_PandaOmron_Env	100016	1300004	0	1			5		1	all_token_full	groot_n15_dit_block_residual_full_tokens_denoise	"[""layer"",""denoise_step"",""model_token"",""feature_dim""]"	[7,4,49,1536]	[0,2,4,8,10,12,15]	n15_grid_v5_scenario	grid_coord	meta	meta_json	8daefeabf020/kanu/OvenRack/out/s202/n4/base	202	2
8daefeabf020	kanu	OvenRack/out	2	0	base	activation	1242c8746ba086e6	1242c8746ba086e6541b8e0c67c0fd2b98dad7dd88a73f08ff511ce2ea7e2edb	lerobot_groot_n15	n15	lerobot_groot_n15__robocasa365_ckpt120000		0	Fully slide the oven rack out.	robocasa_panda_omron/SlideOvenRack_PandaOmron_Env	100016	1300000	0	1			5		1	all_token_full	groot_n15_dit_block_residual_full_tokens_denoise	"[""layer"",""denoise_step"",""model_token"",""feature_dim""]"	[7,4,49,1536]	[0,2,4,8,10,12,15]	n15_grid_v5_scenario	grid_coord	meta	meta_json	8daefeabf020/kanu/OvenRack/out/s203/n0/base	203	3
8daefeabf020	kanu	OvenRack/out	2	1	base	activation	8023b3dd8094f898	8023b3dd8094f89875bd18e3cfa3341e81667e9edb0083265c39b3b4f8c64ccc	lerobot_groot_n15	n15	lerobot_groot_n15__robocasa365_ckpt120000		0	Fully slide the oven rack out.	robocasa_panda_omron/SlideOvenRack_PandaOmron_Env	100016	1300001	0	0			5		1	all_token_full	groot_n15_dit_block_residual_full_tokens_denoise	"[""layer"",""denoise_step"",""model_token"",""feature_dim""]"	[7,4,49,1536]	[0,2,4,8,10,12,15]	n15_grid_v5_scenario	grid_coord	meta	meta_json	8daefeabf020/kanu/OvenRack/out/s203/n1/base	203	3
8daefeabf020	kanu	OvenRack/out	2	2	base	activation	78f081d1764a790f	78f081d1764a790faa1293ee3c0e56ff785b29fb57e337205ace622270fd133d	lerobot_groot_n15	n15	lerobot_groot_n15__robocasa365_ckpt120000		0	Fully slide the oven rack out.	robocasa_panda_omron/SlideOvenRack_PandaOmron_Env	100016	1300002	0	1			5		1	all_token_full	groot_n15_dit_block_residual_full_tokens_denoise	"[""layer"",""denoise_step"",""model_token"",""feature_dim""]"	[7,4,49,1536]	[0,2,4,8,10,12,15]	n15_grid_v5_scenario	grid_coord	meta	meta_json	8daefeabf020/kanu/OvenRack/out/s203/n2/base	203	3
8daefeabf020	kanu	OvenRack/out	2	3	base	activation	a76d113cc6e0dab8	a76d113cc6e0dab8e1e232859d360563caf07840519cf9aefd2cfc77e11754b6	lerobot_groot_n15	n15	lerobot_groot_n15__robocasa365_ckpt120000		0	Fully slide the oven rack out.	robocasa_panda_omron/SlideOvenRack_PandaOmron_Env	100016	1300003	0	1			5		1	all_token_full	groot_n15_dit_block_residual_full_tokens_denoise	"[""layer"",""denoise_step"",""model_token"",""feature_dim""]"	[7,4,49,1536]	[0,2,4,8,10,12,15]	n15_grid_v5_scenario	grid_coord	meta	meta_json	8daefeabf020/kanu/OvenRack/out/s203/n3/base	203	3
8daefeabf020	kanu	OvenRack/out	2	4	base	activation	627aad6cf3cf83b9	627aad6cf3cf83b9d168f8c3c7dfb60bd927f6a5991660a007c5befd7bf4d94c	lerobot_groot_n15	n15	lerobot_groot_n15__robocasa365_ckpt120000		0	Fully slide the oven rack out.	robocasa_panda_omron/SlideOvenRack_PandaOmron_Env	100016	1300004	0	1			5		1	all_token_full	groot_n15_dit_block_residual_full_tokens_denoise	"[""layer"",""denoise_step"",""model_token"",""feature_dim""]"	[7,4,49,1536]	[0,2,4,8,10,12,15]	n15_grid_v5_scenario	grid_coord	meta	meta_json	8daefeabf020/kanu/OvenRack/out/s203/n4/base	203	3
8daefeabf020	kanu	OvenRack/out	2	0	base	activation	893bf703902c3576	893bf703902c3576d325e1e9ae23d4be08908b17698ca8102c85122e58da1e29	lerobot_groot_n15	n15	lerobot_groot_n15__robocasa365_ckpt120000		0	Fully slide the oven rack out.	robocasa_panda_omron/SlideOvenRack_PandaOmron_Env	100016	1300000	0	1			5		1	all_token_full	groot_n15_dit_block_residual_full_tokens_denoise	"[""layer"",""denoise_step"",""model_token"",""feature_dim""]"	[7,4,49,1536]	[0,2,4,8,10,12,15]	n15_grid_v5_scenario	grid_coord	meta	meta_json	8daefeabf020/kanu/OvenRack/out/s204/n0/base	204	4
8daefeabf020	kanu	OvenRack/out	2	1	base	activation	5e2f6474808e7407	5e2f6474808e7407886647a2e57f5ec8567acb91d77c6fe69e353b9f673f3617	lerobot_groot_n15	n15	lerobot_groot_n15__robocasa365_ckpt120000		0	Fully slide the oven rack out.	robocasa_panda_omron/SlideOvenRack_PandaOmron_Env	100016	1300001	0	1			5		1	all_token_full	groot_n15_dit_block_residual_full_tokens_denoise	"[""layer"",""denoise_step"",""model_token"",""feature_dim""]"	[7,4,49,1536]	[0,2,4,8,10,12,15]	n15_grid_v5_scenario	grid_coord	meta	meta_json	8daefeabf020/kanu/OvenRack/out/s204/n1/base	204	4
8daefeabf020	kanu	OvenRack/out	2	2	base	activation	ecb00d78294d346d	ecb00d78294d346d5aebea728e10480422beecbf200f5c3359feb50c990c1215	lerobot_groot_n15	n15	lerobot_groot_n15__robocasa365_ckpt120000		0	Fully slide the oven rack out.	robocasa_panda_omron/SlideOvenRack_PandaOmron_Env	100016	1300002	0	1			5		1	all_token_full	groot_n15_dit_block_residual_full_tokens_denoise	"[""layer"",""denoise_step"",""model_token"",""feature_dim""]"	[7,4,49,1536]	[0,2,4,8,10,12,15]	n15_grid_v5_scenario	grid_coord	meta	meta_json	8daefeabf020/kanu/OvenRack/out/s204/n2/base	204	4
8daefeabf020	kanu	OvenRack/out	2	3	base	activation	803e96b2c24d1cc0	803e96b2c24d1cc043ca9da508203bfca473efddb78adf0121986692ee870bf4	lerobot_groot_n15	n15	lerobot_groot_n15__robocasa365_ckpt120000		0	Fully slide the oven rack out.	robocasa_panda_omron/SlideOvenRack_PandaOmron_Env	100016	1300003	0	1			5		1	all_token_full	groot_n15_dit_block_residual_full_tokens_denoise	"[""layer"",""denoise_step"",""model_token"",""feature_dim""]"	[7,4,49,1536]	[0,2,4,8,10,12,15]	n15_grid_v5_scenario	grid_coord	meta	meta_json	8daefeabf020/kanu/OvenRack/out/s204/n3/base	204	4
8daefeabf020	kanu	OvenRack/out	2	4	base	activation	06b3d2f7f64c3345	06b3d2f7f64c33454df10fb625b500844d45a7b38a6d84a3cac9bdb57bbf8c70	lerobot_groot_n15	n15	lerobot_groot_n15__robocasa365_ckpt120000		0	Fully slide the oven rack out.	robocasa_panda_omron/SlideOvenRack_PandaOmron_Env	100016	1300004	0	1			5		1	all_token_full	groot_n15_dit_block_residual_full_tokens_denoise	"[""layer"",""denoise_step"",""model_token"",""feature_dim""]"	[7,4,49,1536]	[0,2,4,8,10,12,15]	n15_grid_v5_scenario	grid_coord	meta	meta_json	8daefeabf020/kanu/OvenRack/out/s204/n4/base	204	4
8daefeabf020	kanu	OvenRack/out	0	0	base	activation	217bf25a69676d3b	217bf25a69676d3bd1e49484609670a9922d7925f8bea50afe017f27aeae54d1	lerobot_groot_n15	n15	lerobot_groot_n15__robocasa365_ckpt120000		0	Fully slide the oven rack out.	robocasa_panda_omron/SlideOvenRack_PandaOmron_Env	100006	1300000	0	1			5		1	all_token_full	groot_n15_dit_block_residual_full_tokens_denoise	"[""layer"",""denoise_step"",""model_token"",""feature_dim""]"	[7,4,49,1536]	[0,2,4,8,10,12,15]	n15_grid_v5_scenario	grid_coord	meta	meta_json	8daefeabf020/kanu/OvenRack/out/s3/n0/base	3	3
8daefeabf020	kanu	OvenRack/out	0	1	base	activation	b4e4dc9677e81262	b4e4dc9677e8126278858a8875860cabb5b422101429a9de61efbc9dfef5ee27	lerobot_groot_n15	n15	lerobot_groot_n15__robocasa365_ckpt120000		0	Fully slide the oven rack out.	robocasa_panda_omron/SlideOvenRack_PandaOmron_Env	100006	1300001	0	1			5		1	all_token_full	groot_n15_dit_block_residual_full_tokens_denoise	"[""layer"",""denoise_step"",""model_token"",""feature_dim""]"	[7,4,49,1536]	[0,2,4,8,10,12,15]	n15_grid_v5_scenario	grid_coord	meta	meta_json	8daefeabf020/kanu/OvenRack/out/s3/n1/base	3	3
8daefeabf020	kanu	OvenRack/out	0	2	base	activation	379495189dbb3cee	379495189dbb3cee45c4c9262d09d2e0ca2ff895fafe0980e1051df0dc3a7293	lerobot_groot_n15	n15	lerobot_groot_n15__robocasa365_ckpt120000		0	Fully slide the oven rack out.	robocasa_panda_omron/SlideOvenRack_PandaOmron_Env	100006	1300002	0	1			5		1	all_token_full	groot_n15_dit_block_residual_full_tokens_denoise	"[""layer"",""denoise_step"",""model_token"",""feature_dim""]"	[7,4,49,1536]	[0,2,4,8,10,12,15]	n15_grid_v5_scenario	grid_coord	meta	meta_json	8daefeabf020/kanu/OvenRack/out/s3/n2/base	3	3
8daefeabf020	kanu	OvenRack/out	0	3	base	activation	a6381ac421a79e40	a6381ac421a79e406b8d860c81db09e4b1f71819d7c5561646952a12ece2341b	lerobot_groot_n15	n15	lerobot_groot_n15__robocasa365_ckpt120000		0	Fully slide the oven rack out.	robocasa_panda_omron/SlideOvenRack_PandaOmron_Env	100006	1300003	0	1			5		1	all_token_full	groot_n15_dit_block_residual_full_tokens_denoise	"[""layer"",""denoise_step"",""model_token"",""feature_dim""]"	[7,4,49,1536]	[0,2,4,8,10,12,15]	n15_grid_v5_scenario	grid_coord	meta	meta_json	8daefeabf020/kanu/OvenRack/out/s3/n3/base	3	3
8daefeabf020	kanu	OvenRack/out	0	4	base	activation	cc6f65aa232cb945	cc6f65aa232cb9450710e4557bb0cf117752f433f31896933513430b8c031db4	lerobot_groot_n15	n15	lerobot_groot_n15__robocasa365_ckpt120000		0	Fully slide the oven rack out.	robocasa_panda_omron/SlideOvenRack_PandaOmron_Env	100006	1300004	0	1			5		1	all_token_full	groot_n15_dit_block_residual_full_tokens_denoise	"[""layer"",""denoise_step"",""model_token"",""feature_dim""]"	[7,4,49,1536]	[0,2,4,8,10,12,15]	n15_grid_v5_scenario	grid_coord	meta	meta_json	8daefeabf020/kanu/OvenRack/out/s3/n4/base	3	3
8daefeabf020	kanu	OvenRack/out	3	0	base	activation	1799c33a491757af	1799c33a491757af47d21efa98c75c763f75f1eadeca19a48a95ac12058066ac	lerobot_groot_n15	n15	lerobot_groot_n15__robocasa365_ckpt120000		0	Fully slide the oven rack out.	robocasa_panda_omron/SlideOvenRack_PandaOmron_Env	100017	1300000	0	0			5		1	all_token_full	groot_n15_dit_block_residual_full_tokens_denoise	"[""layer"",""denoise_step"",""model_token"",""feature_dim""]"	[7,4,49,1536]	[0,2,4,8,10,12,15]	n15_grid_v5_scenario	grid_coord	meta	meta_json	8daefeabf020/kanu/OvenRack/out/s300/n0/base	300	0
8daefeabf020	kanu	OvenRack/out	3	1	base	activation	477a083d46f88053	477a083d46f880530fce92e4bf9051a98fdf1917ed21a4e2b0ea5f0d3374fce1	lerobot_groot_n15	n15	lerobot_groot_n15__robocasa365_ckpt120000		0	Fully slide the oven rack out.	robocasa_panda_omron/SlideOvenRack_PandaOmron_Env	100017	1300001	0	1			5		1	all_token_full	groot_n15_dit_block_residual_full_tokens_denoise	"[""layer"",""denoise_step"",""model_token"",""feature_dim""]"	[7,4,49,1536]	[0,2,4,8,10,12,15]	n15_grid_v5_scenario	grid_coord	meta	meta_json	8daefeabf020/kanu/OvenRack/out/s300/n1/base	300	0
8daefeabf020	kanu	OvenRack/out	3	2	base	activation	852bd41541a5b9b6	852bd41541a5b9b6e2ecaf1757e46526f7fd5b9a3a8f5d8e808f915901ea0676	lerobot_groot_n15	n15	lerobot_groot_n15__robocasa365_ckpt120000		0	Fully slide the oven rack out.	robocasa_panda_omron/SlideOvenRack_PandaOmron_Env	100017	1300002	0	1			5		1	all_token_full	groot_n15_dit_block_residual_full_tokens_denoise	"[""layer"",""denoise_step"",""model_token"",""feature_dim""]"	[7,4,49,1536]	[0,2,4,8,10,12,15]	n15_grid_v5_scenario	grid_coord	meta	meta_json	8daefeabf020/kanu/OvenRack/out/s300/n2/base	300	0
8daefeabf020	kanu	OvenRack/out	3	3	base	activation	b23c54d6c87699ad	b23c54d6c87699adc6167f824933135e7458256c0c9dcbba63fae5ab1cd5400e	lerobot_groot_n15	n15	lerobot_groot_n15__robocasa365_ckpt120000		0	Fully slide the oven rack out.	robocasa_panda_omron/SlideOvenRack_PandaOmron_Env	100017	1300003	0	1			5		1	all_token_full	groot_n15_dit_block_residual_full_tokens_denoise	"[""layer"",""denoise_step"",""model_token"",""feature_dim""]"	[7,4,49,1536]	[0,2,4,8,10,12,15]	n15_grid_v5_scenario	grid_coord	meta	meta_json	8daefeabf020/kanu/OvenRack/out/s300/n3/base	300	0
8daefeabf020	kanu	OvenRack/out	3	4	base	activation	0ef0b80fe877991b	0ef0b80fe877991bf0ae359078b04e65a12c116246473f5fc6209643b3538ca1	lerobot_groot_n15	n15	lerobot_groot_n15__robocasa365_ckpt120000		0	Fully slide the oven rack out.	robocasa_panda_omron/SlideOvenRack_PandaOmron_Env	100017	1300004	0	1			5		1	all_token_full	groot_n15_dit_block_residual_full_tokens_denoise	"[""layer"",""denoise_step"",""model_token"",""feature_dim""]"	[7,4,49,1536]	[0,2,4,8,10,12,15]	n15_grid_v5_scenario	grid_coord	meta	meta_json	8daefeabf020/kanu/OvenRack/out/s300/n4/base	300	0
8daefeabf020	kanu	OvenRack/out	3	0	base	activation	0868badf649da618	0868badf649da6182fadf71d0213624928c9ad5feceabae12eeb70a88bd5a676	lerobot_groot_n15	n15	lerobot_groot_n15__robocasa365_ckpt120000		0	Fully slide the oven rack out.	robocasa_panda_omron/SlideOvenRack_PandaOmron_Env	100017	1300000	0	1			5		1	all_token_full	groot_n15_dit_block_residual_full_tokens_denoise	"[""layer"",""denoise_step"",""model_token"",""feature_dim""]"	[7,4,49,1536]	[0,2,4,8,10,12,15]	n15_grid_v5_scenario	grid_coord	meta	meta_json	8daefeabf020/kanu/OvenRack/out/s301/n0/base	301	1
8daefeabf020	kanu	OvenRack/out	3	1	base	activation	18aa2076ad030294	18aa2076ad0302947ccbf25777728c7ed4c96fa20bde047662d768d77731a6b9	lerobot_groot_n15	n15	lerobot_groot_n15__robocasa365_ckpt120000		0	Fully slide the oven rack out.	robocasa_panda_omron/SlideOvenRack_PandaOmron_Env	100017	1300001	0	1			5		1	all_token_full	groot_n15_dit_block_residual_full_tokens_denoise	"[""layer"",""denoise_step"",""model_token"",""feature_dim""]"	[7,4,49,1536]	[0,2,4,8,10,12,15]	n15_grid_v5_scenario	grid_coord	meta	meta_json	8daefeabf020/kanu/OvenRack/out/s301/n1/base	301	1
8daefeabf020	kanu	OvenRack/out	3	2	base	activation	c3e6f0b1d569c5a7	c3e6f0b1d569c5a7daa2e6aa06ae17ae1f6f39f0758a8d8c0784ec16a18bf2d9	lerobot_groot_n15	n15	lerobot_groot_n15__robocasa365_ckpt120000		0	Fully slide the oven rack out.	robocasa_panda_omron/SlideOvenRack_PandaOmron_Env	100017	1300002	0	1			5		1	all_token_full	groot_n15_dit_block_residual_full_tokens_denoise	"[""layer"",""denoise_step"",""model_token"",""feature_dim""]"	[7,4,49,1536]	[0,2,4,8,10,12,15]	n15_grid_v5_scenario	grid_coord	meta	meta_json	8daefeabf020/kanu/OvenRack/out/s301/n2/base	301	1
8daefeabf020	kanu	OvenRack/out	3	3	base	activation	2f4285fcbce539e3	2f4285fcbce539e32ca0baefe589b2c963bd6069f271ccfc7441c24fb2c47bc6	lerobot_groot_n15	n15	lerobot_groot_n15__robocasa365_ckpt120000		0	Fully slide the oven rack out.	robocasa_panda_omron/SlideOvenRack_PandaOmron_Env	100017	1300003	0	1			5		1	all_token_full	groot_n15_dit_block_residual_full_tokens_denoise	"[""layer"",""denoise_step"",""model_token"",""feature_dim""]"	[7,4,49,1536]	[0,2,4,8,10,12,15]	n15_grid_v5_scenario	grid_coord	meta	meta_json	8daefeabf020/kanu/OvenRack/out/s301/n3/base	301	1
8daefeabf020	kanu	OvenRack/out	3	4	base	activation	b64630dd072fc00e	b64630dd072fc00ee7384e055d7c9f80505b7efa0cdbf518d008f44280d24cdc	lerobot_groot_n15	n15	lerobot_groot_n15__robocasa365_ckpt120000		0	Fully slide the oven rack out.	robocasa_panda_omron/SlideOvenRack_PandaOmron_Env	100017	1300004	0	1			5		1	all_token_full	groot_n15_dit_block_residual_full_tokens_denoise	"[""layer"",""denoise_step"",""model_token"",""feature_dim""]"	[7,4,49,1536]	[0,2,4,8,10,12,15]	n15_grid_v5_scenario	grid_coord	meta	meta_json	8daefeabf020/kanu/OvenRack/out/s301/n4/base	301	1
8daefeabf020	kanu	OvenRack/out	3	0	base	activation	e67cab6ec7f77967	e67cab6ec7f77967caaa111d53863eda2f170989cfdc74d9634e5ccf6ab5eb1f	lerobot_groot_n15	n15	lerobot_groot_n15__robocasa365_ckpt120000		0	Fully slide the oven rack out.	robocasa_panda_omron/SlideOvenRack_PandaOmron_Env	100017	1300000	0	1			5		1	all_token_full	groot_n15_dit_block_residual_full_tokens_denoise	"[""layer"",""denoise_step"",""model_token"",""feature_dim""]"	[7,4,49,1536]	[0,2,4,8,10,12,15]	n15_grid_v5_scenario	grid_coord	meta	meta_json	8daefeabf020/kanu/OvenRack/out/s302/n0/base	302	2
8daefeabf020	kanu	OvenRack/out	3	1	base	activation	af399a27fe0b314c	af399a27fe0b314c1375bdd419fcfcc9aadc56503ff0744392b654c78a2cb89e	lerobot_groot_n15	n15	lerobot_groot_n15__robocasa365_ckpt120000		0	Fully slide the oven rack out.	robocasa_panda_omron/SlideOvenRack_PandaOmron_Env	100017	1300001	0	1			5		1	all_token_full	groot_n15_dit_block_residual_full_tokens_denoise	"[""layer"",""denoise_step"",""model_token"",""feature_dim""]"	[7,4,49,1536]	[0,2,4,8,10,12,15]	n15_grid_v5_scenario	grid_coord	meta	meta_json	8daefeabf020/kanu/OvenRack/out/s302/n1/base	302	2
8daefeabf020	kanu	OvenRack/out	3	2	base	activation	67f8326824d38994	67f8326824d38994a4822d7a6017d19abf1335e0d83031f0dba27ed73b0a399e	lerobot_groot_n15	n15	lerobot_groot_n15__robocasa365_ckpt120000		0	Fully slide the oven rack out.	robocasa_panda_omron/SlideOvenRack_PandaOmron_Env	100017	1300002	0	1			5		1	all_token_full	groot_n15_dit_block_residual_full_tokens_denoise	"[""layer"",""denoise_step"",""model_token"",""feature_dim""]"	[7,4,49,1536]	[0,2,4,8,10,12,15]	n15_grid_v5_scenario	grid_coord	meta	meta_json	8daefeabf020/kanu/OvenRack/out/s302/n2/base	302	2
8daefeabf020	kanu	OvenRack/out	3	3	base	activation	d9682d1eda4a597f	d9682d1eda4a597fb36495dd417abe52d2217ce519f056e84a13cd4e85e0ee0d	lerobot_groot_n15	n15	lerobot_groot_n15__robocasa365_ckpt120000		0	Fully slide the oven rack out.	robocasa_panda_omron/SlideOvenRack_PandaOmron_Env	100017	1300003	0	1			5		1	all_token_full	groot_n15_dit_block_residual_full_tokens_denoise	"[""layer"",""denoise_step"",""model_token"",""feature_dim""]"	[7,4,49,1536]	[0,2,4,8,10,12,15]	n15_grid_v5_scenario	grid_coord	meta	meta_json	8daefeabf020/kanu/OvenRack/out/s302/n3/base	302	2
8daefeabf020	kanu	OvenRack/out	3	4	base	activation	98e668d6536b60c9	98e668d6536b60c941bc3bbfe1426f3d1df21fcc817d762f497fd28b734fb26b	lerobot_groot_n15	n15	lerobot_groot_n15__robocasa365_ckpt120000		0	Fully slide the oven rack out.	robocasa_panda_omron/SlideOvenRack_PandaOmron_Env	100017	1300004	0	1			5		1	all_token_full	groot_n15_dit_block_residual_full_tokens_denoise	"[""layer"",""denoise_step"",""model_token"",""feature_dim""]"	[7,4,49,1536]	[0,2,4,8,10,12,15]	n15_grid_v5_scenario	grid_coord	meta	meta_json	8daefeabf020/kanu/OvenRack/out/s302/n4/base	302	2
8daefeabf020	kanu	OvenRack/out	3	0	base	activation	87bba97dbba076bf	87bba97dbba076bfc4ad4ec3008c54f835435a11bdf79c46ac9452cf6fa061f1	lerobot_groot_n15	n15	lerobot_groot_n15__robocasa365_ckpt120000		0	Fully slide the oven rack out.	robocasa_panda_omron/SlideOvenRack_PandaOmron_Env	100017	1300000	0	1			5		1	all_token_full	groot_n15_dit_block_residual_full_tokens_denoise	"[""layer"",""denoise_step"",""model_token"",""feature_dim""]"	[7,4,49,1536]	[0,2,4,8,10,12,15]	n15_grid_v5_scenario	grid_coord	meta	meta_json	8daefeabf020/kanu/OvenRack/out/s303/n0/base	303	3
8daefeabf020	kanu	OvenRack/out	3	1	base	activation	289bfe823b67fa4b	289bfe823b67fa4b7ede2c5da0787739d54519820792f429a157fb0852d2bb34	lerobot_groot_n15	n15	lerobot_groot_n15__robocasa365_ckpt120000		0	Fully slide the oven rack out.	robocasa_panda_omron/SlideOvenRack_PandaOmron_Env	100017	1300001	0	1			5		1	all_token_full	groot_n15_dit_block_residual_full_tokens_denoise	"[""layer"",""denoise_step"",""model_token"",""feature_dim""]"	[7,4,49,1536]	[0,2,4,8,10,12,15]	n15_grid_v5_scenario	grid_coord	meta	meta_json	8daefeabf020/kanu/OvenRack/out/s303/n1/base	303	3
8daefeabf020	kanu	OvenRack/out	3	2	base	activation	592487503288fae4	592487503288fae4bd123cd3db22321757bf49b5f8b7a68aef7c8391434ce0d2	lerobot_groot_n15	n15	lerobot_groot_n15__robocasa365_ckpt120000		0	Fully slide the oven rack out.	robocasa_panda_omron/SlideOvenRack_PandaOmron_Env	100017	1300002	0	1			5		1	all_token_full	groot_n15_dit_block_residual_full_tokens_denoise	"[""layer"",""denoise_step"",""model_token"",""feature_dim""]"	[7,4,49,1536]	[0,2,4,8,10,12,15]	n15_grid_v5_scenario	grid_coord	meta	meta_json	8daefeabf020/kanu/OvenRack/out/s303/n2/base	303	3
8daefeabf020	kanu	OvenRack/out	3	3	base	activation	c8c95bceb679e67c	c8c95bceb679e67cb0a50bf24425df1b50be1394c6242eb4b6c93d1e4ff5dae2	lerobot_groot_n15	n15	lerobot_groot_n15__robocasa365_ckpt120000		0	Fully slide the oven rack out.	robocasa_panda_omron/SlideOvenRack_PandaOmron_Env	100017	1300003	0	1			5		1	all_token_full	groot_n15_dit_block_residual_full_tokens_denoise	"[""layer"",""denoise_step"",""model_token"",""feature_dim""]"	[7,4,49,1536]	[0,2,4,8,10,12,15]	n15_grid_v5_scenario	grid_coord	meta	meta_json	8daefeabf020/kanu/OvenRack/out/s303/n3/base	303	3
8daefeabf020	kanu	OvenRack/out	3	4	base	activation	c8650fe922bc0b5d	c8650fe922bc0b5d8b5b723e60fbe2be6e63b013f8f3d6070ac8b979b837f019	lerobot_groot_n15	n15	lerobot_groot_n15__robocasa365_ckpt120000		0	Fully slide the oven rack out.	robocasa_panda_omron/SlideOvenRack_PandaOmron_Env	100017	1300004	0	1			5		1	all_token_full	groot_n15_dit_block_residual_full_tokens_denoise	"[""layer"",""denoise_step"",""model_token"",""feature_dim""]"	[7,4,49,1536]	[0,2,4,8,10,12,15]	n15_grid_v5_scenario	grid_coord	meta	meta_json	8daefeabf020/kanu/OvenRack/out/s303/n4/base	303	3
8daefeabf020	kanu	OvenRack/out	3	0	base	activation	c4e0c914d92535d3	c4e0c914d92535d3388984238a63b5d333b7b27561eff687fae852f698ee0346	lerobot_groot_n15	n15	lerobot_groot_n15__robocasa365_ckpt120000		0	Fully slide the oven rack out.	robocasa_panda_omron/SlideOvenRack_PandaOmron_Env	100017	1300000	0	1			5		1	all_token_full	groot_n15_dit_block_residual_full_tokens_denoise	"[""layer"",""denoise_step"",""model_token"",""feature_dim""]"	[7,4,49,1536]	[0,2,4,8,10,12,15]	n15_grid_v5_scenario	grid_coord	meta	meta_json	8daefeabf020/kanu/OvenRack/out/s304/n0/base	304	4
8daefeabf020	kanu	OvenRack/out	3	1	base	activation	482dd0f17a60e5bb	482dd0f17a60e5bb8965ea97d5006a730dec57378cdde024e027bc7c4d612097	lerobot_groot_n15	n15	lerobot_groot_n15__robocasa365_ckpt120000		0	Fully slide the oven rack out.	robocasa_panda_omron/SlideOvenRack_PandaOmron_Env	100017	1300001	0	1			5		1	all_token_full	groot_n15_dit_block_residual_full_tokens_denoise	"[""layer"",""denoise_step"",""model_token"",""feature_dim""]"	[7,4,49,1536]	[0,2,4,8,10,12,15]	n15_grid_v5_scenario	grid_coord	meta	meta_json	8daefeabf020/kanu/OvenRack/out/s304/n1/base	304	4
8daefeabf020	kanu	OvenRack/out	3	2	base	activation	d858ffb2f023102f	d858ffb2f023102ff478d2ff058982c41ad3a6efe33c50592110223ac140b499	lerobot_groot_n15	n15	lerobot_groot_n15__robocasa365_ckpt120000		0	Fully slide the oven rack out.	robocasa_panda_omron/SlideOvenRack_PandaOmron_Env	100017	1300002	0	1			5		1	all_token_full	groot_n15_dit_block_residual_full_tokens_denoise	"[""layer"",""denoise_step"",""model_token"",""feature_dim""]"	[7,4,49,1536]	[0,2,4,8,10,12,15]	n15_grid_v5_scenario	grid_coord	meta	meta_json	8daefeabf020/kanu/OvenRack/out/s304/n2/base	304	4
8daefeabf020	kanu	OvenRack/out	3	3	base	activation	0b862d4b9add7d72	0b862d4b9add7d723493d404c15d85c82be04f17d23840d5c59e573a76e26914	lerobot_groot_n15	n15	lerobot_groot_n15__robocasa365_ckpt120000		0	Fully slide the oven rack out.	robocasa_panda_omron/SlideOvenRack_PandaOmron_Env	100017	1300003	0	1			5		1	all_token_full	groot_n15_dit_block_residual_full_tokens_denoise	"[""layer"",""denoise_step"",""model_token"",""feature_dim""]"	[7,4,49,1536]	[0,2,4,8,10,12,15]	n15_grid_v5_scenario	grid_coord	meta	meta_json	8daefeabf020/kanu/OvenRack/out/s304/n3/base	304	4
8daefeabf020	kanu	OvenRack/out	3	4	base	activation	2c3e53d7d2939f62	2c3e53d7d2939f626485a9cb929159d9e26ee54913f7c72c51c9bfa906f5c476	lerobot_groot_n15	n15	lerobot_groot_n15__robocasa365_ckpt120000		0	Fully slide the oven rack out.	robocasa_panda_omron/SlideOvenRack_PandaOmron_Env	100017	1300004	0	1			5		1	all_token_full	groot_n15_dit_block_residual_full_tokens_denoise	"[""layer"",""denoise_step"",""model_token"",""feature_dim""]"	[7,4,49,1536]	[0,2,4,8,10,12,15]	n15_grid_v5_scenario	grid_coord	meta	meta_json	8daefeabf020/kanu/OvenRack/out/s304/n4/base	304	4
8daefeabf020	kanu	OvenRack/out	0	0	base	activation	f4e00043464a1b80	f4e00043464a1b80d6238461566fe5b9fb87a4bfa37644bb1e24e9fd207f4369	lerobot_groot_n15	n15	lerobot_groot_n15__robocasa365_ckpt120000		0	Fully slide the oven rack out.	robocasa_panda_omron/SlideOvenRack_PandaOmron_Env	100006	1300000	0	1			5		1	all_token_full	groot_n15_dit_block_residual_full_tokens_denoise	"[""layer"",""denoise_step"",""model_token"",""feature_dim""]"	[7,4,49,1536]	[0,2,4,8,10,12,15]	n15_grid_v5_scenario	grid_coord	meta	meta_json	8daefeabf020/kanu/OvenRack/out/s4/n0/base	4	4
8daefeabf020	kanu	OvenRack/out	0	1	base	activation	d6632eb2f06fe7a2	d6632eb2f06fe7a2ffeb9de10c51fa3b47eb9badfe1260e12a6dd738bbd5417c	lerobot_groot_n15	n15	lerobot_groot_n15__robocasa365_ckpt120000		0	Fully slide the oven rack out.	robocasa_panda_omron/SlideOvenRack_PandaOmron_Env	100006	1300001	0	1			5		1	all_token_full	groot_n15_dit_block_residual_full_tokens_denoise	"[""layer"",""denoise_step"",""model_token"",""feature_dim""]"	[7,4,49,1536]	[0,2,4,8,10,12,15]	n15_grid_v5_scenario	grid_coord	meta	meta_json	8daefeabf020/kanu/OvenRack/out/s4/n1/base	4	4
8daefeabf020	kanu	OvenRack/out	0	2	base	activation	53faf660a3f7af62	53faf660a3f7af62d0e6746d80c16f3cb87bbad8c71fdba24f01ac093a3b6e44	lerobot_groot_n15	n15	lerobot_groot_n15__robocasa365_ckpt120000		0	Fully slide the oven rack out.	robocasa_panda_omron/SlideOvenRack_PandaOmron_Env	100006	1300002	0	1			5		1	all_token_full	groot_n15_dit_block_residual_full_tokens_denoise	"[""layer"",""denoise_step"",""model_token"",""feature_dim""]"	[7,4,49,1536]	[0,2,4,8,10,12,15]	n15_grid_v5_scenario	grid_coord	meta	meta_json	8daefeabf020/kanu/OvenRack/out/s4/n2/base	4	4
8daefeabf020	kanu	OvenRack/out	0	3	base	activation	2994312cbee1e6b3	2994312cbee1e6b374465ab8e5fdccbb7778d9e6a40f341c56a8cc0701c80090	lerobot_groot_n15	n15	lerobot_groot_n15__robocasa365_ckpt120000		0	Fully slide the oven rack out.	robocasa_panda_omron/SlideOvenRack_PandaOmron_Env	100006	1300003	0	1			5		1	all_token_full	groot_n15_dit_block_residual_full_tokens_denoise	"[""layer"",""denoise_step"",""model_token"",""feature_dim""]"	[7,4,49,1536]	[0,2,4,8,10,12,15]	n15_grid_v5_scenario	grid_coord	meta	meta_json	8daefeabf020/kanu/OvenRack/out/s4/n3/base	4	4
8daefeabf020	kanu	OvenRack/out	0	4	base	activation	fe45c7fee779a1f2	fe45c7fee779a1f2432851831f43eb4ffa36f642b42494bdd819d23bbf0a6a87	lerobot_groot_n15	n15	lerobot_groot_n15__robocasa365_ckpt120000		0	Fully slide the oven rack out.	robocasa_panda_omron/SlideOvenRack_PandaOmron_Env	100006	1300004	0	1			5		1	all_token_full	groot_n15_dit_block_residual_full_tokens_denoise	"[""layer"",""denoise_step"",""model_token"",""feature_dim""]"	[7,4,49,1536]	[0,2,4,8,10,12,15]	n15_grid_v5_scenario	grid_coord	meta	meta_json	8daefeabf020/kanu/OvenRack/out/s4/n4/base	4	4
8daefeabf020	kanu	OvenRack/out	4	0	base	activation	3a194c25946713e1	3a194c25946713e1c9db22101363a9a64cd8e2defb503539f62e8b8b502777e5	lerobot_groot_n15	n15	lerobot_groot_n15__robocasa365_ckpt120000		0	Fully slide the oven rack out.	robocasa_panda_omron/SlideOvenRack_PandaOmron_Env	100020	1300000	0	0			5		1	all_token_full	groot_n15_dit_block_residual_full_tokens_denoise	"[""layer"",""denoise_step"",""model_token"",""feature_dim""]"	[7,4,49,1536]	[0,2,4,8,10,12,15]	n15_grid_v5_scenario	grid_coord	meta	meta_json	8daefeabf020/kanu/OvenRack/out/s400/n0/base	400	0
8daefeabf020	kanu	OvenRack/out	4	1	base	activation	d07a8d35c96470ec	d07a8d35c96470ecfbbf9967dc647a57802ccc5883469c9f0b9cbb3477c6f679	lerobot_groot_n15	n15	lerobot_groot_n15__robocasa365_ckpt120000		0	Fully slide the oven rack out.	robocasa_panda_omron/SlideOvenRack_PandaOmron_Env	100020	1300001	0	0			5		1	all_token_full	groot_n15_dit_block_residual_full_tokens_denoise	"[""layer"",""denoise_step"",""model_token"",""feature_dim""]"	[7,4,49,1536]	[0,2,4,8,10,12,15]	n15_grid_v5_scenario	grid_coord	meta	meta_json	8daefeabf020/kanu/OvenRack/out/s400/n1/base	400	0
8daefeabf020	kanu	OvenRack/out	4	2	base	activation	7ce404ff8468e790	7ce404ff8468e790539cf46a82762b583f6fe16e847846555d3ef6e48e5ca4d1	lerobot_groot_n15	n15	lerobot_groot_n15__robocasa365_ckpt120000		0	Fully slide the oven rack out.	robocasa_panda_omron/SlideOvenRack_PandaOmron_Env	100020	1300002	0	0			5		1	all_token_full	groot_n15_dit_block_residual_full_tokens_denoise	"[""layer"",""denoise_step"",""model_token"",""feature_dim""]"	[7,4,49,1536]	[0,2,4,8,10,12,15]	n15_grid_v5_scenario	grid_coord	meta	meta_json	8daefeabf020/kanu/OvenRack/out/s400/n2/base	400	0
8daefeabf020	kanu	OvenRack/out	4	3	base	activation	646727b81b036c82	646727b81b036c82459fbfd4f648d7c636d5d87c31b75b67ff2ab65cde78acea	lerobot_groot_n15	n15	lerobot_groot_n15__robocasa365_ckpt120000		0	Fully slide the oven rack out.	robocasa_panda_omron/SlideOvenRack_PandaOmron_Env	100020	1300003	0	0			5		1	all_token_full	groot_n15_dit_block_residual_full_tokens_denoise	"[""layer"",""denoise_step"",""model_token"",""feature_dim""]"	[7,4,49,1536]	[0,2,4,8,10,12,15]	n15_grid_v5_scenario	grid_coord	meta	meta_json	8daefeabf020/kanu/OvenRack/out/s400/n3/base	400	0
8daefeabf020	kanu	OvenRack/out	4	4	base	activation	5f4828b3118294d5	5f4828b3118294d5367d640f0fd3564303b163d0cdacd6fa0d68f13c7a390ffa	lerobot_groot_n15	n15	lerobot_groot_n15__robocasa365_ckpt120000		0	Fully slide the oven rack out.	robocasa_panda_omron/SlideOvenRack_PandaOmron_Env	100020	1300004	0	0			5		1	all_token_full	groot_n15_dit_block_residual_full_tokens_denoise	"[""layer"",""denoise_step"",""model_token"",""feature_dim""]"	[7,4,49,1536]	[0,2,4,8,10,12,15]	n15_grid_v5_scenario	grid_coord	meta	meta_json	8daefeabf020/kanu/OvenRack/out/s400/n4/base	400	0
8daefeabf020	kanu	OvenRack/out	4	0	base	activation	5e597ec8c4af2bd6	5e597ec8c4af2bd631e6e543eff7a3fca509a9ad40ad5a1e258e78ab655fc690	lerobot_groot_n15	n15	lerobot_groot_n15__robocasa365_ckpt120000		0	Fully slide the oven rack out.	robocasa_panda_omron/SlideOvenRack_PandaOmron_Env	100020	1300000	0	0			5		1	all_token_full	groot_n15_dit_block_residual_full_tokens_denoise	"[""layer"",""denoise_step"",""model_token"",""feature_dim""]"	[7,4,49,1536]	[0,2,4,8,10,12,15]	n15_grid_v5_scenario	grid_coord	meta	meta_json	8daefeabf020/kanu/OvenRack/out/s401/n0/base	401	1
8daefeabf020	kanu	OvenRack/out	4	1	base	activation	46ed61526e6b0462	46ed61526e6b0462963e447ceb93f9760f621e4a03d47e93830323283c739872	lerobot_groot_n15	n15	lerobot_groot_n15__robocasa365_ckpt120000		0	Fully slide the oven rack out.	robocasa_panda_omron/SlideOvenRack_PandaOmron_Env	100020	1300001	0	0			5		1	all_token_full	groot_n15_dit_block_residual_full_tokens_denoise	"[""layer"",""denoise_step"",""model_token"",""feature_dim""]"	[7,4,49,1536]	[0,2,4,8,10,12,15]	n15_grid_v5_scenario	grid_coord	meta	meta_json	8daefeabf020/kanu/OvenRack/out/s401/n1/base	401	1
8daefeabf020	kanu	OvenRack/out	4	2	base	activation	ee69616b3c6c1722	ee69616b3c6c17220e8d5263cd94d042ad22aa29bfaee7687abc881661ea641f	lerobot_groot_n15	n15	lerobot_groot_n15__robocasa365_ckpt120000		0	Fully slide the oven rack out.	robocasa_panda_omron/SlideOvenRack_PandaOmron_Env	100020	1300002	0	0			5		1	all_token_full	groot_n15_dit_block_residual_full_tokens_denoise	"[""layer"",""denoise_step"",""model_token"",""feature_dim""]"	[7,4,49,1536]	[0,2,4,8,10,12,15]	n15_grid_v5_scenario	grid_coord	meta	meta_json	8daefeabf020/kanu/OvenRack/out/s401/n2/base	401	1
8daefeabf020	kanu	OvenRack/out	4	3	base	activation	245032acbd166de2	245032acbd166de2023e05013754b2330cb4c70c6a724208d1fdea7ae72cba0c	lerobot_groot_n15	n15	lerobot_groot_n15__robocasa365_ckpt120000		0	Fully slide the oven rack out.	robocasa_panda_omron/SlideOvenRack_PandaOmron_Env	100020	1300003	0	1			5		1	all_token_full	groot_n15_dit_block_residual_full_tokens_denoise	"[""layer"",""denoise_step"",""model_token"",""feature_dim""]"	[7,4,49,1536]	[0,2,4,8,10,12,15]	n15_grid_v5_scenario	grid_coord	meta	meta_json	8daefeabf020/kanu/OvenRack/out/s401/n3/base	401	1
8daefeabf020	kanu	OvenRack/out	4	4	base	activation	dc40d1b64136a0fc	dc40d1b64136a0fc2f3937f86773e0d5ec9e5d70605343961be21f78936aec3a	lerobot_groot_n15	n15	lerobot_groot_n15__robocasa365_ckpt120000		0	Fully slide the oven rack out.	robocasa_panda_omron/SlideOvenRack_PandaOmron_Env	100020	1300004	0	0			5		1	all_token_full	groot_n15_dit_block_residual_full_tokens_denoise	"[""layer"",""denoise_step"",""model_token"",""feature_dim""]"	[7,4,49,1536]	[0,2,4,8,10,12,15]	n15_grid_v5_scenario	grid_coord	meta	meta_json	8daefeabf020/kanu/OvenRack/out/s401/n4/base	401	1
8daefeabf020	kanu	OvenRack/out	4	0	base	activation	57664da18abef07e	57664da18abef07ed04be8d0cc779ae723b1ae7f3d90f96e860c3fbcda8322e2	lerobot_groot_n15	n15	lerobot_groot_n15__robocasa365_ckpt120000		0	Fully slide the oven rack out.	robocasa_panda_omron/SlideOvenRack_PandaOmron_Env	100020	1300000	0	0			5		1	all_token_full	groot_n15_dit_block_residual_full_tokens_denoise	"[""layer"",""denoise_step"",""model_token"",""feature_dim""]"	[7,4,49,1536]	[0,2,4,8,10,12,15]	n15_grid_v5_scenario	grid_coord	meta	meta_json	8daefeabf020/kanu/OvenRack/out/s402/n0/base	402	2
8daefeabf020	kanu	OvenRack/out	4	1	base	activation	9c8a351987fd15a2	9c8a351987fd15a24222597f07bf0179d4aaf26835ec4ec748605d002a057b08	lerobot_groot_n15	n15	lerobot_groot_n15__robocasa365_ckpt120000		0	Fully slide the oven rack out.	robocasa_panda_omron/SlideOvenRack_PandaOmron_Env	100020	1300001	0	0			5		1	all_token_full	groot_n15_dit_block_residual_full_tokens_denoise	"[""layer"",""denoise_step"",""model_token"",""feature_dim""]"	[7,4,49,1536]	[0,2,4,8,10,12,15]	n15_grid_v5_scenario	grid_coord	meta	meta_json	8daefeabf020/kanu/OvenRack/out/s402/n1/base	402	2
8daefeabf020	kanu	OvenRack/out	4	2	base	activation	2fc55ed76fed4708	2fc55ed76fed470870e8893b6a90a85861e6ab979d540fba79b62ca6930526fc	lerobot_groot_n15	n15	lerobot_groot_n15__robocasa365_ckpt120000		0	Fully slide the oven rack out.	robocasa_panda_omron/SlideOvenRack_PandaOmron_Env	100020	1300002	0	0			5		1	all_token_full	groot_n15_dit_block_residual_full_tokens_denoise	"[""layer"",""denoise_step"",""model_token"",""feature_dim""]"	[7,4,49,1536]	[0,2,4,8,10,12,15]	n15_grid_v5_scenario	grid_coord	meta	meta_json	8daefeabf020/kanu/OvenRack/out/s402/n2/base	402	2
8daefeabf020	kanu	OvenRack/out	4	3	base	activation	1e7cff02fcba182f	1e7cff02fcba182f1b348352ff869d787e8969084a596013a0c7432292807b11	lerobot_groot_n15	n15	lerobot_groot_n15__robocasa365_ckpt120000		0	Fully slide the oven rack out.	robocasa_panda_omron/SlideOvenRack_PandaOmron_Env	100020	1300003	0	0			5		1	all_token_full	groot_n15_dit_block_residual_full_tokens_denoise	"[""layer"",""denoise_step"",""model_token"",""feature_dim""]"	[7,4,49,1536]	[0,2,4,8,10,12,15]	n15_grid_v5_scenario	grid_coord	meta	meta_json	8daefeabf020/kanu/OvenRack/out/s402/n3/base	402	2
8daefeabf020	kanu	OvenRack/out	4	4	base	activation	ce25a74b92b9550e	ce25a74b92b9550e48a1b6dd5716e5b28c440175b999f84dbc6e7c448849ad2e	lerobot_groot_n15	n15	lerobot_groot_n15__robocasa365_ckpt120000		0	Fully slide the oven rack out.	robocasa_panda_omron/SlideOvenRack_PandaOmron_Env	100020	1300004	0	0			5		1	all_token_full	groot_n15_dit_block_residual_full_tokens_denoise	"[""layer"",""denoise_step"",""model_token"",""feature_dim""]"	[7,4,49,1536]	[0,2,4,8,10,12,15]	n15_grid_v5_scenario	grid_coord	meta	meta_json	8daefeabf020/kanu/OvenRack/out/s402/n4/base	402	2
8daefeabf020	kanu	OvenRack/out	4	0	base	activation	a3796df78ef83bd1	a3796df78ef83bd11c3bf41284c787bd909905fdab3583a5df3043895017fb9b	lerobot_groot_n15	n15	lerobot_groot_n15__robocasa365_ckpt120000		0	Fully slide the oven rack out.	robocasa_panda_omron/SlideOvenRack_PandaOmron_Env	100020	1300000	0	0			5		1	all_token_full	groot_n15_dit_block_residual_full_tokens_denoise	"[""layer"",""denoise_step"",""model_token"",""feature_dim""]"	[7,4,49,1536]	[0,2,4,8,10,12,15]	n15_grid_v5_scenario	grid_coord	meta	meta_json	8daefeabf020/kanu/OvenRack/out/s403/n0/base	403	3
8daefeabf020	kanu	OvenRack/out	4	1	base	activation	33dec1e43318d774	33dec1e43318d77485f740881e7cb011c2687556d451221f460ac6108b0d33d0	lerobot_groot_n15	n15	lerobot_groot_n15__robocasa365_ckpt120000		0	Fully slide the oven rack out.	robocasa_panda_omron/SlideOvenRack_PandaOmron_Env	100020	1300001	0	0			5		1	all_token_full	groot_n15_dit_block_residual_full_tokens_denoise	"[""layer"",""denoise_step"",""model_token"",""feature_dim""]"	[7,4,49,1536]	[0,2,4,8,10,12,15]	n15_grid_v5_scenario	grid_coord	meta	meta_json	8daefeabf020/kanu/OvenRack/out/s403/n1/base	403	3
8daefeabf020	kanu	OvenRack/out	4	2	base	activation	5367851f5af09387	5367851f5af09387345100f8f8154a9f1fc4b3e7fd89830587c13b4267b5c543	lerobot_groot_n15	n15	lerobot_groot_n15__robocasa365_ckpt120000		0	Fully slide the oven rack out.	robocasa_panda_omron/SlideOvenRack_PandaOmron_Env	100020	1300002	0	0			5		1	all_token_full	groot_n15_dit_block_residual_full_tokens_denoise	"[""layer"",""denoise_step"",""model_token"",""feature_dim""]"	[7,4,49,1536]	[0,2,4,8,10,12,15]	n15_grid_v5_scenario	grid_coord	meta	meta_json	8daefeabf020/kanu/OvenRack/out/s403/n2/base	403	3
8daefeabf020	kanu	OvenRack/out	4	3	base	activation	f18b57266c76cadf	f18b57266c76cadf2fde7e186a2fe597e65b8763d74b2dea12be8ba388fd82ac	lerobot_groot_n15	n15	lerobot_groot_n15__robocasa365_ckpt120000		0	Fully slide the oven rack out.	robocasa_panda_omron/SlideOvenRack_PandaOmron_Env	100020	1300003	0	0			5		1	all_token_full	groot_n15_dit_block_residual_full_tokens_denoise	"[""layer"",""denoise_step"",""model_token"",""feature_dim""]"	[7,4,49,1536]	[0,2,4,8,10,12,15]	n15_grid_v5_scenario	grid_coord	meta	meta_json	8daefeabf020/kanu/OvenRack/out/s403/n3/base	403	3
8daefeabf020	kanu	OvenRack/out	4	4	base	activation	923e5efd0fea5782	923e5efd0fea578230f0c5f2b6a43b133f3f442f0497106dca67cb614d35dd15	lerobot_groot_n15	n15	lerobot_groot_n15__robocasa365_ckpt120000		0	Fully slide the oven rack out.	robocasa_panda_omron/SlideOvenRack_PandaOmron_Env	100020	1300004	0	0			5		1	all_token_full	groot_n15_dit_block_residual_full_tokens_denoise	"[""layer"",""denoise_step"",""model_token"",""feature_dim""]"	[7,4,49,1536]	[0,2,4,8,10,12,15]	n15_grid_v5_scenario	grid_coord	meta	meta_json	8daefeabf020/kanu/OvenRack/out/s403/n4/base	403	3
8daefeabf020	kanu	OvenRack/out	4	0	base	activation	9e285708c65419ea	9e285708c65419ea2df9315e77a44155cf7bce0b9befdcee5ab50364282bbbca	lerobot_groot_n15	n15	lerobot_groot_n15__robocasa365_ckpt120000		0	Fully slide the oven rack out.	robocasa_panda_omron/SlideOvenRack_PandaOmron_Env	100020	1300000	0	0			5		1	all_token_full	groot_n15_dit_block_residual_full_tokens_denoise	"[""layer"",""denoise_step"",""model_token"",""feature_dim""]"	[7,4,49,1536]	[0,2,4,8,10,12,15]	n15_grid_v5_scenario	grid_coord	meta	meta_json	8daefeabf020/kanu/OvenRack/out/s404/n0/base	404	4
8daefeabf020	kanu	OvenRack/out	4	1	base	activation	a417a4833245bea8	a417a4833245bea8f4b79714ab06eb48126040bb7ec29dc9e3faff623ba1256a	lerobot_groot_n15	n15	lerobot_groot_n15__robocasa365_ckpt120000		0	Fully slide the oven rack out.	robocasa_panda_omron/SlideOvenRack_PandaOmron_Env	100020	1300001	0	0			5		1	all_token_full	groot_n15_dit_block_residual_full_tokens_denoise	"[""layer"",""denoise_step"",""model_token"",""feature_dim""]"	[7,4,49,1536]	[0,2,4,8,10,12,15]	n15_grid_v5_scenario	grid_coord	meta	meta_json	8daefeabf020/kanu/OvenRack/out/s404/n1/base	404	4
8daefeabf020	kanu	OvenRack/out	4	2	base	activation	efcba39982646e4f	efcba39982646e4f406b65b5ec34f108796f6d2d27d059c03bdddf92947c1a2c	lerobot_groot_n15	n15	lerobot_groot_n15__robocasa365_ckpt120000		0	Fully slide the oven rack out.	robocasa_panda_omron/SlideOvenRack_PandaOmron_Env	100020	1300002	0	0			5		1	all_token_full	groot_n15_dit_block_residual_full_tokens_denoise	"[""layer"",""denoise_step"",""model_token"",""feature_dim""]"	[7,4,49,1536]	[0,2,4,8,10,12,15]	n15_grid_v5_scenario	grid_coord	meta	meta_json	8daefeabf020/kanu/OvenRack/out/s404/n2/base	404	4
8daefeabf020	kanu	OvenRack/out	4	3	base	activation	7d83db190c6f8cb2	7d83db190c6f8cb253577af05b80af08c9cb9b9256776d001375eaa6bb17c2fc	lerobot_groot_n15	n15	lerobot_groot_n15__robocasa365_ckpt120000		0	Fully slide the oven rack out.	robocasa_panda_omron/SlideOvenRack_PandaOmron_Env	100020	1300003	0	0			5		1	all_token_full	groot_n15_dit_block_residual_full_tokens_denoise	"[""layer"",""denoise_step"",""model_token"",""feature_dim""]"	[7,4,49,1536]	[0,2,4,8,10,12,15]	n15_grid_v5_scenario	grid_coord	meta	meta_json	8daefeabf020/kanu/OvenRack/out/s404/n3/base	404	4
8daefeabf020	kanu	OvenRack/out	4	4	base	activation	f7d52a62171212f5	f7d52a62171212f589c8eb029dca211e8f0009c4db3a633766c195e8a888ddaf	lerobot_groot_n15	n15	lerobot_groot_n15__robocasa365_ckpt120000		0	Fully slide the oven rack out.	robocasa_panda_omron/SlideOvenRack_PandaOmron_Env	100020	1300004	0	0			5		1	all_token_full	groot_n15_dit_block_residual_full_tokens_denoise	"[""layer"",""denoise_step"",""model_token"",""feature_dim""]"	[7,4,49,1536]	[0,2,4,8,10,12,15]	n15_grid_v5_scenario	grid_coord	meta	meta_json	8daefeabf020/kanu/OvenRack/out/s404/n4/base	404	4
8daefeabf020	kanu	PPCC/apple	0	0	base	activation	57542ead38a699bd	57542ead38a699bd070c890440fba667593f4ec8e979768ce3c2b81e73f1d42d	lerobot_groot_n15	n15	lerobot_groot_n15__robocasa365_ckpt120000		0	Pick the apple from the counter and place it in the cabinet.	robocasa_panda_omron/PickPlaceCounterToCabinet_PandaOmron_Env	100025	1300000	0	1			5		1	all_token_full	groot_n15_dit_block_residual_full_tokens_denoise	"[""layer"",""denoise_step"",""model_token"",""feature_dim""]"	[7,4,49,1536]	[0,2,4,8,10,12,15]	n15_grid_v5_scenario	grid_coord	meta	meta_json	8daefeabf020/kanu/PPCC/apple/s0/n0/base	0	0
8daefeabf020	kanu	PPCC/apple	0	1	base	activation	a2567ca16cb7382f	a2567ca16cb7382fb2341fa639a405d2945b990631e3376d3e56e69c8620fcb3	lerobot_groot_n15	n15	lerobot_groot_n15__robocasa365_ckpt120000		0	Pick the apple from the counter and place it in the cabinet.	robocasa_panda_omron/PickPlaceCounterToCabinet_PandaOmron_Env	100025	1300001	0	1			5		1	all_token_full	groot_n15_dit_block_residual_full_tokens_denoise	"[""layer"",""denoise_step"",""model_token"",""feature_dim""]"	[7,4,49,1536]	[0,2,4,8,10,12,15]	n15_grid_v5_scenario	grid_coord	meta	meta_json	8daefeabf020/kanu/PPCC/apple/s0/n1/base	0	0
8daefeabf020	kanu	PPCC/apple	0	2	base	activation	2a33ad6910ff55fa	2a33ad6910ff55fa84212d02e128ada71246ae0c863a4fd12468fff314823daa	lerobot_groot_n15	n15	lerobot_groot_n15__robocasa365_ckpt120000		0	Pick the apple from the counter and place it in the cabinet.	robocasa_panda_omron/PickPlaceCounterToCabinet_PandaOmron_Env	100025	1300002	0	1			5		1	all_token_full	groot_n15_dit_block_residual_full_tokens_denoise	"[""layer"",""denoise_step"",""model_token"",""feature_dim""]"	[7,4,49,1536]	[0,2,4,8,10,12,15]	n15_grid_v5_scenario	grid_coord	meta	meta_json	8daefeabf020/kanu/PPCC/apple/s0/n2/base	0	0
8daefeabf020	kanu	PPCC/apple	0	3	base	activation	913a43791b920ed1	913a43791b920ed1026a83b7a79de9d8b6e1a145c35c28a2ffc3b9a93113a55b	lerobot_groot_n15	n15	lerobot_groot_n15__robocasa365_ckpt120000		0	Pick the apple from the counter and place it in the cabinet.	robocasa_panda_omron/PickPlaceCounterToCabinet_PandaOmron_Env	100025	1300003	0	1			5		1	all_token_full	groot_n15_dit_block_residual_full_tokens_denoise	"[""layer"",""denoise_step"",""model_token"",""feature_dim""]"	[7,4,49,1536]	[0,2,4,8,10,12,15]	n15_grid_v5_scenario	grid_coord	meta	meta_json	8daefeabf020/kanu/PPCC/apple/s0/n3/base	0	0
8daefeabf020	kanu	PPCC/apple	0	4	base	activation	40a6b83008678b78	40a6b83008678b78f026abd40b37bdb475b81f1098789383ec65455f5f489701	lerobot_groot_n15	n15	lerobot_groot_n15__robocasa365_ckpt120000		0	Pick the apple from the counter and place it in the cabinet.	robocasa_panda_omron/PickPlaceCounterToCabinet_PandaOmron_Env	100025	1300004	0	1			5		1	all_token_full	groot_n15_dit_block_residual_full_tokens_denoise	"[""layer"",""denoise_step"",""model_token"",""feature_dim""]"	[7,4,49,1536]	[0,2,4,8,10,12,15]	n15_grid_v5_scenario	grid_coord	meta	meta_json	8daefeabf020/kanu/PPCC/apple/s0/n4/base	0	0
8daefeabf020	kanu	PPCC/apple	0	0	base	activation	92c465bb44d6d2a6	92c465bb44d6d2a652eed29608bc909eb092e44ce1b84614d7afead8b917165f	lerobot_groot_n15	n15	lerobot_groot_n15__robocasa365_ckpt120000		0	Pick the apple from the counter and place it in the cabinet.	robocasa_panda_omron/PickPlaceCounterToCabinet_PandaOmron_Env	100025	1300000	0	1			5		1	all_token_full	groot_n15_dit_block_residual_full_tokens_denoise	"[""layer"",""denoise_step"",""model_token"",""feature_dim""]"	[7,4,49,1536]	[0,2,4,8,10,12,15]	n15_grid_v5_scenario	grid_coord	meta	meta_json	8daefeabf020/kanu/PPCC/apple/s1/n0/base	1	1
8daefeabf020	kanu	PPCC/apple	0	1	base	activation	9aa1b3ce1b835fcd	9aa1b3ce1b835fcdf6c226e2eeb05e33cf2b169d8fe919071b2029570ff5b2bd	lerobot_groot_n15	n15	lerobot_groot_n15__robocasa365_ckpt120000		0	Pick the apple from the counter and place it in the cabinet.	robocasa_panda_omron/PickPlaceCounterToCabinet_PandaOmron_Env	100025	1300001	0	1			5		1	all_token_full	groot_n15_dit_block_residual_full_tokens_denoise	"[""layer"",""denoise_step"",""model_token"",""feature_dim""]"	[7,4,49,1536]	[0,2,4,8,10,12,15]	n15_grid_v5_scenario	grid_coord	meta	meta_json	8daefeabf020/kanu/PPCC/apple/s1/n1/base	1	1
8daefeabf020	kanu	PPCC/apple	0	2	base	activation	4ba441499fbe15c9	4ba441499fbe15c9091079477c49f073a792cd8cf690abfd9f6e39224f5c3eb2	lerobot_groot_n15	n15	lerobot_groot_n15__robocasa365_ckpt120000		0	Pick the apple from the counter and place it in the cabinet.	robocasa_panda_omron/PickPlaceCounterToCabinet_PandaOmron_Env	100025	1300002	0	1			5		1	all_token_full	groot_n15_dit_block_residual_full_tokens_denoise	"[""layer"",""denoise_step"",""model_token"",""feature_dim""]"	[7,4,49,1536]	[0,2,4,8,10,12,15]	n15_grid_v5_scenario	grid_coord	meta	meta_json	8daefeabf020/kanu/PPCC/apple/s1/n2/base	1	1
8daefeabf020	kanu	PPCC/apple	0	3	base	activation	5cc977a57e47a5b4	5cc977a57e47a5b4b9eb074ab10562b7fec6ec6f19c62c45a21ec641cecbd305	lerobot_groot_n15	n15	lerobot_groot_n15__robocasa365_ckpt120000		0	Pick the apple from the counter and place it in the cabinet.	robocasa_panda_omron/PickPlaceCounterToCabinet_PandaOmron_Env	100025	1300003	0	1			5		1	all_token_full	groot_n15_dit_block_residual_full_tokens_denoise	"[""layer"",""denoise_step"",""model_token"",""feature_dim""]"	[7,4,49,1536]	[0,2,4,8,10,12,15]	n15_grid_v5_scenario	grid_coord	meta	meta_json	8daefeabf020/kanu/PPCC/apple/s1/n3/base	1	1
8daefeabf020	kanu	PPCC/apple	0	4	base	activation	fed4e2a0f066a7b9	fed4e2a0f066a7b9565ecdc81007eea593dc8149ee753d98d1ecd4112446ddd2	lerobot_groot_n15	n15	lerobot_groot_n15__robocasa365_ckpt120000		0	Pick the apple from the counter and place it in the cabinet.	robocasa_panda_omron/PickPlaceCounterToCabinet_PandaOmron_Env	100025	1300004	0	1			5		1	all_token_full	groot_n15_dit_block_residual_full_tokens_denoise	"[""layer"",""denoise_step"",""model_token"",""feature_dim""]"	[7,4,49,1536]	[0,2,4,8,10,12,15]	n15_grid_v5_scenario	grid_coord	meta	meta_json	8daefeabf020/kanu/PPCC/apple/s1/n4/base	1	1
8daefeabf020	kanu	PPCC/apple	1	0	base	activation	8fbbe6301ccf7a29	8fbbe6301ccf7a29d522ee1aead08429976f1909b42848a4415083e60215a72d	lerobot_groot_n15	n15	lerobot_groot_n15__robocasa365_ckpt120000		0	Pick the apple from the counter and place it in the cabinet.	robocasa_panda_omron/PickPlaceCounterToCabinet_PandaOmron_Env	100069	1300000	0	1			5		1	all_token_full	groot_n15_dit_block_residual_full_tokens_denoise	"[""layer"",""denoise_step"",""model_token"",""feature_dim""]"	[7,4,49,1536]	[0,2,4,8,10,12,15]	n15_grid_v5_scenario	grid_coord	meta	meta_json	8daefeabf020/kanu/PPCC/apple/s100/n0/base	100	0
8daefeabf020	kanu	PPCC/apple	1	1	base	activation	3d6ef49257c00b10	3d6ef49257c00b109a58991c829dc47f2d6232474c62ac260d55287f618b3911	lerobot_groot_n15	n15	lerobot_groot_n15__robocasa365_ckpt120000		0	Pick the apple from the counter and place it in the cabinet.	robocasa_panda_omron/PickPlaceCounterToCabinet_PandaOmron_Env	100069	1300001	0	1			5		1	all_token_full	groot_n15_dit_block_residual_full_tokens_denoise	"[""layer"",""denoise_step"",""model_token"",""feature_dim""]"	[7,4,49,1536]	[0,2,4,8,10,12,15]	n15_grid_v5_scenario	grid_coord	meta	meta_json	8daefeabf020/kanu/PPCC/apple/s100/n1/base	100	0
8daefeabf020	kanu	PPCC/apple	1	2	base	activation	53323eea23ff0dc8	53323eea23ff0dc866e7f008b921d5f7cbb8fecfbd54cd7497e79fd3b19211cf	lerobot_groot_n15	n15	lerobot_groot_n15__robocasa365_ckpt120000		0	Pick the apple from the counter and place it in the cabinet.	robocasa_panda_omron/PickPlaceCounterToCabinet_PandaOmron_Env	100069	1300002	0	1			5		1	all_token_full	groot_n15_dit_block_residual_full_tokens_denoise	"[""layer"",""denoise_step"",""model_token"",""feature_dim""]"	[7,4,49,1536]	[0,2,4,8,10,12,15]	n15_grid_v5_scenario	grid_coord	meta	meta_json	8daefeabf020/kanu/PPCC/apple/s100/n2/base	100	0
8daefeabf020	kanu	PPCC/apple	1	3	base	activation	6d20328ca6e37fb5	6d20328ca6e37fb58f6c3305ef0f370552fc600d8e1ec6801a5a3d0900a796a5	lerobot_groot_n15	n15	lerobot_groot_n15__robocasa365_ckpt120000		0	Pick the apple from the counter and place it in the cabinet.	robocasa_panda_omron/PickPlaceCounterToCabinet_PandaOmron_Env	100069	1300003	0	1			5		1	all_token_full	groot_n15_dit_block_residual_full_tokens_denoise	"[""layer"",""denoise_step"",""model_token"",""feature_dim""]"	[7,4,49,1536]	[0,2,4,8,10,12,15]	n15_grid_v5_scenario	grid_coord	meta	meta_json	8daefeabf020/kanu/PPCC/apple/s100/n3/base	100	0
8daefeabf020	kanu	PPCC/apple	1	4	base	activation	93cc65d9db4c99cc	93cc65d9db4c99ccf603a1b2407828127a16aa09b6a2b7dadf7094fe11a0120f	lerobot_groot_n15	n15	lerobot_groot_n15__robocasa365_ckpt120000		0	Pick the apple from the counter and place it in the cabinet.	robocasa_panda_omron/PickPlaceCounterToCabinet_PandaOmron_Env	100069	1300004	0	1			5		1	all_token_full	groot_n15_dit_block_residual_full_tokens_denoise	"[""layer"",""denoise_step"",""model_token"",""feature_dim""]"	[7,4,49,1536]	[0,2,4,8,10,12,15]	n15_grid_v5_scenario	grid_coord	meta	meta_json	8daefeabf020/kanu/PPCC/apple/s100/n4/base	100	0
8daefeabf020	kanu	PPCC/apple	1	0	base	activation	dbd5867ceddab12a	dbd5867ceddab12a22e445760d22ee5f7ee6540f6db069767c30b8ebebe1d9f5	lerobot_groot_n15	n15	lerobot_groot_n15__robocasa365_ckpt120000		0	Pick the apple from the counter and place it in the cabinet.	robocasa_panda_omron/PickPlaceCounterToCabinet_PandaOmron_Env	100069	1300000	0	1			5		1	all_token_full	groot_n15_dit_block_residual_full_tokens_denoise	"[""layer"",""denoise_step"",""model_token"",""feature_dim""]"	[7,4,49,1536]	[0,2,4,8,10,12,15]	n15_grid_v5_scenario	grid_coord	meta	meta_json	8daefeabf020/kanu/PPCC/apple/s101/n0/base	101	1
8daefeabf020	kanu	PPCC/apple	1	1	base	activation	bf9e07d6e23cbd89	bf9e07d6e23cbd89aa388abc3e71b1e949c6a4064c0f90b0e152f3dcbc49634c	lerobot_groot_n15	n15	lerobot_groot_n15__robocasa365_ckpt120000		0	Pick the apple from the counter and place it in the cabinet.	robocasa_panda_omron/PickPlaceCounterToCabinet_PandaOmron_Env	100069	1300001	0	1			5		1	all_token_full	groot_n15_dit_block_residual_full_tokens_denoise	"[""layer"",""denoise_step"",""model_token"",""feature_dim""]"	[7,4,49,1536]	[0,2,4,8,10,12,15]	n15_grid_v5_scenario	grid_coord	meta	meta_json	8daefeabf020/kanu/PPCC/apple/s101/n1/base	101	1
8daefeabf020	kanu	PPCC/apple	1	2	base	activation	3e74d01e9de75dc4	3e74d01e9de75dc469b1d11fbd6d4483f219b421e05468d1c5acfffd43f76e9e	lerobot_groot_n15	n15	lerobot_groot_n15__robocasa365_ckpt120000		0	Pick the apple from the counter and place it in the cabinet.	robocasa_panda_omron/PickPlaceCounterToCabinet_PandaOmron_Env	100069	1300002	0	1			5		1	all_token_full	groot_n15_dit_block_residual_full_tokens_denoise	"[""layer"",""denoise_step"",""model_token"",""feature_dim""]"	[7,4,49,1536]	[0,2,4,8,10,12,15]	n15_grid_v5_scenario	grid_coord	meta	meta_json	8daefeabf020/kanu/PPCC/apple/s101/n2/base	101	1
8daefeabf020	kanu	PPCC/apple	1	3	base	activation	f2ddc0d336ace70c	f2ddc0d336ace70c794d665cfae31addd3546eed36d63fff9877319ddabe9826	lerobot_groot_n15	n15	lerobot_groot_n15__robocasa365_ckpt120000		0	Pick the apple from the counter and place it in the cabinet.	robocasa_panda_omron/PickPlaceCounterToCabinet_PandaOmron_Env	100069	1300003	0	1			5		1	all_token_full	groot_n15_dit_block_residual_full_tokens_denoise	"[""layer"",""denoise_step"",""model_token"",""feature_dim""]"	[7,4,49,1536]	[0,2,4,8,10,12,15]	n15_grid_v5_scenario	grid_coord	meta	meta_json	8daefeabf020/kanu/PPCC/apple/s101/n3/base	101	1
8daefeabf020	kanu	PPCC/apple	1	4	base	activation	a897997828768acf	a897997828768acfb3ec0e70690b13b370a106becf20640c0fb8ccf3adc942ea	lerobot_groot_n15	n15	lerobot_groot_n15__robocasa365_ckpt120000		0	Pick the apple from the counter and place it in the cabinet.	robocasa_panda_omron/PickPlaceCounterToCabinet_PandaOmron_Env	100069	1300004	0	1			5		1	all_token_full	groot_n15_dit_block_residual_full_tokens_denoise	"[""layer"",""denoise_step"",""model_token"",""feature_dim""]"	[7,4,49,1536]	[0,2,4,8,10,12,15]	n15_grid_v5_scenario	grid_coord	meta	meta_json	8daefeabf020/kanu/PPCC/apple/s101/n4/base	101	1
8daefeabf020	kanu	PPCC/apple	1	0	base	activation	0eaa67ab3c7ef9cc	0eaa67ab3c7ef9cc67e73d8e26da3e180b897dfe7eacaf0f061b4e3f79235222	lerobot_groot_n15	n15	lerobot_groot_n15__robocasa365_ckpt120000		0	Pick the apple from the counter and place it in the cabinet.	robocasa_panda_omron/PickPlaceCounterToCabinet_PandaOmron_Env	100069	1300000	0	1			5		1	all_token_full	groot_n15_dit_block_residual_full_tokens_denoise	"[""layer"",""denoise_step"",""model_token"",""feature_dim""]"	[7,4,49,1536]	[0,2,4,8,10,12,15]	n15_grid_v5_scenario	grid_coord	meta	meta_json	8daefeabf020/kanu/PPCC/apple/s102/n0/base	102	2
8daefeabf020	kanu	PPCC/apple	1	1	base	activation	3d33052ce478451b	3d33052ce478451b567aa28f8ed6d9199a2aa9e1b6ae797bac95728f0cf9004c	lerobot_groot_n15	n15	lerobot_groot_n15__robocasa365_ckpt120000		0	Pick the apple from the counter and place it in the cabinet.	robocasa_panda_omron/PickPlaceCounterToCabinet_PandaOmron_Env	100069	1300001	0	1			5		1	all_token_full	groot_n15_dit_block_residual_full_tokens_denoise	"[""layer"",""denoise_step"",""model_token"",""feature_dim""]"	[7,4,49,1536]	[0,2,4,8,10,12,15]	n15_grid_v5_scenario	grid_coord	meta	meta_json	8daefeabf020/kanu/PPCC/apple/s102/n1/base	102	2
8daefeabf020	kanu	PPCC/apple	1	2	base	activation	d031edaa456a088b	d031edaa456a088b966a34878ef44f534de4a2cf85868f3cd41dee28af44aa7b	lerobot_groot_n15	n15	lerobot_groot_n15__robocasa365_ckpt120000		0	Pick the apple from the counter and place it in the cabinet.	robocasa_panda_omron/PickPlaceCounterToCabinet_PandaOmron_Env	100069	1300002	0	1			5		1	all_token_full	groot_n15_dit_block_residual_full_tokens_denoise	"[""layer"",""denoise_step"",""model_token"",""feature_dim""]"	[7,4,49,1536]	[0,2,4,8,10,12,15]	n15_grid_v5_scenario	grid_coord	meta	meta_json	8daefeabf020/kanu/PPCC/apple/s102/n2/base	102	2
8daefeabf020	kanu	PPCC/apple	1	3	base	activation	414156889d5b86df	414156889d5b86df6f177c0f82ebe893559cb2b0ad5a0c05e866a3b9c9d2ad5e	lerobot_groot_n15	n15	lerobot_groot_n15__robocasa365_ckpt120000		0	Pick the apple from the counter and place it in the cabinet.	robocasa_panda_omron/PickPlaceCounterToCabinet_PandaOmron_Env	100069	1300003	0	1			5		1	all_token_full	groot_n15_dit_block_residual_full_tokens_denoise	"[""layer"",""denoise_step"",""model_token"",""feature_dim""]"	[7,4,49,1536]	[0,2,4,8,10,12,15]	n15_grid_v5_scenario	grid_coord	meta	meta_json	8daefeabf020/kanu/PPCC/apple/s102/n3/base	102	2
8daefeabf020	kanu	PPCC/apple	1	4	base	activation	1108fecb352ef987	1108fecb352ef987e63b015146b1d45f8e9b05e82a88616ea4239a8701002f45	lerobot_groot_n15	n15	lerobot_groot_n15__robocasa365_ckpt120000		0	Pick the apple from the counter and place it in the cabinet.	robocasa_panda_omron/PickPlaceCounterToCabinet_PandaOmron_Env	100069	1300004	0	1			5		1	all_token_full	groot_n15_dit_block_residual_full_tokens_denoise	"[""layer"",""denoise_step"",""model_token"",""feature_dim""]"	[7,4,49,1536]	[0,2,4,8,10,12,15]	n15_grid_v5_scenario	grid_coord	meta	meta_json	8daefeabf020/kanu/PPCC/apple/s102/n4/base	102	2
8daefeabf020	kanu	PPCC/apple	1	0	base	activation	6ff35ea6054319d5	6ff35ea6054319d55890b947e83beb41a1889c185c8156ddffb34eab7e152568	lerobot_groot_n15	n15	lerobot_groot_n15__robocasa365_ckpt120000		0	Pick the apple from the counter and place it in the cabinet.	robocasa_panda_omron/PickPlaceCounterToCabinet_PandaOmron_Env	100069	1300000	0	1			5		1	all_token_full	groot_n15_dit_block_residual_full_tokens_denoise	"[""layer"",""denoise_step"",""model_token"",""feature_dim""]"	[7,4,49,1536]	[0,2,4,8,10,12,15]	n15_grid_v5_scenario	grid_coord	meta	meta_json	8daefeabf020/kanu/PPCC/apple/s103/n0/base	103	3
8daefeabf020	kanu	PPCC/apple	1	1	base	activation	48a47d98f7be3307	48a47d98f7be33073321c5ed6456c249cad53f6188d9a339db97ffea4eb41868	lerobot_groot_n15	n15	lerobot_groot_n15__robocasa365_ckpt120000		0	Pick the apple from the counter and place it in the cabinet.	robocasa_panda_omron/PickPlaceCounterToCabinet_PandaOmron_Env	100069	1300001	0	1			5		1	all_token_full	groot_n15_dit_block_residual_full_tokens_denoise	"[""layer"",""denoise_step"",""model_token"",""feature_dim""]"	[7,4,49,1536]	[0,2,4,8,10,12,15]	n15_grid_v5_scenario	grid_coord	meta	meta_json	8daefeabf020/kanu/PPCC/apple/s103/n1/base	103	3
8daefeabf020	kanu	PPCC/apple	1	2	base	activation	f70bf839f04882b7	f70bf839f04882b78b9384fb03e0dd8056443b16215f8ba212482598a3e7a223	lerobot_groot_n15	n15	lerobot_groot_n15__robocasa365_ckpt120000		0	Pick the apple from the counter and place it in the cabinet.	robocasa_panda_omron/PickPlaceCounterToCabinet_PandaOmron_Env	100069	1300002	0	1			5		1	all_token_full	groot_n15_dit_block_residual_full_tokens_denoise	"[""layer"",""denoise_step"",""model_token"",""feature_dim""]"	[7,4,49,1536]	[0,2,4,8,10,12,15]	n15_grid_v5_scenario	grid_coord	meta	meta_json	8daefeabf020/kanu/PPCC/apple/s103/n2/base	103	3
8daefeabf020	kanu	PPCC/apple	1	3	base	activation	ab87acfaf8097bec	ab87acfaf8097bec9383be0b1ce9b2200db6f17f2b10e9016912d2c62fddc839	lerobot_groot_n15	n15	lerobot_groot_n15__robocasa365_ckpt120000		0	Pick the apple from the counter and place it in the cabinet.	robocasa_panda_omron/PickPlaceCounterToCabinet_PandaOmron_Env	100069	1300003	0	1			5		1	all_token_full	groot_n15_dit_block_residual_full_tokens_denoise	"[""layer"",""denoise_step"",""model_token"",""feature_dim""]"	[7,4,49,1536]	[0,2,4,8,10,12,15]	n15_grid_v5_scenario	grid_coord	meta	meta_json	8daefeabf020/kanu/PPCC/apple/s103/n3/base	103	3
8daefeabf020	kanu	PPCC/apple	1	4	base	activation	59ec3106b43f70bc	59ec3106b43f70bc66f77eea234b71a7b196d4c8a6e9921144d76e92faef7c08	lerobot_groot_n15	n15	lerobot_groot_n15__robocasa365_ckpt120000		0	Pick the apple from the counter and place it in the cabinet.	robocasa_panda_omron/PickPlaceCounterToCabinet_PandaOmron_Env	100069	1300004	0	1			5		1	all_token_full	groot_n15_dit_block_residual_full_tokens_denoise	"[""layer"",""denoise_step"",""model_token"",""feature_dim""]"	[7,4,49,1536]	[0,2,4,8,10,12,15]	n15_grid_v5_scenario	grid_coord	meta	meta_json	8daefeabf020/kanu/PPCC/apple/s103/n4/base	103	3
8daefeabf020	kanu	PPCC/apple	1	0	base	activation	85f1d502faf720ca	85f1d502faf720ca146f627e1c7a87220e40517974a6072a3d2ad4f091cd6932	lerobot_groot_n15	n15	lerobot_groot_n15__robocasa365_ckpt120000		0	Pick the apple from the counter and place it in the cabinet.	robocasa_panda_omron/PickPlaceCounterToCabinet_PandaOmron_Env	100069	1300000	0	1			5		1	all_token_full	groot_n15_dit_block_residual_full_tokens_denoise	"[""layer"",""denoise_step"",""model_token"",""feature_dim""]"	[7,4,49,1536]	[0,2,4,8,10,12,15]	n15_grid_v5_scenario	grid_coord	meta	meta_json	8daefeabf020/kanu/PPCC/apple/s104/n0/base	104	4
8daefeabf020	kanu	PPCC/apple	1	1	base	activation	164e02e6f3144074	164e02e6f3144074bf5babd9d2e9d2351452236d68da7a7dfa07021d5e1e789e	lerobot_groot_n15	n15	lerobot_groot_n15__robocasa365_ckpt120000		0	Pick the apple from the counter and place it in the cabinet.	robocasa_panda_omron/PickPlaceCounterToCabinet_PandaOmron_Env	100069	1300001	0	1			5		1	all_token_full	groot_n15_dit_block_residual_full_tokens_denoise	"[""layer"",""denoise_step"",""model_token"",""feature_dim""]"	[7,4,49,1536]	[0,2,4,8,10,12,15]	n15_grid_v5_scenario	grid_coord	meta	meta_json	8daefeabf020/kanu/PPCC/apple/s104/n1/base	104	4
8daefeabf020	kanu	PPCC/apple	1	2	base	activation	993f65881dd45c78	993f65881dd45c7806c7a8139160ae5828ee76f4d2a7846522a3567997899499	lerobot_groot_n15	n15	lerobot_groot_n15__robocasa365_ckpt120000		0	Pick the apple from the counter and place it in the cabinet.	robocasa_panda_omron/PickPlaceCounterToCabinet_PandaOmron_Env	100069	1300002	0	1			5		1	all_token_full	groot_n15_dit_block_residual_full_tokens_denoise	"[""layer"",""denoise_step"",""model_token"",""feature_dim""]"	[7,4,49,1536]	[0,2,4,8,10,12,15]	n15_grid_v5_scenario	grid_coord	meta	meta_json	8daefeabf020/kanu/PPCC/apple/s104/n2/base	104	4
8daefeabf020	kanu	PPCC/apple	1	3	base	activation	d0e02b065737dd54	d0e02b065737dd54f553948ecb52a2ece275db0fb0f1c7a5b7c1fe396e78bc88	lerobot_groot_n15	n15	lerobot_groot_n15__robocasa365_ckpt120000		0	Pick the apple from the counter and place it in the cabinet.	robocasa_panda_omron/PickPlaceCounterToCabinet_PandaOmron_Env	100069	1300003	0	1			5		1	all_token_full	groot_n15_dit_block_residual_full_tokens_denoise	"[""layer"",""denoise_step"",""model_token"",""feature_dim""]"	[7,4,49,1536]	[0,2,4,8,10,12,15]	n15_grid_v5_scenario	grid_coord	meta	meta_json	8daefeabf020/kanu/PPCC/apple/s104/n3/base	104	4
8daefeabf020	kanu	PPCC/apple	1	4	base	activation	4759bed54818571b	4759bed54818571b63713e13ded6ad24cd3236b138fa4ad24c41cc13c3f8441e	lerobot_groot_n15	n15	lerobot_groot_n15__robocasa365_ckpt120000		0	Pick the apple from the counter and place it in the cabinet.	robocasa_panda_omron/PickPlaceCounterToCabinet_PandaOmron_Env	100069	1300004	0	1			5		1	all_token_full	groot_n15_dit_block_residual_full_tokens_denoise	"[""layer"",""denoise_step"",""model_token"",""feature_dim""]"	[7,4,49,1536]	[0,2,4,8,10,12,15]	n15_grid_v5_scenario	grid_coord	meta	meta_json	8daefeabf020/kanu/PPCC/apple/s104/n4/base	104	4
8daefeabf020	kanu	PPCC/apple	0	0	base	activation	88e304d42173c286	88e304d42173c2867c3f6a03db550e2c9a3d1e217a9bc55add1f56d8a976945a	lerobot_groot_n15	n15	lerobot_groot_n15__robocasa365_ckpt120000		0	Pick the apple from the counter and place it in the cabinet.	robocasa_panda_omron/PickPlaceCounterToCabinet_PandaOmron_Env	100025	1300000	0	1			5		1	all_token_full	groot_n15_dit_block_residual_full_tokens_denoise	"[""layer"",""denoise_step"",""model_token"",""feature_dim""]"	[7,4,49,1536]	[0,2,4,8,10,12,15]	n15_grid_v5_scenario	grid_coord	meta	meta_json	8daefeabf020/kanu/PPCC/apple/s2/n0/base	2	2
8daefeabf020	kanu	PPCC/apple	0	1	base	activation	309bef078f76afdc	309bef078f76afdc7c0dc9393f3b99f30677604fbade7595be611f6ba6ab469a	lerobot_groot_n15	n15	lerobot_groot_n15__robocasa365_ckpt120000		0	Pick the apple from the counter and place it in the cabinet.	robocasa_panda_omron/PickPlaceCounterToCabinet_PandaOmron_Env	100025	1300001	0	1			5		1	all_token_full	groot_n15_dit_block_residual_full_tokens_denoise	"[""layer"",""denoise_step"",""model_token"",""feature_dim""]"	[7,4,49,1536]	[0,2,4,8,10,12,15]	n15_grid_v5_scenario	grid_coord	meta	meta_json	8daefeabf020/kanu/PPCC/apple/s2/n1/base	2	2
8daefeabf020	kanu	PPCC/apple	0	2	base	activation	91c4e693fc5af0dc	91c4e693fc5af0dc1a9d2cdad58ce8c78a8765aa02694f00b448b8bd48668196	lerobot_groot_n15	n15	lerobot_groot_n15__robocasa365_ckpt120000		0	Pick the apple from the counter and place it in the cabinet.	robocasa_panda_omron/PickPlaceCounterToCabinet_PandaOmron_Env	100025	1300002	0	1			5		1	all_token_full	groot_n15_dit_block_residual_full_tokens_denoise	"[""layer"",""denoise_step"",""model_token"",""feature_dim""]"	[7,4,49,1536]	[0,2,4,8,10,12,15]	n15_grid_v5_scenario	grid_coord	meta	meta_json	8daefeabf020/kanu/PPCC/apple/s2/n2/base	2	2
8daefeabf020	kanu	PPCC/apple	0	3	base	activation	e72acc243464a581	e72acc243464a581a63eaf85836fdc391f6849f1065f65920e44e06e33389e8c	lerobot_groot_n15	n15	lerobot_groot_n15__robocasa365_ckpt120000		0	Pick the apple from the counter and place it in the cabinet.	robocasa_panda_omron/PickPlaceCounterToCabinet_PandaOmron_Env	100025	1300003	0	1			5		1	all_token_full	groot_n15_dit_block_residual_full_tokens_denoise	"[""layer"",""denoise_step"",""model_token"",""feature_dim""]"	[7,4,49,1536]	[0,2,4,8,10,12,15]	n15_grid_v5_scenario	grid_coord	meta	meta_json	8daefeabf020/kanu/PPCC/apple/s2/n3/base	2	2
8daefeabf020	kanu	PPCC/apple	0	4	base	activation	c0b839f2aeabfdc0	c0b839f2aeabfdc0fe459c943b75b6b0b4bb9088f5887e743fc30cbd9ad5a866	lerobot_groot_n15	n15	lerobot_groot_n15__robocasa365_ckpt120000		0	Pick the apple from the counter and place it in the cabinet.	robocasa_panda_omron/PickPlaceCounterToCabinet_PandaOmron_Env	100025	1300004	0	1			5		1	all_token_full	groot_n15_dit_block_residual_full_tokens_denoise	"[""layer"",""denoise_step"",""model_token"",""feature_dim""]"	[7,4,49,1536]	[0,2,4,8,10,12,15]	n15_grid_v5_scenario	grid_coord	meta	meta_json	8daefeabf020/kanu/PPCC/apple/s2/n4/base	2	2
8daefeabf020	kanu	PPCC/apple	2	0	base	activation	d0a83eef81e1aa56	d0a83eef81e1aa568efa63d9844f7722d9ad98109b7503b96ee9e9e46659535d	lerobot_groot_n15	n15	lerobot_groot_n15__robocasa365_ckpt120000		0	Pick the apple from the counter and place it in the cabinet.	robocasa_panda_omron/PickPlaceCounterToCabinet_PandaOmron_Env	100192	1300000	0	1			5		1	all_token_full	groot_n15_dit_block_residual_full_tokens_denoise	"[""layer"",""denoise_step"",""model_token"",""feature_dim""]"	[7,4,49,1536]	[0,2,4,8,10,12,15]	n15_grid_v5_scenario	grid_coord	meta	meta_json	8daefeabf020/kanu/PPCC/apple/s200/n0/base	200	0
8daefeabf020	kanu	PPCC/apple	2	1	base	activation	52ce216b86e74b3f	52ce216b86e74b3f6fae73e24f7a9e7954aa8d8cfba482a09ed9ed06d291158b	lerobot_groot_n15	n15	lerobot_groot_n15__robocasa365_ckpt120000		0	Pick the apple from the counter and place it in the cabinet.	robocasa_panda_omron/PickPlaceCounterToCabinet_PandaOmron_Env	100192	1300001	0	1			5		1	all_token_full	groot_n15_dit_block_residual_full_tokens_denoise	"[""layer"",""denoise_step"",""model_token"",""feature_dim""]"	[7,4,49,1536]	[0,2,4,8,10,12,15]	n15_grid_v5_scenario	grid_coord	meta	meta_json	8daefeabf020/kanu/PPCC/apple/s200/n1/base	200	0
8daefeabf020	kanu	PPCC/apple	2	2	base	activation	d0f7de6f18555002	d0f7de6f1855500280779b39c8e8e88790fc5bdd2118e5a038e0e9dfad904d3e	lerobot_groot_n15	n15	lerobot_groot_n15__robocasa365_ckpt120000		0	Pick the apple from the counter and place it in the cabinet.	robocasa_panda_omron/PickPlaceCounterToCabinet_PandaOmron_Env	100192	1300002	0	1			5		1	all_token_full	groot_n15_dit_block_residual_full_tokens_denoise	"[""layer"",""denoise_step"",""model_token"",""feature_dim""]"	[7,4,49,1536]	[0,2,4,8,10,12,15]	n15_grid_v5_scenario	grid_coord	meta	meta_json	8daefeabf020/kanu/PPCC/apple/s200/n2/base	200	0
8daefeabf020	kanu	PPCC/apple	2	3	base	activation	c2f2c4e260c97590	c2f2c4e260c97590df37ff7d3ac6219672bd75d8953106ffb1b07fb832d8b3ec	lerobot_groot_n15	n15	lerobot_groot_n15__robocasa365_ckpt120000		0	Pick the apple from the counter and place it in the cabinet.	robocasa_panda_omron/PickPlaceCounterToCabinet_PandaOmron_Env	100192	1300003	0	1			5		1	all_token_full	groot_n15_dit_block_residual_full_tokens_denoise	"[""layer"",""denoise_step"",""model_token"",""feature_dim""]"	[7,4,49,1536]	[0,2,4,8,10,12,15]	n15_grid_v5_scenario	grid_coord	meta	meta_json	8daefeabf020/kanu/PPCC/apple/s200/n3/base	200	0
8daefeabf020	kanu	PPCC/apple	2	4	base	activation	1eb778996effaf8e	1eb778996effaf8e076bf75b92ed4b4e21b35f3452d692507148eeee2131461c	lerobot_groot_n15	n15	lerobot_groot_n15__robocasa365_ckpt120000		0	Pick the apple from the counter and place it in the cabinet.	robocasa_panda_omron/PickPlaceCounterToCabinet_PandaOmron_Env	100192	1300004	0	1			5		1	all_token_full	groot_n15_dit_block_residual_full_tokens_denoise	"[""layer"",""denoise_step"",""model_token"",""feature_dim""]"	[7,4,49,1536]	[0,2,4,8,10,12,15]	n15_grid_v5_scenario	grid_coord	meta	meta_json	8daefeabf020/kanu/PPCC/apple/s200/n4/base	200	0
8daefeabf020	kanu	PPCC/apple	2	0	base	activation	f8fca748ec28c16d	f8fca748ec28c16d926df4c6ad3ab869f2413b3328b713fc8af22fb250310fa9	lerobot_groot_n15	n15	lerobot_groot_n15__robocasa365_ckpt120000		0	Pick the apple from the counter and place it in the cabinet.	robocasa_panda_omron/PickPlaceCounterToCabinet_PandaOmron_Env	100192	1300000	0	1			5		1	all_token_full	groot_n15_dit_block_residual_full_tokens_denoise	"[""layer"",""denoise_step"",""model_token"",""feature_dim""]"	[7,4,49,1536]	[0,2,4,8,10,12,15]	n15_grid_v5_scenario	grid_coord	meta	meta_json	8daefeabf020/kanu/PPCC/apple/s201/n0/base	201	1
8daefeabf020	kanu	PPCC/apple	2	1	base	activation	380f45159662e984	380f45159662e9845529c62751f6b0ede318d61acbbe57e094c79b7461139001	lerobot_groot_n15	n15	lerobot_groot_n15__robocasa365_ckpt120000		0	Pick the apple from the counter and place it in the cabinet.	robocasa_panda_omron/PickPlaceCounterToCabinet_PandaOmron_Env	100192	1300001	0	1			5		1	all_token_full	groot_n15_dit_block_residual_full_tokens_denoise	"[""layer"",""denoise_step"",""model_token"",""feature_dim""]"	[7,4,49,1536]	[0,2,4,8,10,12,15]	n15_grid_v5_scenario	grid_coord	meta	meta_json	8daefeabf020/kanu/PPCC/apple/s201/n1/base	201	1
8daefeabf020	kanu	PPCC/apple	2	2	base	activation	499cbc8235f7d664	499cbc8235f7d664644a2055751aa670febbb8fcb6bb1e9704768c40616bc427	lerobot_groot_n15	n15	lerobot_groot_n15__robocasa365_ckpt120000		0	Pick the apple from the counter and place it in the cabinet.	robocasa_panda_omron/PickPlaceCounterToCabinet_PandaOmron_Env	100192	1300002	0	1			5		1	all_token_full	groot_n15_dit_block_residual_full_tokens_denoise	"[""layer"",""denoise_step"",""model_token"",""feature_dim""]"	[7,4,49,1536]	[0,2,4,8,10,12,15]	n15_grid_v5_scenario	grid_coord	meta	meta_json	8daefeabf020/kanu/PPCC/apple/s201/n2/base	201	1
8daefeabf020	kanu	PPCC/apple	2	3	base	activation	0bd2f4e97af3dbcd	0bd2f4e97af3dbcdc97e533bd07df0a2b15236e9328d38160e28c89a2706b4b4	lerobot_groot_n15	n15	lerobot_groot_n15__robocasa365_ckpt120000		0	Pick the apple from the counter and place it in the cabinet.	robocasa_panda_omron/PickPlaceCounterToCabinet_PandaOmron_Env	100192	1300003	0	1			5		1	all_token_full	groot_n15_dit_block_residual_full_tokens_denoise	"[""layer"",""denoise_step"",""model_token"",""feature_dim""]"	[7,4,49,1536]	[0,2,4,8,10,12,15]	n15_grid_v5_scenario	grid_coord	meta	meta_json	8daefeabf020/kanu/PPCC/apple/s201/n3/base	201	1
8daefeabf020	kanu	PPCC/apple	2	4	base	activation	d096039c4609ea99	d096039c4609ea99f99d59ebc86e9dd6358278ab8c26b6e02fd52ea5dd4c7d78	lerobot_groot_n15	n15	lerobot_groot_n15__robocasa365_ckpt120000		0	Pick the apple from the counter and place it in the cabinet.	robocasa_panda_omron/PickPlaceCounterToCabinet_PandaOmron_Env	100192	1300004	0	1			5		1	all_token_full	groot_n15_dit_block_residual_full_tokens_denoise	"[""layer"",""denoise_step"",""model_token"",""feature_dim""]"	[7,4,49,1536]	[0,2,4,8,10,12,15]	n15_grid_v5_scenario	grid_coord	meta	meta_json	8daefeabf020/kanu/PPCC/apple/s201/n4/base	201	1
8daefeabf020	kanu	PPCC/apple	2	0	base	activation	74feab7068061b61	74feab7068061b6178f1f20a88501c5e6a16034e7bae66ab07bd4eb4bfcb0b5d	lerobot_groot_n15	n15	lerobot_groot_n15__robocasa365_ckpt120000		0	Pick the apple from the counter and place it in the cabinet.	robocasa_panda_omron/PickPlaceCounterToCabinet_PandaOmron_Env	100192	1300000	0	1			5		1	all_token_full	groot_n15_dit_block_residual_full_tokens_denoise	"[""layer"",""denoise_step"",""model_token"",""feature_dim""]"	[7,4,49,1536]	[0,2,4,8,10,12,15]	n15_grid_v5_scenario	grid_coord	meta	meta_json	8daefeabf020/kanu/PPCC/apple/s202/n0/base	202	2
8daefeabf020	kanu	PPCC/apple	2	1	base	activation	dc852af607f907ec	dc852af607f907ecc7b2094de232e02b9c80dbd83236271e2de702c452b55aad	lerobot_groot_n15	n15	lerobot_groot_n15__robocasa365_ckpt120000		0	Pick the apple from the counter and place it in the cabinet.	robocasa_panda_omron/PickPlaceCounterToCabinet_PandaOmron_Env	100192	1300001	0	1			5		1	all_token_full	groot_n15_dit_block_residual_full_tokens_denoise	"[""layer"",""denoise_step"",""model_token"",""feature_dim""]"	[7,4,49,1536]	[0,2,4,8,10,12,15]	n15_grid_v5_scenario	grid_coord	meta	meta_json	8daefeabf020/kanu/PPCC/apple/s202/n1/base	202	2
8daefeabf020	kanu	PPCC/apple	2	2	base	activation	8428bf200a4ebf45	8428bf200a4ebf4580d945b3c1a70c929941ecfeee584be1e43979a517baf99b	lerobot_groot_n15	n15	lerobot_groot_n15__robocasa365_ckpt120000		0	Pick the apple from the counter and place it in the cabinet.	robocasa_panda_omron/PickPlaceCounterToCabinet_PandaOmron_Env	100192	1300002	0	1			5		1	all_token_full	groot_n15_dit_block_residual_full_tokens_denoise	"[""layer"",""denoise_step"",""model_token"",""feature_dim""]"	[7,4,49,1536]	[0,2,4,8,10,12,15]	n15_grid_v5_scenario	grid_coord	meta	meta_json	8daefeabf020/kanu/PPCC/apple/s202/n2/base	202	2
8daefeabf020	kanu	PPCC/apple	2	3	base	activation	88f9b0669158c214	88f9b0669158c214c687967cda1fecd7926c1d96da98fcfb04480d3e0a884204	lerobot_groot_n15	n15	lerobot_groot_n15__robocasa365_ckpt120000		0	Pick the apple from the counter and place it in the cabinet.	robocasa_panda_omron/PickPlaceCounterToCabinet_PandaOmron_Env	100192	1300003	0	1			5		1	all_token_full	groot_n15_dit_block_residual_full_tokens_denoise	"[""layer"",""denoise_step"",""model_token"",""feature_dim""]"	[7,4,49,1536]	[0,2,4,8,10,12,15]	n15_grid_v5_scenario	grid_coord	meta	meta_json	8daefeabf020/kanu/PPCC/apple/s202/n3/base	202	2
8daefeabf020	kanu	PPCC/apple	2	4	base	activation	e980f7b6cdbae585	e980f7b6cdbae58503353945cced3e69667e2be6ab985129cf55a63f1c31077b	lerobot_groot_n15	n15	lerobot_groot_n15__robocasa365_ckpt120000		0	Pick the apple from the counter and place it in the cabinet.	robocasa_panda_omron/PickPlaceCounterToCabinet_PandaOmron_Env	100192	1300004	0	1			5		1	all_token_full	groot_n15_dit_block_residual_full_tokens_denoise	"[""layer"",""denoise_step"",""model_token"",""feature_dim""]"	[7,4,49,1536]	[0,2,4,8,10,12,15]	n15_grid_v5_scenario	grid_coord	meta	meta_json	8daefeabf020/kanu/PPCC/apple/s202/n4/base	202	2
8daefeabf020	kanu	PPCC/apple	2	0	base	activation	d354127432b1b683	d354127432b1b683fc79bfb9934a37ce87f81da291f42be22c292e0f8d7b4769	lerobot_groot_n15	n15	lerobot_groot_n15__robocasa365_ckpt120000		0	Pick the apple from the counter and place it in the cabinet.	robocasa_panda_omron/PickPlaceCounterToCabinet_PandaOmron_Env	100192	1300000	0	1			5		1	all_token_full	groot_n15_dit_block_residual_full_tokens_denoise	"[""layer"",""denoise_step"",""model_token"",""feature_dim""]"	[7,4,49,1536]	[0,2,4,8,10,12,15]	n15_grid_v5_scenario	grid_coord	meta	meta_json	8daefeabf020/kanu/PPCC/apple/s203/n0/base	203	3
8daefeabf020	kanu	PPCC/apple	2	1	base	activation	7d88bd8b9f60cce2	7d88bd8b9f60cce21002ce1ae1cb8db378539f86347fdeacc36e3621fb28b32e	lerobot_groot_n15	n15	lerobot_groot_n15__robocasa365_ckpt120000		0	Pick the apple from the counter and place it in the cabinet.	robocasa_panda_omron/PickPlaceCounterToCabinet_PandaOmron_Env	100192	1300001	0	1			5		1	all_token_full	groot_n15_dit_block_residual_full_tokens_denoise	"[""layer"",""denoise_step"",""model_token"",""feature_dim""]"	[7,4,49,1536]	[0,2,4,8,10,12,15]	n15_grid_v5_scenario	grid_coord	meta	meta_json	8daefeabf020/kanu/PPCC/apple/s203/n1/base	203	3
8daefeabf020	kanu	PPCC/apple	2	2	base	activation	fc45fe7fe201e7f7	fc45fe7fe201e7f757cd85b845bfb1b3fe64e3db982dca1d72577d49b8e3a0d3	lerobot_groot_n15	n15	lerobot_groot_n15__robocasa365_ckpt120000		0	Pick the apple from the counter and place it in the cabinet.	robocasa_panda_omron/PickPlaceCounterToCabinet_PandaOmron_Env	100192	1300002	0	1			5		1	all_token_full	groot_n15_dit_block_residual_full_tokens_denoise	"[""layer"",""denoise_step"",""model_token"",""feature_dim""]"	[7,4,49,1536]	[0,2,4,8,10,12,15]	n15_grid_v5_scenario	grid_coord	meta	meta_json	8daefeabf020/kanu/PPCC/apple/s203/n2/base	203	3
8daefeabf020	kanu	PPCC/apple	2	3	base	activation	2adb370f73a51808	2adb370f73a518080ed972f4ef566216d60b6479abfd5861014a9366f6bf1a4d	lerobot_groot_n15	n15	lerobot_groot_n15__robocasa365_ckpt120000		0	Pick the apple from the counter and place it in the cabinet.	robocasa_panda_omron/PickPlaceCounterToCabinet_PandaOmron_Env	100192	1300003	0	1			5		1	all_token_full	groot_n15_dit_block_residual_full_tokens_denoise	"[""layer"",""denoise_step"",""model_token"",""feature_dim""]"	[7,4,49,1536]	[0,2,4,8,10,12,15]	n15_grid_v5_scenario	grid_coord	meta	meta_json	8daefeabf020/kanu/PPCC/apple/s203/n3/base	203	3
8daefeabf020	kanu	PPCC/apple	2	4	base	activation	d5694c7060e8d6be	d5694c7060e8d6be07e91ac86ca623a7a331a1526b454659c95e723d37bc5eb0	lerobot_groot_n15	n15	lerobot_groot_n15__robocasa365_ckpt120000		0	Pick the apple from the counter and place it in the cabinet.	robocasa_panda_omron/PickPlaceCounterToCabinet_PandaOmron_Env	100192	1300004	0	1			5		1	all_token_full	groot_n15_dit_block_residual_full_tokens_denoise	"[""layer"",""denoise_step"",""model_token"",""feature_dim""]"	[7,4,49,1536]	[0,2,4,8,10,12,15]	n15_grid_v5_scenario	grid_coord	meta	meta_json	8daefeabf020/kanu/PPCC/apple/s203/n4/base	203	3
8daefeabf020	kanu	PPCC/apple	2	0	base	activation	d05744eeaae2669d	d05744eeaae2669d90374c4266c0689295fe3f7676c59bb915a18f9c521bf363	lerobot_groot_n15	n15	lerobot_groot_n15__robocasa365_ckpt120000		0	Pick the apple from the counter and place it in the cabinet.	robocasa_panda_omron/PickPlaceCounterToCabinet_PandaOmron_Env	100192	1300000	0	1			5		1	all_token_full	groot_n15_dit_block_residual_full_tokens_denoise	"[""layer"",""denoise_step"",""model_token"",""feature_dim""]"	[7,4,49,1536]	[0,2,4,8,10,12,15]	n15_grid_v5_scenario	grid_coord	meta	meta_json	8daefeabf020/kanu/PPCC/apple/s204/n0/base	204	4
8daefeabf020	kanu	PPCC/apple	2	1	base	activation	c9f51739fca98443	c9f51739fca98443968943394bc0b584e70bc3a7b04c932007b50ae63fe07b05	lerobot_groot_n15	n15	lerobot_groot_n15__robocasa365_ckpt120000		0	Pick the apple from the counter and place it in the cabinet.	robocasa_panda_omron/PickPlaceCounterToCabinet_PandaOmron_Env	100192	1300001	0	1			5		1	all_token_full	groot_n15_dit_block_residual_full_tokens_denoise	"[""layer"",""denoise_step"",""model_token"",""feature_dim""]"	[7,4,49,1536]	[0,2,4,8,10,12,15]	n15_grid_v5_scenario	grid_coord	meta	meta_json	8daefeabf020/kanu/PPCC/apple/s204/n1/base	204	4
8daefeabf020	kanu	PPCC/apple	2	2	base	activation	f0481f7c94ab81f3	f0481f7c94ab81f3d4d952c0a820fff6a74b8c81017fbb7396d130930582407f	lerobot_groot_n15	n15	lerobot_groot_n15__robocasa365_ckpt120000		0	Pick the apple from the counter and place it in the cabinet.	robocasa_panda_omron/PickPlaceCounterToCabinet_PandaOmron_Env	100192	1300002	0	1			5		1	all_token_full	groot_n15_dit_block_residual_full_tokens_denoise	"[""layer"",""denoise_step"",""model_token"",""feature_dim""]"	[7,4,49,1536]	[0,2,4,8,10,12,15]	n15_grid_v5_scenario	grid_coord	meta	meta_json	8daefeabf020/kanu/PPCC/apple/s204/n2/base	204	4
8daefeabf020	kanu	PPCC/apple	2	3	base	activation	e61985d96b9bd9b4	e61985d96b9bd9b450d2630ce370200319ae44a1be6b15740d7157e5c77ff636	lerobot_groot_n15	n15	lerobot_groot_n15__robocasa365_ckpt120000		0	Pick the apple from the counter and place it in the cabinet.	robocasa_panda_omron/PickPlaceCounterToCabinet_PandaOmron_Env	100192	1300003	0	1			5		1	all_token_full	groot_n15_dit_block_residual_full_tokens_denoise	"[""layer"",""denoise_step"",""model_token"",""feature_dim""]"	[7,4,49,1536]	[0,2,4,8,10,12,15]	n15_grid_v5_scenario	grid_coord	meta	meta_json	8daefeabf020/kanu/PPCC/apple/s204/n3/base	204	4
8daefeabf020	kanu	PPCC/apple	2	4	base	activation	1899685c67733d27	1899685c67733d27fbd2310ac8080c63711f0c8d29bf6f183bc5bcc2879c8fca	lerobot_groot_n15	n15	lerobot_groot_n15__robocasa365_ckpt120000		0	Pick the apple from the counter and place it in the cabinet.	robocasa_panda_omron/PickPlaceCounterToCabinet_PandaOmron_Env	100192	1300004	0	1			5		1	all_token_full	groot_n15_dit_block_residual_full_tokens_denoise	"[""layer"",""denoise_step"",""model_token"",""feature_dim""]"	[7,4,49,1536]	[0,2,4,8,10,12,15]	n15_grid_v5_scenario	grid_coord	meta	meta_json	8daefeabf020/kanu/PPCC/apple/s204/n4/base	204	4
8daefeabf020	kanu	PPCC/apple	0	0	base	activation	234f8167deccd05d	234f8167deccd05d84867b7b81b9b436c8298daf3c2c30ccb7f5a6fdbcc4db70	lerobot_groot_n15	n15	lerobot_groot_n15__robocasa365_ckpt120000		0	Pick the apple from the counter and place it in the cabinet.	robocasa_panda_omron/PickPlaceCounterToCabinet_PandaOmron_Env	100025	1300000	0	1			5		1	all_token_full	groot_n15_dit_block_residual_full_tokens_denoise	"[""layer"",""denoise_step"",""model_token"",""feature_dim""]"	[7,4,49,1536]	[0,2,4,8,10,12,15]	n15_grid_v5_scenario	grid_coord	meta	meta_json	8daefeabf020/kanu/PPCC/apple/s3/n0/base	3	3
8daefeabf020	kanu	PPCC/apple	0	1	base	activation	73050536a69c260e	73050536a69c260e7aee6fa994f0460bb93abc07158bcc443508409a175cd75d	lerobot_groot_n15	n15	lerobot_groot_n15__robocasa365_ckpt120000		0	Pick the apple from the counter and place it in the cabinet.	robocasa_panda_omron/PickPlaceCounterToCabinet_PandaOmron_Env	100025	1300001	0	1			5		1	all_token_full	groot_n15_dit_block_residual_full_tokens_denoise	"[""layer"",""denoise_step"",""model_token"",""feature_dim""]"	[7,4,49,1536]	[0,2,4,8,10,12,15]	n15_grid_v5_scenario	grid_coord	meta	meta_json	8daefeabf020/kanu/PPCC/apple/s3/n1/base	3	3
8daefeabf020	kanu	PPCC/apple	0	2	base	activation	37477c88333fc090	37477c88333fc090ae502c1e6483d374fc7ac3c2d574ec73352c3ecb48de9077	lerobot_groot_n15	n15	lerobot_groot_n15__robocasa365_ckpt120000		0	Pick the apple from the counter and place it in the cabinet.	robocasa_panda_omron/PickPlaceCounterToCabinet_PandaOmron_Env	100025	1300002	0	1			5		1	all_token_full	groot_n15_dit_block_residual_full_tokens_denoise	"[""layer"",""denoise_step"",""model_token"",""feature_dim""]"	[7,4,49,1536]	[0,2,4,8,10,12,15]	n15_grid_v5_scenario	grid_coord	meta	meta_json	8daefeabf020/kanu/PPCC/apple/s3/n2/base	3	3
8daefeabf020	kanu	PPCC/apple	0	3	base	activation	99e4b3d5d784d2ac	99e4b3d5d784d2accb2decfcbb6c52378a88d8eda8d18c5dfb92ee1bb602b9d4	lerobot_groot_n15	n15	lerobot_groot_n15__robocasa365_ckpt120000		0	Pick the apple from the counter and place it in the cabinet.	robocasa_panda_omron/PickPlaceCounterToCabinet_PandaOmron_Env	100025	1300003	0	1			5		1	all_token_full	groot_n15_dit_block_residual_full_tokens_denoise	"[""layer"",""denoise_step"",""model_token"",""feature_dim""]"	[7,4,49,1536]	[0,2,4,8,10,12,15]	n15_grid_v5_scenario	grid_coord	meta	meta_json	8daefeabf020/kanu/PPCC/apple/s3/n3/base	3	3
8daefeabf020	kanu	PPCC/apple	0	4	base	activation	db2a2cec433533d6	db2a2cec433533d6619fb4a34285c89c7be7829b66cbaecc86fba295cef4a0b5	lerobot_groot_n15	n15	lerobot_groot_n15__robocasa365_ckpt120000		0	Pick the apple from the counter and place it in the cabinet.	robocasa_panda_omron/PickPlaceCounterToCabinet_PandaOmron_Env	100025	1300004	0	1			5		1	all_token_full	groot_n15_dit_block_residual_full_tokens_denoise	"[""layer"",""denoise_step"",""model_token"",""feature_dim""]"	[7,4,49,1536]	[0,2,4,8,10,12,15]	n15_grid_v5_scenario	grid_coord	meta	meta_json	8daefeabf020/kanu/PPCC/apple/s3/n4/base	3	3
8daefeabf020	kanu	PPCC/apple	3	0	base	activation	649bca0cea393e32	649bca0cea393e327c11d29385b5e8e3cfba4770ea68cf78c90f57ba5745aa1d	lerobot_groot_n15	n15	lerobot_groot_n15__robocasa365_ckpt120000		0	Pick the apple from the counter and place it in the cabinet.	robocasa_panda_omron/PickPlaceCounterToCabinet_PandaOmron_Env	100195	1300000	0	1			5		1	all_token_full	groot_n15_dit_block_residual_full_tokens_denoise	"[""layer"",""denoise_step"",""model_token"",""feature_dim""]"	[7,4,49,1536]	[0,2,4,8,10,12,15]	n15_grid_v5_scenario	grid_coord	meta	meta_json	8daefeabf020/kanu/PPCC/apple/s300/n0/base	300	0
8daefeabf020	kanu	PPCC/apple	3	1	base	activation	7072e80f899fd15e	7072e80f899fd15ee2b68b26e8d0bf9c0bb49f720dbf0853a440149197f6d854	lerobot_groot_n15	n15	lerobot_groot_n15__robocasa365_ckpt120000		0	Pick the apple from the counter and place it in the cabinet.	robocasa_panda_omron/PickPlaceCounterToCabinet_PandaOmron_Env	100195	1300001	0	1			5		1	all_token_full	groot_n15_dit_block_residual_full_tokens_denoise	"[""layer"",""denoise_step"",""model_token"",""feature_dim""]"	[7,4,49,1536]	[0,2,4,8,10,12,15]	n15_grid_v5_scenario	grid_coord	meta	meta_json	8daefeabf020/kanu/PPCC/apple/s300/n1/base	300	0
8daefeabf020	kanu	PPCC/apple	3	2	base	activation	c40778ddaebab918	c40778ddaebab91813408d5e7ad0009cf271d8de68f46e3cfcbfdab3f64bf901	lerobot_groot_n15	n15	lerobot_groot_n15__robocasa365_ckpt120000		0	Pick the apple from the counter and place it in the cabinet.	robocasa_panda_omron/PickPlaceCounterToCabinet_PandaOmron_Env	100195	1300002	0	1			5		1	all_token_full	groot_n15_dit_block_residual_full_tokens_denoise	"[""layer"",""denoise_step"",""model_token"",""feature_dim""]"	[7,4,49,1536]	[0,2,4,8,10,12,15]	n15_grid_v5_scenario	grid_coord	meta	meta_json	8daefeabf020/kanu/PPCC/apple/s300/n2/base	300	0
8daefeabf020	kanu	PPCC/apple	3	3	base	activation	f3f89d34498a01f1	f3f89d34498a01f14dd7b85db7ca6eeada13d4b3ea8a3386a25474c8c61f897b	lerobot_groot_n15	n15	lerobot_groot_n15__robocasa365_ckpt120000		0	Pick the apple from the counter and place it in the cabinet.	robocasa_panda_omron/PickPlaceCounterToCabinet_PandaOmron_Env	100195	1300003	0	1			5		1	all_token_full	groot_n15_dit_block_residual_full_tokens_denoise	"[""layer"",""denoise_step"",""model_token"",""feature_dim""]"	[7,4,49,1536]	[0,2,4,8,10,12,15]	n15_grid_v5_scenario	grid_coord	meta	meta_json	8daefeabf020/kanu/PPCC/apple/s300/n3/base	300	0
8daefeabf020	kanu	PPCC/apple	3	4	base	activation	41777b90ae15e42c	41777b90ae15e42cd2cd889e8c6c5ea0fbc2c807a9323b400b2cd0b8d0c895fa	lerobot_groot_n15	n15	lerobot_groot_n15__robocasa365_ckpt120000		0	Pick the apple from the counter and place it in the cabinet.	robocasa_panda_omron/PickPlaceCounterToCabinet_PandaOmron_Env	100195	1300004	0	1			5		1	all_token_full	groot_n15_dit_block_residual_full_tokens_denoise	"[""layer"",""denoise_step"",""model_token"",""feature_dim""]"	[7,4,49,1536]	[0,2,4,8,10,12,15]	n15_grid_v5_scenario	grid_coord	meta	meta_json	8daefeabf020/kanu/PPCC/apple/s300/n4/base	300	0
8daefeabf020	kanu	PPCC/apple	3	0	base	activation	8b98c53575f9cffc	8b98c53575f9cffc5874084160512af0ef8672f78f33f2fe37ffdcd5ff9592bc	lerobot_groot_n15	n15	lerobot_groot_n15__robocasa365_ckpt120000		0	Pick the apple from the counter and place it in the cabinet.	robocasa_panda_omron/PickPlaceCounterToCabinet_PandaOmron_Env	100195	1300000	0	1			5		1	all_token_full	groot_n15_dit_block_residual_full_tokens_denoise	"[""layer"",""denoise_step"",""model_token"",""feature_dim""]"	[7,4,49,1536]	[0,2,4,8,10,12,15]	n15_grid_v5_scenario	grid_coord	meta	meta_json	8daefeabf020/kanu/PPCC/apple/s301/n0/base	301	1
8daefeabf020	kanu	PPCC/apple	3	1	base	activation	128d82a505a60cff	128d82a505a60cffffd7ed179d764b44fbf5874d20cb81da121d15183122184e	lerobot_groot_n15	n15	lerobot_groot_n15__robocasa365_ckpt120000		0	Pick the apple from the counter and place it in the cabinet.	robocasa_panda_omron/PickPlaceCounterToCabinet_PandaOmron_Env	100195	1300001	0	1			5		1	all_token_full	groot_n15_dit_block_residual_full_tokens_denoise	"[""layer"",""denoise_step"",""model_token"",""feature_dim""]"	[7,4,49,1536]	[0,2,4,8,10,12,15]	n15_grid_v5_scenario	grid_coord	meta	meta_json	8daefeabf020/kanu/PPCC/apple/s301/n1/base	301	1
8daefeabf020	kanu	PPCC/apple	3	2	base	activation	c759a80f64d4f2d6	c759a80f64d4f2d603b610d0c72ea0595b038b28ba3fa79ccf0c14df6fa58368	lerobot_groot_n15	n15	lerobot_groot_n15__robocasa365_ckpt120000		0	Pick the apple from the counter and place it in the cabinet.	robocasa_panda_omron/PickPlaceCounterToCabinet_PandaOmron_Env	100195	1300002	0	1			5		1	all_token_full	groot_n15_dit_block_residual_full_tokens_denoise	"[""layer"",""denoise_step"",""model_token"",""feature_dim""]"	[7,4,49,1536]	[0,2,4,8,10,12,15]	n15_grid_v5_scenario	grid_coord	meta	meta_json	8daefeabf020/kanu/PPCC/apple/s301/n2/base	301	1
8daefeabf020	kanu	PPCC/apple	3	3	base	activation	7f5be9dbca6340f6	7f5be9dbca6340f63ed848c4e538a635f70f5215fa003debcb8e73d23758126f	lerobot_groot_n15	n15	lerobot_groot_n15__robocasa365_ckpt120000		0	Pick the apple from the counter and place it in the cabinet.	robocasa_panda_omron/PickPlaceCounterToCabinet_PandaOmron_Env	100195	1300003	0	1			5		1	all_token_full	groot_n15_dit_block_residual_full_tokens_denoise	"[""layer"",""denoise_step"",""model_token"",""feature_dim""]"	[7,4,49,1536]	[0,2,4,8,10,12,15]	n15_grid_v5_scenario	grid_coord	meta	meta_json	8daefeabf020/kanu/PPCC/apple/s301/n3/base	301	1
8daefeabf020	kanu	PPCC/apple	3	4	base	activation	bd50972ec18dc84b	bd50972ec18dc84b210044e75dcaf112e698a3c8ac1bfa48a1451fdde2055254	lerobot_groot_n15	n15	lerobot_groot_n15__robocasa365_ckpt120000		0	Pick the apple from the counter and place it in the cabinet.	robocasa_panda_omron/PickPlaceCounterToCabinet_PandaOmron_Env	100195	1300004	0	1			5		1	all_token_full	groot_n15_dit_block_residual_full_tokens_denoise	"[""layer"",""denoise_step"",""model_token"",""feature_dim""]"	[7,4,49,1536]	[0,2,4,8,10,12,15]	n15_grid_v5_scenario	grid_coord	meta	meta_json	8daefeabf020/kanu/PPCC/apple/s301/n4/base	301	1
8daefeabf020	kanu	PPCC/apple	3	0	base	activation	2a7e4939bb9f892c	2a7e4939bb9f892c95e4e789ddc50b796c1b8a613871ee11634dede55ed83323	lerobot_groot_n15	n15	lerobot_groot_n15__robocasa365_ckpt120000		0	Pick the apple from the counter and place it in the cabinet.	robocasa_panda_omron/PickPlaceCounterToCabinet_PandaOmron_Env	100195	1300000	0	1			5		1	all_token_full	groot_n15_dit_block_residual_full_tokens_denoise	"[""layer"",""denoise_step"",""model_token"",""feature_dim""]"	[7,4,49,1536]	[0,2,4,8,10,12,15]	n15_grid_v5_scenario	grid_coord	meta	meta_json	8daefeabf020/kanu/PPCC/apple/s302/n0/base	302	2
8daefeabf020	kanu	PPCC/apple	3	1	base	activation	1db48ae7814c6245	1db48ae7814c6245031ce10050246f72b2393104c78db8c63e47c201f7f73566	lerobot_groot_n15	n15	lerobot_groot_n15__robocasa365_ckpt120000		0	Pick the apple from the counter and place it in the cabinet.	robocasa_panda_omron/PickPlaceCounterToCabinet_PandaOmron_Env	100195	1300001	0	1			5		1	all_token_full	groot_n15_dit_block_residual_full_tokens_denoise	"[""layer"",""denoise_step"",""model_token"",""feature_dim""]"	[7,4,49,1536]	[0,2,4,8,10,12,15]	n15_grid_v5_scenario	grid_coord	meta	meta_json	8daefeabf020/kanu/PPCC/apple/s302/n1/base	302	2
8daefeabf020	kanu	PPCC/apple	3	2	base	activation	69edc4b5ef080efd	69edc4b5ef080efd5b60d500273ebbdb31975a47a2a59b4249551877557e743a	lerobot_groot_n15	n15	lerobot_groot_n15__robocasa365_ckpt120000		0	Pick the apple from the counter and place it in the cabinet.	robocasa_panda_omron/PickPlaceCounterToCabinet_PandaOmron_Env	100195	1300002	0	1			5		1	all_token_full	groot_n15_dit_block_residual_full_tokens_denoise	"[""layer"",""denoise_step"",""model_token"",""feature_dim""]"	[7,4,49,1536]	[0,2,4,8,10,12,15]	n15_grid_v5_scenario	grid_coord	meta	meta_json	8daefeabf020/kanu/PPCC/apple/s302/n2/base	302	2
8daefeabf020	kanu	PPCC/apple	3	3	base	activation	85c7c7bcc6a5d8c8	85c7c7bcc6a5d8c83d288d10d4f98b9483c91b9993c5409cc3dd0c1925b9492b	lerobot_groot_n15	n15	lerobot_groot_n15__robocasa365_ckpt120000		0	Pick the apple from the counter and place it in the cabinet.	robocasa_panda_omron/PickPlaceCounterToCabinet_PandaOmron_Env	100195	1300003	0	1			5		1	all_token_full	groot_n15_dit_block_residual_full_tokens_denoise	"[""layer"",""denoise_step"",""model_token"",""feature_dim""]"	[7,4,49,1536]	[0,2,4,8,10,12,15]	n15_grid_v5_scenario	grid_coord	meta	meta_json	8daefeabf020/kanu/PPCC/apple/s302/n3/base	302	2
8daefeabf020	kanu	PPCC/apple	3	4	base	activation	ff03098611f9ee31	ff03098611f9ee311cb9d05c084209048b156436e963929c95a84a6c8ada2285	lerobot_groot_n15	n15	lerobot_groot_n15__robocasa365_ckpt120000		0	Pick the apple from the counter and place it in the cabinet.	robocasa_panda_omron/PickPlaceCounterToCabinet_PandaOmron_Env	100195	1300004	0	1			5		1	all_token_full	groot_n15_dit_block_residual_full_tokens_denoise	"[""layer"",""denoise_step"",""model_token"",""feature_dim""]"	[7,4,49,1536]	[0,2,4,8,10,12,15]	n15_grid_v5_scenario	grid_coord	meta	meta_json	8daefeabf020/kanu/PPCC/apple/s302/n4/base	302	2
8daefeabf020	kanu	PPCC/apple	3	0	base	activation	cc986c5ba10cea11	cc986c5ba10cea110ab978065c0cce843d653ccc08ac4a544affc10dda52c74e	lerobot_groot_n15	n15	lerobot_groot_n15__robocasa365_ckpt120000		0	Pick the apple from the counter and place it in the cabinet.	robocasa_panda_omron/PickPlaceCounterToCabinet_PandaOmron_Env	100195	1300000	0	1			5		1	all_token_full	groot_n15_dit_block_residual_full_tokens_denoise	"[""layer"",""denoise_step"",""model_token"",""feature_dim""]"	[7,4,49,1536]	[0,2,4,8,10,12,15]	n15_grid_v5_scenario	grid_coord	meta	meta_json	8daefeabf020/kanu/PPCC/apple/s303/n0/base	303	3
8daefeabf020	kanu	PPCC/apple	3	1	base	activation	d71446fc3f031676	d71446fc3f0316763e244168bd88b582da4dbd2301f0e0fed3c37579558c6242	lerobot_groot_n15	n15	lerobot_groot_n15__robocasa365_ckpt120000		0	Pick the apple from the counter and place it in the cabinet.	robocasa_panda_omron/PickPlaceCounterToCabinet_PandaOmron_Env	100195	1300001	0	1			5		1	all_token_full	groot_n15_dit_block_residual_full_tokens_denoise	"[""layer"",""denoise_step"",""model_token"",""feature_dim""]"	[7,4,49,1536]	[0,2,4,8,10,12,15]	n15_grid_v5_scenario	grid_coord	meta	meta_json	8daefeabf020/kanu/PPCC/apple/s303/n1/base	303	3
8daefeabf020	kanu	PPCC/apple	3	2	base	activation	b5c713637f8098df	b5c713637f8098df5d89e64a4f5daf913e082891ff294e4599fd92597ff5041f	lerobot_groot_n15	n15	lerobot_groot_n15__robocasa365_ckpt120000		0	Pick the apple from the counter and place it in the cabinet.	robocasa_panda_omron/PickPlaceCounterToCabinet_PandaOmron_Env	100195	1300002	0	1			5		1	all_token_full	groot_n15_dit_block_residual_full_tokens_denoise	"[""layer"",""denoise_step"",""model_token"",""feature_dim""]"	[7,4,49,1536]	[0,2,4,8,10,12,15]	n15_grid_v5_scenario	grid_coord	meta	meta_json	8daefeabf020/kanu/PPCC/apple/s303/n2/base	303	3
8daefeabf020	kanu	PPCC/apple	3	3	base	activation	900ceb12a77fc704	900ceb12a77fc704bafc8d34cfaad5f4098e1126276e418bacf0e3af06cf225d	lerobot_groot_n15	n15	lerobot_groot_n15__robocasa365_ckpt120000		0	Pick the apple from the counter and place it in the cabinet.	robocasa_panda_omron/PickPlaceCounterToCabinet_PandaOmron_Env	100195	1300003	0	1			5		1	all_token_full	groot_n15_dit_block_residual_full_tokens_denoise	"[""layer"",""denoise_step"",""model_token"",""feature_dim""]"	[7,4,49,1536]	[0,2,4,8,10,12,15]	n15_grid_v5_scenario	grid_coord	meta	meta_json	8daefeabf020/kanu/PPCC/apple/s303/n3/base	303	3
8daefeabf020	kanu	PPCC/apple	3	4	base	activation	86d03342ddb12ad2	86d03342ddb12ad201eaad34abbabed0828e93287c0067754113c2c8e8848bbf	lerobot_groot_n15	n15	lerobot_groot_n15__robocasa365_ckpt120000		0	Pick the apple from the counter and place it in the cabinet.	robocasa_panda_omron/PickPlaceCounterToCabinet_PandaOmron_Env	100195	1300004	0	1			5		1	all_token_full	groot_n15_dit_block_residual_full_tokens_denoise	"[""layer"",""denoise_step"",""model_token"",""feature_dim""]"	[7,4,49,1536]	[0,2,4,8,10,12,15]	n15_grid_v5_scenario	grid_coord	meta	meta_json	8daefeabf020/kanu/PPCC/apple/s303/n4/base	303	3
8daefeabf020	kanu	PPCC/apple	3	0	base	activation	e66ab16ab18e45b7	e66ab16ab18e45b7057bed02383c3dbc48f8f12d3d3d6250553a2d96f2589ddc	lerobot_groot_n15	n15	lerobot_groot_n15__robocasa365_ckpt120000		0	Pick the apple from the counter and place it in the cabinet.	robocasa_panda_omron/PickPlaceCounterToCabinet_PandaOmron_Env	100195	1300000	0	1			5		1	all_token_full	groot_n15_dit_block_residual_full_tokens_denoise	"[""layer"",""denoise_step"",""model_token"",""feature_dim""]"	[7,4,49,1536]	[0,2,4,8,10,12,15]	n15_grid_v5_scenario	grid_coord	meta	meta_json	8daefeabf020/kanu/PPCC/apple/s304/n0/base	304	4
8daefeabf020	kanu	PPCC/apple	3	1	base	activation	3c385e58a6859bd9	3c385e58a6859bd924e1977988fd8d2f773c430f1cecfc888151d374c9b3c13f	lerobot_groot_n15	n15	lerobot_groot_n15__robocasa365_ckpt120000		0	Pick the apple from the counter and place it in the cabinet.	robocasa_panda_omron/PickPlaceCounterToCabinet_PandaOmron_Env	100195	1300001	0	1			5		1	all_token_full	groot_n15_dit_block_residual_full_tokens_denoise	"[""layer"",""denoise_step"",""model_token"",""feature_dim""]"	[7,4,49,1536]	[0,2,4,8,10,12,15]	n15_grid_v5_scenario	grid_coord	meta	meta_json	8daefeabf020/kanu/PPCC/apple/s304/n1/base	304	4
8daefeabf020	kanu	PPCC/apple	3	2	base	activation	7ffc61e3c563a004	7ffc61e3c563a004c04e6c53170d68884dd2f345d23d43f3c9f951a80c9d6492	lerobot_groot_n15	n15	lerobot_groot_n15__robocasa365_ckpt120000		0	Pick the apple from the counter and place it in the cabinet.	robocasa_panda_omron/PickPlaceCounterToCabinet_PandaOmron_Env	100195	1300002	0	1			5		1	all_token_full	groot_n15_dit_block_residual_full_tokens_denoise	"[""layer"",""denoise_step"",""model_token"",""feature_dim""]"	[7,4,49,1536]	[0,2,4,8,10,12,15]	n15_grid_v5_scenario	grid_coord	meta	meta_json	8daefeabf020/kanu/PPCC/apple/s304/n2/base	304	4
8daefeabf020	kanu	PPCC/apple	3	3	base	activation	3af5a0efcda6bee7	3af5a0efcda6bee70e2736bd8d333c6a3c9de8eab97d54b89cb994d1e7f8139a	lerobot_groot_n15	n15	lerobot_groot_n15__robocasa365_ckpt120000		0	Pick the apple from the counter and place it in the cabinet.	robocasa_panda_omron/PickPlaceCounterToCabinet_PandaOmron_Env	100195	1300003	0	1			5		1	all_token_full	groot_n15_dit_block_residual_full_tokens_denoise	"[""layer"",""denoise_step"",""model_token"",""feature_dim""]"	[7,4,49,1536]	[0,2,4,8,10,12,15]	n15_grid_v5_scenario	grid_coord	meta	meta_json	8daefeabf020/kanu/PPCC/apple/s304/n3/base	304	4
8daefeabf020	kanu	PPCC/apple	3	4	base	activation	e9136777fcb64852	e9136777fcb6485295126214e9c9f497608592e2cbf5282f615248e814dfad0d	lerobot_groot_n15	n15	lerobot_groot_n15__robocasa365_ckpt120000		0	Pick the apple from the counter and place it in the cabinet.	robocasa_panda_omron/PickPlaceCounterToCabinet_PandaOmron_Env	100195	1300004	0	1			5		1	all_token_full	groot_n15_dit_block_residual_full_tokens_denoise	"[""layer"",""denoise_step"",""model_token"",""feature_dim""]"	[7,4,49,1536]	[0,2,4,8,10,12,15]	n15_grid_v5_scenario	grid_coord	meta	meta_json	8daefeabf020/kanu/PPCC/apple/s304/n4/base	304	4
8daefeabf020	kanu	PPCC/apple	0	0	base	activation	ee6b7003226e11d8	ee6b7003226e11d8d9080ac0756d240a01301abb156fd866be01d65f5f61e83f	lerobot_groot_n15	n15	lerobot_groot_n15__robocasa365_ckpt120000		0	Pick the apple from the counter and place it in the cabinet.	robocasa_panda_omron/PickPlaceCounterToCabinet_PandaOmron_Env	100025	1300000	0	1			5		1	all_token_full	groot_n15_dit_block_residual_full_tokens_denoise	"[""layer"",""denoise_step"",""model_token"",""feature_dim""]"	[7,4,49,1536]	[0,2,4,8,10,12,15]	n15_grid_v5_scenario	grid_coord	meta	meta_json	8daefeabf020/kanu/PPCC/apple/s4/n0/base	4	4
8daefeabf020	kanu	PPCC/apple	0	1	base	activation	8ac3ed550ea16a02	8ac3ed550ea16a02f6fd2e74cedd6cb7b725955de97397e6a63139370c8741e6	lerobot_groot_n15	n15	lerobot_groot_n15__robocasa365_ckpt120000		0	Pick the apple from the counter and place it in the cabinet.	robocasa_panda_omron/PickPlaceCounterToCabinet_PandaOmron_Env	100025	1300001	0	1			5		1	all_token_full	groot_n15_dit_block_residual_full_tokens_denoise	"[""layer"",""denoise_step"",""model_token"",""feature_dim""]"	[7,4,49,1536]	[0,2,4,8,10,12,15]	n15_grid_v5_scenario	grid_coord	meta	meta_json	8daefeabf020/kanu/PPCC/apple/s4/n1/base	4	4
8daefeabf020	kanu	PPCC/apple	0	2	base	activation	dc98b96edeb8fed5	dc98b96edeb8fed5b874d31302103bb01d8760e716b976c1b6131ef54a0ef6d2	lerobot_groot_n15	n15	lerobot_groot_n15__robocasa365_ckpt120000		0	Pick the apple from the counter and place it in the cabinet.	robocasa_panda_omron/PickPlaceCounterToCabinet_PandaOmron_Env	100025	1300002	0	1			5		1	all_token_full	groot_n15_dit_block_residual_full_tokens_denoise	"[""layer"",""denoise_step"",""model_token"",""feature_dim""]"	[7,4,49,1536]	[0,2,4,8,10,12,15]	n15_grid_v5_scenario	grid_coord	meta	meta_json	8daefeabf020/kanu/PPCC/apple/s4/n2/base	4	4
8daefeabf020	kanu	PPCC/apple	0	3	base	activation	b56103cea8855b19	b56103cea8855b19de8fd95cc0ede561a94e5b6f7d57af6b118acda2671af42f	lerobot_groot_n15	n15	lerobot_groot_n15__robocasa365_ckpt120000		0	Pick the apple from the counter and place it in the cabinet.	robocasa_panda_omron/PickPlaceCounterToCabinet_PandaOmron_Env	100025	1300003	0	1			5		1	all_token_full	groot_n15_dit_block_residual_full_tokens_denoise	"[""layer"",""denoise_step"",""model_token"",""feature_dim""]"	[7,4,49,1536]	[0,2,4,8,10,12,15]	n15_grid_v5_scenario	grid_coord	meta	meta_json	8daefeabf020/kanu/PPCC/apple/s4/n3/base	4	4
8daefeabf020	kanu	PPCC/apple	0	4	base	activation	6911a3a77b4b76d3	6911a3a77b4b76d3e7ff51ffe3430de3039de62eb0b02a81d9c1648cd689c4c3	lerobot_groot_n15	n15	lerobot_groot_n15__robocasa365_ckpt120000		0	Pick the apple from the counter and place it in the cabinet.	robocasa_panda_omron/PickPlaceCounterToCabinet_PandaOmron_Env	100025	1300004	0	1			5		1	all_token_full	groot_n15_dit_block_residual_full_tokens_denoise	"[""layer"",""denoise_step"",""model_token"",""feature_dim""]"	[7,4,49,1536]	[0,2,4,8,10,12,15]	n15_grid_v5_scenario	grid_coord	meta	meta_json	8daefeabf020/kanu/PPCC/apple/s4/n4/base	4	4
8daefeabf020	kanu	PPCC/apple	4	0	base	activation	45d1404bc62aa7d8	45d1404bc62aa7d81bfbf92fa7dddb3e96dddc251a2255f14779871c90a48ed0	lerobot_groot_n15	n15	lerobot_groot_n15__robocasa365_ckpt120000		0	Pick the apple from the counter and place it in the cabinet.	robocasa_panda_omron/PickPlaceCounterToCabinet_PandaOmron_Env	100243	1300000	0	1			5		1	all_token_full	groot_n15_dit_block_residual_full_tokens_denoise	"[""layer"",""denoise_step"",""model_token"",""feature_dim""]"	[7,4,49,1536]	[0,2,4,8,10,12,15]	n15_grid_v5_scenario	grid_coord	meta	meta_json	8daefeabf020/kanu/PPCC/apple/s400/n0/base	400	0
8daefeabf020	kanu	PPCC/apple	4	1	base	activation	1bb0080e12a231f0	1bb0080e12a231f0f16dd54c81bcd5b49078534ccefc57950297507fb4ce19eb	lerobot_groot_n15	n15	lerobot_groot_n15__robocasa365_ckpt120000		0	Pick the apple from the counter and place it in the cabinet.	robocasa_panda_omron/PickPlaceCounterToCabinet_PandaOmron_Env	100243	1300001	0	1			5		1	all_token_full	groot_n15_dit_block_residual_full_tokens_denoise	"[""layer"",""denoise_step"",""model_token"",""feature_dim""]"	[7,4,49,1536]	[0,2,4,8,10,12,15]	n15_grid_v5_scenario	grid_coord	meta	meta_json	8daefeabf020/kanu/PPCC/apple/s400/n1/base	400	0
8daefeabf020	kanu	PPCC/apple	4	2	base	activation	befb4866af2860f2	befb4866af2860f2ce8fcf320a07d44e54cb78de88fdeef44a7b7093a11a1569	lerobot_groot_n15	n15	lerobot_groot_n15__robocasa365_ckpt120000		0	Pick the apple from the counter and place it in the cabinet.	robocasa_panda_omron/PickPlaceCounterToCabinet_PandaOmron_Env	100243	1300002	0	1			5		1	all_token_full	groot_n15_dit_block_residual_full_tokens_denoise	"[""layer"",""denoise_step"",""model_token"",""feature_dim""]"	[7,4,49,1536]	[0,2,4,8,10,12,15]	n15_grid_v5_scenario	grid_coord	meta	meta_json	8daefeabf020/kanu/PPCC/apple/s400/n2/base	400	0
8daefeabf020	kanu	PPCC/apple	4	3	base	activation	7c2fbdd5b0f38593	7c2fbdd5b0f38593825dd7b6b58e9c03a37b37f4a51e25f955da930747353f20	lerobot_groot_n15	n15	lerobot_groot_n15__robocasa365_ckpt120000		0	Pick the apple from the counter and place it in the cabinet.	robocasa_panda_omron/PickPlaceCounterToCabinet_PandaOmron_Env	100243	1300003	0	1			5		1	all_token_full	groot_n15_dit_block_residual_full_tokens_denoise	"[""layer"",""denoise_step"",""model_token"",""feature_dim""]"	[7,4,49,1536]	[0,2,4,8,10,12,15]	n15_grid_v5_scenario	grid_coord	meta	meta_json	8daefeabf020/kanu/PPCC/apple/s400/n3/base	400	0
8daefeabf020	kanu	PPCC/apple	4	4	base	activation	c80764cf71629d33	c80764cf71629d33cd53691ea4a1c8e7e447168d88cacc38c3268eb45950f26f	lerobot_groot_n15	n15	lerobot_groot_n15__robocasa365_ckpt120000		0	Pick the apple from the counter and place it in the cabinet.	robocasa_panda_omron/PickPlaceCounterToCabinet_PandaOmron_Env	100243	1300004	0	1			5		1	all_token_full	groot_n15_dit_block_residual_full_tokens_denoise	"[""layer"",""denoise_step"",""model_token"",""feature_dim""]"	[7,4,49,1536]	[0,2,4,8,10,12,15]	n15_grid_v5_scenario	grid_coord	meta	meta_json	8daefeabf020/kanu/PPCC/apple/s400/n4/base	400	0
8daefeabf020	kanu	PPCC/apple	4	0	base	activation	a44c8d5560128fd3	a44c8d5560128fd3a2deeb9732de3268a19b078c7c2e8874811a280f18f8bbbe	lerobot_groot_n15	n15	lerobot_groot_n15__robocasa365_ckpt120000		0	Pick the apple from the counter and place it in the cabinet.	robocasa_panda_omron/PickPlaceCounterToCabinet_PandaOmron_Env	100243	1300000	0	1			5		1	all_token_full	groot_n15_dit_block_residual_full_tokens_denoise	"[""layer"",""denoise_step"",""model_token"",""feature_dim""]"	[7,4,49,1536]	[0,2,4,8,10,12,15]	n15_grid_v5_scenario	grid_coord	meta	meta_json	8daefeabf020/kanu/PPCC/apple/s401/n0/base	401	1
8daefeabf020	kanu	PPCC/apple	4	1	base	activation	29794864f2e3159c	29794864f2e3159c0296bfb0a7eb024da023d7010d5f838b9c6156198cc2d5c8	lerobot_groot_n15	n15	lerobot_groot_n15__robocasa365_ckpt120000		0	Pick the apple from the counter and place it in the cabinet.	robocasa_panda_omron/PickPlaceCounterToCabinet_PandaOmron_Env	100243	1300001	0	1			5		1	all_token_full	groot_n15_dit_block_residual_full_tokens_denoise	"[""layer"",""denoise_step"",""model_token"",""feature_dim""]"	[7,4,49,1536]	[0,2,4,8,10,12,15]	n15_grid_v5_scenario	grid_coord	meta	meta_json	8daefeabf020/kanu/PPCC/apple/s401/n1/base	401	1
8daefeabf020	kanu	PPCC/apple	4	2	base	activation	7acd2854641eb109	7acd2854641eb109c31e19053de843c7a7052a3ccad5c824b411e22b2066aaa2	lerobot_groot_n15	n15	lerobot_groot_n15__robocasa365_ckpt120000		0	Pick the apple from the counter and place it in the cabinet.	robocasa_panda_omron/PickPlaceCounterToCabinet_PandaOmron_Env	100243	1300002	0	1			5		1	all_token_full	groot_n15_dit_block_residual_full_tokens_denoise	"[""layer"",""denoise_step"",""model_token"",""feature_dim""]"	[7,4,49,1536]	[0,2,4,8,10,12,15]	n15_grid_v5_scenario	grid_coord	meta	meta_json	8daefeabf020/kanu/PPCC/apple/s401/n2/base	401	1
8daefeabf020	kanu	PPCC/apple	4	3	base	activation	88075dbf6098fda7	88075dbf6098fda75310e54eb4ca7011d540c5433985a51268c2986296e717d3	lerobot_groot_n15	n15	lerobot_groot_n15__robocasa365_ckpt120000		0	Pick the apple from the counter and place it in the cabinet.	robocasa_panda_omron/PickPlaceCounterToCabinet_PandaOmron_Env	100243	1300003	0	1			5		1	all_token_full	groot_n15_dit_block_residual_full_tokens_denoise	"[""layer"",""denoise_step"",""model_token"",""feature_dim""]"	[7,4,49,1536]	[0,2,4,8,10,12,15]	n15_grid_v5_scenario	grid_coord	meta	meta_json	8daefeabf020/kanu/PPCC/apple/s401/n3/base	401	1
8daefeabf020	kanu	PPCC/apple	4	4	base	activation	a68da0b58bb221e0	a68da0b58bb221e0086e0f3b1304d83389e932b93261f3a78322ad9642eb7aab	lerobot_groot_n15	n15	lerobot_groot_n15__robocasa365_ckpt120000		0	Pick the apple from the counter and place it in the cabinet.	robocasa_panda_omron/PickPlaceCounterToCabinet_PandaOmron_Env	100243	1300004	0	1			5		1	all_token_full	groot_n15_dit_block_residual_full_tokens_denoise	"[""layer"",""denoise_step"",""model_token"",""feature_dim""]"	[7,4,49,1536]	[0,2,4,8,10,12,15]	n15_grid_v5_scenario	grid_coord	meta	meta_json	8daefeabf020/kanu/PPCC/apple/s401/n4/base	401	1
8daefeabf020	kanu	PPCC/apple	4	0	base	activation	01083762a73ac9bd	01083762a73ac9bdb1359d316a6c1e0f07895de2055cd2cc395c3dc926f904b9	lerobot_groot_n15	n15	lerobot_groot_n15__robocasa365_ckpt120000		0	Pick the apple from the counter and place it in the cabinet.	robocasa_panda_omron/PickPlaceCounterToCabinet_PandaOmron_Env	100243	1300000	0	1			5		1	all_token_full	groot_n15_dit_block_residual_full_tokens_denoise	"[""layer"",""denoise_step"",""model_token"",""feature_dim""]"	[7,4,49,1536]	[0,2,4,8,10,12,15]	n15_grid_v5_scenario	grid_coord	meta	meta_json	8daefeabf020/kanu/PPCC/apple/s402/n0/base	402	2
8daefeabf020	kanu	PPCC/apple	4	1	base	activation	9b22c8cad74426a5	9b22c8cad74426a555ebc77a1cd487885e02f3a87962e7273ec52834f505be88	lerobot_groot_n15	n15	lerobot_groot_n15__robocasa365_ckpt120000		0	Pick the apple from the counter and place it in the cabinet.	robocasa_panda_omron/PickPlaceCounterToCabinet_PandaOmron_Env	100243	1300001	0	1			5		1	all_token_full	groot_n15_dit_block_residual_full_tokens_denoise	"[""layer"",""denoise_step"",""model_token"",""feature_dim""]"	[7,4,49,1536]	[0,2,4,8,10,12,15]	n15_grid_v5_scenario	grid_coord	meta	meta_json	8daefeabf020/kanu/PPCC/apple/s402/n1/base	402	2
8daefeabf020	kanu	PPCC/apple	4	2	base	activation	8b8efdfea940f255	8b8efdfea940f2550b135faa06d8942231b7b834d628f27e48cca2f54ffbf5f7	lerobot_groot_n15	n15	lerobot_groot_n15__robocasa365_ckpt120000		0	Pick the apple from the counter and place it in the cabinet.	robocasa_panda_omron/PickPlaceCounterToCabinet_PandaOmron_Env	100243	1300002	0	1			5		1	all_token_full	groot_n15_dit_block_residual_full_tokens_denoise	"[""layer"",""denoise_step"",""model_token"",""feature_dim""]"	[7,4,49,1536]	[0,2,4,8,10,12,15]	n15_grid_v5_scenario	grid_coord	meta	meta_json	8daefeabf020/kanu/PPCC/apple/s402/n2/base	402	2
8daefeabf020	kanu	PPCC/apple	4	3	base	activation	ca2ea7b8d1b68804	ca2ea7b8d1b688046120316c56f44923da9c6acedd96e598b01fd820cb3512d4	lerobot_groot_n15	n15	lerobot_groot_n15__robocasa365_ckpt120000		0	Pick the apple from the counter and place it in the cabinet.	robocasa_panda_omron/PickPlaceCounterToCabinet_PandaOmron_Env	100243	1300003	0	1			5		1	all_token_full	groot_n15_dit_block_residual_full_tokens_denoise	"[""layer"",""denoise_step"",""model_token"",""feature_dim""]"	[7,4,49,1536]	[0,2,4,8,10,12,15]	n15_grid_v5_scenario	grid_coord	meta	meta_json	8daefeabf020/kanu/PPCC/apple/s402/n3/base	402	2
8daefeabf020	kanu	PPCC/apple	4	4	base	activation	a1e97dfbc44b48b5	a1e97dfbc44b48b5eab9d21b49859400554d90d20b551beb0878f4442c648b7f	lerobot_groot_n15	n15	lerobot_groot_n15__robocasa365_ckpt120000		0	Pick the apple from the counter and place it in the cabinet.	robocasa_panda_omron/PickPlaceCounterToCabinet_PandaOmron_Env	100243	1300004	0	1			5		1	all_token_full	groot_n15_dit_block_residual_full_tokens_denoise	"[""layer"",""denoise_step"",""model_token"",""feature_dim""]"	[7,4,49,1536]	[0,2,4,8,10,12,15]	n15_grid_v5_scenario	grid_coord	meta	meta_json	8daefeabf020/kanu/PPCC/apple/s402/n4/base	402	2
8daefeabf020	kanu	PPCC/apple	4	0	base	activation	0a6f0c1df671504f	0a6f0c1df671504fff9e6911579ef450ff85a5fc97e1b73587b0902da47ba371	lerobot_groot_n15	n15	lerobot_groot_n15__robocasa365_ckpt120000		0	Pick the apple from the counter and place it in the cabinet.	robocasa_panda_omron/PickPlaceCounterToCabinet_PandaOmron_Env	100243	1300000	0	1			5		1	all_token_full	groot_n15_dit_block_residual_full_tokens_denoise	"[""layer"",""denoise_step"",""model_token"",""feature_dim""]"	[7,4,49,1536]	[0,2,4,8,10,12,15]	n15_grid_v5_scenario	grid_coord	meta	meta_json	8daefeabf020/kanu/PPCC/apple/s403/n0/base	403	3
8daefeabf020	kanu	PPCC/apple	4	1	base	activation	741af1b27856b818	741af1b27856b818b98ec9bbb9c7f8fcc1695f5107449cbb19dbf80ca5bc45f2	lerobot_groot_n15	n15	lerobot_groot_n15__robocasa365_ckpt120000		0	Pick the apple from the counter and place it in the cabinet.	robocasa_panda_omron/PickPlaceCounterToCabinet_PandaOmron_Env	100243	1300001	0	1			5		1	all_token_full	groot_n15_dit_block_residual_full_tokens_denoise	"[""layer"",""denoise_step"",""model_token"",""feature_dim""]"	[7,4,49,1536]	[0,2,4,8,10,12,15]	n15_grid_v5_scenario	grid_coord	meta	meta_json	8daefeabf020/kanu/PPCC/apple/s403/n1/base	403	3
8daefeabf020	kanu	PPCC/apple	4	2	base	activation	baa7eb57906d0c82	baa7eb57906d0c824aaf8be4d0b7b2054f6b82017a1258bf6706dee8c6146542	lerobot_groot_n15	n15	lerobot_groot_n15__robocasa365_ckpt120000		0	Pick the apple from the counter and place it in the cabinet.	robocasa_panda_omron/PickPlaceCounterToCabinet_PandaOmron_Env	100243	1300002	0	1			5		1	all_token_full	groot_n15_dit_block_residual_full_tokens_denoise	"[""layer"",""denoise_step"",""model_token"",""feature_dim""]"	[7,4,49,1536]	[0,2,4,8,10,12,15]	n15_grid_v5_scenario	grid_coord	meta	meta_json	8daefeabf020/kanu/PPCC/apple/s403/n2/base	403	3
8daefeabf020	kanu	PPCC/apple	4	3	base	activation	5cf949b916885357	5cf949b9168853571b7ec3a9ee45933226b97f4f20862fbd7f427eede0e3a4c5	lerobot_groot_n15	n15	lerobot_groot_n15__robocasa365_ckpt120000		0	Pick the apple from the counter and place it in the cabinet.	robocasa_panda_omron/PickPlaceCounterToCabinet_PandaOmron_Env	100243	1300003	0	1			5		1	all_token_full	groot_n15_dit_block_residual_full_tokens_denoise	"[""layer"",""denoise_step"",""model_token"",""feature_dim""]"	[7,4,49,1536]	[0,2,4,8,10,12,15]	n15_grid_v5_scenario	grid_coord	meta	meta_json	8daefeabf020/kanu/PPCC/apple/s403/n3/base	403	3
8daefeabf020	kanu	PPCC/apple	4	4	base	activation	66e3d9832fff631d	66e3d9832fff631df17f2b8df04ffcfe6cc8e860f2a26b0ba9e377592994dbc5	lerobot_groot_n15	n15	lerobot_groot_n15__robocasa365_ckpt120000		0	Pick the apple from the counter and place it in the cabinet.	robocasa_panda_omron/PickPlaceCounterToCabinet_PandaOmron_Env	100243	1300004	0	1			5		1	all_token_full	groot_n15_dit_block_residual_full_tokens_denoise	"[""layer"",""denoise_step"",""model_token"",""feature_dim""]"	[7,4,49,1536]	[0,2,4,8,10,12,15]	n15_grid_v5_scenario	grid_coord	meta	meta_json	8daefeabf020/kanu/PPCC/apple/s403/n4/base	403	3
8daefeabf020	kanu	PPCC/apple	4	0	base	activation	1bad5c428edb0e8a	1bad5c428edb0e8a786900b84abff74d3cea7ca6ef686e956830b05d56c1d7ac	lerobot_groot_n15	n15	lerobot_groot_n15__robocasa365_ckpt120000		0	Pick the apple from the counter and place it in the cabinet.	robocasa_panda_omron/PickPlaceCounterToCabinet_PandaOmron_Env	100243	1300000	0	1			5		1	all_token_full	groot_n15_dit_block_residual_full_tokens_denoise	"[""layer"",""denoise_step"",""model_token"",""feature_dim""]"	[7,4,49,1536]	[0,2,4,8,10,12,15]	n15_grid_v5_scenario	grid_coord	meta	meta_json	8daefeabf020/kanu/PPCC/apple/s404/n0/base	404	4
8daefeabf020	kanu	PPCC/apple	4	1	base	activation	7f8b57f1c0838220	7f8b57f1c0838220fd7dc22f42d62f94eef864815176ddab614dd5264f2b2b1c	lerobot_groot_n15	n15	lerobot_groot_n15__robocasa365_ckpt120000		0	Pick the apple from the counter and place it in the cabinet.	robocasa_panda_omron/PickPlaceCounterToCabinet_PandaOmron_Env	100243	1300001	0	1			5		1	all_token_full	groot_n15_dit_block_residual_full_tokens_denoise	"[""layer"",""denoise_step"",""model_token"",""feature_dim""]"	[7,4,49,1536]	[0,2,4,8,10,12,15]	n15_grid_v5_scenario	grid_coord	meta	meta_json	8daefeabf020/kanu/PPCC/apple/s404/n1/base	404	4
8daefeabf020	kanu	PPCC/apple	4	2	base	activation	96432753a4a62e14	96432753a4a62e14ab1accedbc6afbd532802bf79d8959e7c779a4f0f800caec	lerobot_groot_n15	n15	lerobot_groot_n15__robocasa365_ckpt120000		0	Pick the apple from the counter and place it in the cabinet.	robocasa_panda_omron/PickPlaceCounterToCabinet_PandaOmron_Env	100243	1300002	0	1			5		1	all_token_full	groot_n15_dit_block_residual_full_tokens_denoise	"[""layer"",""denoise_step"",""model_token"",""feature_dim""]"	[7,4,49,1536]	[0,2,4,8,10,12,15]	n15_grid_v5_scenario	grid_coord	meta	meta_json	8daefeabf020/kanu/PPCC/apple/s404/n2/base	404	4
8daefeabf020	kanu	PPCC/apple	4	3	base	activation	30df4600b56ea7f9	30df4600b56ea7f9c2ef91f3bd01daa2b96a2d09b973bac660776c74ff9b6f16	lerobot_groot_n15	n15	lerobot_groot_n15__robocasa365_ckpt120000		0	Pick the apple from the counter and place it in the cabinet.	robocasa_panda_omron/PickPlaceCounterToCabinet_PandaOmron_Env	100243	1300003	0	1			5		1	all_token_full	groot_n15_dit_block_residual_full_tokens_denoise	"[""layer"",""denoise_step"",""model_token"",""feature_dim""]"	[7,4,49,1536]	[0,2,4,8,10,12,15]	n15_grid_v5_scenario	grid_coord	meta	meta_json	8daefeabf020/kanu/PPCC/apple/s404/n3/base	404	4
8daefeabf020	kanu	PPCC/apple	4	4	base	activation	c6d3e6a9224971df	c6d3e6a9224971df456517f2deeb6aad0fd38b34b671660dbca0375e87236f5d	lerobot_groot_n15	n15	lerobot_groot_n15__robocasa365_ckpt120000		0	Pick the apple from the counter and place it in the cabinet.	robocasa_panda_omron/PickPlaceCounterToCabinet_PandaOmron_Env	100243	1300004	0	1			5		1	all_token_full	groot_n15_dit_block_residual_full_tokens_denoise	"[""layer"",""denoise_step"",""model_token"",""feature_dim""]"	[7,4,49,1536]	[0,2,4,8,10,12,15]	n15_grid_v5_scenario	grid_coord	meta	meta_json	8daefeabf020/kanu/PPCC/apple/s404/n4/base	404	4
8daefeabf020	worker1	CoffeeSetupMug	0	0	base	activation	2eb1d0a65da3e986	2eb1d0a65da3e986722812597ddbe6624656237199d28ad22d57f68a0144471c	lerobot_groot_n15	n15	lerobot_groot_n15__robocasa365_ckpt120000		0	Pick the mug from the counter and place it under the coffee machine dispenser.	robocasa_panda_omron/CoffeeSetupMug_PandaOmron_Env	100000	1300000	0	0			5		1	all_token_full	groot_n15_dit_block_residual_full_tokens_denoise	"[""layer"",""denoise_step"",""model_token"",""feature_dim""]"	[7,4,49,1536]	[0,2,4,8,10,12,15]	n15_grid_v5_scenario	grid_coord	meta	meta_json	8daefeabf020/worker1/CoffeeSetupMug/s0/n0/base	0	0
8daefeabf020	worker1	CoffeeSetupMug	0	1	base	activation	14f5aa546708a4d9	14f5aa546708a4d9a6c0d2c9e92350499e9a2a129f2230965e0221aac2d6cde3	lerobot_groot_n15	n15	lerobot_groot_n15__robocasa365_ckpt120000		0	Pick the mug from the counter and place it under the coffee machine dispenser.	robocasa_panda_omron/CoffeeSetupMug_PandaOmron_Env	100000	1300001	0	0			5		1	all_token_full	groot_n15_dit_block_residual_full_tokens_denoise	"[""layer"",""denoise_step"",""model_token"",""feature_dim""]"	[7,4,49,1536]	[0,2,4,8,10,12,15]	n15_grid_v5_scenario	grid_coord	meta	meta_json	8daefeabf020/worker1/CoffeeSetupMug/s0/n1/base	0	0
8daefeabf020	worker1	CoffeeSetupMug	0	2	base	activation	88b2315de677f829	88b2315de677f829300b47d586af5ad9ef7190dc9b3eb53f5bef22488cf65fcf	lerobot_groot_n15	n15	lerobot_groot_n15__robocasa365_ckpt120000		0	Pick the mug from the counter and place it under the coffee machine dispenser.	robocasa_panda_omron/CoffeeSetupMug_PandaOmron_Env	100000	1300002	0	0			5		1	all_token_full	groot_n15_dit_block_residual_full_tokens_denoise	"[""layer"",""denoise_step"",""model_token"",""feature_dim""]"	[7,4,49,1536]	[0,2,4,8,10,12,15]	n15_grid_v5_scenario	grid_coord	meta	meta_json	8daefeabf020/worker1/CoffeeSetupMug/s0/n2/base	0	0
8daefeabf020	worker1	CoffeeSetupMug	0	3	base	activation	8c6ba618db1636b1	8c6ba618db1636b165e92e8b56c01904a856884c6fc54a3e045d960db5dee670	lerobot_groot_n15	n15	lerobot_groot_n15__robocasa365_ckpt120000		0	Pick the mug from the counter and place it under the coffee machine dispenser.	robocasa_panda_omron/CoffeeSetupMug_PandaOmron_Env	100000	1300003	0	0			5		1	all_token_full	groot_n15_dit_block_residual_full_tokens_denoise	"[""layer"",""denoise_step"",""model_token"",""feature_dim""]"	[7,4,49,1536]	[0,2,4,8,10,12,15]	n15_grid_v5_scenario	grid_coord	meta	meta_json	8daefeabf020/worker1/CoffeeSetupMug/s0/n3/base	0	0
8daefeabf020	worker1	CoffeeSetupMug	0	4	base	activation	1a5e5e2941ce845e	1a5e5e2941ce845e7b6b78d55e9cb660cefbb4ab504176de6d89efa37a4f6e2b	lerobot_groot_n15	n15	lerobot_groot_n15__robocasa365_ckpt120000		0	Pick the mug from the counter and place it under the coffee machine dispenser.	robocasa_panda_omron/CoffeeSetupMug_PandaOmron_Env	100000	1300004	0	0			5		1	all_token_full	groot_n15_dit_block_residual_full_tokens_denoise	"[""layer"",""denoise_step"",""model_token"",""feature_dim""]"	[7,4,49,1536]	[0,2,4,8,10,12,15]	n15_grid_v5_scenario	grid_coord	meta	meta_json	8daefeabf020/worker1/CoffeeSetupMug/s0/n4/base	0	0
8daefeabf020	worker1	CoffeeSetupMug	0	0	base	activation	f507e17e98ec5500	f507e17e98ec55008174ad2f27b148aa9581244291de11d1456898ae0e38efbf	lerobot_groot_n15	n15	lerobot_groot_n15__robocasa365_ckpt120000		0	Pick the mug from the counter and place it under the coffee machine dispenser.	robocasa_panda_omron/CoffeeSetupMug_PandaOmron_Env	100000	1300000	0	0			5		1	all_token_full	groot_n15_dit_block_residual_full_tokens_denoise	"[""layer"",""denoise_step"",""model_token"",""feature_dim""]"	[7,4,49,1536]	[0,2,4,8,10,12,15]	n15_grid_v5_scenario	grid_coord	meta	meta_json	8daefeabf020/worker1/CoffeeSetupMug/s1/n0/base	1	1
8daefeabf020	worker1	CoffeeSetupMug	0	1	base	activation	c182a83a5c2b03e5	c182a83a5c2b03e5cc8976d0f6f5d241f03533930c74f260e191e669cb1d9be9	lerobot_groot_n15	n15	lerobot_groot_n15__robocasa365_ckpt120000		0	Pick the mug from the counter and place it under the coffee machine dispenser.	robocasa_panda_omron/CoffeeSetupMug_PandaOmron_Env	100000	1300001	0	0			5		1	all_token_full	groot_n15_dit_block_residual_full_tokens_denoise	"[""layer"",""denoise_step"",""model_token"",""feature_dim""]"	[7,4,49,1536]	[0,2,4,8,10,12,15]	n15_grid_v5_scenario	grid_coord	meta	meta_json	8daefeabf020/worker1/CoffeeSetupMug/s1/n1/base	1	1
8daefeabf020	worker1	CoffeeSetupMug	0	2	base	activation	35fe8a3d1b8c2e31	35fe8a3d1b8c2e31cd6f08756d151c0f8a7889887d14050cf3884d4b8fb92954	lerobot_groot_n15	n15	lerobot_groot_n15__robocasa365_ckpt120000		0	Pick the mug from the counter and place it under the coffee machine dispenser.	robocasa_panda_omron/CoffeeSetupMug_PandaOmron_Env	100000	1300002	0	0			5		1	all_token_full	groot_n15_dit_block_residual_full_tokens_denoise	"[""layer"",""denoise_step"",""model_token"",""feature_dim""]"	[7,4,49,1536]	[0,2,4,8,10,12,15]	n15_grid_v5_scenario	grid_coord	meta	meta_json	8daefeabf020/worker1/CoffeeSetupMug/s1/n2/base	1	1
8daefeabf020	worker1	CoffeeSetupMug	0	3	base	activation	ca4cdadb4cf79cd8	ca4cdadb4cf79cd88eccf4ebaaa879909ca3a8eec2cfae29f6f7af253697187b	lerobot_groot_n15	n15	lerobot_groot_n15__robocasa365_ckpt120000		0	Pick the mug from the counter and place it under the coffee machine dispenser.	robocasa_panda_omron/CoffeeSetupMug_PandaOmron_Env	100000	1300003	0	0			5		1	all_token_full	groot_n15_dit_block_residual_full_tokens_denoise	"[""layer"",""denoise_step"",""model_token"",""feature_dim""]"	[7,4,49,1536]	[0,2,4,8,10,12,15]	n15_grid_v5_scenario	grid_coord	meta	meta_json	8daefeabf020/worker1/CoffeeSetupMug/s1/n3/base	1	1
8daefeabf020	worker1	CoffeeSetupMug	0	4	base	activation	7d2c9cc24c9afc59	7d2c9cc24c9afc592dcd7af306aa18450da481aa2cf3375c39003e1d6158754d	lerobot_groot_n15	n15	lerobot_groot_n15__robocasa365_ckpt120000		0	Pick the mug from the counter and place it under the coffee machine dispenser.	robocasa_panda_omron/CoffeeSetupMug_PandaOmron_Env	100000	1300004	0	0			5		1	all_token_full	groot_n15_dit_block_residual_full_tokens_denoise	"[""layer"",""denoise_step"",""model_token"",""feature_dim""]"	[7,4,49,1536]	[0,2,4,8,10,12,15]	n15_grid_v5_scenario	grid_coord	meta	meta_json	8daefeabf020/worker1/CoffeeSetupMug/s1/n4/base	1	1
8daefeabf020	worker1	CoffeeSetupMug	1	0	base	activation	9dd825705eb6a56c	9dd825705eb6a56c39f0e238b5eab40be1bf58d4a0dc0a95cca5cf01c909962b	lerobot_groot_n15	n15	lerobot_groot_n15__robocasa365_ckpt120000		0	Pick the mug from the counter and place it under the coffee machine dispenser.	robocasa_panda_omron/CoffeeSetupMug_PandaOmron_Env	100001	1300000	0	0			5		1	all_token_full	groot_n15_dit_block_residual_full_tokens_denoise	"[""layer"",""denoise_step"",""model_token"",""feature_dim""]"	[7,4,49,1536]	[0,2,4,8,10,12,15]	n15_grid_v5_scenario	grid_coord	meta	meta_json	8daefeabf020/worker1/CoffeeSetupMug/s100/n0/base	100	0
8daefeabf020	worker1	CoffeeSetupMug	1	1	base	activation	92eeddb1187bad6c	92eeddb1187bad6c396c3b0fe222baeb4f6b416549bd9bec3f6ddd6ede14e3d0	lerobot_groot_n15	n15	lerobot_groot_n15__robocasa365_ckpt120000		0	Pick the mug from the counter and place it under the coffee machine dispenser.	robocasa_panda_omron/CoffeeSetupMug_PandaOmron_Env	100001	1300001	0	0			5		1	all_token_full	groot_n15_dit_block_residual_full_tokens_denoise	"[""layer"",""denoise_step"",""model_token"",""feature_dim""]"	[7,4,49,1536]	[0,2,4,8,10,12,15]	n15_grid_v5_scenario	grid_coord	meta	meta_json	8daefeabf020/worker1/CoffeeSetupMug/s100/n1/base	100	0
8daefeabf020	worker1	CoffeeSetupMug	1	2	base	activation	2d0e0904770f4710	2d0e0904770f471025dda3468cd2ea4a7fa0920b4b7eb2c035da12f595bb50c0	lerobot_groot_n15	n15	lerobot_groot_n15__robocasa365_ckpt120000		0	Pick the mug from the counter and place it under the coffee machine dispenser.	robocasa_panda_omron/CoffeeSetupMug_PandaOmron_Env	100001	1300002	0	0			5		1	all_token_full	groot_n15_dit_block_residual_full_tokens_denoise	"[""layer"",""denoise_step"",""model_token"",""feature_dim""]"	[7,4,49,1536]	[0,2,4,8,10,12,15]	n15_grid_v5_scenario	grid_coord	meta	meta_json	8daefeabf020/worker1/CoffeeSetupMug/s100/n2/base	100	0
8daefeabf020	worker1	CoffeeSetupMug	1	3	base	activation	4470d123ea3c7796	4470d123ea3c7796305d4fa449f62d41274d2dd3694385f08b9c4c510e52026e	lerobot_groot_n15	n15	lerobot_groot_n15__robocasa365_ckpt120000		0	Pick the mug from the counter and place it under the coffee machine dispenser.	robocasa_panda_omron/CoffeeSetupMug_PandaOmron_Env	100001	1300003	0	0			5		1	all_token_full	groot_n15_dit_block_residual_full_tokens_denoise	"[""layer"",""denoise_step"",""model_token"",""feature_dim""]"	[7,4,49,1536]	[0,2,4,8,10,12,15]	n15_grid_v5_scenario	grid_coord	meta	meta_json	8daefeabf020/worker1/CoffeeSetupMug/s100/n3/base	100	0
8daefeabf020	worker1	CoffeeSetupMug	1	4	base	activation	8b02acd4f007efeb	8b02acd4f007efeb079e8e9a61bff4736008f8c1f5b06e10aa105746427a7853	lerobot_groot_n15	n15	lerobot_groot_n15__robocasa365_ckpt120000		0	Pick the mug from the counter and place it under the coffee machine dispenser.	robocasa_panda_omron/CoffeeSetupMug_PandaOmron_Env	100001	1300004	0	0			5		1	all_token_full	groot_n15_dit_block_residual_full_tokens_denoise	"[""layer"",""denoise_step"",""model_token"",""feature_dim""]"	[7,4,49,1536]	[0,2,4,8,10,12,15]	n15_grid_v5_scenario	grid_coord	meta	meta_json	8daefeabf020/worker1/CoffeeSetupMug/s100/n4/base	100	0
8daefeabf020	worker1	CoffeeSetupMug	1	0	base	activation	182b1143f7bb8fbc	182b1143f7bb8fbc4183e494f5a644ac9cdbf0069b8e8e8f3766166027b4b228	lerobot_groot_n15	n15	lerobot_groot_n15__robocasa365_ckpt120000		0	Pick the mug from the counter and place it under the coffee machine dispenser.	robocasa_panda_omron/CoffeeSetupMug_PandaOmron_Env	100001	1300000	0	0			5		1	all_token_full	groot_n15_dit_block_residual_full_tokens_denoise	"[""layer"",""denoise_step"",""model_token"",""feature_dim""]"	[7,4,49,1536]	[0,2,4,8,10,12,15]	n15_grid_v5_scenario	grid_coord	meta	meta_json	8daefeabf020/worker1/CoffeeSetupMug/s101/n0/base	101	1
8daefeabf020	worker1	CoffeeSetupMug	1	1	base	activation	1e9c2f031290bd55	1e9c2f031290bd55d6e98870c9ff0bf6840a9d7305d8d4331cf70c9429267992	lerobot_groot_n15	n15	lerobot_groot_n15__robocasa365_ckpt120000		0	Pick the mug from the counter and place it under the coffee machine dispenser.	robocasa_panda_omron/CoffeeSetupMug_PandaOmron_Env	100001	1300001	0	0			5		1	all_token_full	groot_n15_dit_block_residual_full_tokens_denoise	"[""layer"",""denoise_step"",""model_token"",""feature_dim""]"	[7,4,49,1536]	[0,2,4,8,10,12,15]	n15_grid_v5_scenario	grid_coord	meta	meta_json	8daefeabf020/worker1/CoffeeSetupMug/s101/n1/base	101	1
8daefeabf020	worker1	CoffeeSetupMug	1	2	base	activation	a03d715289b982a2	a03d715289b982a215d80eb03121becdce58e7e6d85b22a08147ca2f203627c6	lerobot_groot_n15	n15	lerobot_groot_n15__robocasa365_ckpt120000		0	Pick the mug from the counter and place it under the coffee machine dispenser.	robocasa_panda_omron/CoffeeSetupMug_PandaOmron_Env	100001	1300002	0	0			5		1	all_token_full	groot_n15_dit_block_residual_full_tokens_denoise	"[""layer"",""denoise_step"",""model_token"",""feature_dim""]"	[7,4,49,1536]	[0,2,4,8,10,12,15]	n15_grid_v5_scenario	grid_coord	meta	meta_json	8daefeabf020/worker1/CoffeeSetupMug/s101/n2/base	101	1
8daefeabf020	worker1	CoffeeSetupMug	1	3	base	activation	683b66eab61d75d2	683b66eab61d75d27a0945ae3059af1a006037ba5fbcad641c99832ef06bbc06	lerobot_groot_n15	n15	lerobot_groot_n15__robocasa365_ckpt120000		0	Pick the mug from the counter and place it under the coffee machine dispenser.	robocasa_panda_omron/CoffeeSetupMug_PandaOmron_Env	100001	1300003	0	0			5		1	all_token_full	groot_n15_dit_block_residual_full_tokens_denoise	"[""layer"",""denoise_step"",""model_token"",""feature_dim""]"	[7,4,49,1536]	[0,2,4,8,10,12,15]	n15_grid_v5_scenario	grid_coord	meta	meta_json	8daefeabf020/worker1/CoffeeSetupMug/s101/n3/base	101	1
8daefeabf020	worker1	CoffeeSetupMug	1	4	base	activation	9f5b75947b629778	9f5b75947b6297782e02e7d3f12a785eb139aa0909513e02cd94d864132f666e	lerobot_groot_n15	n15	lerobot_groot_n15__robocasa365_ckpt120000		0	Pick the mug from the counter and place it under the coffee machine dispenser.	robocasa_panda_omron/CoffeeSetupMug_PandaOmron_Env	100001	1300004	0	0			5		1	all_token_full	groot_n15_dit_block_residual_full_tokens_denoise	"[""layer"",""denoise_step"",""model_token"",""feature_dim""]"	[7,4,49,1536]	[0,2,4,8,10,12,15]	n15_grid_v5_scenario	grid_coord	meta	meta_json	8daefeabf020/worker1/CoffeeSetupMug/s101/n4/base	101	1
8daefeabf020	worker1	CoffeeSetupMug	1	0	base	activation	4fdcd3bdb54651da	4fdcd3bdb54651daf116c43fc51e79f064f7799f7f6b48def618ee93a8600d6d	lerobot_groot_n15	n15	lerobot_groot_n15__robocasa365_ckpt120000		0	Pick the mug from the counter and place it under the coffee machine dispenser.	robocasa_panda_omron/CoffeeSetupMug_PandaOmron_Env	100001	1300000	0	0			5		1	all_token_full	groot_n15_dit_block_residual_full_tokens_denoise	"[""layer"",""denoise_step"",""model_token"",""feature_dim""]"	[7,4,49,1536]	[0,2,4,8,10,12,15]	n15_grid_v5_scenario	grid_coord	meta	meta_json	8daefeabf020/worker1/CoffeeSetupMug/s102/n0/base	102	2
8daefeabf020	worker1	CoffeeSetupMug	1	1	base	activation	1465542285fbf952	1465542285fbf952c7f7f5edd9825a6b6ad5c54c56c91d9c44718e72d6347da9	lerobot_groot_n15	n15	lerobot_groot_n15__robocasa365_ckpt120000		0	Pick the mug from the counter and place it under the coffee machine dispenser.	robocasa_panda_omron/CoffeeSetupMug_PandaOmron_Env	100001	1300001	0	0			5		1	all_token_full	groot_n15_dit_block_residual_full_tokens_denoise	"[""layer"",""denoise_step"",""model_token"",""feature_dim""]"	[7,4,49,1536]	[0,2,4,8,10,12,15]	n15_grid_v5_scenario	grid_coord	meta	meta_json	8daefeabf020/worker1/CoffeeSetupMug/s102/n1/base	102	2
8daefeabf020	worker1	CoffeeSetupMug	1	2	base	activation	f875950ed2216f55	f875950ed2216f5513344b4bb7304c5153cda8ef1be4821ea4f4e12e514bf243	lerobot_groot_n15	n15	lerobot_groot_n15__robocasa365_ckpt120000		0	Pick the mug from the counter and place it under the coffee machine dispenser.	robocasa_panda_omron/CoffeeSetupMug_PandaOmron_Env	100001	1300002	0	0			5		1	all_token_full	groot_n15_dit_block_residual_full_tokens_denoise	"[""layer"",""denoise_step"",""model_token"",""feature_dim""]"	[7,4,49,1536]	[0,2,4,8,10,12,15]	n15_grid_v5_scenario	grid_coord	meta	meta_json	8daefeabf020/worker1/CoffeeSetupMug/s102/n2/base	102	2
8daefeabf020	worker1	CoffeeSetupMug	1	3	base	activation	3d18bae6dd09b60f	3d18bae6dd09b60f9bcb3785a5a9cb9cec6c43227e85f944da0778da96f4f624	lerobot_groot_n15	n15	lerobot_groot_n15__robocasa365_ckpt120000		0	Pick the mug from the counter and place it under the coffee machine dispenser.	robocasa_panda_omron/CoffeeSetupMug_PandaOmron_Env	100001	1300003	0	0			5		1	all_token_full	groot_n15_dit_block_residual_full_tokens_denoise	"[""layer"",""denoise_step"",""model_token"",""feature_dim""]"	[7,4,49,1536]	[0,2,4,8,10,12,15]	n15_grid_v5_scenario	grid_coord	meta	meta_json	8daefeabf020/worker1/CoffeeSetupMug/s102/n3/base	102	2
8daefeabf020	worker1	CoffeeSetupMug	1	4	base	activation	4eafd2951633f662	4eafd2951633f6621a8a18b1c09c3ebe22cb111a8b5fa7e141274dee8d9e8943	lerobot_groot_n15	n15	lerobot_groot_n15__robocasa365_ckpt120000		0	Pick the mug from the counter and place it under the coffee machine dispenser.	robocasa_panda_omron/CoffeeSetupMug_PandaOmron_Env	100001	1300004	0	0			5		1	all_token_full	groot_n15_dit_block_residual_full_tokens_denoise	"[""layer"",""denoise_step"",""model_token"",""feature_dim""]"	[7,4,49,1536]	[0,2,4,8,10,12,15]	n15_grid_v5_scenario	grid_coord	meta	meta_json	8daefeabf020/worker1/CoffeeSetupMug/s102/n4/base	102	2
8daefeabf020	worker1	CoffeeSetupMug	1	0	base	activation	62a8e1d392982a3e	62a8e1d392982a3e36ac96ec94807b9472b0a56319b398ab42e7a6dd5cf97a30	lerobot_groot_n15	n15	lerobot_groot_n15__robocasa365_ckpt120000		0	Pick the mug from the counter and place it under the coffee machine dispenser.	robocasa_panda_omron/CoffeeSetupMug_PandaOmron_Env	100001	1300000	0	0			5		1	all_token_full	groot_n15_dit_block_residual_full_tokens_denoise	"[""layer"",""denoise_step"",""model_token"",""feature_dim""]"	[7,4,49,1536]	[0,2,4,8,10,12,15]	n15_grid_v5_scenario	grid_coord	meta	meta_json	8daefeabf020/worker1/CoffeeSetupMug/s103/n0/base	103	3
8daefeabf020	worker1	CoffeeSetupMug	1	1	base	activation	863e81ecf690d895	863e81ecf690d89508ecc1004d262cc8e26b53f496a68ff4b94e53c42224631c	lerobot_groot_n15	n15	lerobot_groot_n15__robocasa365_ckpt120000		0	Pick the mug from the counter and place it under the coffee machine dispenser.	robocasa_panda_omron/CoffeeSetupMug_PandaOmron_Env	100001	1300001	0	0			5		1	all_token_full	groot_n15_dit_block_residual_full_tokens_denoise	"[""layer"",""denoise_step"",""model_token"",""feature_dim""]"	[7,4,49,1536]	[0,2,4,8,10,12,15]	n15_grid_v5_scenario	grid_coord	meta	meta_json	8daefeabf020/worker1/CoffeeSetupMug/s103/n1/base	103	3
8daefeabf020	worker1	CoffeeSetupMug	1	2	base	activation	1f2713fc1faaf73b	1f2713fc1faaf73b53bc95a941eb32386a538fe776e010b45175e7dcd57338d9	lerobot_groot_n15	n15	lerobot_groot_n15__robocasa365_ckpt120000		0	Pick the mug from the counter and place it under the coffee machine dispenser.	robocasa_panda_omron/CoffeeSetupMug_PandaOmron_Env	100001	1300002	0	0			5		1	all_token_full	groot_n15_dit_block_residual_full_tokens_denoise	"[""layer"",""denoise_step"",""model_token"",""feature_dim""]"	[7,4,49,1536]	[0,2,4,8,10,12,15]	n15_grid_v5_scenario	grid_coord	meta	meta_json	8daefeabf020/worker1/CoffeeSetupMug/s103/n2/base	103	3
8daefeabf020	worker1	CoffeeSetupMug	1	3	base	activation	8eca4e6602cd117e	8eca4e6602cd117ea3c39bcc6f760cd949ac4656e8a8a5c089d6e0751548621c	lerobot_groot_n15	n15	lerobot_groot_n15__robocasa365_ckpt120000		0	Pick the mug from the counter and place it under the coffee machine dispenser.	robocasa_panda_omron/CoffeeSetupMug_PandaOmron_Env	100001	1300003	0	0			5		1	all_token_full	groot_n15_dit_block_residual_full_tokens_denoise	"[""layer"",""denoise_step"",""model_token"",""feature_dim""]"	[7,4,49,1536]	[0,2,4,8,10,12,15]	n15_grid_v5_scenario	grid_coord	meta	meta_json	8daefeabf020/worker1/CoffeeSetupMug/s103/n3/base	103	3
8daefeabf020	worker1	CoffeeSetupMug	1	4	base	activation	a1bcfd80985c96e7	a1bcfd80985c96e72da986a1ae32fb353f323d772112780310435aaab3dfcac9	lerobot_groot_n15	n15	lerobot_groot_n15__robocasa365_ckpt120000		0	Pick the mug from the counter and place it under the coffee machine dispenser.	robocasa_panda_omron/CoffeeSetupMug_PandaOmron_Env	100001	1300004	0	0			5		1	all_token_full	groot_n15_dit_block_residual_full_tokens_denoise	"[""layer"",""denoise_step"",""model_token"",""feature_dim""]"	[7,4,49,1536]	[0,2,4,8,10,12,15]	n15_grid_v5_scenario	grid_coord	meta	meta_json	8daefeabf020/worker1/CoffeeSetupMug/s103/n4/base	103	3
8daefeabf020	worker1	CoffeeSetupMug	1	0	base	activation	b9b6512fcbfc5c49	b9b6512fcbfc5c495cbfce9f9fd39d97225624793672c9fa73544f1c55dfac6a	lerobot_groot_n15	n15	lerobot_groot_n15__robocasa365_ckpt120000		0	Pick the mug from the counter and place it under the coffee machine dispenser.	robocasa_panda_omron/CoffeeSetupMug_PandaOmron_Env	100001	1300000	0	0			5		1	all_token_full	groot_n15_dit_block_residual_full_tokens_denoise	"[""layer"",""denoise_step"",""model_token"",""feature_dim""]"	[7,4,49,1536]	[0,2,4,8,10,12,15]	n15_grid_v5_scenario	grid_coord	meta	meta_json	8daefeabf020/worker1/CoffeeSetupMug/s104/n0/base	104	4
8daefeabf020	worker1	CoffeeSetupMug	1	1	base	activation	8f79e6cf50f41bd9	8f79e6cf50f41bd989cbb0f2e471680d555860e0bd7850af441dec1360d9836c	lerobot_groot_n15	n15	lerobot_groot_n15__robocasa365_ckpt120000		0	Pick the mug from the counter and place it under the coffee machine dispenser.	robocasa_panda_omron/CoffeeSetupMug_PandaOmron_Env	100001	1300001	0	0			5		1	all_token_full	groot_n15_dit_block_residual_full_tokens_denoise	"[""layer"",""denoise_step"",""model_token"",""feature_dim""]"	[7,4,49,1536]	[0,2,4,8,10,12,15]	n15_grid_v5_scenario	grid_coord	meta	meta_json	8daefeabf020/worker1/CoffeeSetupMug/s104/n1/base	104	4
8daefeabf020	worker1	CoffeeSetupMug	1	2	base	activation	1a60945ef5269422	1a60945ef5269422c8f758d2eae3a3b2d040bade6c3014e36206105099bae1c4	lerobot_groot_n15	n15	lerobot_groot_n15__robocasa365_ckpt120000		0	Pick the mug from the counter and place it under the coffee machine dispenser.	robocasa_panda_omron/CoffeeSetupMug_PandaOmron_Env	100001	1300002	0	0			5		1	all_token_full	groot_n15_dit_block_residual_full_tokens_denoise	"[""layer"",""denoise_step"",""model_token"",""feature_dim""]"	[7,4,49,1536]	[0,2,4,8,10,12,15]	n15_grid_v5_scenario	grid_coord	meta	meta_json	8daefeabf020/worker1/CoffeeSetupMug/s104/n2/base	104	4
8daefeabf020	worker1	CoffeeSetupMug	1	3	base	activation	fb505ef7b4b4d965	fb505ef7b4b4d9654bd7a256ccdbfaec6fc23d3565c9c2e76d481ee892bdf48f	lerobot_groot_n15	n15	lerobot_groot_n15__robocasa365_ckpt120000		0	Pick the mug from the counter and place it under the coffee machine dispenser.	robocasa_panda_omron/CoffeeSetupMug_PandaOmron_Env	100001	1300003	0	0			5		1	all_token_full	groot_n15_dit_block_residual_full_tokens_denoise	"[""layer"",""denoise_step"",""model_token"",""feature_dim""]"	[7,4,49,1536]	[0,2,4,8,10,12,15]	n15_grid_v5_scenario	grid_coord	meta	meta_json	8daefeabf020/worker1/CoffeeSetupMug/s104/n3/base	104	4
8daefeabf020	worker1	CoffeeSetupMug	1	4	base	activation	53851300b529f546	53851300b529f546484e13561185d5dc1faf23ca80952ce5710afe59185f1882	lerobot_groot_n15	n15	lerobot_groot_n15__robocasa365_ckpt120000		0	Pick the mug from the counter and place it under the coffee machine dispenser.	robocasa_panda_omron/CoffeeSetupMug_PandaOmron_Env	100001	1300004	0	0			5		1	all_token_full	groot_n15_dit_block_residual_full_tokens_denoise	"[""layer"",""denoise_step"",""model_token"",""feature_dim""]"	[7,4,49,1536]	[0,2,4,8,10,12,15]	n15_grid_v5_scenario	grid_coord	meta	meta_json	8daefeabf020/worker1/CoffeeSetupMug/s104/n4/base	104	4
8daefeabf020	worker1	CoffeeSetupMug	0	0	base	activation	1af016fd395658ee	1af016fd395658eed6bdc0f1336fcd262a74cd65eff80950d5163b6683991461	lerobot_groot_n15	n15	lerobot_groot_n15__robocasa365_ckpt120000		0	Pick the mug from the counter and place it under the coffee machine dispenser.	robocasa_panda_omron/CoffeeSetupMug_PandaOmron_Env	100000	1300000	0	0			5		1	all_token_full	groot_n15_dit_block_residual_full_tokens_denoise	"[""layer"",""denoise_step"",""model_token"",""feature_dim""]"	[7,4,49,1536]	[0,2,4,8,10,12,15]	n15_grid_v5_scenario	grid_coord	meta	meta_json	8daefeabf020/worker1/CoffeeSetupMug/s2/n0/base	2	2
8daefeabf020	worker1	CoffeeSetupMug	0	1	base	activation	9267d6b70709eea2	9267d6b70709eea24324969111729535b6354ab3051ab96516425496ae81402a	lerobot_groot_n15	n15	lerobot_groot_n15__robocasa365_ckpt120000		0	Pick the mug from the counter and place it under the coffee machine dispenser.	robocasa_panda_omron/CoffeeSetupMug_PandaOmron_Env	100000	1300001	0	0			5		1	all_token_full	groot_n15_dit_block_residual_full_tokens_denoise	"[""layer"",""denoise_step"",""model_token"",""feature_dim""]"	[7,4,49,1536]	[0,2,4,8,10,12,15]	n15_grid_v5_scenario	grid_coord	meta	meta_json	8daefeabf020/worker1/CoffeeSetupMug/s2/n1/base	2	2
8daefeabf020	worker1	CoffeeSetupMug	0	2	base	activation	1452df10769d86fd	1452df10769d86fdbe80486e06b7cc91a0febff92b6c9660f4a9c8735891337e	lerobot_groot_n15	n15	lerobot_groot_n15__robocasa365_ckpt120000		0	Pick the mug from the counter and place it under the coffee machine dispenser.	robocasa_panda_omron/CoffeeSetupMug_PandaOmron_Env	100000	1300002	0	0			5		1	all_token_full	groot_n15_dit_block_residual_full_tokens_denoise	"[""layer"",""denoise_step"",""model_token"",""feature_dim""]"	[7,4,49,1536]	[0,2,4,8,10,12,15]	n15_grid_v5_scenario	grid_coord	meta	meta_json	8daefeabf020/worker1/CoffeeSetupMug/s2/n2/base	2	2
8daefeabf020	worker1	CoffeeSetupMug	0	3	base	activation	9ec918c463130010	9ec918c463130010ce2742a3c32437f8e4defc4b0dadef8a5b7613c98e55575b	lerobot_groot_n15	n15	lerobot_groot_n15__robocasa365_ckpt120000		0	Pick the mug from the counter and place it under the coffee machine dispenser.	robocasa_panda_omron/CoffeeSetupMug_PandaOmron_Env	100000	1300003	0	0			5		1	all_token_full	groot_n15_dit_block_residual_full_tokens_denoise	"[""layer"",""denoise_step"",""model_token"",""feature_dim""]"	[7,4,49,1536]	[0,2,4,8,10,12,15]	n15_grid_v5_scenario	grid_coord	meta	meta_json	8daefeabf020/worker1/CoffeeSetupMug/s2/n3/base	2	2
8daefeabf020	worker1	CoffeeSetupMug	0	4	base	activation	b63fbf86b2725ebd	b63fbf86b2725ebdbc346f852619a5dd25926d07cb1ef85e39fe53dfdfad79f2	lerobot_groot_n15	n15	lerobot_groot_n15__robocasa365_ckpt120000		0	Pick the mug from the counter and place it under the coffee machine dispenser.	robocasa_panda_omron/CoffeeSetupMug_PandaOmron_Env	100000	1300004	0	0			5		1	all_token_full	groot_n15_dit_block_residual_full_tokens_denoise	"[""layer"",""denoise_step"",""model_token"",""feature_dim""]"	[7,4,49,1536]	[0,2,4,8,10,12,15]	n15_grid_v5_scenario	grid_coord	meta	meta_json	8daefeabf020/worker1/CoffeeSetupMug/s2/n4/base	2	2
8daefeabf020	worker1	CoffeeSetupMug	2	0	base	activation	b7208b47c1e5a663	b7208b47c1e5a6637b6d8848ba5e0ad379ff459a0510fb85455bf0f49966a381	lerobot_groot_n15	n15	lerobot_groot_n15__robocasa365_ckpt120000		0	Pick the mug from the counter and place it under the coffee machine dispenser.	robocasa_panda_omron/CoffeeSetupMug_PandaOmron_Env	100002	1300000	0	0			5		1	all_token_full	groot_n15_dit_block_residual_full_tokens_denoise	"[""layer"",""denoise_step"",""model_token"",""feature_dim""]"	[7,4,49,1536]	[0,2,4,8,10,12,15]	n15_grid_v5_scenario	grid_coord	meta	meta_json	8daefeabf020/worker1/CoffeeSetupMug/s200/n0/base	200	0
8daefeabf020	worker1	CoffeeSetupMug	2	1	base	activation	4e1247e252c30b77	4e1247e252c30b773c340908249412f197807307b49524590210629d3574367b	lerobot_groot_n15	n15	lerobot_groot_n15__robocasa365_ckpt120000		0	Pick the mug from the counter and place it under the coffee machine dispenser.	robocasa_panda_omron/CoffeeSetupMug_PandaOmron_Env	100002	1300001	0	1			5		1	all_token_full	groot_n15_dit_block_residual_full_tokens_denoise	"[""layer"",""denoise_step"",""model_token"",""feature_dim""]"	[7,4,49,1536]	[0,2,4,8,10,12,15]	n15_grid_v5_scenario	grid_coord	meta	meta_json	8daefeabf020/worker1/CoffeeSetupMug/s200/n1/base	200	0
8daefeabf020	worker1	CoffeeSetupMug	2	2	base	activation	180e4eeadaee6634	180e4eeadaee66345724e8ce5e9986f262f46655db57d6980510737878d2192b	lerobot_groot_n15	n15	lerobot_groot_n15__robocasa365_ckpt120000		0	Pick the mug from the counter and place it under the coffee machine dispenser.	robocasa_panda_omron/CoffeeSetupMug_PandaOmron_Env	100002	1300002	0	0			5		1	all_token_full	groot_n15_dit_block_residual_full_tokens_denoise	"[""layer"",""denoise_step"",""model_token"",""feature_dim""]"	[7,4,49,1536]	[0,2,4,8,10,12,15]	n15_grid_v5_scenario	grid_coord	meta	meta_json	8daefeabf020/worker1/CoffeeSetupMug/s200/n2/base	200	0
8daefeabf020	worker1	CoffeeSetupMug	2	3	base	activation	fa127f7e3f5bbea4	fa127f7e3f5bbea4487d5269df060443265947e731c5c81b7ba6293915b95bc0	lerobot_groot_n15	n15	lerobot_groot_n15__robocasa365_ckpt120000		0	Pick the mug from the counter and place it under the coffee machine dispenser.	robocasa_panda_omron/CoffeeSetupMug_PandaOmron_Env	100002	1300003	0	0			5		1	all_token_full	groot_n15_dit_block_residual_full_tokens_denoise	"[""layer"",""denoise_step"",""model_token"",""feature_dim""]"	[7,4,49,1536]	[0,2,4,8,10,12,15]	n15_grid_v5_scenario	grid_coord	meta	meta_json	8daefeabf020/worker1/CoffeeSetupMug/s200/n3/base	200	0
8daefeabf020	worker1	CoffeeSetupMug	2	4	base	activation	97848b9be30f21bf	97848b9be30f21bf48e412a844b7ace7ee38e66d36a2bf7967e283d5ec2959b7	lerobot_groot_n15	n15	lerobot_groot_n15__robocasa365_ckpt120000		0	Pick the mug from the counter and place it under the coffee machine dispenser.	robocasa_panda_omron/CoffeeSetupMug_PandaOmron_Env	100002	1300004	0	0			5		1	all_token_full	groot_n15_dit_block_residual_full_tokens_denoise	"[""layer"",""denoise_step"",""model_token"",""feature_dim""]"	[7,4,49,1536]	[0,2,4,8,10,12,15]	n15_grid_v5_scenario	grid_coord	meta	meta_json	8daefeabf020/worker1/CoffeeSetupMug/s200/n4/base	200	0
8daefeabf020	worker1	CoffeeSetupMug	2	0	base	activation	abcfc838ae80ccee	abcfc838ae80cceee7d49ce761265a5933ab83ebaf99e68dfc17e9410b9d77eb	lerobot_groot_n15	n15	lerobot_groot_n15__robocasa365_ckpt120000		0	Pick the mug from the counter and place it under the coffee machine dispenser.	robocasa_panda_omron/CoffeeSetupMug_PandaOmron_Env	100002	1300000	0	0			5		1	all_token_full	groot_n15_dit_block_residual_full_tokens_denoise	"[""layer"",""denoise_step"",""model_token"",""feature_dim""]"	[7,4,49,1536]	[0,2,4,8,10,12,15]	n15_grid_v5_scenario	grid_coord	meta	meta_json	8daefeabf020/worker1/CoffeeSetupMug/s201/n0/base	201	1
8daefeabf020	worker1	CoffeeSetupMug	2	1	base	activation	22fc66f2277d2e45	22fc66f2277d2e4532e7d411bc82e9b54358866219f77f7dad29db5bf639e32f	lerobot_groot_n15	n15	lerobot_groot_n15__robocasa365_ckpt120000		0	Pick the mug from the counter and place it under the coffee machine dispenser.	robocasa_panda_omron/CoffeeSetupMug_PandaOmron_Env	100002	1300001	0	0			5		1	all_token_full	groot_n15_dit_block_residual_full_tokens_denoise	"[""layer"",""denoise_step"",""model_token"",""feature_dim""]"	[7,4,49,1536]	[0,2,4,8,10,12,15]	n15_grid_v5_scenario	grid_coord	meta	meta_json	8daefeabf020/worker1/CoffeeSetupMug/s201/n1/base	201	1
8daefeabf020	worker1	CoffeeSetupMug	2	2	base	activation	10a300dc94ca626d	10a300dc94ca626d5c34731180f1b1ee76c4a01c097209da5bbbb8a60dd80113	lerobot_groot_n15	n15	lerobot_groot_n15__robocasa365_ckpt120000		0	Pick the mug from the counter and place it under the coffee machine dispenser.	robocasa_panda_omron/CoffeeSetupMug_PandaOmron_Env	100002	1300002	0	1			5		1	all_token_full	groot_n15_dit_block_residual_full_tokens_denoise	"[""layer"",""denoise_step"",""model_token"",""feature_dim""]"	[7,4,49,1536]	[0,2,4,8,10,12,15]	n15_grid_v5_scenario	grid_coord	meta	meta_json	8daefeabf020/worker1/CoffeeSetupMug/s201/n2/base	201	1
8daefeabf020	worker1	CoffeeSetupMug	2	3	base	activation	a0de2663ef76e652	a0de2663ef76e65233fe6c57c0ec6cc6d22cbb66d8d143058004f2b8991b2b2c	lerobot_groot_n15	n15	lerobot_groot_n15__robocasa365_ckpt120000		0	Pick the mug from the counter and place it under the coffee machine dispenser.	robocasa_panda_omron/CoffeeSetupMug_PandaOmron_Env	100002	1300003	0	1			5		1	all_token_full	groot_n15_dit_block_residual_full_tokens_denoise	"[""layer"",""denoise_step"",""model_token"",""feature_dim""]"	[7,4,49,1536]	[0,2,4,8,10,12,15]	n15_grid_v5_scenario	grid_coord	meta	meta_json	8daefeabf020/worker1/CoffeeSetupMug/s201/n3/base	201	1
8daefeabf020	worker1	CoffeeSetupMug	2	4	base	activation	bb9f2890147dc5ae	bb9f2890147dc5aece79b51bafb1eba7e8ef4b973948492c2822cdba044e0fde	lerobot_groot_n15	n15	lerobot_groot_n15__robocasa365_ckpt120000		0	Pick the mug from the counter and place it under the coffee machine dispenser.	robocasa_panda_omron/CoffeeSetupMug_PandaOmron_Env	100002	1300004	0	0			5		1	all_token_full	groot_n15_dit_block_residual_full_tokens_denoise	"[""layer"",""denoise_step"",""model_token"",""feature_dim""]"	[7,4,49,1536]	[0,2,4,8,10,12,15]	n15_grid_v5_scenario	grid_coord	meta	meta_json	8daefeabf020/worker1/CoffeeSetupMug/s201/n4/base	201	1
8daefeabf020	worker1	CoffeeSetupMug	2	0	base	activation	ccb777290152af24	ccb777290152af2464b9e7b44390014a5dce7f62b79ae958e50b6b452a18f5e9	lerobot_groot_n15	n15	lerobot_groot_n15__robocasa365_ckpt120000		0	Pick the mug from the counter and place it under the coffee machine dispenser.	robocasa_panda_omron/CoffeeSetupMug_PandaOmron_Env	100002	1300000	0	0			5		1	all_token_full	groot_n15_dit_block_residual_full_tokens_denoise	"[""layer"",""denoise_step"",""model_token"",""feature_dim""]"	[7,4,49,1536]	[0,2,4,8,10,12,15]	n15_grid_v5_scenario	grid_coord	meta	meta_json	8daefeabf020/worker1/CoffeeSetupMug/s202/n0/base	202	2
8daefeabf020	worker1	CoffeeSetupMug	2	1	base	activation	f0310f9ede0b9b66	f0310f9ede0b9b665684f981160ba928c3b0d84fc73edf74f9d59333f30fa1e0	lerobot_groot_n15	n15	lerobot_groot_n15__robocasa365_ckpt120000		0	Pick the mug from the counter and place it under the coffee machine dispenser.	robocasa_panda_omron/CoffeeSetupMug_PandaOmron_Env	100002	1300001	0	0			5		1	all_token_full	groot_n15_dit_block_residual_full_tokens_denoise	"[""layer"",""denoise_step"",""model_token"",""feature_dim""]"	[7,4,49,1536]	[0,2,4,8,10,12,15]	n15_grid_v5_scenario	grid_coord	meta	meta_json	8daefeabf020/worker1/CoffeeSetupMug/s202/n1/base	202	2
8daefeabf020	worker1	CoffeeSetupMug	2	2	base	activation	17a7085c825b0456	17a7085c825b0456ff75be48b617749d1414eed56b323c145324a74405461206	lerobot_groot_n15	n15	lerobot_groot_n15__robocasa365_ckpt120000		0	Pick the mug from the counter and place it under the coffee machine dispenser.	robocasa_panda_omron/CoffeeSetupMug_PandaOmron_Env	100002	1300002	0	1			5		1	all_token_full	groot_n15_dit_block_residual_full_tokens_denoise	"[""layer"",""denoise_step"",""model_token"",""feature_dim""]"	[7,4,49,1536]	[0,2,4,8,10,12,15]	n15_grid_v5_scenario	grid_coord	meta	meta_json	8daefeabf020/worker1/CoffeeSetupMug/s202/n2/base	202	2
8daefeabf020	worker1	CoffeeSetupMug	2	3	base	activation	778deefec36befde	778deefec36befde405caf1ba3982e28f6ac3f0a7045f5a5c6f9b0a115d26585	lerobot_groot_n15	n15	lerobot_groot_n15__robocasa365_ckpt120000		0	Pick the mug from the counter and place it under the coffee machine dispenser.	robocasa_panda_omron/CoffeeSetupMug_PandaOmron_Env	100002	1300003	0	1			5		1	all_token_full	groot_n15_dit_block_residual_full_tokens_denoise	"[""layer"",""denoise_step"",""model_token"",""feature_dim""]"	[7,4,49,1536]	[0,2,4,8,10,12,15]	n15_grid_v5_scenario	grid_coord	meta	meta_json	8daefeabf020/worker1/CoffeeSetupMug/s202/n3/base	202	2
8daefeabf020	worker1	CoffeeSetupMug	2	4	base	activation	97ffe6d46c763b61	97ffe6d46c763b617866c467dd74cf03f8cd845a53cbd5ef3d0509bcd558cf74	lerobot_groot_n15	n15	lerobot_groot_n15__robocasa365_ckpt120000		0	Pick the mug from the counter and place it under the coffee machine dispenser.	robocasa_panda_omron/CoffeeSetupMug_PandaOmron_Env	100002	1300004	0	0			5		1	all_token_full	groot_n15_dit_block_residual_full_tokens_denoise	"[""layer"",""denoise_step"",""model_token"",""feature_dim""]"	[7,4,49,1536]	[0,2,4,8,10,12,15]	n15_grid_v5_scenario	grid_coord	meta	meta_json	8daefeabf020/worker1/CoffeeSetupMug/s202/n4/base	202	2
8daefeabf020	worker1	CoffeeSetupMug	2	0	base	activation	22bbca777725f5a5	22bbca777725f5a52166971867c065451b6188dd8f695e5854adda6a5ef22219	lerobot_groot_n15	n15	lerobot_groot_n15__robocasa365_ckpt120000		0	Pick the mug from the counter and place it under the coffee machine dispenser.	robocasa_panda_omron/CoffeeSetupMug_PandaOmron_Env	100002	1300000	0	0			5		1	all_token_full	groot_n15_dit_block_residual_full_tokens_denoise	"[""layer"",""denoise_step"",""model_token"",""feature_dim""]"	[7,4,49,1536]	[0,2,4,8,10,12,15]	n15_grid_v5_scenario	grid_coord	meta	meta_json	8daefeabf020/worker1/CoffeeSetupMug/s203/n0/base	203	3
8daefeabf020	worker1	CoffeeSetupMug	2	1	base	activation	584dfec2e0761e3c	584dfec2e0761e3ccb9f4bd409496926b862b2084ef7e68f23039daa98ec59c6	lerobot_groot_n15	n15	lerobot_groot_n15__robocasa365_ckpt120000		0	Pick the mug from the counter and place it under the coffee machine dispenser.	robocasa_panda_omron/CoffeeSetupMug_PandaOmron_Env	100002	1300001	0	0			5		1	all_token_full	groot_n15_dit_block_residual_full_tokens_denoise	"[""layer"",""denoise_step"",""model_token"",""feature_dim""]"	[7,4,49,1536]	[0,2,4,8,10,12,15]	n15_grid_v5_scenario	grid_coord	meta	meta_json	8daefeabf020/worker1/CoffeeSetupMug/s203/n1/base	203	3
8daefeabf020	worker1	CoffeeSetupMug	2	2	base	activation	76ede5343c3aed32	76ede5343c3aed32e66a16e896d33c9ff99249efcc838d27844ea9341e45461c	lerobot_groot_n15	n15	lerobot_groot_n15__robocasa365_ckpt120000		0	Pick the mug from the counter and place it under the coffee machine dispenser.	robocasa_panda_omron/CoffeeSetupMug_PandaOmron_Env	100002	1300002	0	0			5		1	all_token_full	groot_n15_dit_block_residual_full_tokens_denoise	"[""layer"",""denoise_step"",""model_token"",""feature_dim""]"	[7,4,49,1536]	[0,2,4,8,10,12,15]	n15_grid_v5_scenario	grid_coord	meta	meta_json	8daefeabf020/worker1/CoffeeSetupMug/s203/n2/base	203	3
8daefeabf020	worker1	CoffeeSetupMug	2	3	base	activation	4d6d5ca4436650b3	4d6d5ca4436650b386c99d36037a3e47c5cafb23dc1a9f8551267c93dcc67e5f	lerobot_groot_n15	n15	lerobot_groot_n15__robocasa365_ckpt120000		0	Pick the mug from the counter and place it under the coffee machine dispenser.	robocasa_panda_omron/CoffeeSetupMug_PandaOmron_Env	100002	1300003	0	0			5		1	all_token_full	groot_n15_dit_block_residual_full_tokens_denoise	"[""layer"",""denoise_step"",""model_token"",""feature_dim""]"	[7,4,49,1536]	[0,2,4,8,10,12,15]	n15_grid_v5_scenario	grid_coord	meta	meta_json	8daefeabf020/worker1/CoffeeSetupMug/s203/n3/base	203	3
8daefeabf020	worker1	CoffeeSetupMug	2	4	base	activation	fe15678f60a143e4	fe15678f60a143e44510d193caefb98064df21ecfc282a557793e57f777b8949	lerobot_groot_n15	n15	lerobot_groot_n15__robocasa365_ckpt120000		0	Pick the mug from the counter and place it under the coffee machine dispenser.	robocasa_panda_omron/CoffeeSetupMug_PandaOmron_Env	100002	1300004	0	0			5		1	all_token_full	groot_n15_dit_block_residual_full_tokens_denoise	"[""layer"",""denoise_step"",""model_token"",""feature_dim""]"	[7,4,49,1536]	[0,2,4,8,10,12,15]	n15_grid_v5_scenario	grid_coord	meta	meta_json	8daefeabf020/worker1/CoffeeSetupMug/s203/n4/base	203	3
8daefeabf020	worker1	CoffeeSetupMug	2	0	base	activation	620631ad3412dc2c	620631ad3412dc2c0693205b296aaa3c6134f7371290ce20b2145550caeea4ed	lerobot_groot_n15	n15	lerobot_groot_n15__robocasa365_ckpt120000		0	Pick the mug from the counter and place it under the coffee machine dispenser.	robocasa_panda_omron/CoffeeSetupMug_PandaOmron_Env	100002	1300000	0	0			5		1	all_token_full	groot_n15_dit_block_residual_full_tokens_denoise	"[""layer"",""denoise_step"",""model_token"",""feature_dim""]"	[7,4,49,1536]	[0,2,4,8,10,12,15]	n15_grid_v5_scenario	grid_coord	meta	meta_json	8daefeabf020/worker1/CoffeeSetupMug/s204/n0/base	204	4
8daefeabf020	worker1	CoffeeSetupMug	2	1	base	activation	c9ce8d0abd6958a5	c9ce8d0abd6958a562ce929640f111f6f2e92c9134b56218931a8d8538177014	lerobot_groot_n15	n15	lerobot_groot_n15__robocasa365_ckpt120000		0	Pick the mug from the counter and place it under the coffee machine dispenser.	robocasa_panda_omron/CoffeeSetupMug_PandaOmron_Env	100002	1300001	0	0			5		1	all_token_full	groot_n15_dit_block_residual_full_tokens_denoise	"[""layer"",""denoise_step"",""model_token"",""feature_dim""]"	[7,4,49,1536]	[0,2,4,8,10,12,15]	n15_grid_v5_scenario	grid_coord	meta	meta_json	8daefeabf020/worker1/CoffeeSetupMug/s204/n1/base	204	4
8daefeabf020	worker1	CoffeeSetupMug	2	2	base	activation	91fddd18d4bb79de	91fddd18d4bb79de56f64ece00ebe2f25f4d8732b8a4fa14abe32338cb9e3463	lerobot_groot_n15	n15	lerobot_groot_n15__robocasa365_ckpt120000		0	Pick the mug from the counter and place it under the coffee machine dispenser.	robocasa_panda_omron/CoffeeSetupMug_PandaOmron_Env	100002	1300002	0	0			5		1	all_token_full	groot_n15_dit_block_residual_full_tokens_denoise	"[""layer"",""denoise_step"",""model_token"",""feature_dim""]"	[7,4,49,1536]	[0,2,4,8,10,12,15]	n15_grid_v5_scenario	grid_coord	meta	meta_json	8daefeabf020/worker1/CoffeeSetupMug/s204/n2/base	204	4
8daefeabf020	worker1	CoffeeSetupMug	2	3	base	activation	d0cd9b945d8cf9b7	d0cd9b945d8cf9b794ff41087d117bde07bfb5f6358a3d3463f20cceada64b6c	lerobot_groot_n15	n15	lerobot_groot_n15__robocasa365_ckpt120000		0	Pick the mug from the counter and place it under the coffee machine dispenser.	robocasa_panda_omron/CoffeeSetupMug_PandaOmron_Env	100002	1300003	0	0			5		1	all_token_full	groot_n15_dit_block_residual_full_tokens_denoise	"[""layer"",""denoise_step"",""model_token"",""feature_dim""]"	[7,4,49,1536]	[0,2,4,8,10,12,15]	n15_grid_v5_scenario	grid_coord	meta	meta_json	8daefeabf020/worker1/CoffeeSetupMug/s204/n3/base	204	4
8daefeabf020	worker1	CoffeeSetupMug	2	4	base	activation	610ff2b3daf0226c	610ff2b3daf0226c7ee95ebbe17aa5789f7e4cf6fb08ac07b9d59a8ca51424f8	lerobot_groot_n15	n15	lerobot_groot_n15__robocasa365_ckpt120000		0	Pick the mug from the counter and place it under the coffee machine dispenser.	robocasa_panda_omron/CoffeeSetupMug_PandaOmron_Env	100002	1300004	0	0			5		1	all_token_full	groot_n15_dit_block_residual_full_tokens_denoise	"[""layer"",""denoise_step"",""model_token"",""feature_dim""]"	[7,4,49,1536]	[0,2,4,8,10,12,15]	n15_grid_v5_scenario	grid_coord	meta	meta_json	8daefeabf020/worker1/CoffeeSetupMug/s204/n4/base	204	4
8daefeabf020	worker1	CoffeeSetupMug	0	0	base	activation	e6159f1398c0da88	e6159f1398c0da88942eaf420ad44841e1fffdd4faebe6774dc525ae62e1ea78	lerobot_groot_n15	n15	lerobot_groot_n15__robocasa365_ckpt120000		0	Pick the mug from the counter and place it under the coffee machine dispenser.	robocasa_panda_omron/CoffeeSetupMug_PandaOmron_Env	100000	1300000	0	0			5		1	all_token_full	groot_n15_dit_block_residual_full_tokens_denoise	"[""layer"",""denoise_step"",""model_token"",""feature_dim""]"	[7,4,49,1536]	[0,2,4,8,10,12,15]	n15_grid_v5_scenario	grid_coord	meta	meta_json	8daefeabf020/worker1/CoffeeSetupMug/s3/n0/base	3	3
8daefeabf020	worker1	CoffeeSetupMug	0	1	base	activation	e523ea554c543963	e523ea554c5439633692210ce49cf3185aa7c72ba9efe60f38d67361d928fe55	lerobot_groot_n15	n15	lerobot_groot_n15__robocasa365_ckpt120000		0	Pick the mug from the counter and place it under the coffee machine dispenser.	robocasa_panda_omron/CoffeeSetupMug_PandaOmron_Env	100000	1300001	0	0			5		1	all_token_full	groot_n15_dit_block_residual_full_tokens_denoise	"[""layer"",""denoise_step"",""model_token"",""feature_dim""]"	[7,4,49,1536]	[0,2,4,8,10,12,15]	n15_grid_v5_scenario	grid_coord	meta	meta_json	8daefeabf020/worker1/CoffeeSetupMug/s3/n1/base	3	3
8daefeabf020	worker1	CoffeeSetupMug	0	2	base	activation	e85a7d40691e75ae	e85a7d40691e75aef07cb6da55ac77f99d0b9cc918c23b71828301340deaff1f	lerobot_groot_n15	n15	lerobot_groot_n15__robocasa365_ckpt120000		0	Pick the mug from the counter and place it under the coffee machine dispenser.	robocasa_panda_omron/CoffeeSetupMug_PandaOmron_Env	100000	1300002	0	0			5		1	all_token_full	groot_n15_dit_block_residual_full_tokens_denoise	"[""layer"",""denoise_step"",""model_token"",""feature_dim""]"	[7,4,49,1536]	[0,2,4,8,10,12,15]	n15_grid_v5_scenario	grid_coord	meta	meta_json	8daefeabf020/worker1/CoffeeSetupMug/s3/n2/base	3	3
8daefeabf020	worker1	CoffeeSetupMug	0	3	base	activation	7609a49047e88871	7609a49047e8887130b171dc18c5b72c23b63ff33bda35fbe3f265e0255bd126	lerobot_groot_n15	n15	lerobot_groot_n15__robocasa365_ckpt120000		0	Pick the mug from the counter and place it under the coffee machine dispenser.	robocasa_panda_omron/CoffeeSetupMug_PandaOmron_Env	100000	1300003	0	0			5		1	all_token_full	groot_n15_dit_block_residual_full_tokens_denoise	"[""layer"",""denoise_step"",""model_token"",""feature_dim""]"	[7,4,49,1536]	[0,2,4,8,10,12,15]	n15_grid_v5_scenario	grid_coord	meta	meta_json	8daefeabf020/worker1/CoffeeSetupMug/s3/n3/base	3	3
8daefeabf020	worker1	CoffeeSetupMug	0	4	base	activation	176fdf3ca0687093	176fdf3ca0687093b3a3ed570c812d94e97b14ae6e1c1e3d30f63291946ff264	lerobot_groot_n15	n15	lerobot_groot_n15__robocasa365_ckpt120000		0	Pick the mug from the counter and place it under the coffee machine dispenser.	robocasa_panda_omron/CoffeeSetupMug_PandaOmron_Env	100000	1300004	0	0			5		1	all_token_full	groot_n15_dit_block_residual_full_tokens_denoise	"[""layer"",""denoise_step"",""model_token"",""feature_dim""]"	[7,4,49,1536]	[0,2,4,8,10,12,15]	n15_grid_v5_scenario	grid_coord	meta	meta_json	8daefeabf020/worker1/CoffeeSetupMug/s3/n4/base	3	3
8daefeabf020	worker1	CoffeeSetupMug	3	0	base	activation	d7e08c0d80ac2314	d7e08c0d80ac23146ea3ad973af2287ed95105ccd3f1980eef0d1eb1243b893b	lerobot_groot_n15	n15	lerobot_groot_n15__robocasa365_ckpt120000		0	Pick the mug from the counter and place it under the coffee machine dispenser.	robocasa_panda_omron/CoffeeSetupMug_PandaOmron_Env	100003	1300000	0	0			5		1	all_token_full	groot_n15_dit_block_residual_full_tokens_denoise	"[""layer"",""denoise_step"",""model_token"",""feature_dim""]"	[7,4,49,1536]	[0,2,4,8,10,12,15]	n15_grid_v5_scenario	grid_coord	meta	meta_json	8daefeabf020/worker1/CoffeeSetupMug/s300/n0/base	300	0
8daefeabf020	worker1	CoffeeSetupMug	3	1	base	activation	687ea4d372fa6959	687ea4d372fa69596399bd307b338c0d64e25f3a21961fe3ad6a2f60a17abbf1	lerobot_groot_n15	n15	lerobot_groot_n15__robocasa365_ckpt120000		0	Pick the mug from the counter and place it under the coffee machine dispenser.	robocasa_panda_omron/CoffeeSetupMug_PandaOmron_Env	100003	1300001	0	0			5		1	all_token_full	groot_n15_dit_block_residual_full_tokens_denoise	"[""layer"",""denoise_step"",""model_token"",""feature_dim""]"	[7,4,49,1536]	[0,2,4,8,10,12,15]	n15_grid_v5_scenario	grid_coord	meta	meta_json	8daefeabf020/worker1/CoffeeSetupMug/s300/n1/base	300	0
8daefeabf020	worker1	CoffeeSetupMug	3	2	base	activation	b76124e7303d310e	b76124e7303d310e5161abbb48cf84a2a3e3c3450c3c0d1f50acd601a7fc0cc6	lerobot_groot_n15	n15	lerobot_groot_n15__robocasa365_ckpt120000		0	Pick the mug from the counter and place it under the coffee machine dispenser.	robocasa_panda_omron/CoffeeSetupMug_PandaOmron_Env	100003	1300002	0	0			5		1	all_token_full	groot_n15_dit_block_residual_full_tokens_denoise	"[""layer"",""denoise_step"",""model_token"",""feature_dim""]"	[7,4,49,1536]	[0,2,4,8,10,12,15]	n15_grid_v5_scenario	grid_coord	meta	meta_json	8daefeabf020/worker1/CoffeeSetupMug/s300/n2/base	300	0
8daefeabf020	worker1	CoffeeSetupMug	3	3	base	activation	9fcadd558f3803ec	9fcadd558f3803eceec5452072922ff04b289c0ae10e6721c1dec32635b6bd51	lerobot_groot_n15	n15	lerobot_groot_n15__robocasa365_ckpt120000		0	Pick the mug from the counter and place it under the coffee machine dispenser.	robocasa_panda_omron/CoffeeSetupMug_PandaOmron_Env	100003	1300003	0	0			5		1	all_token_full	groot_n15_dit_block_residual_full_tokens_denoise	"[""layer"",""denoise_step"",""model_token"",""feature_dim""]"	[7,4,49,1536]	[0,2,4,8,10,12,15]	n15_grid_v5_scenario	grid_coord	meta	meta_json	8daefeabf020/worker1/CoffeeSetupMug/s300/n3/base	300	0
8daefeabf020	worker1	CoffeeSetupMug	3	4	base	activation	f7b1ecaa5679d38e	f7b1ecaa5679d38e3d2537ccb82b75dab570770e02f3815ea8e31f0e824c8b8b	lerobot_groot_n15	n15	lerobot_groot_n15__robocasa365_ckpt120000		0	Pick the mug from the counter and place it under the coffee machine dispenser.	robocasa_panda_omron/CoffeeSetupMug_PandaOmron_Env	100003	1300004	0	0			5		1	all_token_full	groot_n15_dit_block_residual_full_tokens_denoise	"[""layer"",""denoise_step"",""model_token"",""feature_dim""]"	[7,4,49,1536]	[0,2,4,8,10,12,15]	n15_grid_v5_scenario	grid_coord	meta	meta_json	8daefeabf020/worker1/CoffeeSetupMug/s300/n4/base	300	0
8daefeabf020	worker1	CoffeeSetupMug	3	0	base	activation	ce63c256e70c78e8	ce63c256e70c78e864bd70ae34f5d0888834722ec68e9359c22dd817a6dafe0f	lerobot_groot_n15	n15	lerobot_groot_n15__robocasa365_ckpt120000		0	Pick the mug from the counter and place it under the coffee machine dispenser.	robocasa_panda_omron/CoffeeSetupMug_PandaOmron_Env	100003	1300000	0	0			5		1	all_token_full	groot_n15_dit_block_residual_full_tokens_denoise	"[""layer"",""denoise_step"",""model_token"",""feature_dim""]"	[7,4,49,1536]	[0,2,4,8,10,12,15]	n15_grid_v5_scenario	grid_coord	meta	meta_json	8daefeabf020/worker1/CoffeeSetupMug/s301/n0/base	301	1
8daefeabf020	worker1	CoffeeSetupMug	3	1	base	activation	c4111142fd05288c	c4111142fd05288cf6409d60651068a0afb4ab7f1879061f9be63658e02e8810	lerobot_groot_n15	n15	lerobot_groot_n15__robocasa365_ckpt120000		0	Pick the mug from the counter and place it under the coffee machine dispenser.	robocasa_panda_omron/CoffeeSetupMug_PandaOmron_Env	100003	1300001	0	0			5		1	all_token_full	groot_n15_dit_block_residual_full_tokens_denoise	"[""layer"",""denoise_step"",""model_token"",""feature_dim""]"	[7,4,49,1536]	[0,2,4,8,10,12,15]	n15_grid_v5_scenario	grid_coord	meta	meta_json	8daefeabf020/worker1/CoffeeSetupMug/s301/n1/base	301	1
8daefeabf020	worker1	CoffeeSetupMug	3	2	base	activation	0c37b6649e420f8b	0c37b6649e420f8b0d43767b5ee60e09e21295c7266ddefb5f2cde5908e6a45b	lerobot_groot_n15	n15	lerobot_groot_n15__robocasa365_ckpt120000		0	Pick the mug from the counter and place it under the coffee machine dispenser.	robocasa_panda_omron/CoffeeSetupMug_PandaOmron_Env	100003	1300002	0	0			5		1	all_token_full	groot_n15_dit_block_residual_full_tokens_denoise	"[""layer"",""denoise_step"",""model_token"",""feature_dim""]"	[7,4,49,1536]	[0,2,4,8,10,12,15]	n15_grid_v5_scenario	grid_coord	meta	meta_json	8daefeabf020/worker1/CoffeeSetupMug/s301/n2/base	301	1
8daefeabf020	worker1	CoffeeSetupMug	3	3	base	activation	cef74c91b372a2de	cef74c91b372a2de8c1e23ebae63a65ef9f5e96f081d5eb1b38a5128f55197c6	lerobot_groot_n15	n15	lerobot_groot_n15__robocasa365_ckpt120000		0	Pick the mug from the counter and place it under the coffee machine dispenser.	robocasa_panda_omron/CoffeeSetupMug_PandaOmron_Env	100003	1300003	0	0			5		1	all_token_full	groot_n15_dit_block_residual_full_tokens_denoise	"[""layer"",""denoise_step"",""model_token"",""feature_dim""]"	[7,4,49,1536]	[0,2,4,8,10,12,15]	n15_grid_v5_scenario	grid_coord	meta	meta_json	8daefeabf020/worker1/CoffeeSetupMug/s301/n3/base	301	1
8daefeabf020	worker1	CoffeeSetupMug	3	4	base	activation	a9c1bc22170bb764	a9c1bc22170bb764b09c5a7adc36b225e99eff00725f7697561451013d3f4b4c	lerobot_groot_n15	n15	lerobot_groot_n15__robocasa365_ckpt120000		0	Pick the mug from the counter and place it under the coffee machine dispenser.	robocasa_panda_omron/CoffeeSetupMug_PandaOmron_Env	100003	1300004	0	0			5		1	all_token_full	groot_n15_dit_block_residual_full_tokens_denoise	"[""layer"",""denoise_step"",""model_token"",""feature_dim""]"	[7,4,49,1536]	[0,2,4,8,10,12,15]	n15_grid_v5_scenario	grid_coord	meta	meta_json	8daefeabf020/worker1/CoffeeSetupMug/s301/n4/base	301	1
8daefeabf020	worker1	CoffeeSetupMug	3	0	base	activation	6c36f386d2db1c3e	6c36f386d2db1c3e5312d8eae4a8eb656de58c863e2e3eeb4684a4d8ea9f694c	lerobot_groot_n15	n15	lerobot_groot_n15__robocasa365_ckpt120000		0	Pick the mug from the counter and place it under the coffee machine dispenser.	robocasa_panda_omron/CoffeeSetupMug_PandaOmron_Env	100003	1300000	0	0			5		1	all_token_full	groot_n15_dit_block_residual_full_tokens_denoise	"[""layer"",""denoise_step"",""model_token"",""feature_dim""]"	[7,4,49,1536]	[0,2,4,8,10,12,15]	n15_grid_v5_scenario	grid_coord	meta	meta_json	8daefeabf020/worker1/CoffeeSetupMug/s302/n0/base	302	2
8daefeabf020	worker1	CoffeeSetupMug	3	1	base	activation	e9c65593f053bb41	e9c65593f053bb41888e748fbd062f7ed6c23bd1761ac0a9f5236514b10901cd	lerobot_groot_n15	n15	lerobot_groot_n15__robocasa365_ckpt120000		0	Pick the mug from the counter and place it under the coffee machine dispenser.	robocasa_panda_omron/CoffeeSetupMug_PandaOmron_Env	100003	1300001	0	0			5		1	all_token_full	groot_n15_dit_block_residual_full_tokens_denoise	"[""layer"",""denoise_step"",""model_token"",""feature_dim""]"	[7,4,49,1536]	[0,2,4,8,10,12,15]	n15_grid_v5_scenario	grid_coord	meta	meta_json	8daefeabf020/worker1/CoffeeSetupMug/s302/n1/base	302	2
8daefeabf020	worker1	CoffeeSetupMug	3	2	base	activation	d89022aca1bfa8a5	d89022aca1bfa8a5906cde19eece7e4bc873e93a7ca9acdc9744a83833be9333	lerobot_groot_n15	n15	lerobot_groot_n15__robocasa365_ckpt120000		0	Pick the mug from the counter and place it under the coffee machine dispenser.	robocasa_panda_omron/CoffeeSetupMug_PandaOmron_Env	100003	1300002	0	0			5		1	all_token_full	groot_n15_dit_block_residual_full_tokens_denoise	"[""layer"",""denoise_step"",""model_token"",""feature_dim""]"	[7,4,49,1536]	[0,2,4,8,10,12,15]	n15_grid_v5_scenario	grid_coord	meta	meta_json	8daefeabf020/worker1/CoffeeSetupMug/s302/n2/base	302	2
8daefeabf020	worker1	CoffeeSetupMug	3	3	base	activation	754403bfdc4a4f8b	754403bfdc4a4f8bbb1a0c8108d1681afe957b3a61e60b6f5ea2b606fba10f2b	lerobot_groot_n15	n15	lerobot_groot_n15__robocasa365_ckpt120000		0	Pick the mug from the counter and place it under the coffee machine dispenser.	robocasa_panda_omron/CoffeeSetupMug_PandaOmron_Env	100003	1300003	0	0			5		1	all_token_full	groot_n15_dit_block_residual_full_tokens_denoise	"[""layer"",""denoise_step"",""model_token"",""feature_dim""]"	[7,4,49,1536]	[0,2,4,8,10,12,15]	n15_grid_v5_scenario	grid_coord	meta	meta_json	8daefeabf020/worker1/CoffeeSetupMug/s302/n3/base	302	2
8daefeabf020	worker1	CoffeeSetupMug	3	4	base	activation	a2e3e5e488f93218	a2e3e5e488f93218e79d9afd77273ab625d80fcaa7f911a1013e80f1c100cce4	lerobot_groot_n15	n15	lerobot_groot_n15__robocasa365_ckpt120000		0	Pick the mug from the counter and place it under the coffee machine dispenser.	robocasa_panda_omron/CoffeeSetupMug_PandaOmron_Env	100003	1300004	0	0			5		1	all_token_full	groot_n15_dit_block_residual_full_tokens_denoise	"[""layer"",""denoise_step"",""model_token"",""feature_dim""]"	[7,4,49,1536]	[0,2,4,8,10,12,15]	n15_grid_v5_scenario	grid_coord	meta	meta_json	8daefeabf020/worker1/CoffeeSetupMug/s302/n4/base	302	2
8daefeabf020	worker1	CoffeeSetupMug	3	0	base	activation	f98bf75994b01c33	f98bf75994b01c330a60b729cc3806ff5f224778e96b55854c8fd822ef6d17b8	lerobot_groot_n15	n15	lerobot_groot_n15__robocasa365_ckpt120000		0	Pick the mug from the counter and place it under the coffee machine dispenser.	robocasa_panda_omron/CoffeeSetupMug_PandaOmron_Env	100003	1300000	0	0			5		1	all_token_full	groot_n15_dit_block_residual_full_tokens_denoise	"[""layer"",""denoise_step"",""model_token"",""feature_dim""]"	[7,4,49,1536]	[0,2,4,8,10,12,15]	n15_grid_v5_scenario	grid_coord	meta	meta_json	8daefeabf020/worker1/CoffeeSetupMug/s303/n0/base	303	3
8daefeabf020	worker1	CoffeeSetupMug	3	1	base	activation	9da2c15d5c6a7206	9da2c15d5c6a7206183c4324fb4dc81ef7b14ad08e1653545ac72a1f910b7a6a	lerobot_groot_n15	n15	lerobot_groot_n15__robocasa365_ckpt120000		0	Pick the mug from the counter and place it under the coffee machine dispenser.	robocasa_panda_omron/CoffeeSetupMug_PandaOmron_Env	100003	1300001	0	0			5		1	all_token_full	groot_n15_dit_block_residual_full_tokens_denoise	"[""layer"",""denoise_step"",""model_token"",""feature_dim""]"	[7,4,49,1536]	[0,2,4,8,10,12,15]	n15_grid_v5_scenario	grid_coord	meta	meta_json	8daefeabf020/worker1/CoffeeSetupMug/s303/n1/base	303	3
8daefeabf020	worker1	CoffeeSetupMug	3	2	base	activation	b4364a363d0148df	b4364a363d0148df1efaa0325fd06522b8f9d3f4602d72b887c783b8a1095034	lerobot_groot_n15	n15	lerobot_groot_n15__robocasa365_ckpt120000		0	Pick the mug from the counter and place it under the coffee machine dispenser.	robocasa_panda_omron/CoffeeSetupMug_PandaOmron_Env	100003	1300002	0	0			5		1	all_token_full	groot_n15_dit_block_residual_full_tokens_denoise	"[""layer"",""denoise_step"",""model_token"",""feature_dim""]"	[7,4,49,1536]	[0,2,4,8,10,12,15]	n15_grid_v5_scenario	grid_coord	meta	meta_json	8daefeabf020/worker1/CoffeeSetupMug/s303/n2/base	303	3
8daefeabf020	worker1	CoffeeSetupMug	3	3	base	activation	94738a02eae76618	94738a02eae7661839d549f711c25a92ed44ab995fff75375571d5ce41efc25a	lerobot_groot_n15	n15	lerobot_groot_n15__robocasa365_ckpt120000		0	Pick the mug from the counter and place it under the coffee machine dispenser.	robocasa_panda_omron/CoffeeSetupMug_PandaOmron_Env	100003	1300003	0	0			5		1	all_token_full	groot_n15_dit_block_residual_full_tokens_denoise	"[""layer"",""denoise_step"",""model_token"",""feature_dim""]"	[7,4,49,1536]	[0,2,4,8,10,12,15]	n15_grid_v5_scenario	grid_coord	meta	meta_json	8daefeabf020/worker1/CoffeeSetupMug/s303/n3/base	303	3
8daefeabf020	worker1	CoffeeSetupMug	3	4	base	activation	55be6796d11184ba	55be6796d11184ba1aa47129220ce85e6f692e2d11f6a182effda4de82101713	lerobot_groot_n15	n15	lerobot_groot_n15__robocasa365_ckpt120000		0	Pick the mug from the counter and place it under the coffee machine dispenser.	robocasa_panda_omron/CoffeeSetupMug_PandaOmron_Env	100003	1300004	0	0			5		1	all_token_full	groot_n15_dit_block_residual_full_tokens_denoise	"[""layer"",""denoise_step"",""model_token"",""feature_dim""]"	[7,4,49,1536]	[0,2,4,8,10,12,15]	n15_grid_v5_scenario	grid_coord	meta	meta_json	8daefeabf020/worker1/CoffeeSetupMug/s303/n4/base	303	3
8daefeabf020	worker1	CoffeeSetupMug	3	0	base	activation	cebcbffec2e65f25	cebcbffec2e65f25227cdffe8c03821efe414ec7d5a339c6278222c94536e158	lerobot_groot_n15	n15	lerobot_groot_n15__robocasa365_ckpt120000		0	Pick the mug from the counter and place it under the coffee machine dispenser.	robocasa_panda_omron/CoffeeSetupMug_PandaOmron_Env	100003	1300000	0	0			5		1	all_token_full	groot_n15_dit_block_residual_full_tokens_denoise	"[""layer"",""denoise_step"",""model_token"",""feature_dim""]"	[7,4,49,1536]	[0,2,4,8,10,12,15]	n15_grid_v5_scenario	grid_coord	meta	meta_json	8daefeabf020/worker1/CoffeeSetupMug/s304/n0/base	304	4
8daefeabf020	worker1	CoffeeSetupMug	3	1	base	activation	98836c4a7227730e	98836c4a7227730efcc0f4fbcc0e95532e051ac52a798e36882b7a58c83c0185	lerobot_groot_n15	n15	lerobot_groot_n15__robocasa365_ckpt120000		0	Pick the mug from the counter and place it under the coffee machine dispenser.	robocasa_panda_omron/CoffeeSetupMug_PandaOmron_Env	100003	1300001	0	0			5		1	all_token_full	groot_n15_dit_block_residual_full_tokens_denoise	"[""layer"",""denoise_step"",""model_token"",""feature_dim""]"	[7,4,49,1536]	[0,2,4,8,10,12,15]	n15_grid_v5_scenario	grid_coord	meta	meta_json	8daefeabf020/worker1/CoffeeSetupMug/s304/n1/base	304	4
8daefeabf020	worker1	CoffeeSetupMug	3	2	base	activation	458db003f22ef461	458db003f22ef461355c4aabd38aab1f00ea9e7c69024d66a088a8d3666c7210	lerobot_groot_n15	n15	lerobot_groot_n15__robocasa365_ckpt120000		0	Pick the mug from the counter and place it under the coffee machine dispenser.	robocasa_panda_omron/CoffeeSetupMug_PandaOmron_Env	100003	1300002	0	0			5		1	all_token_full	groot_n15_dit_block_residual_full_tokens_denoise	"[""layer"",""denoise_step"",""model_token"",""feature_dim""]"	[7,4,49,1536]	[0,2,4,8,10,12,15]	n15_grid_v5_scenario	grid_coord	meta	meta_json	8daefeabf020/worker1/CoffeeSetupMug/s304/n2/base	304	4
8daefeabf020	worker1	CoffeeSetupMug	3	3	base	activation	4c66dcb63970399d	4c66dcb63970399d6f87de6b6ca25217b7631c41159f5406dc12376fcea98d12	lerobot_groot_n15	n15	lerobot_groot_n15__robocasa365_ckpt120000		0	Pick the mug from the counter and place it under the coffee machine dispenser.	robocasa_panda_omron/CoffeeSetupMug_PandaOmron_Env	100003	1300003	0	0			5		1	all_token_full	groot_n15_dit_block_residual_full_tokens_denoise	"[""layer"",""denoise_step"",""model_token"",""feature_dim""]"	[7,4,49,1536]	[0,2,4,8,10,12,15]	n15_grid_v5_scenario	grid_coord	meta	meta_json	8daefeabf020/worker1/CoffeeSetupMug/s304/n3/base	304	4
8daefeabf020	worker1	CoffeeSetupMug	3	4	base	activation	77c188d61c14bee0	77c188d61c14bee02319f0a0acf2844c6bdebd7033451fa91c0504a152208a21	lerobot_groot_n15	n15	lerobot_groot_n15__robocasa365_ckpt120000		0	Pick the mug from the counter and place it under the coffee machine dispenser.	robocasa_panda_omron/CoffeeSetupMug_PandaOmron_Env	100003	1300004	0	0			5		1	all_token_full	groot_n15_dit_block_residual_full_tokens_denoise	"[""layer"",""denoise_step"",""model_token"",""feature_dim""]"	[7,4,49,1536]	[0,2,4,8,10,12,15]	n15_grid_v5_scenario	grid_coord	meta	meta_json	8daefeabf020/worker1/CoffeeSetupMug/s304/n4/base	304	4
8daefeabf020	worker1	CoffeeSetupMug	0	0	base	activation	a339cb46e9aea115	a339cb46e9aea115fb3eb99da8a1938fad6aff0976271fc930c45ef016a19044	lerobot_groot_n15	n15	lerobot_groot_n15__robocasa365_ckpt120000		0	Pick the mug from the counter and place it under the coffee machine dispenser.	robocasa_panda_omron/CoffeeSetupMug_PandaOmron_Env	100000	1300000	0	0			5		1	all_token_full	groot_n15_dit_block_residual_full_tokens_denoise	"[""layer"",""denoise_step"",""model_token"",""feature_dim""]"	[7,4,49,1536]	[0,2,4,8,10,12,15]	n15_grid_v5_scenario	grid_coord	meta	meta_json	8daefeabf020/worker1/CoffeeSetupMug/s4/n0/base	4	4
8daefeabf020	worker1	CoffeeSetupMug	0	1	base	activation	f6f57ffb898d3a73	f6f57ffb898d3a73c6f313928d1a411d1e6b9c6de9b9ce83cb56a2ba9da63848	lerobot_groot_n15	n15	lerobot_groot_n15__robocasa365_ckpt120000		0	Pick the mug from the counter and place it under the coffee machine dispenser.	robocasa_panda_omron/CoffeeSetupMug_PandaOmron_Env	100000	1300001	0	0			5		1	all_token_full	groot_n15_dit_block_residual_full_tokens_denoise	"[""layer"",""denoise_step"",""model_token"",""feature_dim""]"	[7,4,49,1536]	[0,2,4,8,10,12,15]	n15_grid_v5_scenario	grid_coord	meta	meta_json	8daefeabf020/worker1/CoffeeSetupMug/s4/n1/base	4	4
8daefeabf020	worker1	CoffeeSetupMug	0	2	base	activation	1b9327623ae4dbdd	1b9327623ae4dbdd8aef9a8b397ca86b2f65966c42929c81796b7b0fbced8d66	lerobot_groot_n15	n15	lerobot_groot_n15__robocasa365_ckpt120000		0	Pick the mug from the counter and place it under the coffee machine dispenser.	robocasa_panda_omron/CoffeeSetupMug_PandaOmron_Env	100000	1300002	0	0			5		1	all_token_full	groot_n15_dit_block_residual_full_tokens_denoise	"[""layer"",""denoise_step"",""model_token"",""feature_dim""]"	[7,4,49,1536]	[0,2,4,8,10,12,15]	n15_grid_v5_scenario	grid_coord	meta	meta_json	8daefeabf020/worker1/CoffeeSetupMug/s4/n2/base	4	4
8daefeabf020	worker1	CoffeeSetupMug	0	3	base	activation	08e2bffc03cbd52b	08e2bffc03cbd52bac9f1f151de899b2568fada1d5ded8be5025fc6952b66545	lerobot_groot_n15	n15	lerobot_groot_n15__robocasa365_ckpt120000		0	Pick the mug from the counter and place it under the coffee machine dispenser.	robocasa_panda_omron/CoffeeSetupMug_PandaOmron_Env	100000	1300003	0	0			5		1	all_token_full	groot_n15_dit_block_residual_full_tokens_denoise	"[""layer"",""denoise_step"",""model_token"",""feature_dim""]"	[7,4,49,1536]	[0,2,4,8,10,12,15]	n15_grid_v5_scenario	grid_coord	meta	meta_json	8daefeabf020/worker1/CoffeeSetupMug/s4/n3/base	4	4
8daefeabf020	worker1	CoffeeSetupMug	0	4	base	activation	3e17b8b583499ac5	3e17b8b583499ac52b5b2bf05d029df22e299a5e94d8de7d22444712ee4136f2	lerobot_groot_n15	n15	lerobot_groot_n15__robocasa365_ckpt120000		0	Pick the mug from the counter and place it under the coffee machine dispenser.	robocasa_panda_omron/CoffeeSetupMug_PandaOmron_Env	100000	1300004	0	0			5		1	all_token_full	groot_n15_dit_block_residual_full_tokens_denoise	"[""layer"",""denoise_step"",""model_token"",""feature_dim""]"	[7,4,49,1536]	[0,2,4,8,10,12,15]	n15_grid_v5_scenario	grid_coord	meta	meta_json	8daefeabf020/worker1/CoffeeSetupMug/s4/n4/base	4	4
8daefeabf020	worker1	CoffeeSetupMug	4	0	base	activation	96f4eb3bb1515309	96f4eb3bb1515309f46701bd23289fff135b6ea628ef244567b3d5187dbee7b7	lerobot_groot_n15	n15	lerobot_groot_n15__robocasa365_ckpt120000		0	Pick the mug from the counter and place it under the coffee machine dispenser.	robocasa_panda_omron/CoffeeSetupMug_PandaOmron_Env	100004	1300000	0	0			5		1	all_token_full	groot_n15_dit_block_residual_full_tokens_denoise	"[""layer"",""denoise_step"",""model_token"",""feature_dim""]"	[7,4,49,1536]	[0,2,4,8,10,12,15]	n15_grid_v5_scenario	grid_coord	meta	meta_json	8daefeabf020/worker1/CoffeeSetupMug/s400/n0/base	400	0
8daefeabf020	worker1	CoffeeSetupMug	4	1	base	activation	af6816badc33eb3f	af6816badc33eb3fde3d2c55e3ad285a0a4e19549ba03be37229cc5f6215cd16	lerobot_groot_n15	n15	lerobot_groot_n15__robocasa365_ckpt120000		0	Pick the mug from the counter and place it under the coffee machine dispenser.	robocasa_panda_omron/CoffeeSetupMug_PandaOmron_Env	100004	1300001	0	0			5		1	all_token_full	groot_n15_dit_block_residual_full_tokens_denoise	"[""layer"",""denoise_step"",""model_token"",""feature_dim""]"	[7,4,49,1536]	[0,2,4,8,10,12,15]	n15_grid_v5_scenario	grid_coord	meta	meta_json	8daefeabf020/worker1/CoffeeSetupMug/s400/n1/base	400	0
8daefeabf020	worker1	CoffeeSetupMug	4	2	base	activation	136902cfdbb4b303	136902cfdbb4b30387078c3e6ef3880a311b197a4eaf87f74d0f12a9233ba2ad	lerobot_groot_n15	n15	lerobot_groot_n15__robocasa365_ckpt120000		0	Pick the mug from the counter and place it under the coffee machine dispenser.	robocasa_panda_omron/CoffeeSetupMug_PandaOmron_Env	100004	1300002	0	0			5		1	all_token_full	groot_n15_dit_block_residual_full_tokens_denoise	"[""layer"",""denoise_step"",""model_token"",""feature_dim""]"	[7,4,49,1536]	[0,2,4,8,10,12,15]	n15_grid_v5_scenario	grid_coord	meta	meta_json	8daefeabf020/worker1/CoffeeSetupMug/s400/n2/base	400	0
8daefeabf020	worker1	CoffeeSetupMug	4	3	base	activation	56c2e4e3dcb9b84f	56c2e4e3dcb9b84f888ee4bb7fa714bd7cb0ee76660e2dfc548e9373f30cad82	lerobot_groot_n15	n15	lerobot_groot_n15__robocasa365_ckpt120000		0	Pick the mug from the counter and place it under the coffee machine dispenser.	robocasa_panda_omron/CoffeeSetupMug_PandaOmron_Env	100004	1300003	0	0			5		1	all_token_full	groot_n15_dit_block_residual_full_tokens_denoise	"[""layer"",""denoise_step"",""model_token"",""feature_dim""]"	[7,4,49,1536]	[0,2,4,8,10,12,15]	n15_grid_v5_scenario	grid_coord	meta	meta_json	8daefeabf020/worker1/CoffeeSetupMug/s400/n3/base	400	0
8daefeabf020	worker1	CoffeeSetupMug	4	4	base	activation	2e4d7772f78c11d8	2e4d7772f78c11d89d69b31ed16eda144c135d42dbac9c8edafebcb183441e59	lerobot_groot_n15	n15	lerobot_groot_n15__robocasa365_ckpt120000		0	Pick the mug from the counter and place it under the coffee machine dispenser.	robocasa_panda_omron/CoffeeSetupMug_PandaOmron_Env	100004	1300004	0	0			5		1	all_token_full	groot_n15_dit_block_residual_full_tokens_denoise	"[""layer"",""denoise_step"",""model_token"",""feature_dim""]"	[7,4,49,1536]	[0,2,4,8,10,12,15]	n15_grid_v5_scenario	grid_coord	meta	meta_json	8daefeabf020/worker1/CoffeeSetupMug/s400/n4/base	400	0
8daefeabf020	worker1	CoffeeSetupMug	4	0	base	activation	47894bc6fd1aae84	47894bc6fd1aae84a599d2ea73896acd9e9e5cd9b267050742ddd7ef0f8b1b2e	lerobot_groot_n15	n15	lerobot_groot_n15__robocasa365_ckpt120000		0	Pick the mug from the counter and place it under the coffee machine dispenser.	robocasa_panda_omron/CoffeeSetupMug_PandaOmron_Env	100004	1300000	0	0			5		1	all_token_full	groot_n15_dit_block_residual_full_tokens_denoise	"[""layer"",""denoise_step"",""model_token"",""feature_dim""]"	[7,4,49,1536]	[0,2,4,8,10,12,15]	n15_grid_v5_scenario	grid_coord	meta	meta_json	8daefeabf020/worker1/CoffeeSetupMug/s401/n0/base	401	1
8daefeabf020	worker1	CoffeeSetupMug	4	1	base	activation	54f3697afe7184ac	54f3697afe7184acd035a5b5eaea27412126a8758ddf560d02db815768de46d2	lerobot_groot_n15	n15	lerobot_groot_n15__robocasa365_ckpt120000		0	Pick the mug from the counter and place it under the coffee machine dispenser.	robocasa_panda_omron/CoffeeSetupMug_PandaOmron_Env	100004	1300001	0	0			5		1	all_token_full	groot_n15_dit_block_residual_full_tokens_denoise	"[""layer"",""denoise_step"",""model_token"",""feature_dim""]"	[7,4,49,1536]	[0,2,4,8,10,12,15]	n15_grid_v5_scenario	grid_coord	meta	meta_json	8daefeabf020/worker1/CoffeeSetupMug/s401/n1/base	401	1
8daefeabf020	worker1	CoffeeSetupMug	4	2	base	activation	b47548555f4b44b7	b47548555f4b44b7d122fd601e3cd36058d06cd764bfaabc5d3bd67b832da0a6	lerobot_groot_n15	n15	lerobot_groot_n15__robocasa365_ckpt120000		0	Pick the mug from the counter and place it under the coffee machine dispenser.	robocasa_panda_omron/CoffeeSetupMug_PandaOmron_Env	100004	1300002	0	0			5		1	all_token_full	groot_n15_dit_block_residual_full_tokens_denoise	"[""layer"",""denoise_step"",""model_token"",""feature_dim""]"	[7,4,49,1536]	[0,2,4,8,10,12,15]	n15_grid_v5_scenario	grid_coord	meta	meta_json	8daefeabf020/worker1/CoffeeSetupMug/s401/n2/base	401	1
8daefeabf020	worker1	CoffeeSetupMug	4	3	base	activation	1181edefc4ba924c	1181edefc4ba924c9aa89e840b4eafab1f9b669cd9227337604b0b90527271e8	lerobot_groot_n15	n15	lerobot_groot_n15__robocasa365_ckpt120000		0	Pick the mug from the counter and place it under the coffee machine dispenser.	robocasa_panda_omron/CoffeeSetupMug_PandaOmron_Env	100004	1300003	0	0			5		1	all_token_full	groot_n15_dit_block_residual_full_tokens_denoise	"[""layer"",""denoise_step"",""model_token"",""feature_dim""]"	[7,4,49,1536]	[0,2,4,8,10,12,15]	n15_grid_v5_scenario	grid_coord	meta	meta_json	8daefeabf020/worker1/CoffeeSetupMug/s401/n3/base	401	1
8daefeabf020	worker1	CoffeeSetupMug	4	4	base	activation	fb366f5680575c87	fb366f5680575c873cd3e767db629cce0de5a49169e127759ce9b783ad801b65	lerobot_groot_n15	n15	lerobot_groot_n15__robocasa365_ckpt120000		0	Pick the mug from the counter and place it under the coffee machine dispenser.	robocasa_panda_omron/CoffeeSetupMug_PandaOmron_Env	100004	1300004	0	0			5		1	all_token_full	groot_n15_dit_block_residual_full_tokens_denoise	"[""layer"",""denoise_step"",""model_token"",""feature_dim""]"	[7,4,49,1536]	[0,2,4,8,10,12,15]	n15_grid_v5_scenario	grid_coord	meta	meta_json	8daefeabf020/worker1/CoffeeSetupMug/s401/n4/base	401	1
8daefeabf020	worker1	CoffeeSetupMug	4	0	base	activation	969f2c8633f2b0c3	969f2c8633f2b0c333adc95f372bd302f02e7b528d6f9808200eeba461b4749d	lerobot_groot_n15	n15	lerobot_groot_n15__robocasa365_ckpt120000		0	Pick the mug from the counter and place it under the coffee machine dispenser.	robocasa_panda_omron/CoffeeSetupMug_PandaOmron_Env	100004	1300000	0	0			5		1	all_token_full	groot_n15_dit_block_residual_full_tokens_denoise	"[""layer"",""denoise_step"",""model_token"",""feature_dim""]"	[7,4,49,1536]	[0,2,4,8,10,12,15]	n15_grid_v5_scenario	grid_coord	meta	meta_json	8daefeabf020/worker1/CoffeeSetupMug/s402/n0/base	402	2
8daefeabf020	worker1	CoffeeSetupMug	4	1	base	activation	11c755e332333133	11c755e332333133c4cd273f6266904aae6829cdc36b0816b4fad3a6719fd1bd	lerobot_groot_n15	n15	lerobot_groot_n15__robocasa365_ckpt120000		0	Pick the mug from the counter and place it under the coffee machine dispenser.	robocasa_panda_omron/CoffeeSetupMug_PandaOmron_Env	100004	1300001	0	0			5		1	all_token_full	groot_n15_dit_block_residual_full_tokens_denoise	"[""layer"",""denoise_step"",""model_token"",""feature_dim""]"	[7,4,49,1536]	[0,2,4,8,10,12,15]	n15_grid_v5_scenario	grid_coord	meta	meta_json	8daefeabf020/worker1/CoffeeSetupMug/s402/n1/base	402	2
8daefeabf020	worker1	CoffeeSetupMug	4	2	base	activation	cac9355f17214ff0	cac9355f17214ff086b2f6f0c24d9601424a9c78c85da46f1abf5ef1b5abb41d	lerobot_groot_n15	n15	lerobot_groot_n15__robocasa365_ckpt120000		0	Pick the mug from the counter and place it under the coffee machine dispenser.	robocasa_panda_omron/CoffeeSetupMug_PandaOmron_Env	100004	1300002	0	0			5		1	all_token_full	groot_n15_dit_block_residual_full_tokens_denoise	"[""layer"",""denoise_step"",""model_token"",""feature_dim""]"	[7,4,49,1536]	[0,2,4,8,10,12,15]	n15_grid_v5_scenario	grid_coord	meta	meta_json	8daefeabf020/worker1/CoffeeSetupMug/s402/n2/base	402	2
8daefeabf020	worker1	CoffeeSetupMug	4	3	base	activation	7086432ba5e9f4f6	7086432ba5e9f4f6b52c68937b1abda02bd90b9a80444687b684711a35c6c8c4	lerobot_groot_n15	n15	lerobot_groot_n15__robocasa365_ckpt120000		0	Pick the mug from the counter and place it under the coffee machine dispenser.	robocasa_panda_omron/CoffeeSetupMug_PandaOmron_Env	100004	1300003	0	0			5		1	all_token_full	groot_n15_dit_block_residual_full_tokens_denoise	"[""layer"",""denoise_step"",""model_token"",""feature_dim""]"	[7,4,49,1536]	[0,2,4,8,10,12,15]	n15_grid_v5_scenario	grid_coord	meta	meta_json	8daefeabf020/worker1/CoffeeSetupMug/s402/n3/base	402	2
8daefeabf020	worker1	CoffeeSetupMug	4	4	base	activation	2a08be4f197f8381	2a08be4f197f8381cfc5cce8e2c0865813f753ca7b42e456c29461d8cd36bcc1	lerobot_groot_n15	n15	lerobot_groot_n15__robocasa365_ckpt120000		0	Pick the mug from the counter and place it under the coffee machine dispenser.	robocasa_panda_omron/CoffeeSetupMug_PandaOmron_Env	100004	1300004	0	0			5		1	all_token_full	groot_n15_dit_block_residual_full_tokens_denoise	"[""layer"",""denoise_step"",""model_token"",""feature_dim""]"	[7,4,49,1536]	[0,2,4,8,10,12,15]	n15_grid_v5_scenario	grid_coord	meta	meta_json	8daefeabf020/worker1/CoffeeSetupMug/s402/n4/base	402	2
8daefeabf020	worker1	CoffeeSetupMug	4	0	base	activation	497645541a542d11	497645541a542d1172c77768271f57cf365cb9a7767664e5b2d590b873f6d10e	lerobot_groot_n15	n15	lerobot_groot_n15__robocasa365_ckpt120000		0	Pick the mug from the counter and place it under the coffee machine dispenser.	robocasa_panda_omron/CoffeeSetupMug_PandaOmron_Env	100004	1300000	0	0			5		1	all_token_full	groot_n15_dit_block_residual_full_tokens_denoise	"[""layer"",""denoise_step"",""model_token"",""feature_dim""]"	[7,4,49,1536]	[0,2,4,8,10,12,15]	n15_grid_v5_scenario	grid_coord	meta	meta_json	8daefeabf020/worker1/CoffeeSetupMug/s403/n0/base	403	3
8daefeabf020	worker1	CoffeeSetupMug	4	1	base	activation	2073244e104b96da	2073244e104b96da31da22c99387aa7b7284b06ed0fee1817854df5db0cb78c7	lerobot_groot_n15	n15	lerobot_groot_n15__robocasa365_ckpt120000		0	Pick the mug from the counter and place it under the coffee machine dispenser.	robocasa_panda_omron/CoffeeSetupMug_PandaOmron_Env	100004	1300001	0	0			5		1	all_token_full	groot_n15_dit_block_residual_full_tokens_denoise	"[""layer"",""denoise_step"",""model_token"",""feature_dim""]"	[7,4,49,1536]	[0,2,4,8,10,12,15]	n15_grid_v5_scenario	grid_coord	meta	meta_json	8daefeabf020/worker1/CoffeeSetupMug/s403/n1/base	403	3
8daefeabf020	worker1	CoffeeSetupMug	4	2	base	activation	e5e9591ea0217f22	e5e9591ea0217f22d251a93fa28def4682d47402f4076db85dd9bf185f8ba004	lerobot_groot_n15	n15	lerobot_groot_n15__robocasa365_ckpt120000		0	Pick the mug from the counter and place it under the coffee machine dispenser.	robocasa_panda_omron/CoffeeSetupMug_PandaOmron_Env	100004	1300002	0	0			5		1	all_token_full	groot_n15_dit_block_residual_full_tokens_denoise	"[""layer"",""denoise_step"",""model_token"",""feature_dim""]"	[7,4,49,1536]	[0,2,4,8,10,12,15]	n15_grid_v5_scenario	grid_coord	meta	meta_json	8daefeabf020/worker1/CoffeeSetupMug/s403/n2/base	403	3
8daefeabf020	worker1	CoffeeSetupMug	4	3	base	activation	f1a728fba138d37f	f1a728fba138d37f9ceffa2527ec7240a99df1f901b84d73d407f6eac7caeee5	lerobot_groot_n15	n15	lerobot_groot_n15__robocasa365_ckpt120000		0	Pick the mug from the counter and place it under the coffee machine dispenser.	robocasa_panda_omron/CoffeeSetupMug_PandaOmron_Env	100004	1300003	0	0			5		1	all_token_full	groot_n15_dit_block_residual_full_tokens_denoise	"[""layer"",""denoise_step"",""model_token"",""feature_dim""]"	[7,4,49,1536]	[0,2,4,8,10,12,15]	n15_grid_v5_scenario	grid_coord	meta	meta_json	8daefeabf020/worker1/CoffeeSetupMug/s403/n3/base	403	3
8daefeabf020	worker1	CoffeeSetupMug	4	4	base	activation	5bea8a4034411896	5bea8a40344118961df8649a9a4068f1789b116c9a6d3d6fd14010c773011820	lerobot_groot_n15	n15	lerobot_groot_n15__robocasa365_ckpt120000		0	Pick the mug from the counter and place it under the coffee machine dispenser.	robocasa_panda_omron/CoffeeSetupMug_PandaOmron_Env	100004	1300004	0	0			5		1	all_token_full	groot_n15_dit_block_residual_full_tokens_denoise	"[""layer"",""denoise_step"",""model_token"",""feature_dim""]"	[7,4,49,1536]	[0,2,4,8,10,12,15]	n15_grid_v5_scenario	grid_coord	meta	meta_json	8daefeabf020/worker1/CoffeeSetupMug/s403/n4/base	403	3
8daefeabf020	worker1	CoffeeSetupMug	4	0	base	activation	3d6463c68c58e8c1	3d6463c68c58e8c1633b8226d18630351aaed4c46fcfd8038abed742571baa22	lerobot_groot_n15	n15	lerobot_groot_n15__robocasa365_ckpt120000		0	Pick the mug from the counter and place it under the coffee machine dispenser.	robocasa_panda_omron/CoffeeSetupMug_PandaOmron_Env	100004	1300000	0	0			5		1	all_token_full	groot_n15_dit_block_residual_full_tokens_denoise	"[""layer"",""denoise_step"",""model_token"",""feature_dim""]"	[7,4,49,1536]	[0,2,4,8,10,12,15]	n15_grid_v5_scenario	grid_coord	meta	meta_json	8daefeabf020/worker1/CoffeeSetupMug/s404/n0/base	404	4
8daefeabf020	worker1	CoffeeSetupMug	4	1	base	activation	72fc3db6b5f6235d	72fc3db6b5f6235d778a3b78318e2122e21b29a376ca4a9a34c1b3c257771498	lerobot_groot_n15	n15	lerobot_groot_n15__robocasa365_ckpt120000		0	Pick the mug from the counter and place it under the coffee machine dispenser.	robocasa_panda_omron/CoffeeSetupMug_PandaOmron_Env	100004	1300001	0	0			5		1	all_token_full	groot_n15_dit_block_residual_full_tokens_denoise	"[""layer"",""denoise_step"",""model_token"",""feature_dim""]"	[7,4,49,1536]	[0,2,4,8,10,12,15]	n15_grid_v5_scenario	grid_coord	meta	meta_json	8daefeabf020/worker1/CoffeeSetupMug/s404/n1/base	404	4
8daefeabf020	worker1	CoffeeSetupMug	4	2	base	activation	5a6eb6a358fe6de6	5a6eb6a358fe6de6682cdbd859d4272eba10a3005f59551959c236036f0cd551	lerobot_groot_n15	n15	lerobot_groot_n15__robocasa365_ckpt120000		0	Pick the mug from the counter and place it under the coffee machine dispenser.	robocasa_panda_omron/CoffeeSetupMug_PandaOmron_Env	100004	1300002	0	0			5		1	all_token_full	groot_n15_dit_block_residual_full_tokens_denoise	"[""layer"",""denoise_step"",""model_token"",""feature_dim""]"	[7,4,49,1536]	[0,2,4,8,10,12,15]	n15_grid_v5_scenario	grid_coord	meta	meta_json	8daefeabf020/worker1/CoffeeSetupMug/s404/n2/base	404	4
8daefeabf020	worker1	CoffeeSetupMug	4	3	base	activation	85219145e2575dcd	85219145e2575dcd878dd9ea9d22dff449296a05778c23b2317c606a7b953bdb	lerobot_groot_n15	n15	lerobot_groot_n15__robocasa365_ckpt120000		0	Pick the mug from the counter and place it under the coffee machine dispenser.	robocasa_panda_omron/CoffeeSetupMug_PandaOmron_Env	100004	1300003	0	0			5		1	all_token_full	groot_n15_dit_block_residual_full_tokens_denoise	"[""layer"",""denoise_step"",""model_token"",""feature_dim""]"	[7,4,49,1536]	[0,2,4,8,10,12,15]	n15_grid_v5_scenario	grid_coord	meta	meta_json	8daefeabf020/worker1/CoffeeSetupMug/s404/n3/base	404	4
8daefeabf020	worker1	CoffeeSetupMug	4	4	base	activation	cbdb35d6249b6ad1	cbdb35d6249b6ad137bd76bacf5bfcccc81e12738acc0cec6a0763d35e2a78a0	lerobot_groot_n15	n15	lerobot_groot_n15__robocasa365_ckpt120000		0	Pick the mug from the counter and place it under the coffee machine dispenser.	robocasa_panda_omron/CoffeeSetupMug_PandaOmron_Env	100004	1300004	0	0			5		1	all_token_full	groot_n15_dit_block_residual_full_tokens_denoise	"[""layer"",""denoise_step"",""model_token"",""feature_dim""]"	[7,4,49,1536]	[0,2,4,8,10,12,15]	n15_grid_v5_scenario	grid_coord	meta	meta_json	8daefeabf020/worker1/CoffeeSetupMug/s404/n4/base	404	4
8daefeabf020	worker1	OpenDrawer/left	0	0	base	activation	71fface3b3fd6ac4	71fface3b3fd6ac46d0768a3967b0acc6f4d1186b1c4ec7ef4673384caedd60e	lerobot_groot_n15	n15	lerobot_groot_n15__robocasa365_ckpt120000		0	Open the left drawer.	robocasa_panda_omron/OpenDrawer_PandaOmron_Env	100001	1300000	0	0			5		1	all_token_full	groot_n15_dit_block_residual_full_tokens_denoise	"[""layer"",""denoise_step"",""model_token"",""feature_dim""]"	[7,4,49,1536]	[0,2,4,8,10,12,15]	n15_grid_v5_scenario	grid_coord	meta	meta_json	8daefeabf020/worker1/OpenDrawer/left/s1/n0/base	1	1
8daefeabf020	worker1	OpenDrawer/left	0	1	base	activation	2c3379708c50352a	2c3379708c50352a7d9267fa2e9ad22b0ad977ffb5c33746bfa38706fd6b00f1	lerobot_groot_n15	n15	lerobot_groot_n15__robocasa365_ckpt120000		0	Open the left drawer.	robocasa_panda_omron/OpenDrawer_PandaOmron_Env	100001	1300001	0	0			5		1	all_token_full	groot_n15_dit_block_residual_full_tokens_denoise	"[""layer"",""denoise_step"",""model_token"",""feature_dim""]"	[7,4,49,1536]	[0,2,4,8,10,12,15]	n15_grid_v5_scenario	grid_coord	meta	meta_json	8daefeabf020/worker1/OpenDrawer/left/s1/n1/base	1	1
8daefeabf020	worker1	OpenDrawer/left	0	2	base	activation	cb58044b2bc818e8	cb58044b2bc818e8de71bafadd6d3797d8ca5d64fe4ac936e1229ad4f885c0d0	lerobot_groot_n15	n15	lerobot_groot_n15__robocasa365_ckpt120000		0	Open the left drawer.	robocasa_panda_omron/OpenDrawer_PandaOmron_Env	100001	1300002	0	0			5		1	all_token_full	groot_n15_dit_block_residual_full_tokens_denoise	"[""layer"",""denoise_step"",""model_token"",""feature_dim""]"	[7,4,49,1536]	[0,2,4,8,10,12,15]	n15_grid_v5_scenario	grid_coord	meta	meta_json	8daefeabf020/worker1/OpenDrawer/left/s1/n2/base	1	1
8daefeabf020	worker1	OpenDrawer/left	0	3	base	activation	b55396fc2d199e7b	b55396fc2d199e7b9e70a1bb7a23c6ec60ddfa79059c382593159a34c6c4b0ec	lerobot_groot_n15	n15	lerobot_groot_n15__robocasa365_ckpt120000		0	Open the left drawer.	robocasa_panda_omron/OpenDrawer_PandaOmron_Env	100001	1300003	0	0			5		1	all_token_full	groot_n15_dit_block_residual_full_tokens_denoise	"[""layer"",""denoise_step"",""model_token"",""feature_dim""]"	[7,4,49,1536]	[0,2,4,8,10,12,15]	n15_grid_v5_scenario	grid_coord	meta	meta_json	8daefeabf020/worker1/OpenDrawer/left/s1/n3/base	1	1
8daefeabf020	worker1	OpenDrawer/left	0	4	base	activation	6d97fb81177fe73c	6d97fb81177fe73cb5e406edfd80a3a3bc267f1d2c0b7903c31269e76b5c717e	lerobot_groot_n15	n15	lerobot_groot_n15__robocasa365_ckpt120000		0	Open the left drawer.	robocasa_panda_omron/OpenDrawer_PandaOmron_Env	100001	1300004	0	0			5		1	all_token_full	groot_n15_dit_block_residual_full_tokens_denoise	"[""layer"",""denoise_step"",""model_token"",""feature_dim""]"	[7,4,49,1536]	[0,2,4,8,10,12,15]	n15_grid_v5_scenario	grid_coord	meta	meta_json	8daefeabf020/worker1/OpenDrawer/left/s1/n4/base	1	1
8daefeabf020	worker1	OpenDrawer/left	1	0	base	activation	0a19e30f3ac59cea	0a19e30f3ac59ceaaaec205d0260de42a8e5597615b65a3508abbcc4d3916308	lerobot_groot_n15	n15	lerobot_groot_n15__robocasa365_ckpt120000		0	Open the left drawer.	robocasa_panda_omron/OpenDrawer_PandaOmron_Env	100002	1300000	0	0			5		1	all_token_full	groot_n15_dit_block_residual_full_tokens_denoise	"[""layer"",""denoise_step"",""model_token"",""feature_dim""]"	[7,4,49,1536]	[0,2,4,8,10,12,15]	n15_grid_v5_scenario	grid_coord	meta	meta_json	8daefeabf020/worker1/OpenDrawer/left/s101/n0/base	101	1
8daefeabf020	worker1	OpenDrawer/left	1	1	base	activation	2b457e1d71ccb596	2b457e1d71ccb59666500cefc327dd6ac70b35132840418114e8e2e7b6619a72	lerobot_groot_n15	n15	lerobot_groot_n15__robocasa365_ckpt120000		0	Open the left drawer.	robocasa_panda_omron/OpenDrawer_PandaOmron_Env	100002	1300001	0	0			5		1	all_token_full	groot_n15_dit_block_residual_full_tokens_denoise	"[""layer"",""denoise_step"",""model_token"",""feature_dim""]"	[7,4,49,1536]	[0,2,4,8,10,12,15]	n15_grid_v5_scenario	grid_coord	meta	meta_json	8daefeabf020/worker1/OpenDrawer/left/s101/n1/base	101	1
8daefeabf020	worker1	OpenDrawer/left	1	2	base	activation	3b8e75092e89b7d1	3b8e75092e89b7d17b29fdaea6f2903232c958978c25878c0b57c1062a0b6f1c	lerobot_groot_n15	n15	lerobot_groot_n15__robocasa365_ckpt120000		0	Open the left drawer.	robocasa_panda_omron/OpenDrawer_PandaOmron_Env	100002	1300002	0	0			5		1	all_token_full	groot_n15_dit_block_residual_full_tokens_denoise	"[""layer"",""denoise_step"",""model_token"",""feature_dim""]"	[7,4,49,1536]	[0,2,4,8,10,12,15]	n15_grid_v5_scenario	grid_coord	meta	meta_json	8daefeabf020/worker1/OpenDrawer/left/s101/n2/base	101	1
8daefeabf020	worker1	OpenDrawer/left	1	3	base	activation	576c150f16a60848	576c150f16a6084843fb7884ec8515de1cf1c414e63efe80a08a5699b79a5aa3	lerobot_groot_n15	n15	lerobot_groot_n15__robocasa365_ckpt120000		0	Open the left drawer.	robocasa_panda_omron/OpenDrawer_PandaOmron_Env	100002	1300003	0	0			5		1	all_token_full	groot_n15_dit_block_residual_full_tokens_denoise	"[""layer"",""denoise_step"",""model_token"",""feature_dim""]"	[7,4,49,1536]	[0,2,4,8,10,12,15]	n15_grid_v5_scenario	grid_coord	meta	meta_json	8daefeabf020/worker1/OpenDrawer/left/s101/n3/base	101	1
8daefeabf020	worker1	OpenDrawer/left	1	4	base	activation	eddd6b0acbb42c6c	eddd6b0acbb42c6c2818b79abef3e87bd552ee4a41baba194c7ffb7f4ac3215c	lerobot_groot_n15	n15	lerobot_groot_n15__robocasa365_ckpt120000		0	Open the left drawer.	robocasa_panda_omron/OpenDrawer_PandaOmron_Env	100002	1300004	0	0			5		1	all_token_full	groot_n15_dit_block_residual_full_tokens_denoise	"[""layer"",""denoise_step"",""model_token"",""feature_dim""]"	[7,4,49,1536]	[0,2,4,8,10,12,15]	n15_grid_v5_scenario	grid_coord	meta	meta_json	8daefeabf020/worker1/OpenDrawer/left/s101/n4/base	101	1
8daefeabf020	worker1	OpenDrawer/left	1	0	base	activation	8db6d039152fa4b0	8db6d039152fa4b00a5943d56b90b3255d51707605816122a831e38bfa415e1d	lerobot_groot_n15	n15	lerobot_groot_n15__robocasa365_ckpt120000		0	Open the left drawer.	robocasa_panda_omron/OpenDrawer_PandaOmron_Env	100002	1300000	0	0			5		1	all_token_full	groot_n15_dit_block_residual_full_tokens_denoise	"[""layer"",""denoise_step"",""model_token"",""feature_dim""]"	[7,4,49,1536]	[0,2,4,8,10,12,15]	n15_grid_v5_scenario	grid_coord	meta	meta_json	8daefeabf020/worker1/OpenDrawer/left/s103/n0/base	103	3
8daefeabf020	worker1	OpenDrawer/left	1	1	base	activation	4b7831762ea8ccf5	4b7831762ea8ccf53f188996ac6bcdd3ad3a075de1eac18aee46887afaa2a3bd	lerobot_groot_n15	n15	lerobot_groot_n15__robocasa365_ckpt120000		0	Open the left drawer.	robocasa_panda_omron/OpenDrawer_PandaOmron_Env	100002	1300001	0	0			5		1	all_token_full	groot_n15_dit_block_residual_full_tokens_denoise	"[""layer"",""denoise_step"",""model_token"",""feature_dim""]"	[7,4,49,1536]	[0,2,4,8,10,12,15]	n15_grid_v5_scenario	grid_coord	meta	meta_json	8daefeabf020/worker1/OpenDrawer/left/s103/n1/base	103	3
8daefeabf020	worker1	OpenDrawer/left	1	2	base	activation	fd7a86c0f34c4712	fd7a86c0f34c4712b57f61ba5039e8b6d011c9065115849adee2d8bbf27ea2b2	lerobot_groot_n15	n15	lerobot_groot_n15__robocasa365_ckpt120000		0	Open the left drawer.	robocasa_panda_omron/OpenDrawer_PandaOmron_Env	100002	1300002	0	0			5		1	all_token_full	groot_n15_dit_block_residual_full_tokens_denoise	"[""layer"",""denoise_step"",""model_token"",""feature_dim""]"	[7,4,49,1536]	[0,2,4,8,10,12,15]	n15_grid_v5_scenario	grid_coord	meta	meta_json	8daefeabf020/worker1/OpenDrawer/left/s103/n2/base	103	3
8daefeabf020	worker1	OpenDrawer/left	1	3	base	activation	510fe574ba43d397	510fe574ba43d397dce684952383e535f129c2234bfd6861dee46532ef2a4d23	lerobot_groot_n15	n15	lerobot_groot_n15__robocasa365_ckpt120000		0	Open the left drawer.	robocasa_panda_omron/OpenDrawer_PandaOmron_Env	100002	1300003	0	0			5		1	all_token_full	groot_n15_dit_block_residual_full_tokens_denoise	"[""layer"",""denoise_step"",""model_token"",""feature_dim""]"	[7,4,49,1536]	[0,2,4,8,10,12,15]	n15_grid_v5_scenario	grid_coord	meta	meta_json	8daefeabf020/worker1/OpenDrawer/left/s103/n3/base	103	3
8daefeabf020	worker1	OpenDrawer/left	1	4	base	activation	154a081d0b291548	154a081d0b291548c67310a433dad5a07197eedc648aa5fcc62ca48e7358db30	lerobot_groot_n15	n15	lerobot_groot_n15__robocasa365_ckpt120000		0	Open the left drawer.	robocasa_panda_omron/OpenDrawer_PandaOmron_Env	100002	1300004	0	0			5		1	all_token_full	groot_n15_dit_block_residual_full_tokens_denoise	"[""layer"",""denoise_step"",""model_token"",""feature_dim""]"	[7,4,49,1536]	[0,2,4,8,10,12,15]	n15_grid_v5_scenario	grid_coord	meta	meta_json	8daefeabf020/worker1/OpenDrawer/left/s103/n4/base	103	3
8daefeabf020	worker1	OpenDrawer/left	1	0	base	activation	846b0fce82772d2d	846b0fce82772d2d77c760c7c5e87bae733f9f741dd4983f1726c0cd9d734ad2	lerobot_groot_n15	n15	lerobot_groot_n15__robocasa365_ckpt120000		0	Open the left drawer.	robocasa_panda_omron/OpenDrawer_PandaOmron_Env	100002	1300000	0	0			5		1	all_token_full	groot_n15_dit_block_residual_full_tokens_denoise	"[""layer"",""denoise_step"",""model_token"",""feature_dim""]"	[7,4,49,1536]	[0,2,4,8,10,12,15]	n15_grid_v5_scenario	grid_coord	meta	meta_json	8daefeabf020/worker1/OpenDrawer/left/s105/n0/base	105	5
8daefeabf020	worker1	OpenDrawer/left	1	1	base	activation	612ae5fbb11ee09e	612ae5fbb11ee09ec82a17558b88e6280f2e17bca767770da60a6cde88a0d44f	lerobot_groot_n15	n15	lerobot_groot_n15__robocasa365_ckpt120000		0	Open the left drawer.	robocasa_panda_omron/OpenDrawer_PandaOmron_Env	100002	1300001	0	0			5		1	all_token_full	groot_n15_dit_block_residual_full_tokens_denoise	"[""layer"",""denoise_step"",""model_token"",""feature_dim""]"	[7,4,49,1536]	[0,2,4,8,10,12,15]	n15_grid_v5_scenario	grid_coord	meta	meta_json	8daefeabf020/worker1/OpenDrawer/left/s105/n1/base	105	5
8daefeabf020	worker1	OpenDrawer/left	1	2	base	activation	fd7393d6021997b5	fd7393d6021997b52450105c0623e65ab30e9c55f7d8337d4d5c01879647a456	lerobot_groot_n15	n15	lerobot_groot_n15__robocasa365_ckpt120000		0	Open the left drawer.	robocasa_panda_omron/OpenDrawer_PandaOmron_Env	100002	1300002	0	0			5		1	all_token_full	groot_n15_dit_block_residual_full_tokens_denoise	"[""layer"",""denoise_step"",""model_token"",""feature_dim""]"	[7,4,49,1536]	[0,2,4,8,10,12,15]	n15_grid_v5_scenario	grid_coord	meta	meta_json	8daefeabf020/worker1/OpenDrawer/left/s105/n2/base	105	5
8daefeabf020	worker1	OpenDrawer/left	1	3	base	activation	a8bda1ee3624f44c	a8bda1ee3624f44ca83f4ebf7287d2b2f518462a399344048461d9d1d06525e7	lerobot_groot_n15	n15	lerobot_groot_n15__robocasa365_ckpt120000		0	Open the left drawer.	robocasa_panda_omron/OpenDrawer_PandaOmron_Env	100002	1300003	0	0			5		1	all_token_full	groot_n15_dit_block_residual_full_tokens_denoise	"[""layer"",""denoise_step"",""model_token"",""feature_dim""]"	[7,4,49,1536]	[0,2,4,8,10,12,15]	n15_grid_v5_scenario	grid_coord	meta	meta_json	8daefeabf020/worker1/OpenDrawer/left/s105/n3/base	105	5
8daefeabf020	worker1	OpenDrawer/left	1	4	base	activation	d7e75d26aee96fdb	d7e75d26aee96fdb2fac4091422df02fdc443e74114388db558529ba3af8f597	lerobot_groot_n15	n15	lerobot_groot_n15__robocasa365_ckpt120000		0	Open the left drawer.	robocasa_panda_omron/OpenDrawer_PandaOmron_Env	100002	1300004	0	0			5		1	all_token_full	groot_n15_dit_block_residual_full_tokens_denoise	"[""layer"",""denoise_step"",""model_token"",""feature_dim""]"	[7,4,49,1536]	[0,2,4,8,10,12,15]	n15_grid_v5_scenario	grid_coord	meta	meta_json	8daefeabf020/worker1/OpenDrawer/left/s105/n4/base	105	5
8daefeabf020	worker1	OpenDrawer/left	1	0	base	activation	42f22283cd2b7596	42f22283cd2b75968b8129dbafe2319c1b55f017a1ca4794d4bc7a64231fbb32	lerobot_groot_n15	n15	lerobot_groot_n15__robocasa365_ckpt120000		0	Open the left drawer.	robocasa_panda_omron/OpenDrawer_PandaOmron_Env	100002	1300000	0	0			5		1	all_token_full	groot_n15_dit_block_residual_full_tokens_denoise	"[""layer"",""denoise_step"",""model_token"",""feature_dim""]"	[7,4,49,1536]	[0,2,4,8,10,12,15]	n15_grid_v5_scenario	grid_coord	meta	meta_json	8daefeabf020/worker1/OpenDrawer/left/s106/n0/base	106	6
8daefeabf020	worker1	OpenDrawer/left	1	1	base	activation	43fea8bef5c9abaf	43fea8bef5c9abaf8f18441c94ebe188d3b5208bb84d949c14482794ac95a27e	lerobot_groot_n15	n15	lerobot_groot_n15__robocasa365_ckpt120000		0	Open the left drawer.	robocasa_panda_omron/OpenDrawer_PandaOmron_Env	100002	1300001	0	0			5		1	all_token_full	groot_n15_dit_block_residual_full_tokens_denoise	"[""layer"",""denoise_step"",""model_token"",""feature_dim""]"	[7,4,49,1536]	[0,2,4,8,10,12,15]	n15_grid_v5_scenario	grid_coord	meta	meta_json	8daefeabf020/worker1/OpenDrawer/left/s106/n1/base	106	6
8daefeabf020	worker1	OpenDrawer/left	1	2	base	activation	5048d463ad9f1981	5048d463ad9f1981dc49e3be48c0576bfbd8eb107efdd9daee25915782d5322b	lerobot_groot_n15	n15	lerobot_groot_n15__robocasa365_ckpt120000		0	Open the left drawer.	robocasa_panda_omron/OpenDrawer_PandaOmron_Env	100002	1300002	0	0			5		1	all_token_full	groot_n15_dit_block_residual_full_tokens_denoise	"[""layer"",""denoise_step"",""model_token"",""feature_dim""]"	[7,4,49,1536]	[0,2,4,8,10,12,15]	n15_grid_v5_scenario	grid_coord	meta	meta_json	8daefeabf020/worker1/OpenDrawer/left/s106/n2/base	106	6
8daefeabf020	worker1	OpenDrawer/left	1	3	base	activation	cd625ebe683ea8c5	cd625ebe683ea8c5b22a3560c4158566f4251058f57d8a40a0b0987c9351a6d4	lerobot_groot_n15	n15	lerobot_groot_n15__robocasa365_ckpt120000		0	Open the left drawer.	robocasa_panda_omron/OpenDrawer_PandaOmron_Env	100002	1300003	0	0			5		1	all_token_full	groot_n15_dit_block_residual_full_tokens_denoise	"[""layer"",""denoise_step"",""model_token"",""feature_dim""]"	[7,4,49,1536]	[0,2,4,8,10,12,15]	n15_grid_v5_scenario	grid_coord	meta	meta_json	8daefeabf020/worker1/OpenDrawer/left/s106/n3/base	106	6
8daefeabf020	worker1	OpenDrawer/left	1	4	base	activation	aecf6ef2f543d091	aecf6ef2f543d0914c011dc48b8c2fdeff75db04f7837bc7017bd5898faa7755	lerobot_groot_n15	n15	lerobot_groot_n15__robocasa365_ckpt120000		0	Open the left drawer.	robocasa_panda_omron/OpenDrawer_PandaOmron_Env	100002	1300004	0	0			5		1	all_token_full	groot_n15_dit_block_residual_full_tokens_denoise	"[""layer"",""denoise_step"",""model_token"",""feature_dim""]"	[7,4,49,1536]	[0,2,4,8,10,12,15]	n15_grid_v5_scenario	grid_coord	meta	meta_json	8daefeabf020/worker1/OpenDrawer/left/s106/n4/base	106	6
8daefeabf020	worker1	OpenDrawer/left	1	0	base	activation	e297ddd6619a00bb	e297ddd6619a00bb26e5eea2845decc2801cc0918361a18fffd1152b527bba3f	lerobot_groot_n15	n15	lerobot_groot_n15__robocasa365_ckpt120000		0	Open the left drawer.	robocasa_panda_omron/OpenDrawer_PandaOmron_Env	100002	1300000	0	1			5		1	all_token_full	groot_n15_dit_block_residual_full_tokens_denoise	"[""layer"",""denoise_step"",""model_token"",""feature_dim""]"	[7,4,49,1536]	[0,2,4,8,10,12,15]	n15_grid_v5_scenario	grid_coord	meta	meta_json	8daefeabf020/worker1/OpenDrawer/left/s107/n0/base	107	7
8daefeabf020	worker1	OpenDrawer/left	1	1	base	activation	2a268b4ce9f58667	2a268b4ce9f58667b46fb102bedfba50d9f9b7692f2e3eac66655b9d6b61580a	lerobot_groot_n15	n15	lerobot_groot_n15__robocasa365_ckpt120000		0	Open the left drawer.	robocasa_panda_omron/OpenDrawer_PandaOmron_Env	100002	1300001	0	0			5		1	all_token_full	groot_n15_dit_block_residual_full_tokens_denoise	"[""layer"",""denoise_step"",""model_token"",""feature_dim""]"	[7,4,49,1536]	[0,2,4,8,10,12,15]	n15_grid_v5_scenario	grid_coord	meta	meta_json	8daefeabf020/worker1/OpenDrawer/left/s107/n1/base	107	7
8daefeabf020	worker1	OpenDrawer/left	1	2	base	activation	9130cd47a012c6e6	9130cd47a012c6e695294dcaa79906e79ab6bf0011c8061f5951a7a7d50f69c4	lerobot_groot_n15	n15	lerobot_groot_n15__robocasa365_ckpt120000		0	Open the left drawer.	robocasa_panda_omron/OpenDrawer_PandaOmron_Env	100002	1300002	0	0			5		1	all_token_full	groot_n15_dit_block_residual_full_tokens_denoise	"[""layer"",""denoise_step"",""model_token"",""feature_dim""]"	[7,4,49,1536]	[0,2,4,8,10,12,15]	n15_grid_v5_scenario	grid_coord	meta	meta_json	8daefeabf020/worker1/OpenDrawer/left/s107/n2/base	107	7
8daefeabf020	worker1	OpenDrawer/left	1	3	base	activation	588343fa1dc77208	588343fa1dc772084bcbd884ddaf0b543030e206f66166d57d1eb9bb9154efa0	lerobot_groot_n15	n15	lerobot_groot_n15__robocasa365_ckpt120000		0	Open the left drawer.	robocasa_panda_omron/OpenDrawer_PandaOmron_Env	100002	1300003	0	0			5		1	all_token_full	groot_n15_dit_block_residual_full_tokens_denoise	"[""layer"",""denoise_step"",""model_token"",""feature_dim""]"	[7,4,49,1536]	[0,2,4,8,10,12,15]	n15_grid_v5_scenario	grid_coord	meta	meta_json	8daefeabf020/worker1/OpenDrawer/left/s107/n3/base	107	7
8daefeabf020	worker1	OpenDrawer/left	1	4	base	activation	709630aa70db1cfc	709630aa70db1cfc3eccabd348b3808db16ecad45831ef597cf4348cfd41b927	lerobot_groot_n15	n15	lerobot_groot_n15__robocasa365_ckpt120000		0	Open the left drawer.	robocasa_panda_omron/OpenDrawer_PandaOmron_Env	100002	1300004	0	0			5		1	all_token_full	groot_n15_dit_block_residual_full_tokens_denoise	"[""layer"",""denoise_step"",""model_token"",""feature_dim""]"	[7,4,49,1536]	[0,2,4,8,10,12,15]	n15_grid_v5_scenario	grid_coord	meta	meta_json	8daefeabf020/worker1/OpenDrawer/left/s107/n4/base	107	7
8daefeabf020	worker1	OpenDrawer/left	2	0	base	activation	dfb0b0a70675d29f	dfb0b0a70675d29f3abd2fc8621da24f092ecb53c26b07906a92b20fee74c591	lerobot_groot_n15	n15	lerobot_groot_n15__robocasa365_ckpt120000		0	Open the left drawer.	robocasa_panda_omron/OpenDrawer_PandaOmron_Env	100004	1300000	0	1			5		1	all_token_full	groot_n15_dit_block_residual_full_tokens_denoise	"[""layer"",""denoise_step"",""model_token"",""feature_dim""]"	[7,4,49,1536]	[0,2,4,8,10,12,15]	n15_grid_v5_scenario	grid_coord	meta	meta_json	8daefeabf020/worker1/OpenDrawer/left/s200/n0/base	200	0
8daefeabf020	worker1	OpenDrawer/left	2	1	base	activation	e2e850ed2d9893d2	e2e850ed2d9893d2ebed9b1abcd4254237d8a439c3eb41f15ea198ea41394019	lerobot_groot_n15	n15	lerobot_groot_n15__robocasa365_ckpt120000		0	Open the left drawer.	robocasa_panda_omron/OpenDrawer_PandaOmron_Env	100004	1300001	0	1			5		1	all_token_full	groot_n15_dit_block_residual_full_tokens_denoise	"[""layer"",""denoise_step"",""model_token"",""feature_dim""]"	[7,4,49,1536]	[0,2,4,8,10,12,15]	n15_grid_v5_scenario	grid_coord	meta	meta_json	8daefeabf020/worker1/OpenDrawer/left/s200/n1/base	200	0
8daefeabf020	worker1	OpenDrawer/left	2	2	base	activation	ef8cab56a31ef12f	ef8cab56a31ef12fe3cbf04efb9bb57497bf116988f7644b60038ddbe2028f27	lerobot_groot_n15	n15	lerobot_groot_n15__robocasa365_ckpt120000		0	Open the left drawer.	robocasa_panda_omron/OpenDrawer_PandaOmron_Env	100004	1300002	0	1			5		1	all_token_full	groot_n15_dit_block_residual_full_tokens_denoise	"[""layer"",""denoise_step"",""model_token"",""feature_dim""]"	[7,4,49,1536]	[0,2,4,8,10,12,15]	n15_grid_v5_scenario	grid_coord	meta	meta_json	8daefeabf020/worker1/OpenDrawer/left/s200/n2/base	200	0
8daefeabf020	worker1	OpenDrawer/left	2	3	base	activation	6ee18a302e696dd9	6ee18a302e696dd962f16b5f9a4a96a9554f61699641fbad51f448d8d7fb6617	lerobot_groot_n15	n15	lerobot_groot_n15__robocasa365_ckpt120000		0	Open the left drawer.	robocasa_panda_omron/OpenDrawer_PandaOmron_Env	100004	1300003	0	1			5		1	all_token_full	groot_n15_dit_block_residual_full_tokens_denoise	"[""layer"",""denoise_step"",""model_token"",""feature_dim""]"	[7,4,49,1536]	[0,2,4,8,10,12,15]	n15_grid_v5_scenario	grid_coord	meta	meta_json	8daefeabf020/worker1/OpenDrawer/left/s200/n3/base	200	0
8daefeabf020	worker1	OpenDrawer/left	2	4	base	activation	1e651defc4578dd9	1e651defc4578dd9f31067f6e59cc2ce813e1ccbbb29adbbe964ba2e13abb457	lerobot_groot_n15	n15	lerobot_groot_n15__robocasa365_ckpt120000		0	Open the left drawer.	robocasa_panda_omron/OpenDrawer_PandaOmron_Env	100004	1300004	0	1			5		1	all_token_full	groot_n15_dit_block_residual_full_tokens_denoise	"[""layer"",""denoise_step"",""model_token"",""feature_dim""]"	[7,4,49,1536]	[0,2,4,8,10,12,15]	n15_grid_v5_scenario	grid_coord	meta	meta_json	8daefeabf020/worker1/OpenDrawer/left/s200/n4/base	200	0
8daefeabf020	worker1	OpenDrawer/left	2	0	base	activation	9587c450e7cef250	9587c450e7cef250bb4794339121a7f52bbdc7558b2bdb824e233affff29eb47	lerobot_groot_n15	n15	lerobot_groot_n15__robocasa365_ckpt120000		0	Open the left drawer.	robocasa_panda_omron/OpenDrawer_PandaOmron_Env	100004	1300000	0	1			5		1	all_token_full	groot_n15_dit_block_residual_full_tokens_denoise	"[""layer"",""denoise_step"",""model_token"",""feature_dim""]"	[7,4,49,1536]	[0,2,4,8,10,12,15]	n15_grid_v5_scenario	grid_coord	meta	meta_json	8daefeabf020/worker1/OpenDrawer/left/s201/n0/base	201	1
8daefeabf020	worker1	OpenDrawer/left	2	1	base	activation	e48292e3c38d4f9d	e48292e3c38d4f9d4fcde50548ad09c77c6e2b0d37e82df01aaf83e8cc63b698	lerobot_groot_n15	n15	lerobot_groot_n15__robocasa365_ckpt120000		0	Open the left drawer.	robocasa_panda_omron/OpenDrawer_PandaOmron_Env	100004	1300001	0	1			5		1	all_token_full	groot_n15_dit_block_residual_full_tokens_denoise	"[""layer"",""denoise_step"",""model_token"",""feature_dim""]"	[7,4,49,1536]	[0,2,4,8,10,12,15]	n15_grid_v5_scenario	grid_coord	meta	meta_json	8daefeabf020/worker1/OpenDrawer/left/s201/n1/base	201	1
8daefeabf020	worker1	OpenDrawer/left	2	2	base	activation	19af9c5c95881638	19af9c5c95881638389887fe65dca3c093371746340d52055e87e0a308cd74ba	lerobot_groot_n15	n15	lerobot_groot_n15__robocasa365_ckpt120000		0	Open the left drawer.	robocasa_panda_omron/OpenDrawer_PandaOmron_Env	100004	1300002	0	1			5		1	all_token_full	groot_n15_dit_block_residual_full_tokens_denoise	"[""layer"",""denoise_step"",""model_token"",""feature_dim""]"	[7,4,49,1536]	[0,2,4,8,10,12,15]	n15_grid_v5_scenario	grid_coord	meta	meta_json	8daefeabf020/worker1/OpenDrawer/left/s201/n2/base	201	1
8daefeabf020	worker1	OpenDrawer/left	2	3	base	activation	e5d14af97fb187a0	e5d14af97fb187a0297777d75e1fd58a727ccc52ae68a8843a5465ca5cfaaa37	lerobot_groot_n15	n15	lerobot_groot_n15__robocasa365_ckpt120000		0	Open the left drawer.	robocasa_panda_omron/OpenDrawer_PandaOmron_Env	100004	1300003	0	1			5		1	all_token_full	groot_n15_dit_block_residual_full_tokens_denoise	"[""layer"",""denoise_step"",""model_token"",""feature_dim""]"	[7,4,49,1536]	[0,2,4,8,10,12,15]	n15_grid_v5_scenario	grid_coord	meta	meta_json	8daefeabf020/worker1/OpenDrawer/left/s201/n3/base	201	1
8daefeabf020	worker1	OpenDrawer/left	2	4	base	activation	90ea86acf2659d1f	90ea86acf2659d1f6d0df869ff4f6cd577f9cb29d3def62c4e193f947bc5fa27	lerobot_groot_n15	n15	lerobot_groot_n15__robocasa365_ckpt120000		0	Open the left drawer.	robocasa_panda_omron/OpenDrawer_PandaOmron_Env	100004	1300004	0	1			5		1	all_token_full	groot_n15_dit_block_residual_full_tokens_denoise	"[""layer"",""denoise_step"",""model_token"",""feature_dim""]"	[7,4,49,1536]	[0,2,4,8,10,12,15]	n15_grid_v5_scenario	grid_coord	meta	meta_json	8daefeabf020/worker1/OpenDrawer/left/s201/n4/base	201	1
8daefeabf020	worker1	OpenDrawer/left	2	0	base	activation	14387c5757f54739	14387c5757f54739de9de3b38597e5c2c31dc8f8a256b3ea21aa400e70648206	lerobot_groot_n15	n15	lerobot_groot_n15__robocasa365_ckpt120000		0	Open the left drawer.	robocasa_panda_omron/OpenDrawer_PandaOmron_Env	100004	1300000	0	1			5		1	all_token_full	groot_n15_dit_block_residual_full_tokens_denoise	"[""layer"",""denoise_step"",""model_token"",""feature_dim""]"	[7,4,49,1536]	[0,2,4,8,10,12,15]	n15_grid_v5_scenario	grid_coord	meta	meta_json	8daefeabf020/worker1/OpenDrawer/left/s202/n0/base	202	2
8daefeabf020	worker1	OpenDrawer/left	2	1	base	activation	08a164c409ec9dbc	08a164c409ec9dbc4fdf01070f037a0dfb8e5bdadc651cca4c45ed8168cb07aa	lerobot_groot_n15	n15	lerobot_groot_n15__robocasa365_ckpt120000		0	Open the left drawer.	robocasa_panda_omron/OpenDrawer_PandaOmron_Env	100004	1300001	0	1			5		1	all_token_full	groot_n15_dit_block_residual_full_tokens_denoise	"[""layer"",""denoise_step"",""model_token"",""feature_dim""]"	[7,4,49,1536]	[0,2,4,8,10,12,15]	n15_grid_v5_scenario	grid_coord	meta	meta_json	8daefeabf020/worker1/OpenDrawer/left/s202/n1/base	202	2
8daefeabf020	worker1	OpenDrawer/left	2	2	base	activation	28193fd547aad320	28193fd547aad320d89c78b4d17042a9c94e91414647894a43c443ed0c4dddd5	lerobot_groot_n15	n15	lerobot_groot_n15__robocasa365_ckpt120000		0	Open the left drawer.	robocasa_panda_omron/OpenDrawer_PandaOmron_Env	100004	1300002	0	1			5		1	all_token_full	groot_n15_dit_block_residual_full_tokens_denoise	"[""layer"",""denoise_step"",""model_token"",""feature_dim""]"	[7,4,49,1536]	[0,2,4,8,10,12,15]	n15_grid_v5_scenario	grid_coord	meta	meta_json	8daefeabf020/worker1/OpenDrawer/left/s202/n2/base	202	2
8daefeabf020	worker1	OpenDrawer/left	2	3	base	activation	21e7a74d6270ca5f	21e7a74d6270ca5f4def24ff9a25da15051f840b1736b72851847912bf5b6fd7	lerobot_groot_n15	n15	lerobot_groot_n15__robocasa365_ckpt120000		0	Open the left drawer.	robocasa_panda_omron/OpenDrawer_PandaOmron_Env	100004	1300003	0	1			5		1	all_token_full	groot_n15_dit_block_residual_full_tokens_denoise	"[""layer"",""denoise_step"",""model_token"",""feature_dim""]"	[7,4,49,1536]	[0,2,4,8,10,12,15]	n15_grid_v5_scenario	grid_coord	meta	meta_json	8daefeabf020/worker1/OpenDrawer/left/s202/n3/base	202	2
8daefeabf020	worker1	OpenDrawer/left	2	4	base	activation	1a5dca756968ce56	1a5dca756968ce56ddc4ba93df6b3701da9e2dac47670b640747b1d04522451e	lerobot_groot_n15	n15	lerobot_groot_n15__robocasa365_ckpt120000		0	Open the left drawer.	robocasa_panda_omron/OpenDrawer_PandaOmron_Env	100004	1300004	0	1			5		1	all_token_full	groot_n15_dit_block_residual_full_tokens_denoise	"[""layer"",""denoise_step"",""model_token"",""feature_dim""]"	[7,4,49,1536]	[0,2,4,8,10,12,15]	n15_grid_v5_scenario	grid_coord	meta	meta_json	8daefeabf020/worker1/OpenDrawer/left/s202/n4/base	202	2
8daefeabf020	worker1	OpenDrawer/left	2	0	base	activation	08ae9ac5fa164f59	08ae9ac5fa164f591cbc8faa95377c59144227a8cc055125c561ee9d7cb307aa	lerobot_groot_n15	n15	lerobot_groot_n15__robocasa365_ckpt120000		0	Open the left drawer.	robocasa_panda_omron/OpenDrawer_PandaOmron_Env	100004	1300000	0	0			5		1	all_token_full	groot_n15_dit_block_residual_full_tokens_denoise	"[""layer"",""denoise_step"",""model_token"",""feature_dim""]"	[7,4,49,1536]	[0,2,4,8,10,12,15]	n15_grid_v5_scenario	grid_coord	meta	meta_json	8daefeabf020/worker1/OpenDrawer/left/s203/n0/base	203	3
8daefeabf020	worker1	OpenDrawer/left	2	1	base	activation	f793e517b049d696	f793e517b049d696218632c55510e8b11a3495cb5387ea6b45a6bbe1948005c6	lerobot_groot_n15	n15	lerobot_groot_n15__robocasa365_ckpt120000		0	Open the left drawer.	robocasa_panda_omron/OpenDrawer_PandaOmron_Env	100004	1300001	0	1			5		1	all_token_full	groot_n15_dit_block_residual_full_tokens_denoise	"[""layer"",""denoise_step"",""model_token"",""feature_dim""]"	[7,4,49,1536]	[0,2,4,8,10,12,15]	n15_grid_v5_scenario	grid_coord	meta	meta_json	8daefeabf020/worker1/OpenDrawer/left/s203/n1/base	203	3
8daefeabf020	worker1	OpenDrawer/left	2	2	base	activation	f6206ce4d51af518	f6206ce4d51af518432efb9f8e02a7e63fc2f3c34fc6902f9638fc6dcc803973	lerobot_groot_n15	n15	lerobot_groot_n15__robocasa365_ckpt120000		0	Open the left drawer.	robocasa_panda_omron/OpenDrawer_PandaOmron_Env	100004	1300002	0	1			5		1	all_token_full	groot_n15_dit_block_residual_full_tokens_denoise	"[""layer"",""denoise_step"",""model_token"",""feature_dim""]"	[7,4,49,1536]	[0,2,4,8,10,12,15]	n15_grid_v5_scenario	grid_coord	meta	meta_json	8daefeabf020/worker1/OpenDrawer/left/s203/n2/base	203	3
8daefeabf020	worker1	OpenDrawer/left	2	3	base	activation	09d7685f183255b6	09d7685f183255b6ff6dcaca2476ba97009712f06c361fb227bb9c7224a1e8db	lerobot_groot_n15	n15	lerobot_groot_n15__robocasa365_ckpt120000		0	Open the left drawer.	robocasa_panda_omron/OpenDrawer_PandaOmron_Env	100004	1300003	0	0			5		1	all_token_full	groot_n15_dit_block_residual_full_tokens_denoise	"[""layer"",""denoise_step"",""model_token"",""feature_dim""]"	[7,4,49,1536]	[0,2,4,8,10,12,15]	n15_grid_v5_scenario	grid_coord	meta	meta_json	8daefeabf020/worker1/OpenDrawer/left/s203/n3/base	203	3
8daefeabf020	worker1	OpenDrawer/left	2	4	base	activation	e2d683325fa493ed	e2d683325fa493ed7332ef44dd6841c20d79e10e35c1bad057473b9e5e06a7c9	lerobot_groot_n15	n15	lerobot_groot_n15__robocasa365_ckpt120000		0	Open the left drawer.	robocasa_panda_omron/OpenDrawer_PandaOmron_Env	100004	1300004	0	1			5		1	all_token_full	groot_n15_dit_block_residual_full_tokens_denoise	"[""layer"",""denoise_step"",""model_token"",""feature_dim""]"	[7,4,49,1536]	[0,2,4,8,10,12,15]	n15_grid_v5_scenario	grid_coord	meta	meta_json	8daefeabf020/worker1/OpenDrawer/left/s203/n4/base	203	3
8daefeabf020	worker1	OpenDrawer/left	2	0	base	activation	8f85f81007a9d69f	8f85f81007a9d69fef064cd34651f4438cfcb6987c7d4b1b13a0e14a6dec149e	lerobot_groot_n15	n15	lerobot_groot_n15__robocasa365_ckpt120000		0	Open the left drawer.	robocasa_panda_omron/OpenDrawer_PandaOmron_Env	100004	1300000	0	1			5		1	all_token_full	groot_n15_dit_block_residual_full_tokens_denoise	"[""layer"",""denoise_step"",""model_token"",""feature_dim""]"	[7,4,49,1536]	[0,2,4,8,10,12,15]	n15_grid_v5_scenario	grid_coord	meta	meta_json	8daefeabf020/worker1/OpenDrawer/left/s204/n0/base	204	4
8daefeabf020	worker1	OpenDrawer/left	2	1	base	activation	3eb87dc8372e972b	3eb87dc8372e972bc873f100e25576013ceceb8ee97d425793e59d6849527599	lerobot_groot_n15	n15	lerobot_groot_n15__robocasa365_ckpt120000		0	Open the left drawer.	robocasa_panda_omron/OpenDrawer_PandaOmron_Env	100004	1300001	0	1			5		1	all_token_full	groot_n15_dit_block_residual_full_tokens_denoise	"[""layer"",""denoise_step"",""model_token"",""feature_dim""]"	[7,4,49,1536]	[0,2,4,8,10,12,15]	n15_grid_v5_scenario	grid_coord	meta	meta_json	8daefeabf020/worker1/OpenDrawer/left/s204/n1/base	204	4
8daefeabf020	worker1	OpenDrawer/left	2	2	base	activation	20ec5d067f572323	20ec5d067f5723237ea29eada819e6ddd62b6cff3f61be8568287e632535551a	lerobot_groot_n15	n15	lerobot_groot_n15__robocasa365_ckpt120000		0	Open the left drawer.	robocasa_panda_omron/OpenDrawer_PandaOmron_Env	100004	1300002	0	1			5		1	all_token_full	groot_n15_dit_block_residual_full_tokens_denoise	"[""layer"",""denoise_step"",""model_token"",""feature_dim""]"	[7,4,49,1536]	[0,2,4,8,10,12,15]	n15_grid_v5_scenario	grid_coord	meta	meta_json	8daefeabf020/worker1/OpenDrawer/left/s204/n2/base	204	4
8daefeabf020	worker1	OpenDrawer/left	2	3	base	activation	22c824b150cf489b	22c824b150cf489b281f38b0c87a5b0bd1ce36d0644b736d9c357526725ae344	lerobot_groot_n15	n15	lerobot_groot_n15__robocasa365_ckpt120000		0	Open the left drawer.	robocasa_panda_omron/OpenDrawer_PandaOmron_Env	100004	1300003	0	1			5		1	all_token_full	groot_n15_dit_block_residual_full_tokens_denoise	"[""layer"",""denoise_step"",""model_token"",""feature_dim""]"	[7,4,49,1536]	[0,2,4,8,10,12,15]	n15_grid_v5_scenario	grid_coord	meta	meta_json	8daefeabf020/worker1/OpenDrawer/left/s204/n3/base	204	4
8daefeabf020	worker1	OpenDrawer/left	2	4	base	activation	e5c1c2c72f0bd4e8	e5c1c2c72f0bd4e8fc3a9176fb5ffa722fd949ce0f11025f1242d124a1e930d1	lerobot_groot_n15	n15	lerobot_groot_n15__robocasa365_ckpt120000		0	Open the left drawer.	robocasa_panda_omron/OpenDrawer_PandaOmron_Env	100004	1300004	0	1			5		1	all_token_full	groot_n15_dit_block_residual_full_tokens_denoise	"[""layer"",""denoise_step"",""model_token"",""feature_dim""]"	[7,4,49,1536]	[0,2,4,8,10,12,15]	n15_grid_v5_scenario	grid_coord	meta	meta_json	8daefeabf020/worker1/OpenDrawer/left/s204/n4/base	204	4
8daefeabf020	worker1	OpenDrawer/left	3	0	base	activation	ba2490ecbd861a01	ba2490ecbd861a01ef2c9fb07bb65d0c706ab54a290eb3dc033aef3088a6c51a	lerobot_groot_n15	n15	lerobot_groot_n15__robocasa365_ckpt120000		0	Open the left drawer.	robocasa_panda_omron/OpenDrawer_PandaOmron_Env	100007	1300000	0	0			5		1	all_token_full	groot_n15_dit_block_residual_full_tokens_denoise	"[""layer"",""denoise_step"",""model_token"",""feature_dim""]"	[7,4,49,1536]	[0,2,4,8,10,12,15]	n15_grid_v5_scenario	grid_coord	meta	meta_json	8daefeabf020/worker1/OpenDrawer/left/s301/n0/base	301	1
8daefeabf020	worker1	OpenDrawer/left	3	1	base	activation	f37b582667e54cbc	f37b582667e54cbc1f302acb14fdc8d5e243db18b66d35ad737e7e7150f16ee8	lerobot_groot_n15	n15	lerobot_groot_n15__robocasa365_ckpt120000		0	Open the left drawer.	robocasa_panda_omron/OpenDrawer_PandaOmron_Env	100007	1300001	0	0			5		1	all_token_full	groot_n15_dit_block_residual_full_tokens_denoise	"[""layer"",""denoise_step"",""model_token"",""feature_dim""]"	[7,4,49,1536]	[0,2,4,8,10,12,15]	n15_grid_v5_scenario	grid_coord	meta	meta_json	8daefeabf020/worker1/OpenDrawer/left/s301/n1/base	301	1
8daefeabf020	worker1	OpenDrawer/left	3	2	base	activation	2c4c6e6adc02ae85	2c4c6e6adc02ae8572538fc9754a00ac025aaa6b902ddaee3dcb9e1e920c8e31	lerobot_groot_n15	n15	lerobot_groot_n15__robocasa365_ckpt120000		0	Open the left drawer.	robocasa_panda_omron/OpenDrawer_PandaOmron_Env	100007	1300002	0	1			5		1	all_token_full	groot_n15_dit_block_residual_full_tokens_denoise	"[""layer"",""denoise_step"",""model_token"",""feature_dim""]"	[7,4,49,1536]	[0,2,4,8,10,12,15]	n15_grid_v5_scenario	grid_coord	meta	meta_json	8daefeabf020/worker1/OpenDrawer/left/s301/n2/base	301	1
8daefeabf020	worker1	OpenDrawer/left	3	3	base	activation	b0ee007217c01f3a	b0ee007217c01f3a30f935b0420fed96e36e18155b1afd6e2f4329e059119b73	lerobot_groot_n15	n15	lerobot_groot_n15__robocasa365_ckpt120000		0	Open the left drawer.	robocasa_panda_omron/OpenDrawer_PandaOmron_Env	100007	1300003	0	0			5		1	all_token_full	groot_n15_dit_block_residual_full_tokens_denoise	"[""layer"",""denoise_step"",""model_token"",""feature_dim""]"	[7,4,49,1536]	[0,2,4,8,10,12,15]	n15_grid_v5_scenario	grid_coord	meta	meta_json	8daefeabf020/worker1/OpenDrawer/left/s301/n3/base	301	1
8daefeabf020	worker1	OpenDrawer/left	3	4	base	activation	b50757ae59b5f1d6	b50757ae59b5f1d641573dd9db19cba17890f732efe905c033e3ef235e954b7b	lerobot_groot_n15	n15	lerobot_groot_n15__robocasa365_ckpt120000		0	Open the left drawer.	robocasa_panda_omron/OpenDrawer_PandaOmron_Env	100007	1300004	0	1			5		1	all_token_full	groot_n15_dit_block_residual_full_tokens_denoise	"[""layer"",""denoise_step"",""model_token"",""feature_dim""]"	[7,4,49,1536]	[0,2,4,8,10,12,15]	n15_grid_v5_scenario	grid_coord	meta	meta_json	8daefeabf020/worker1/OpenDrawer/left/s301/n4/base	301	1
8daefeabf020	worker1	OpenDrawer/left	3	0	base	activation	6556c80e4a087fd8	6556c80e4a087fd883d255ba6518373dbf6e09315632af8190404fcf64db795c	lerobot_groot_n15	n15	lerobot_groot_n15__robocasa365_ckpt120000		0	Open the left drawer.	robocasa_panda_omron/OpenDrawer_PandaOmron_Env	100007	1300000	0	0			5		1	all_token_full	groot_n15_dit_block_residual_full_tokens_denoise	"[""layer"",""denoise_step"",""model_token"",""feature_dim""]"	[7,4,49,1536]	[0,2,4,8,10,12,15]	n15_grid_v5_scenario	grid_coord	meta	meta_json	8daefeabf020/worker1/OpenDrawer/left/s303/n0/base	303	3
8daefeabf020	worker1	OpenDrawer/left	3	1	base	activation	2e01530ba255c482	2e01530ba255c4827465aea876f8b700d728f3b055d79de3a9836cc447314cca	lerobot_groot_n15	n15	lerobot_groot_n15__robocasa365_ckpt120000		0	Open the left drawer.	robocasa_panda_omron/OpenDrawer_PandaOmron_Env	100007	1300001	0	1			5		1	all_token_full	groot_n15_dit_block_residual_full_tokens_denoise	"[""layer"",""denoise_step"",""model_token"",""feature_dim""]"	[7,4,49,1536]	[0,2,4,8,10,12,15]	n15_grid_v5_scenario	grid_coord	meta	meta_json	8daefeabf020/worker1/OpenDrawer/left/s303/n1/base	303	3
8daefeabf020	worker1	OpenDrawer/left	3	2	base	activation	0dd98c7c2a6dfdea	0dd98c7c2a6dfdea983eb2e52906a41f98b955353862fceced7bcd78d9ec579e	lerobot_groot_n15	n15	lerobot_groot_n15__robocasa365_ckpt120000		0	Open the left drawer.	robocasa_panda_omron/OpenDrawer_PandaOmron_Env	100007	1300002	0	1			5		1	all_token_full	groot_n15_dit_block_residual_full_tokens_denoise	"[""layer"",""denoise_step"",""model_token"",""feature_dim""]"	[7,4,49,1536]	[0,2,4,8,10,12,15]	n15_grid_v5_scenario	grid_coord	meta	meta_json	8daefeabf020/worker1/OpenDrawer/left/s303/n2/base	303	3
8daefeabf020	worker1	OpenDrawer/left	3	3	base	activation	7a602ce4778e1363	7a602ce4778e1363a644261f742f3746a3265dee39c0e954f65479fde9e79a77	lerobot_groot_n15	n15	lerobot_groot_n15__robocasa365_ckpt120000		0	Open the left drawer.	robocasa_panda_omron/OpenDrawer_PandaOmron_Env	100007	1300003	0	1			5		1	all_token_full	groot_n15_dit_block_residual_full_tokens_denoise	"[""layer"",""denoise_step"",""model_token"",""feature_dim""]"	[7,4,49,1536]	[0,2,4,8,10,12,15]	n15_grid_v5_scenario	grid_coord	meta	meta_json	8daefeabf020/worker1/OpenDrawer/left/s303/n3/base	303	3
8daefeabf020	worker1	OpenDrawer/left	3	4	base	activation	89b2bce97d3b6dea	89b2bce97d3b6dea872e3fddee00f9e3b7e6a2f8005a2b055d3b6dca2728d636	lerobot_groot_n15	n15	lerobot_groot_n15__robocasa365_ckpt120000		0	Open the left drawer.	robocasa_panda_omron/OpenDrawer_PandaOmron_Env	100007	1300004	0	1			5		1	all_token_full	groot_n15_dit_block_residual_full_tokens_denoise	"[""layer"",""denoise_step"",""model_token"",""feature_dim""]"	[7,4,49,1536]	[0,2,4,8,10,12,15]	n15_grid_v5_scenario	grid_coord	meta	meta_json	8daefeabf020/worker1/OpenDrawer/left/s303/n4/base	303	3
8daefeabf020	worker1	OpenDrawer/left	3	0	base	activation	7720b4ee0dedaa65	7720b4ee0dedaa653f7793c74df199f4bfd20cc3a7e2390436cb125ec90c9947	lerobot_groot_n15	n15	lerobot_groot_n15__robocasa365_ckpt120000		0	Open the left drawer.	robocasa_panda_omron/OpenDrawer_PandaOmron_Env	100007	1300000	0	0			5		1	all_token_full	groot_n15_dit_block_residual_full_tokens_denoise	"[""layer"",""denoise_step"",""model_token"",""feature_dim""]"	[7,4,49,1536]	[0,2,4,8,10,12,15]	n15_grid_v5_scenario	grid_coord	meta	meta_json	8daefeabf020/worker1/OpenDrawer/left/s306/n0/base	306	6
8daefeabf020	worker1	OpenDrawer/left	3	1	base	activation	77f095775161ad32	77f095775161ad3283a14a2fa74c74374ed26ea1395772c1e9d585fbc54d41bc	lerobot_groot_n15	n15	lerobot_groot_n15__robocasa365_ckpt120000		0	Open the left drawer.	robocasa_panda_omron/OpenDrawer_PandaOmron_Env	100007	1300001	0	0			5		1	all_token_full	groot_n15_dit_block_residual_full_tokens_denoise	"[""layer"",""denoise_step"",""model_token"",""feature_dim""]"	[7,4,49,1536]	[0,2,4,8,10,12,15]	n15_grid_v5_scenario	grid_coord	meta	meta_json	8daefeabf020/worker1/OpenDrawer/left/s306/n1/base	306	6
8daefeabf020	worker1	OpenDrawer/left	3	2	base	activation	117b8bc3d78bccd2	117b8bc3d78bccd218f28728ac0c86d7a4d8fb3b4d94c2178ecfa8899a20cdb8	lerobot_groot_n15	n15	lerobot_groot_n15__robocasa365_ckpt120000		0	Open the left drawer.	robocasa_panda_omron/OpenDrawer_PandaOmron_Env	100007	1300002	0	0			5		1	all_token_full	groot_n15_dit_block_residual_full_tokens_denoise	"[""layer"",""denoise_step"",""model_token"",""feature_dim""]"	[7,4,49,1536]	[0,2,4,8,10,12,15]	n15_grid_v5_scenario	grid_coord	meta	meta_json	8daefeabf020/worker1/OpenDrawer/left/s306/n2/base	306	6
8daefeabf020	worker1	OpenDrawer/left	3	3	base	activation	f4e91cbae76715ba	f4e91cbae76715bae8454c29531ae394a9f3780a18d9f1eb117b06245b8d91fc	lerobot_groot_n15	n15	lerobot_groot_n15__robocasa365_ckpt120000		0	Open the left drawer.	robocasa_panda_omron/OpenDrawer_PandaOmron_Env	100007	1300003	0	0			5		1	all_token_full	groot_n15_dit_block_residual_full_tokens_denoise	"[""layer"",""denoise_step"",""model_token"",""feature_dim""]"	[7,4,49,1536]	[0,2,4,8,10,12,15]	n15_grid_v5_scenario	grid_coord	meta	meta_json	8daefeabf020/worker1/OpenDrawer/left/s306/n3/base	306	6
8daefeabf020	worker1	OpenDrawer/left	3	4	base	activation	31887c8d47b17670	31887c8d47b176703f106161d8204e6466a526d0d46f43c241933aa29ab367d6	lerobot_groot_n15	n15	lerobot_groot_n15__robocasa365_ckpt120000		0	Open the left drawer.	robocasa_panda_omron/OpenDrawer_PandaOmron_Env	100007	1300004	0	0			5		1	all_token_full	groot_n15_dit_block_residual_full_tokens_denoise	"[""layer"",""denoise_step"",""model_token"",""feature_dim""]"	[7,4,49,1536]	[0,2,4,8,10,12,15]	n15_grid_v5_scenario	grid_coord	meta	meta_json	8daefeabf020/worker1/OpenDrawer/left/s306/n4/base	306	6
8daefeabf020	worker1	OpenDrawer/left	3	0	base	activation	c38e940807009b2a	c38e940807009b2abaa9b15f70e832213cc9264efd9ab6447b852de745fa72c8	lerobot_groot_n15	n15	lerobot_groot_n15__robocasa365_ckpt120000		0	Open the left drawer.	robocasa_panda_omron/OpenDrawer_PandaOmron_Env	100007	1300000	0	0			5		1	all_token_full	groot_n15_dit_block_residual_full_tokens_denoise	"[""layer"",""denoise_step"",""model_token"",""feature_dim""]"	[7,4,49,1536]	[0,2,4,8,10,12,15]	n15_grid_v5_scenario	grid_coord	meta	meta_json	8daefeabf020/worker1/OpenDrawer/left/s307/n0/base	307	7
8daefeabf020	worker1	OpenDrawer/left	3	1	base	activation	4c7e0ec6bce9fc8d	4c7e0ec6bce9fc8dc9223df7d747a946989557b3783c22e89af49f594085f16b	lerobot_groot_n15	n15	lerobot_groot_n15__robocasa365_ckpt120000		0	Open the left drawer.	robocasa_panda_omron/OpenDrawer_PandaOmron_Env	100007	1300001	0	1			5		1	all_token_full	groot_n15_dit_block_residual_full_tokens_denoise	"[""layer"",""denoise_step"",""model_token"",""feature_dim""]"	[7,4,49,1536]	[0,2,4,8,10,12,15]	n15_grid_v5_scenario	grid_coord	meta	meta_json	8daefeabf020/worker1/OpenDrawer/left/s307/n1/base	307	7
8daefeabf020	worker1	OpenDrawer/left	3	2	base	activation	c4ad9b8f3502a037	c4ad9b8f3502a03755b2e6893faa7c264990993fcf8dccaf79ba221b94c4a316	lerobot_groot_n15	n15	lerobot_groot_n15__robocasa365_ckpt120000		0	Open the left drawer.	robocasa_panda_omron/OpenDrawer_PandaOmron_Env	100007	1300002	0	1			5		1	all_token_full	groot_n15_dit_block_residual_full_tokens_denoise	"[""layer"",""denoise_step"",""model_token"",""feature_dim""]"	[7,4,49,1536]	[0,2,4,8,10,12,15]	n15_grid_v5_scenario	grid_coord	meta	meta_json	8daefeabf020/worker1/OpenDrawer/left/s307/n2/base	307	7
8daefeabf020	worker1	OpenDrawer/left	3	3	base	activation	dc996c40a6abdbdb	dc996c40a6abdbdb67989f314b4c1fc536fc22c0f4e4d872ea8fb8d9a8b5132f	lerobot_groot_n15	n15	lerobot_groot_n15__robocasa365_ckpt120000		0	Open the left drawer.	robocasa_panda_omron/OpenDrawer_PandaOmron_Env	100007	1300003	0	0			5		1	all_token_full	groot_n15_dit_block_residual_full_tokens_denoise	"[""layer"",""denoise_step"",""model_token"",""feature_dim""]"	[7,4,49,1536]	[0,2,4,8,10,12,15]	n15_grid_v5_scenario	grid_coord	meta	meta_json	8daefeabf020/worker1/OpenDrawer/left/s307/n3/base	307	7
8daefeabf020	worker1	OpenDrawer/left	3	4	base	activation	add08afd729fe82d	add08afd729fe82d7cfd129baa7ba8d5680d33b63d4f0bf0c91a0f4d99d16bfd	lerobot_groot_n15	n15	lerobot_groot_n15__robocasa365_ckpt120000		0	Open the left drawer.	robocasa_panda_omron/OpenDrawer_PandaOmron_Env	100007	1300004	0	1			5		1	all_token_full	groot_n15_dit_block_residual_full_tokens_denoise	"[""layer"",""denoise_step"",""model_token"",""feature_dim""]"	[7,4,49,1536]	[0,2,4,8,10,12,15]	n15_grid_v5_scenario	grid_coord	meta	meta_json	8daefeabf020/worker1/OpenDrawer/left/s307/n4/base	307	7
8daefeabf020	worker1	OpenDrawer/left	3	0	base	activation	a46ceaf553021f62	a46ceaf553021f62c967227bba999442665758c57dd1433c84a107426d00b070	lerobot_groot_n15	n15	lerobot_groot_n15__robocasa365_ckpt120000		0	Open the left drawer.	robocasa_panda_omron/OpenDrawer_PandaOmron_Env	100007	1300000	0	1			5		1	all_token_full	groot_n15_dit_block_residual_full_tokens_denoise	"[""layer"",""denoise_step"",""model_token"",""feature_dim""]"	[7,4,49,1536]	[0,2,4,8,10,12,15]	n15_grid_v5_scenario	grid_coord	meta	meta_json	8daefeabf020/worker1/OpenDrawer/left/s309/n0/base	309	9
8daefeabf020	worker1	OpenDrawer/left	3	1	base	activation	bc28da3a3da36767	bc28da3a3da36767f6cc2ff2532bafd9dce34d8193f5af27c309ee8625e9d541	lerobot_groot_n15	n15	lerobot_groot_n15__robocasa365_ckpt120000		0	Open the left drawer.	robocasa_panda_omron/OpenDrawer_PandaOmron_Env	100007	1300001	0	1			5		1	all_token_full	groot_n15_dit_block_residual_full_tokens_denoise	"[""layer"",""denoise_step"",""model_token"",""feature_dim""]"	[7,4,49,1536]	[0,2,4,8,10,12,15]	n15_grid_v5_scenario	grid_coord	meta	meta_json	8daefeabf020/worker1/OpenDrawer/left/s309/n1/base	309	9
8daefeabf020	worker1	OpenDrawer/left	3	2	base	activation	49c3ae1aa63dd364	49c3ae1aa63dd36488c2770ea29e16dc06a338056d7e64ae1c32c32e092ee103	lerobot_groot_n15	n15	lerobot_groot_n15__robocasa365_ckpt120000		0	Open the left drawer.	robocasa_panda_omron/OpenDrawer_PandaOmron_Env	100007	1300002	0	1			5		1	all_token_full	groot_n15_dit_block_residual_full_tokens_denoise	"[""layer"",""denoise_step"",""model_token"",""feature_dim""]"	[7,4,49,1536]	[0,2,4,8,10,12,15]	n15_grid_v5_scenario	grid_coord	meta	meta_json	8daefeabf020/worker1/OpenDrawer/left/s309/n2/base	309	9
8daefeabf020	worker1	OpenDrawer/left	3	3	base	activation	30b56895346ba443	30b56895346ba44351d688168b72487b31ff76f79430ef5c08ceada15a37398d	lerobot_groot_n15	n15	lerobot_groot_n15__robocasa365_ckpt120000		0	Open the left drawer.	robocasa_panda_omron/OpenDrawer_PandaOmron_Env	100007	1300003	0	0			5		1	all_token_full	groot_n15_dit_block_residual_full_tokens_denoise	"[""layer"",""denoise_step"",""model_token"",""feature_dim""]"	[7,4,49,1536]	[0,2,4,8,10,12,15]	n15_grid_v5_scenario	grid_coord	meta	meta_json	8daefeabf020/worker1/OpenDrawer/left/s309/n3/base	309	9
8daefeabf020	worker1	OpenDrawer/left	3	4	base	activation	1edeedc57980acdc	1edeedc57980acdc14d3638df747d268177393963011a1806be8340c9b7ab8ff	lerobot_groot_n15	n15	lerobot_groot_n15__robocasa365_ckpt120000		0	Open the left drawer.	robocasa_panda_omron/OpenDrawer_PandaOmron_Env	100007	1300004	0	1			5		1	all_token_full	groot_n15_dit_block_residual_full_tokens_denoise	"[""layer"",""denoise_step"",""model_token"",""feature_dim""]"	[7,4,49,1536]	[0,2,4,8,10,12,15]	n15_grid_v5_scenario	grid_coord	meta	meta_json	8daefeabf020/worker1/OpenDrawer/left/s309/n4/base	309	9
8daefeabf020	worker1	OpenDrawer/left	0	0	base	activation	7bfcbc78fdd71f52	7bfcbc78fdd71f525dda806c92e087b56ec77a14390a1bcea83a9f16337a0aef	lerobot_groot_n15	n15	lerobot_groot_n15__robocasa365_ckpt120000		0	Open the left drawer.	robocasa_panda_omron/OpenDrawer_PandaOmron_Env	100001	1300000	0	0			5		1	all_token_full	groot_n15_dit_block_residual_full_tokens_denoise	"[""layer"",""denoise_step"",""model_token"",""feature_dim""]"	[7,4,49,1536]	[0,2,4,8,10,12,15]	n15_grid_v5_scenario	grid_coord	meta	meta_json	8daefeabf020/worker1/OpenDrawer/left/s4/n0/base	4	4
8daefeabf020	worker1	OpenDrawer/left	0	1	base	activation	e27d46baef6ab742	e27d46baef6ab742b5136bbb0db89aa9b3be0d266153373d76869b2f8687cfa4	lerobot_groot_n15	n15	lerobot_groot_n15__robocasa365_ckpt120000		0	Open the left drawer.	robocasa_panda_omron/OpenDrawer_PandaOmron_Env	100001	1300001	0	0			5		1	all_token_full	groot_n15_dit_block_residual_full_tokens_denoise	"[""layer"",""denoise_step"",""model_token"",""feature_dim""]"	[7,4,49,1536]	[0,2,4,8,10,12,15]	n15_grid_v5_scenario	grid_coord	meta	meta_json	8daefeabf020/worker1/OpenDrawer/left/s4/n1/base	4	4
8daefeabf020	worker1	OpenDrawer/left	0	2	base	activation	a233c73606ebef66	a233c73606ebef667f44b366c55be463d7037292e49c29187dadf49fce6cc466	lerobot_groot_n15	n15	lerobot_groot_n15__robocasa365_ckpt120000		0	Open the left drawer.	robocasa_panda_omron/OpenDrawer_PandaOmron_Env	100001	1300002	0	0			5		1	all_token_full	groot_n15_dit_block_residual_full_tokens_denoise	"[""layer"",""denoise_step"",""model_token"",""feature_dim""]"	[7,4,49,1536]	[0,2,4,8,10,12,15]	n15_grid_v5_scenario	grid_coord	meta	meta_json	8daefeabf020/worker1/OpenDrawer/left/s4/n2/base	4	4
8daefeabf020	worker1	OpenDrawer/left	0	3	base	activation	a5ee83529dbcf549	a5ee83529dbcf549d7d759eac2feedb4fb8418c2cf5ae38e4d4cf1d2fbe65b57	lerobot_groot_n15	n15	lerobot_groot_n15__robocasa365_ckpt120000		0	Open the left drawer.	robocasa_panda_omron/OpenDrawer_PandaOmron_Env	100001	1300003	0	1			5		1	all_token_full	groot_n15_dit_block_residual_full_tokens_denoise	"[""layer"",""denoise_step"",""model_token"",""feature_dim""]"	[7,4,49,1536]	[0,2,4,8,10,12,15]	n15_grid_v5_scenario	grid_coord	meta	meta_json	8daefeabf020/worker1/OpenDrawer/left/s4/n3/base	4	4
8daefeabf020	worker1	OpenDrawer/left	0	4	base	activation	37a4a4a7ed9a6c3d	37a4a4a7ed9a6c3d1298ebbe9d8f5c5f7a89b2b0dfc6129b3368f277803f2498	lerobot_groot_n15	n15	lerobot_groot_n15__robocasa365_ckpt120000		0	Open the left drawer.	robocasa_panda_omron/OpenDrawer_PandaOmron_Env	100001	1300004	0	1			5		1	all_token_full	groot_n15_dit_block_residual_full_tokens_denoise	"[""layer"",""denoise_step"",""model_token"",""feature_dim""]"	[7,4,49,1536]	[0,2,4,8,10,12,15]	n15_grid_v5_scenario	grid_coord	meta	meta_json	8daefeabf020/worker1/OpenDrawer/left/s4/n4/base	4	4
8daefeabf020	worker1	OpenDrawer/left	4	0	base	activation	87a0cf8c9cfd0cf6	87a0cf8c9cfd0cf6ad3b290eef04b99da220963ef752c1edf499c1461f37e2cf	lerobot_groot_n15	n15	lerobot_groot_n15__robocasa365_ckpt120000		0	Open the left drawer.	robocasa_panda_omron/OpenDrawer_PandaOmron_Env	100008	1300000	0	1			5		1	all_token_full	groot_n15_dit_block_residual_full_tokens_denoise	"[""layer"",""denoise_step"",""model_token"",""feature_dim""]"	[7,4,49,1536]	[0,2,4,8,10,12,15]	n15_grid_v5_scenario	grid_coord	meta	meta_json	8daefeabf020/worker1/OpenDrawer/left/s402/n0/base	402	2
8daefeabf020	worker1	OpenDrawer/left	4	1	base	activation	f3456827e6bfeac5	f3456827e6bfeac53bcbb70ec7efd3389cd6c92f67324125be5d23b029fce237	lerobot_groot_n15	n15	lerobot_groot_n15__robocasa365_ckpt120000		0	Open the left drawer.	robocasa_panda_omron/OpenDrawer_PandaOmron_Env	100008	1300001	0	0			5		1	all_token_full	groot_n15_dit_block_residual_full_tokens_denoise	"[""layer"",""denoise_step"",""model_token"",""feature_dim""]"	[7,4,49,1536]	[0,2,4,8,10,12,15]	n15_grid_v5_scenario	grid_coord	meta	meta_json	8daefeabf020/worker1/OpenDrawer/left/s402/n1/base	402	2
8daefeabf020	worker1	OpenDrawer/left	4	2	base	activation	7a927b26ada1e09a	7a927b26ada1e09a6ae28c843a0c1e1e097fa503ec1903cb99887e9925276523	lerobot_groot_n15	n15	lerobot_groot_n15__robocasa365_ckpt120000		0	Open the left drawer.	robocasa_panda_omron/OpenDrawer_PandaOmron_Env	100008	1300002	0	1			5		1	all_token_full	groot_n15_dit_block_residual_full_tokens_denoise	"[""layer"",""denoise_step"",""model_token"",""feature_dim""]"	[7,4,49,1536]	[0,2,4,8,10,12,15]	n15_grid_v5_scenario	grid_coord	meta	meta_json	8daefeabf020/worker1/OpenDrawer/left/s402/n2/base	402	2
8daefeabf020	worker1	OpenDrawer/left	4	3	base	activation	bbfb1635c73d5fcb	bbfb1635c73d5fcbfb3f46fbad9d1710f30e255bbdeb27c1f8b95a45bd0c8888	lerobot_groot_n15	n15	lerobot_groot_n15__robocasa365_ckpt120000		0	Open the left drawer.	robocasa_panda_omron/OpenDrawer_PandaOmron_Env	100008	1300003	0	1			5		1	all_token_full	groot_n15_dit_block_residual_full_tokens_denoise	"[""layer"",""denoise_step"",""model_token"",""feature_dim""]"	[7,4,49,1536]	[0,2,4,8,10,12,15]	n15_grid_v5_scenario	grid_coord	meta	meta_json	8daefeabf020/worker1/OpenDrawer/left/s402/n3/base	402	2
8daefeabf020	worker1	OpenDrawer/left	4	4	base	activation	bdf0408fa5afca3a	bdf0408fa5afca3a933d4d389113acb68945a272f7f1f54cf80591afb73e24aa	lerobot_groot_n15	n15	lerobot_groot_n15__robocasa365_ckpt120000		0	Open the left drawer.	robocasa_panda_omron/OpenDrawer_PandaOmron_Env	100008	1300004	0	0			5		1	all_token_full	groot_n15_dit_block_residual_full_tokens_denoise	"[""layer"",""denoise_step"",""model_token"",""feature_dim""]"	[7,4,49,1536]	[0,2,4,8,10,12,15]	n15_grid_v5_scenario	grid_coord	meta	meta_json	8daefeabf020/worker1/OpenDrawer/left/s402/n4/base	402	2
8daefeabf020	worker1	OpenDrawer/left	4	0	base	activation	c64fc02798d1459c	c64fc02798d1459cff7f3753b268e47e1468fb624e1ea442fd9243739914bedd	lerobot_groot_n15	n15	lerobot_groot_n15__robocasa365_ckpt120000		0	Open the left drawer.	robocasa_panda_omron/OpenDrawer_PandaOmron_Env	100008	1300000	0	1			5		1	all_token_full	groot_n15_dit_block_residual_full_tokens_denoise	"[""layer"",""denoise_step"",""model_token"",""feature_dim""]"	[7,4,49,1536]	[0,2,4,8,10,12,15]	n15_grid_v5_scenario	grid_coord	meta	meta_json	8daefeabf020/worker1/OpenDrawer/left/s404/n0/base	404	4
8daefeabf020	worker1	OpenDrawer/left	4	1	base	activation	ce10c7c52f9e015f	ce10c7c52f9e015f9ca66af131cb999fea375a511d9709d5ba70643a8c5781ea	lerobot_groot_n15	n15	lerobot_groot_n15__robocasa365_ckpt120000		0	Open the left drawer.	robocasa_panda_omron/OpenDrawer_PandaOmron_Env	100008	1300001	0	1			5		1	all_token_full	groot_n15_dit_block_residual_full_tokens_denoise	"[""layer"",""denoise_step"",""model_token"",""feature_dim""]"	[7,4,49,1536]	[0,2,4,8,10,12,15]	n15_grid_v5_scenario	grid_coord	meta	meta_json	8daefeabf020/worker1/OpenDrawer/left/s404/n1/base	404	4
8daefeabf020	worker1	OpenDrawer/left	4	2	base	activation	54b48754be5c3173	54b48754be5c3173d56a5c7aa8d3be717159c26b55b8b1646a0b84a062bc90e5	lerobot_groot_n15	n15	lerobot_groot_n15__robocasa365_ckpt120000		0	Open the left drawer.	robocasa_panda_omron/OpenDrawer_PandaOmron_Env	100008	1300002	0	0			5		1	all_token_full	groot_n15_dit_block_residual_full_tokens_denoise	"[""layer"",""denoise_step"",""model_token"",""feature_dim""]"	[7,4,49,1536]	[0,2,4,8,10,12,15]	n15_grid_v5_scenario	grid_coord	meta	meta_json	8daefeabf020/worker1/OpenDrawer/left/s404/n2/base	404	4
8daefeabf020	worker1	OpenDrawer/left	4	3	base	activation	5c1693cd46590a3e	5c1693cd46590a3e91e8f38b6f497f099fadaded2f79b1bf657aaedf8e31e698	lerobot_groot_n15	n15	lerobot_groot_n15__robocasa365_ckpt120000		0	Open the left drawer.	robocasa_panda_omron/OpenDrawer_PandaOmron_Env	100008	1300003	0	1			5		1	all_token_full	groot_n15_dit_block_residual_full_tokens_denoise	"[""layer"",""denoise_step"",""model_token"",""feature_dim""]"	[7,4,49,1536]	[0,2,4,8,10,12,15]	n15_grid_v5_scenario	grid_coord	meta	meta_json	8daefeabf020/worker1/OpenDrawer/left/s404/n3/base	404	4
8daefeabf020	worker1	OpenDrawer/left	4	4	base	activation	33f3ec2b8be14a6d	33f3ec2b8be14a6d2f54cdeed61ce419ce17164978b0d1ff5c5b7ab6ba3616c1	lerobot_groot_n15	n15	lerobot_groot_n15__robocasa365_ckpt120000		0	Open the left drawer.	robocasa_panda_omron/OpenDrawer_PandaOmron_Env	100008	1300004	0	1			5		1	all_token_full	groot_n15_dit_block_residual_full_tokens_denoise	"[""layer"",""denoise_step"",""model_token"",""feature_dim""]"	[7,4,49,1536]	[0,2,4,8,10,12,15]	n15_grid_v5_scenario	grid_coord	meta	meta_json	8daefeabf020/worker1/OpenDrawer/left/s404/n4/base	404	4
8daefeabf020	worker1	OpenDrawer/left	4	0	base	activation	774d28423fca88c3	774d28423fca88c3c26a7d384ae842f5366e6498a58f95451fbc9398c72658a8	lerobot_groot_n15	n15	lerobot_groot_n15__robocasa365_ckpt120000		0	Open the left drawer.	robocasa_panda_omron/OpenDrawer_PandaOmron_Env	100008	1300000	0	0			5		1	all_token_full	groot_n15_dit_block_residual_full_tokens_denoise	"[""layer"",""denoise_step"",""model_token"",""feature_dim""]"	[7,4,49,1536]	[0,2,4,8,10,12,15]	n15_grid_v5_scenario	grid_coord	meta	meta_json	8daefeabf020/worker1/OpenDrawer/left/s406/n0/base	406	6
8daefeabf020	worker1	OpenDrawer/left	4	1	base	activation	dfff85b029a160e3	dfff85b029a160e30cc2eb3834b520ffa617446e1bf6901dc7d83ad5d86f5598	lerobot_groot_n15	n15	lerobot_groot_n15__robocasa365_ckpt120000		0	Open the left drawer.	robocasa_panda_omron/OpenDrawer_PandaOmron_Env	100008	1300001	0	0			5		1	all_token_full	groot_n15_dit_block_residual_full_tokens_denoise	"[""layer"",""denoise_step"",""model_token"",""feature_dim""]"	[7,4,49,1536]	[0,2,4,8,10,12,15]	n15_grid_v5_scenario	grid_coord	meta	meta_json	8daefeabf020/worker1/OpenDrawer/left/s406/n1/base	406	6
8daefeabf020	worker1	OpenDrawer/left	4	2	base	activation	759da24744851870	759da2474485187029f8f46525316d20079edbff1f932e699f73a2cb4b56a48d	lerobot_groot_n15	n15	lerobot_groot_n15__robocasa365_ckpt120000		0	Open the left drawer.	robocasa_panda_omron/OpenDrawer_PandaOmron_Env	100008	1300002	0	0			5		1	all_token_full	groot_n15_dit_block_residual_full_tokens_denoise	"[""layer"",""denoise_step"",""model_token"",""feature_dim""]"	[7,4,49,1536]	[0,2,4,8,10,12,15]	n15_grid_v5_scenario	grid_coord	meta	meta_json	8daefeabf020/worker1/OpenDrawer/left/s406/n2/base	406	6
8daefeabf020	worker1	OpenDrawer/left	4	3	base	activation	f723b059835828af	f723b059835828af838a2cc247ee400fbdff82f7461a6b38ecfd21ade82b35f7	lerobot_groot_n15	n15	lerobot_groot_n15__robocasa365_ckpt120000		0	Open the left drawer.	robocasa_panda_omron/OpenDrawer_PandaOmron_Env	100008	1300003	0	0			5		1	all_token_full	groot_n15_dit_block_residual_full_tokens_denoise	"[""layer"",""denoise_step"",""model_token"",""feature_dim""]"	[7,4,49,1536]	[0,2,4,8,10,12,15]	n15_grid_v5_scenario	grid_coord	meta	meta_json	8daefeabf020/worker1/OpenDrawer/left/s406/n3/base	406	6
8daefeabf020	worker1	OpenDrawer/left	4	4	base	activation	c51a7a3dfea56519	c51a7a3dfea56519c29e0f075c13cb43c18bc8a1a051e2d794f6d242dbb9142c	lerobot_groot_n15	n15	lerobot_groot_n15__robocasa365_ckpt120000		0	Open the left drawer.	robocasa_panda_omron/OpenDrawer_PandaOmron_Env	100008	1300004	0	0			5		1	all_token_full	groot_n15_dit_block_residual_full_tokens_denoise	"[""layer"",""denoise_step"",""model_token"",""feature_dim""]"	[7,4,49,1536]	[0,2,4,8,10,12,15]	n15_grid_v5_scenario	grid_coord	meta	meta_json	8daefeabf020/worker1/OpenDrawer/left/s406/n4/base	406	6
8daefeabf020	worker1	OpenDrawer/left	4	0	base	activation	c497e24c26faaf7f	c497e24c26faaf7f87453c76d13b7bc13cc939b6f16aa25a79b97af63fa3e74e	lerobot_groot_n15	n15	lerobot_groot_n15__robocasa365_ckpt120000		0	Open the left drawer.	robocasa_panda_omron/OpenDrawer_PandaOmron_Env	100008	1300000	0	0			5		1	all_token_full	groot_n15_dit_block_residual_full_tokens_denoise	"[""layer"",""denoise_step"",""model_token"",""feature_dim""]"	[7,4,49,1536]	[0,2,4,8,10,12,15]	n15_grid_v5_scenario	grid_coord	meta	meta_json	8daefeabf020/worker1/OpenDrawer/left/s409/n0/base	409	9
8daefeabf020	worker1	OpenDrawer/left	4	1	base	activation	a8bfa39fca22eac7	a8bfa39fca22eac788aa0c3d4936de36a98aa90e7b5900dc29439adc8e0b75b6	lerobot_groot_n15	n15	lerobot_groot_n15__robocasa365_ckpt120000		0	Open the left drawer.	robocasa_panda_omron/OpenDrawer_PandaOmron_Env	100008	1300001	0	0			5		1	all_token_full	groot_n15_dit_block_residual_full_tokens_denoise	"[""layer"",""denoise_step"",""model_token"",""feature_dim""]"	[7,4,49,1536]	[0,2,4,8,10,12,15]	n15_grid_v5_scenario	grid_coord	meta	meta_json	8daefeabf020/worker1/OpenDrawer/left/s409/n1/base	409	9
8daefeabf020	worker1	OpenDrawer/left	4	2	base	activation	10b6a985391236e6	10b6a985391236e62b3fd15a281448b3646679387368728320c1e0d1f6ec2ba3	lerobot_groot_n15	n15	lerobot_groot_n15__robocasa365_ckpt120000		0	Open the left drawer.	robocasa_panda_omron/OpenDrawer_PandaOmron_Env	100008	1300002	0	0			5		1	all_token_full	groot_n15_dit_block_residual_full_tokens_denoise	"[""layer"",""denoise_step"",""model_token"",""feature_dim""]"	[7,4,49,1536]	[0,2,4,8,10,12,15]	n15_grid_v5_scenario	grid_coord	meta	meta_json	8daefeabf020/worker1/OpenDrawer/left/s409/n2/base	409	9
8daefeabf020	worker1	OpenDrawer/left	4	3	base	activation	4ca3a4ebc6168019	4ca3a4ebc61680199d3010c3e7d0473bc5878a651d8e16d378d2e7ce68b101f1	lerobot_groot_n15	n15	lerobot_groot_n15__robocasa365_ckpt120000		0	Open the left drawer.	robocasa_panda_omron/OpenDrawer_PandaOmron_Env	100008	1300003	0	0			5		1	all_token_full	groot_n15_dit_block_residual_full_tokens_denoise	"[""layer"",""denoise_step"",""model_token"",""feature_dim""]"	[7,4,49,1536]	[0,2,4,8,10,12,15]	n15_grid_v5_scenario	grid_coord	meta	meta_json	8daefeabf020/worker1/OpenDrawer/left/s409/n3/base	409	9
8daefeabf020	worker1	OpenDrawer/left	4	4	base	activation	73f3132d6e14695d	73f3132d6e14695df047b7c2631827b0e53e7ca0a76494df6c0204bea1a4b80f	lerobot_groot_n15	n15	lerobot_groot_n15__robocasa365_ckpt120000		0	Open the left drawer.	robocasa_panda_omron/OpenDrawer_PandaOmron_Env	100008	1300004	0	0			5		1	all_token_full	groot_n15_dit_block_residual_full_tokens_denoise	"[""layer"",""denoise_step"",""model_token"",""feature_dim""]"	[7,4,49,1536]	[0,2,4,8,10,12,15]	n15_grid_v5_scenario	grid_coord	meta	meta_json	8daefeabf020/worker1/OpenDrawer/left/s409/n4/base	409	9
8daefeabf020	worker1	OpenDrawer/left	4	0	base	activation	b8142cb68ed57376	b8142cb68ed573768404032f870187516af2ea011e6083e5b838afb542d4afc9	lerobot_groot_n15	n15	lerobot_groot_n15__robocasa365_ckpt120000		0	Open the left drawer.	robocasa_panda_omron/OpenDrawer_PandaOmron_Env	100008	1300000	0	1			5		1	all_token_full	groot_n15_dit_block_residual_full_tokens_denoise	"[""layer"",""denoise_step"",""model_token"",""feature_dim""]"	[7,4,49,1536]	[0,2,4,8,10,12,15]	n15_grid_v5_scenario	grid_coord	meta	meta_json	8daefeabf020/worker1/OpenDrawer/left/s410/n0/base	410	10
8daefeabf020	worker1	OpenDrawer/left	4	1	base	activation	914f956ebf6f8dd0	914f956ebf6f8dd07005cc055f84c4ca5c1963734f967d90e7dbd26421c8fc13	lerobot_groot_n15	n15	lerobot_groot_n15__robocasa365_ckpt120000		0	Open the left drawer.	robocasa_panda_omron/OpenDrawer_PandaOmron_Env	100008	1300001	0	1			5		1	all_token_full	groot_n15_dit_block_residual_full_tokens_denoise	"[""layer"",""denoise_step"",""model_token"",""feature_dim""]"	[7,4,49,1536]	[0,2,4,8,10,12,15]	n15_grid_v5_scenario	grid_coord	meta	meta_json	8daefeabf020/worker1/OpenDrawer/left/s410/n1/base	410	10
8daefeabf020	worker1	OpenDrawer/left	4	2	base	activation	bad3512807e9cc17	bad3512807e9cc17739101a5fe39b4430dc736019550a31de4f8ea27fcaaf982	lerobot_groot_n15	n15	lerobot_groot_n15__robocasa365_ckpt120000		0	Open the left drawer.	robocasa_panda_omron/OpenDrawer_PandaOmron_Env	100008	1300002	0	1			5		1	all_token_full	groot_n15_dit_block_residual_full_tokens_denoise	"[""layer"",""denoise_step"",""model_token"",""feature_dim""]"	[7,4,49,1536]	[0,2,4,8,10,12,15]	n15_grid_v5_scenario	grid_coord	meta	meta_json	8daefeabf020/worker1/OpenDrawer/left/s410/n2/base	410	10
8daefeabf020	worker1	OpenDrawer/left	4	3	base	activation	b4ac8125e88df10a	b4ac8125e88df10a1f1e8f8292dae4cf522994e4246ca987bb90da73ae938462	lerobot_groot_n15	n15	lerobot_groot_n15__robocasa365_ckpt120000		0	Open the left drawer.	robocasa_panda_omron/OpenDrawer_PandaOmron_Env	100008	1300003	0	1			5		1	all_token_full	groot_n15_dit_block_residual_full_tokens_denoise	"[""layer"",""denoise_step"",""model_token"",""feature_dim""]"	[7,4,49,1536]	[0,2,4,8,10,12,15]	n15_grid_v5_scenario	grid_coord	meta	meta_json	8daefeabf020/worker1/OpenDrawer/left/s410/n3/base	410	10
8daefeabf020	worker1	OpenDrawer/left	4	4	base	activation	d71bc2ff7057c566	d71bc2ff7057c566741b68fba011f3b4ce41cc44bf3d196a802e554d20419750	lerobot_groot_n15	n15	lerobot_groot_n15__robocasa365_ckpt120000		0	Open the left drawer.	robocasa_panda_omron/OpenDrawer_PandaOmron_Env	100008	1300004	0	1			5		1	all_token_full	groot_n15_dit_block_residual_full_tokens_denoise	"[""layer"",""denoise_step"",""model_token"",""feature_dim""]"	[7,4,49,1536]	[0,2,4,8,10,12,15]	n15_grid_v5_scenario	grid_coord	meta	meta_json	8daefeabf020/worker1/OpenDrawer/left/s410/n4/base	410	10
8daefeabf020	worker1	OpenDrawer/left	0	0	base	activation	a6004d1789680736	a6004d1789680736c9b05654d3628ce411178431a4443ddf682ca5b56760ec7d	lerobot_groot_n15	n15	lerobot_groot_n15__robocasa365_ckpt120000		0	Open the left drawer.	robocasa_panda_omron/OpenDrawer_PandaOmron_Env	100001	1300000	0	0			5		1	all_token_full	groot_n15_dit_block_residual_full_tokens_denoise	"[""layer"",""denoise_step"",""model_token"",""feature_dim""]"	[7,4,49,1536]	[0,2,4,8,10,12,15]	n15_grid_v5_scenario	grid_coord	meta	meta_json	8daefeabf020/worker1/OpenDrawer/left/s6/n0/base	6	6
8daefeabf020	worker1	OpenDrawer/left	0	1	base	activation	c0bc528952c064b6	c0bc528952c064b6e627bd10b292c825a56d6c62fce425d0674b0eb332e0f6ba	lerobot_groot_n15	n15	lerobot_groot_n15__robocasa365_ckpt120000		0	Open the left drawer.	robocasa_panda_omron/OpenDrawer_PandaOmron_Env	100001	1300001	0	0			5		1	all_token_full	groot_n15_dit_block_residual_full_tokens_denoise	"[""layer"",""denoise_step"",""model_token"",""feature_dim""]"	[7,4,49,1536]	[0,2,4,8,10,12,15]	n15_grid_v5_scenario	grid_coord	meta	meta_json	8daefeabf020/worker1/OpenDrawer/left/s6/n1/base	6	6
8daefeabf020	worker1	OpenDrawer/left	0	2	base	activation	bb733c4dce48f703	bb733c4dce48f703f4ea9d846c14ad9cb26ff847610824cc91e439fcea289b55	lerobot_groot_n15	n15	lerobot_groot_n15__robocasa365_ckpt120000		0	Open the left drawer.	robocasa_panda_omron/OpenDrawer_PandaOmron_Env	100001	1300002	0	0			5		1	all_token_full	groot_n15_dit_block_residual_full_tokens_denoise	"[""layer"",""denoise_step"",""model_token"",""feature_dim""]"	[7,4,49,1536]	[0,2,4,8,10,12,15]	n15_grid_v5_scenario	grid_coord	meta	meta_json	8daefeabf020/worker1/OpenDrawer/left/s6/n2/base	6	6
8daefeabf020	worker1	OpenDrawer/left	0	3	base	activation	532412abe6591b4e	532412abe6591b4e7229db5e7a72f93e6170848aff4e1933bb6572d958af7e69	lerobot_groot_n15	n15	lerobot_groot_n15__robocasa365_ckpt120000		0	Open the left drawer.	robocasa_panda_omron/OpenDrawer_PandaOmron_Env	100001	1300003	0	0			5		1	all_token_full	groot_n15_dit_block_residual_full_tokens_denoise	"[""layer"",""denoise_step"",""model_token"",""feature_dim""]"	[7,4,49,1536]	[0,2,4,8,10,12,15]	n15_grid_v5_scenario	grid_coord	meta	meta_json	8daefeabf020/worker1/OpenDrawer/left/s6/n3/base	6	6
8daefeabf020	worker1	OpenDrawer/left	0	4	base	activation	0619a6a5cf50cd4c	0619a6a5cf50cd4c3d7e1b81d2e6cb6f9405c8ffe6d5c42255a5c3f50ab17921	lerobot_groot_n15	n15	lerobot_groot_n15__robocasa365_ckpt120000		0	Open the left drawer.	robocasa_panda_omron/OpenDrawer_PandaOmron_Env	100001	1300004	0	1			5		1	all_token_full	groot_n15_dit_block_residual_full_tokens_denoise	"[""layer"",""denoise_step"",""model_token"",""feature_dim""]"	[7,4,49,1536]	[0,2,4,8,10,12,15]	n15_grid_v5_scenario	grid_coord	meta	meta_json	8daefeabf020/worker1/OpenDrawer/left/s6/n4/base	6	6
8daefeabf020	worker1	OpenDrawer/left	0	0	base	activation	5b11ae6447e595f1	5b11ae6447e595f1043a6668f3adfdf0aec1bdbaa1a25107d57fcd466d395aa1	lerobot_groot_n15	n15	lerobot_groot_n15__robocasa365_ckpt120000		0	Open the left drawer.	robocasa_panda_omron/OpenDrawer_PandaOmron_Env	100001	1300000	0	0			5		1	all_token_full	groot_n15_dit_block_residual_full_tokens_denoise	"[""layer"",""denoise_step"",""model_token"",""feature_dim""]"	[7,4,49,1536]	[0,2,4,8,10,12,15]	n15_grid_v5_scenario	grid_coord	meta	meta_json	8daefeabf020/worker1/OpenDrawer/left/s8/n0/base	8	8
8daefeabf020	worker1	OpenDrawer/left	0	1	base	activation	228bd10e31de876b	228bd10e31de876b11697041c22714f3ef98dd923b9e0a6f31f1e1d28d23a243	lerobot_groot_n15	n15	lerobot_groot_n15__robocasa365_ckpt120000		0	Open the left drawer.	robocasa_panda_omron/OpenDrawer_PandaOmron_Env	100001	1300001	0	0			5		1	all_token_full	groot_n15_dit_block_residual_full_tokens_denoise	"[""layer"",""denoise_step"",""model_token"",""feature_dim""]"	[7,4,49,1536]	[0,2,4,8,10,12,15]	n15_grid_v5_scenario	grid_coord	meta	meta_json	8daefeabf020/worker1/OpenDrawer/left/s8/n1/base	8	8
8daefeabf020	worker1	OpenDrawer/left	0	2	base	activation	88e4615f29343589	88e4615f2934358948b8725c6e4100397533cd8478433d3cbd6e5140a3ba9f6f	lerobot_groot_n15	n15	lerobot_groot_n15__robocasa365_ckpt120000		0	Open the left drawer.	robocasa_panda_omron/OpenDrawer_PandaOmron_Env	100001	1300002	0	0			5		1	all_token_full	groot_n15_dit_block_residual_full_tokens_denoise	"[""layer"",""denoise_step"",""model_token"",""feature_dim""]"	[7,4,49,1536]	[0,2,4,8,10,12,15]	n15_grid_v5_scenario	grid_coord	meta	meta_json	8daefeabf020/worker1/OpenDrawer/left/s8/n2/base	8	8
8daefeabf020	worker1	OpenDrawer/left	0	3	base	activation	7853e78bea087142	7853e78bea0871426c4d9ef067b2a4377d340d5923d35672a852a5685e6dc2b2	lerobot_groot_n15	n15	lerobot_groot_n15__robocasa365_ckpt120000		0	Open the left drawer.	robocasa_panda_omron/OpenDrawer_PandaOmron_Env	100001	1300003	0	1			5		1	all_token_full	groot_n15_dit_block_residual_full_tokens_denoise	"[""layer"",""denoise_step"",""model_token"",""feature_dim""]"	[7,4,49,1536]	[0,2,4,8,10,12,15]	n15_grid_v5_scenario	grid_coord	meta	meta_json	8daefeabf020/worker1/OpenDrawer/left/s8/n3/base	8	8
8daefeabf020	worker1	OpenDrawer/left	0	4	base	activation	58b0555b8d0a51ff	58b0555b8d0a51ffa5c86859d005eb47a2ed4c6233a06512cbe2fab69904c812	lerobot_groot_n15	n15	lerobot_groot_n15__robocasa365_ckpt120000		0	Open the left drawer.	robocasa_panda_omron/OpenDrawer_PandaOmron_Env	100001	1300004	0	1			5		1	all_token_full	groot_n15_dit_block_residual_full_tokens_denoise	"[""layer"",""denoise_step"",""model_token"",""feature_dim""]"	[7,4,49,1536]	[0,2,4,8,10,12,15]	n15_grid_v5_scenario	grid_coord	meta	meta_json	8daefeabf020/worker1/OpenDrawer/left/s8/n4/base	8	8
8daefeabf020	worker1	OpenDrawer/left	0	0	base	activation	cd0ce487d3880ea8	cd0ce487d3880ea84ca5bf79373f9bba544beef61b9c2e055f590e1b9be7bf12	lerobot_groot_n15	n15	lerobot_groot_n15__robocasa365_ckpt120000		0	Open the left drawer.	robocasa_panda_omron/OpenDrawer_PandaOmron_Env	100001	1300000	0	0			5		1	all_token_full	groot_n15_dit_block_residual_full_tokens_denoise	"[""layer"",""denoise_step"",""model_token"",""feature_dim""]"	[7,4,49,1536]	[0,2,4,8,10,12,15]	n15_grid_v5_scenario	grid_coord	meta	meta_json	8daefeabf020/worker1/OpenDrawer/left/s9/n0/base	9	9
8daefeabf020	worker1	OpenDrawer/left	0	1	base	activation	00faf1782e607a45	00faf1782e607a4531e544f5b4d15f174d9257bef4e6bb9d6252dfd02c4491e3	lerobot_groot_n15	n15	lerobot_groot_n15__robocasa365_ckpt120000		0	Open the left drawer.	robocasa_panda_omron/OpenDrawer_PandaOmron_Env	100001	1300001	0	1			5		1	all_token_full	groot_n15_dit_block_residual_full_tokens_denoise	"[""layer"",""denoise_step"",""model_token"",""feature_dim""]"	[7,4,49,1536]	[0,2,4,8,10,12,15]	n15_grid_v5_scenario	grid_coord	meta	meta_json	8daefeabf020/worker1/OpenDrawer/left/s9/n1/base	9	9
8daefeabf020	worker1	OpenDrawer/left	0	2	base	activation	b4e5e83a4bc56256	b4e5e83a4bc562565ab165cc3840b73aa534ac93d5bdc08178396206010a9058	lerobot_groot_n15	n15	lerobot_groot_n15__robocasa365_ckpt120000		0	Open the left drawer.	robocasa_panda_omron/OpenDrawer_PandaOmron_Env	100001	1300002	0	0			5		1	all_token_full	groot_n15_dit_block_residual_full_tokens_denoise	"[""layer"",""denoise_step"",""model_token"",""feature_dim""]"	[7,4,49,1536]	[0,2,4,8,10,12,15]	n15_grid_v5_scenario	grid_coord	meta	meta_json	8daefeabf020/worker1/OpenDrawer/left/s9/n2/base	9	9
8daefeabf020	worker1	OpenDrawer/left	0	3	base	activation	b87f0e28d7d148cd	b87f0e28d7d148cd3dd5e1e77ebe6325875aad59706c79d3f0e617d3a10f1fdc	lerobot_groot_n15	n15	lerobot_groot_n15__robocasa365_ckpt120000		0	Open the left drawer.	robocasa_panda_omron/OpenDrawer_PandaOmron_Env	100001	1300003	0	0			5		1	all_token_full	groot_n15_dit_block_residual_full_tokens_denoise	"[""layer"",""denoise_step"",""model_token"",""feature_dim""]"	[7,4,49,1536]	[0,2,4,8,10,12,15]	n15_grid_v5_scenario	grid_coord	meta	meta_json	8daefeabf020/worker1/OpenDrawer/left/s9/n3/base	9	9
8daefeabf020	worker1	OpenDrawer/left	0	4	base	activation	1b4234f4f7ddd9b6	1b4234f4f7ddd9b610fa57140f9ebda1d440b3a7cd9e4deee22156aaa96d23c3	lerobot_groot_n15	n15	lerobot_groot_n15__robocasa365_ckpt120000		0	Open the left drawer.	robocasa_panda_omron/OpenDrawer_PandaOmron_Env	100001	1300004	0	0			5		1	all_token_full	groot_n15_dit_block_residual_full_tokens_denoise	"[""layer"",""denoise_step"",""model_token"",""feature_dim""]"	[7,4,49,1536]	[0,2,4,8,10,12,15]	n15_grid_v5_scenario	grid_coord	meta	meta_json	8daefeabf020/worker1/OpenDrawer/left/s9/n4/base	9	9
8daefeabf020	worker1	OpenDrawer/right	0	0	base	activation	2c4d9de633df3326	2c4d9de633df332673510af808af9fdae1a67f812b2bc40ae91fdf72c60441cd	lerobot_groot_n15	n15	lerobot_groot_n15__robocasa365_ckpt120000		0	Open the right drawer.	robocasa_panda_omron/OpenDrawer_PandaOmron_Env	100000	1300000	0	1			5		1	all_token_full	groot_n15_dit_block_residual_full_tokens_denoise	"[""layer"",""denoise_step"",""model_token"",""feature_dim""]"	[7,4,49,1536]	[0,2,4,8,10,12,15]	n15_grid_v5_scenario	grid_coord	meta	meta_json	8daefeabf020/worker1/OpenDrawer/right/s0/n0/base	0	0
8daefeabf020	worker1	OpenDrawer/right	0	1	base	activation	d36a4cd33f852ad1	d36a4cd33f852ad1487d2df832c4d7dbfbb263f3021d6599791a7da204735c2b	lerobot_groot_n15	n15	lerobot_groot_n15__robocasa365_ckpt120000		0	Open the right drawer.	robocasa_panda_omron/OpenDrawer_PandaOmron_Env	100000	1300001	0	1			5		1	all_token_full	groot_n15_dit_block_residual_full_tokens_denoise	"[""layer"",""denoise_step"",""model_token"",""feature_dim""]"	[7,4,49,1536]	[0,2,4,8,10,12,15]	n15_grid_v5_scenario	grid_coord	meta	meta_json	8daefeabf020/worker1/OpenDrawer/right/s0/n1/base	0	0
8daefeabf020	worker1	OpenDrawer/right	0	2	base	activation	55bf7cea1546fd14	55bf7cea1546fd147211b152234152ada9580a2ef9c03d3a8568ef9fc849ff24	lerobot_groot_n15	n15	lerobot_groot_n15__robocasa365_ckpt120000		0	Open the right drawer.	robocasa_panda_omron/OpenDrawer_PandaOmron_Env	100000	1300002	0	1			5		1	all_token_full	groot_n15_dit_block_residual_full_tokens_denoise	"[""layer"",""denoise_step"",""model_token"",""feature_dim""]"	[7,4,49,1536]	[0,2,4,8,10,12,15]	n15_grid_v5_scenario	grid_coord	meta	meta_json	8daefeabf020/worker1/OpenDrawer/right/s0/n2/base	0	0
8daefeabf020	worker1	OpenDrawer/right	0	3	base	activation	1a114c22c15e6832	1a114c22c15e6832c11eea49e7cd76949f94a620ed7e4872d7e5e0c86e824177	lerobot_groot_n15	n15	lerobot_groot_n15__robocasa365_ckpt120000		0	Open the right drawer.	robocasa_panda_omron/OpenDrawer_PandaOmron_Env	100000	1300003	0	1			5		1	all_token_full	groot_n15_dit_block_residual_full_tokens_denoise	"[""layer"",""denoise_step"",""model_token"",""feature_dim""]"	[7,4,49,1536]	[0,2,4,8,10,12,15]	n15_grid_v5_scenario	grid_coord	meta	meta_json	8daefeabf020/worker1/OpenDrawer/right/s0/n3/base	0	0
8daefeabf020	worker1	OpenDrawer/right	0	4	base	activation	13a68ec3a8aa9b36	13a68ec3a8aa9b36da74b9e500edb57c39c740e30796d1303d693eaa2ae411b0	lerobot_groot_n15	n15	lerobot_groot_n15__robocasa365_ckpt120000		0	Open the right drawer.	robocasa_panda_omron/OpenDrawer_PandaOmron_Env	100000	1300004	0	1			5		1	all_token_full	groot_n15_dit_block_residual_full_tokens_denoise	"[""layer"",""denoise_step"",""model_token"",""feature_dim""]"	[7,4,49,1536]	[0,2,4,8,10,12,15]	n15_grid_v5_scenario	grid_coord	meta	meta_json	8daefeabf020/worker1/OpenDrawer/right/s0/n4/base	0	0
8daefeabf020	worker1	OpenDrawer/right	0	0	base	activation	364fb7ae3a11e7ef	364fb7ae3a11e7ef03bc2fa1101657227365a2c2cf8d03d94647b64b8b868502	lerobot_groot_n15	n15	lerobot_groot_n15__robocasa365_ckpt120000		0	Open the right drawer.	robocasa_panda_omron/OpenDrawer_PandaOmron_Env	100000	1300000	0	1			5		1	all_token_full	groot_n15_dit_block_residual_full_tokens_denoise	"[""layer"",""denoise_step"",""model_token"",""feature_dim""]"	[7,4,49,1536]	[0,2,4,8,10,12,15]	n15_grid_v5_scenario	grid_coord	meta	meta_json	8daefeabf020/worker1/OpenDrawer/right/s1/n0/base	1	1
8daefeabf020	worker1	OpenDrawer/right	0	1	base	activation	28a25a019062bfeb	28a25a019062bfeb9cf4c08369fd8e9c1b8ba9fd7d44ba4096f7ce13c45596a8	lerobot_groot_n15	n15	lerobot_groot_n15__robocasa365_ckpt120000		0	Open the right drawer.	robocasa_panda_omron/OpenDrawer_PandaOmron_Env	100000	1300001	0	1			5		1	all_token_full	groot_n15_dit_block_residual_full_tokens_denoise	"[""layer"",""denoise_step"",""model_token"",""feature_dim""]"	[7,4,49,1536]	[0,2,4,8,10,12,15]	n15_grid_v5_scenario	grid_coord	meta	meta_json	8daefeabf020/worker1/OpenDrawer/right/s1/n1/base	1	1
8daefeabf020	worker1	OpenDrawer/right	0	2	base	activation	350c1ecdc3aea026	350c1ecdc3aea0265cb27e8f912df3a4ac57f558debe47f896f8738d68c30c94	lerobot_groot_n15	n15	lerobot_groot_n15__robocasa365_ckpt120000		0	Open the right drawer.	robocasa_panda_omron/OpenDrawer_PandaOmron_Env	100000	1300002	0	1			5		1	all_token_full	groot_n15_dit_block_residual_full_tokens_denoise	"[""layer"",""denoise_step"",""model_token"",""feature_dim""]"	[7,4,49,1536]	[0,2,4,8,10,12,15]	n15_grid_v5_scenario	grid_coord	meta	meta_json	8daefeabf020/worker1/OpenDrawer/right/s1/n2/base	1	1
8daefeabf020	worker1	OpenDrawer/right	0	3	base	activation	ab6995dea6c04dcb	ab6995dea6c04dcb0813e279ec5aa2c8b05582b1fef7b815b0ccd0c0fb8d94fa	lerobot_groot_n15	n15	lerobot_groot_n15__robocasa365_ckpt120000		0	Open the right drawer.	robocasa_panda_omron/OpenDrawer_PandaOmron_Env	100000	1300003	0	1			5		1	all_token_full	groot_n15_dit_block_residual_full_tokens_denoise	"[""layer"",""denoise_step"",""model_token"",""feature_dim""]"	[7,4,49,1536]	[0,2,4,8,10,12,15]	n15_grid_v5_scenario	grid_coord	meta	meta_json	8daefeabf020/worker1/OpenDrawer/right/s1/n3/base	1	1
8daefeabf020	worker1	OpenDrawer/right	0	4	base	activation	a31ca6a1efa28b94	a31ca6a1efa28b941f0609e6b3670f18e49de7015f12b53e303a100245f7e109	lerobot_groot_n15	n15	lerobot_groot_n15__robocasa365_ckpt120000		0	Open the right drawer.	robocasa_panda_omron/OpenDrawer_PandaOmron_Env	100000	1300004	0	1			5		1	all_token_full	groot_n15_dit_block_residual_full_tokens_denoise	"[""layer"",""denoise_step"",""model_token"",""feature_dim""]"	[7,4,49,1536]	[0,2,4,8,10,12,15]	n15_grid_v5_scenario	grid_coord	meta	meta_json	8daefeabf020/worker1/OpenDrawer/right/s1/n4/base	1	1
8daefeabf020	worker1	OpenDrawer/right	1	0	base	activation	1ee1c92c038937a0	1ee1c92c038937a0463eff61003adc0c5197b67d5cfa8ae9ded06a8c3fdb96f2	lerobot_groot_n15	n15	lerobot_groot_n15__robocasa365_ckpt120000		0	Open the right drawer.	robocasa_panda_omron/OpenDrawer_PandaOmron_Env	100003	1300000	0	1			5		1	all_token_full	groot_n15_dit_block_residual_full_tokens_denoise	"[""layer"",""denoise_step"",""model_token"",""feature_dim""]"	[7,4,49,1536]	[0,2,4,8,10,12,15]	n15_grid_v5_scenario	grid_coord	meta	meta_json	8daefeabf020/worker1/OpenDrawer/right/s100/n0/base	100	0
8daefeabf020	worker1	OpenDrawer/right	1	1	base	activation	6ac8d65061fa7a55	6ac8d65061fa7a55f35880ad6b3f11326de3ea99a1e395da35cd6a46eb88367e	lerobot_groot_n15	n15	lerobot_groot_n15__robocasa365_ckpt120000		0	Open the right drawer.	robocasa_panda_omron/OpenDrawer_PandaOmron_Env	100003	1300001	0	1			5		1	all_token_full	groot_n15_dit_block_residual_full_tokens_denoise	"[""layer"",""denoise_step"",""model_token"",""feature_dim""]"	[7,4,49,1536]	[0,2,4,8,10,12,15]	n15_grid_v5_scenario	grid_coord	meta	meta_json	8daefeabf020/worker1/OpenDrawer/right/s100/n1/base	100	0
8daefeabf020	worker1	OpenDrawer/right	1	2	base	activation	9d04829561575d49	9d04829561575d49cb65a00c8e1f23117f5b55c901d66d6351b84a3acf8b3e24	lerobot_groot_n15	n15	lerobot_groot_n15__robocasa365_ckpt120000		0	Open the right drawer.	robocasa_panda_omron/OpenDrawer_PandaOmron_Env	100003	1300002	0	1			5		1	all_token_full	groot_n15_dit_block_residual_full_tokens_denoise	"[""layer"",""denoise_step"",""model_token"",""feature_dim""]"	[7,4,49,1536]	[0,2,4,8,10,12,15]	n15_grid_v5_scenario	grid_coord	meta	meta_json	8daefeabf020/worker1/OpenDrawer/right/s100/n2/base	100	0
8daefeabf020	worker1	OpenDrawer/right	1	3	base	activation	c7275d32be72b522	c7275d32be72b5228ce66f0a3e117d929e68383be63edc29ef456869d9ab52db	lerobot_groot_n15	n15	lerobot_groot_n15__robocasa365_ckpt120000		0	Open the right drawer.	robocasa_panda_omron/OpenDrawer_PandaOmron_Env	100003	1300003	0	1			5		1	all_token_full	groot_n15_dit_block_residual_full_tokens_denoise	"[""layer"",""denoise_step"",""model_token"",""feature_dim""]"	[7,4,49,1536]	[0,2,4,8,10,12,15]	n15_grid_v5_scenario	grid_coord	meta	meta_json	8daefeabf020/worker1/OpenDrawer/right/s100/n3/base	100	0
8daefeabf020	worker1	OpenDrawer/right	1	4	base	activation	21b033e0e641e1a8	21b033e0e641e1a869cdce82ce3b04fd4bd987a2ca2968f10b7b444b2df7720f	lerobot_groot_n15	n15	lerobot_groot_n15__robocasa365_ckpt120000		0	Open the right drawer.	robocasa_panda_omron/OpenDrawer_PandaOmron_Env	100003	1300004	0	1			5		1	all_token_full	groot_n15_dit_block_residual_full_tokens_denoise	"[""layer"",""denoise_step"",""model_token"",""feature_dim""]"	[7,4,49,1536]	[0,2,4,8,10,12,15]	n15_grid_v5_scenario	grid_coord	meta	meta_json	8daefeabf020/worker1/OpenDrawer/right/s100/n4/base	100	0
8daefeabf020	worker1	OpenDrawer/right	1	0	base	activation	952c8e539fc36e71	952c8e539fc36e713a0f22129554f9a145d7259284dff22dd43e1c4f57af4414	lerobot_groot_n15	n15	lerobot_groot_n15__robocasa365_ckpt120000		0	Open the right drawer.	robocasa_panda_omron/OpenDrawer_PandaOmron_Env	100003	1300000	0	1			5		1	all_token_full	groot_n15_dit_block_residual_full_tokens_denoise	"[""layer"",""denoise_step"",""model_token"",""feature_dim""]"	[7,4,49,1536]	[0,2,4,8,10,12,15]	n15_grid_v5_scenario	grid_coord	meta	meta_json	8daefeabf020/worker1/OpenDrawer/right/s103/n0/base	103	3
8daefeabf020	worker1	OpenDrawer/right	1	1	base	activation	16fec0ddce5054c1	16fec0ddce5054c1f22b46593120aa7d8f4c9c42d6fba024caaffa0a1c37aa0d	lerobot_groot_n15	n15	lerobot_groot_n15__robocasa365_ckpt120000		0	Open the right drawer.	robocasa_panda_omron/OpenDrawer_PandaOmron_Env	100003	1300001	0	0			5		1	all_token_full	groot_n15_dit_block_residual_full_tokens_denoise	"[""layer"",""denoise_step"",""model_token"",""feature_dim""]"	[7,4,49,1536]	[0,2,4,8,10,12,15]	n15_grid_v5_scenario	grid_coord	meta	meta_json	8daefeabf020/worker1/OpenDrawer/right/s103/n1/base	103	3
8daefeabf020	worker1	OpenDrawer/right	1	2	base	activation	5a86f0f864ef0c94	5a86f0f864ef0c946bfde67d90cd6f9751b3971ea755dcc7f89d6c6784c63527	lerobot_groot_n15	n15	lerobot_groot_n15__robocasa365_ckpt120000		0	Open the right drawer.	robocasa_panda_omron/OpenDrawer_PandaOmron_Env	100003	1300002	0	1			5		1	all_token_full	groot_n15_dit_block_residual_full_tokens_denoise	"[""layer"",""denoise_step"",""model_token"",""feature_dim""]"	[7,4,49,1536]	[0,2,4,8,10,12,15]	n15_grid_v5_scenario	grid_coord	meta	meta_json	8daefeabf020/worker1/OpenDrawer/right/s103/n2/base	103	3
8daefeabf020	worker1	OpenDrawer/right	1	3	base	activation	692cc0a1156a0cc1	692cc0a1156a0cc1a28ccd955ef2c244d812775fbdb61f905552852bcd1093a1	lerobot_groot_n15	n15	lerobot_groot_n15__robocasa365_ckpt120000		0	Open the right drawer.	robocasa_panda_omron/OpenDrawer_PandaOmron_Env	100003	1300003	0	1			5		1	all_token_full	groot_n15_dit_block_residual_full_tokens_denoise	"[""layer"",""denoise_step"",""model_token"",""feature_dim""]"	[7,4,49,1536]	[0,2,4,8,10,12,15]	n15_grid_v5_scenario	grid_coord	meta	meta_json	8daefeabf020/worker1/OpenDrawer/right/s103/n3/base	103	3
8daefeabf020	worker1	OpenDrawer/right	1	4	base	activation	63f02128ab9d0265	63f02128ab9d0265ab9ba268a6c01fa47b1b9c83eb61a90d1245ca9a32d4ad77	lerobot_groot_n15	n15	lerobot_groot_n15__robocasa365_ckpt120000		0	Open the right drawer.	robocasa_panda_omron/OpenDrawer_PandaOmron_Env	100003	1300004	0	1			5		1	all_token_full	groot_n15_dit_block_residual_full_tokens_denoise	"[""layer"",""denoise_step"",""model_token"",""feature_dim""]"	[7,4,49,1536]	[0,2,4,8,10,12,15]	n15_grid_v5_scenario	grid_coord	meta	meta_json	8daefeabf020/worker1/OpenDrawer/right/s103/n4/base	103	3
8daefeabf020	worker1	OpenDrawer/right	1	0	base	activation	ed249d1f0633bf61	ed249d1f0633bf61d4f58c06bac380cb64bd806c5130a999e429b9f016b1e675	lerobot_groot_n15	n15	lerobot_groot_n15__robocasa365_ckpt120000		0	Open the right drawer.	robocasa_panda_omron/OpenDrawer_PandaOmron_Env	100003	1300000	0	1			5		1	all_token_full	groot_n15_dit_block_residual_full_tokens_denoise	"[""layer"",""denoise_step"",""model_token"",""feature_dim""]"	[7,4,49,1536]	[0,2,4,8,10,12,15]	n15_grid_v5_scenario	grid_coord	meta	meta_json	8daefeabf020/worker1/OpenDrawer/right/s104/n0/base	104	4
8daefeabf020	worker1	OpenDrawer/right	1	1	base	activation	2623f275412208fc	2623f275412208fcabfc84cc64e19c37fed6498bc069618c279ed9d5379e7a58	lerobot_groot_n15	n15	lerobot_groot_n15__robocasa365_ckpt120000		0	Open the right drawer.	robocasa_panda_omron/OpenDrawer_PandaOmron_Env	100003	1300001	0	1			5		1	all_token_full	groot_n15_dit_block_residual_full_tokens_denoise	"[""layer"",""denoise_step"",""model_token"",""feature_dim""]"	[7,4,49,1536]	[0,2,4,8,10,12,15]	n15_grid_v5_scenario	grid_coord	meta	meta_json	8daefeabf020/worker1/OpenDrawer/right/s104/n1/base	104	4
8daefeabf020	worker1	OpenDrawer/right	1	2	base	activation	bc8cfb9cc897a5e2	bc8cfb9cc897a5e2f6b5a1f8c88c7661c5b783ac7d0b4958229f2619cde344e3	lerobot_groot_n15	n15	lerobot_groot_n15__robocasa365_ckpt120000		0	Open the right drawer.	robocasa_panda_omron/OpenDrawer_PandaOmron_Env	100003	1300002	0	1			5		1	all_token_full	groot_n15_dit_block_residual_full_tokens_denoise	"[""layer"",""denoise_step"",""model_token"",""feature_dim""]"	[7,4,49,1536]	[0,2,4,8,10,12,15]	n15_grid_v5_scenario	grid_coord	meta	meta_json	8daefeabf020/worker1/OpenDrawer/right/s104/n2/base	104	4
8daefeabf020	worker1	OpenDrawer/right	1	3	base	activation	40085882f5d0ac7c	40085882f5d0ac7c028deaed1fd02092805e79caa21414fdaa839b27bf5c0fea	lerobot_groot_n15	n15	lerobot_groot_n15__robocasa365_ckpt120000		0	Open the right drawer.	robocasa_panda_omron/OpenDrawer_PandaOmron_Env	100003	1300003	0	1			5		1	all_token_full	groot_n15_dit_block_residual_full_tokens_denoise	"[""layer"",""denoise_step"",""model_token"",""feature_dim""]"	[7,4,49,1536]	[0,2,4,8,10,12,15]	n15_grid_v5_scenario	grid_coord	meta	meta_json	8daefeabf020/worker1/OpenDrawer/right/s104/n3/base	104	4
8daefeabf020	worker1	OpenDrawer/right	1	4	base	activation	b22d5add8b25d9e4	b22d5add8b25d9e45190be1f3997bf30d508715d2098e17c9660d6995c4b9d47	lerobot_groot_n15	n15	lerobot_groot_n15__robocasa365_ckpt120000		0	Open the right drawer.	robocasa_panda_omron/OpenDrawer_PandaOmron_Env	100003	1300004	0	1			5		1	all_token_full	groot_n15_dit_block_residual_full_tokens_denoise	"[""layer"",""denoise_step"",""model_token"",""feature_dim""]"	[7,4,49,1536]	[0,2,4,8,10,12,15]	n15_grid_v5_scenario	grid_coord	meta	meta_json	8daefeabf020/worker1/OpenDrawer/right/s104/n4/base	104	4
8daefeabf020	worker1	OpenDrawer/right	1	0	base	activation	0c4ca0a9b32cebf9	0c4ca0a9b32cebf9712ea4d0261a9b53ca90da9d8ae939e87f9eedd02a65a4de	lerobot_groot_n15	n15	lerobot_groot_n15__robocasa365_ckpt120000		0	Open the right drawer.	robocasa_panda_omron/OpenDrawer_PandaOmron_Env	100003	1300000	0	1			5		1	all_token_full	groot_n15_dit_block_residual_full_tokens_denoise	"[""layer"",""denoise_step"",""model_token"",""feature_dim""]"	[7,4,49,1536]	[0,2,4,8,10,12,15]	n15_grid_v5_scenario	grid_coord	meta	meta_json	8daefeabf020/worker1/OpenDrawer/right/s105/n0/base	105	5
8daefeabf020	worker1	OpenDrawer/right	1	1	base	activation	ed510dfea012af89	ed510dfea012af89237fae51b9529bd15f80c11b618fe9a0c5fae22f895a4b9e	lerobot_groot_n15	n15	lerobot_groot_n15__robocasa365_ckpt120000		0	Open the right drawer.	robocasa_panda_omron/OpenDrawer_PandaOmron_Env	100003	1300001	0	1			5		1	all_token_full	groot_n15_dit_block_residual_full_tokens_denoise	"[""layer"",""denoise_step"",""model_token"",""feature_dim""]"	[7,4,49,1536]	[0,2,4,8,10,12,15]	n15_grid_v5_scenario	grid_coord	meta	meta_json	8daefeabf020/worker1/OpenDrawer/right/s105/n1/base	105	5
8daefeabf020	worker1	OpenDrawer/right	1	2	base	activation	041e0dec1743126e	041e0dec1743126e29f7fdc5c98ca7d21044b849c5e98e94b1ca3f89519732fd	lerobot_groot_n15	n15	lerobot_groot_n15__robocasa365_ckpt120000		0	Open the right drawer.	robocasa_panda_omron/OpenDrawer_PandaOmron_Env	100003	1300002	0	1			5		1	all_token_full	groot_n15_dit_block_residual_full_tokens_denoise	"[""layer"",""denoise_step"",""model_token"",""feature_dim""]"	[7,4,49,1536]	[0,2,4,8,10,12,15]	n15_grid_v5_scenario	grid_coord	meta	meta_json	8daefeabf020/worker1/OpenDrawer/right/s105/n2/base	105	5
8daefeabf020	worker1	OpenDrawer/right	1	3	base	activation	933ab84e2ae80f70	933ab84e2ae80f70d10b2aa2d0975a11b2aff83db56f0047ec8b2d45d46cdf90	lerobot_groot_n15	n15	lerobot_groot_n15__robocasa365_ckpt120000		0	Open the right drawer.	robocasa_panda_omron/OpenDrawer_PandaOmron_Env	100003	1300003	0	1			5		1	all_token_full	groot_n15_dit_block_residual_full_tokens_denoise	"[""layer"",""denoise_step"",""model_token"",""feature_dim""]"	[7,4,49,1536]	[0,2,4,8,10,12,15]	n15_grid_v5_scenario	grid_coord	meta	meta_json	8daefeabf020/worker1/OpenDrawer/right/s105/n3/base	105	5
8daefeabf020	worker1	OpenDrawer/right	1	4	base	activation	56b0095d54f96b87	56b0095d54f96b87affc863b50d6af72a51d0ab6a6a248709e5b2f338509d6c7	lerobot_groot_n15	n15	lerobot_groot_n15__robocasa365_ckpt120000		0	Open the right drawer.	robocasa_panda_omron/OpenDrawer_PandaOmron_Env	100003	1300004	0	1			5		1	all_token_full	groot_n15_dit_block_residual_full_tokens_denoise	"[""layer"",""denoise_step"",""model_token"",""feature_dim""]"	[7,4,49,1536]	[0,2,4,8,10,12,15]	n15_grid_v5_scenario	grid_coord	meta	meta_json	8daefeabf020/worker1/OpenDrawer/right/s105/n4/base	105	5
8daefeabf020	worker1	OpenDrawer/right	1	0	base	activation	f63e8b9327a3a304	f63e8b9327a3a304ab536b41ae5502f15dff889af4b3977243987a8d6fe88ce6	lerobot_groot_n15	n15	lerobot_groot_n15__robocasa365_ckpt120000		0	Open the right drawer.	robocasa_panda_omron/OpenDrawer_PandaOmron_Env	100003	1300000	0	1			5		1	all_token_full	groot_n15_dit_block_residual_full_tokens_denoise	"[""layer"",""denoise_step"",""model_token"",""feature_dim""]"	[7,4,49,1536]	[0,2,4,8,10,12,15]	n15_grid_v5_scenario	grid_coord	meta	meta_json	8daefeabf020/worker1/OpenDrawer/right/s107/n0/base	107	7
8daefeabf020	worker1	OpenDrawer/right	1	1	base	activation	b593c2079fd11b9a	b593c2079fd11b9ae196148b977c5e83929df50511d1c5e6ff62b2fca8b6ef71	lerobot_groot_n15	n15	lerobot_groot_n15__robocasa365_ckpt120000		0	Open the right drawer.	robocasa_panda_omron/OpenDrawer_PandaOmron_Env	100003	1300001	0	1			5		1	all_token_full	groot_n15_dit_block_residual_full_tokens_denoise	"[""layer"",""denoise_step"",""model_token"",""feature_dim""]"	[7,4,49,1536]	[0,2,4,8,10,12,15]	n15_grid_v5_scenario	grid_coord	meta	meta_json	8daefeabf020/worker1/OpenDrawer/right/s107/n1/base	107	7
8daefeabf020	worker1	OpenDrawer/right	1	2	base	activation	12238d06cf0b8b30	12238d06cf0b8b30643ed957263907e368f69b54e1e0d670bd2d27ef5a42c51e	lerobot_groot_n15	n15	lerobot_groot_n15__robocasa365_ckpt120000		0	Open the right drawer.	robocasa_panda_omron/OpenDrawer_PandaOmron_Env	100003	1300002	0	1			5		1	all_token_full	groot_n15_dit_block_residual_full_tokens_denoise	"[""layer"",""denoise_step"",""model_token"",""feature_dim""]"	[7,4,49,1536]	[0,2,4,8,10,12,15]	n15_grid_v5_scenario	grid_coord	meta	meta_json	8daefeabf020/worker1/OpenDrawer/right/s107/n2/base	107	7
8daefeabf020	worker1	OpenDrawer/right	1	3	base	activation	73df8b238c4efd08	73df8b238c4efd0887e3c216d94d806a72ba72e8792bba10159fa965d900e3dd	lerobot_groot_n15	n15	lerobot_groot_n15__robocasa365_ckpt120000		0	Open the right drawer.	robocasa_panda_omron/OpenDrawer_PandaOmron_Env	100003	1300003	0	1			5		1	all_token_full	groot_n15_dit_block_residual_full_tokens_denoise	"[""layer"",""denoise_step"",""model_token"",""feature_dim""]"	[7,4,49,1536]	[0,2,4,8,10,12,15]	n15_grid_v5_scenario	grid_coord	meta	meta_json	8daefeabf020/worker1/OpenDrawer/right/s107/n3/base	107	7
8daefeabf020	worker1	OpenDrawer/right	1	4	base	activation	e90492727533cbea	e90492727533cbea212c6feb3fedfa022ccdf17c5a00882607f1c1659815e7cd	lerobot_groot_n15	n15	lerobot_groot_n15__robocasa365_ckpt120000		0	Open the right drawer.	robocasa_panda_omron/OpenDrawer_PandaOmron_Env	100003	1300004	0	1			5		1	all_token_full	groot_n15_dit_block_residual_full_tokens_denoise	"[""layer"",""denoise_step"",""model_token"",""feature_dim""]"	[7,4,49,1536]	[0,2,4,8,10,12,15]	n15_grid_v5_scenario	grid_coord	meta	meta_json	8daefeabf020/worker1/OpenDrawer/right/s107/n4/base	107	7
8daefeabf020	worker1	OpenDrawer/right	2	0	base	activation	edacab82a63e1ba8	edacab82a63e1ba81c13afc8f9da31e24dbce651d7215d904998bdcc23a4d581	lerobot_groot_n15	n15	lerobot_groot_n15__robocasa365_ckpt120000		0	Open the right drawer.	robocasa_panda_omron/OpenDrawer_PandaOmron_Env	100005	1300000	0	1			5		1	all_token_full	groot_n15_dit_block_residual_full_tokens_denoise	"[""layer"",""denoise_step"",""model_token"",""feature_dim""]"	[7,4,49,1536]	[0,2,4,8,10,12,15]	n15_grid_v5_scenario	grid_coord	meta	meta_json	8daefeabf020/worker1/OpenDrawer/right/s200/n0/base	200	0
8daefeabf020	worker1	OpenDrawer/right	2	1	base	activation	9b69ffb1781e1c57	9b69ffb1781e1c5793d92fd0121d2d0ae77df605c545cd51c070a483a8f3f4e8	lerobot_groot_n15	n15	lerobot_groot_n15__robocasa365_ckpt120000		0	Open the right drawer.	robocasa_panda_omron/OpenDrawer_PandaOmron_Env	100005	1300001	0	1			5		1	all_token_full	groot_n15_dit_block_residual_full_tokens_denoise	"[""layer"",""denoise_step"",""model_token"",""feature_dim""]"	[7,4,49,1536]	[0,2,4,8,10,12,15]	n15_grid_v5_scenario	grid_coord	meta	meta_json	8daefeabf020/worker1/OpenDrawer/right/s200/n1/base	200	0
8daefeabf020	worker1	OpenDrawer/right	2	2	base	activation	02f9065c2e2b1980	02f9065c2e2b198038800ebfc7473119ef44a4f7392e906bcb2e49f97843404d	lerobot_groot_n15	n15	lerobot_groot_n15__robocasa365_ckpt120000		0	Open the right drawer.	robocasa_panda_omron/OpenDrawer_PandaOmron_Env	100005	1300002	0	1			5		1	all_token_full	groot_n15_dit_block_residual_full_tokens_denoise	"[""layer"",""denoise_step"",""model_token"",""feature_dim""]"	[7,4,49,1536]	[0,2,4,8,10,12,15]	n15_grid_v5_scenario	grid_coord	meta	meta_json	8daefeabf020/worker1/OpenDrawer/right/s200/n2/base	200	0
8daefeabf020	worker1	OpenDrawer/right	2	3	base	activation	77ec9f7cc30af039	77ec9f7cc30af03998ee09b4834b184622bfe56499bbf63785f62de00c97e0af	lerobot_groot_n15	n15	lerobot_groot_n15__robocasa365_ckpt120000		0	Open the right drawer.	robocasa_panda_omron/OpenDrawer_PandaOmron_Env	100005	1300003	0	1			5		1	all_token_full	groot_n15_dit_block_residual_full_tokens_denoise	"[""layer"",""denoise_step"",""model_token"",""feature_dim""]"	[7,4,49,1536]	[0,2,4,8,10,12,15]	n15_grid_v5_scenario	grid_coord	meta	meta_json	8daefeabf020/worker1/OpenDrawer/right/s200/n3/base	200	0
8daefeabf020	worker1	OpenDrawer/right	2	4	base	activation	67944fb86dba0c3f	67944fb86dba0c3f74ebc956f79a9c25de134e4f28b8b89f29c822142614fd62	lerobot_groot_n15	n15	lerobot_groot_n15__robocasa365_ckpt120000		0	Open the right drawer.	robocasa_panda_omron/OpenDrawer_PandaOmron_Env	100005	1300004	0	1			5		1	all_token_full	groot_n15_dit_block_residual_full_tokens_denoise	"[""layer"",""denoise_step"",""model_token"",""feature_dim""]"	[7,4,49,1536]	[0,2,4,8,10,12,15]	n15_grid_v5_scenario	grid_coord	meta	meta_json	8daefeabf020/worker1/OpenDrawer/right/s200/n4/base	200	0
8daefeabf020	worker1	OpenDrawer/right	2	0	base	activation	7214db8f95f2621d	7214db8f95f2621d741dc73b6eb184f5116b36096f330ebb689c8a04362270ce	lerobot_groot_n15	n15	lerobot_groot_n15__robocasa365_ckpt120000		0	Open the right drawer.	robocasa_panda_omron/OpenDrawer_PandaOmron_Env	100005	1300000	0	1			5		1	all_token_full	groot_n15_dit_block_residual_full_tokens_denoise	"[""layer"",""denoise_step"",""model_token"",""feature_dim""]"	[7,4,49,1536]	[0,2,4,8,10,12,15]	n15_grid_v5_scenario	grid_coord	meta	meta_json	8daefeabf020/worker1/OpenDrawer/right/s201/n0/base	201	1
8daefeabf020	worker1	OpenDrawer/right	2	1	base	activation	60601a9eba3c0789	60601a9eba3c078931e5faf1a542ecaf0b98bf7bf64f975f1d3fb5c01a8c5bb7	lerobot_groot_n15	n15	lerobot_groot_n15__robocasa365_ckpt120000		0	Open the right drawer.	robocasa_panda_omron/OpenDrawer_PandaOmron_Env	100005	1300001	0	1			5		1	all_token_full	groot_n15_dit_block_residual_full_tokens_denoise	"[""layer"",""denoise_step"",""model_token"",""feature_dim""]"	[7,4,49,1536]	[0,2,4,8,10,12,15]	n15_grid_v5_scenario	grid_coord	meta	meta_json	8daefeabf020/worker1/OpenDrawer/right/s201/n1/base	201	1
8daefeabf020	worker1	OpenDrawer/right	2	2	base	activation	cabc050373be35ee	cabc050373be35ee4dea5ad0478d4b4f92e2537c701cde16027d48d82858bf94	lerobot_groot_n15	n15	lerobot_groot_n15__robocasa365_ckpt120000		0	Open the right drawer.	robocasa_panda_omron/OpenDrawer_PandaOmron_Env	100005	1300002	0	1			5		1	all_token_full	groot_n15_dit_block_residual_full_tokens_denoise	"[""layer"",""denoise_step"",""model_token"",""feature_dim""]"	[7,4,49,1536]	[0,2,4,8,10,12,15]	n15_grid_v5_scenario	grid_coord	meta	meta_json	8daefeabf020/worker1/OpenDrawer/right/s201/n2/base	201	1
8daefeabf020	worker1	OpenDrawer/right	2	3	base	activation	2de8258c525a01b0	2de8258c525a01b020c013328aed44d3382f26d6b831b471b49fb18fbb76c123	lerobot_groot_n15	n15	lerobot_groot_n15__robocasa365_ckpt120000		0	Open the right drawer.	robocasa_panda_omron/OpenDrawer_PandaOmron_Env	100005	1300003	0	1			5		1	all_token_full	groot_n15_dit_block_residual_full_tokens_denoise	"[""layer"",""denoise_step"",""model_token"",""feature_dim""]"	[7,4,49,1536]	[0,2,4,8,10,12,15]	n15_grid_v5_scenario	grid_coord	meta	meta_json	8daefeabf020/worker1/OpenDrawer/right/s201/n3/base	201	1
8daefeabf020	worker1	OpenDrawer/right	2	4	base	activation	1477c9b9cbf90169	1477c9b9cbf901690c3d9ec35e05bd82639eb8037d29831f27e923c180565868	lerobot_groot_n15	n15	lerobot_groot_n15__robocasa365_ckpt120000		0	Open the right drawer.	robocasa_panda_omron/OpenDrawer_PandaOmron_Env	100005	1300004	0	1			5		1	all_token_full	groot_n15_dit_block_residual_full_tokens_denoise	"[""layer"",""denoise_step"",""model_token"",""feature_dim""]"	[7,4,49,1536]	[0,2,4,8,10,12,15]	n15_grid_v5_scenario	grid_coord	meta	meta_json	8daefeabf020/worker1/OpenDrawer/right/s201/n4/base	201	1
8daefeabf020	worker1	OpenDrawer/right	2	0	base	activation	79bd8ef1bebb3f53	79bd8ef1bebb3f53560490201e095e1413b4d3d659684b6f21a489119640373c	lerobot_groot_n15	n15	lerobot_groot_n15__robocasa365_ckpt120000		0	Open the right drawer.	robocasa_panda_omron/OpenDrawer_PandaOmron_Env	100005	1300000	0	1			5		1	all_token_full	groot_n15_dit_block_residual_full_tokens_denoise	"[""layer"",""denoise_step"",""model_token"",""feature_dim""]"	[7,4,49,1536]	[0,2,4,8,10,12,15]	n15_grid_v5_scenario	grid_coord	meta	meta_json	8daefeabf020/worker1/OpenDrawer/right/s202/n0/base	202	2
8daefeabf020	worker1	OpenDrawer/right	2	1	base	activation	830dab130a7be3d2	830dab130a7be3d2815c165e4f3bc88deda4fd613086c0dadef077cfb682ac24	lerobot_groot_n15	n15	lerobot_groot_n15__robocasa365_ckpt120000		0	Open the right drawer.	robocasa_panda_omron/OpenDrawer_PandaOmron_Env	100005	1300001	0	1			5		1	all_token_full	groot_n15_dit_block_residual_full_tokens_denoise	"[""layer"",""denoise_step"",""model_token"",""feature_dim""]"	[7,4,49,1536]	[0,2,4,8,10,12,15]	n15_grid_v5_scenario	grid_coord	meta	meta_json	8daefeabf020/worker1/OpenDrawer/right/s202/n1/base	202	2
8daefeabf020	worker1	OpenDrawer/right	2	2	base	activation	b730be6bf1e6be8a	b730be6bf1e6be8a6f64bb7362fb65ee93d778243bed78f20a4cdb5551f0b7fe	lerobot_groot_n15	n15	lerobot_groot_n15__robocasa365_ckpt120000		0	Open the right drawer.	robocasa_panda_omron/OpenDrawer_PandaOmron_Env	100005	1300002	0	1			5		1	all_token_full	groot_n15_dit_block_residual_full_tokens_denoise	"[""layer"",""denoise_step"",""model_token"",""feature_dim""]"	[7,4,49,1536]	[0,2,4,8,10,12,15]	n15_grid_v5_scenario	grid_coord	meta	meta_json	8daefeabf020/worker1/OpenDrawer/right/s202/n2/base	202	2
8daefeabf020	worker1	OpenDrawer/right	2	3	base	activation	49d8e1e30312907c	49d8e1e30312907c32f2d9ec4eed9f5831e0593fda9a40a4d258b615a1c06afc	lerobot_groot_n15	n15	lerobot_groot_n15__robocasa365_ckpt120000		0	Open the right drawer.	robocasa_panda_omron/OpenDrawer_PandaOmron_Env	100005	1300003	0	1			5		1	all_token_full	groot_n15_dit_block_residual_full_tokens_denoise	"[""layer"",""denoise_step"",""model_token"",""feature_dim""]"	[7,4,49,1536]	[0,2,4,8,10,12,15]	n15_grid_v5_scenario	grid_coord	meta	meta_json	8daefeabf020/worker1/OpenDrawer/right/s202/n3/base	202	2
8daefeabf020	worker1	OpenDrawer/right	2	4	base	activation	dec8874d33b6d007	dec8874d33b6d007e2bb6827d3a44fa3dbbb51fe2ccb9c222eff2a3aaf84c241	lerobot_groot_n15	n15	lerobot_groot_n15__robocasa365_ckpt120000		0	Open the right drawer.	robocasa_panda_omron/OpenDrawer_PandaOmron_Env	100005	1300004	0	1			5		1	all_token_full	groot_n15_dit_block_residual_full_tokens_denoise	"[""layer"",""denoise_step"",""model_token"",""feature_dim""]"	[7,4,49,1536]	[0,2,4,8,10,12,15]	n15_grid_v5_scenario	grid_coord	meta	meta_json	8daefeabf020/worker1/OpenDrawer/right/s202/n4/base	202	2
8daefeabf020	worker1	OpenDrawer/right	2	0	base	activation	6c5e1b8bd9710c89	6c5e1b8bd9710c895d69c135bb958e673f7f744aa89f317602ce426d2d3ccfcb	lerobot_groot_n15	n15	lerobot_groot_n15__robocasa365_ckpt120000		0	Open the right drawer.	robocasa_panda_omron/OpenDrawer_PandaOmron_Env	100005	1300000	0	0			5		1	all_token_full	groot_n15_dit_block_residual_full_tokens_denoise	"[""layer"",""denoise_step"",""model_token"",""feature_dim""]"	[7,4,49,1536]	[0,2,4,8,10,12,15]	n15_grid_v5_scenario	grid_coord	meta	meta_json	8daefeabf020/worker1/OpenDrawer/right/s203/n0/base	203	3
8daefeabf020	worker1	OpenDrawer/right	2	1	base	activation	e929a39f2ce10a5a	e929a39f2ce10a5a2736078f579601f0133d475361af43dd1fa7a14897f8c764	lerobot_groot_n15	n15	lerobot_groot_n15__robocasa365_ckpt120000		0	Open the right drawer.	robocasa_panda_omron/OpenDrawer_PandaOmron_Env	100005	1300001	0	0			5		1	all_token_full	groot_n15_dit_block_residual_full_tokens_denoise	"[""layer"",""denoise_step"",""model_token"",""feature_dim""]"	[7,4,49,1536]	[0,2,4,8,10,12,15]	n15_grid_v5_scenario	grid_coord	meta	meta_json	8daefeabf020/worker1/OpenDrawer/right/s203/n1/base	203	3
8daefeabf020	worker1	OpenDrawer/right	2	2	base	activation	e323974bd327cadb	e323974bd327cadb5896f63c4d3302d1401f52365b6ce7c74483d3675d07a323	lerobot_groot_n15	n15	lerobot_groot_n15__robocasa365_ckpt120000		0	Open the right drawer.	robocasa_panda_omron/OpenDrawer_PandaOmron_Env	100005	1300002	0	0			5		1	all_token_full	groot_n15_dit_block_residual_full_tokens_denoise	"[""layer"",""denoise_step"",""model_token"",""feature_dim""]"	[7,4,49,1536]	[0,2,4,8,10,12,15]	n15_grid_v5_scenario	grid_coord	meta	meta_json	8daefeabf020/worker1/OpenDrawer/right/s203/n2/base	203	3
8daefeabf020	worker1	OpenDrawer/right	2	3	base	activation	548b097c7efed6dc	548b097c7efed6dcf98b7f9d5cc366d1ecfc5207e919bc2812e7a3c74866a10a	lerobot_groot_n15	n15	lerobot_groot_n15__robocasa365_ckpt120000		0	Open the right drawer.	robocasa_panda_omron/OpenDrawer_PandaOmron_Env	100005	1300003	0	0			5		1	all_token_full	groot_n15_dit_block_residual_full_tokens_denoise	"[""layer"",""denoise_step"",""model_token"",""feature_dim""]"	[7,4,49,1536]	[0,2,4,8,10,12,15]	n15_grid_v5_scenario	grid_coord	meta	meta_json	8daefeabf020/worker1/OpenDrawer/right/s203/n3/base	203	3
8daefeabf020	worker1	OpenDrawer/right	2	4	base	activation	660f592570dcef1a	660f592570dcef1a3ee567758f4b2711a30380c24ac0473fa995c857ea616075	lerobot_groot_n15	n15	lerobot_groot_n15__robocasa365_ckpt120000		0	Open the right drawer.	robocasa_panda_omron/OpenDrawer_PandaOmron_Env	100005	1300004	0	1			5		1	all_token_full	groot_n15_dit_block_residual_full_tokens_denoise	"[""layer"",""denoise_step"",""model_token"",""feature_dim""]"	[7,4,49,1536]	[0,2,4,8,10,12,15]	n15_grid_v5_scenario	grid_coord	meta	meta_json	8daefeabf020/worker1/OpenDrawer/right/s203/n4/base	203	3
8daefeabf020	worker1	OpenDrawer/right	2	0	base	activation	cf1065f66c546a90	cf1065f66c546a90c530870d78817442f0304eec1f88d9a6e7618112064d1b9c	lerobot_groot_n15	n15	lerobot_groot_n15__robocasa365_ckpt120000		0	Open the right drawer.	robocasa_panda_omron/OpenDrawer_PandaOmron_Env	100005	1300000	0	1			5		1	all_token_full	groot_n15_dit_block_residual_full_tokens_denoise	"[""layer"",""denoise_step"",""model_token"",""feature_dim""]"	[7,4,49,1536]	[0,2,4,8,10,12,15]	n15_grid_v5_scenario	grid_coord	meta	meta_json	8daefeabf020/worker1/OpenDrawer/right/s204/n0/base	204	4
8daefeabf020	worker1	OpenDrawer/right	2	1	base	activation	a3debfeb5c494530	a3debfeb5c49453040379f081e42969c75d78d8e8321b762e20d6374ba1eee07	lerobot_groot_n15	n15	lerobot_groot_n15__robocasa365_ckpt120000		0	Open the right drawer.	robocasa_panda_omron/OpenDrawer_PandaOmron_Env	100005	1300001	0	1			5		1	all_token_full	groot_n15_dit_block_residual_full_tokens_denoise	"[""layer"",""denoise_step"",""model_token"",""feature_dim""]"	[7,4,49,1536]	[0,2,4,8,10,12,15]	n15_grid_v5_scenario	grid_coord	meta	meta_json	8daefeabf020/worker1/OpenDrawer/right/s204/n1/base	204	4
8daefeabf020	worker1	OpenDrawer/right	2	2	base	activation	8171217b70c45c5e	8171217b70c45c5e55ac1068a2c3deb7c0bb608c7937357099fd279b9352e548	lerobot_groot_n15	n15	lerobot_groot_n15__robocasa365_ckpt120000		0	Open the right drawer.	robocasa_panda_omron/OpenDrawer_PandaOmron_Env	100005	1300002	0	1			5		1	all_token_full	groot_n15_dit_block_residual_full_tokens_denoise	"[""layer"",""denoise_step"",""model_token"",""feature_dim""]"	[7,4,49,1536]	[0,2,4,8,10,12,15]	n15_grid_v5_scenario	grid_coord	meta	meta_json	8daefeabf020/worker1/OpenDrawer/right/s204/n2/base	204	4
8daefeabf020	worker1	OpenDrawer/right	2	3	base	activation	4cbcf1d2d02e42e0	4cbcf1d2d02e42e052e469aec9256acb5beacef768fc57897454341e570fe185	lerobot_groot_n15	n15	lerobot_groot_n15__robocasa365_ckpt120000		0	Open the right drawer.	robocasa_panda_omron/OpenDrawer_PandaOmron_Env	100005	1300003	0	1			5		1	all_token_full	groot_n15_dit_block_residual_full_tokens_denoise	"[""layer"",""denoise_step"",""model_token"",""feature_dim""]"	[7,4,49,1536]	[0,2,4,8,10,12,15]	n15_grid_v5_scenario	grid_coord	meta	meta_json	8daefeabf020/worker1/OpenDrawer/right/s204/n3/base	204	4
8daefeabf020	worker1	OpenDrawer/right	2	4	base	activation	cf465bdb5d492dad	cf465bdb5d492dad98ddeeade7d31194c5a4482218df27a3a201774a5a676e9f	lerobot_groot_n15	n15	lerobot_groot_n15__robocasa365_ckpt120000		0	Open the right drawer.	robocasa_panda_omron/OpenDrawer_PandaOmron_Env	100005	1300004	0	1			5		1	all_token_full	groot_n15_dit_block_residual_full_tokens_denoise	"[""layer"",""denoise_step"",""model_token"",""feature_dim""]"	[7,4,49,1536]	[0,2,4,8,10,12,15]	n15_grid_v5_scenario	grid_coord	meta	meta_json	8daefeabf020/worker1/OpenDrawer/right/s204/n4/base	204	4
8daefeabf020	worker1	OpenDrawer/right	3	0	base	activation	8cd7d8a36a67f6dd	8cd7d8a36a67f6ddbcb8940212a06eb30de4749c8e8ac9b65be4352bcfe65e86	lerobot_groot_n15	n15	lerobot_groot_n15__robocasa365_ckpt120000		0	Open the right drawer.	robocasa_panda_omron/OpenDrawer_PandaOmron_Env	100006	1300000	0	0			5		1	all_token_full	groot_n15_dit_block_residual_full_tokens_denoise	"[""layer"",""denoise_step"",""model_token"",""feature_dim""]"	[7,4,49,1536]	[0,2,4,8,10,12,15]	n15_grid_v5_scenario	grid_coord	meta	meta_json	8daefeabf020/worker1/OpenDrawer/right/s300/n0/base	300	0
8daefeabf020	worker1	OpenDrawer/right	3	1	base	activation	97dbaccccab11e21	97dbaccccab11e21cfd93d81f4c669d500c61d9eedbd34351cf67ddafc160932	lerobot_groot_n15	n15	lerobot_groot_n15__robocasa365_ckpt120000		0	Open the right drawer.	robocasa_panda_omron/OpenDrawer_PandaOmron_Env	100006	1300001	0	0			5		1	all_token_full	groot_n15_dit_block_residual_full_tokens_denoise	"[""layer"",""denoise_step"",""model_token"",""feature_dim""]"	[7,4,49,1536]	[0,2,4,8,10,12,15]	n15_grid_v5_scenario	grid_coord	meta	meta_json	8daefeabf020/worker1/OpenDrawer/right/s300/n1/base	300	0
8daefeabf020	worker1	OpenDrawer/right	3	2	base	activation	b8774d998ac08bc4	b8774d998ac08bc47b44b8918021b6bbaac025bf6e322b9f5c823dc23bd22b4a	lerobot_groot_n15	n15	lerobot_groot_n15__robocasa365_ckpt120000		0	Open the right drawer.	robocasa_panda_omron/OpenDrawer_PandaOmron_Env	100006	1300002	0	0			5		1	all_token_full	groot_n15_dit_block_residual_full_tokens_denoise	"[""layer"",""denoise_step"",""model_token"",""feature_dim""]"	[7,4,49,1536]	[0,2,4,8,10,12,15]	n15_grid_v5_scenario	grid_coord	meta	meta_json	8daefeabf020/worker1/OpenDrawer/right/s300/n2/base	300	0
8daefeabf020	worker1	OpenDrawer/right	3	3	base	activation	4f8efb8411b474c0	4f8efb8411b474c03e48de29462592c5936ae3bdd58130ecea5dc95add4969d8	lerobot_groot_n15	n15	lerobot_groot_n15__robocasa365_ckpt120000		0	Open the right drawer.	robocasa_panda_omron/OpenDrawer_PandaOmron_Env	100006	1300003	0	0			5		1	all_token_full	groot_n15_dit_block_residual_full_tokens_denoise	"[""layer"",""denoise_step"",""model_token"",""feature_dim""]"	[7,4,49,1536]	[0,2,4,8,10,12,15]	n15_grid_v5_scenario	grid_coord	meta	meta_json	8daefeabf020/worker1/OpenDrawer/right/s300/n3/base	300	0
8daefeabf020	worker1	OpenDrawer/right	3	4	base	activation	dfaff4cb62813525	dfaff4cb62813525cf4f79f3fee0f998691bda88a062a38dd3424ad94f453a9b	lerobot_groot_n15	n15	lerobot_groot_n15__robocasa365_ckpt120000		0	Open the right drawer.	robocasa_panda_omron/OpenDrawer_PandaOmron_Env	100006	1300004	0	0			5		1	all_token_full	groot_n15_dit_block_residual_full_tokens_denoise	"[""layer"",""denoise_step"",""model_token"",""feature_dim""]"	[7,4,49,1536]	[0,2,4,8,10,12,15]	n15_grid_v5_scenario	grid_coord	meta	meta_json	8daefeabf020/worker1/OpenDrawer/right/s300/n4/base	300	0
8daefeabf020	worker1	OpenDrawer/right	3	0	base	activation	3907390549058ac7	3907390549058ac725b651426f19e9773f9fd6ac4cd8d2d2617d59ae36e104e4	lerobot_groot_n15	n15	lerobot_groot_n15__robocasa365_ckpt120000		0	Open the right drawer.	robocasa_panda_omron/OpenDrawer_PandaOmron_Env	100006	1300000	0	0			5		1	all_token_full	groot_n15_dit_block_residual_full_tokens_denoise	"[""layer"",""denoise_step"",""model_token"",""feature_dim""]"	[7,4,49,1536]	[0,2,4,8,10,12,15]	n15_grid_v5_scenario	grid_coord	meta	meta_json	8daefeabf020/worker1/OpenDrawer/right/s301/n0/base	301	1
8daefeabf020	worker1	OpenDrawer/right	3	1	base	activation	28e7364ab73a4948	28e7364ab73a4948855a0ef842c5d9322b815ba915a75df69bf61e43f0630959	lerobot_groot_n15	n15	lerobot_groot_n15__robocasa365_ckpt120000		0	Open the right drawer.	robocasa_panda_omron/OpenDrawer_PandaOmron_Env	100006	1300001	0	0			5		1	all_token_full	groot_n15_dit_block_residual_full_tokens_denoise	"[""layer"",""denoise_step"",""model_token"",""feature_dim""]"	[7,4,49,1536]	[0,2,4,8,10,12,15]	n15_grid_v5_scenario	grid_coord	meta	meta_json	8daefeabf020/worker1/OpenDrawer/right/s301/n1/base	301	1
8daefeabf020	worker1	OpenDrawer/right	3	2	base	activation	538bc9bee81205ec	538bc9bee81205ec1e7600b23d926dfcd097fd9c1abbda3054cdfa4918017342	lerobot_groot_n15	n15	lerobot_groot_n15__robocasa365_ckpt120000		0	Open the right drawer.	robocasa_panda_omron/OpenDrawer_PandaOmron_Env	100006	1300002	0	0			5		1	all_token_full	groot_n15_dit_block_residual_full_tokens_denoise	"[""layer"",""denoise_step"",""model_token"",""feature_dim""]"	[7,4,49,1536]	[0,2,4,8,10,12,15]	n15_grid_v5_scenario	grid_coord	meta	meta_json	8daefeabf020/worker1/OpenDrawer/right/s301/n2/base	301	1
8daefeabf020	worker1	OpenDrawer/right	3	3	base	activation	53622be2af85798a	53622be2af85798a4ea3436d64f75d60a12224dcb67915ff39753b095c1154de	lerobot_groot_n15	n15	lerobot_groot_n15__robocasa365_ckpt120000		0	Open the right drawer.	robocasa_panda_omron/OpenDrawer_PandaOmron_Env	100006	1300003	0	0			5		1	all_token_full	groot_n15_dit_block_residual_full_tokens_denoise	"[""layer"",""denoise_step"",""model_token"",""feature_dim""]"	[7,4,49,1536]	[0,2,4,8,10,12,15]	n15_grid_v5_scenario	grid_coord	meta	meta_json	8daefeabf020/worker1/OpenDrawer/right/s301/n3/base	301	1
8daefeabf020	worker1	OpenDrawer/right	3	4	base	activation	49d4aec1ae57c237	49d4aec1ae57c237a36b0909fbd39fc635e9e26afdadc078e0f8d0bd7cfe121c	lerobot_groot_n15	n15	lerobot_groot_n15__robocasa365_ckpt120000		0	Open the right drawer.	robocasa_panda_omron/OpenDrawer_PandaOmron_Env	100006	1300004	0	0			5		1	all_token_full	groot_n15_dit_block_residual_full_tokens_denoise	"[""layer"",""denoise_step"",""model_token"",""feature_dim""]"	[7,4,49,1536]	[0,2,4,8,10,12,15]	n15_grid_v5_scenario	grid_coord	meta	meta_json	8daefeabf020/worker1/OpenDrawer/right/s301/n4/base	301	1
8daefeabf020	worker1	OpenDrawer/right	3	0	base	activation	2543d3f8cd8da6f0	2543d3f8cd8da6f0128f748f7093ed20613fa181131420a80442cd4b36f734e0	lerobot_groot_n15	n15	lerobot_groot_n15__robocasa365_ckpt120000		0	Open the right drawer.	robocasa_panda_omron/OpenDrawer_PandaOmron_Env	100006	1300000	0	0			5		1	all_token_full	groot_n15_dit_block_residual_full_tokens_denoise	"[""layer"",""denoise_step"",""model_token"",""feature_dim""]"	[7,4,49,1536]	[0,2,4,8,10,12,15]	n15_grid_v5_scenario	grid_coord	meta	meta_json	8daefeabf020/worker1/OpenDrawer/right/s302/n0/base	302	2
8daefeabf020	worker1	OpenDrawer/right	3	1	base	activation	cd7fd373bc4b4c1a	cd7fd373bc4b4c1a5c603da341be5b7b55985afbc490e53313e5b434e5f874c6	lerobot_groot_n15	n15	lerobot_groot_n15__robocasa365_ckpt120000		0	Open the right drawer.	robocasa_panda_omron/OpenDrawer_PandaOmron_Env	100006	1300001	0	0			5		1	all_token_full	groot_n15_dit_block_residual_full_tokens_denoise	"[""layer"",""denoise_step"",""model_token"",""feature_dim""]"	[7,4,49,1536]	[0,2,4,8,10,12,15]	n15_grid_v5_scenario	grid_coord	meta	meta_json	8daefeabf020/worker1/OpenDrawer/right/s302/n1/base	302	2
8daefeabf020	worker1	OpenDrawer/right	3	2	base	activation	0bc210f319cf98bb	0bc210f319cf98bb841ef0a2201dcbe6a9bcf680108430dbd5ddbb46e5a22bbb	lerobot_groot_n15	n15	lerobot_groot_n15__robocasa365_ckpt120000		0	Open the right drawer.	robocasa_panda_omron/OpenDrawer_PandaOmron_Env	100006	1300002	0	0			5		1	all_token_full	groot_n15_dit_block_residual_full_tokens_denoise	"[""layer"",""denoise_step"",""model_token"",""feature_dim""]"	[7,4,49,1536]	[0,2,4,8,10,12,15]	n15_grid_v5_scenario	grid_coord	meta	meta_json	8daefeabf020/worker1/OpenDrawer/right/s302/n2/base	302	2
8daefeabf020	worker1	OpenDrawer/right	3	3	base	activation	e1cbc651d65c92d0	e1cbc651d65c92d05c2516be5f56ca80caf55660b811df8ed83f13e3ac6749f6	lerobot_groot_n15	n15	lerobot_groot_n15__robocasa365_ckpt120000		0	Open the right drawer.	robocasa_panda_omron/OpenDrawer_PandaOmron_Env	100006	1300003	0	0			5		1	all_token_full	groot_n15_dit_block_residual_full_tokens_denoise	"[""layer"",""denoise_step"",""model_token"",""feature_dim""]"	[7,4,49,1536]	[0,2,4,8,10,12,15]	n15_grid_v5_scenario	grid_coord	meta	meta_json	8daefeabf020/worker1/OpenDrawer/right/s302/n3/base	302	2
8daefeabf020	worker1	OpenDrawer/right	3	4	base	activation	49e5b35b21ca31e4	49e5b35b21ca31e477f9f2c0ee06c9ebb78ea34236655a7041450165b37afb39	lerobot_groot_n15	n15	lerobot_groot_n15__robocasa365_ckpt120000		0	Open the right drawer.	robocasa_panda_omron/OpenDrawer_PandaOmron_Env	100006	1300004	0	0			5		1	all_token_full	groot_n15_dit_block_residual_full_tokens_denoise	"[""layer"",""denoise_step"",""model_token"",""feature_dim""]"	[7,4,49,1536]	[0,2,4,8,10,12,15]	n15_grid_v5_scenario	grid_coord	meta	meta_json	8daefeabf020/worker1/OpenDrawer/right/s302/n4/base	302	2
8daefeabf020	worker1	OpenDrawer/right	3	0	base	activation	6bb146edcc1faee5	6bb146edcc1faee5ffe6225ed9707aa2d2a2a49a94d497fbdcbb2297cfb53734	lerobot_groot_n15	n15	lerobot_groot_n15__robocasa365_ckpt120000		0	Open the right drawer.	robocasa_panda_omron/OpenDrawer_PandaOmron_Env	100006	1300000	0	0			5		1	all_token_full	groot_n15_dit_block_residual_full_tokens_denoise	"[""layer"",""denoise_step"",""model_token"",""feature_dim""]"	[7,4,49,1536]	[0,2,4,8,10,12,15]	n15_grid_v5_scenario	grid_coord	meta	meta_json	8daefeabf020/worker1/OpenDrawer/right/s303/n0/base	303	3
8daefeabf020	worker1	OpenDrawer/right	3	1	base	activation	34274988480900fa	34274988480900fa8c457914e41ded919a741aaaf34d7ca2740e19a649384f93	lerobot_groot_n15	n15	lerobot_groot_n15__robocasa365_ckpt120000		0	Open the right drawer.	robocasa_panda_omron/OpenDrawer_PandaOmron_Env	100006	1300001	0	0			5		1	all_token_full	groot_n15_dit_block_residual_full_tokens_denoise	"[""layer"",""denoise_step"",""model_token"",""feature_dim""]"	[7,4,49,1536]	[0,2,4,8,10,12,15]	n15_grid_v5_scenario	grid_coord	meta	meta_json	8daefeabf020/worker1/OpenDrawer/right/s303/n1/base	303	3
8daefeabf020	worker1	OpenDrawer/right	3	2	base	activation	4916ba0dcb435607	4916ba0dcb435607d96e64b6f68b1d9ccf11a4b2831fc41a131715b81f73cacc	lerobot_groot_n15	n15	lerobot_groot_n15__robocasa365_ckpt120000		0	Open the right drawer.	robocasa_panda_omron/OpenDrawer_PandaOmron_Env	100006	1300002	0	0			5		1	all_token_full	groot_n15_dit_block_residual_full_tokens_denoise	"[""layer"",""denoise_step"",""model_token"",""feature_dim""]"	[7,4,49,1536]	[0,2,4,8,10,12,15]	n15_grid_v5_scenario	grid_coord	meta	meta_json	8daefeabf020/worker1/OpenDrawer/right/s303/n2/base	303	3
8daefeabf020	worker1	OpenDrawer/right	3	3	base	activation	db832a4773988f4b	db832a4773988f4b96409a87e972dfb0bdc3259ea7505a25b147adef2b226bec	lerobot_groot_n15	n15	lerobot_groot_n15__robocasa365_ckpt120000		0	Open the right drawer.	robocasa_panda_omron/OpenDrawer_PandaOmron_Env	100006	1300003	0	0			5		1	all_token_full	groot_n15_dit_block_residual_full_tokens_denoise	"[""layer"",""denoise_step"",""model_token"",""feature_dim""]"	[7,4,49,1536]	[0,2,4,8,10,12,15]	n15_grid_v5_scenario	grid_coord	meta	meta_json	8daefeabf020/worker1/OpenDrawer/right/s303/n3/base	303	3
8daefeabf020	worker1	OpenDrawer/right	3	4	base	activation	865c5f180a0e731e	865c5f180a0e731ef5b94a3ef12a0c255e8edd627b910ec91ddf62015ee5cb17	lerobot_groot_n15	n15	lerobot_groot_n15__robocasa365_ckpt120000		0	Open the right drawer.	robocasa_panda_omron/OpenDrawer_PandaOmron_Env	100006	1300004	0	0			5		1	all_token_full	groot_n15_dit_block_residual_full_tokens_denoise	"[""layer"",""denoise_step"",""model_token"",""feature_dim""]"	[7,4,49,1536]	[0,2,4,8,10,12,15]	n15_grid_v5_scenario	grid_coord	meta	meta_json	8daefeabf020/worker1/OpenDrawer/right/s303/n4/base	303	3
8daefeabf020	worker1	OpenDrawer/right	3	0	base	activation	baf6d749f43e1267	baf6d749f43e126706bf91d8ec27c5d53e4a063d1a8a60c79457a60fe67f4574	lerobot_groot_n15	n15	lerobot_groot_n15__robocasa365_ckpt120000		0	Open the right drawer.	robocasa_panda_omron/OpenDrawer_PandaOmron_Env	100006	1300000	0	0			5		1	all_token_full	groot_n15_dit_block_residual_full_tokens_denoise	"[""layer"",""denoise_step"",""model_token"",""feature_dim""]"	[7,4,49,1536]	[0,2,4,8,10,12,15]	n15_grid_v5_scenario	grid_coord	meta	meta_json	8daefeabf020/worker1/OpenDrawer/right/s304/n0/base	304	4
8daefeabf020	worker1	OpenDrawer/right	3	1	base	activation	98e4e940cc380e3d	98e4e940cc380e3d455299dc4c3387834cbc116336a9c227e17f2fe68601e0ca	lerobot_groot_n15	n15	lerobot_groot_n15__robocasa365_ckpt120000		0	Open the right drawer.	robocasa_panda_omron/OpenDrawer_PandaOmron_Env	100006	1300001	0	0			5		1	all_token_full	groot_n15_dit_block_residual_full_tokens_denoise	"[""layer"",""denoise_step"",""model_token"",""feature_dim""]"	[7,4,49,1536]	[0,2,4,8,10,12,15]	n15_grid_v5_scenario	grid_coord	meta	meta_json	8daefeabf020/worker1/OpenDrawer/right/s304/n1/base	304	4
8daefeabf020	worker1	OpenDrawer/right	3	2	base	activation	90959a3a6df71aeb	90959a3a6df71aeb2c6dcefd09137dac2fc4680322e5547a14d38e2145b461be	lerobot_groot_n15	n15	lerobot_groot_n15__robocasa365_ckpt120000		0	Open the right drawer.	robocasa_panda_omron/OpenDrawer_PandaOmron_Env	100006	1300002	0	0			5		1	all_token_full	groot_n15_dit_block_residual_full_tokens_denoise	"[""layer"",""denoise_step"",""model_token"",""feature_dim""]"	[7,4,49,1536]	[0,2,4,8,10,12,15]	n15_grid_v5_scenario	grid_coord	meta	meta_json	8daefeabf020/worker1/OpenDrawer/right/s304/n2/base	304	4
8daefeabf020	worker1	OpenDrawer/right	3	3	base	activation	07870635946c3430	07870635946c3430e4b20a62cf1df3b9c7ebafe6e3c7a4faff3f12bb9c75e11d	lerobot_groot_n15	n15	lerobot_groot_n15__robocasa365_ckpt120000		0	Open the right drawer.	robocasa_panda_omron/OpenDrawer_PandaOmron_Env	100006	1300003	0	0			5		1	all_token_full	groot_n15_dit_block_residual_full_tokens_denoise	"[""layer"",""denoise_step"",""model_token"",""feature_dim""]"	[7,4,49,1536]	[0,2,4,8,10,12,15]	n15_grid_v5_scenario	grid_coord	meta	meta_json	8daefeabf020/worker1/OpenDrawer/right/s304/n3/base	304	4
8daefeabf020	worker1	OpenDrawer/right	3	4	base	activation	f9c0bf4579be4f34	f9c0bf4579be4f342d58779d37f5bd479707fd2f0df061faaa17aed4dff7d04b	lerobot_groot_n15	n15	lerobot_groot_n15__robocasa365_ckpt120000		0	Open the right drawer.	robocasa_panda_omron/OpenDrawer_PandaOmron_Env	100006	1300004	0	0			5		1	all_token_full	groot_n15_dit_block_residual_full_tokens_denoise	"[""layer"",""denoise_step"",""model_token"",""feature_dim""]"	[7,4,49,1536]	[0,2,4,8,10,12,15]	n15_grid_v5_scenario	grid_coord	meta	meta_json	8daefeabf020/worker1/OpenDrawer/right/s304/n4/base	304	4
8daefeabf020	worker1	OpenDrawer/right	0	0	base	activation	5805b34e98511ca0	5805b34e98511ca0c09f51361b6abce000853a04d7d07c796e993cc8a2446bf0	lerobot_groot_n15	n15	lerobot_groot_n15__robocasa365_ckpt120000		0	Open the right drawer.	robocasa_panda_omron/OpenDrawer_PandaOmron_Env	100000	1300000	0	1			5		1	all_token_full	groot_n15_dit_block_residual_full_tokens_denoise	"[""layer"",""denoise_step"",""model_token"",""feature_dim""]"	[7,4,49,1536]	[0,2,4,8,10,12,15]	n15_grid_v5_scenario	grid_coord	meta	meta_json	8daefeabf020/worker1/OpenDrawer/right/s4/n0/base	4	4
8daefeabf020	worker1	OpenDrawer/right	0	1	base	activation	a3c4a90e43ad5db2	a3c4a90e43ad5db2d81f291015ebf456b46dec82c594dfe3828f3a31f818a6ca	lerobot_groot_n15	n15	lerobot_groot_n15__robocasa365_ckpt120000		0	Open the right drawer.	robocasa_panda_omron/OpenDrawer_PandaOmron_Env	100000	1300001	0	1			5		1	all_token_full	groot_n15_dit_block_residual_full_tokens_denoise	"[""layer"",""denoise_step"",""model_token"",""feature_dim""]"	[7,4,49,1536]	[0,2,4,8,10,12,15]	n15_grid_v5_scenario	grid_coord	meta	meta_json	8daefeabf020/worker1/OpenDrawer/right/s4/n1/base	4	4
8daefeabf020	worker1	OpenDrawer/right	0	2	base	activation	bbafc6e8b4342a41	bbafc6e8b4342a41d7463d7c2a83a8c7a77a9e6b793b9dc88dd37a03ea158a5f	lerobot_groot_n15	n15	lerobot_groot_n15__robocasa365_ckpt120000		0	Open the right drawer.	robocasa_panda_omron/OpenDrawer_PandaOmron_Env	100000	1300002	0	1			5		1	all_token_full	groot_n15_dit_block_residual_full_tokens_denoise	"[""layer"",""denoise_step"",""model_token"",""feature_dim""]"	[7,4,49,1536]	[0,2,4,8,10,12,15]	n15_grid_v5_scenario	grid_coord	meta	meta_json	8daefeabf020/worker1/OpenDrawer/right/s4/n2/base	4	4
8daefeabf020	worker1	OpenDrawer/right	0	3	base	activation	f1966e500716e996	f1966e500716e99693d52c71c4f5b846705a147186052f79373971fb910f19d0	lerobot_groot_n15	n15	lerobot_groot_n15__robocasa365_ckpt120000		0	Open the right drawer.	robocasa_panda_omron/OpenDrawer_PandaOmron_Env	100000	1300003	0	1			5		1	all_token_full	groot_n15_dit_block_residual_full_tokens_denoise	"[""layer"",""denoise_step"",""model_token"",""feature_dim""]"	[7,4,49,1536]	[0,2,4,8,10,12,15]	n15_grid_v5_scenario	grid_coord	meta	meta_json	8daefeabf020/worker1/OpenDrawer/right/s4/n3/base	4	4
8daefeabf020	worker1	OpenDrawer/right	0	4	base	activation	cf6865cc2cc3c214	cf6865cc2cc3c214966b4b27cdd8bb1605f8229220763421b1e242f21eda609a	lerobot_groot_n15	n15	lerobot_groot_n15__robocasa365_ckpt120000		0	Open the right drawer.	robocasa_panda_omron/OpenDrawer_PandaOmron_Env	100000	1300004	0	1			5		1	all_token_full	groot_n15_dit_block_residual_full_tokens_denoise	"[""layer"",""denoise_step"",""model_token"",""feature_dim""]"	[7,4,49,1536]	[0,2,4,8,10,12,15]	n15_grid_v5_scenario	grid_coord	meta	meta_json	8daefeabf020/worker1/OpenDrawer/right/s4/n4/base	4	4
8daefeabf020	worker1	OpenDrawer/right	4	0	base	activation	a3a661bb270fb8bf	a3a661bb270fb8bf1a125d554fb248258eae0654faa7903cc1ca2a54f3c93a0e	lerobot_groot_n15	n15	lerobot_groot_n15__robocasa365_ckpt120000		0	Open the right drawer.	robocasa_panda_omron/OpenDrawer_PandaOmron_Env	100009	1300000	0	1			5		1	all_token_full	groot_n15_dit_block_residual_full_tokens_denoise	"[""layer"",""denoise_step"",""model_token"",""feature_dim""]"	[7,4,49,1536]	[0,2,4,8,10,12,15]	n15_grid_v5_scenario	grid_coord	meta	meta_json	8daefeabf020/worker1/OpenDrawer/right/s401/n0/base	401	1
8daefeabf020	worker1	OpenDrawer/right	4	1	base	activation	37fa8f8771e498e6	37fa8f8771e498e6be5edabc72682d67575a2f5c2b1419be5b94f8e54277d585	lerobot_groot_n15	n15	lerobot_groot_n15__robocasa365_ckpt120000		0	Open the right drawer.	robocasa_panda_omron/OpenDrawer_PandaOmron_Env	100009	1300001	0	1			5		1	all_token_full	groot_n15_dit_block_residual_full_tokens_denoise	"[""layer"",""denoise_step"",""model_token"",""feature_dim""]"	[7,4,49,1536]	[0,2,4,8,10,12,15]	n15_grid_v5_scenario	grid_coord	meta	meta_json	8daefeabf020/worker1/OpenDrawer/right/s401/n1/base	401	1
8daefeabf020	worker1	OpenDrawer/right	4	2	base	activation	d1a463ece9407df9	d1a463ece9407df9cf4a257b1ddc4fc992ccaa5fd16efdd4bc4239a90b885999	lerobot_groot_n15	n15	lerobot_groot_n15__robocasa365_ckpt120000		0	Open the right drawer.	robocasa_panda_omron/OpenDrawer_PandaOmron_Env	100009	1300002	0	1			5		1	all_token_full	groot_n15_dit_block_residual_full_tokens_denoise	"[""layer"",""denoise_step"",""model_token"",""feature_dim""]"	[7,4,49,1536]	[0,2,4,8,10,12,15]	n15_grid_v5_scenario	grid_coord	meta	meta_json	8daefeabf020/worker1/OpenDrawer/right/s401/n2/base	401	1
8daefeabf020	worker1	OpenDrawer/right	4	3	base	activation	e83283827278749d	e83283827278749d4c507b1e1bde667226c4a2840c7d360a16657b0697acd5e5	lerobot_groot_n15	n15	lerobot_groot_n15__robocasa365_ckpt120000		0	Open the right drawer.	robocasa_panda_omron/OpenDrawer_PandaOmron_Env	100009	1300003	0	1			5		1	all_token_full	groot_n15_dit_block_residual_full_tokens_denoise	"[""layer"",""denoise_step"",""model_token"",""feature_dim""]"	[7,4,49,1536]	[0,2,4,8,10,12,15]	n15_grid_v5_scenario	grid_coord	meta	meta_json	8daefeabf020/worker1/OpenDrawer/right/s401/n3/base	401	1
8daefeabf020	worker1	OpenDrawer/right	4	4	base	activation	c333b4767c19e141	c333b4767c19e141237b8ede2f4b608064d451f68a5068761e63b9fdfbb06983	lerobot_groot_n15	n15	lerobot_groot_n15__robocasa365_ckpt120000		0	Open the right drawer.	robocasa_panda_omron/OpenDrawer_PandaOmron_Env	100009	1300004	0	1			5		1	all_token_full	groot_n15_dit_block_residual_full_tokens_denoise	"[""layer"",""denoise_step"",""model_token"",""feature_dim""]"	[7,4,49,1536]	[0,2,4,8,10,12,15]	n15_grid_v5_scenario	grid_coord	meta	meta_json	8daefeabf020/worker1/OpenDrawer/right/s401/n4/base	401	1
8daefeabf020	worker1	OpenDrawer/right	4	0	base	activation	81e1a2629405356a	81e1a2629405356a7681c06219765376ea7754947501b96fd4bbaa91cb55392b	lerobot_groot_n15	n15	lerobot_groot_n15__robocasa365_ckpt120000		0	Open the right drawer.	robocasa_panda_omron/OpenDrawer_PandaOmron_Env	100009	1300000	0	1			5		1	all_token_full	groot_n15_dit_block_residual_full_tokens_denoise	"[""layer"",""denoise_step"",""model_token"",""feature_dim""]"	[7,4,49,1536]	[0,2,4,8,10,12,15]	n15_grid_v5_scenario	grid_coord	meta	meta_json	8daefeabf020/worker1/OpenDrawer/right/s402/n0/base	402	2
8daefeabf020	worker1	OpenDrawer/right	4	1	base	activation	83a2a93ecbbba3c5	83a2a93ecbbba3c5ae7506285377440e5cb116c1fd7230c8e435586d1d01c4b6	lerobot_groot_n15	n15	lerobot_groot_n15__robocasa365_ckpt120000		0	Open the right drawer.	robocasa_panda_omron/OpenDrawer_PandaOmron_Env	100009	1300001	0	1			5		1	all_token_full	groot_n15_dit_block_residual_full_tokens_denoise	"[""layer"",""denoise_step"",""model_token"",""feature_dim""]"	[7,4,49,1536]	[0,2,4,8,10,12,15]	n15_grid_v5_scenario	grid_coord	meta	meta_json	8daefeabf020/worker1/OpenDrawer/right/s402/n1/base	402	2
8daefeabf020	worker1	OpenDrawer/right	4	2	base	activation	299cc88b65088635	299cc88b65088635c68e0d293a0412e6cb8825b036e31074a70ca9cac06c793e	lerobot_groot_n15	n15	lerobot_groot_n15__robocasa365_ckpt120000		0	Open the right drawer.	robocasa_panda_omron/OpenDrawer_PandaOmron_Env	100009	1300002	0	1			5		1	all_token_full	groot_n15_dit_block_residual_full_tokens_denoise	"[""layer"",""denoise_step"",""model_token"",""feature_dim""]"	[7,4,49,1536]	[0,2,4,8,10,12,15]	n15_grid_v5_scenario	grid_coord	meta	meta_json	8daefeabf020/worker1/OpenDrawer/right/s402/n2/base	402	2
8daefeabf020	worker1	OpenDrawer/right	4	3	base	activation	35f14b0259f774b7	35f14b0259f774b7efdff0907b95c056421b7006eea807ca7e66836005651d93	lerobot_groot_n15	n15	lerobot_groot_n15__robocasa365_ckpt120000		0	Open the right drawer.	robocasa_panda_omron/OpenDrawer_PandaOmron_Env	100009	1300003	0	1			5		1	all_token_full	groot_n15_dit_block_residual_full_tokens_denoise	"[""layer"",""denoise_step"",""model_token"",""feature_dim""]"	[7,4,49,1536]	[0,2,4,8,10,12,15]	n15_grid_v5_scenario	grid_coord	meta	meta_json	8daefeabf020/worker1/OpenDrawer/right/s402/n3/base	402	2
8daefeabf020	worker1	OpenDrawer/right	4	4	base	activation	6cb2c6d29d9a73c4	6cb2c6d29d9a73c49d70d7c6e8eadc31e264fb1f7721246c66f91c44019b6358	lerobot_groot_n15	n15	lerobot_groot_n15__robocasa365_ckpt120000		0	Open the right drawer.	robocasa_panda_omron/OpenDrawer_PandaOmron_Env	100009	1300004	0	1			5		1	all_token_full	groot_n15_dit_block_residual_full_tokens_denoise	"[""layer"",""denoise_step"",""model_token"",""feature_dim""]"	[7,4,49,1536]	[0,2,4,8,10,12,15]	n15_grid_v5_scenario	grid_coord	meta	meta_json	8daefeabf020/worker1/OpenDrawer/right/s402/n4/base	402	2
8daefeabf020	worker1	OpenDrawer/right	4	0	base	activation	1716d9120f9fca4f	1716d9120f9fca4f3b005cf05181b1014e0a63194e8ae15b1903d234391335e1	lerobot_groot_n15	n15	lerobot_groot_n15__robocasa365_ckpt120000		0	Open the right drawer.	robocasa_panda_omron/OpenDrawer_PandaOmron_Env	100009	1300000	0	0			5		1	all_token_full	groot_n15_dit_block_residual_full_tokens_denoise	"[""layer"",""denoise_step"",""model_token"",""feature_dim""]"	[7,4,49,1536]	[0,2,4,8,10,12,15]	n15_grid_v5_scenario	grid_coord	meta	meta_json	8daefeabf020/worker1/OpenDrawer/right/s403/n0/base	403	3
8daefeabf020	worker1	OpenDrawer/right	4	1	base	activation	9753831667cc381c	9753831667cc381c65839316769e26d209f85fa2445385b3cd9610b946e472b5	lerobot_groot_n15	n15	lerobot_groot_n15__robocasa365_ckpt120000		0	Open the right drawer.	robocasa_panda_omron/OpenDrawer_PandaOmron_Env	100009	1300001	0	0			5		1	all_token_full	groot_n15_dit_block_residual_full_tokens_denoise	"[""layer"",""denoise_step"",""model_token"",""feature_dim""]"	[7,4,49,1536]	[0,2,4,8,10,12,15]	n15_grid_v5_scenario	grid_coord	meta	meta_json	8daefeabf020/worker1/OpenDrawer/right/s403/n1/base	403	3
8daefeabf020	worker1	OpenDrawer/right	4	2	base	activation	da175825cbecb31f	da175825cbecb31fa6bc9f3c37c9942bbcfae4c2764584a5026b795b5d8fad53	lerobot_groot_n15	n15	lerobot_groot_n15__robocasa365_ckpt120000		0	Open the right drawer.	robocasa_panda_omron/OpenDrawer_PandaOmron_Env	100009	1300002	0	1			5		1	all_token_full	groot_n15_dit_block_residual_full_tokens_denoise	"[""layer"",""denoise_step"",""model_token"",""feature_dim""]"	[7,4,49,1536]	[0,2,4,8,10,12,15]	n15_grid_v5_scenario	grid_coord	meta	meta_json	8daefeabf020/worker1/OpenDrawer/right/s403/n2/base	403	3
8daefeabf020	worker1	OpenDrawer/right	4	3	base	activation	c942e0255dbbebb1	c942e0255dbbebb1a56f8c944fb4de243962732c8e23a18090f55eff7f1f8192	lerobot_groot_n15	n15	lerobot_groot_n15__robocasa365_ckpt120000		0	Open the right drawer.	robocasa_panda_omron/OpenDrawer_PandaOmron_Env	100009	1300003	0	1			5		1	all_token_full	groot_n15_dit_block_residual_full_tokens_denoise	"[""layer"",""denoise_step"",""model_token"",""feature_dim""]"	[7,4,49,1536]	[0,2,4,8,10,12,15]	n15_grid_v5_scenario	grid_coord	meta	meta_json	8daefeabf020/worker1/OpenDrawer/right/s403/n3/base	403	3
8daefeabf020	worker1	OpenDrawer/right	4	4	base	activation	865af09b1f367ca0	865af09b1f367ca0edfd08407e98e5ef2bcbaa91fd8fb8a43381d25a1436064d	lerobot_groot_n15	n15	lerobot_groot_n15__robocasa365_ckpt120000		0	Open the right drawer.	robocasa_panda_omron/OpenDrawer_PandaOmron_Env	100009	1300004	0	1			5		1	all_token_full	groot_n15_dit_block_residual_full_tokens_denoise	"[""layer"",""denoise_step"",""model_token"",""feature_dim""]"	[7,4,49,1536]	[0,2,4,8,10,12,15]	n15_grid_v5_scenario	grid_coord	meta	meta_json	8daefeabf020/worker1/OpenDrawer/right/s403/n4/base	403	3
8daefeabf020	worker1	OpenDrawer/right	4	0	base	activation	a99571ffc9bdb94f	a99571ffc9bdb94f1c07e91dcea84eabadad6feda4f0f690e96d9b4da788fb57	lerobot_groot_n15	n15	lerobot_groot_n15__robocasa365_ckpt120000		0	Open the right drawer.	robocasa_panda_omron/OpenDrawer_PandaOmron_Env	100009	1300000	0	1			5		1	all_token_full	groot_n15_dit_block_residual_full_tokens_denoise	"[""layer"",""denoise_step"",""model_token"",""feature_dim""]"	[7,4,49,1536]	[0,2,4,8,10,12,15]	n15_grid_v5_scenario	grid_coord	meta	meta_json	8daefeabf020/worker1/OpenDrawer/right/s404/n0/base	404	4
8daefeabf020	worker1	OpenDrawer/right	4	1	base	activation	8d69b225e1fb3fa3	8d69b225e1fb3fa38a4dbb303111d70ca602d54e15717a8caa01de2b3e3b0f28	lerobot_groot_n15	n15	lerobot_groot_n15__robocasa365_ckpt120000		0	Open the right drawer.	robocasa_panda_omron/OpenDrawer_PandaOmron_Env	100009	1300001	0	1			5		1	all_token_full	groot_n15_dit_block_residual_full_tokens_denoise	"[""layer"",""denoise_step"",""model_token"",""feature_dim""]"	[7,4,49,1536]	[0,2,4,8,10,12,15]	n15_grid_v5_scenario	grid_coord	meta	meta_json	8daefeabf020/worker1/OpenDrawer/right/s404/n1/base	404	4
8daefeabf020	worker1	OpenDrawer/right	4	2	base	activation	afcf5a379056adac	afcf5a379056adac3b10366262044b5f4e994871d5e5927dac1578b1b9d5f3c8	lerobot_groot_n15	n15	lerobot_groot_n15__robocasa365_ckpt120000		0	Open the right drawer.	robocasa_panda_omron/OpenDrawer_PandaOmron_Env	100009	1300002	0	1			5		1	all_token_full	groot_n15_dit_block_residual_full_tokens_denoise	"[""layer"",""denoise_step"",""model_token"",""feature_dim""]"	[7,4,49,1536]	[0,2,4,8,10,12,15]	n15_grid_v5_scenario	grid_coord	meta	meta_json	8daefeabf020/worker1/OpenDrawer/right/s404/n2/base	404	4
8daefeabf020	worker1	OpenDrawer/right	4	3	base	activation	d23bb71bf98d8bf1	d23bb71bf98d8bf1e23929d334ed3794feaa714607ca2d5d6659a89af7563cc6	lerobot_groot_n15	n15	lerobot_groot_n15__robocasa365_ckpt120000		0	Open the right drawer.	robocasa_panda_omron/OpenDrawer_PandaOmron_Env	100009	1300003	0	1			5		1	all_token_full	groot_n15_dit_block_residual_full_tokens_denoise	"[""layer"",""denoise_step"",""model_token"",""feature_dim""]"	[7,4,49,1536]	[0,2,4,8,10,12,15]	n15_grid_v5_scenario	grid_coord	meta	meta_json	8daefeabf020/worker1/OpenDrawer/right/s404/n3/base	404	4
8daefeabf020	worker1	OpenDrawer/right	4	4	base	activation	e34075194647d893	e34075194647d8934749a49306519125b42b339875623d45c08518ac9a761942	lerobot_groot_n15	n15	lerobot_groot_n15__robocasa365_ckpt120000		0	Open the right drawer.	robocasa_panda_omron/OpenDrawer_PandaOmron_Env	100009	1300004	0	1			5		1	all_token_full	groot_n15_dit_block_residual_full_tokens_denoise	"[""layer"",""denoise_step"",""model_token"",""feature_dim""]"	[7,4,49,1536]	[0,2,4,8,10,12,15]	n15_grid_v5_scenario	grid_coord	meta	meta_json	8daefeabf020/worker1/OpenDrawer/right/s404/n4/base	404	4
8daefeabf020	worker1	OpenDrawer/right	4	0	base	activation	edf4c6f90e72a15e	edf4c6f90e72a15e16c808ed158e8665077501ff7c2add93faa68d88a2107104	lerobot_groot_n15	n15	lerobot_groot_n15__robocasa365_ckpt120000		0	Open the right drawer.	robocasa_panda_omron/OpenDrawer_PandaOmron_Env	100009	1300000	0	1			5		1	all_token_full	groot_n15_dit_block_residual_full_tokens_denoise	"[""layer"",""denoise_step"",""model_token"",""feature_dim""]"	[7,4,49,1536]	[0,2,4,8,10,12,15]	n15_grid_v5_scenario	grid_coord	meta	meta_json	8daefeabf020/worker1/OpenDrawer/right/s405/n0/base	405	5
8daefeabf020	worker1	OpenDrawer/right	4	1	base	activation	11c772ac463728c1	11c772ac463728c1f303b7e9191be3ab8631330f4f8e02050f50750977dce012	lerobot_groot_n15	n15	lerobot_groot_n15__robocasa365_ckpt120000		0	Open the right drawer.	robocasa_panda_omron/OpenDrawer_PandaOmron_Env	100009	1300001	0	1			5		1	all_token_full	groot_n15_dit_block_residual_full_tokens_denoise	"[""layer"",""denoise_step"",""model_token"",""feature_dim""]"	[7,4,49,1536]	[0,2,4,8,10,12,15]	n15_grid_v5_scenario	grid_coord	meta	meta_json	8daefeabf020/worker1/OpenDrawer/right/s405/n1/base	405	5
8daefeabf020	worker1	OpenDrawer/right	4	2	base	activation	b02cfc60aaf9e8e4	b02cfc60aaf9e8e46e23d50af57f10587791461f31fff9fe890f7f171e6d7922	lerobot_groot_n15	n15	lerobot_groot_n15__robocasa365_ckpt120000		0	Open the right drawer.	robocasa_panda_omron/OpenDrawer_PandaOmron_Env	100009	1300002	0	1			5		1	all_token_full	groot_n15_dit_block_residual_full_tokens_denoise	"[""layer"",""denoise_step"",""model_token"",""feature_dim""]"	[7,4,49,1536]	[0,2,4,8,10,12,15]	n15_grid_v5_scenario	grid_coord	meta	meta_json	8daefeabf020/worker1/OpenDrawer/right/s405/n2/base	405	5
8daefeabf020	worker1	OpenDrawer/right	4	3	base	activation	b0f8350ce2fd8c72	b0f8350ce2fd8c72d828346854f58f9cc85b2bcd7d43cd7fa29c150ee2a61fe4	lerobot_groot_n15	n15	lerobot_groot_n15__robocasa365_ckpt120000		0	Open the right drawer.	robocasa_panda_omron/OpenDrawer_PandaOmron_Env	100009	1300003	0	1			5		1	all_token_full	groot_n15_dit_block_residual_full_tokens_denoise	"[""layer"",""denoise_step"",""model_token"",""feature_dim""]"	[7,4,49,1536]	[0,2,4,8,10,12,15]	n15_grid_v5_scenario	grid_coord	meta	meta_json	8daefeabf020/worker1/OpenDrawer/right/s405/n3/base	405	5
8daefeabf020	worker1	OpenDrawer/right	4	4	base	activation	e9c56b52755099bc	e9c56b52755099bcc1b2c756663c6b694ea45446bb26e8300b3bc1937214b8cd	lerobot_groot_n15	n15	lerobot_groot_n15__robocasa365_ckpt120000		0	Open the right drawer.	robocasa_panda_omron/OpenDrawer_PandaOmron_Env	100009	1300004	0	1			5		1	all_token_full	groot_n15_dit_block_residual_full_tokens_denoise	"[""layer"",""denoise_step"",""model_token"",""feature_dim""]"	[7,4,49,1536]	[0,2,4,8,10,12,15]	n15_grid_v5_scenario	grid_coord	meta	meta_json	8daefeabf020/worker1/OpenDrawer/right/s405/n4/base	405	5
8daefeabf020	worker1	OpenDrawer/right	0	0	base	activation	2776ebf7f771b162	2776ebf7f771b162019f06bb7a2c877769803cb73dfd3b5907166d5c0b8e8ee6	lerobot_groot_n15	n15	lerobot_groot_n15__robocasa365_ckpt120000		0	Open the right drawer.	robocasa_panda_omron/OpenDrawer_PandaOmron_Env	100000	1300000	0	1			5		1	all_token_full	groot_n15_dit_block_residual_full_tokens_denoise	"[""layer"",""denoise_step"",""model_token"",""feature_dim""]"	[7,4,49,1536]	[0,2,4,8,10,12,15]	n15_grid_v5_scenario	grid_coord	meta	meta_json	8daefeabf020/worker1/OpenDrawer/right/s6/n0/base	6	6
8daefeabf020	worker1	OpenDrawer/right	0	1	base	activation	0181b24b063e511e	0181b24b063e511ea4b24bbbee196b7f753868152d00e41f8c6640900abf3a0b	lerobot_groot_n15	n15	lerobot_groot_n15__robocasa365_ckpt120000		0	Open the right drawer.	robocasa_panda_omron/OpenDrawer_PandaOmron_Env	100000	1300001	0	1			5		1	all_token_full	groot_n15_dit_block_residual_full_tokens_denoise	"[""layer"",""denoise_step"",""model_token"",""feature_dim""]"	[7,4,49,1536]	[0,2,4,8,10,12,15]	n15_grid_v5_scenario	grid_coord	meta	meta_json	8daefeabf020/worker1/OpenDrawer/right/s6/n1/base	6	6
8daefeabf020	worker1	OpenDrawer/right	0	2	base	activation	4025fef0901c80cd	4025fef0901c80cdfd600d1651ba3f1b92c7a1784702b971a28b3653718b3eb0	lerobot_groot_n15	n15	lerobot_groot_n15__robocasa365_ckpt120000		0	Open the right drawer.	robocasa_panda_omron/OpenDrawer_PandaOmron_Env	100000	1300002	0	1			5		1	all_token_full	groot_n15_dit_block_residual_full_tokens_denoise	"[""layer"",""denoise_step"",""model_token"",""feature_dim""]"	[7,4,49,1536]	[0,2,4,8,10,12,15]	n15_grid_v5_scenario	grid_coord	meta	meta_json	8daefeabf020/worker1/OpenDrawer/right/s6/n2/base	6	6
8daefeabf020	worker1	OpenDrawer/right	0	3	base	activation	754be405d908eacc	754be405d908eacc930cabe5d17c3587c11bda9b5f1afeab8bf6a966be40ad18	lerobot_groot_n15	n15	lerobot_groot_n15__robocasa365_ckpt120000		0	Open the right drawer.	robocasa_panda_omron/OpenDrawer_PandaOmron_Env	100000	1300003	0	1			5		1	all_token_full	groot_n15_dit_block_residual_full_tokens_denoise	"[""layer"",""denoise_step"",""model_token"",""feature_dim""]"	[7,4,49,1536]	[0,2,4,8,10,12,15]	n15_grid_v5_scenario	grid_coord	meta	meta_json	8daefeabf020/worker1/OpenDrawer/right/s6/n3/base	6	6
8daefeabf020	worker1	OpenDrawer/right	0	4	base	activation	d386ad806c3c10b6	d386ad806c3c10b6ded704b91b764f2460031bf68b4d3d3714402d3544bd0c3e	lerobot_groot_n15	n15	lerobot_groot_n15__robocasa365_ckpt120000		0	Open the right drawer.	robocasa_panda_omron/OpenDrawer_PandaOmron_Env	100000	1300004	0	1			5		1	all_token_full	groot_n15_dit_block_residual_full_tokens_denoise	"[""layer"",""denoise_step"",""model_token"",""feature_dim""]"	[7,4,49,1536]	[0,2,4,8,10,12,15]	n15_grid_v5_scenario	grid_coord	meta	meta_json	8daefeabf020/worker1/OpenDrawer/right/s6/n4/base	6	6
8daefeabf020	worker1	OpenDrawer/right	0	0	base	activation	bdef0d1d2f1d3480	bdef0d1d2f1d3480af8b5f8a5b779ee4fb3dd13ffe782b08ff872fcaf7d4aaf0	lerobot_groot_n15	n15	lerobot_groot_n15__robocasa365_ckpt120000		0	Open the right drawer.	robocasa_panda_omron/OpenDrawer_PandaOmron_Env	100000	1300000	0	1			5		1	all_token_full	groot_n15_dit_block_residual_full_tokens_denoise	"[""layer"",""denoise_step"",""model_token"",""feature_dim""]"	[7,4,49,1536]	[0,2,4,8,10,12,15]	n15_grid_v5_scenario	grid_coord	meta	meta_json	8daefeabf020/worker1/OpenDrawer/right/s7/n0/base	7	7
8daefeabf020	worker1	OpenDrawer/right	0	1	base	activation	1babbf61a45fe4ec	1babbf61a45fe4ec8048261fb379015e4edd5600a1bb75571c2e1e7778594c26	lerobot_groot_n15	n15	lerobot_groot_n15__robocasa365_ckpt120000		0	Open the right drawer.	robocasa_panda_omron/OpenDrawer_PandaOmron_Env	100000	1300001	0	1			5		1	all_token_full	groot_n15_dit_block_residual_full_tokens_denoise	"[""layer"",""denoise_step"",""model_token"",""feature_dim""]"	[7,4,49,1536]	[0,2,4,8,10,12,15]	n15_grid_v5_scenario	grid_coord	meta	meta_json	8daefeabf020/worker1/OpenDrawer/right/s7/n1/base	7	7
8daefeabf020	worker1	OpenDrawer/right	0	2	base	activation	53f8de3ec48dc476	53f8de3ec48dc476b3c083e97ab6a2cefdf688d22ae64e24ba366b41b14b11ab	lerobot_groot_n15	n15	lerobot_groot_n15__robocasa365_ckpt120000		0	Open the right drawer.	robocasa_panda_omron/OpenDrawer_PandaOmron_Env	100000	1300002	0	1			5		1	all_token_full	groot_n15_dit_block_residual_full_tokens_denoise	"[""layer"",""denoise_step"",""model_token"",""feature_dim""]"	[7,4,49,1536]	[0,2,4,8,10,12,15]	n15_grid_v5_scenario	grid_coord	meta	meta_json	8daefeabf020/worker1/OpenDrawer/right/s7/n2/base	7	7
8daefeabf020	worker1	OpenDrawer/right	0	3	base	activation	95d2e9a805d4c48c	95d2e9a805d4c48c99daadf4b76955f100b2faef6664c64dd13683d200919682	lerobot_groot_n15	n15	lerobot_groot_n15__robocasa365_ckpt120000		0	Open the right drawer.	robocasa_panda_omron/OpenDrawer_PandaOmron_Env	100000	1300003	0	1			5		1	all_token_full	groot_n15_dit_block_residual_full_tokens_denoise	"[""layer"",""denoise_step"",""model_token"",""feature_dim""]"	[7,4,49,1536]	[0,2,4,8,10,12,15]	n15_grid_v5_scenario	grid_coord	meta	meta_json	8daefeabf020/worker1/OpenDrawer/right/s7/n3/base	7	7
8daefeabf020	worker1	OpenDrawer/right	0	4	base	activation	2ca77f9450a35653	2ca77f9450a356533054b4db2c5bfe0885c3c345505e669f327d4562c432bbc8	lerobot_groot_n15	n15	lerobot_groot_n15__robocasa365_ckpt120000		0	Open the right drawer.	robocasa_panda_omron/OpenDrawer_PandaOmron_Env	100000	1300004	0	1			5		1	all_token_full	groot_n15_dit_block_residual_full_tokens_denoise	"[""layer"",""denoise_step"",""model_token"",""feature_dim""]"	[7,4,49,1536]	[0,2,4,8,10,12,15]	n15_grid_v5_scenario	grid_coord	meta	meta_json	8daefeabf020/worker1/OpenDrawer/right/s7/n4/base	7	7
8daefeabf020	worker2	PPCC/bread	0	0	base	activation	d420c070a1868505	d420c070a18685054992a071e13b861c8ed685a96c684c4ae2529642fc8588bc	lerobot_groot_n15	n15	lerobot_groot_n15__robocasa365_ckpt120000		0	Pick the bread from the counter and place it in the cabinet.	robocasa_panda_omron/PickPlaceCounterToCabinet_PandaOmron_Env	100084	1300000	0	0			5		1	all_token_full	groot_n15_dit_block_residual_full_tokens_denoise	"[""layer"",""denoise_step"",""model_token"",""feature_dim""]"	[7,4,49,1536]	[0,2,4,8,10,12,15]	n15_grid_v5_scenario	grid_coord	meta	meta_json	8daefeabf020/worker2/PPCC/bread/s0/n0/base	0	0
8daefeabf020	worker2	PPCC/bread	0	1	base	activation	2f9a415f8883f3ea	2f9a415f8883f3ea5e0989b0d8f60b15019d5b2b6e4e9f016cd447a2c0c26195	lerobot_groot_n15	n15	lerobot_groot_n15__robocasa365_ckpt120000		0	Pick the bread from the counter and place it in the cabinet.	robocasa_panda_omron/PickPlaceCounterToCabinet_PandaOmron_Env	100084	1300001	0	0			5		1	all_token_full	groot_n15_dit_block_residual_full_tokens_denoise	"[""layer"",""denoise_step"",""model_token"",""feature_dim""]"	[7,4,49,1536]	[0,2,4,8,10,12,15]	n15_grid_v5_scenario	grid_coord	meta	meta_json	8daefeabf020/worker2/PPCC/bread/s0/n1/base	0	0
8daefeabf020	worker2	PPCC/bread	0	2	base	activation	1ca7700e823742ac	1ca7700e823742acd7683ead0c14a039b17c0dbed470cc8c79cea90a5d156332	lerobot_groot_n15	n15	lerobot_groot_n15__robocasa365_ckpt120000		0	Pick the bread from the counter and place it in the cabinet.	robocasa_panda_omron/PickPlaceCounterToCabinet_PandaOmron_Env	100084	1300002	0	1			5		1	all_token_full	groot_n15_dit_block_residual_full_tokens_denoise	"[""layer"",""denoise_step"",""model_token"",""feature_dim""]"	[7,4,49,1536]	[0,2,4,8,10,12,15]	n15_grid_v5_scenario	grid_coord	meta	meta_json	8daefeabf020/worker2/PPCC/bread/s0/n2/base	0	0
8daefeabf020	worker2	PPCC/bread	0	3	base	activation	96f37221c77ee9be	96f37221c77ee9bebc6159d721134c146b32a8e2f9f9268746546fe009e5ec92	lerobot_groot_n15	n15	lerobot_groot_n15__robocasa365_ckpt120000		0	Pick the bread from the counter and place it in the cabinet.	robocasa_panda_omron/PickPlaceCounterToCabinet_PandaOmron_Env	100084	1300003	0	0			5		1	all_token_full	groot_n15_dit_block_residual_full_tokens_denoise	"[""layer"",""denoise_step"",""model_token"",""feature_dim""]"	[7,4,49,1536]	[0,2,4,8,10,12,15]	n15_grid_v5_scenario	grid_coord	meta	meta_json	8daefeabf020/worker2/PPCC/bread/s0/n3/base	0	0
8daefeabf020	worker2	PPCC/bread	0	4	base	activation	a5ed1df175d41a57	a5ed1df175d41a57e302ea42a9777778e818c8c52f0dfcffd7ceffc6afbe514c	lerobot_groot_n15	n15	lerobot_groot_n15__robocasa365_ckpt120000		0	Pick the bread from the counter and place it in the cabinet.	robocasa_panda_omron/PickPlaceCounterToCabinet_PandaOmron_Env	100084	1300004	0	0			5		1	all_token_full	groot_n15_dit_block_residual_full_tokens_denoise	"[""layer"",""denoise_step"",""model_token"",""feature_dim""]"	[7,4,49,1536]	[0,2,4,8,10,12,15]	n15_grid_v5_scenario	grid_coord	meta	meta_json	8daefeabf020/worker2/PPCC/bread/s0/n4/base	0	0
8daefeabf020	worker2	PPCC/bread	0	0	base	activation	423e28789d14ff2b	423e28789d14ff2b091339ef9cb7105f1162e62cab058bdbfe7dcfbd3e7554a3	lerobot_groot_n15	n15	lerobot_groot_n15__robocasa365_ckpt120000		0	Pick the bread from the counter and place it in the cabinet.	robocasa_panda_omron/PickPlaceCounterToCabinet_PandaOmron_Env	100084	1300000	0	1			5		1	all_token_full	groot_n15_dit_block_residual_full_tokens_denoise	"[""layer"",""denoise_step"",""model_token"",""feature_dim""]"	[7,4,49,1536]	[0,2,4,8,10,12,15]	n15_grid_v5_scenario	grid_coord	meta	meta_json	8daefeabf020/worker2/PPCC/bread/s1/n0/base	1	1
8daefeabf020	worker2	PPCC/bread	0	1	base	activation	d7985d4af10480cb	d7985d4af10480cbef95da6b9a7925b288ba7ad14197c1b02639d2365cebdb81	lerobot_groot_n15	n15	lerobot_groot_n15__robocasa365_ckpt120000		0	Pick the bread from the counter and place it in the cabinet.	robocasa_panda_omron/PickPlaceCounterToCabinet_PandaOmron_Env	100084	1300001	0	1			5		1	all_token_full	groot_n15_dit_block_residual_full_tokens_denoise	"[""layer"",""denoise_step"",""model_token"",""feature_dim""]"	[7,4,49,1536]	[0,2,4,8,10,12,15]	n15_grid_v5_scenario	grid_coord	meta	meta_json	8daefeabf020/worker2/PPCC/bread/s1/n1/base	1	1
8daefeabf020	worker2	PPCC/bread	0	2	base	activation	fdf863090a9c3ce5	fdf863090a9c3ce552c728cece5587d99ab35fd7036212eb36811e1024595562	lerobot_groot_n15	n15	lerobot_groot_n15__robocasa365_ckpt120000		0	Pick the bread from the counter and place it in the cabinet.	robocasa_panda_omron/PickPlaceCounterToCabinet_PandaOmron_Env	100084	1300002	0	1			5		1	all_token_full	groot_n15_dit_block_residual_full_tokens_denoise	"[""layer"",""denoise_step"",""model_token"",""feature_dim""]"	[7,4,49,1536]	[0,2,4,8,10,12,15]	n15_grid_v5_scenario	grid_coord	meta	meta_json	8daefeabf020/worker2/PPCC/bread/s1/n2/base	1	1
8daefeabf020	worker2	PPCC/bread	0	3	base	activation	d14da69a70ff18e7	d14da69a70ff18e789749e4c518405134ea4db19654994c18b4ac03f7f71ed1d	lerobot_groot_n15	n15	lerobot_groot_n15__robocasa365_ckpt120000		0	Pick the bread from the counter and place it in the cabinet.	robocasa_panda_omron/PickPlaceCounterToCabinet_PandaOmron_Env	100084	1300003	0	1			5		1	all_token_full	groot_n15_dit_block_residual_full_tokens_denoise	"[""layer"",""denoise_step"",""model_token"",""feature_dim""]"	[7,4,49,1536]	[0,2,4,8,10,12,15]	n15_grid_v5_scenario	grid_coord	meta	meta_json	8daefeabf020/worker2/PPCC/bread/s1/n3/base	1	1
8daefeabf020	worker2	PPCC/bread	0	4	base	activation	6544fe00517ce872	6544fe00517ce872cb2e48b3a444a94290a6e1ddc14785a5ea68f47df6371438	lerobot_groot_n15	n15	lerobot_groot_n15__robocasa365_ckpt120000		0	Pick the bread from the counter and place it in the cabinet.	robocasa_panda_omron/PickPlaceCounterToCabinet_PandaOmron_Env	100084	1300004	0	0			5		1	all_token_full	groot_n15_dit_block_residual_full_tokens_denoise	"[""layer"",""denoise_step"",""model_token"",""feature_dim""]"	[7,4,49,1536]	[0,2,4,8,10,12,15]	n15_grid_v5_scenario	grid_coord	meta	meta_json	8daefeabf020/worker2/PPCC/bread/s1/n4/base	1	1
8daefeabf020	worker2	PPCC/bread	1	0	base	activation	de62c1ecd8c61ddb	de62c1ecd8c61ddb2d8db3f1a8231530221d4f1f60230ed3a87dc0df4e8c2568	lerobot_groot_n15	n15	lerobot_groot_n15__robocasa365_ckpt120000		0	Pick the bread from the counter and place it in the cabinet.	robocasa_panda_omron/PickPlaceCounterToCabinet_PandaOmron_Env	100197	1300000	0	1			5		1	all_token_full	groot_n15_dit_block_residual_full_tokens_denoise	"[""layer"",""denoise_step"",""model_token"",""feature_dim""]"	[7,4,49,1536]	[0,2,4,8,10,12,15]	n15_grid_v5_scenario	grid_coord	meta	meta_json	8daefeabf020/worker2/PPCC/bread/s100/n0/base	100	0
8daefeabf020	worker2	PPCC/bread	1	1	base	activation	02ccbb7bcef5739d	02ccbb7bcef5739d914660ec6734616910a2b46247e8ebc54819657b38ea5bc5	lerobot_groot_n15	n15	lerobot_groot_n15__robocasa365_ckpt120000		0	Pick the bread from the counter and place it in the cabinet.	robocasa_panda_omron/PickPlaceCounterToCabinet_PandaOmron_Env	100197	1300001	0	1			5		1	all_token_full	groot_n15_dit_block_residual_full_tokens_denoise	"[""layer"",""denoise_step"",""model_token"",""feature_dim""]"	[7,4,49,1536]	[0,2,4,8,10,12,15]	n15_grid_v5_scenario	grid_coord	meta	meta_json	8daefeabf020/worker2/PPCC/bread/s100/n1/base	100	0
8daefeabf020	worker2	PPCC/bread	1	2	base	activation	eec2b758e45b3d1c	eec2b758e45b3d1c2fb6ef5c16f0ae1e52b784ce896c28e8a9e44bd4078f1f33	lerobot_groot_n15	n15	lerobot_groot_n15__robocasa365_ckpt120000		0	Pick the bread from the counter and place it in the cabinet.	robocasa_panda_omron/PickPlaceCounterToCabinet_PandaOmron_Env	100197	1300002	0	1			5		1	all_token_full	groot_n15_dit_block_residual_full_tokens_denoise	"[""layer"",""denoise_step"",""model_token"",""feature_dim""]"	[7,4,49,1536]	[0,2,4,8,10,12,15]	n15_grid_v5_scenario	grid_coord	meta	meta_json	8daefeabf020/worker2/PPCC/bread/s100/n2/base	100	0
8daefeabf020	worker2	PPCC/bread	1	3	base	activation	7adab729ed15f5df	7adab729ed15f5dfae47614fe6f604345796b92bcfbf9a331fecba697ba8ed6a	lerobot_groot_n15	n15	lerobot_groot_n15__robocasa365_ckpt120000		0	Pick the bread from the counter and place it in the cabinet.	robocasa_panda_omron/PickPlaceCounterToCabinet_PandaOmron_Env	100197	1300003	0	0			5		1	all_token_full	groot_n15_dit_block_residual_full_tokens_denoise	"[""layer"",""denoise_step"",""model_token"",""feature_dim""]"	[7,4,49,1536]	[0,2,4,8,10,12,15]	n15_grid_v5_scenario	grid_coord	meta	meta_json	8daefeabf020/worker2/PPCC/bread/s100/n3/base	100	0
8daefeabf020	worker2	PPCC/bread	1	4	base	activation	58bf8fd87519f8c9	58bf8fd87519f8c91e9494a28e51976fb7ba68ad35f8e04c42dc31f671fe510e	lerobot_groot_n15	n15	lerobot_groot_n15__robocasa365_ckpt120000		0	Pick the bread from the counter and place it in the cabinet.	robocasa_panda_omron/PickPlaceCounterToCabinet_PandaOmron_Env	100197	1300004	0	0			5		1	all_token_full	groot_n15_dit_block_residual_full_tokens_denoise	"[""layer"",""denoise_step"",""model_token"",""feature_dim""]"	[7,4,49,1536]	[0,2,4,8,10,12,15]	n15_grid_v5_scenario	grid_coord	meta	meta_json	8daefeabf020/worker2/PPCC/bread/s100/n4/base	100	0
8daefeabf020	worker2	PPCC/bread	1	0	base	activation	40521871f932393f	40521871f932393f92472b2e8024ee93f7b4a0764d94b008f33a52a6fa132525	lerobot_groot_n15	n15	lerobot_groot_n15__robocasa365_ckpt120000		0	Pick the bread from the counter and place it in the cabinet.	robocasa_panda_omron/PickPlaceCounterToCabinet_PandaOmron_Env	100197	1300000	0	1			5		1	all_token_full	groot_n15_dit_block_residual_full_tokens_denoise	"[""layer"",""denoise_step"",""model_token"",""feature_dim""]"	[7,4,49,1536]	[0,2,4,8,10,12,15]	n15_grid_v5_scenario	grid_coord	meta	meta_json	8daefeabf020/worker2/PPCC/bread/s101/n0/base	101	1
8daefeabf020	worker2	PPCC/bread	1	1	base	activation	e8aa0ca9e3affd51	e8aa0ca9e3affd51900e921d6e29a157059fd79e6e6bcce22fe578d9cbc0d515	lerobot_groot_n15	n15	lerobot_groot_n15__robocasa365_ckpt120000		0	Pick the bread from the counter and place it in the cabinet.	robocasa_panda_omron/PickPlaceCounterToCabinet_PandaOmron_Env	100197	1300001	0	1			5		1	all_token_full	groot_n15_dit_block_residual_full_tokens_denoise	"[""layer"",""denoise_step"",""model_token"",""feature_dim""]"	[7,4,49,1536]	[0,2,4,8,10,12,15]	n15_grid_v5_scenario	grid_coord	meta	meta_json	8daefeabf020/worker2/PPCC/bread/s101/n1/base	101	1
8daefeabf020	worker2	PPCC/bread	1	2	base	activation	72684f3283c45901	72684f3283c459018ae6536a13baed1c3741e63acdaf13c46ec190a45ce0adf0	lerobot_groot_n15	n15	lerobot_groot_n15__robocasa365_ckpt120000		0	Pick the bread from the counter and place it in the cabinet.	robocasa_panda_omron/PickPlaceCounterToCabinet_PandaOmron_Env	100197	1300002	0	0			5		1	all_token_full	groot_n15_dit_block_residual_full_tokens_denoise	"[""layer"",""denoise_step"",""model_token"",""feature_dim""]"	[7,4,49,1536]	[0,2,4,8,10,12,15]	n15_grid_v5_scenario	grid_coord	meta	meta_json	8daefeabf020/worker2/PPCC/bread/s101/n2/base	101	1
8daefeabf020	worker2	PPCC/bread	1	3	base	activation	5bb05c3ecd712937	5bb05c3ecd712937aa885e2b4787677e4ad0a28e788b9d2f7f548d33a7a9131d	lerobot_groot_n15	n15	lerobot_groot_n15__robocasa365_ckpt120000		0	Pick the bread from the counter and place it in the cabinet.	robocasa_panda_omron/PickPlaceCounterToCabinet_PandaOmron_Env	100197	1300003	0	0			5		1	all_token_full	groot_n15_dit_block_residual_full_tokens_denoise	"[""layer"",""denoise_step"",""model_token"",""feature_dim""]"	[7,4,49,1536]	[0,2,4,8,10,12,15]	n15_grid_v5_scenario	grid_coord	meta	meta_json	8daefeabf020/worker2/PPCC/bread/s101/n3/base	101	1
8daefeabf020	worker2	PPCC/bread	1	4	base	activation	2331fbba1f281820	2331fbba1f2818206f39758b04cd2b179d369f90180301755645bd32acc5f7f6	lerobot_groot_n15	n15	lerobot_groot_n15__robocasa365_ckpt120000		0	Pick the bread from the counter and place it in the cabinet.	robocasa_panda_omron/PickPlaceCounterToCabinet_PandaOmron_Env	100197	1300004	0	1			5		1	all_token_full	groot_n15_dit_block_residual_full_tokens_denoise	"[""layer"",""denoise_step"",""model_token"",""feature_dim""]"	[7,4,49,1536]	[0,2,4,8,10,12,15]	n15_grid_v5_scenario	grid_coord	meta	meta_json	8daefeabf020/worker2/PPCC/bread/s101/n4/base	101	1
8daefeabf020	worker2	PPCC/bread	1	0	base	activation	3479c5e29bdf2d4c	3479c5e29bdf2d4cd374a1ad5c79d5f52d55d13f138fc1fc0d7e2bad18fe1e33	lerobot_groot_n15	n15	lerobot_groot_n15__robocasa365_ckpt120000		0	Pick the bread from the counter and place it in the cabinet.	robocasa_panda_omron/PickPlaceCounterToCabinet_PandaOmron_Env	100197	1300000	0	1			5		1	all_token_full	groot_n15_dit_block_residual_full_tokens_denoise	"[""layer"",""denoise_step"",""model_token"",""feature_dim""]"	[7,4,49,1536]	[0,2,4,8,10,12,15]	n15_grid_v5_scenario	grid_coord	meta	meta_json	8daefeabf020/worker2/PPCC/bread/s102/n0/base	102	2
8daefeabf020	worker2	PPCC/bread	1	1	base	activation	35b9c28327a5226a	35b9c28327a5226ad5c2c001f9ea7ee01553323644f8478d654d3c2bd1cc52e4	lerobot_groot_n15	n15	lerobot_groot_n15__robocasa365_ckpt120000		0	Pick the bread from the counter and place it in the cabinet.	robocasa_panda_omron/PickPlaceCounterToCabinet_PandaOmron_Env	100197	1300001	0	1			5		1	all_token_full	groot_n15_dit_block_residual_full_tokens_denoise	"[""layer"",""denoise_step"",""model_token"",""feature_dim""]"	[7,4,49,1536]	[0,2,4,8,10,12,15]	n15_grid_v5_scenario	grid_coord	meta	meta_json	8daefeabf020/worker2/PPCC/bread/s102/n1/base	102	2
8daefeabf020	worker2	PPCC/bread	1	2	base	activation	43d129eb1f8c4496	43d129eb1f8c449613c9515aa67de0b30a7f7663723cc7244fd43f6f6fb8fcb3	lerobot_groot_n15	n15	lerobot_groot_n15__robocasa365_ckpt120000		0	Pick the bread from the counter and place it in the cabinet.	robocasa_panda_omron/PickPlaceCounterToCabinet_PandaOmron_Env	100197	1300002	0	0			5		1	all_token_full	groot_n15_dit_block_residual_full_tokens_denoise	"[""layer"",""denoise_step"",""model_token"",""feature_dim""]"	[7,4,49,1536]	[0,2,4,8,10,12,15]	n15_grid_v5_scenario	grid_coord	meta	meta_json	8daefeabf020/worker2/PPCC/bread/s102/n2/base	102	2
8daefeabf020	worker2	PPCC/bread	1	3	base	activation	2a9267e391272c77	2a9267e391272c77f72a529e66ffdfbb64d37352c4290e879e10197b427143d6	lerobot_groot_n15	n15	lerobot_groot_n15__robocasa365_ckpt120000		0	Pick the bread from the counter and place it in the cabinet.	robocasa_panda_omron/PickPlaceCounterToCabinet_PandaOmron_Env	100197	1300003	0	0			5		1	all_token_full	groot_n15_dit_block_residual_full_tokens_denoise	"[""layer"",""denoise_step"",""model_token"",""feature_dim""]"	[7,4,49,1536]	[0,2,4,8,10,12,15]	n15_grid_v5_scenario	grid_coord	meta	meta_json	8daefeabf020/worker2/PPCC/bread/s102/n3/base	102	2
8daefeabf020	worker2	PPCC/bread	1	4	base	activation	3bd0e89f02044a51	3bd0e89f02044a515a83fc0a029f3b9b2437ecea358c10d5c6a08f6fd673767f	lerobot_groot_n15	n15	lerobot_groot_n15__robocasa365_ckpt120000		0	Pick the bread from the counter and place it in the cabinet.	robocasa_panda_omron/PickPlaceCounterToCabinet_PandaOmron_Env	100197	1300004	0	1			5		1	all_token_full	groot_n15_dit_block_residual_full_tokens_denoise	"[""layer"",""denoise_step"",""model_token"",""feature_dim""]"	[7,4,49,1536]	[0,2,4,8,10,12,15]	n15_grid_v5_scenario	grid_coord	meta	meta_json	8daefeabf020/worker2/PPCC/bread/s102/n4/base	102	2
8daefeabf020	worker2	PPCC/bread	1	0	base	activation	1c9d41e2cb188fb2	1c9d41e2cb188fb2a61b76ebbf071c96d6d128a72383baa9a47b87087f9dda1f	lerobot_groot_n15	n15	lerobot_groot_n15__robocasa365_ckpt120000		0	Pick the bread from the counter and place it in the cabinet.	robocasa_panda_omron/PickPlaceCounterToCabinet_PandaOmron_Env	100197	1300000	0	1			5		1	all_token_full	groot_n15_dit_block_residual_full_tokens_denoise	"[""layer"",""denoise_step"",""model_token"",""feature_dim""]"	[7,4,49,1536]	[0,2,4,8,10,12,15]	n15_grid_v5_scenario	grid_coord	meta	meta_json	8daefeabf020/worker2/PPCC/bread/s103/n0/base	103	3
8daefeabf020	worker2	PPCC/bread	1	1	base	activation	b2b0dace56c1c9bf	b2b0dace56c1c9bf239469b1198c302014a1153416e1f1a5e0db803d2ceb3f32	lerobot_groot_n15	n15	lerobot_groot_n15__robocasa365_ckpt120000		0	Pick the bread from the counter and place it in the cabinet.	robocasa_panda_omron/PickPlaceCounterToCabinet_PandaOmron_Env	100197	1300001	0	1			5		1	all_token_full	groot_n15_dit_block_residual_full_tokens_denoise	"[""layer"",""denoise_step"",""model_token"",""feature_dim""]"	[7,4,49,1536]	[0,2,4,8,10,12,15]	n15_grid_v5_scenario	grid_coord	meta	meta_json	8daefeabf020/worker2/PPCC/bread/s103/n1/base	103	3
8daefeabf020	worker2	PPCC/bread	1	2	base	activation	1d464e831d73d9e0	1d464e831d73d9e0ab785ea82f5b9f6ea1b9627a1b54d0862b3d3528d524fd4c	lerobot_groot_n15	n15	lerobot_groot_n15__robocasa365_ckpt120000		0	Pick the bread from the counter and place it in the cabinet.	robocasa_panda_omron/PickPlaceCounterToCabinet_PandaOmron_Env	100197	1300002	0	0			5		1	all_token_full	groot_n15_dit_block_residual_full_tokens_denoise	"[""layer"",""denoise_step"",""model_token"",""feature_dim""]"	[7,4,49,1536]	[0,2,4,8,10,12,15]	n15_grid_v5_scenario	grid_coord	meta	meta_json	8daefeabf020/worker2/PPCC/bread/s103/n2/base	103	3
8daefeabf020	worker2	PPCC/bread	1	3	base	activation	7bea6efa52c36740	7bea6efa52c3674062f0f2891a731aad70d5a6adcc6b054354f922dee4868a69	lerobot_groot_n15	n15	lerobot_groot_n15__robocasa365_ckpt120000		0	Pick the bread from the counter and place it in the cabinet.	robocasa_panda_omron/PickPlaceCounterToCabinet_PandaOmron_Env	100197	1300003	0	0			5		1	all_token_full	groot_n15_dit_block_residual_full_tokens_denoise	"[""layer"",""denoise_step"",""model_token"",""feature_dim""]"	[7,4,49,1536]	[0,2,4,8,10,12,15]	n15_grid_v5_scenario	grid_coord	meta	meta_json	8daefeabf020/worker2/PPCC/bread/s103/n3/base	103	3
8daefeabf020	worker2	PPCC/bread	1	4	base	activation	57d9d566d822494b	57d9d566d822494b1ad36d8189dbfac7337180452644d70e54ff7f09deef278b	lerobot_groot_n15	n15	lerobot_groot_n15__robocasa365_ckpt120000		0	Pick the bread from the counter and place it in the cabinet.	robocasa_panda_omron/PickPlaceCounterToCabinet_PandaOmron_Env	100197	1300004	0	0			5		1	all_token_full	groot_n15_dit_block_residual_full_tokens_denoise	"[""layer"",""denoise_step"",""model_token"",""feature_dim""]"	[7,4,49,1536]	[0,2,4,8,10,12,15]	n15_grid_v5_scenario	grid_coord	meta	meta_json	8daefeabf020/worker2/PPCC/bread/s103/n4/base	103	3
8daefeabf020	worker2	PPCC/bread	1	0	base	activation	326c1ea7335711c1	326c1ea7335711c189b8ced69836906ae3b3dd3ab90ea95cace2f5d0c8a43e27	lerobot_groot_n15	n15	lerobot_groot_n15__robocasa365_ckpt120000		0	Pick the bread from the counter and place it in the cabinet.	robocasa_panda_omron/PickPlaceCounterToCabinet_PandaOmron_Env	100197	1300000	0	1			5		1	all_token_full	groot_n15_dit_block_residual_full_tokens_denoise	"[""layer"",""denoise_step"",""model_token"",""feature_dim""]"	[7,4,49,1536]	[0,2,4,8,10,12,15]	n15_grid_v5_scenario	grid_coord	meta	meta_json	8daefeabf020/worker2/PPCC/bread/s104/n0/base	104	4
8daefeabf020	worker2	PPCC/bread	1	1	base	activation	e5a77278d8fdfdb5	e5a77278d8fdfdb5363d0df6fc96d58b69182c308ced1b12492d814850b33161	lerobot_groot_n15	n15	lerobot_groot_n15__robocasa365_ckpt120000		0	Pick the bread from the counter and place it in the cabinet.	robocasa_panda_omron/PickPlaceCounterToCabinet_PandaOmron_Env	100197	1300001	0	0			5		1	all_token_full	groot_n15_dit_block_residual_full_tokens_denoise	"[""layer"",""denoise_step"",""model_token"",""feature_dim""]"	[7,4,49,1536]	[0,2,4,8,10,12,15]	n15_grid_v5_scenario	grid_coord	meta	meta_json	8daefeabf020/worker2/PPCC/bread/s104/n1/base	104	4
8daefeabf020	worker2	PPCC/bread	1	2	base	activation	b74677de654b3bab	b74677de654b3bab3956d3a2eee28f6d32cb2097852724e921755dd82f7c8be8	lerobot_groot_n15	n15	lerobot_groot_n15__robocasa365_ckpt120000		0	Pick the bread from the counter and place it in the cabinet.	robocasa_panda_omron/PickPlaceCounterToCabinet_PandaOmron_Env	100197	1300002	0	0			5		1	all_token_full	groot_n15_dit_block_residual_full_tokens_denoise	"[""layer"",""denoise_step"",""model_token"",""feature_dim""]"	[7,4,49,1536]	[0,2,4,8,10,12,15]	n15_grid_v5_scenario	grid_coord	meta	meta_json	8daefeabf020/worker2/PPCC/bread/s104/n2/base	104	4
8daefeabf020	worker2	PPCC/bread	1	3	base	activation	19a7380f58978d52	19a7380f58978d5238316820160e574353cd00cdaebd12e4d6e109c0ba3ee2c5	lerobot_groot_n15	n15	lerobot_groot_n15__robocasa365_ckpt120000		0	Pick the bread from the counter and place it in the cabinet.	robocasa_panda_omron/PickPlaceCounterToCabinet_PandaOmron_Env	100197	1300003	0	0			5		1	all_token_full	groot_n15_dit_block_residual_full_tokens_denoise	"[""layer"",""denoise_step"",""model_token"",""feature_dim""]"	[7,4,49,1536]	[0,2,4,8,10,12,15]	n15_grid_v5_scenario	grid_coord	meta	meta_json	8daefeabf020/worker2/PPCC/bread/s104/n3/base	104	4
8daefeabf020	worker2	PPCC/bread	1	4	base	activation	da788ecae71df483	da788ecae71df48338d84f65640d75c2c70c746b655468842d35a81fc92e0813	lerobot_groot_n15	n15	lerobot_groot_n15__robocasa365_ckpt120000		0	Pick the bread from the counter and place it in the cabinet.	robocasa_panda_omron/PickPlaceCounterToCabinet_PandaOmron_Env	100197	1300004	0	1			5		1	all_token_full	groot_n15_dit_block_residual_full_tokens_denoise	"[""layer"",""denoise_step"",""model_token"",""feature_dim""]"	[7,4,49,1536]	[0,2,4,8,10,12,15]	n15_grid_v5_scenario	grid_coord	meta	meta_json	8daefeabf020/worker2/PPCC/bread/s104/n4/base	104	4
8daefeabf020	worker2	PPCC/bread	0	0	base	activation	8c2dc4d5f8a35412	8c2dc4d5f8a35412fb5a40ca0501339e030be723ee0d293c7fbbfe7ad7c8667e	lerobot_groot_n15	n15	lerobot_groot_n15__robocasa365_ckpt120000		0	Pick the bread from the counter and place it in the cabinet.	robocasa_panda_omron/PickPlaceCounterToCabinet_PandaOmron_Env	100084	1300000	0	1			5		1	all_token_full	groot_n15_dit_block_residual_full_tokens_denoise	"[""layer"",""denoise_step"",""model_token"",""feature_dim""]"	[7,4,49,1536]	[0,2,4,8,10,12,15]	n15_grid_v5_scenario	grid_coord	meta	meta_json	8daefeabf020/worker2/PPCC/bread/s2/n0/base	2	2
8daefeabf020	worker2	PPCC/bread	0	1	base	activation	b33dc9b1e91ae61e	b33dc9b1e91ae61e2f09e25403ba14142389f05878b21e07b0f6dc8e2c74a784	lerobot_groot_n15	n15	lerobot_groot_n15__robocasa365_ckpt120000		0	Pick the bread from the counter and place it in the cabinet.	robocasa_panda_omron/PickPlaceCounterToCabinet_PandaOmron_Env	100084	1300001	0	1			5		1	all_token_full	groot_n15_dit_block_residual_full_tokens_denoise	"[""layer"",""denoise_step"",""model_token"",""feature_dim""]"	[7,4,49,1536]	[0,2,4,8,10,12,15]	n15_grid_v5_scenario	grid_coord	meta	meta_json	8daefeabf020/worker2/PPCC/bread/s2/n1/base	2	2
8daefeabf020	worker2	PPCC/bread	0	2	base	activation	c2cd0f3e205f6033	c2cd0f3e205f6033727cfdfe836180ac83fb89bd7cf94917881dfd1f0dd55edb	lerobot_groot_n15	n15	lerobot_groot_n15__robocasa365_ckpt120000		0	Pick the bread from the counter and place it in the cabinet.	robocasa_panda_omron/PickPlaceCounterToCabinet_PandaOmron_Env	100084	1300002	0	1			5		1	all_token_full	groot_n15_dit_block_residual_full_tokens_denoise	"[""layer"",""denoise_step"",""model_token"",""feature_dim""]"	[7,4,49,1536]	[0,2,4,8,10,12,15]	n15_grid_v5_scenario	grid_coord	meta	meta_json	8daefeabf020/worker2/PPCC/bread/s2/n2/base	2	2
8daefeabf020	worker2	PPCC/bread	0	3	base	activation	a40a01b13f9b8c9a	a40a01b13f9b8c9af098111b5ecb09dd7e77fa26fc43c24f48773a1647d11a7e	lerobot_groot_n15	n15	lerobot_groot_n15__robocasa365_ckpt120000		0	Pick the bread from the counter and place it in the cabinet.	robocasa_panda_omron/PickPlaceCounterToCabinet_PandaOmron_Env	100084	1300003	0	0			5		1	all_token_full	groot_n15_dit_block_residual_full_tokens_denoise	"[""layer"",""denoise_step"",""model_token"",""feature_dim""]"	[7,4,49,1536]	[0,2,4,8,10,12,15]	n15_grid_v5_scenario	grid_coord	meta	meta_json	8daefeabf020/worker2/PPCC/bread/s2/n3/base	2	2
8daefeabf020	worker2	PPCC/bread	0	4	base	activation	f4c6ef06e682893a	f4c6ef06e682893a75a0e20c38f464f094376ef2d0f23bab58e0faaa240d75ce	lerobot_groot_n15	n15	lerobot_groot_n15__robocasa365_ckpt120000		0	Pick the bread from the counter and place it in the cabinet.	robocasa_panda_omron/PickPlaceCounterToCabinet_PandaOmron_Env	100084	1300004	0	1			5		1	all_token_full	groot_n15_dit_block_residual_full_tokens_denoise	"[""layer"",""denoise_step"",""model_token"",""feature_dim""]"	[7,4,49,1536]	[0,2,4,8,10,12,15]	n15_grid_v5_scenario	grid_coord	meta	meta_json	8daefeabf020/worker2/PPCC/bread/s2/n4/base	2	2
8daefeabf020	worker2	PPCC/bread	2	0	base	activation	832b30c0be5a1d71	832b30c0be5a1d711afb1e5ac50447fc9d7546dc707db1492157840af69e72fa	lerobot_groot_n15	n15	lerobot_groot_n15__robocasa365_ckpt120000		0	Pick the bread from the counter and place it in the cabinet.	robocasa_panda_omron/PickPlaceCounterToCabinet_PandaOmron_Env	100201	1300000	0	0			5		1	all_token_full	groot_n15_dit_block_residual_full_tokens_denoise	"[""layer"",""denoise_step"",""model_token"",""feature_dim""]"	[7,4,49,1536]	[0,2,4,8,10,12,15]	n15_grid_v5_scenario	grid_coord	meta	meta_json	8daefeabf020/worker2/PPCC/bread/s200/n0/base	200	0
8daefeabf020	worker2	PPCC/bread	2	1	base	activation	bda0ef437f3a4970	bda0ef437f3a49704474193ad76d5a853ce2c35be59a208817c262767a39f88f	lerobot_groot_n15	n15	lerobot_groot_n15__robocasa365_ckpt120000		0	Pick the bread from the counter and place it in the cabinet.	robocasa_panda_omron/PickPlaceCounterToCabinet_PandaOmron_Env	100201	1300001	0	0			5		1	all_token_full	groot_n15_dit_block_residual_full_tokens_denoise	"[""layer"",""denoise_step"",""model_token"",""feature_dim""]"	[7,4,49,1536]	[0,2,4,8,10,12,15]	n15_grid_v5_scenario	grid_coord	meta	meta_json	8daefeabf020/worker2/PPCC/bread/s200/n1/base	200	0
8daefeabf020	worker2	PPCC/bread	2	2	base	activation	fac88518f085f2cb	fac88518f085f2cb681b90eb119aa3a8359837c911354010510c2e4257692fcb	lerobot_groot_n15	n15	lerobot_groot_n15__robocasa365_ckpt120000		0	Pick the bread from the counter and place it in the cabinet.	robocasa_panda_omron/PickPlaceCounterToCabinet_PandaOmron_Env	100201	1300002	0	1			5		1	all_token_full	groot_n15_dit_block_residual_full_tokens_denoise	"[""layer"",""denoise_step"",""model_token"",""feature_dim""]"	[7,4,49,1536]	[0,2,4,8,10,12,15]	n15_grid_v5_scenario	grid_coord	meta	meta_json	8daefeabf020/worker2/PPCC/bread/s200/n2/base	200	0
8daefeabf020	worker2	PPCC/bread	2	3	base	activation	175c751ce0107dfc	175c751ce0107dfce873b4921246193940062f2c6ba0df632992b52dafef302b	lerobot_groot_n15	n15	lerobot_groot_n15__robocasa365_ckpt120000		0	Pick the bread from the counter and place it in the cabinet.	robocasa_panda_omron/PickPlaceCounterToCabinet_PandaOmron_Env	100201	1300003	0	1			5		1	all_token_full	groot_n15_dit_block_residual_full_tokens_denoise	"[""layer"",""denoise_step"",""model_token"",""feature_dim""]"	[7,4,49,1536]	[0,2,4,8,10,12,15]	n15_grid_v5_scenario	grid_coord	meta	meta_json	8daefeabf020/worker2/PPCC/bread/s200/n3/base	200	0
8daefeabf020	worker2	PPCC/bread	2	4	base	activation	5eaacd0f8393de9a	5eaacd0f8393de9ae26794781f547a727451d66493cc055cc3d2dfcc3fece6df	lerobot_groot_n15	n15	lerobot_groot_n15__robocasa365_ckpt120000		0	Pick the bread from the counter and place it in the cabinet.	robocasa_panda_omron/PickPlaceCounterToCabinet_PandaOmron_Env	100201	1300004	0	1			5		1	all_token_full	groot_n15_dit_block_residual_full_tokens_denoise	"[""layer"",""denoise_step"",""model_token"",""feature_dim""]"	[7,4,49,1536]	[0,2,4,8,10,12,15]	n15_grid_v5_scenario	grid_coord	meta	meta_json	8daefeabf020/worker2/PPCC/bread/s200/n4/base	200	0
8daefeabf020	worker2	PPCC/bread	2	0	base	activation	73771bb6243b9783	73771bb6243b97831de8382b6765306f7179961a326bf99de6ab9a7b85d058fb	lerobot_groot_n15	n15	lerobot_groot_n15__robocasa365_ckpt120000		0	Pick the bread from the counter and place it in the cabinet.	robocasa_panda_omron/PickPlaceCounterToCabinet_PandaOmron_Env	100201	1300000	0	0			5		1	all_token_full	groot_n15_dit_block_residual_full_tokens_denoise	"[""layer"",""denoise_step"",""model_token"",""feature_dim""]"	[7,4,49,1536]	[0,2,4,8,10,12,15]	n15_grid_v5_scenario	grid_coord	meta	meta_json	8daefeabf020/worker2/PPCC/bread/s201/n0/base	201	1
8daefeabf020	worker2	PPCC/bread	2	1	base	activation	ee4b75b7eea3af0c	ee4b75b7eea3af0cc82725a4f74e4984fd5184233bfef6005a0e6a5fc71e3d21	lerobot_groot_n15	n15	lerobot_groot_n15__robocasa365_ckpt120000		0	Pick the bread from the counter and place it in the cabinet.	robocasa_panda_omron/PickPlaceCounterToCabinet_PandaOmron_Env	100201	1300001	0	1			5		1	all_token_full	groot_n15_dit_block_residual_full_tokens_denoise	"[""layer"",""denoise_step"",""model_token"",""feature_dim""]"	[7,4,49,1536]	[0,2,4,8,10,12,15]	n15_grid_v5_scenario	grid_coord	meta	meta_json	8daefeabf020/worker2/PPCC/bread/s201/n1/base	201	1
8daefeabf020	worker2	PPCC/bread	2	2	base	activation	03c55ec766844a8d	03c55ec766844a8dcc5aa6b573944de794f45568287f2ffa746a2ffd1ac80924	lerobot_groot_n15	n15	lerobot_groot_n15__robocasa365_ckpt120000		0	Pick the bread from the counter and place it in the cabinet.	robocasa_panda_omron/PickPlaceCounterToCabinet_PandaOmron_Env	100201	1300002	0	1			5		1	all_token_full	groot_n15_dit_block_residual_full_tokens_denoise	"[""layer"",""denoise_step"",""model_token"",""feature_dim""]"	[7,4,49,1536]	[0,2,4,8,10,12,15]	n15_grid_v5_scenario	grid_coord	meta	meta_json	8daefeabf020/worker2/PPCC/bread/s201/n2/base	201	1
8daefeabf020	worker2	PPCC/bread	2	3	base	activation	c05d24cfca6cb421	c05d24cfca6cb4217b0182540477f91230777d1dd4238124ac0c42c6909e9b78	lerobot_groot_n15	n15	lerobot_groot_n15__robocasa365_ckpt120000		0	Pick the bread from the counter and place it in the cabinet.	robocasa_panda_omron/PickPlaceCounterToCabinet_PandaOmron_Env	100201	1300003	0	1			5		1	all_token_full	groot_n15_dit_block_residual_full_tokens_denoise	"[""layer"",""denoise_step"",""model_token"",""feature_dim""]"	[7,4,49,1536]	[0,2,4,8,10,12,15]	n15_grid_v5_scenario	grid_coord	meta	meta_json	8daefeabf020/worker2/PPCC/bread/s201/n3/base	201	1
8daefeabf020	worker2	PPCC/bread	2	4	base	activation	06dd4731f4e1d07c	06dd4731f4e1d07c3ae0bea5f6499fddba31fa62d47e07d6a0a46ee8aa4ab6e5	lerobot_groot_n15	n15	lerobot_groot_n15__robocasa365_ckpt120000		0	Pick the bread from the counter and place it in the cabinet.	robocasa_panda_omron/PickPlaceCounterToCabinet_PandaOmron_Env	100201	1300004	0	1			5		1	all_token_full	groot_n15_dit_block_residual_full_tokens_denoise	"[""layer"",""denoise_step"",""model_token"",""feature_dim""]"	[7,4,49,1536]	[0,2,4,8,10,12,15]	n15_grid_v5_scenario	grid_coord	meta	meta_json	8daefeabf020/worker2/PPCC/bread/s201/n4/base	201	1
8daefeabf020	worker2	PPCC/bread	2	0	base	activation	ea4e99fdf38467ea	ea4e99fdf38467ead7c3aa2028e2e56135ae0102e873f035ae4aa5c2c23fd589	lerobot_groot_n15	n15	lerobot_groot_n15__robocasa365_ckpt120000		0	Pick the bread from the counter and place it in the cabinet.	robocasa_panda_omron/PickPlaceCounterToCabinet_PandaOmron_Env	100201	1300000	0	1			5		1	all_token_full	groot_n15_dit_block_residual_full_tokens_denoise	"[""layer"",""denoise_step"",""model_token"",""feature_dim""]"	[7,4,49,1536]	[0,2,4,8,10,12,15]	n15_grid_v5_scenario	grid_coord	meta	meta_json	8daefeabf020/worker2/PPCC/bread/s202/n0/base	202	2
8daefeabf020	worker2	PPCC/bread	2	1	base	activation	dc353ddeee7903e5	dc353ddeee7903e58f50c2517951c1bcbecdd2500908ed9b393d4da1b97db83c	lerobot_groot_n15	n15	lerobot_groot_n15__robocasa365_ckpt120000		0	Pick the bread from the counter and place it in the cabinet.	robocasa_panda_omron/PickPlaceCounterToCabinet_PandaOmron_Env	100201	1300001	0	1			5		1	all_token_full	groot_n15_dit_block_residual_full_tokens_denoise	"[""layer"",""denoise_step"",""model_token"",""feature_dim""]"	[7,4,49,1536]	[0,2,4,8,10,12,15]	n15_grid_v5_scenario	grid_coord	meta	meta_json	8daefeabf020/worker2/PPCC/bread/s202/n1/base	202	2
8daefeabf020	worker2	PPCC/bread	2	2	base	activation	79cfb20f0e9e2126	79cfb20f0e9e21260c1c2e524359d4dfff6b8c37e3413454bb099b88ab1e7c92	lerobot_groot_n15	n15	lerobot_groot_n15__robocasa365_ckpt120000		0	Pick the bread from the counter and place it in the cabinet.	robocasa_panda_omron/PickPlaceCounterToCabinet_PandaOmron_Env	100201	1300002	0	1			5		1	all_token_full	groot_n15_dit_block_residual_full_tokens_denoise	"[""layer"",""denoise_step"",""model_token"",""feature_dim""]"	[7,4,49,1536]	[0,2,4,8,10,12,15]	n15_grid_v5_scenario	grid_coord	meta	meta_json	8daefeabf020/worker2/PPCC/bread/s202/n2/base	202	2
8daefeabf020	worker2	PPCC/bread	2	3	base	activation	0ae8b3442717c195	0ae8b3442717c195d8a9ee584f2c9d1d9cdf559d7c65ad445468dc1e579c0b4c	lerobot_groot_n15	n15	lerobot_groot_n15__robocasa365_ckpt120000		0	Pick the bread from the counter and place it in the cabinet.	robocasa_panda_omron/PickPlaceCounterToCabinet_PandaOmron_Env	100201	1300003	0	1			5		1	all_token_full	groot_n15_dit_block_residual_full_tokens_denoise	"[""layer"",""denoise_step"",""model_token"",""feature_dim""]"	[7,4,49,1536]	[0,2,4,8,10,12,15]	n15_grid_v5_scenario	grid_coord	meta	meta_json	8daefeabf020/worker2/PPCC/bread/s202/n3/base	202	2
8daefeabf020	worker2	PPCC/bread	2	4	base	activation	64956da5ab37b280	64956da5ab37b2801b6b8269882e240226b1a03950dd46d505b9bde7a2d78bb3	lerobot_groot_n15	n15	lerobot_groot_n15__robocasa365_ckpt120000		0	Pick the bread from the counter and place it in the cabinet.	robocasa_panda_omron/PickPlaceCounterToCabinet_PandaOmron_Env	100201	1300004	0	1			5		1	all_token_full	groot_n15_dit_block_residual_full_tokens_denoise	"[""layer"",""denoise_step"",""model_token"",""feature_dim""]"	[7,4,49,1536]	[0,2,4,8,10,12,15]	n15_grid_v5_scenario	grid_coord	meta	meta_json	8daefeabf020/worker2/PPCC/bread/s202/n4/base	202	2
8daefeabf020	worker2	PPCC/bread	2	0	base	activation	0ea2edde2eb66498	0ea2edde2eb6649849d27ee17312a1e61b4d34fc35def4cff659626fa7587564	lerobot_groot_n15	n15	lerobot_groot_n15__robocasa365_ckpt120000		0	Pick the bread from the counter and place it in the cabinet.	robocasa_panda_omron/PickPlaceCounterToCabinet_PandaOmron_Env	100201	1300000	0	1			5		1	all_token_full	groot_n15_dit_block_residual_full_tokens_denoise	"[""layer"",""denoise_step"",""model_token"",""feature_dim""]"	[7,4,49,1536]	[0,2,4,8,10,12,15]	n15_grid_v5_scenario	grid_coord	meta	meta_json	8daefeabf020/worker2/PPCC/bread/s203/n0/base	203	3
8daefeabf020	worker2	PPCC/bread	2	1	base	activation	ce3ca28bc49ae67a	ce3ca28bc49ae67a14166fb399f8a14f4803d99b23c982130a669c7b23cce394	lerobot_groot_n15	n15	lerobot_groot_n15__robocasa365_ckpt120000		0	Pick the bread from the counter and place it in the cabinet.	robocasa_panda_omron/PickPlaceCounterToCabinet_PandaOmron_Env	100201	1300001	0	1			5		1	all_token_full	groot_n15_dit_block_residual_full_tokens_denoise	"[""layer"",""denoise_step"",""model_token"",""feature_dim""]"	[7,4,49,1536]	[0,2,4,8,10,12,15]	n15_grid_v5_scenario	grid_coord	meta	meta_json	8daefeabf020/worker2/PPCC/bread/s203/n1/base	203	3
8daefeabf020	worker2	PPCC/bread	2	2	base	activation	60d04b3109316108	60d04b3109316108646e75e4e09bf48555ab63e1fcbfa87f1e42fc2508d27321	lerobot_groot_n15	n15	lerobot_groot_n15__robocasa365_ckpt120000		0	Pick the bread from the counter and place it in the cabinet.	robocasa_panda_omron/PickPlaceCounterToCabinet_PandaOmron_Env	100201	1300002	0	1			5		1	all_token_full	groot_n15_dit_block_residual_full_tokens_denoise	"[""layer"",""denoise_step"",""model_token"",""feature_dim""]"	[7,4,49,1536]	[0,2,4,8,10,12,15]	n15_grid_v5_scenario	grid_coord	meta	meta_json	8daefeabf020/worker2/PPCC/bread/s203/n2/base	203	3
8daefeabf020	worker2	PPCC/bread	2	3	base	activation	cc7ecd823395bfd9	cc7ecd823395bfd9a8d69cf660c42d5c18be401918cd082c59e2fea2db7e4962	lerobot_groot_n15	n15	lerobot_groot_n15__robocasa365_ckpt120000		0	Pick the bread from the counter and place it in the cabinet.	robocasa_panda_omron/PickPlaceCounterToCabinet_PandaOmron_Env	100201	1300003	0	1			5		1	all_token_full	groot_n15_dit_block_residual_full_tokens_denoise	"[""layer"",""denoise_step"",""model_token"",""feature_dim""]"	[7,4,49,1536]	[0,2,4,8,10,12,15]	n15_grid_v5_scenario	grid_coord	meta	meta_json	8daefeabf020/worker2/PPCC/bread/s203/n3/base	203	3
8daefeabf020	worker2	PPCC/bread	2	4	base	activation	2ab6a76e7b878875	2ab6a76e7b878875d48d9e5edea3c8446ce771d7ff835ef699671ea5a2d7595d	lerobot_groot_n15	n15	lerobot_groot_n15__robocasa365_ckpt120000		0	Pick the bread from the counter and place it in the cabinet.	robocasa_panda_omron/PickPlaceCounterToCabinet_PandaOmron_Env	100201	1300004	0	1			5		1	all_token_full	groot_n15_dit_block_residual_full_tokens_denoise	"[""layer"",""denoise_step"",""model_token"",""feature_dim""]"	[7,4,49,1536]	[0,2,4,8,10,12,15]	n15_grid_v5_scenario	grid_coord	meta	meta_json	8daefeabf020/worker2/PPCC/bread/s203/n4/base	203	3
8daefeabf020	worker2	PPCC/bread	2	0	base	activation	28392b096ae3a0a1	28392b096ae3a0a1a0e537504374761b53cf161adbc4189518c3a83e381c2ac1	lerobot_groot_n15	n15	lerobot_groot_n15__robocasa365_ckpt120000		0	Pick the bread from the counter and place it in the cabinet.	robocasa_panda_omron/PickPlaceCounterToCabinet_PandaOmron_Env	100201	1300000	0	1			5		1	all_token_full	groot_n15_dit_block_residual_full_tokens_denoise	"[""layer"",""denoise_step"",""model_token"",""feature_dim""]"	[7,4,49,1536]	[0,2,4,8,10,12,15]	n15_grid_v5_scenario	grid_coord	meta	meta_json	8daefeabf020/worker2/PPCC/bread/s204/n0/base	204	4
8daefeabf020	worker2	PPCC/bread	2	1	base	activation	43e6371dfec884ef	43e6371dfec884efd5d211082cc7f130a5e0f4248280518d56db1731570dc6cf	lerobot_groot_n15	n15	lerobot_groot_n15__robocasa365_ckpt120000		0	Pick the bread from the counter and place it in the cabinet.	robocasa_panda_omron/PickPlaceCounterToCabinet_PandaOmron_Env	100201	1300001	0	1			5		1	all_token_full	groot_n15_dit_block_residual_full_tokens_denoise	"[""layer"",""denoise_step"",""model_token"",""feature_dim""]"	[7,4,49,1536]	[0,2,4,8,10,12,15]	n15_grid_v5_scenario	grid_coord	meta	meta_json	8daefeabf020/worker2/PPCC/bread/s204/n1/base	204	4
8daefeabf020	worker2	PPCC/bread	2	2	base	activation	97738fbca68f7bab	97738fbca68f7bab375c14e3cb599d0f26d97ae7b963b48ca539ef83a6985b7f	lerobot_groot_n15	n15	lerobot_groot_n15__robocasa365_ckpt120000		0	Pick the bread from the counter and place it in the cabinet.	robocasa_panda_omron/PickPlaceCounterToCabinet_PandaOmron_Env	100201	1300002	0	1			5		1	all_token_full	groot_n15_dit_block_residual_full_tokens_denoise	"[""layer"",""denoise_step"",""model_token"",""feature_dim""]"	[7,4,49,1536]	[0,2,4,8,10,12,15]	n15_grid_v5_scenario	grid_coord	meta	meta_json	8daefeabf020/worker2/PPCC/bread/s204/n2/base	204	4
8daefeabf020	worker2	PPCC/bread	2	3	base	activation	1b1ec12111b6dc97	1b1ec12111b6dc97cea5d7a6ef8f4b96307e3e1ce3513c64d289e045ea8f05a4	lerobot_groot_n15	n15	lerobot_groot_n15__robocasa365_ckpt120000		0	Pick the bread from the counter and place it in the cabinet.	robocasa_panda_omron/PickPlaceCounterToCabinet_PandaOmron_Env	100201	1300003	0	1			5		1	all_token_full	groot_n15_dit_block_residual_full_tokens_denoise	"[""layer"",""denoise_step"",""model_token"",""feature_dim""]"	[7,4,49,1536]	[0,2,4,8,10,12,15]	n15_grid_v5_scenario	grid_coord	meta	meta_json	8daefeabf020/worker2/PPCC/bread/s204/n3/base	204	4
8daefeabf020	worker2	PPCC/bread	2	4	base	activation	c821817b09e33d43	c821817b09e33d43edb7c757d1d1fa5057019cdbf3c42d09f76c8edbcbb34c69	lerobot_groot_n15	n15	lerobot_groot_n15__robocasa365_ckpt120000		0	Pick the bread from the counter and place it in the cabinet.	robocasa_panda_omron/PickPlaceCounterToCabinet_PandaOmron_Env	100201	1300004	0	1			5		1	all_token_full	groot_n15_dit_block_residual_full_tokens_denoise	"[""layer"",""denoise_step"",""model_token"",""feature_dim""]"	[7,4,49,1536]	[0,2,4,8,10,12,15]	n15_grid_v5_scenario	grid_coord	meta	meta_json	8daefeabf020/worker2/PPCC/bread/s204/n4/base	204	4
8daefeabf020	worker2	PPCC/bread	0	0	base	activation	604fb60a7bdeb6ad	604fb60a7bdeb6ad97ac521d4ddefe3c32db0c87f94dad56c547a3da4c903430	lerobot_groot_n15	n15	lerobot_groot_n15__robocasa365_ckpt120000		0	Pick the bread from the counter and place it in the cabinet.	robocasa_panda_omron/PickPlaceCounterToCabinet_PandaOmron_Env	100084	1300000	0	0			5		1	all_token_full	groot_n15_dit_block_residual_full_tokens_denoise	"[""layer"",""denoise_step"",""model_token"",""feature_dim""]"	[7,4,49,1536]	[0,2,4,8,10,12,15]	n15_grid_v5_scenario	grid_coord	meta	meta_json	8daefeabf020/worker2/PPCC/bread/s3/n0/base	3	3
8daefeabf020	worker2	PPCC/bread	0	1	base	activation	7368969641f67f67	7368969641f67f67f11256ecc86a1a3a6dbc067542671bf5a29d66b5e9da7139	lerobot_groot_n15	n15	lerobot_groot_n15__robocasa365_ckpt120000		0	Pick the bread from the counter and place it in the cabinet.	robocasa_panda_omron/PickPlaceCounterToCabinet_PandaOmron_Env	100084	1300001	0	0			5		1	all_token_full	groot_n15_dit_block_residual_full_tokens_denoise	"[""layer"",""denoise_step"",""model_token"",""feature_dim""]"	[7,4,49,1536]	[0,2,4,8,10,12,15]	n15_grid_v5_scenario	grid_coord	meta	meta_json	8daefeabf020/worker2/PPCC/bread/s3/n1/base	3	3
8daefeabf020	worker2	PPCC/bread	0	2	base	activation	781fe9a4527c5b06	781fe9a4527c5b06e5b02f33b5bb4a3f8c2807ec79885a52edac9248698207fd	lerobot_groot_n15	n15	lerobot_groot_n15__robocasa365_ckpt120000		0	Pick the bread from the counter and place it in the cabinet.	robocasa_panda_omron/PickPlaceCounterToCabinet_PandaOmron_Env	100084	1300002	0	0			5		1	all_token_full	groot_n15_dit_block_residual_full_tokens_denoise	"[""layer"",""denoise_step"",""model_token"",""feature_dim""]"	[7,4,49,1536]	[0,2,4,8,10,12,15]	n15_grid_v5_scenario	grid_coord	meta	meta_json	8daefeabf020/worker2/PPCC/bread/s3/n2/base	3	3
8daefeabf020	worker2	PPCC/bread	0	3	base	activation	d2bf24b0ae788fa4	d2bf24b0ae788fa485e09ab57c33712c1a73242783d6fc6c610883e2e5475c65	lerobot_groot_n15	n15	lerobot_groot_n15__robocasa365_ckpt120000		0	Pick the bread from the counter and place it in the cabinet.	robocasa_panda_omron/PickPlaceCounterToCabinet_PandaOmron_Env	100084	1300003	0	0			5		1	all_token_full	groot_n15_dit_block_residual_full_tokens_denoise	"[""layer"",""denoise_step"",""model_token"",""feature_dim""]"	[7,4,49,1536]	[0,2,4,8,10,12,15]	n15_grid_v5_scenario	grid_coord	meta	meta_json	8daefeabf020/worker2/PPCC/bread/s3/n3/base	3	3
8daefeabf020	worker2	PPCC/bread	0	4	base	activation	755c704e76e74e55	755c704e76e74e55b371006762911e64bf271ac0dc2df2c6b0869ab6a1376e5b	lerobot_groot_n15	n15	lerobot_groot_n15__robocasa365_ckpt120000		0	Pick the bread from the counter and place it in the cabinet.	robocasa_panda_omron/PickPlaceCounterToCabinet_PandaOmron_Env	100084	1300004	0	0			5		1	all_token_full	groot_n15_dit_block_residual_full_tokens_denoise	"[""layer"",""denoise_step"",""model_token"",""feature_dim""]"	[7,4,49,1536]	[0,2,4,8,10,12,15]	n15_grid_v5_scenario	grid_coord	meta	meta_json	8daefeabf020/worker2/PPCC/bread/s3/n4/base	3	3
8daefeabf020	worker2	PPCC/bread	3	0	base	activation	ea9f963933b7b135	ea9f963933b7b1357ce0c23a6143f6dd8ae4877948ab2fac01ca2d0d81cdfc06	lerobot_groot_n15	n15	lerobot_groot_n15__robocasa365_ckpt120000		0	Pick the bread from the counter and place it in the cabinet.	robocasa_panda_omron/PickPlaceCounterToCabinet_PandaOmron_Env	100228	1300000	0	1			5		1	all_token_full	groot_n15_dit_block_residual_full_tokens_denoise	"[""layer"",""denoise_step"",""model_token"",""feature_dim""]"	[7,4,49,1536]	[0,2,4,8,10,12,15]	n15_grid_v5_scenario	grid_coord	meta	meta_json	8daefeabf020/worker2/PPCC/bread/s300/n0/base	300	0
8daefeabf020	worker2	PPCC/bread	3	1	base	activation	21aa895f06bf9160	21aa895f06bf91601241b64b7546edb5f97ff7c898c6bf94812ae0e16bff4a0a	lerobot_groot_n15	n15	lerobot_groot_n15__robocasa365_ckpt120000		0	Pick the bread from the counter and place it in the cabinet.	robocasa_panda_omron/PickPlaceCounterToCabinet_PandaOmron_Env	100228	1300001	0	1			5		1	all_token_full	groot_n15_dit_block_residual_full_tokens_denoise	"[""layer"",""denoise_step"",""model_token"",""feature_dim""]"	[7,4,49,1536]	[0,2,4,8,10,12,15]	n15_grid_v5_scenario	grid_coord	meta	meta_json	8daefeabf020/worker2/PPCC/bread/s300/n1/base	300	0
8daefeabf020	worker2	PPCC/bread	3	2	base	activation	c04dff8cd3c22d7d	c04dff8cd3c22d7db3ea16759d503f208d54e50972aed5e9ab2afe24e05877e1	lerobot_groot_n15	n15	lerobot_groot_n15__robocasa365_ckpt120000		0	Pick the bread from the counter and place it in the cabinet.	robocasa_panda_omron/PickPlaceCounterToCabinet_PandaOmron_Env	100228	1300002	0	1			5		1	all_token_full	groot_n15_dit_block_residual_full_tokens_denoise	"[""layer"",""denoise_step"",""model_token"",""feature_dim""]"	[7,4,49,1536]	[0,2,4,8,10,12,15]	n15_grid_v5_scenario	grid_coord	meta	meta_json	8daefeabf020/worker2/PPCC/bread/s300/n2/base	300	0
8daefeabf020	worker2	PPCC/bread	3	3	base	activation	a8c08a1718a7759a	a8c08a1718a7759a361f5b35350b1c69e89783557029d07380d1d14e49a7883a	lerobot_groot_n15	n15	lerobot_groot_n15__robocasa365_ckpt120000		0	Pick the bread from the counter and place it in the cabinet.	robocasa_panda_omron/PickPlaceCounterToCabinet_PandaOmron_Env	100228	1300003	0	1			5		1	all_token_full	groot_n15_dit_block_residual_full_tokens_denoise	"[""layer"",""denoise_step"",""model_token"",""feature_dim""]"	[7,4,49,1536]	[0,2,4,8,10,12,15]	n15_grid_v5_scenario	grid_coord	meta	meta_json	8daefeabf020/worker2/PPCC/bread/s300/n3/base	300	0
8daefeabf020	worker2	PPCC/bread	3	4	base	activation	f4a92b5011f56406	f4a92b5011f56406d740443a36601c429f83937aa46f27076dfe5e40c54e011a	lerobot_groot_n15	n15	lerobot_groot_n15__robocasa365_ckpt120000		0	Pick the bread from the counter and place it in the cabinet.	robocasa_panda_omron/PickPlaceCounterToCabinet_PandaOmron_Env	100228	1300004	0	1			5		1	all_token_full	groot_n15_dit_block_residual_full_tokens_denoise	"[""layer"",""denoise_step"",""model_token"",""feature_dim""]"	[7,4,49,1536]	[0,2,4,8,10,12,15]	n15_grid_v5_scenario	grid_coord	meta	meta_json	8daefeabf020/worker2/PPCC/bread/s300/n4/base	300	0
8daefeabf020	worker2	PPCC/bread	3	0	base	activation	c49922fed3c54728	c49922fed3c54728cd9eeba4ae68866dffcbdcacf36798fe7af6e71169ba0f64	lerobot_groot_n15	n15	lerobot_groot_n15__robocasa365_ckpt120000		0	Pick the bread from the counter and place it in the cabinet.	robocasa_panda_omron/PickPlaceCounterToCabinet_PandaOmron_Env	100228	1300000	0	1			5		1	all_token_full	groot_n15_dit_block_residual_full_tokens_denoise	"[""layer"",""denoise_step"",""model_token"",""feature_dim""]"	[7,4,49,1536]	[0,2,4,8,10,12,15]	n15_grid_v5_scenario	grid_coord	meta	meta_json	8daefeabf020/worker2/PPCC/bread/s301/n0/base	301	1
8daefeabf020	worker2	PPCC/bread	3	1	base	activation	e3e884027d3ca011	e3e884027d3ca011c3fad9d69c5ff48678d2d98ad3142c21c4276d2d57287645	lerobot_groot_n15	n15	lerobot_groot_n15__robocasa365_ckpt120000		0	Pick the bread from the counter and place it in the cabinet.	robocasa_panda_omron/PickPlaceCounterToCabinet_PandaOmron_Env	100228	1300001	0	1			5		1	all_token_full	groot_n15_dit_block_residual_full_tokens_denoise	"[""layer"",""denoise_step"",""model_token"",""feature_dim""]"	[7,4,49,1536]	[0,2,4,8,10,12,15]	n15_grid_v5_scenario	grid_coord	meta	meta_json	8daefeabf020/worker2/PPCC/bread/s301/n1/base	301	1
8daefeabf020	worker2	PPCC/bread	3	2	base	activation	c1cbd188e4154e82	c1cbd188e4154e8247efc9c87e2598af656939935bddf8b296ff24a90db79c9b	lerobot_groot_n15	n15	lerobot_groot_n15__robocasa365_ckpt120000		0	Pick the bread from the counter and place it in the cabinet.	robocasa_panda_omron/PickPlaceCounterToCabinet_PandaOmron_Env	100228	1300002	0	1			5		1	all_token_full	groot_n15_dit_block_residual_full_tokens_denoise	"[""layer"",""denoise_step"",""model_token"",""feature_dim""]"	[7,4,49,1536]	[0,2,4,8,10,12,15]	n15_grid_v5_scenario	grid_coord	meta	meta_json	8daefeabf020/worker2/PPCC/bread/s301/n2/base	301	1
8daefeabf020	worker2	PPCC/bread	3	3	base	activation	fdebed8fed08b974	fdebed8fed08b974fb199f922d9167612d0a34640a9a3b4f77b0ce5aa8f48e31	lerobot_groot_n15	n15	lerobot_groot_n15__robocasa365_ckpt120000		0	Pick the bread from the counter and place it in the cabinet.	robocasa_panda_omron/PickPlaceCounterToCabinet_PandaOmron_Env	100228	1300003	0	0			5		1	all_token_full	groot_n15_dit_block_residual_full_tokens_denoise	"[""layer"",""denoise_step"",""model_token"",""feature_dim""]"	[7,4,49,1536]	[0,2,4,8,10,12,15]	n15_grid_v5_scenario	grid_coord	meta	meta_json	8daefeabf020/worker2/PPCC/bread/s301/n3/base	301	1
8daefeabf020	worker2	PPCC/bread	3	4	base	activation	93efa0872589e31b	93efa0872589e31b5fd1de8256702829a697c94998aead4504fd60979707b272	lerobot_groot_n15	n15	lerobot_groot_n15__robocasa365_ckpt120000		0	Pick the bread from the counter and place it in the cabinet.	robocasa_panda_omron/PickPlaceCounterToCabinet_PandaOmron_Env	100228	1300004	0	1			5		1	all_token_full	groot_n15_dit_block_residual_full_tokens_denoise	"[""layer"",""denoise_step"",""model_token"",""feature_dim""]"	[7,4,49,1536]	[0,2,4,8,10,12,15]	n15_grid_v5_scenario	grid_coord	meta	meta_json	8daefeabf020/worker2/PPCC/bread/s301/n4/base	301	1
8daefeabf020	worker2	PPCC/bread	3	0	base	activation	4ee1e7a7e3c6fbf6	4ee1e7a7e3c6fbf6d57ee5a5f85297a0beef6a0bd96a45b0c6d6ea719a5d4908	lerobot_groot_n15	n15	lerobot_groot_n15__robocasa365_ckpt120000		0	Pick the bread from the counter and place it in the cabinet.	robocasa_panda_omron/PickPlaceCounterToCabinet_PandaOmron_Env	100228	1300000	0	1			5		1	all_token_full	groot_n15_dit_block_residual_full_tokens_denoise	"[""layer"",""denoise_step"",""model_token"",""feature_dim""]"	[7,4,49,1536]	[0,2,4,8,10,12,15]	n15_grid_v5_scenario	grid_coord	meta	meta_json	8daefeabf020/worker2/PPCC/bread/s302/n0/base	302	2
8daefeabf020	worker2	PPCC/bread	3	1	base	activation	e0060f019bc39242	e0060f019bc3924293f56d1f8f022e9462f177ebbd32083aa2d793a20cc8114c	lerobot_groot_n15	n15	lerobot_groot_n15__robocasa365_ckpt120000		0	Pick the bread from the counter and place it in the cabinet.	robocasa_panda_omron/PickPlaceCounterToCabinet_PandaOmron_Env	100228	1300001	0	1			5		1	all_token_full	groot_n15_dit_block_residual_full_tokens_denoise	"[""layer"",""denoise_step"",""model_token"",""feature_dim""]"	[7,4,49,1536]	[0,2,4,8,10,12,15]	n15_grid_v5_scenario	grid_coord	meta	meta_json	8daefeabf020/worker2/PPCC/bread/s302/n1/base	302	2
8daefeabf020	worker2	PPCC/bread	3	2	base	activation	a142902c32ea3081	a142902c32ea308175c336cc02d473477f98d56f62a5726a53d60342b0bec70c	lerobot_groot_n15	n15	lerobot_groot_n15__robocasa365_ckpt120000		0	Pick the bread from the counter and place it in the cabinet.	robocasa_panda_omron/PickPlaceCounterToCabinet_PandaOmron_Env	100228	1300002	0	1			5		1	all_token_full	groot_n15_dit_block_residual_full_tokens_denoise	"[""layer"",""denoise_step"",""model_token"",""feature_dim""]"	[7,4,49,1536]	[0,2,4,8,10,12,15]	n15_grid_v5_scenario	grid_coord	meta	meta_json	8daefeabf020/worker2/PPCC/bread/s302/n2/base	302	2
8daefeabf020	worker2	PPCC/bread	3	3	base	activation	78f47778cd15831b	78f47778cd15831b955c99c0b2c7f16ddbac1a9bad6ebc7f90205805e4538831	lerobot_groot_n15	n15	lerobot_groot_n15__robocasa365_ckpt120000		0	Pick the bread from the counter and place it in the cabinet.	robocasa_panda_omron/PickPlaceCounterToCabinet_PandaOmron_Env	100228	1300003	0	1			5		1	all_token_full	groot_n15_dit_block_residual_full_tokens_denoise	"[""layer"",""denoise_step"",""model_token"",""feature_dim""]"	[7,4,49,1536]	[0,2,4,8,10,12,15]	n15_grid_v5_scenario	grid_coord	meta	meta_json	8daefeabf020/worker2/PPCC/bread/s302/n3/base	302	2
8daefeabf020	worker2	PPCC/bread	3	4	base	activation	b556ff3b97c2d9f2	b556ff3b97c2d9f23fe4a082c621e782155d209bbd71503803afd58c5ac6bf1a	lerobot_groot_n15	n15	lerobot_groot_n15__robocasa365_ckpt120000		0	Pick the bread from the counter and place it in the cabinet.	robocasa_panda_omron/PickPlaceCounterToCabinet_PandaOmron_Env	100228	1300004	0	0			5		1	all_token_full	groot_n15_dit_block_residual_full_tokens_denoise	"[""layer"",""denoise_step"",""model_token"",""feature_dim""]"	[7,4,49,1536]	[0,2,4,8,10,12,15]	n15_grid_v5_scenario	grid_coord	meta	meta_json	8daefeabf020/worker2/PPCC/bread/s302/n4/base	302	2
8daefeabf020	worker2	PPCC/bread	3	0	base	activation	b3d460050e1e1430	b3d460050e1e1430a9cd7d156732035ba806132b6fd65965b6f2441e95c66cdd	lerobot_groot_n15	n15	lerobot_groot_n15__robocasa365_ckpt120000		0	Pick the bread from the counter and place it in the cabinet.	robocasa_panda_omron/PickPlaceCounterToCabinet_PandaOmron_Env	100228	1300000	0	0			5		1	all_token_full	groot_n15_dit_block_residual_full_tokens_denoise	"[""layer"",""denoise_step"",""model_token"",""feature_dim""]"	[7,4,49,1536]	[0,2,4,8,10,12,15]	n15_grid_v5_scenario	grid_coord	meta	meta_json	8daefeabf020/worker2/PPCC/bread/s303/n0/base	303	3
8daefeabf020	worker2	PPCC/bread	3	1	base	activation	a32dd313798ad30b	a32dd313798ad30bdcf2d984e41a6f5a114bc69340faec3cf185b8b42539cd6e	lerobot_groot_n15	n15	lerobot_groot_n15__robocasa365_ckpt120000		0	Pick the bread from the counter and place it in the cabinet.	robocasa_panda_omron/PickPlaceCounterToCabinet_PandaOmron_Env	100228	1300001	0	0			5		1	all_token_full	groot_n15_dit_block_residual_full_tokens_denoise	"[""layer"",""denoise_step"",""model_token"",""feature_dim""]"	[7,4,49,1536]	[0,2,4,8,10,12,15]	n15_grid_v5_scenario	grid_coord	meta	meta_json	8daefeabf020/worker2/PPCC/bread/s303/n1/base	303	3
8daefeabf020	worker2	PPCC/bread	3	2	base	activation	ac0da6b06cc3358f	ac0da6b06cc3358f4c9dd9a9294295f8bd17eedb7f3824c18db672c148ea8ac9	lerobot_groot_n15	n15	lerobot_groot_n15__robocasa365_ckpt120000		0	Pick the bread from the counter and place it in the cabinet.	robocasa_panda_omron/PickPlaceCounterToCabinet_PandaOmron_Env	100228	1300002	0	1			5		1	all_token_full	groot_n15_dit_block_residual_full_tokens_denoise	"[""layer"",""denoise_step"",""model_token"",""feature_dim""]"	[7,4,49,1536]	[0,2,4,8,10,12,15]	n15_grid_v5_scenario	grid_coord	meta	meta_json	8daefeabf020/worker2/PPCC/bread/s303/n2/base	303	3
8daefeabf020	worker2	PPCC/bread	3	3	base	activation	383ca9c522e4df9b	383ca9c522e4df9b2da351689c061842807ba10a80d65b73e2407bdd0331f3da	lerobot_groot_n15	n15	lerobot_groot_n15__robocasa365_ckpt120000		0	Pick the bread from the counter and place it in the cabinet.	robocasa_panda_omron/PickPlaceCounterToCabinet_PandaOmron_Env	100228	1300003	0	1			5		1	all_token_full	groot_n15_dit_block_residual_full_tokens_denoise	"[""layer"",""denoise_step"",""model_token"",""feature_dim""]"	[7,4,49,1536]	[0,2,4,8,10,12,15]	n15_grid_v5_scenario	grid_coord	meta	meta_json	8daefeabf020/worker2/PPCC/bread/s303/n3/base	303	3
8daefeabf020	worker2	PPCC/bread	3	4	base	activation	879edbb2a255b740	879edbb2a255b740b05c54ee4b10b8e1a04ebe00cec36e2210ee04e0fc8b6d1e	lerobot_groot_n15	n15	lerobot_groot_n15__robocasa365_ckpt120000		0	Pick the bread from the counter and place it in the cabinet.	robocasa_panda_omron/PickPlaceCounterToCabinet_PandaOmron_Env	100228	1300004	0	1			5		1	all_token_full	groot_n15_dit_block_residual_full_tokens_denoise	"[""layer"",""denoise_step"",""model_token"",""feature_dim""]"	[7,4,49,1536]	[0,2,4,8,10,12,15]	n15_grid_v5_scenario	grid_coord	meta	meta_json	8daefeabf020/worker2/PPCC/bread/s303/n4/base	303	3
8daefeabf020	worker2	PPCC/bread	3	0	base	activation	06dfdb6ab06b2f1d	06dfdb6ab06b2f1d936b12a3ef95b06a9f49f35212d4b5a12af1840614a83b33	lerobot_groot_n15	n15	lerobot_groot_n15__robocasa365_ckpt120000		0	Pick the bread from the counter and place it in the cabinet.	robocasa_panda_omron/PickPlaceCounterToCabinet_PandaOmron_Env	100228	1300000	0	1			5		1	all_token_full	groot_n15_dit_block_residual_full_tokens_denoise	"[""layer"",""denoise_step"",""model_token"",""feature_dim""]"	[7,4,49,1536]	[0,2,4,8,10,12,15]	n15_grid_v5_scenario	grid_coord	meta	meta_json	8daefeabf020/worker2/PPCC/bread/s304/n0/base	304	4
8daefeabf020	worker2	PPCC/bread	3	1	base	activation	c07415487de51eae	c07415487de51eae588d2b29df283be573c9c840ffeba61b9fc3c4d043de0f5c	lerobot_groot_n15	n15	lerobot_groot_n15__robocasa365_ckpt120000		0	Pick the bread from the counter and place it in the cabinet.	robocasa_panda_omron/PickPlaceCounterToCabinet_PandaOmron_Env	100228	1300001	0	1			5		1	all_token_full	groot_n15_dit_block_residual_full_tokens_denoise	"[""layer"",""denoise_step"",""model_token"",""feature_dim""]"	[7,4,49,1536]	[0,2,4,8,10,12,15]	n15_grid_v5_scenario	grid_coord	meta	meta_json	8daefeabf020/worker2/PPCC/bread/s304/n1/base	304	4
8daefeabf020	worker2	PPCC/bread	3	2	base	activation	93e81d9ef250538d	93e81d9ef250538d1f4af441fcd89834e6eab907ecbab77a578658ad47a45e56	lerobot_groot_n15	n15	lerobot_groot_n15__robocasa365_ckpt120000		0	Pick the bread from the counter and place it in the cabinet.	robocasa_panda_omron/PickPlaceCounterToCabinet_PandaOmron_Env	100228	1300002	0	1			5		1	all_token_full	groot_n15_dit_block_residual_full_tokens_denoise	"[""layer"",""denoise_step"",""model_token"",""feature_dim""]"	[7,4,49,1536]	[0,2,4,8,10,12,15]	n15_grid_v5_scenario	grid_coord	meta	meta_json	8daefeabf020/worker2/PPCC/bread/s304/n2/base	304	4
8daefeabf020	worker2	PPCC/bread	3	3	base	activation	9a83ada5743bd705	9a83ada5743bd705f8e5436ee546a03d32eb9041ff4d157dd35997da26c8a358	lerobot_groot_n15	n15	lerobot_groot_n15__robocasa365_ckpt120000		0	Pick the bread from the counter and place it in the cabinet.	robocasa_panda_omron/PickPlaceCounterToCabinet_PandaOmron_Env	100228	1300003	0	0			5		1	all_token_full	groot_n15_dit_block_residual_full_tokens_denoise	"[""layer"",""denoise_step"",""model_token"",""feature_dim""]"	[7,4,49,1536]	[0,2,4,8,10,12,15]	n15_grid_v5_scenario	grid_coord	meta	meta_json	8daefeabf020/worker2/PPCC/bread/s304/n3/base	304	4
8daefeabf020	worker2	PPCC/bread	3	4	base	activation	88b464f23d7ab32f	88b464f23d7ab32f66da40bd68500bf9d7717dc7e2c3ef8ecfd29bba6a0dca6e	lerobot_groot_n15	n15	lerobot_groot_n15__robocasa365_ckpt120000		0	Pick the bread from the counter and place it in the cabinet.	robocasa_panda_omron/PickPlaceCounterToCabinet_PandaOmron_Env	100228	1300004	0	0			5		1	all_token_full	groot_n15_dit_block_residual_full_tokens_denoise	"[""layer"",""denoise_step"",""model_token"",""feature_dim""]"	[7,4,49,1536]	[0,2,4,8,10,12,15]	n15_grid_v5_scenario	grid_coord	meta	meta_json	8daefeabf020/worker2/PPCC/bread/s304/n4/base	304	4
8daefeabf020	worker2	PPCC/bread	0	0	base	activation	979c43a64c4a9031	979c43a64c4a903154474c9edae67f33f0860562c0d04447381708b2e4f690a7	lerobot_groot_n15	n15	lerobot_groot_n15__robocasa365_ckpt120000		0	Pick the bread from the counter and place it in the cabinet.	robocasa_panda_omron/PickPlaceCounterToCabinet_PandaOmron_Env	100084	1300000	0	1			5		1	all_token_full	groot_n15_dit_block_residual_full_tokens_denoise	"[""layer"",""denoise_step"",""model_token"",""feature_dim""]"	[7,4,49,1536]	[0,2,4,8,10,12,15]	n15_grid_v5_scenario	grid_coord	meta	meta_json	8daefeabf020/worker2/PPCC/bread/s4/n0/base	4	4
8daefeabf020	worker2	PPCC/bread	0	1	base	activation	a7befa088c913161	a7befa088c9131616847d4c0e4c061c37a02d852ed2c0cb8c379541937287f49	lerobot_groot_n15	n15	lerobot_groot_n15__robocasa365_ckpt120000		0	Pick the bread from the counter and place it in the cabinet.	robocasa_panda_omron/PickPlaceCounterToCabinet_PandaOmron_Env	100084	1300001	0	1			5		1	all_token_full	groot_n15_dit_block_residual_full_tokens_denoise	"[""layer"",""denoise_step"",""model_token"",""feature_dim""]"	[7,4,49,1536]	[0,2,4,8,10,12,15]	n15_grid_v5_scenario	grid_coord	meta	meta_json	8daefeabf020/worker2/PPCC/bread/s4/n1/base	4	4
8daefeabf020	worker2	PPCC/bread	0	2	base	activation	1e0cad79f55aa29f	1e0cad79f55aa29f746029f5d839bfbcc0f0ee0281e3a9805420301fec57e591	lerobot_groot_n15	n15	lerobot_groot_n15__robocasa365_ckpt120000		0	Pick the bread from the counter and place it in the cabinet.	robocasa_panda_omron/PickPlaceCounterToCabinet_PandaOmron_Env	100084	1300002	0	1			5		1	all_token_full	groot_n15_dit_block_residual_full_tokens_denoise	"[""layer"",""denoise_step"",""model_token"",""feature_dim""]"	[7,4,49,1536]	[0,2,4,8,10,12,15]	n15_grid_v5_scenario	grid_coord	meta	meta_json	8daefeabf020/worker2/PPCC/bread/s4/n2/base	4	4
8daefeabf020	worker2	PPCC/bread	0	3	base	activation	2a7b22185b58125a	2a7b22185b58125a6c906bcf20c01d83b206457574ed1bce69101ba0e2467c76	lerobot_groot_n15	n15	lerobot_groot_n15__robocasa365_ckpt120000		0	Pick the bread from the counter and place it in the cabinet.	robocasa_panda_omron/PickPlaceCounterToCabinet_PandaOmron_Env	100084	1300003	0	0			5		1	all_token_full	groot_n15_dit_block_residual_full_tokens_denoise	"[""layer"",""denoise_step"",""model_token"",""feature_dim""]"	[7,4,49,1536]	[0,2,4,8,10,12,15]	n15_grid_v5_scenario	grid_coord	meta	meta_json	8daefeabf020/worker2/PPCC/bread/s4/n3/base	4	4
8daefeabf020	worker2	PPCC/bread	0	4	base	activation	c3872c672e2a0609	c3872c672e2a0609f55894e6966658a584af653659049ad7666649e4e37637bb	lerobot_groot_n15	n15	lerobot_groot_n15__robocasa365_ckpt120000		0	Pick the bread from the counter and place it in the cabinet.	robocasa_panda_omron/PickPlaceCounterToCabinet_PandaOmron_Env	100084	1300004	0	0			5		1	all_token_full	groot_n15_dit_block_residual_full_tokens_denoise	"[""layer"",""denoise_step"",""model_token"",""feature_dim""]"	[7,4,49,1536]	[0,2,4,8,10,12,15]	n15_grid_v5_scenario	grid_coord	meta	meta_json	8daefeabf020/worker2/PPCC/bread/s4/n4/base	4	4
8daefeabf020	worker2	PPCC/bread	4	0	base	activation	1e66d8b1d5c36f9f	1e66d8b1d5c36f9feb4e8786ab68ba9f0a4244c94123dc8d3b2002d115b511f1	lerobot_groot_n15	n15	lerobot_groot_n15__robocasa365_ckpt120000		0	Pick the bread from the counter and place it in the cabinet.	robocasa_panda_omron/PickPlaceCounterToCabinet_PandaOmron_Env	100317	1300000	0	1			5		1	all_token_full	groot_n15_dit_block_residual_full_tokens_denoise	"[""layer"",""denoise_step"",""model_token"",""feature_dim""]"	[7,4,49,1536]	[0,2,4,8,10,12,15]	n15_grid_v5_scenario	grid_coord	meta	meta_json	8daefeabf020/worker2/PPCC/bread/s400/n0/base	400	0
8daefeabf020	worker2	PPCC/bread	4	1	base	activation	a192c71f412c467c	a192c71f412c467c38c42131476237ce8d443ac452e35ca9ecd832b812024bf1	lerobot_groot_n15	n15	lerobot_groot_n15__robocasa365_ckpt120000		0	Pick the bread from the counter and place it in the cabinet.	robocasa_panda_omron/PickPlaceCounterToCabinet_PandaOmron_Env	100317	1300001	0	1			5		1	all_token_full	groot_n15_dit_block_residual_full_tokens_denoise	"[""layer"",""denoise_step"",""model_token"",""feature_dim""]"	[7,4,49,1536]	[0,2,4,8,10,12,15]	n15_grid_v5_scenario	grid_coord	meta	meta_json	8daefeabf020/worker2/PPCC/bread/s400/n1/base	400	0
8daefeabf020	worker2	PPCC/bread	4	2	base	activation	403fd765eaef7d93	403fd765eaef7d9324be3ade0c0c6d96d2dec3f2593f87c35dc064ffd3353007	lerobot_groot_n15	n15	lerobot_groot_n15__robocasa365_ckpt120000		0	Pick the bread from the counter and place it in the cabinet.	robocasa_panda_omron/PickPlaceCounterToCabinet_PandaOmron_Env	100317	1300002	0	1			5		1	all_token_full	groot_n15_dit_block_residual_full_tokens_denoise	"[""layer"",""denoise_step"",""model_token"",""feature_dim""]"	[7,4,49,1536]	[0,2,4,8,10,12,15]	n15_grid_v5_scenario	grid_coord	meta	meta_json	8daefeabf020/worker2/PPCC/bread/s400/n2/base	400	0
8daefeabf020	worker2	PPCC/bread	4	3	base	activation	85a9a69e29e71f16	85a9a69e29e71f161e624c4c5e60a33b97de7957419431bdafb0f2c79d8389c5	lerobot_groot_n15	n15	lerobot_groot_n15__robocasa365_ckpt120000		0	Pick the bread from the counter and place it in the cabinet.	robocasa_panda_omron/PickPlaceCounterToCabinet_PandaOmron_Env	100317	1300003	0	1			5		1	all_token_full	groot_n15_dit_block_residual_full_tokens_denoise	"[""layer"",""denoise_step"",""model_token"",""feature_dim""]"	[7,4,49,1536]	[0,2,4,8,10,12,15]	n15_grid_v5_scenario	grid_coord	meta	meta_json	8daefeabf020/worker2/PPCC/bread/s400/n3/base	400	0
8daefeabf020	worker2	PPCC/bread	4	4	base	activation	de062000fcf030ef	de062000fcf030ef474db7d3f3646380afc9284e832933b75eaa55e2eedbed7c	lerobot_groot_n15	n15	lerobot_groot_n15__robocasa365_ckpt120000		0	Pick the bread from the counter and place it in the cabinet.	robocasa_panda_omron/PickPlaceCounterToCabinet_PandaOmron_Env	100317	1300004	0	1			5		1	all_token_full	groot_n15_dit_block_residual_full_tokens_denoise	"[""layer"",""denoise_step"",""model_token"",""feature_dim""]"	[7,4,49,1536]	[0,2,4,8,10,12,15]	n15_grid_v5_scenario	grid_coord	meta	meta_json	8daefeabf020/worker2/PPCC/bread/s400/n4/base	400	0
8daefeabf020	worker2	PPCC/bread	4	0	base	activation	85bae834fb33dd6e	85bae834fb33dd6e2c98951ca6c7562d521f45cb5e47ae2bc73ab643c1d6fc7f	lerobot_groot_n15	n15	lerobot_groot_n15__robocasa365_ckpt120000		0	Pick the bread from the counter and place it in the cabinet.	robocasa_panda_omron/PickPlaceCounterToCabinet_PandaOmron_Env	100317	1300000	0	1			5		1	all_token_full	groot_n15_dit_block_residual_full_tokens_denoise	"[""layer"",""denoise_step"",""model_token"",""feature_dim""]"	[7,4,49,1536]	[0,2,4,8,10,12,15]	n15_grid_v5_scenario	grid_coord	meta	meta_json	8daefeabf020/worker2/PPCC/bread/s401/n0/base	401	1
8daefeabf020	worker2	PPCC/bread	4	1	base	activation	f0c06e774bbd753b	f0c06e774bbd753b13d8f5978e0ca3566ed7bdcddf30f9ef89ab5bbd8cf7e0f9	lerobot_groot_n15	n15	lerobot_groot_n15__robocasa365_ckpt120000		0	Pick the bread from the counter and place it in the cabinet.	robocasa_panda_omron/PickPlaceCounterToCabinet_PandaOmron_Env	100317	1300001	0	1			5		1	all_token_full	groot_n15_dit_block_residual_full_tokens_denoise	"[""layer"",""denoise_step"",""model_token"",""feature_dim""]"	[7,4,49,1536]	[0,2,4,8,10,12,15]	n15_grid_v5_scenario	grid_coord	meta	meta_json	8daefeabf020/worker2/PPCC/bread/s401/n1/base	401	1
8daefeabf020	worker2	PPCC/bread	4	2	base	activation	34ef958bc33ae152	34ef958bc33ae1521c07f5be1b1f772131bf4a0ba7b924d10d7dac211161409b	lerobot_groot_n15	n15	lerobot_groot_n15__robocasa365_ckpt120000		0	Pick the bread from the counter and place it in the cabinet.	robocasa_panda_omron/PickPlaceCounterToCabinet_PandaOmron_Env	100317	1300002	0	1			5		1	all_token_full	groot_n15_dit_block_residual_full_tokens_denoise	"[""layer"",""denoise_step"",""model_token"",""feature_dim""]"	[7,4,49,1536]	[0,2,4,8,10,12,15]	n15_grid_v5_scenario	grid_coord	meta	meta_json	8daefeabf020/worker2/PPCC/bread/s401/n2/base	401	1
8daefeabf020	worker2	PPCC/bread	4	3	base	activation	ab2a6129fd8f5441	ab2a6129fd8f5441f9305879318a0fd17d4641b91d3dff478d39c4c14332e0bd	lerobot_groot_n15	n15	lerobot_groot_n15__robocasa365_ckpt120000		0	Pick the bread from the counter and place it in the cabinet.	robocasa_panda_omron/PickPlaceCounterToCabinet_PandaOmron_Env	100317	1300003	0	1			5		1	all_token_full	groot_n15_dit_block_residual_full_tokens_denoise	"[""layer"",""denoise_step"",""model_token"",""feature_dim""]"	[7,4,49,1536]	[0,2,4,8,10,12,15]	n15_grid_v5_scenario	grid_coord	meta	meta_json	8daefeabf020/worker2/PPCC/bread/s401/n3/base	401	1
8daefeabf020	worker2	PPCC/bread	4	4	base	activation	823136a2490c003a	823136a2490c003aaa3a53392f2cde643f4eec4a7e1454c8ade65c69705b4962	lerobot_groot_n15	n15	lerobot_groot_n15__robocasa365_ckpt120000		0	Pick the bread from the counter and place it in the cabinet.	robocasa_panda_omron/PickPlaceCounterToCabinet_PandaOmron_Env	100317	1300004	0	1			5		1	all_token_full	groot_n15_dit_block_residual_full_tokens_denoise	"[""layer"",""denoise_step"",""model_token"",""feature_dim""]"	[7,4,49,1536]	[0,2,4,8,10,12,15]	n15_grid_v5_scenario	grid_coord	meta	meta_json	8daefeabf020/worker2/PPCC/bread/s401/n4/base	401	1
8daefeabf020	worker2	PPCC/bread	4	0	base	activation	b18c65a197af179c	b18c65a197af179cbd11b11be002ce5b2e89ce17caa6763ae34957d5183dc925	lerobot_groot_n15	n15	lerobot_groot_n15__robocasa365_ckpt120000		0	Pick the bread from the counter and place it in the cabinet.	robocasa_panda_omron/PickPlaceCounterToCabinet_PandaOmron_Env	100317	1300000	0	1			5		1	all_token_full	groot_n15_dit_block_residual_full_tokens_denoise	"[""layer"",""denoise_step"",""model_token"",""feature_dim""]"	[7,4,49,1536]	[0,2,4,8,10,12,15]	n15_grid_v5_scenario	grid_coord	meta	meta_json	8daefeabf020/worker2/PPCC/bread/s402/n0/base	402	2
8daefeabf020	worker2	PPCC/bread	4	1	base	activation	72f3131478a4d659	72f3131478a4d659023a3148dc317f13ed7e3dff58969a931addc7c3eaf2f5a1	lerobot_groot_n15	n15	lerobot_groot_n15__robocasa365_ckpt120000		0	Pick the bread from the counter and place it in the cabinet.	robocasa_panda_omron/PickPlaceCounterToCabinet_PandaOmron_Env	100317	1300001	0	1			5		1	all_token_full	groot_n15_dit_block_residual_full_tokens_denoise	"[""layer"",""denoise_step"",""model_token"",""feature_dim""]"	[7,4,49,1536]	[0,2,4,8,10,12,15]	n15_grid_v5_scenario	grid_coord	meta	meta_json	8daefeabf020/worker2/PPCC/bread/s402/n1/base	402	2
8daefeabf020	worker2	PPCC/bread	4	2	base	activation	cd38da4fe2ff23e5	cd38da4fe2ff23e5634e8758c3b425cd26af71f43a2f036c5178ee89ea96ca5f	lerobot_groot_n15	n15	lerobot_groot_n15__robocasa365_ckpt120000		0	Pick the bread from the counter and place it in the cabinet.	robocasa_panda_omron/PickPlaceCounterToCabinet_PandaOmron_Env	100317	1300002	0	1			5		1	all_token_full	groot_n15_dit_block_residual_full_tokens_denoise	"[""layer"",""denoise_step"",""model_token"",""feature_dim""]"	[7,4,49,1536]	[0,2,4,8,10,12,15]	n15_grid_v5_scenario	grid_coord	meta	meta_json	8daefeabf020/worker2/PPCC/bread/s402/n2/base	402	2
8daefeabf020	worker2	PPCC/bread	4	3	base	activation	39ab8e17adced12e	39ab8e17adced12ee8e90205302e7a7572adc01a57f51daf5eb2ab595bb7b1b0	lerobot_groot_n15	n15	lerobot_groot_n15__robocasa365_ckpt120000		0	Pick the bread from the counter and place it in the cabinet.	robocasa_panda_omron/PickPlaceCounterToCabinet_PandaOmron_Env	100317	1300003	0	1			5		1	all_token_full	groot_n15_dit_block_residual_full_tokens_denoise	"[""layer"",""denoise_step"",""model_token"",""feature_dim""]"	[7,4,49,1536]	[0,2,4,8,10,12,15]	n15_grid_v5_scenario	grid_coord	meta	meta_json	8daefeabf020/worker2/PPCC/bread/s402/n3/base	402	2
8daefeabf020	worker2	PPCC/bread	4	4	base	activation	1ced3ad7062c19e7	1ced3ad7062c19e793b45a188f41651c424a8a29bc5e8ccfaf9eaa1706f57891	lerobot_groot_n15	n15	lerobot_groot_n15__robocasa365_ckpt120000		0	Pick the bread from the counter and place it in the cabinet.	robocasa_panda_omron/PickPlaceCounterToCabinet_PandaOmron_Env	100317	1300004	0	1			5		1	all_token_full	groot_n15_dit_block_residual_full_tokens_denoise	"[""layer"",""denoise_step"",""model_token"",""feature_dim""]"	[7,4,49,1536]	[0,2,4,8,10,12,15]	n15_grid_v5_scenario	grid_coord	meta	meta_json	8daefeabf020/worker2/PPCC/bread/s402/n4/base	402	2
8daefeabf020	worker2	PPCC/bread	4	0	base	activation	ad5a1bc75cd57893	ad5a1bc75cd57893eb861fabd64e2e92de64c31663d560642ac8087e06035846	lerobot_groot_n15	n15	lerobot_groot_n15__robocasa365_ckpt120000		0	Pick the bread from the counter and place it in the cabinet.	robocasa_panda_omron/PickPlaceCounterToCabinet_PandaOmron_Env	100317	1300000	0	1			5		1	all_token_full	groot_n15_dit_block_residual_full_tokens_denoise	"[""layer"",""denoise_step"",""model_token"",""feature_dim""]"	[7,4,49,1536]	[0,2,4,8,10,12,15]	n15_grid_v5_scenario	grid_coord	meta	meta_json	8daefeabf020/worker2/PPCC/bread/s403/n0/base	403	3
8daefeabf020	worker2	PPCC/bread	4	1	base	activation	926afc1517a80804	926afc1517a80804902178d4005bd2161cb1e238cdffd598fb69fed1fba032d6	lerobot_groot_n15	n15	lerobot_groot_n15__robocasa365_ckpt120000		0	Pick the bread from the counter and place it in the cabinet.	robocasa_panda_omron/PickPlaceCounterToCabinet_PandaOmron_Env	100317	1300001	0	1			5		1	all_token_full	groot_n15_dit_block_residual_full_tokens_denoise	"[""layer"",""denoise_step"",""model_token"",""feature_dim""]"	[7,4,49,1536]	[0,2,4,8,10,12,15]	n15_grid_v5_scenario	grid_coord	meta	meta_json	8daefeabf020/worker2/PPCC/bread/s403/n1/base	403	3
8daefeabf020	worker2	PPCC/bread	4	2	base	activation	8e96b3a69bf78415	8e96b3a69bf784155f12c750c2a562beb1e40e4410e912503695441412b7e6d5	lerobot_groot_n15	n15	lerobot_groot_n15__robocasa365_ckpt120000		0	Pick the bread from the counter and place it in the cabinet.	robocasa_panda_omron/PickPlaceCounterToCabinet_PandaOmron_Env	100317	1300002	0	1			5		1	all_token_full	groot_n15_dit_block_residual_full_tokens_denoise	"[""layer"",""denoise_step"",""model_token"",""feature_dim""]"	[7,4,49,1536]	[0,2,4,8,10,12,15]	n15_grid_v5_scenario	grid_coord	meta	meta_json	8daefeabf020/worker2/PPCC/bread/s403/n2/base	403	3
8daefeabf020	worker2	PPCC/bread	4	3	base	activation	32f57a63da2b991c	32f57a63da2b991c74da7b202972bb3431f316e2d0d336d3f66924fa268b2b1d	lerobot_groot_n15	n15	lerobot_groot_n15__robocasa365_ckpt120000		0	Pick the bread from the counter and place it in the cabinet.	robocasa_panda_omron/PickPlaceCounterToCabinet_PandaOmron_Env	100317	1300003	0	1			5		1	all_token_full	groot_n15_dit_block_residual_full_tokens_denoise	"[""layer"",""denoise_step"",""model_token"",""feature_dim""]"	[7,4,49,1536]	[0,2,4,8,10,12,15]	n15_grid_v5_scenario	grid_coord	meta	meta_json	8daefeabf020/worker2/PPCC/bread/s403/n3/base	403	3
8daefeabf020	worker2	PPCC/bread	4	4	base	activation	792b8fa8b8d693f1	792b8fa8b8d693f1b9bab8da5f0c1e443e50857551e9ce63b072c4841c9e6853	lerobot_groot_n15	n15	lerobot_groot_n15__robocasa365_ckpt120000		0	Pick the bread from the counter and place it in the cabinet.	robocasa_panda_omron/PickPlaceCounterToCabinet_PandaOmron_Env	100317	1300004	0	1			5		1	all_token_full	groot_n15_dit_block_residual_full_tokens_denoise	"[""layer"",""denoise_step"",""model_token"",""feature_dim""]"	[7,4,49,1536]	[0,2,4,8,10,12,15]	n15_grid_v5_scenario	grid_coord	meta	meta_json	8daefeabf020/worker2/PPCC/bread/s403/n4/base	403	3
8daefeabf020	worker2	PPCC/bread	4	0	base	activation	24f4775ebfa01517	24f4775ebfa01517e80ffc512f866d2ee897b87fa3aaeffbaa27ca54992002a8	lerobot_groot_n15	n15	lerobot_groot_n15__robocasa365_ckpt120000		0	Pick the bread from the counter and place it in the cabinet.	robocasa_panda_omron/PickPlaceCounterToCabinet_PandaOmron_Env	100317	1300000	0	1			5		1	all_token_full	groot_n15_dit_block_residual_full_tokens_denoise	"[""layer"",""denoise_step"",""model_token"",""feature_dim""]"	[7,4,49,1536]	[0,2,4,8,10,12,15]	n15_grid_v5_scenario	grid_coord	meta	meta_json	8daefeabf020/worker2/PPCC/bread/s404/n0/base	404	4
8daefeabf020	worker2	PPCC/bread	4	1	base	activation	653e122a1c02c40c	653e122a1c02c40ca5ee0052c27fc82fc568619fbb88194fad41b5c0a69b32a3	lerobot_groot_n15	n15	lerobot_groot_n15__robocasa365_ckpt120000		0	Pick the bread from the counter and place it in the cabinet.	robocasa_panda_omron/PickPlaceCounterToCabinet_PandaOmron_Env	100317	1300001	0	1			5		1	all_token_full	groot_n15_dit_block_residual_full_tokens_denoise	"[""layer"",""denoise_step"",""model_token"",""feature_dim""]"	[7,4,49,1536]	[0,2,4,8,10,12,15]	n15_grid_v5_scenario	grid_coord	meta	meta_json	8daefeabf020/worker2/PPCC/bread/s404/n1/base	404	4
8daefeabf020	worker2	PPCC/bread	4	2	base	activation	019304826a030fcc	019304826a030fcc74c33801546396294a9b073b09b3915a94782d003583518b	lerobot_groot_n15	n15	lerobot_groot_n15__robocasa365_ckpt120000		0	Pick the bread from the counter and place it in the cabinet.	robocasa_panda_omron/PickPlaceCounterToCabinet_PandaOmron_Env	100317	1300002	0	1			5		1	all_token_full	groot_n15_dit_block_residual_full_tokens_denoise	"[""layer"",""denoise_step"",""model_token"",""feature_dim""]"	[7,4,49,1536]	[0,2,4,8,10,12,15]	n15_grid_v5_scenario	grid_coord	meta	meta_json	8daefeabf020/worker2/PPCC/bread/s404/n2/base	404	4
8daefeabf020	worker2	PPCC/bread	4	3	base	activation	8e72c0aa518fe58f	8e72c0aa518fe58fabb5a6d65115d2d058db343ad25ab7e8c81a888cdd435428	lerobot_groot_n15	n15	lerobot_groot_n15__robocasa365_ckpt120000		0	Pick the bread from the counter and place it in the cabinet.	robocasa_panda_omron/PickPlaceCounterToCabinet_PandaOmron_Env	100317	1300003	0	1			5		1	all_token_full	groot_n15_dit_block_residual_full_tokens_denoise	"[""layer"",""denoise_step"",""model_token"",""feature_dim""]"	[7,4,49,1536]	[0,2,4,8,10,12,15]	n15_grid_v5_scenario	grid_coord	meta	meta_json	8daefeabf020/worker2/PPCC/bread/s404/n3/base	404	4
8daefeabf020	worker2	PPCC/bread	4	4	base	activation	8dac1136b6f09082	8dac1136b6f09082fe4942bf020bdfbdc2048c213bfa5c24f149ba5169bff570	lerobot_groot_n15	n15	lerobot_groot_n15__robocasa365_ckpt120000		0	Pick the bread from the counter and place it in the cabinet.	robocasa_panda_omron/PickPlaceCounterToCabinet_PandaOmron_Env	100317	1300004	0	1			5		1	all_token_full	groot_n15_dit_block_residual_full_tokens_denoise	"[""layer"",""denoise_step"",""model_token"",""feature_dim""]"	[7,4,49,1536]	[0,2,4,8,10,12,15]	n15_grid_v5_scenario	grid_coord	meta	meta_json	8daefeabf020/worker2/PPCC/bread/s404/n4/base	404	4
8daefeabf020	worker2	PPCC/candle	0	0	base	activation	c5eae543a572f1c7	c5eae543a572f1c7caa585560d40aeea7392969b8aae09cb43ff4d898809e10f	lerobot_groot_n15	n15	lerobot_groot_n15__robocasa365_ckpt120000		0	Pick the candle from the counter and place it in the cabinet.	robocasa_panda_omron/PickPlaceCounterToCabinet_PandaOmron_Env	100058	1300000	0	1			5		1	all_token_full	groot_n15_dit_block_residual_full_tokens_denoise	"[""layer"",""denoise_step"",""model_token"",""feature_dim""]"	[7,4,49,1536]	[0,2,4,8,10,12,15]	n15_grid_v5_scenario	grid_coord	meta	meta_json	8daefeabf020/worker2/PPCC/candle/s0/n0/base	0	0
8daefeabf020	worker2	PPCC/candle	0	1	base	activation	c60605bacb8a9f6f	c60605bacb8a9f6f643a8ae9576db26432ec7d79e73996c879581095a77a5cc2	lerobot_groot_n15	n15	lerobot_groot_n15__robocasa365_ckpt120000		0	Pick the candle from the counter and place it in the cabinet.	robocasa_panda_omron/PickPlaceCounterToCabinet_PandaOmron_Env	100058	1300001	0	1			5		1	all_token_full	groot_n15_dit_block_residual_full_tokens_denoise	"[""layer"",""denoise_step"",""model_token"",""feature_dim""]"	[7,4,49,1536]	[0,2,4,8,10,12,15]	n15_grid_v5_scenario	grid_coord	meta	meta_json	8daefeabf020/worker2/PPCC/candle/s0/n1/base	0	0
8daefeabf020	worker2	PPCC/candle	0	2	base	activation	b333edd0d20f2955	b333edd0d20f2955caf41dc39ddaad10e67749396e7dfb3478ddbd347ef16399	lerobot_groot_n15	n15	lerobot_groot_n15__robocasa365_ckpt120000		0	Pick the candle from the counter and place it in the cabinet.	robocasa_panda_omron/PickPlaceCounterToCabinet_PandaOmron_Env	100058	1300002	0	1			5		1	all_token_full	groot_n15_dit_block_residual_full_tokens_denoise	"[""layer"",""denoise_step"",""model_token"",""feature_dim""]"	[7,4,49,1536]	[0,2,4,8,10,12,15]	n15_grid_v5_scenario	grid_coord	meta	meta_json	8daefeabf020/worker2/PPCC/candle/s0/n2/base	0	0
8daefeabf020	worker2	PPCC/candle	0	3	base	activation	a971faa9ab920fd3	a971faa9ab920fd3b063671da4a218cc3b68b7a4022c0f4a621977d05dacd7ca	lerobot_groot_n15	n15	lerobot_groot_n15__robocasa365_ckpt120000		0	Pick the candle from the counter and place it in the cabinet.	robocasa_panda_omron/PickPlaceCounterToCabinet_PandaOmron_Env	100058	1300003	0	1			5		1	all_token_full	groot_n15_dit_block_residual_full_tokens_denoise	"[""layer"",""denoise_step"",""model_token"",""feature_dim""]"	[7,4,49,1536]	[0,2,4,8,10,12,15]	n15_grid_v5_scenario	grid_coord	meta	meta_json	8daefeabf020/worker2/PPCC/candle/s0/n3/base	0	0
8daefeabf020	worker2	PPCC/candle	0	4	base	activation	b406b15a40d13f8e	b406b15a40d13f8e7653ac8cd616081aaab3f1a5ca1158a7df553e4bc8915dba	lerobot_groot_n15	n15	lerobot_groot_n15__robocasa365_ckpt120000		0	Pick the candle from the counter and place it in the cabinet.	robocasa_panda_omron/PickPlaceCounterToCabinet_PandaOmron_Env	100058	1300004	0	0			5		1	all_token_full	groot_n15_dit_block_residual_full_tokens_denoise	"[""layer"",""denoise_step"",""model_token"",""feature_dim""]"	[7,4,49,1536]	[0,2,4,8,10,12,15]	n15_grid_v5_scenario	grid_coord	meta	meta_json	8daefeabf020/worker2/PPCC/candle/s0/n4/base	0	0
8daefeabf020	worker2	PPCC/candle	0	0	base	activation	09362da903c2c3af	09362da903c2c3af910546218a4658a2aeab14be55ccc0df5361722ab06dfb59	lerobot_groot_n15	n15	lerobot_groot_n15__robocasa365_ckpt120000		0	Pick the candle from the counter and place it in the cabinet.	robocasa_panda_omron/PickPlaceCounterToCabinet_PandaOmron_Env	100058	1300000	0	1			5		1	all_token_full	groot_n15_dit_block_residual_full_tokens_denoise	"[""layer"",""denoise_step"",""model_token"",""feature_dim""]"	[7,4,49,1536]	[0,2,4,8,10,12,15]	n15_grid_v5_scenario	grid_coord	meta	meta_json	8daefeabf020/worker2/PPCC/candle/s1/n0/base	1	1
8daefeabf020	worker2	PPCC/candle	0	1	base	activation	b2fb671cc4462127	b2fb671cc446212700c3f594fda841c46af6acb09314ceee5a5893eef56df5a7	lerobot_groot_n15	n15	lerobot_groot_n15__robocasa365_ckpt120000		0	Pick the candle from the counter and place it in the cabinet.	robocasa_panda_omron/PickPlaceCounterToCabinet_PandaOmron_Env	100058	1300001	0	1			5		1	all_token_full	groot_n15_dit_block_residual_full_tokens_denoise	"[""layer"",""denoise_step"",""model_token"",""feature_dim""]"	[7,4,49,1536]	[0,2,4,8,10,12,15]	n15_grid_v5_scenario	grid_coord	meta	meta_json	8daefeabf020/worker2/PPCC/candle/s1/n1/base	1	1
8daefeabf020	worker2	PPCC/candle	0	2	base	activation	96c87244cbaff44a	96c87244cbaff44abac21ebc3824ce75538d46023bcbb0c368fe263f251db3d1	lerobot_groot_n15	n15	lerobot_groot_n15__robocasa365_ckpt120000		0	Pick the candle from the counter and place it in the cabinet.	robocasa_panda_omron/PickPlaceCounterToCabinet_PandaOmron_Env	100058	1300002	0	1			5		1	all_token_full	groot_n15_dit_block_residual_full_tokens_denoise	"[""layer"",""denoise_step"",""model_token"",""feature_dim""]"	[7,4,49,1536]	[0,2,4,8,10,12,15]	n15_grid_v5_scenario	grid_coord	meta	meta_json	8daefeabf020/worker2/PPCC/candle/s1/n2/base	1	1
8daefeabf020	worker2	PPCC/candle	0	3	base	activation	9ba56574f16bf606	9ba56574f16bf6069b047623c0d138a0ff77563781d1e24a828624a3760c2f5b	lerobot_groot_n15	n15	lerobot_groot_n15__robocasa365_ckpt120000		0	Pick the candle from the counter and place it in the cabinet.	robocasa_panda_omron/PickPlaceCounterToCabinet_PandaOmron_Env	100058	1300003	0	1			5		1	all_token_full	groot_n15_dit_block_residual_full_tokens_denoise	"[""layer"",""denoise_step"",""model_token"",""feature_dim""]"	[7,4,49,1536]	[0,2,4,8,10,12,15]	n15_grid_v5_scenario	grid_coord	meta	meta_json	8daefeabf020/worker2/PPCC/candle/s1/n3/base	1	1
8daefeabf020	worker2	PPCC/candle	0	4	base	activation	ce0aa4b6b21ad16e	ce0aa4b6b21ad16e3dff8f784c07aa58248cc49dafcc0c0344b725363a56e2be	lerobot_groot_n15	n15	lerobot_groot_n15__robocasa365_ckpt120000		0	Pick the candle from the counter and place it in the cabinet.	robocasa_panda_omron/PickPlaceCounterToCabinet_PandaOmron_Env	100058	1300004	0	1			5		1	all_token_full	groot_n15_dit_block_residual_full_tokens_denoise	"[""layer"",""denoise_step"",""model_token"",""feature_dim""]"	[7,4,49,1536]	[0,2,4,8,10,12,15]	n15_grid_v5_scenario	grid_coord	meta	meta_json	8daefeabf020/worker2/PPCC/candle/s1/n4/base	1	1
8daefeabf020	worker2	PPCC/candle	1	0	base	activation	ce30fbb30cfc69fd	ce30fbb30cfc69fd9516cc5a8aca4545b29f2ff0187806e03bdd3495649b22be	lerobot_groot_n15	n15	lerobot_groot_n15__robocasa365_ckpt120000		0	Pick the candle from the counter and place it in the cabinet.	robocasa_panda_omron/PickPlaceCounterToCabinet_PandaOmron_Env	100107	1300000	0	1			5		1	all_token_full	groot_n15_dit_block_residual_full_tokens_denoise	"[""layer"",""denoise_step"",""model_token"",""feature_dim""]"	[7,4,49,1536]	[0,2,4,8,10,12,15]	n15_grid_v5_scenario	grid_coord	meta	meta_json	8daefeabf020/worker2/PPCC/candle/s100/n0/base	100	0
8daefeabf020	worker2	PPCC/candle	1	1	base	activation	c9e2c52cfdbac05c	c9e2c52cfdbac05cbcfe6aeaeb16124fdb7d1788077416f3c2e5af3b75241175	lerobot_groot_n15	n15	lerobot_groot_n15__robocasa365_ckpt120000		0	Pick the candle from the counter and place it in the cabinet.	robocasa_panda_omron/PickPlaceCounterToCabinet_PandaOmron_Env	100107	1300001	0	1			5		1	all_token_full	groot_n15_dit_block_residual_full_tokens_denoise	"[""layer"",""denoise_step"",""model_token"",""feature_dim""]"	[7,4,49,1536]	[0,2,4,8,10,12,15]	n15_grid_v5_scenario	grid_coord	meta	meta_json	8daefeabf020/worker2/PPCC/candle/s100/n1/base	100	0
8daefeabf020	worker2	PPCC/candle	1	2	base	activation	89cf07a4b6accfdf	89cf07a4b6accfdf25762323b0656525395f95731bfad034bec7b48fcb4ee883	lerobot_groot_n15	n15	lerobot_groot_n15__robocasa365_ckpt120000		0	Pick the candle from the counter and place it in the cabinet.	robocasa_panda_omron/PickPlaceCounterToCabinet_PandaOmron_Env	100107	1300002	0	1			5		1	all_token_full	groot_n15_dit_block_residual_full_tokens_denoise	"[""layer"",""denoise_step"",""model_token"",""feature_dim""]"	[7,4,49,1536]	[0,2,4,8,10,12,15]	n15_grid_v5_scenario	grid_coord	meta	meta_json	8daefeabf020/worker2/PPCC/candle/s100/n2/base	100	0
8daefeabf020	worker2	PPCC/candle	1	3	base	activation	f058ee95803229d5	f058ee95803229d56bb6d493476dd4d7214f3585f92c4fe2fe533fdffb0a27c4	lerobot_groot_n15	n15	lerobot_groot_n15__robocasa365_ckpt120000		0	Pick the candle from the counter and place it in the cabinet.	robocasa_panda_omron/PickPlaceCounterToCabinet_PandaOmron_Env	100107	1300003	0	0			5		1	all_token_full	groot_n15_dit_block_residual_full_tokens_denoise	"[""layer"",""denoise_step"",""model_token"",""feature_dim""]"	[7,4,49,1536]	[0,2,4,8,10,12,15]	n15_grid_v5_scenario	grid_coord	meta	meta_json	8daefeabf020/worker2/PPCC/candle/s100/n3/base	100	0
8daefeabf020	worker2	PPCC/candle	1	4	base	activation	ad5544a0fabdf389	ad5544a0fabdf38981f087661a2979a0ca8ae78802ef9969373ca03249901303	lerobot_groot_n15	n15	lerobot_groot_n15__robocasa365_ckpt120000		0	Pick the candle from the counter and place it in the cabinet.	robocasa_panda_omron/PickPlaceCounterToCabinet_PandaOmron_Env	100107	1300004	0	1			5		1	all_token_full	groot_n15_dit_block_residual_full_tokens_denoise	"[""layer"",""denoise_step"",""model_token"",""feature_dim""]"	[7,4,49,1536]	[0,2,4,8,10,12,15]	n15_grid_v5_scenario	grid_coord	meta	meta_json	8daefeabf020/worker2/PPCC/candle/s100/n4/base	100	0
8daefeabf020	worker2	PPCC/candle	1	0	base	activation	221369157079876d	221369157079876dc793dc9856d98bffa52155e6863cd5a19d9abc7b29d0f7bb	lerobot_groot_n15	n15	lerobot_groot_n15__robocasa365_ckpt120000		0	Pick the candle from the counter and place it in the cabinet.	robocasa_panda_omron/PickPlaceCounterToCabinet_PandaOmron_Env	100107	1300000	0	1			5		1	all_token_full	groot_n15_dit_block_residual_full_tokens_denoise	"[""layer"",""denoise_step"",""model_token"",""feature_dim""]"	[7,4,49,1536]	[0,2,4,8,10,12,15]	n15_grid_v5_scenario	grid_coord	meta	meta_json	8daefeabf020/worker2/PPCC/candle/s101/n0/base	101	1
8daefeabf020	worker2	PPCC/candle	1	1	base	activation	75084e2280c6d817	75084e2280c6d8177f499867a8db39343374dff60c513bc8897891dab73ffe86	lerobot_groot_n15	n15	lerobot_groot_n15__robocasa365_ckpt120000		0	Pick the candle from the counter and place it in the cabinet.	robocasa_panda_omron/PickPlaceCounterToCabinet_PandaOmron_Env	100107	1300001	0	1			5		1	all_token_full	groot_n15_dit_block_residual_full_tokens_denoise	"[""layer"",""denoise_step"",""model_token"",""feature_dim""]"	[7,4,49,1536]	[0,2,4,8,10,12,15]	n15_grid_v5_scenario	grid_coord	meta	meta_json	8daefeabf020/worker2/PPCC/candle/s101/n1/base	101	1
8daefeabf020	worker2	PPCC/candle	1	2	base	activation	809128e78bf13ccb	809128e78bf13ccb73a6f7bb1183feb7229911cd5ecfaa1c6162807104f265d8	lerobot_groot_n15	n15	lerobot_groot_n15__robocasa365_ckpt120000		0	Pick the candle from the counter and place it in the cabinet.	robocasa_panda_omron/PickPlaceCounterToCabinet_PandaOmron_Env	100107	1300002	0	1			5		1	all_token_full	groot_n15_dit_block_residual_full_tokens_denoise	"[""layer"",""denoise_step"",""model_token"",""feature_dim""]"	[7,4,49,1536]	[0,2,4,8,10,12,15]	n15_grid_v5_scenario	grid_coord	meta	meta_json	8daefeabf020/worker2/PPCC/candle/s101/n2/base	101	1
8daefeabf020	worker2	PPCC/candle	1	3	base	activation	d9599e3ffdd43f4e	d9599e3ffdd43f4e0a18fa1cdcb3687d087f3de9a3cab8009488b81ca886bc19	lerobot_groot_n15	n15	lerobot_groot_n15__robocasa365_ckpt120000		0	Pick the candle from the counter and place it in the cabinet.	robocasa_panda_omron/PickPlaceCounterToCabinet_PandaOmron_Env	100107	1300003	0	1			5		1	all_token_full	groot_n15_dit_block_residual_full_tokens_denoise	"[""layer"",""denoise_step"",""model_token"",""feature_dim""]"	[7,4,49,1536]	[0,2,4,8,10,12,15]	n15_grid_v5_scenario	grid_coord	meta	meta_json	8daefeabf020/worker2/PPCC/candle/s101/n3/base	101	1
8daefeabf020	worker2	PPCC/candle	1	4	base	activation	c6e5e2cb60c639c1	c6e5e2cb60c639c11f1e52374a855cf4b99e4eea07703a6af4f71ecc51430f84	lerobot_groot_n15	n15	lerobot_groot_n15__robocasa365_ckpt120000		0	Pick the candle from the counter and place it in the cabinet.	robocasa_panda_omron/PickPlaceCounterToCabinet_PandaOmron_Env	100107	1300004	0	1			5		1	all_token_full	groot_n15_dit_block_residual_full_tokens_denoise	"[""layer"",""denoise_step"",""model_token"",""feature_dim""]"	[7,4,49,1536]	[0,2,4,8,10,12,15]	n15_grid_v5_scenario	grid_coord	meta	meta_json	8daefeabf020/worker2/PPCC/candle/s101/n4/base	101	1
8daefeabf020	worker2	PPCC/candle	1	0	base	activation	d55ef82ffb86d500	d55ef82ffb86d500285fbe2bc0489aac3a16f1eeeddc5191d9bb7de25fb1558d	lerobot_groot_n15	n15	lerobot_groot_n15__robocasa365_ckpt120000		0	Pick the candle from the counter and place it in the cabinet.	robocasa_panda_omron/PickPlaceCounterToCabinet_PandaOmron_Env	100107	1300000	0	1			5		1	all_token_full	groot_n15_dit_block_residual_full_tokens_denoise	"[""layer"",""denoise_step"",""model_token"",""feature_dim""]"	[7,4,49,1536]	[0,2,4,8,10,12,15]	n15_grid_v5_scenario	grid_coord	meta	meta_json	8daefeabf020/worker2/PPCC/candle/s102/n0/base	102	2
8daefeabf020	worker2	PPCC/candle	1	1	base	activation	adabddc2798f36a6	adabddc2798f36a600b8ba8007bb6b0cf5dfa0d88001d08ae091ef3abdecf328	lerobot_groot_n15	n15	lerobot_groot_n15__robocasa365_ckpt120000		0	Pick the candle from the counter and place it in the cabinet.	robocasa_panda_omron/PickPlaceCounterToCabinet_PandaOmron_Env	100107	1300001	0	1			5		1	all_token_full	groot_n15_dit_block_residual_full_tokens_denoise	"[""layer"",""denoise_step"",""model_token"",""feature_dim""]"	[7,4,49,1536]	[0,2,4,8,10,12,15]	n15_grid_v5_scenario	grid_coord	meta	meta_json	8daefeabf020/worker2/PPCC/candle/s102/n1/base	102	2
8daefeabf020	worker2	PPCC/candle	1	2	base	activation	c5ccabada4eca6f2	c5ccabada4eca6f2680751a32d82cf04cee834f31a1fc863ff8f5dae4b830afb	lerobot_groot_n15	n15	lerobot_groot_n15__robocasa365_ckpt120000		0	Pick the candle from the counter and place it in the cabinet.	robocasa_panda_omron/PickPlaceCounterToCabinet_PandaOmron_Env	100107	1300002	0	1			5		1	all_token_full	groot_n15_dit_block_residual_full_tokens_denoise	"[""layer"",""denoise_step"",""model_token"",""feature_dim""]"	[7,4,49,1536]	[0,2,4,8,10,12,15]	n15_grid_v5_scenario	grid_coord	meta	meta_json	8daefeabf020/worker2/PPCC/candle/s102/n2/base	102	2
8daefeabf020	worker2	PPCC/candle	1	3	base	activation	405865597479c33b	405865597479c33b57cdd456c6366a176bc91461ad91ec5c931c32d03a2c9a60	lerobot_groot_n15	n15	lerobot_groot_n15__robocasa365_ckpt120000		0	Pick the candle from the counter and place it in the cabinet.	robocasa_panda_omron/PickPlaceCounterToCabinet_PandaOmron_Env	100107	1300003	0	1			5		1	all_token_full	groot_n15_dit_block_residual_full_tokens_denoise	"[""layer"",""denoise_step"",""model_token"",""feature_dim""]"	[7,4,49,1536]	[0,2,4,8,10,12,15]	n15_grid_v5_scenario	grid_coord	meta	meta_json	8daefeabf020/worker2/PPCC/candle/s102/n3/base	102	2
8daefeabf020	worker2	PPCC/candle	1	4	base	activation	eb6cfd00277e5beb	eb6cfd00277e5bebb62e20144ac77f17b8e0f8630327eb99ae6c60867145c395	lerobot_groot_n15	n15	lerobot_groot_n15__robocasa365_ckpt120000		0	Pick the candle from the counter and place it in the cabinet.	robocasa_panda_omron/PickPlaceCounterToCabinet_PandaOmron_Env	100107	1300004	0	1			5		1	all_token_full	groot_n15_dit_block_residual_full_tokens_denoise	"[""layer"",""denoise_step"",""model_token"",""feature_dim""]"	[7,4,49,1536]	[0,2,4,8,10,12,15]	n15_grid_v5_scenario	grid_coord	meta	meta_json	8daefeabf020/worker2/PPCC/candle/s102/n4/base	102	2
8daefeabf020	worker2	PPCC/candle	1	0	base	activation	7069c2e1fcd97e24	7069c2e1fcd97e249cafad1d7b7855d39d54b2d3803380e091908801346491f5	lerobot_groot_n15	n15	lerobot_groot_n15__robocasa365_ckpt120000		0	Pick the candle from the counter and place it in the cabinet.	robocasa_panda_omron/PickPlaceCounterToCabinet_PandaOmron_Env	100107	1300000	0	1			5		1	all_token_full	groot_n15_dit_block_residual_full_tokens_denoise	"[""layer"",""denoise_step"",""model_token"",""feature_dim""]"	[7,4,49,1536]	[0,2,4,8,10,12,15]	n15_grid_v5_scenario	grid_coord	meta	meta_json	8daefeabf020/worker2/PPCC/candle/s103/n0/base	103	3
8daefeabf020	worker2	PPCC/candle	1	1	base	activation	dcdfcffe52605d05	dcdfcffe52605d05c432ff4698a8f452486468357026f94b12995c7c2d0cfef9	lerobot_groot_n15	n15	lerobot_groot_n15__robocasa365_ckpt120000		0	Pick the candle from the counter and place it in the cabinet.	robocasa_panda_omron/PickPlaceCounterToCabinet_PandaOmron_Env	100107	1300001	0	0			5		1	all_token_full	groot_n15_dit_block_residual_full_tokens_denoise	"[""layer"",""denoise_step"",""model_token"",""feature_dim""]"	[7,4,49,1536]	[0,2,4,8,10,12,15]	n15_grid_v5_scenario	grid_coord	meta	meta_json	8daefeabf020/worker2/PPCC/candle/s103/n1/base	103	3
8daefeabf020	worker2	PPCC/candle	1	2	base	activation	01b270e0cd7f86d5	01b270e0cd7f86d550b100ad484346235a3364dce5960c54a8543b3e40df59a7	lerobot_groot_n15	n15	lerobot_groot_n15__robocasa365_ckpt120000		0	Pick the candle from the counter and place it in the cabinet.	robocasa_panda_omron/PickPlaceCounterToCabinet_PandaOmron_Env	100107	1300002	0	0			5		1	all_token_full	groot_n15_dit_block_residual_full_tokens_denoise	"[""layer"",""denoise_step"",""model_token"",""feature_dim""]"	[7,4,49,1536]	[0,2,4,8,10,12,15]	n15_grid_v5_scenario	grid_coord	meta	meta_json	8daefeabf020/worker2/PPCC/candle/s103/n2/base	103	3
8daefeabf020	worker2	PPCC/candle	1	3	base	activation	42b1f582b1609e3d	42b1f582b1609e3dfe88736b65d1c270d381565d60344356aa2e67dfa397a405	lerobot_groot_n15	n15	lerobot_groot_n15__robocasa365_ckpt120000		0	Pick the candle from the counter and place it in the cabinet.	robocasa_panda_omron/PickPlaceCounterToCabinet_PandaOmron_Env	100107	1300003	0	0			5		1	all_token_full	groot_n15_dit_block_residual_full_tokens_denoise	"[""layer"",""denoise_step"",""model_token"",""feature_dim""]"	[7,4,49,1536]	[0,2,4,8,10,12,15]	n15_grid_v5_scenario	grid_coord	meta	meta_json	8daefeabf020/worker2/PPCC/candle/s103/n3/base	103	3
8daefeabf020	worker2	PPCC/candle	1	4	base	activation	27e9059bbd8c6657	27e9059bbd8c66578d75bd2758b0d2cdf629ccf863796f03b43f1e5be43642c8	lerobot_groot_n15	n15	lerobot_groot_n15__robocasa365_ckpt120000		0	Pick the candle from the counter and place it in the cabinet.	robocasa_panda_omron/PickPlaceCounterToCabinet_PandaOmron_Env	100107	1300004	0	0			5		1	all_token_full	groot_n15_dit_block_residual_full_tokens_denoise	"[""layer"",""denoise_step"",""model_token"",""feature_dim""]"	[7,4,49,1536]	[0,2,4,8,10,12,15]	n15_grid_v5_scenario	grid_coord	meta	meta_json	8daefeabf020/worker2/PPCC/candle/s103/n4/base	103	3
8daefeabf020	worker2	PPCC/candle	1	0	base	activation	ead29b619d5095f7	ead29b619d5095f79a904239306246059fc49128ae34cf90fd0be5a9b058c0d0	lerobot_groot_n15	n15	lerobot_groot_n15__robocasa365_ckpt120000		0	Pick the candle from the counter and place it in the cabinet.	robocasa_panda_omron/PickPlaceCounterToCabinet_PandaOmron_Env	100107	1300000	0	1			5		1	all_token_full	groot_n15_dit_block_residual_full_tokens_denoise	"[""layer"",""denoise_step"",""model_token"",""feature_dim""]"	[7,4,49,1536]	[0,2,4,8,10,12,15]	n15_grid_v5_scenario	grid_coord	meta	meta_json	8daefeabf020/worker2/PPCC/candle/s104/n0/base	104	4
8daefeabf020	worker2	PPCC/candle	1	1	base	activation	a1476c2b9af9b2e9	a1476c2b9af9b2e92e65c9550cb3060e5ec381a8de129800e5151580a71ed9e1	lerobot_groot_n15	n15	lerobot_groot_n15__robocasa365_ckpt120000		0	Pick the candle from the counter and place it in the cabinet.	robocasa_panda_omron/PickPlaceCounterToCabinet_PandaOmron_Env	100107	1300001	0	0			5		1	all_token_full	groot_n15_dit_block_residual_full_tokens_denoise	"[""layer"",""denoise_step"",""model_token"",""feature_dim""]"	[7,4,49,1536]	[0,2,4,8,10,12,15]	n15_grid_v5_scenario	grid_coord	meta	meta_json	8daefeabf020/worker2/PPCC/candle/s104/n1/base	104	4
8daefeabf020	worker2	PPCC/candle	1	2	base	activation	039c9253612b3102	039c9253612b310241a7ea7896d951768e12394aa34aa6904625319420394797	lerobot_groot_n15	n15	lerobot_groot_n15__robocasa365_ckpt120000		0	Pick the candle from the counter and place it in the cabinet.	robocasa_panda_omron/PickPlaceCounterToCabinet_PandaOmron_Env	100107	1300002	0	1			5		1	all_token_full	groot_n15_dit_block_residual_full_tokens_denoise	"[""layer"",""denoise_step"",""model_token"",""feature_dim""]"	[7,4,49,1536]	[0,2,4,8,10,12,15]	n15_grid_v5_scenario	grid_coord	meta	meta_json	8daefeabf020/worker2/PPCC/candle/s104/n2/base	104	4
8daefeabf020	worker2	PPCC/candle	1	3	base	activation	d44fe2ac6068605f	d44fe2ac6068605f703b1a281a8973734565d6cde0ddad5475184bca248efe94	lerobot_groot_n15	n15	lerobot_groot_n15__robocasa365_ckpt120000		0	Pick the candle from the counter and place it in the cabinet.	robocasa_panda_omron/PickPlaceCounterToCabinet_PandaOmron_Env	100107	1300003	0	0			5		1	all_token_full	groot_n15_dit_block_residual_full_tokens_denoise	"[""layer"",""denoise_step"",""model_token"",""feature_dim""]"	[7,4,49,1536]	[0,2,4,8,10,12,15]	n15_grid_v5_scenario	grid_coord	meta	meta_json	8daefeabf020/worker2/PPCC/candle/s104/n3/base	104	4
8daefeabf020	worker2	PPCC/candle	1	4	base	activation	0bf4dfc9af5abf48	0bf4dfc9af5abf48b206644c2bb8c92ccf3657c216feddeedb3e80e5cd1c617b	lerobot_groot_n15	n15	lerobot_groot_n15__robocasa365_ckpt120000		0	Pick the candle from the counter and place it in the cabinet.	robocasa_panda_omron/PickPlaceCounterToCabinet_PandaOmron_Env	100107	1300004	0	1			5		1	all_token_full	groot_n15_dit_block_residual_full_tokens_denoise	"[""layer"",""denoise_step"",""model_token"",""feature_dim""]"	[7,4,49,1536]	[0,2,4,8,10,12,15]	n15_grid_v5_scenario	grid_coord	meta	meta_json	8daefeabf020/worker2/PPCC/candle/s104/n4/base	104	4
8daefeabf020	worker2	PPCC/candle	0	0	base	activation	24a192b1146129c3	24a192b1146129c3edbf2af1ac782a13d6295816b73887eebb39e8760b8ea33c	lerobot_groot_n15	n15	lerobot_groot_n15__robocasa365_ckpt120000		0	Pick the candle from the counter and place it in the cabinet.	robocasa_panda_omron/PickPlaceCounterToCabinet_PandaOmron_Env	100058	1300000	0	1			5		1	all_token_full	groot_n15_dit_block_residual_full_tokens_denoise	"[""layer"",""denoise_step"",""model_token"",""feature_dim""]"	[7,4,49,1536]	[0,2,4,8,10,12,15]	n15_grid_v5_scenario	grid_coord	meta	meta_json	8daefeabf020/worker2/PPCC/candle/s2/n0/base	2	2
8daefeabf020	worker2	PPCC/candle	0	1	base	activation	9cec96423197f181	9cec96423197f181d432501dc2b71c8a7ea08f465996ec29cf9a3893d029f1bb	lerobot_groot_n15	n15	lerobot_groot_n15__robocasa365_ckpt120000		0	Pick the candle from the counter and place it in the cabinet.	robocasa_panda_omron/PickPlaceCounterToCabinet_PandaOmron_Env	100058	1300001	0	1			5		1	all_token_full	groot_n15_dit_block_residual_full_tokens_denoise	"[""layer"",""denoise_step"",""model_token"",""feature_dim""]"	[7,4,49,1536]	[0,2,4,8,10,12,15]	n15_grid_v5_scenario	grid_coord	meta	meta_json	8daefeabf020/worker2/PPCC/candle/s2/n1/base	2	2
8daefeabf020	worker2	PPCC/candle	0	2	base	activation	20940fcb0d2b44e3	20940fcb0d2b44e3533abba1abdec0fe5e1cb81c2f111361598c7c606d614037	lerobot_groot_n15	n15	lerobot_groot_n15__robocasa365_ckpt120000		0	Pick the candle from the counter and place it in the cabinet.	robocasa_panda_omron/PickPlaceCounterToCabinet_PandaOmron_Env	100058	1300002	0	1			5		1	all_token_full	groot_n15_dit_block_residual_full_tokens_denoise	"[""layer"",""denoise_step"",""model_token"",""feature_dim""]"	[7,4,49,1536]	[0,2,4,8,10,12,15]	n15_grid_v5_scenario	grid_coord	meta	meta_json	8daefeabf020/worker2/PPCC/candle/s2/n2/base	2	2
8daefeabf020	worker2	PPCC/candle	0	3	base	activation	831f13d5982b40c1	831f13d5982b40c1e669ba6d45484666fca3c061a276eb7b81f3fcd214e45ce5	lerobot_groot_n15	n15	lerobot_groot_n15__robocasa365_ckpt120000		0	Pick the candle from the counter and place it in the cabinet.	robocasa_panda_omron/PickPlaceCounterToCabinet_PandaOmron_Env	100058	1300003	0	1			5		1	all_token_full	groot_n15_dit_block_residual_full_tokens_denoise	"[""layer"",""denoise_step"",""model_token"",""feature_dim""]"	[7,4,49,1536]	[0,2,4,8,10,12,15]	n15_grid_v5_scenario	grid_coord	meta	meta_json	8daefeabf020/worker2/PPCC/candle/s2/n3/base	2	2
8daefeabf020	worker2	PPCC/candle	0	4	base	activation	267a625078d74e3d	267a625078d74e3dfaf39dc80a63a98676a23fa458bb496f4f2d0232f86e10a7	lerobot_groot_n15	n15	lerobot_groot_n15__robocasa365_ckpt120000		0	Pick the candle from the counter and place it in the cabinet.	robocasa_panda_omron/PickPlaceCounterToCabinet_PandaOmron_Env	100058	1300004	0	1			5		1	all_token_full	groot_n15_dit_block_residual_full_tokens_denoise	"[""layer"",""denoise_step"",""model_token"",""feature_dim""]"	[7,4,49,1536]	[0,2,4,8,10,12,15]	n15_grid_v5_scenario	grid_coord	meta	meta_json	8daefeabf020/worker2/PPCC/candle/s2/n4/base	2	2
8daefeabf020	worker2	PPCC/candle	2	0	base	activation	a0ce29cedd3aaec9	a0ce29cedd3aaec98b9c5dfd0f144d3b82dc57633c7b81d406e53b2f2ebe632e	lerobot_groot_n15	n15	lerobot_groot_n15__robocasa365_ckpt120000		0	Pick the candle from the counter and place it in the cabinet.	robocasa_panda_omron/PickPlaceCounterToCabinet_PandaOmron_Env	100154	1300000	0	1			5		1	all_token_full	groot_n15_dit_block_residual_full_tokens_denoise	"[""layer"",""denoise_step"",""model_token"",""feature_dim""]"	[7,4,49,1536]	[0,2,4,8,10,12,15]	n15_grid_v5_scenario	grid_coord	meta	meta_json	8daefeabf020/worker2/PPCC/candle/s200/n0/base	200	0
8daefeabf020	worker2	PPCC/candle	2	1	base	activation	587143270d48180f	587143270d48180f7efb7021b0bea68ce16167b2e3d6ea68e8d976933d734f34	lerobot_groot_n15	n15	lerobot_groot_n15__robocasa365_ckpt120000		0	Pick the candle from the counter and place it in the cabinet.	robocasa_panda_omron/PickPlaceCounterToCabinet_PandaOmron_Env	100154	1300001	0	1			5		1	all_token_full	groot_n15_dit_block_residual_full_tokens_denoise	"[""layer"",""denoise_step"",""model_token"",""feature_dim""]"	[7,4,49,1536]	[0,2,4,8,10,12,15]	n15_grid_v5_scenario	grid_coord	meta	meta_json	8daefeabf020/worker2/PPCC/candle/s200/n1/base	200	0
8daefeabf020	worker2	PPCC/candle	2	2	base	activation	acca820883c1ea81	acca820883c1ea81e207325c0156823172a1bd7f709bc8460487afa7ef574072	lerobot_groot_n15	n15	lerobot_groot_n15__robocasa365_ckpt120000		0	Pick the candle from the counter and place it in the cabinet.	robocasa_panda_omron/PickPlaceCounterToCabinet_PandaOmron_Env	100154	1300002	0	1			5		1	all_token_full	groot_n15_dit_block_residual_full_tokens_denoise	"[""layer"",""denoise_step"",""model_token"",""feature_dim""]"	[7,4,49,1536]	[0,2,4,8,10,12,15]	n15_grid_v5_scenario	grid_coord	meta	meta_json	8daefeabf020/worker2/PPCC/candle/s200/n2/base	200	0
8daefeabf020	worker2	PPCC/candle	2	3	base	activation	68ba490793fa282a	68ba490793fa282a38ed8341aec1709f4ba89c4eee31a4b414f12e2a493bd463	lerobot_groot_n15	n15	lerobot_groot_n15__robocasa365_ckpt120000		0	Pick the candle from the counter and place it in the cabinet.	robocasa_panda_omron/PickPlaceCounterToCabinet_PandaOmron_Env	100154	1300003	0	1			5		1	all_token_full	groot_n15_dit_block_residual_full_tokens_denoise	"[""layer"",""denoise_step"",""model_token"",""feature_dim""]"	[7,4,49,1536]	[0,2,4,8,10,12,15]	n15_grid_v5_scenario	grid_coord	meta	meta_json	8daefeabf020/worker2/PPCC/candle/s200/n3/base	200	0
8daefeabf020	worker2	PPCC/candle	2	4	base	activation	a7e106950c487102	a7e106950c487102ac7db271e94267fe023c1efd1d3583828e6340aa63cbd78f	lerobot_groot_n15	n15	lerobot_groot_n15__robocasa365_ckpt120000		0	Pick the candle from the counter and place it in the cabinet.	robocasa_panda_omron/PickPlaceCounterToCabinet_PandaOmron_Env	100154	1300004	0	1			5		1	all_token_full	groot_n15_dit_block_residual_full_tokens_denoise	"[""layer"",""denoise_step"",""model_token"",""feature_dim""]"	[7,4,49,1536]	[0,2,4,8,10,12,15]	n15_grid_v5_scenario	grid_coord	meta	meta_json	8daefeabf020/worker2/PPCC/candle/s200/n4/base	200	0
8daefeabf020	worker2	PPCC/candle	2	0	base	activation	43c84607cc4e3d2a	43c84607cc4e3d2a417003f1caeb806ceb3e0a60d62d3eaf05f5e349c5d1fb05	lerobot_groot_n15	n15	lerobot_groot_n15__robocasa365_ckpt120000		0	Pick the candle from the counter and place it in the cabinet.	robocasa_panda_omron/PickPlaceCounterToCabinet_PandaOmron_Env	100154	1300000	0	1			5		1	all_token_full	groot_n15_dit_block_residual_full_tokens_denoise	"[""layer"",""denoise_step"",""model_token"",""feature_dim""]"	[7,4,49,1536]	[0,2,4,8,10,12,15]	n15_grid_v5_scenario	grid_coord	meta	meta_json	8daefeabf020/worker2/PPCC/candle/s201/n0/base	201	1
8daefeabf020	worker2	PPCC/candle	2	1	base	activation	beb6f751a62dba97	beb6f751a62dba973d1866b9c084588d685c0d6450e498bb10b01a9c72d397f1	lerobot_groot_n15	n15	lerobot_groot_n15__robocasa365_ckpt120000		0	Pick the candle from the counter and place it in the cabinet.	robocasa_panda_omron/PickPlaceCounterToCabinet_PandaOmron_Env	100154	1300001	0	1			5		1	all_token_full	groot_n15_dit_block_residual_full_tokens_denoise	"[""layer"",""denoise_step"",""model_token"",""feature_dim""]"	[7,4,49,1536]	[0,2,4,8,10,12,15]	n15_grid_v5_scenario	grid_coord	meta	meta_json	8daefeabf020/worker2/PPCC/candle/s201/n1/base	201	1
8daefeabf020	worker2	PPCC/candle	2	2	base	activation	157cf6b7870a6501	157cf6b7870a6501114558c5aa6b886e9c42b603eddbef7e99e11663786b5832	lerobot_groot_n15	n15	lerobot_groot_n15__robocasa365_ckpt120000		0	Pick the candle from the counter and place it in the cabinet.	robocasa_panda_omron/PickPlaceCounterToCabinet_PandaOmron_Env	100154	1300002	0	1			5		1	all_token_full	groot_n15_dit_block_residual_full_tokens_denoise	"[""layer"",""denoise_step"",""model_token"",""feature_dim""]"	[7,4,49,1536]	[0,2,4,8,10,12,15]	n15_grid_v5_scenario	grid_coord	meta	meta_json	8daefeabf020/worker2/PPCC/candle/s201/n2/base	201	1
8daefeabf020	worker2	PPCC/candle	2	3	base	activation	c1607696349147e6	c1607696349147e621b7d5e87523d227340784fe5ae614234c9eb37ad40f8433	lerobot_groot_n15	n15	lerobot_groot_n15__robocasa365_ckpt120000		0	Pick the candle from the counter and place it in the cabinet.	robocasa_panda_omron/PickPlaceCounterToCabinet_PandaOmron_Env	100154	1300003	0	1			5		1	all_token_full	groot_n15_dit_block_residual_full_tokens_denoise	"[""layer"",""denoise_step"",""model_token"",""feature_dim""]"	[7,4,49,1536]	[0,2,4,8,10,12,15]	n15_grid_v5_scenario	grid_coord	meta	meta_json	8daefeabf020/worker2/PPCC/candle/s201/n3/base	201	1
8daefeabf020	worker2	PPCC/candle	2	4	base	activation	43745f14b0a94d51	43745f14b0a94d5161c7db21716699e8b5a4d7baf77ff103e6f085224c07f0b5	lerobot_groot_n15	n15	lerobot_groot_n15__robocasa365_ckpt120000		0	Pick the candle from the counter and place it in the cabinet.	robocasa_panda_omron/PickPlaceCounterToCabinet_PandaOmron_Env	100154	1300004	0	1			5		1	all_token_full	groot_n15_dit_block_residual_full_tokens_denoise	"[""layer"",""denoise_step"",""model_token"",""feature_dim""]"	[7,4,49,1536]	[0,2,4,8,10,12,15]	n15_grid_v5_scenario	grid_coord	meta	meta_json	8daefeabf020/worker2/PPCC/candle/s201/n4/base	201	1
8daefeabf020	worker2	PPCC/candle	2	0	base	activation	0142581a46ba0fca	0142581a46ba0fcab223e85095cd879e2211094ee12c1961aed511f368c774fa	lerobot_groot_n15	n15	lerobot_groot_n15__robocasa365_ckpt120000		0	Pick the candle from the counter and place it in the cabinet.	robocasa_panda_omron/PickPlaceCounterToCabinet_PandaOmron_Env	100154	1300000	0	1			5		1	all_token_full	groot_n15_dit_block_residual_full_tokens_denoise	"[""layer"",""denoise_step"",""model_token"",""feature_dim""]"	[7,4,49,1536]	[0,2,4,8,10,12,15]	n15_grid_v5_scenario	grid_coord	meta	meta_json	8daefeabf020/worker2/PPCC/candle/s202/n0/base	202	2
8daefeabf020	worker2	PPCC/candle	2	1	base	activation	745e325e05ab0897	745e325e05ab08974638f72171a42d2fe289ec78ea67e4d877bb7821940a493a	lerobot_groot_n15	n15	lerobot_groot_n15__robocasa365_ckpt120000		0	Pick the candle from the counter and place it in the cabinet.	robocasa_panda_omron/PickPlaceCounterToCabinet_PandaOmron_Env	100154	1300001	0	1			5		1	all_token_full	groot_n15_dit_block_residual_full_tokens_denoise	"[""layer"",""denoise_step"",""model_token"",""feature_dim""]"	[7,4,49,1536]	[0,2,4,8,10,12,15]	n15_grid_v5_scenario	grid_coord	meta	meta_json	8daefeabf020/worker2/PPCC/candle/s202/n1/base	202	2
8daefeabf020	worker2	PPCC/candle	2	2	base	activation	dfc2daf15747f7c3	dfc2daf15747f7c3600cb4137653c38b820361f597dfb6cad5601914a4cf1c73	lerobot_groot_n15	n15	lerobot_groot_n15__robocasa365_ckpt120000		0	Pick the candle from the counter and place it in the cabinet.	robocasa_panda_omron/PickPlaceCounterToCabinet_PandaOmron_Env	100154	1300002	0	1			5		1	all_token_full	groot_n15_dit_block_residual_full_tokens_denoise	"[""layer"",""denoise_step"",""model_token"",""feature_dim""]"	[7,4,49,1536]	[0,2,4,8,10,12,15]	n15_grid_v5_scenario	grid_coord	meta	meta_json	8daefeabf020/worker2/PPCC/candle/s202/n2/base	202	2
8daefeabf020	worker2	PPCC/candle	2	3	base	activation	bbb5750514e69a3a	bbb5750514e69a3aeeaf31bad7b4cc9f92dd6516ec73f55249e496b1acdc4acf	lerobot_groot_n15	n15	lerobot_groot_n15__robocasa365_ckpt120000		0	Pick the candle from the counter and place it in the cabinet.	robocasa_panda_omron/PickPlaceCounterToCabinet_PandaOmron_Env	100154	1300003	0	1			5		1	all_token_full	groot_n15_dit_block_residual_full_tokens_denoise	"[""layer"",""denoise_step"",""model_token"",""feature_dim""]"	[7,4,49,1536]	[0,2,4,8,10,12,15]	n15_grid_v5_scenario	grid_coord	meta	meta_json	8daefeabf020/worker2/PPCC/candle/s202/n3/base	202	2
8daefeabf020	worker2	PPCC/candle	2	4	base	activation	6462ac594fd5b73e	6462ac594fd5b73e8a426f53d57d2010a92600f270d9c076b9bf4abfe6cede18	lerobot_groot_n15	n15	lerobot_groot_n15__robocasa365_ckpt120000		0	Pick the candle from the counter and place it in the cabinet.	robocasa_panda_omron/PickPlaceCounterToCabinet_PandaOmron_Env	100154	1300004	0	1			5		1	all_token_full	groot_n15_dit_block_residual_full_tokens_denoise	"[""layer"",""denoise_step"",""model_token"",""feature_dim""]"	[7,4,49,1536]	[0,2,4,8,10,12,15]	n15_grid_v5_scenario	grid_coord	meta	meta_json	8daefeabf020/worker2/PPCC/candle/s202/n4/base	202	2
8daefeabf020	worker2	PPCC/candle	2	0	base	activation	29c8d1e2655fa704	29c8d1e2655fa704cd13a9f7eb5d3e93607aa8c2982735ffd4be2f3045d2c70a	lerobot_groot_n15	n15	lerobot_groot_n15__robocasa365_ckpt120000		0	Pick the candle from the counter and place it in the cabinet.	robocasa_panda_omron/PickPlaceCounterToCabinet_PandaOmron_Env	100154	1300000	0	1			5		1	all_token_full	groot_n15_dit_block_residual_full_tokens_denoise	"[""layer"",""denoise_step"",""model_token"",""feature_dim""]"	[7,4,49,1536]	[0,2,4,8,10,12,15]	n15_grid_v5_scenario	grid_coord	meta	meta_json	8daefeabf020/worker2/PPCC/candle/s203/n0/base	203	3
8daefeabf020	worker2	PPCC/candle	2	1	base	activation	a7fdd713339f659d	a7fdd713339f659df32b459e7bd0c3a80e4af3bad817b2589d3dacbd1448bfd6	lerobot_groot_n15	n15	lerobot_groot_n15__robocasa365_ckpt120000		0	Pick the candle from the counter and place it in the cabinet.	robocasa_panda_omron/PickPlaceCounterToCabinet_PandaOmron_Env	100154	1300001	0	1			5		1	all_token_full	groot_n15_dit_block_residual_full_tokens_denoise	"[""layer"",""denoise_step"",""model_token"",""feature_dim""]"	[7,4,49,1536]	[0,2,4,8,10,12,15]	n15_grid_v5_scenario	grid_coord	meta	meta_json	8daefeabf020/worker2/PPCC/candle/s203/n1/base	203	3
8daefeabf020	worker2	PPCC/candle	2	2	base	activation	0db30d3be4280461	0db30d3be42804610a2ada1e5218b962f0c5b0ca49a4b88b4b9c20382f74d1eb	lerobot_groot_n15	n15	lerobot_groot_n15__robocasa365_ckpt120000		0	Pick the candle from the counter and place it in the cabinet.	robocasa_panda_omron/PickPlaceCounterToCabinet_PandaOmron_Env	100154	1300002	0	1			5		1	all_token_full	groot_n15_dit_block_residual_full_tokens_denoise	"[""layer"",""denoise_step"",""model_token"",""feature_dim""]"	[7,4,49,1536]	[0,2,4,8,10,12,15]	n15_grid_v5_scenario	grid_coord	meta	meta_json	8daefeabf020/worker2/PPCC/candle/s203/n2/base	203	3
8daefeabf020	worker2	PPCC/candle	2	3	base	activation	f8ff8f1890f193d8	f8ff8f1890f193d8d040ea48d91fb16e11c3b02f30eb6043ef11b869c1a521ff	lerobot_groot_n15	n15	lerobot_groot_n15__robocasa365_ckpt120000		0	Pick the candle from the counter and place it in the cabinet.	robocasa_panda_omron/PickPlaceCounterToCabinet_PandaOmron_Env	100154	1300003	0	1			5		1	all_token_full	groot_n15_dit_block_residual_full_tokens_denoise	"[""layer"",""denoise_step"",""model_token"",""feature_dim""]"	[7,4,49,1536]	[0,2,4,8,10,12,15]	n15_grid_v5_scenario	grid_coord	meta	meta_json	8daefeabf020/worker2/PPCC/candle/s203/n3/base	203	3
8daefeabf020	worker2	PPCC/candle	2	4	base	activation	532b83a9e319488e	532b83a9e319488ee1d28aa54167eae14408604311f77f46967e7c39fb19781e	lerobot_groot_n15	n15	lerobot_groot_n15__robocasa365_ckpt120000		0	Pick the candle from the counter and place it in the cabinet.	robocasa_panda_omron/PickPlaceCounterToCabinet_PandaOmron_Env	100154	1300004	0	1			5		1	all_token_full	groot_n15_dit_block_residual_full_tokens_denoise	"[""layer"",""denoise_step"",""model_token"",""feature_dim""]"	[7,4,49,1536]	[0,2,4,8,10,12,15]	n15_grid_v5_scenario	grid_coord	meta	meta_json	8daefeabf020/worker2/PPCC/candle/s203/n4/base	203	3
8daefeabf020	worker2	PPCC/candle	2	0	base	activation	2b6f7291e76941b0	2b6f7291e76941b032b10486ea7b75958bb6ab4cc4b5616e0b0bd0995919ff59	lerobot_groot_n15	n15	lerobot_groot_n15__robocasa365_ckpt120000		0	Pick the candle from the counter and place it in the cabinet.	robocasa_panda_omron/PickPlaceCounterToCabinet_PandaOmron_Env	100154	1300000	0	1			5		1	all_token_full	groot_n15_dit_block_residual_full_tokens_denoise	"[""layer"",""denoise_step"",""model_token"",""feature_dim""]"	[7,4,49,1536]	[0,2,4,8,10,12,15]	n15_grid_v5_scenario	grid_coord	meta	meta_json	8daefeabf020/worker2/PPCC/candle/s204/n0/base	204	4
8daefeabf020	worker2	PPCC/candle	2	1	base	activation	a369cd06823c96af	a369cd06823c96af5ffaa7220240136c67b0af452239811b99790f39426a765c	lerobot_groot_n15	n15	lerobot_groot_n15__robocasa365_ckpt120000		0	Pick the candle from the counter and place it in the cabinet.	robocasa_panda_omron/PickPlaceCounterToCabinet_PandaOmron_Env	100154	1300001	0	1			5		1	all_token_full	groot_n15_dit_block_residual_full_tokens_denoise	"[""layer"",""denoise_step"",""model_token"",""feature_dim""]"	[7,4,49,1536]	[0,2,4,8,10,12,15]	n15_grid_v5_scenario	grid_coord	meta	meta_json	8daefeabf020/worker2/PPCC/candle/s204/n1/base	204	4
8daefeabf020	worker2	PPCC/candle	2	2	base	activation	92e1ce25c4f0fdbe	92e1ce25c4f0fdbe28c14cdd3980ee0c6374863c5fe74827556d6f4004d81bf7	lerobot_groot_n15	n15	lerobot_groot_n15__robocasa365_ckpt120000		0	Pick the candle from the counter and place it in the cabinet.	robocasa_panda_omron/PickPlaceCounterToCabinet_PandaOmron_Env	100154	1300002	0	1			5		1	all_token_full	groot_n15_dit_block_residual_full_tokens_denoise	"[""layer"",""denoise_step"",""model_token"",""feature_dim""]"	[7,4,49,1536]	[0,2,4,8,10,12,15]	n15_grid_v5_scenario	grid_coord	meta	meta_json	8daefeabf020/worker2/PPCC/candle/s204/n2/base	204	4
8daefeabf020	worker2	PPCC/candle	2	3	base	activation	bdbcb47e313885c0	bdbcb47e313885c044b2c1b89d0b669eec99b1ca927208c9b63f27989a873ee3	lerobot_groot_n15	n15	lerobot_groot_n15__robocasa365_ckpt120000		0	Pick the candle from the counter and place it in the cabinet.	robocasa_panda_omron/PickPlaceCounterToCabinet_PandaOmron_Env	100154	1300003	0	1			5		1	all_token_full	groot_n15_dit_block_residual_full_tokens_denoise	"[""layer"",""denoise_step"",""model_token"",""feature_dim""]"	[7,4,49,1536]	[0,2,4,8,10,12,15]	n15_grid_v5_scenario	grid_coord	meta	meta_json	8daefeabf020/worker2/PPCC/candle/s204/n3/base	204	4
8daefeabf020	worker2	PPCC/candle	2	4	base	activation	ee28b9054079e3f6	ee28b9054079e3f6aabb0b2ca504518f5ac628f0daa46bbb9c9fa0e3fa59a4ea	lerobot_groot_n15	n15	lerobot_groot_n15__robocasa365_ckpt120000		0	Pick the candle from the counter and place it in the cabinet.	robocasa_panda_omron/PickPlaceCounterToCabinet_PandaOmron_Env	100154	1300004	0	1			5		1	all_token_full	groot_n15_dit_block_residual_full_tokens_denoise	"[""layer"",""denoise_step"",""model_token"",""feature_dim""]"	[7,4,49,1536]	[0,2,4,8,10,12,15]	n15_grid_v5_scenario	grid_coord	meta	meta_json	8daefeabf020/worker2/PPCC/candle/s204/n4/base	204	4
8daefeabf020	worker2	PPCC/candle	0	0	base	activation	1281299ff690714e	1281299ff690714e6104b28711841c249a8c1e54b52d5f83f5acaaf28c8b84bc	lerobot_groot_n15	n15	lerobot_groot_n15__robocasa365_ckpt120000		0	Pick the candle from the counter and place it in the cabinet.	robocasa_panda_omron/PickPlaceCounterToCabinet_PandaOmron_Env	100058	1300000	0	1			5		1	all_token_full	groot_n15_dit_block_residual_full_tokens_denoise	"[""layer"",""denoise_step"",""model_token"",""feature_dim""]"	[7,4,49,1536]	[0,2,4,8,10,12,15]	n15_grid_v5_scenario	grid_coord	meta	meta_json	8daefeabf020/worker2/PPCC/candle/s3/n0/base	3	3
8daefeabf020	worker2	PPCC/candle	0	1	base	activation	7bdc344ad5630c09	7bdc344ad5630c09673068e17a6d5893d3263f52b6aea3b8053c3cd097a306a7	lerobot_groot_n15	n15	lerobot_groot_n15__robocasa365_ckpt120000		0	Pick the candle from the counter and place it in the cabinet.	robocasa_panda_omron/PickPlaceCounterToCabinet_PandaOmron_Env	100058	1300001	0	1			5		1	all_token_full	groot_n15_dit_block_residual_full_tokens_denoise	"[""layer"",""denoise_step"",""model_token"",""feature_dim""]"	[7,4,49,1536]	[0,2,4,8,10,12,15]	n15_grid_v5_scenario	grid_coord	meta	meta_json	8daefeabf020/worker2/PPCC/candle/s3/n1/base	3	3
8daefeabf020	worker2	PPCC/candle	0	2	base	activation	9597ae274e8cdb34	9597ae274e8cdb34b706246803e988319c7d91b0e9f7792b58c4c35fbfc969f3	lerobot_groot_n15	n15	lerobot_groot_n15__robocasa365_ckpt120000		0	Pick the candle from the counter and place it in the cabinet.	robocasa_panda_omron/PickPlaceCounterToCabinet_PandaOmron_Env	100058	1300002	0	1			5		1	all_token_full	groot_n15_dit_block_residual_full_tokens_denoise	"[""layer"",""denoise_step"",""model_token"",""feature_dim""]"	[7,4,49,1536]	[0,2,4,8,10,12,15]	n15_grid_v5_scenario	grid_coord	meta	meta_json	8daefeabf020/worker2/PPCC/candle/s3/n2/base	3	3
8daefeabf020	worker2	PPCC/candle	0	3	base	activation	b6ad093c8d761ef3	b6ad093c8d761ef3558b75b748ae4fa9f375e073bf900cef060b205c1f2c45f6	lerobot_groot_n15	n15	lerobot_groot_n15__robocasa365_ckpt120000		0	Pick the candle from the counter and place it in the cabinet.	robocasa_panda_omron/PickPlaceCounterToCabinet_PandaOmron_Env	100058	1300003	0	0			5		1	all_token_full	groot_n15_dit_block_residual_full_tokens_denoise	"[""layer"",""denoise_step"",""model_token"",""feature_dim""]"	[7,4,49,1536]	[0,2,4,8,10,12,15]	n15_grid_v5_scenario	grid_coord	meta	meta_json	8daefeabf020/worker2/PPCC/candle/s3/n3/base	3	3
8daefeabf020	worker2	PPCC/candle	0	4	base	activation	104bd59e0870b14b	104bd59e0870b14bbae2176a66eebd481ed9bab644fc82435a813649587c2d23	lerobot_groot_n15	n15	lerobot_groot_n15__robocasa365_ckpt120000		0	Pick the candle from the counter and place it in the cabinet.	robocasa_panda_omron/PickPlaceCounterToCabinet_PandaOmron_Env	100058	1300004	0	0			5		1	all_token_full	groot_n15_dit_block_residual_full_tokens_denoise	"[""layer"",""denoise_step"",""model_token"",""feature_dim""]"	[7,4,49,1536]	[0,2,4,8,10,12,15]	n15_grid_v5_scenario	grid_coord	meta	meta_json	8daefeabf020/worker2/PPCC/candle/s3/n4/base	3	3
8daefeabf020	worker2	PPCC/candle	3	0	base	activation	2945e8b1ac2c6c5d	2945e8b1ac2c6c5dfcfe98ef539d7322944e9ee969c6a69be909676aa4fad552	lerobot_groot_n15	n15	lerobot_groot_n15__robocasa365_ckpt120000		0	Pick the candle from the counter and place it in the cabinet.	robocasa_panda_omron/PickPlaceCounterToCabinet_PandaOmron_Env	100166	1300000	0	1			5		1	all_token_full	groot_n15_dit_block_residual_full_tokens_denoise	"[""layer"",""denoise_step"",""model_token"",""feature_dim""]"	[7,4,49,1536]	[0,2,4,8,10,12,15]	n15_grid_v5_scenario	grid_coord	meta	meta_json	8daefeabf020/worker2/PPCC/candle/s300/n0/base	300	0
8daefeabf020	worker2	PPCC/candle	3	1	base	activation	13d68c038aea7195	13d68c038aea7195ac76e8fd5446149482a11d0381f27262571fd18f0ea0c04a	lerobot_groot_n15	n15	lerobot_groot_n15__robocasa365_ckpt120000		0	Pick the candle from the counter and place it in the cabinet.	robocasa_panda_omron/PickPlaceCounterToCabinet_PandaOmron_Env	100166	1300001	0	1			5		1	all_token_full	groot_n15_dit_block_residual_full_tokens_denoise	"[""layer"",""denoise_step"",""model_token"",""feature_dim""]"	[7,4,49,1536]	[0,2,4,8,10,12,15]	n15_grid_v5_scenario	grid_coord	meta	meta_json	8daefeabf020/worker2/PPCC/candle/s300/n1/base	300	0
8daefeabf020	worker2	PPCC/candle	3	2	base	activation	9420c01b192f01da	9420c01b192f01da08c6673054ced60af004df8109c4d122a319071d5c13e5ee	lerobot_groot_n15	n15	lerobot_groot_n15__robocasa365_ckpt120000		0	Pick the candle from the counter and place it in the cabinet.	robocasa_panda_omron/PickPlaceCounterToCabinet_PandaOmron_Env	100166	1300002	0	1			5		1	all_token_full	groot_n15_dit_block_residual_full_tokens_denoise	"[""layer"",""denoise_step"",""model_token"",""feature_dim""]"	[7,4,49,1536]	[0,2,4,8,10,12,15]	n15_grid_v5_scenario	grid_coord	meta	meta_json	8daefeabf020/worker2/PPCC/candle/s300/n2/base	300	0
8daefeabf020	worker2	PPCC/candle	3	3	base	activation	a918962a9db6bc92	a918962a9db6bc9262ba3baf3279d170cc9c7d36d4c2fb878314eb02d1a6b0b7	lerobot_groot_n15	n15	lerobot_groot_n15__robocasa365_ckpt120000		0	Pick the candle from the counter and place it in the cabinet.	robocasa_panda_omron/PickPlaceCounterToCabinet_PandaOmron_Env	100166	1300003	0	1			5		1	all_token_full	groot_n15_dit_block_residual_full_tokens_denoise	"[""layer"",""denoise_step"",""model_token"",""feature_dim""]"	[7,4,49,1536]	[0,2,4,8,10,12,15]	n15_grid_v5_scenario	grid_coord	meta	meta_json	8daefeabf020/worker2/PPCC/candle/s300/n3/base	300	0
8daefeabf020	worker2	PPCC/candle	3	4	base	activation	e4062c2a8e2e2056	e4062c2a8e2e2056c70ab36157c02cb00751386811faac3d01e281703139f533	lerobot_groot_n15	n15	lerobot_groot_n15__robocasa365_ckpt120000		0	Pick the candle from the counter and place it in the cabinet.	robocasa_panda_omron/PickPlaceCounterToCabinet_PandaOmron_Env	100166	1300004	0	0			5		1	all_token_full	groot_n15_dit_block_residual_full_tokens_denoise	"[""layer"",""denoise_step"",""model_token"",""feature_dim""]"	[7,4,49,1536]	[0,2,4,8,10,12,15]	n15_grid_v5_scenario	grid_coord	meta	meta_json	8daefeabf020/worker2/PPCC/candle/s300/n4/base	300	0
8daefeabf020	worker2	PPCC/candle	3	0	base	activation	ac2bba5e058ae942	ac2bba5e058ae94245796856aa42ac59027921b1e25e887ef3a662a4420eb4db	lerobot_groot_n15	n15	lerobot_groot_n15__robocasa365_ckpt120000		0	Pick the candle from the counter and place it in the cabinet.	robocasa_panda_omron/PickPlaceCounterToCabinet_PandaOmron_Env	100166	1300000	0	1			5		1	all_token_full	groot_n15_dit_block_residual_full_tokens_denoise	"[""layer"",""denoise_step"",""model_token"",""feature_dim""]"	[7,4,49,1536]	[0,2,4,8,10,12,15]	n15_grid_v5_scenario	grid_coord	meta	meta_json	8daefeabf020/worker2/PPCC/candle/s301/n0/base	301	1
8daefeabf020	worker2	PPCC/candle	3	1	base	activation	9730524f6ddc7a72	9730524f6ddc7a72133790afee9b235fbc8706366ba3f4e8dbc89dbfe1c19afb	lerobot_groot_n15	n15	lerobot_groot_n15__robocasa365_ckpt120000		0	Pick the candle from the counter and place it in the cabinet.	robocasa_panda_omron/PickPlaceCounterToCabinet_PandaOmron_Env	100166	1300001	0	1			5		1	all_token_full	groot_n15_dit_block_residual_full_tokens_denoise	"[""layer"",""denoise_step"",""model_token"",""feature_dim""]"	[7,4,49,1536]	[0,2,4,8,10,12,15]	n15_grid_v5_scenario	grid_coord	meta	meta_json	8daefeabf020/worker2/PPCC/candle/s301/n1/base	301	1
8daefeabf020	worker2	PPCC/candle	3	2	base	activation	19bbbe1a6555d116	19bbbe1a6555d116cce8cae7312e6ba93aa96e1e2e987152dd50127cb6305df4	lerobot_groot_n15	n15	lerobot_groot_n15__robocasa365_ckpt120000		0	Pick the candle from the counter and place it in the cabinet.	robocasa_panda_omron/PickPlaceCounterToCabinet_PandaOmron_Env	100166	1300002	0	0			5		1	all_token_full	groot_n15_dit_block_residual_full_tokens_denoise	"[""layer"",""denoise_step"",""model_token"",""feature_dim""]"	[7,4,49,1536]	[0,2,4,8,10,12,15]	n15_grid_v5_scenario	grid_coord	meta	meta_json	8daefeabf020/worker2/PPCC/candle/s301/n2/base	301	1
8daefeabf020	worker2	PPCC/candle	3	3	base	activation	28d91c92bb57e5e9	28d91c92bb57e5e977a519131dc34ea6b03ff007286e1b536f388fe3ec85a0fc	lerobot_groot_n15	n15	lerobot_groot_n15__robocasa365_ckpt120000		0	Pick the candle from the counter and place it in the cabinet.	robocasa_panda_omron/PickPlaceCounterToCabinet_PandaOmron_Env	100166	1300003	0	1			5		1	all_token_full	groot_n15_dit_block_residual_full_tokens_denoise	"[""layer"",""denoise_step"",""model_token"",""feature_dim""]"	[7,4,49,1536]	[0,2,4,8,10,12,15]	n15_grid_v5_scenario	grid_coord	meta	meta_json	8daefeabf020/worker2/PPCC/candle/s301/n3/base	301	1
8daefeabf020	worker2	PPCC/candle	3	4	base	activation	964795c48a43d3c3	964795c48a43d3c38eb9dafb78173a8b6733f026e1abc2f994d26b268f12ae7d	lerobot_groot_n15	n15	lerobot_groot_n15__robocasa365_ckpt120000		0	Pick the candle from the counter and place it in the cabinet.	robocasa_panda_omron/PickPlaceCounterToCabinet_PandaOmron_Env	100166	1300004	0	1			5		1	all_token_full	groot_n15_dit_block_residual_full_tokens_denoise	"[""layer"",""denoise_step"",""model_token"",""feature_dim""]"	[7,4,49,1536]	[0,2,4,8,10,12,15]	n15_grid_v5_scenario	grid_coord	meta	meta_json	8daefeabf020/worker2/PPCC/candle/s301/n4/base	301	1
8daefeabf020	worker2	PPCC/candle	3	0	base	activation	133e0ec2fa2adb3e	133e0ec2fa2adb3ef40860ce5e848278648eae7660db9d1ba844aa3f10a970d4	lerobot_groot_n15	n15	lerobot_groot_n15__robocasa365_ckpt120000		0	Pick the candle from the counter and place it in the cabinet.	robocasa_panda_omron/PickPlaceCounterToCabinet_PandaOmron_Env	100166	1300000	0	0			5		1	all_token_full	groot_n15_dit_block_residual_full_tokens_denoise	"[""layer"",""denoise_step"",""model_token"",""feature_dim""]"	[7,4,49,1536]	[0,2,4,8,10,12,15]	n15_grid_v5_scenario	grid_coord	meta	meta_json	8daefeabf020/worker2/PPCC/candle/s302/n0/base	302	2
8daefeabf020	worker2	PPCC/candle	3	1	base	activation	63ef104ce636809d	63ef104ce636809dce2c445d8790bc78a68ceb1d96d49a0796d38a3400382411	lerobot_groot_n15	n15	lerobot_groot_n15__robocasa365_ckpt120000		0	Pick the candle from the counter and place it in the cabinet.	robocasa_panda_omron/PickPlaceCounterToCabinet_PandaOmron_Env	100166	1300001	0	0			5		1	all_token_full	groot_n15_dit_block_residual_full_tokens_denoise	"[""layer"",""denoise_step"",""model_token"",""feature_dim""]"	[7,4,49,1536]	[0,2,4,8,10,12,15]	n15_grid_v5_scenario	grid_coord	meta	meta_json	8daefeabf020/worker2/PPCC/candle/s302/n1/base	302	2
8daefeabf020	worker2	PPCC/candle	3	2	base	activation	6c4e324de2a23cc2	6c4e324de2a23cc200dc1289e5ee1b686bebdd8232987d241f4fcbccafad931a	lerobot_groot_n15	n15	lerobot_groot_n15__robocasa365_ckpt120000		0	Pick the candle from the counter and place it in the cabinet.	robocasa_panda_omron/PickPlaceCounterToCabinet_PandaOmron_Env	100166	1300002	0	1			5		1	all_token_full	groot_n15_dit_block_residual_full_tokens_denoise	"[""layer"",""denoise_step"",""model_token"",""feature_dim""]"	[7,4,49,1536]	[0,2,4,8,10,12,15]	n15_grid_v5_scenario	grid_coord	meta	meta_json	8daefeabf020/worker2/PPCC/candle/s302/n2/base	302	2
8daefeabf020	worker2	PPCC/candle	3	3	base	activation	01f4b7f6b6ba285f	01f4b7f6b6ba285ff6875e03cf59f7b35b98f1d11a609765cdf1eefd86815e4d	lerobot_groot_n15	n15	lerobot_groot_n15__robocasa365_ckpt120000		0	Pick the candle from the counter and place it in the cabinet.	robocasa_panda_omron/PickPlaceCounterToCabinet_PandaOmron_Env	100166	1300003	0	1			5		1	all_token_full	groot_n15_dit_block_residual_full_tokens_denoise	"[""layer"",""denoise_step"",""model_token"",""feature_dim""]"	[7,4,49,1536]	[0,2,4,8,10,12,15]	n15_grid_v5_scenario	grid_coord	meta	meta_json	8daefeabf020/worker2/PPCC/candle/s302/n3/base	302	2
8daefeabf020	worker2	PPCC/candle	3	4	base	activation	8b08bdb902de61a5	8b08bdb902de61a528128089bd5f4b09cd324e49fd1c89ab707e53239ef20903	lerobot_groot_n15	n15	lerobot_groot_n15__robocasa365_ckpt120000		0	Pick the candle from the counter and place it in the cabinet.	robocasa_panda_omron/PickPlaceCounterToCabinet_PandaOmron_Env	100166	1300004	0	0			5		1	all_token_full	groot_n15_dit_block_residual_full_tokens_denoise	"[""layer"",""denoise_step"",""model_token"",""feature_dim""]"	[7,4,49,1536]	[0,2,4,8,10,12,15]	n15_grid_v5_scenario	grid_coord	meta	meta_json	8daefeabf020/worker2/PPCC/candle/s302/n4/base	302	2
8daefeabf020	worker2	PPCC/candle	3	0	base	activation	63a72bc0ce22c29f	63a72bc0ce22c29f85b3b9eb8c48e28852586a01b46287e4b8ae4139f8c66856	lerobot_groot_n15	n15	lerobot_groot_n15__robocasa365_ckpt120000		0	Pick the candle from the counter and place it in the cabinet.	robocasa_panda_omron/PickPlaceCounterToCabinet_PandaOmron_Env	100166	1300000	0	1			5		1	all_token_full	groot_n15_dit_block_residual_full_tokens_denoise	"[""layer"",""denoise_step"",""model_token"",""feature_dim""]"	[7,4,49,1536]	[0,2,4,8,10,12,15]	n15_grid_v5_scenario	grid_coord	meta	meta_json	8daefeabf020/worker2/PPCC/candle/s303/n0/base	303	3
8daefeabf020	worker2	PPCC/candle	3	1	base	activation	451bbd5575fb4ee4	451bbd5575fb4ee419a5306a17c59f9e574ea59445dbd4e66bbfb75cd3fa6ac0	lerobot_groot_n15	n15	lerobot_groot_n15__robocasa365_ckpt120000		0	Pick the candle from the counter and place it in the cabinet.	robocasa_panda_omron/PickPlaceCounterToCabinet_PandaOmron_Env	100166	1300001	0	1			5		1	all_token_full	groot_n15_dit_block_residual_full_tokens_denoise	"[""layer"",""denoise_step"",""model_token"",""feature_dim""]"	[7,4,49,1536]	[0,2,4,8,10,12,15]	n15_grid_v5_scenario	grid_coord	meta	meta_json	8daefeabf020/worker2/PPCC/candle/s303/n1/base	303	3
8daefeabf020	worker2	PPCC/candle	3	2	base	activation	189609343333b9bd	189609343333b9bd0cc5597369940ea7b948c435746c78b01f8c2558a83f2933	lerobot_groot_n15	n15	lerobot_groot_n15__robocasa365_ckpt120000		0	Pick the candle from the counter and place it in the cabinet.	robocasa_panda_omron/PickPlaceCounterToCabinet_PandaOmron_Env	100166	1300002	0	0			5		1	all_token_full	groot_n15_dit_block_residual_full_tokens_denoise	"[""layer"",""denoise_step"",""model_token"",""feature_dim""]"	[7,4,49,1536]	[0,2,4,8,10,12,15]	n15_grid_v5_scenario	grid_coord	meta	meta_json	8daefeabf020/worker2/PPCC/candle/s303/n2/base	303	3
8daefeabf020	worker2	PPCC/candle	3	3	base	activation	70b904649b5c784b	70b904649b5c784b4014a30c11d1276cfeaa5d53955055cfcef67ee0d9db9997	lerobot_groot_n15	n15	lerobot_groot_n15__robocasa365_ckpt120000		0	Pick the candle from the counter and place it in the cabinet.	robocasa_panda_omron/PickPlaceCounterToCabinet_PandaOmron_Env	100166	1300003	0	0			5		1	all_token_full	groot_n15_dit_block_residual_full_tokens_denoise	"[""layer"",""denoise_step"",""model_token"",""feature_dim""]"	[7,4,49,1536]	[0,2,4,8,10,12,15]	n15_grid_v5_scenario	grid_coord	meta	meta_json	8daefeabf020/worker2/PPCC/candle/s303/n3/base	303	3
8daefeabf020	worker2	PPCC/candle	3	4	base	activation	c9f13993a86a38f4	c9f13993a86a38f4c59f50e960a7655c91acf3e007fae9efec9389247da4a707	lerobot_groot_n15	n15	lerobot_groot_n15__robocasa365_ckpt120000		0	Pick the candle from the counter and place it in the cabinet.	robocasa_panda_omron/PickPlaceCounterToCabinet_PandaOmron_Env	100166	1300004	0	0			5		1	all_token_full	groot_n15_dit_block_residual_full_tokens_denoise	"[""layer"",""denoise_step"",""model_token"",""feature_dim""]"	[7,4,49,1536]	[0,2,4,8,10,12,15]	n15_grid_v5_scenario	grid_coord	meta	meta_json	8daefeabf020/worker2/PPCC/candle/s303/n4/base	303	3
8daefeabf020	worker2	PPCC/candle	3	0	base	activation	006edd61204e5c0b	006edd61204e5c0bcdc80942e31375c13a119d01612a582c9a377323aa1e7af5	lerobot_groot_n15	n15	lerobot_groot_n15__robocasa365_ckpt120000		0	Pick the candle from the counter and place it in the cabinet.	robocasa_panda_omron/PickPlaceCounterToCabinet_PandaOmron_Env	100166	1300000	0	0			5		1	all_token_full	groot_n15_dit_block_residual_full_tokens_denoise	"[""layer"",""denoise_step"",""model_token"",""feature_dim""]"	[7,4,49,1536]	[0,2,4,8,10,12,15]	n15_grid_v5_scenario	grid_coord	meta	meta_json	8daefeabf020/worker2/PPCC/candle/s304/n0/base	304	4
8daefeabf020	worker2	PPCC/candle	3	1	base	activation	ae977a9e94e4bb00	ae977a9e94e4bb00927718d6790d4d3ae52677cba457946ec801cc52c6cd3cda	lerobot_groot_n15	n15	lerobot_groot_n15__robocasa365_ckpt120000		0	Pick the candle from the counter and place it in the cabinet.	robocasa_panda_omron/PickPlaceCounterToCabinet_PandaOmron_Env	100166	1300001	0	0			5		1	all_token_full	groot_n15_dit_block_residual_full_tokens_denoise	"[""layer"",""denoise_step"",""model_token"",""feature_dim""]"	[7,4,49,1536]	[0,2,4,8,10,12,15]	n15_grid_v5_scenario	grid_coord	meta	meta_json	8daefeabf020/worker2/PPCC/candle/s304/n1/base	304	4
8daefeabf020	worker2	PPCC/candle	3	2	base	activation	d735e3f491dd34ba	d735e3f491dd34ba72b1bca19e650d6bc11685c9e049ecdc8bf52b6019e0dcb6	lerobot_groot_n15	n15	lerobot_groot_n15__robocasa365_ckpt120000		0	Pick the candle from the counter and place it in the cabinet.	robocasa_panda_omron/PickPlaceCounterToCabinet_PandaOmron_Env	100166	1300002	0	0			5		1	all_token_full	groot_n15_dit_block_residual_full_tokens_denoise	"[""layer"",""denoise_step"",""model_token"",""feature_dim""]"	[7,4,49,1536]	[0,2,4,8,10,12,15]	n15_grid_v5_scenario	grid_coord	meta	meta_json	8daefeabf020/worker2/PPCC/candle/s304/n2/base	304	4
8daefeabf020	worker2	PPCC/candle	3	3	base	activation	865968e65a6ba18b	865968e65a6ba18b545e09daa6b965f0b743a34fd80718c30712230de5e2489d	lerobot_groot_n15	n15	lerobot_groot_n15__robocasa365_ckpt120000		0	Pick the candle from the counter and place it in the cabinet.	robocasa_panda_omron/PickPlaceCounterToCabinet_PandaOmron_Env	100166	1300003	0	0			5		1	all_token_full	groot_n15_dit_block_residual_full_tokens_denoise	"[""layer"",""denoise_step"",""model_token"",""feature_dim""]"	[7,4,49,1536]	[0,2,4,8,10,12,15]	n15_grid_v5_scenario	grid_coord	meta	meta_json	8daefeabf020/worker2/PPCC/candle/s304/n3/base	304	4
8daefeabf020	worker2	PPCC/candle	3	4	base	activation	0ba4373ec318fab6	0ba4373ec318fab6dae730d0da99cca5c341a7659e1a91f11cf499200cc3ab5c	lerobot_groot_n15	n15	lerobot_groot_n15__robocasa365_ckpt120000		0	Pick the candle from the counter and place it in the cabinet.	robocasa_panda_omron/PickPlaceCounterToCabinet_PandaOmron_Env	100166	1300004	0	0			5		1	all_token_full	groot_n15_dit_block_residual_full_tokens_denoise	"[""layer"",""denoise_step"",""model_token"",""feature_dim""]"	[7,4,49,1536]	[0,2,4,8,10,12,15]	n15_grid_v5_scenario	grid_coord	meta	meta_json	8daefeabf020/worker2/PPCC/candle/s304/n4/base	304	4
8daefeabf020	worker2	PPCC/candle	0	0	base	activation	f8c6aabd906fbd20	f8c6aabd906fbd207b39b6fd186521bdea11501e1d83e118430384f4b11b26f9	lerobot_groot_n15	n15	lerobot_groot_n15__robocasa365_ckpt120000		0	Pick the candle from the counter and place it in the cabinet.	robocasa_panda_omron/PickPlaceCounterToCabinet_PandaOmron_Env	100058	1300000	0	1			5		1	all_token_full	groot_n15_dit_block_residual_full_tokens_denoise	"[""layer"",""denoise_step"",""model_token"",""feature_dim""]"	[7,4,49,1536]	[0,2,4,8,10,12,15]	n15_grid_v5_scenario	grid_coord	meta	meta_json	8daefeabf020/worker2/PPCC/candle/s4/n0/base	4	4
8daefeabf020	worker2	PPCC/candle	0	1	base	activation	31e2cbacd0638ed6	31e2cbacd0638ed6cf20200cc801f26426e411086e6ad77ccf90ee695a875c84	lerobot_groot_n15	n15	lerobot_groot_n15__robocasa365_ckpt120000		0	Pick the candle from the counter and place it in the cabinet.	robocasa_panda_omron/PickPlaceCounterToCabinet_PandaOmron_Env	100058	1300001	0	1			5		1	all_token_full	groot_n15_dit_block_residual_full_tokens_denoise	"[""layer"",""denoise_step"",""model_token"",""feature_dim""]"	[7,4,49,1536]	[0,2,4,8,10,12,15]	n15_grid_v5_scenario	grid_coord	meta	meta_json	8daefeabf020/worker2/PPCC/candle/s4/n1/base	4	4
8daefeabf020	worker2	PPCC/candle	0	2	base	activation	a9e9c6a00bb3a36e	a9e9c6a00bb3a36ec4ee61004ad657a33d80650c35ef69761f07050b6dc833ea	lerobot_groot_n15	n15	lerobot_groot_n15__robocasa365_ckpt120000		0	Pick the candle from the counter and place it in the cabinet.	robocasa_panda_omron/PickPlaceCounterToCabinet_PandaOmron_Env	100058	1300002	0	1			5		1	all_token_full	groot_n15_dit_block_residual_full_tokens_denoise	"[""layer"",""denoise_step"",""model_token"",""feature_dim""]"	[7,4,49,1536]	[0,2,4,8,10,12,15]	n15_grid_v5_scenario	grid_coord	meta	meta_json	8daefeabf020/worker2/PPCC/candle/s4/n2/base	4	4
8daefeabf020	worker2	PPCC/candle	0	3	base	activation	2b12e3027ccce8c1	2b12e3027ccce8c153cc39dd79c8a1163c4e7ca739188747680383d292339d07	lerobot_groot_n15	n15	lerobot_groot_n15__robocasa365_ckpt120000		0	Pick the candle from the counter and place it in the cabinet.	robocasa_panda_omron/PickPlaceCounterToCabinet_PandaOmron_Env	100058	1300003	0	1			5		1	all_token_full	groot_n15_dit_block_residual_full_tokens_denoise	"[""layer"",""denoise_step"",""model_token"",""feature_dim""]"	[7,4,49,1536]	[0,2,4,8,10,12,15]	n15_grid_v5_scenario	grid_coord	meta	meta_json	8daefeabf020/worker2/PPCC/candle/s4/n3/base	4	4
8daefeabf020	worker2	PPCC/candle	0	4	base	activation	53d89cd6e8ccc800	53d89cd6e8ccc8005152b5476d4024c3c05b6d6035e62a763494a92cc31614ef	lerobot_groot_n15	n15	lerobot_groot_n15__robocasa365_ckpt120000		0	Pick the candle from the counter and place it in the cabinet.	robocasa_panda_omron/PickPlaceCounterToCabinet_PandaOmron_Env	100058	1300004	0	1			5		1	all_token_full	groot_n15_dit_block_residual_full_tokens_denoise	"[""layer"",""denoise_step"",""model_token"",""feature_dim""]"	[7,4,49,1536]	[0,2,4,8,10,12,15]	n15_grid_v5_scenario	grid_coord	meta	meta_json	8daefeabf020/worker2/PPCC/candle/s4/n4/base	4	4
8daefeabf020	worker2	PPCC/candle	4	0	base	activation	e805cb478db9b951	e805cb478db9b951ec7f2ac488ace6151624f2a1acfde2d6cf01d89c9aed95c4	lerobot_groot_n15	n15	lerobot_groot_n15__robocasa365_ckpt120000		0	Pick the candle from the counter and place it in the cabinet.	robocasa_panda_omron/PickPlaceCounterToCabinet_PandaOmron_Env	100214	1300000	0	1			5		1	all_token_full	groot_n15_dit_block_residual_full_tokens_denoise	"[""layer"",""denoise_step"",""model_token"",""feature_dim""]"	[7,4,49,1536]	[0,2,4,8,10,12,15]	n15_grid_v5_scenario	grid_coord	meta	meta_json	8daefeabf020/worker2/PPCC/candle/s400/n0/base	400	0
8daefeabf020	worker2	PPCC/candle	4	1	base	activation	6c092cc94bae9e42	6c092cc94bae9e420ff9e08d2cb05dd8d3a7e7b2633b606c328545b649f2103d	lerobot_groot_n15	n15	lerobot_groot_n15__robocasa365_ckpt120000		0	Pick the candle from the counter and place it in the cabinet.	robocasa_panda_omron/PickPlaceCounterToCabinet_PandaOmron_Env	100214	1300001	0	0			5		1	all_token_full	groot_n15_dit_block_residual_full_tokens_denoise	"[""layer"",""denoise_step"",""model_token"",""feature_dim""]"	[7,4,49,1536]	[0,2,4,8,10,12,15]	n15_grid_v5_scenario	grid_coord	meta	meta_json	8daefeabf020/worker2/PPCC/candle/s400/n1/base	400	0
8daefeabf020	worker2	PPCC/candle	4	2	base	activation	f1986d21880a8b41	f1986d21880a8b416f74d9814bd1ab8e4358d64db984b04d1d98ed88ab2e0cea	lerobot_groot_n15	n15	lerobot_groot_n15__robocasa365_ckpt120000		0	Pick the candle from the counter and place it in the cabinet.	robocasa_panda_omron/PickPlaceCounterToCabinet_PandaOmron_Env	100214	1300002	0	0			5		1	all_token_full	groot_n15_dit_block_residual_full_tokens_denoise	"[""layer"",""denoise_step"",""model_token"",""feature_dim""]"	[7,4,49,1536]	[0,2,4,8,10,12,15]	n15_grid_v5_scenario	grid_coord	meta	meta_json	8daefeabf020/worker2/PPCC/candle/s400/n2/base	400	0
8daefeabf020	worker2	PPCC/candle	4	3	base	activation	7235dbd46047c677	7235dbd46047c677ad303296c5787b6bce0f6f9da782c9e0182894954bfc86b9	lerobot_groot_n15	n15	lerobot_groot_n15__robocasa365_ckpt120000		0	Pick the candle from the counter and place it in the cabinet.	robocasa_panda_omron/PickPlaceCounterToCabinet_PandaOmron_Env	100214	1300003	0	0			5		1	all_token_full	groot_n15_dit_block_residual_full_tokens_denoise	"[""layer"",""denoise_step"",""model_token"",""feature_dim""]"	[7,4,49,1536]	[0,2,4,8,10,12,15]	n15_grid_v5_scenario	grid_coord	meta	meta_json	8daefeabf020/worker2/PPCC/candle/s400/n3/base	400	0
8daefeabf020	worker2	PPCC/candle	4	4	base	activation	cdcbb8ae4db10004	cdcbb8ae4db1000432509cdc2b98a7aa15fa7eb16f7eaf079e6a31e496a9ff28	lerobot_groot_n15	n15	lerobot_groot_n15__robocasa365_ckpt120000		0	Pick the candle from the counter and place it in the cabinet.	robocasa_panda_omron/PickPlaceCounterToCabinet_PandaOmron_Env	100214	1300004	0	1			5		1	all_token_full	groot_n15_dit_block_residual_full_tokens_denoise	"[""layer"",""denoise_step"",""model_token"",""feature_dim""]"	[7,4,49,1536]	[0,2,4,8,10,12,15]	n15_grid_v5_scenario	grid_coord	meta	meta_json	8daefeabf020/worker2/PPCC/candle/s400/n4/base	400	0
8daefeabf020	worker2	PPCC/candle	4	0	base	activation	833b21d34cb10371	833b21d34cb103710ec2f629c2d6f7892768e11014748ff886b70d7099d98e23	lerobot_groot_n15	n15	lerobot_groot_n15__robocasa365_ckpt120000		0	Pick the candle from the counter and place it in the cabinet.	robocasa_panda_omron/PickPlaceCounterToCabinet_PandaOmron_Env	100214	1300000	0	1			5		1	all_token_full	groot_n15_dit_block_residual_full_tokens_denoise	"[""layer"",""denoise_step"",""model_token"",""feature_dim""]"	[7,4,49,1536]	[0,2,4,8,10,12,15]	n15_grid_v5_scenario	grid_coord	meta	meta_json	8daefeabf020/worker2/PPCC/candle/s401/n0/base	401	1
8daefeabf020	worker2	PPCC/candle	4	1	base	activation	74e8f0fa9ab39516	74e8f0fa9ab3951652e48171bf2ecafbfba652c87e2ad373ffe0218a3fa04cc8	lerobot_groot_n15	n15	lerobot_groot_n15__robocasa365_ckpt120000		0	Pick the candle from the counter and place it in the cabinet.	robocasa_panda_omron/PickPlaceCounterToCabinet_PandaOmron_Env	100214	1300001	0	1			5		1	all_token_full	groot_n15_dit_block_residual_full_tokens_denoise	"[""layer"",""denoise_step"",""model_token"",""feature_dim""]"	[7,4,49,1536]	[0,2,4,8,10,12,15]	n15_grid_v5_scenario	grid_coord	meta	meta_json	8daefeabf020/worker2/PPCC/candle/s401/n1/base	401	1
8daefeabf020	worker2	PPCC/candle	4	2	base	activation	7f37f2b0dbca5923	7f37f2b0dbca5923d4d21116ff71fff92aff3b65ad45c69ea4083196702ae312	lerobot_groot_n15	n15	lerobot_groot_n15__robocasa365_ckpt120000		0	Pick the candle from the counter and place it in the cabinet.	robocasa_panda_omron/PickPlaceCounterToCabinet_PandaOmron_Env	100214	1300002	0	0			5		1	all_token_full	groot_n15_dit_block_residual_full_tokens_denoise	"[""layer"",""denoise_step"",""model_token"",""feature_dim""]"	[7,4,49,1536]	[0,2,4,8,10,12,15]	n15_grid_v5_scenario	grid_coord	meta	meta_json	8daefeabf020/worker2/PPCC/candle/s401/n2/base	401	1
8daefeabf020	worker2	PPCC/candle	4	3	base	activation	489ebcf9dded11af	489ebcf9dded11affbacbf7570e580b95654b64247f52ec6caf8c05c1e74b6cd	lerobot_groot_n15	n15	lerobot_groot_n15__robocasa365_ckpt120000		0	Pick the candle from the counter and place it in the cabinet.	robocasa_panda_omron/PickPlaceCounterToCabinet_PandaOmron_Env	100214	1300003	0	1			5		1	all_token_full	groot_n15_dit_block_residual_full_tokens_denoise	"[""layer"",""denoise_step"",""model_token"",""feature_dim""]"	[7,4,49,1536]	[0,2,4,8,10,12,15]	n15_grid_v5_scenario	grid_coord	meta	meta_json	8daefeabf020/worker2/PPCC/candle/s401/n3/base	401	1
8daefeabf020	worker2	PPCC/candle	4	4	base	activation	b20dd0f49b0e03cc	b20dd0f49b0e03cc98d5a125ca2c1593a9729d7acc05609ed459d2b6a8e25f30	lerobot_groot_n15	n15	lerobot_groot_n15__robocasa365_ckpt120000		0	Pick the candle from the counter and place it in the cabinet.	robocasa_panda_omron/PickPlaceCounterToCabinet_PandaOmron_Env	100214	1300004	0	1			5		1	all_token_full	groot_n15_dit_block_residual_full_tokens_denoise	"[""layer"",""denoise_step"",""model_token"",""feature_dim""]"	[7,4,49,1536]	[0,2,4,8,10,12,15]	n15_grid_v5_scenario	grid_coord	meta	meta_json	8daefeabf020/worker2/PPCC/candle/s401/n4/base	401	1
8daefeabf020	worker2	PPCC/candle	4	0	base	activation	9ac3476d1170b53c	9ac3476d1170b53c840e4e56abe5e0dab05332af982dda1c394eefb05e3178d2	lerobot_groot_n15	n15	lerobot_groot_n15__robocasa365_ckpt120000		0	Pick the candle from the counter and place it in the cabinet.	robocasa_panda_omron/PickPlaceCounterToCabinet_PandaOmron_Env	100214	1300000	0	0			5		1	all_token_full	groot_n15_dit_block_residual_full_tokens_denoise	"[""layer"",""denoise_step"",""model_token"",""feature_dim""]"	[7,4,49,1536]	[0,2,4,8,10,12,15]	n15_grid_v5_scenario	grid_coord	meta	meta_json	8daefeabf020/worker2/PPCC/candle/s402/n0/base	402	2
8daefeabf020	worker2	PPCC/candle	4	1	base	activation	1cea48e65bbaa552	1cea48e65bbaa552b93ebfad92d189b4a836435ae89595445bfe748255d9137a	lerobot_groot_n15	n15	lerobot_groot_n15__robocasa365_ckpt120000		0	Pick the candle from the counter and place it in the cabinet.	robocasa_panda_omron/PickPlaceCounterToCabinet_PandaOmron_Env	100214	1300001	0	0			5		1	all_token_full	groot_n15_dit_block_residual_full_tokens_denoise	"[""layer"",""denoise_step"",""model_token"",""feature_dim""]"	[7,4,49,1536]	[0,2,4,8,10,12,15]	n15_grid_v5_scenario	grid_coord	meta	meta_json	8daefeabf020/worker2/PPCC/candle/s402/n1/base	402	2
8daefeabf020	worker2	PPCC/candle	4	2	base	activation	db6f0ccea50a5e83	db6f0ccea50a5e838bf9b7d77908946f81b6fefacda7fd20faa4a2897d7cc4a0	lerobot_groot_n15	n15	lerobot_groot_n15__robocasa365_ckpt120000		0	Pick the candle from the counter and place it in the cabinet.	robocasa_panda_omron/PickPlaceCounterToCabinet_PandaOmron_Env	100214	1300002	0	0			5		1	all_token_full	groot_n15_dit_block_residual_full_tokens_denoise	"[""layer"",""denoise_step"",""model_token"",""feature_dim""]"	[7,4,49,1536]	[0,2,4,8,10,12,15]	n15_grid_v5_scenario	grid_coord	meta	meta_json	8daefeabf020/worker2/PPCC/candle/s402/n2/base	402	2
8daefeabf020	worker2	PPCC/candle	4	3	base	activation	d4d59ee6a11ff50f	d4d59ee6a11ff50fd821da70d99eee63e83ece0ac04fd5a2f9413df407f75a4d	lerobot_groot_n15	n15	lerobot_groot_n15__robocasa365_ckpt120000		0	Pick the candle from the counter and place it in the cabinet.	robocasa_panda_omron/PickPlaceCounterToCabinet_PandaOmron_Env	100214	1300003	0	0			5		1	all_token_full	groot_n15_dit_block_residual_full_tokens_denoise	"[""layer"",""denoise_step"",""model_token"",""feature_dim""]"	[7,4,49,1536]	[0,2,4,8,10,12,15]	n15_grid_v5_scenario	grid_coord	meta	meta_json	8daefeabf020/worker2/PPCC/candle/s402/n3/base	402	2
8daefeabf020	worker2	PPCC/candle	4	4	base	activation	e10f1ce22f933b66	e10f1ce22f933b665803a9ea7945b69d697f666127f7b1227a0c33b6526e77bc	lerobot_groot_n15	n15	lerobot_groot_n15__robocasa365_ckpt120000		0	Pick the candle from the counter and place it in the cabinet.	robocasa_panda_omron/PickPlaceCounterToCabinet_PandaOmron_Env	100214	1300004	0	0			5		1	all_token_full	groot_n15_dit_block_residual_full_tokens_denoise	"[""layer"",""denoise_step"",""model_token"",""feature_dim""]"	[7,4,49,1536]	[0,2,4,8,10,12,15]	n15_grid_v5_scenario	grid_coord	meta	meta_json	8daefeabf020/worker2/PPCC/candle/s402/n4/base	402	2
8daefeabf020	worker2	PPCC/candle	4	0	base	activation	36a880e5ab9bc362	36a880e5ab9bc362419b5389a124d98084e680fe78bc1997a67b423ca44f11d4	lerobot_groot_n15	n15	lerobot_groot_n15__robocasa365_ckpt120000		0	Pick the candle from the counter and place it in the cabinet.	robocasa_panda_omron/PickPlaceCounterToCabinet_PandaOmron_Env	100214	1300000	0	0			5		1	all_token_full	groot_n15_dit_block_residual_full_tokens_denoise	"[""layer"",""denoise_step"",""model_token"",""feature_dim""]"	[7,4,49,1536]	[0,2,4,8,10,12,15]	n15_grid_v5_scenario	grid_coord	meta	meta_json	8daefeabf020/worker2/PPCC/candle/s403/n0/base	403	3
8daefeabf020	worker2	PPCC/candle	4	1	base	activation	8d4671278a0f1cd3	8d4671278a0f1cd3c7d518706b30c24cc2ac1448237cc17c9752f01caf1d4a41	lerobot_groot_n15	n15	lerobot_groot_n15__robocasa365_ckpt120000		0	Pick the candle from the counter and place it in the cabinet.	robocasa_panda_omron/PickPlaceCounterToCabinet_PandaOmron_Env	100214	1300001	0	0			5		1	all_token_full	groot_n15_dit_block_residual_full_tokens_denoise	"[""layer"",""denoise_step"",""model_token"",""feature_dim""]"	[7,4,49,1536]	[0,2,4,8,10,12,15]	n15_grid_v5_scenario	grid_coord	meta	meta_json	8daefeabf020/worker2/PPCC/candle/s403/n1/base	403	3
8daefeabf020	worker2	PPCC/candle	4	2	base	activation	64db15b1bb677660	64db15b1bb677660d5694fcb45f5b822acaaca79e509862a194176c1ce68c538	lerobot_groot_n15	n15	lerobot_groot_n15__robocasa365_ckpt120000		0	Pick the candle from the counter and place it in the cabinet.	robocasa_panda_omron/PickPlaceCounterToCabinet_PandaOmron_Env	100214	1300002	0	0			5		1	all_token_full	groot_n15_dit_block_residual_full_tokens_denoise	"[""layer"",""denoise_step"",""model_token"",""feature_dim""]"	[7,4,49,1536]	[0,2,4,8,10,12,15]	n15_grid_v5_scenario	grid_coord	meta	meta_json	8daefeabf020/worker2/PPCC/candle/s403/n2/base	403	3
8daefeabf020	worker2	PPCC/candle	4	3	base	activation	3c49b118c61aadd9	3c49b118c61aadd940a20143c5caea57da00eb3a543bd680c6fd5d9404d37dcd	lerobot_groot_n15	n15	lerobot_groot_n15__robocasa365_ckpt120000		0	Pick the candle from the counter and place it in the cabinet.	robocasa_panda_omron/PickPlaceCounterToCabinet_PandaOmron_Env	100214	1300003	0	0			5		1	all_token_full	groot_n15_dit_block_residual_full_tokens_denoise	"[""layer"",""denoise_step"",""model_token"",""feature_dim""]"	[7,4,49,1536]	[0,2,4,8,10,12,15]	n15_grid_v5_scenario	grid_coord	meta	meta_json	8daefeabf020/worker2/PPCC/candle/s403/n3/base	403	3
8daefeabf020	worker2	PPCC/candle	4	4	base	activation	bee5e69be4def9f2	bee5e69be4def9f23342d4e8823ac1d8b455344e92758d3e940844eb32e5b465	lerobot_groot_n15	n15	lerobot_groot_n15__robocasa365_ckpt120000		0	Pick the candle from the counter and place it in the cabinet.	robocasa_panda_omron/PickPlaceCounterToCabinet_PandaOmron_Env	100214	1300004	0	0			5		1	all_token_full	groot_n15_dit_block_residual_full_tokens_denoise	"[""layer"",""denoise_step"",""model_token"",""feature_dim""]"	[7,4,49,1536]	[0,2,4,8,10,12,15]	n15_grid_v5_scenario	grid_coord	meta	meta_json	8daefeabf020/worker2/PPCC/candle/s403/n4/base	403	3
8daefeabf020	worker2	PPCC/candle	4	0	base	activation	cb1c9bae2a43250b	cb1c9bae2a43250bc2809e547236d02c78e2f42e735b4cd8a69f764574401742	lerobot_groot_n15	n15	lerobot_groot_n15__robocasa365_ckpt120000		0	Pick the candle from the counter and place it in the cabinet.	robocasa_panda_omron/PickPlaceCounterToCabinet_PandaOmron_Env	100214	1300000	0	1			5		1	all_token_full	groot_n15_dit_block_residual_full_tokens_denoise	"[""layer"",""denoise_step"",""model_token"",""feature_dim""]"	[7,4,49,1536]	[0,2,4,8,10,12,15]	n15_grid_v5_scenario	grid_coord	meta	meta_json	8daefeabf020/worker2/PPCC/candle/s404/n0/base	404	4
8daefeabf020	worker2	PPCC/candle	4	1	base	activation	6afda3d88b3d0508	6afda3d88b3d05085fdae28fdf8b4f690431c0b757de6be5d8f47b70f3a43d56	lerobot_groot_n15	n15	lerobot_groot_n15__robocasa365_ckpt120000		0	Pick the candle from the counter and place it in the cabinet.	robocasa_panda_omron/PickPlaceCounterToCabinet_PandaOmron_Env	100214	1300001	0	1			5		1	all_token_full	groot_n15_dit_block_residual_full_tokens_denoise	"[""layer"",""denoise_step"",""model_token"",""feature_dim""]"	[7,4,49,1536]	[0,2,4,8,10,12,15]	n15_grid_v5_scenario	grid_coord	meta	meta_json	8daefeabf020/worker2/PPCC/candle/s404/n1/base	404	4
8daefeabf020	worker2	PPCC/candle	4	2	base	activation	dc45245b2aaf3b86	dc45245b2aaf3b8621a907228bb1348699ea7eafcf62f4d68453159d23fa3ce8	lerobot_groot_n15	n15	lerobot_groot_n15__robocasa365_ckpt120000		0	Pick the candle from the counter and place it in the cabinet.	robocasa_panda_omron/PickPlaceCounterToCabinet_PandaOmron_Env	100214	1300002	0	0			5		1	all_token_full	groot_n15_dit_block_residual_full_tokens_denoise	"[""layer"",""denoise_step"",""model_token"",""feature_dim""]"	[7,4,49,1536]	[0,2,4,8,10,12,15]	n15_grid_v5_scenario	grid_coord	meta	meta_json	8daefeabf020/worker2/PPCC/candle/s404/n2/base	404	4
8daefeabf020	worker2	PPCC/candle	4	3	base	activation	2282fb1c8b93db4a	2282fb1c8b93db4a56a0f47e4f99c5aa6cf231112e14e6476e563879e0476166	lerobot_groot_n15	n15	lerobot_groot_n15__robocasa365_ckpt120000		0	Pick the candle from the counter and place it in the cabinet.	robocasa_panda_omron/PickPlaceCounterToCabinet_PandaOmron_Env	100214	1300003	0	0			5		1	all_token_full	groot_n15_dit_block_residual_full_tokens_denoise	"[""layer"",""denoise_step"",""model_token"",""feature_dim""]"	[7,4,49,1536]	[0,2,4,8,10,12,15]	n15_grid_v5_scenario	grid_coord	meta	meta_json	8daefeabf020/worker2/PPCC/candle/s404/n3/base	404	4
8daefeabf020	worker2	PPCC/candle	4	4	base	activation	df484295415a0a82	df484295415a0a82ab8f6adc1770858ef87266b9ad7c1400e81a3b3d93d9b9df	lerobot_groot_n15	n15	lerobot_groot_n15__robocasa365_ckpt120000		0	Pick the candle from the counter and place it in the cabinet.	robocasa_panda_omron/PickPlaceCounterToCabinet_PandaOmron_Env	100214	1300004	0	0			5		1	all_token_full	groot_n15_dit_block_residual_full_tokens_denoise	"[""layer"",""denoise_step"",""model_token"",""feature_dim""]"	[7,4,49,1536]	[0,2,4,8,10,12,15]	n15_grid_v5_scenario	grid_coord	meta	meta_json	8daefeabf020/worker2/PPCC/candle/s404/n4/base	404	4
8daefeabf020	worker2	PPCC/jug	0	0	base	activation	f3f4f766dfe95d5b	f3f4f766dfe95d5b455c624b57ec756359be82f8870b6e12e08d6f4ccd198577	lerobot_groot_n15	n15	lerobot_groot_n15__robocasa365_ckpt120000		0	Pick the jug from the counter and place it in the cabinet.	robocasa_panda_omron/PickPlaceCounterToCabinet_PandaOmron_Env	100095	1300000	0	0			5		1	all_token_full	groot_n15_dit_block_residual_full_tokens_denoise	"[""layer"",""denoise_step"",""model_token"",""feature_dim""]"	[7,4,49,1536]	[0,2,4,8,10,12,15]	n15_grid_v5_scenario	grid_coord	meta	meta_json	8daefeabf020/worker2/PPCC/jug/s0/n0/base	0	0
8daefeabf020	worker2	PPCC/jug	0	1	base	activation	3fd34a81f23e3629	3fd34a81f23e36297afcf856107749604ea630e014bad22660654099a88ccef4	lerobot_groot_n15	n15	lerobot_groot_n15__robocasa365_ckpt120000		0	Pick the jug from the counter and place it in the cabinet.	robocasa_panda_omron/PickPlaceCounterToCabinet_PandaOmron_Env	100095	1300001	0	0			5		1	all_token_full	groot_n15_dit_block_residual_full_tokens_denoise	"[""layer"",""denoise_step"",""model_token"",""feature_dim""]"	[7,4,49,1536]	[0,2,4,8,10,12,15]	n15_grid_v5_scenario	grid_coord	meta	meta_json	8daefeabf020/worker2/PPCC/jug/s0/n1/base	0	0
8daefeabf020	worker2	PPCC/jug	0	2	base	activation	4e1987d6b9784d48	4e1987d6b9784d48882fee89f223a85992aa7e5cfceca39706e0091c75617aa3	lerobot_groot_n15	n15	lerobot_groot_n15__robocasa365_ckpt120000		0	Pick the jug from the counter and place it in the cabinet.	robocasa_panda_omron/PickPlaceCounterToCabinet_PandaOmron_Env	100095	1300002	0	0			5		1	all_token_full	groot_n15_dit_block_residual_full_tokens_denoise	"[""layer"",""denoise_step"",""model_token"",""feature_dim""]"	[7,4,49,1536]	[0,2,4,8,10,12,15]	n15_grid_v5_scenario	grid_coord	meta	meta_json	8daefeabf020/worker2/PPCC/jug/s0/n2/base	0	0
8daefeabf020	worker2	PPCC/jug	0	3	base	activation	934c20b47374d43d	934c20b47374d43d06a78f63fd7a1a41eec005fd418a74b6f4961cde99dad71a	lerobot_groot_n15	n15	lerobot_groot_n15__robocasa365_ckpt120000		0	Pick the jug from the counter and place it in the cabinet.	robocasa_panda_omron/PickPlaceCounterToCabinet_PandaOmron_Env	100095	1300003	0	0			5		1	all_token_full	groot_n15_dit_block_residual_full_tokens_denoise	"[""layer"",""denoise_step"",""model_token"",""feature_dim""]"	[7,4,49,1536]	[0,2,4,8,10,12,15]	n15_grid_v5_scenario	grid_coord	meta	meta_json	8daefeabf020/worker2/PPCC/jug/s0/n3/base	0	0
8daefeabf020	worker2	PPCC/jug	0	4	base	activation	80fb5d7f65b1df79	80fb5d7f65b1df79ae2e01bdcb578442ae3b75af6f5d497bcb7cb2540dd0985f	lerobot_groot_n15	n15	lerobot_groot_n15__robocasa365_ckpt120000		0	Pick the jug from the counter and place it in the cabinet.	robocasa_panda_omron/PickPlaceCounterToCabinet_PandaOmron_Env	100095	1300004	0	0			5		1	all_token_full	groot_n15_dit_block_residual_full_tokens_denoise	"[""layer"",""denoise_step"",""model_token"",""feature_dim""]"	[7,4,49,1536]	[0,2,4,8,10,12,15]	n15_grid_v5_scenario	grid_coord	meta	meta_json	8daefeabf020/worker2/PPCC/jug/s0/n4/base	0	0
8daefeabf020	worker2	PPCC/jug	0	0	base	activation	6fe15210816b6cb9	6fe15210816b6cb9071c3273e491fa6c708953fcccabdca52c300da5b487d1a9	lerobot_groot_n15	n15	lerobot_groot_n15__robocasa365_ckpt120000		0	Pick the jug from the counter and place it in the cabinet.	robocasa_panda_omron/PickPlaceCounterToCabinet_PandaOmron_Env	100095	1300000	0	0			5		1	all_token_full	groot_n15_dit_block_residual_full_tokens_denoise	"[""layer"",""denoise_step"",""model_token"",""feature_dim""]"	[7,4,49,1536]	[0,2,4,8,10,12,15]	n15_grid_v5_scenario	grid_coord	meta	meta_json	8daefeabf020/worker2/PPCC/jug/s1/n0/base	1	1
8daefeabf020	worker2	PPCC/jug	0	1	base	activation	7e0ac741ec6eb8f7	7e0ac741ec6eb8f707a9a6d1c33ad9f1c90e9db52557671b598378f5fd888c44	lerobot_groot_n15	n15	lerobot_groot_n15__robocasa365_ckpt120000		0	Pick the jug from the counter and place it in the cabinet.	robocasa_panda_omron/PickPlaceCounterToCabinet_PandaOmron_Env	100095	1300001	0	0			5		1	all_token_full	groot_n15_dit_block_residual_full_tokens_denoise	"[""layer"",""denoise_step"",""model_token"",""feature_dim""]"	[7,4,49,1536]	[0,2,4,8,10,12,15]	n15_grid_v5_scenario	grid_coord	meta	meta_json	8daefeabf020/worker2/PPCC/jug/s1/n1/base	1	1
8daefeabf020	worker2	PPCC/jug	0	2	base	activation	10c59259af4c3e4e	10c59259af4c3e4ed283e6d3ec217e4da7ef543e402e9f0285d45a50a4941e94	lerobot_groot_n15	n15	lerobot_groot_n15__robocasa365_ckpt120000		0	Pick the jug from the counter and place it in the cabinet.	robocasa_panda_omron/PickPlaceCounterToCabinet_PandaOmron_Env	100095	1300002	0	1			5		1	all_token_full	groot_n15_dit_block_residual_full_tokens_denoise	"[""layer"",""denoise_step"",""model_token"",""feature_dim""]"	[7,4,49,1536]	[0,2,4,8,10,12,15]	n15_grid_v5_scenario	grid_coord	meta	meta_json	8daefeabf020/worker2/PPCC/jug/s1/n2/base	1	1
8daefeabf020	worker2	PPCC/jug	0	3	base	activation	8f50aefcfa0e53a8	8f50aefcfa0e53a8b0356df4db9802fc9da4da021daff5c7663a19fd5657ff61	lerobot_groot_n15	n15	lerobot_groot_n15__robocasa365_ckpt120000		0	Pick the jug from the counter and place it in the cabinet.	robocasa_panda_omron/PickPlaceCounterToCabinet_PandaOmron_Env	100095	1300003	0	0			5		1	all_token_full	groot_n15_dit_block_residual_full_tokens_denoise	"[""layer"",""denoise_step"",""model_token"",""feature_dim""]"	[7,4,49,1536]	[0,2,4,8,10,12,15]	n15_grid_v5_scenario	grid_coord	meta	meta_json	8daefeabf020/worker2/PPCC/jug/s1/n3/base	1	1
8daefeabf020	worker2	PPCC/jug	0	4	base	activation	0394e48638208ed9	0394e48638208ed92014c0f0ae7c248adc884da0ca660ffee354e57f4ec4c46f	lerobot_groot_n15	n15	lerobot_groot_n15__robocasa365_ckpt120000		0	Pick the jug from the counter and place it in the cabinet.	robocasa_panda_omron/PickPlaceCounterToCabinet_PandaOmron_Env	100095	1300004	0	0			5		1	all_token_full	groot_n15_dit_block_residual_full_tokens_denoise	"[""layer"",""denoise_step"",""model_token"",""feature_dim""]"	[7,4,49,1536]	[0,2,4,8,10,12,15]	n15_grid_v5_scenario	grid_coord	meta	meta_json	8daefeabf020/worker2/PPCC/jug/s1/n4/base	1	1
8daefeabf020	worker2	PPCC/jug	1	0	base	activation	fbcb6e742b064884	fbcb6e742b064884144a3ae5809ead6296e0c8e5db3569867559a3bc1731e382	lerobot_groot_n15	n15	lerobot_groot_n15__robocasa365_ckpt120000		0	Pick the jug from the counter and place it in the cabinet.	robocasa_panda_omron/PickPlaceCounterToCabinet_PandaOmron_Env	100128	1300000	0	0			5		1	all_token_full	groot_n15_dit_block_residual_full_tokens_denoise	"[""layer"",""denoise_step"",""model_token"",""feature_dim""]"	[7,4,49,1536]	[0,2,4,8,10,12,15]	n15_grid_v5_scenario	grid_coord	meta	meta_json	8daefeabf020/worker2/PPCC/jug/s100/n0/base	100	0
8daefeabf020	worker2	PPCC/jug	1	1	base	activation	10763730f8eb232b	10763730f8eb232b86baab1da801d130cd7ceb304907e114ba0e45dbf373e143	lerobot_groot_n15	n15	lerobot_groot_n15__robocasa365_ckpt120000		0	Pick the jug from the counter and place it in the cabinet.	robocasa_panda_omron/PickPlaceCounterToCabinet_PandaOmron_Env	100128	1300001	0	0			5		1	all_token_full	groot_n15_dit_block_residual_full_tokens_denoise	"[""layer"",""denoise_step"",""model_token"",""feature_dim""]"	[7,4,49,1536]	[0,2,4,8,10,12,15]	n15_grid_v5_scenario	grid_coord	meta	meta_json	8daefeabf020/worker2/PPCC/jug/s100/n1/base	100	0
8daefeabf020	worker2	PPCC/jug	1	2	base	activation	1d2296d6e6d594a4	1d2296d6e6d594a49620e5c5e93b6d538ce3fd56846766e332604b5b1fe17d6f	lerobot_groot_n15	n15	lerobot_groot_n15__robocasa365_ckpt120000		0	Pick the jug from the counter and place it in the cabinet.	robocasa_panda_omron/PickPlaceCounterToCabinet_PandaOmron_Env	100128	1300002	0	0			5		1	all_token_full	groot_n15_dit_block_residual_full_tokens_denoise	"[""layer"",""denoise_step"",""model_token"",""feature_dim""]"	[7,4,49,1536]	[0,2,4,8,10,12,15]	n15_grid_v5_scenario	grid_coord	meta	meta_json	8daefeabf020/worker2/PPCC/jug/s100/n2/base	100	0
8daefeabf020	worker2	PPCC/jug	1	3	base	activation	47cfcf9ce61fe220	47cfcf9ce61fe22018eb3e5b0ed85af6dabcc658814492944ae993ebda90770a	lerobot_groot_n15	n15	lerobot_groot_n15__robocasa365_ckpt120000		0	Pick the jug from the counter and place it in the cabinet.	robocasa_panda_omron/PickPlaceCounterToCabinet_PandaOmron_Env	100128	1300003	0	0			5		1	all_token_full	groot_n15_dit_block_residual_full_tokens_denoise	"[""layer"",""denoise_step"",""model_token"",""feature_dim""]"	[7,4,49,1536]	[0,2,4,8,10,12,15]	n15_grid_v5_scenario	grid_coord	meta	meta_json	8daefeabf020/worker2/PPCC/jug/s100/n3/base	100	0
8daefeabf020	worker2	PPCC/jug	1	4	base	activation	e9f596baa13d689c	e9f596baa13d689c41364ac2cfddb5a7da1cd89a700b2a484c21faa57b95c566	lerobot_groot_n15	n15	lerobot_groot_n15__robocasa365_ckpt120000		0	Pick the jug from the counter and place it in the cabinet.	robocasa_panda_omron/PickPlaceCounterToCabinet_PandaOmron_Env	100128	1300004	0	0			5		1	all_token_full	groot_n15_dit_block_residual_full_tokens_denoise	"[""layer"",""denoise_step"",""model_token"",""feature_dim""]"	[7,4,49,1536]	[0,2,4,8,10,12,15]	n15_grid_v5_scenario	grid_coord	meta	meta_json	8daefeabf020/worker2/PPCC/jug/s100/n4/base	100	0
8daefeabf020	worker2	PPCC/jug	1	0	base	activation	0f4d20a40d7d3c84	0f4d20a40d7d3c844851319848fca80783b6fd5c5835fda8acb01a1cb5ffcfdd	lerobot_groot_n15	n15	lerobot_groot_n15__robocasa365_ckpt120000		0	Pick the jug from the counter and place it in the cabinet.	robocasa_panda_omron/PickPlaceCounterToCabinet_PandaOmron_Env	100128	1300000	0	0			5		1	all_token_full	groot_n15_dit_block_residual_full_tokens_denoise	"[""layer"",""denoise_step"",""model_token"",""feature_dim""]"	[7,4,49,1536]	[0,2,4,8,10,12,15]	n15_grid_v5_scenario	grid_coord	meta	meta_json	8daefeabf020/worker2/PPCC/jug/s101/n0/base	101	1
8daefeabf020	worker2	PPCC/jug	1	1	base	activation	437adad5c0c02fae	437adad5c0c02faedeb32fe25f0d44818e57f27756bc36cba27828c31814287e	lerobot_groot_n15	n15	lerobot_groot_n15__robocasa365_ckpt120000		0	Pick the jug from the counter and place it in the cabinet.	robocasa_panda_omron/PickPlaceCounterToCabinet_PandaOmron_Env	100128	1300001	0	0			5		1	all_token_full	groot_n15_dit_block_residual_full_tokens_denoise	"[""layer"",""denoise_step"",""model_token"",""feature_dim""]"	[7,4,49,1536]	[0,2,4,8,10,12,15]	n15_grid_v5_scenario	grid_coord	meta	meta_json	8daefeabf020/worker2/PPCC/jug/s101/n1/base	101	1
8daefeabf020	worker2	PPCC/jug	1	2	base	activation	1b554097bb58097c	1b554097bb58097c8f68731357c6b2782ac9554eb352920e5c1fe0281bda997a	lerobot_groot_n15	n15	lerobot_groot_n15__robocasa365_ckpt120000		0	Pick the jug from the counter and place it in the cabinet.	robocasa_panda_omron/PickPlaceCounterToCabinet_PandaOmron_Env	100128	1300002	0	0			5		1	all_token_full	groot_n15_dit_block_residual_full_tokens_denoise	"[""layer"",""denoise_step"",""model_token"",""feature_dim""]"	[7,4,49,1536]	[0,2,4,8,10,12,15]	n15_grid_v5_scenario	grid_coord	meta	meta_json	8daefeabf020/worker2/PPCC/jug/s101/n2/base	101	1
8daefeabf020	worker2	PPCC/jug	1	3	base	activation	20a60054b93a4134	20a60054b93a4134163c58182504de345cfb51dfdf3ece718520d3fa50db7bb1	lerobot_groot_n15	n15	lerobot_groot_n15__robocasa365_ckpt120000		0	Pick the jug from the counter and place it in the cabinet.	robocasa_panda_omron/PickPlaceCounterToCabinet_PandaOmron_Env	100128	1300003	0	0			5		1	all_token_full	groot_n15_dit_block_residual_full_tokens_denoise	"[""layer"",""denoise_step"",""model_token"",""feature_dim""]"	[7,4,49,1536]	[0,2,4,8,10,12,15]	n15_grid_v5_scenario	grid_coord	meta	meta_json	8daefeabf020/worker2/PPCC/jug/s101/n3/base	101	1
8daefeabf020	worker2	PPCC/jug	1	4	base	activation	3efe21ca4e8958da	3efe21ca4e8958dab19cc55b700e2bcba82283ef5952abd5dc730616f5fda68e	lerobot_groot_n15	n15	lerobot_groot_n15__robocasa365_ckpt120000		0	Pick the jug from the counter and place it in the cabinet.	robocasa_panda_omron/PickPlaceCounterToCabinet_PandaOmron_Env	100128	1300004	0	0			5		1	all_token_full	groot_n15_dit_block_residual_full_tokens_denoise	"[""layer"",""denoise_step"",""model_token"",""feature_dim""]"	[7,4,49,1536]	[0,2,4,8,10,12,15]	n15_grid_v5_scenario	grid_coord	meta	meta_json	8daefeabf020/worker2/PPCC/jug/s101/n4/base	101	1
8daefeabf020	worker2	PPCC/jug	1	0	base	activation	0cc0eb147e6ad4f9	0cc0eb147e6ad4f989206836cb83d2068428d9f93de53f331f72029fab4da592	lerobot_groot_n15	n15	lerobot_groot_n15__robocasa365_ckpt120000		0	Pick the jug from the counter and place it in the cabinet.	robocasa_panda_omron/PickPlaceCounterToCabinet_PandaOmron_Env	100128	1300000	0	0			5		1	all_token_full	groot_n15_dit_block_residual_full_tokens_denoise	"[""layer"",""denoise_step"",""model_token"",""feature_dim""]"	[7,4,49,1536]	[0,2,4,8,10,12,15]	n15_grid_v5_scenario	grid_coord	meta	meta_json	8daefeabf020/worker2/PPCC/jug/s102/n0/base	102	2
8daefeabf020	worker2	PPCC/jug	1	1	base	activation	24c1a0848b73e47c	24c1a0848b73e47c86b8b4529610b8afcc5e13a75f7c5d72b7f27fd32a6acfe2	lerobot_groot_n15	n15	lerobot_groot_n15__robocasa365_ckpt120000		0	Pick the jug from the counter and place it in the cabinet.	robocasa_panda_omron/PickPlaceCounterToCabinet_PandaOmron_Env	100128	1300001	0	0			5		1	all_token_full	groot_n15_dit_block_residual_full_tokens_denoise	"[""layer"",""denoise_step"",""model_token"",""feature_dim""]"	[7,4,49,1536]	[0,2,4,8,10,12,15]	n15_grid_v5_scenario	grid_coord	meta	meta_json	8daefeabf020/worker2/PPCC/jug/s102/n1/base	102	2
8daefeabf020	worker2	PPCC/jug	1	2	base	activation	2161ece1e5656022	2161ece1e5656022185c5195f8694126438ff7e330ef61a44bd84d3f4cefca31	lerobot_groot_n15	n15	lerobot_groot_n15__robocasa365_ckpt120000		0	Pick the jug from the counter and place it in the cabinet.	robocasa_panda_omron/PickPlaceCounterToCabinet_PandaOmron_Env	100128	1300002	0	0			5		1	all_token_full	groot_n15_dit_block_residual_full_tokens_denoise	"[""layer"",""denoise_step"",""model_token"",""feature_dim""]"	[7,4,49,1536]	[0,2,4,8,10,12,15]	n15_grid_v5_scenario	grid_coord	meta	meta_json	8daefeabf020/worker2/PPCC/jug/s102/n2/base	102	2
8daefeabf020	worker2	PPCC/jug	1	3	base	activation	422cb4fcedcf7bf2	422cb4fcedcf7bf212ff1cc092e497a874ebd7e573f49c396174286df0647e0a	lerobot_groot_n15	n15	lerobot_groot_n15__robocasa365_ckpt120000		0	Pick the jug from the counter and place it in the cabinet.	robocasa_panda_omron/PickPlaceCounterToCabinet_PandaOmron_Env	100128	1300003	0	0			5		1	all_token_full	groot_n15_dit_block_residual_full_tokens_denoise	"[""layer"",""denoise_step"",""model_token"",""feature_dim""]"	[7,4,49,1536]	[0,2,4,8,10,12,15]	n15_grid_v5_scenario	grid_coord	meta	meta_json	8daefeabf020/worker2/PPCC/jug/s102/n3/base	102	2
8daefeabf020	worker2	PPCC/jug	1	4	base	activation	e872adc9f42aa43c	e872adc9f42aa43c9ba2c1ee9d21391e11a00efab423422fce8227354ce4f38e	lerobot_groot_n15	n15	lerobot_groot_n15__robocasa365_ckpt120000		0	Pick the jug from the counter and place it in the cabinet.	robocasa_panda_omron/PickPlaceCounterToCabinet_PandaOmron_Env	100128	1300004	0	0			5		1	all_token_full	groot_n15_dit_block_residual_full_tokens_denoise	"[""layer"",""denoise_step"",""model_token"",""feature_dim""]"	[7,4,49,1536]	[0,2,4,8,10,12,15]	n15_grid_v5_scenario	grid_coord	meta	meta_json	8daefeabf020/worker2/PPCC/jug/s102/n4/base	102	2
8daefeabf020	worker2	PPCC/jug	1	0	base	activation	3afd8cc5b909753f	3afd8cc5b909753ff9e6078c646a5356b8526b8e06687e5e3f69ffb40fc3dc9d	lerobot_groot_n15	n15	lerobot_groot_n15__robocasa365_ckpt120000		0	Pick the jug from the counter and place it in the cabinet.	robocasa_panda_omron/PickPlaceCounterToCabinet_PandaOmron_Env	100128	1300000	0	0			5		1	all_token_full	groot_n15_dit_block_residual_full_tokens_denoise	"[""layer"",""denoise_step"",""model_token"",""feature_dim""]"	[7,4,49,1536]	[0,2,4,8,10,12,15]	n15_grid_v5_scenario	grid_coord	meta	meta_json	8daefeabf020/worker2/PPCC/jug/s103/n0/base	103	3
8daefeabf020	worker2	PPCC/jug	1	1	base	activation	7606100772029ef5	7606100772029ef591febf66362e486b7e662194a80624125fff5ee8b7b5b2e7	lerobot_groot_n15	n15	lerobot_groot_n15__robocasa365_ckpt120000		0	Pick the jug from the counter and place it in the cabinet.	robocasa_panda_omron/PickPlaceCounterToCabinet_PandaOmron_Env	100128	1300001	0	0			5		1	all_token_full	groot_n15_dit_block_residual_full_tokens_denoise	"[""layer"",""denoise_step"",""model_token"",""feature_dim""]"	[7,4,49,1536]	[0,2,4,8,10,12,15]	n15_grid_v5_scenario	grid_coord	meta	meta_json	8daefeabf020/worker2/PPCC/jug/s103/n1/base	103	3
8daefeabf020	worker2	PPCC/jug	1	2	base	activation	96e3db0ebc78b5e6	96e3db0ebc78b5e6d30a1b981fbc94b8f52363278c02d7e172f0519fb2c7e68d	lerobot_groot_n15	n15	lerobot_groot_n15__robocasa365_ckpt120000		0	Pick the jug from the counter and place it in the cabinet.	robocasa_panda_omron/PickPlaceCounterToCabinet_PandaOmron_Env	100128	1300002	0	0			5		1	all_token_full	groot_n15_dit_block_residual_full_tokens_denoise	"[""layer"",""denoise_step"",""model_token"",""feature_dim""]"	[7,4,49,1536]	[0,2,4,8,10,12,15]	n15_grid_v5_scenario	grid_coord	meta	meta_json	8daefeabf020/worker2/PPCC/jug/s103/n2/base	103	3
8daefeabf020	worker2	PPCC/jug	1	3	base	activation	d93000b6646e9941	d93000b6646e9941d946ceeb36a2a323ca825f1838b246c4aac7ea834cef5a61	lerobot_groot_n15	n15	lerobot_groot_n15__robocasa365_ckpt120000		0	Pick the jug from the counter and place it in the cabinet.	robocasa_panda_omron/PickPlaceCounterToCabinet_PandaOmron_Env	100128	1300003	0	0			5		1	all_token_full	groot_n15_dit_block_residual_full_tokens_denoise	"[""layer"",""denoise_step"",""model_token"",""feature_dim""]"	[7,4,49,1536]	[0,2,4,8,10,12,15]	n15_grid_v5_scenario	grid_coord	meta	meta_json	8daefeabf020/worker2/PPCC/jug/s103/n3/base	103	3
8daefeabf020	worker2	PPCC/jug	1	4	base	activation	170ddb74be057db1	170ddb74be057db1d906a50d0c9779763b6f802c78f954e9594e2a40e75fe603	lerobot_groot_n15	n15	lerobot_groot_n15__robocasa365_ckpt120000		0	Pick the jug from the counter and place it in the cabinet.	robocasa_panda_omron/PickPlaceCounterToCabinet_PandaOmron_Env	100128	1300004	0	0			5		1	all_token_full	groot_n15_dit_block_residual_full_tokens_denoise	"[""layer"",""denoise_step"",""model_token"",""feature_dim""]"	[7,4,49,1536]	[0,2,4,8,10,12,15]	n15_grid_v5_scenario	grid_coord	meta	meta_json	8daefeabf020/worker2/PPCC/jug/s103/n4/base	103	3
8daefeabf020	worker2	PPCC/jug	1	0	base	activation	2739d5625b63ec6c	2739d5625b63ec6c47dc90504b3bbfecf700772a174bfb5d41a546c9f2c4c37b	lerobot_groot_n15	n15	lerobot_groot_n15__robocasa365_ckpt120000		0	Pick the jug from the counter and place it in the cabinet.	robocasa_panda_omron/PickPlaceCounterToCabinet_PandaOmron_Env	100128	1300000	0	0			5		1	all_token_full	groot_n15_dit_block_residual_full_tokens_denoise	"[""layer"",""denoise_step"",""model_token"",""feature_dim""]"	[7,4,49,1536]	[0,2,4,8,10,12,15]	n15_grid_v5_scenario	grid_coord	meta	meta_json	8daefeabf020/worker2/PPCC/jug/s104/n0/base	104	4
8daefeabf020	worker2	PPCC/jug	1	1	base	activation	31b5182e5400a3ff	31b5182e5400a3ff322f733f0812beceb498aac577c7567e2846e6e0db1fe606	lerobot_groot_n15	n15	lerobot_groot_n15__robocasa365_ckpt120000		0	Pick the jug from the counter and place it in the cabinet.	robocasa_panda_omron/PickPlaceCounterToCabinet_PandaOmron_Env	100128	1300001	0	0			5		1	all_token_full	groot_n15_dit_block_residual_full_tokens_denoise	"[""layer"",""denoise_step"",""model_token"",""feature_dim""]"	[7,4,49,1536]	[0,2,4,8,10,12,15]	n15_grid_v5_scenario	grid_coord	meta	meta_json	8daefeabf020/worker2/PPCC/jug/s104/n1/base	104	4
8daefeabf020	worker2	PPCC/jug	1	2	base	activation	e9578f49d46c00fb	e9578f49d46c00fb1ab80049ed8af5bf10c1b041eae6e0d9460ecd18f34106f2	lerobot_groot_n15	n15	lerobot_groot_n15__robocasa365_ckpt120000		0	Pick the jug from the counter and place it in the cabinet.	robocasa_panda_omron/PickPlaceCounterToCabinet_PandaOmron_Env	100128	1300002	0	0			5		1	all_token_full	groot_n15_dit_block_residual_full_tokens_denoise	"[""layer"",""denoise_step"",""model_token"",""feature_dim""]"	[7,4,49,1536]	[0,2,4,8,10,12,15]	n15_grid_v5_scenario	grid_coord	meta	meta_json	8daefeabf020/worker2/PPCC/jug/s104/n2/base	104	4
8daefeabf020	worker2	PPCC/jug	1	3	base	activation	5a595ead06995c38	5a595ead06995c38626080e210afe0d936361f3151f741ef807440b80abaa91b	lerobot_groot_n15	n15	lerobot_groot_n15__robocasa365_ckpt120000		0	Pick the jug from the counter and place it in the cabinet.	robocasa_panda_omron/PickPlaceCounterToCabinet_PandaOmron_Env	100128	1300003	0	0			5		1	all_token_full	groot_n15_dit_block_residual_full_tokens_denoise	"[""layer"",""denoise_step"",""model_token"",""feature_dim""]"	[7,4,49,1536]	[0,2,4,8,10,12,15]	n15_grid_v5_scenario	grid_coord	meta	meta_json	8daefeabf020/worker2/PPCC/jug/s104/n3/base	104	4
8daefeabf020	worker2	PPCC/jug	1	4	base	activation	62ed5299a0b36756	62ed5299a0b36756471ee91f86e6a3bbca0cd65b0f9b52c0a6ceae709a42708b	lerobot_groot_n15	n15	lerobot_groot_n15__robocasa365_ckpt120000		0	Pick the jug from the counter and place it in the cabinet.	robocasa_panda_omron/PickPlaceCounterToCabinet_PandaOmron_Env	100128	1300004	0	0			5		1	all_token_full	groot_n15_dit_block_residual_full_tokens_denoise	"[""layer"",""denoise_step"",""model_token"",""feature_dim""]"	[7,4,49,1536]	[0,2,4,8,10,12,15]	n15_grid_v5_scenario	grid_coord	meta	meta_json	8daefeabf020/worker2/PPCC/jug/s104/n4/base	104	4
8daefeabf020	worker2	PPCC/jug	0	0	base	activation	5c1c6cee2ace2999	5c1c6cee2ace2999a53f8c0ba7035c9ba60dff29f2a4db93c36b573e2c0a6d4a	lerobot_groot_n15	n15	lerobot_groot_n15__robocasa365_ckpt120000		0	Pick the jug from the counter and place it in the cabinet.	robocasa_panda_omron/PickPlaceCounterToCabinet_PandaOmron_Env	100095	1300000	0	0			5		1	all_token_full	groot_n15_dit_block_residual_full_tokens_denoise	"[""layer"",""denoise_step"",""model_token"",""feature_dim""]"	[7,4,49,1536]	[0,2,4,8,10,12,15]	n15_grid_v5_scenario	grid_coord	meta	meta_json	8daefeabf020/worker2/PPCC/jug/s2/n0/base	2	2
8daefeabf020	worker2	PPCC/jug	0	1	base	activation	d2b3b252328e7ffa	d2b3b252328e7ffaba3a24a82165deeb1f83be03e90d36cd8518cb19e230e865	lerobot_groot_n15	n15	lerobot_groot_n15__robocasa365_ckpt120000		0	Pick the jug from the counter and place it in the cabinet.	robocasa_panda_omron/PickPlaceCounterToCabinet_PandaOmron_Env	100095	1300001	0	0			5		1	all_token_full	groot_n15_dit_block_residual_full_tokens_denoise	"[""layer"",""denoise_step"",""model_token"",""feature_dim""]"	[7,4,49,1536]	[0,2,4,8,10,12,15]	n15_grid_v5_scenario	grid_coord	meta	meta_json	8daefeabf020/worker2/PPCC/jug/s2/n1/base	2	2
8daefeabf020	worker2	PPCC/jug	0	2	base	activation	f5341759808fa62e	f5341759808fa62e87854ffdee5fe6017f34deafc5e3e48c6056bfa2a37f1371	lerobot_groot_n15	n15	lerobot_groot_n15__robocasa365_ckpt120000		0	Pick the jug from the counter and place it in the cabinet.	robocasa_panda_omron/PickPlaceCounterToCabinet_PandaOmron_Env	100095	1300002	0	0			5		1	all_token_full	groot_n15_dit_block_residual_full_tokens_denoise	"[""layer"",""denoise_step"",""model_token"",""feature_dim""]"	[7,4,49,1536]	[0,2,4,8,10,12,15]	n15_grid_v5_scenario	grid_coord	meta	meta_json	8daefeabf020/worker2/PPCC/jug/s2/n2/base	2	2
8daefeabf020	worker2	PPCC/jug	0	3	base	activation	17ad33e8950dcd81	17ad33e8950dcd812b6a6dca5546dfefb0d7cddb58a84b21700e21a8f616c488	lerobot_groot_n15	n15	lerobot_groot_n15__robocasa365_ckpt120000		0	Pick the jug from the counter and place it in the cabinet.	robocasa_panda_omron/PickPlaceCounterToCabinet_PandaOmron_Env	100095	1300003	0	0			5		1	all_token_full	groot_n15_dit_block_residual_full_tokens_denoise	"[""layer"",""denoise_step"",""model_token"",""feature_dim""]"	[7,4,49,1536]	[0,2,4,8,10,12,15]	n15_grid_v5_scenario	grid_coord	meta	meta_json	8daefeabf020/worker2/PPCC/jug/s2/n3/base	2	2
8daefeabf020	worker2	PPCC/jug	0	4	base	activation	20d8c36f85b8196b	20d8c36f85b8196b7917aafcb70fd1f052f020da75a045e63d619ebaa987bf16	lerobot_groot_n15	n15	lerobot_groot_n15__robocasa365_ckpt120000		0	Pick the jug from the counter and place it in the cabinet.	robocasa_panda_omron/PickPlaceCounterToCabinet_PandaOmron_Env	100095	1300004	0	0			5		1	all_token_full	groot_n15_dit_block_residual_full_tokens_denoise	"[""layer"",""denoise_step"",""model_token"",""feature_dim""]"	[7,4,49,1536]	[0,2,4,8,10,12,15]	n15_grid_v5_scenario	grid_coord	meta	meta_json	8daefeabf020/worker2/PPCC/jug/s2/n4/base	2	2
8daefeabf020	worker2	PPCC/jug	2	0	base	activation	054eac5c121785dd	054eac5c121785ddabbc6ed40513b284f25a83be0f8a7742361abddfda693f4d	lerobot_groot_n15	n15	lerobot_groot_n15__robocasa365_ckpt120000		0	Pick the jug from the counter and place it in the cabinet.	robocasa_panda_omron/PickPlaceCounterToCabinet_PandaOmron_Env	100137	1300000	0	0			5		1	all_token_full	groot_n15_dit_block_residual_full_tokens_denoise	"[""layer"",""denoise_step"",""model_token"",""feature_dim""]"	[7,4,49,1536]	[0,2,4,8,10,12,15]	n15_grid_v5_scenario	grid_coord	meta	meta_json	8daefeabf020/worker2/PPCC/jug/s200/n0/base	200	0
8daefeabf020	worker2	PPCC/jug	2	1	base	activation	6a4aae0d12f9b85c	6a4aae0d12f9b85ca2b524d97c52e2d7642007b71d07ae326d2764a6d3f9bfef	lerobot_groot_n15	n15	lerobot_groot_n15__robocasa365_ckpt120000		0	Pick the jug from the counter and place it in the cabinet.	robocasa_panda_omron/PickPlaceCounterToCabinet_PandaOmron_Env	100137	1300001	0	0			5		1	all_token_full	groot_n15_dit_block_residual_full_tokens_denoise	"[""layer"",""denoise_step"",""model_token"",""feature_dim""]"	[7,4,49,1536]	[0,2,4,8,10,12,15]	n15_grid_v5_scenario	grid_coord	meta	meta_json	8daefeabf020/worker2/PPCC/jug/s200/n1/base	200	0
8daefeabf020	worker2	PPCC/jug	2	2	base	activation	73c7d15d3fc10055	73c7d15d3fc100551149ec3841b732c3856e24bfbcca42b75453674599d44b1b	lerobot_groot_n15	n15	lerobot_groot_n15__robocasa365_ckpt120000		0	Pick the jug from the counter and place it in the cabinet.	robocasa_panda_omron/PickPlaceCounterToCabinet_PandaOmron_Env	100137	1300002	0	0			5		1	all_token_full	groot_n15_dit_block_residual_full_tokens_denoise	"[""layer"",""denoise_step"",""model_token"",""feature_dim""]"	[7,4,49,1536]	[0,2,4,8,10,12,15]	n15_grid_v5_scenario	grid_coord	meta	meta_json	8daefeabf020/worker2/PPCC/jug/s200/n2/base	200	0
8daefeabf020	worker2	PPCC/jug	2	3	base	activation	6498e1514093fac0	6498e1514093fac014a1016668495704fa9344d3d496fd2c5f3b916917a483f1	lerobot_groot_n15	n15	lerobot_groot_n15__robocasa365_ckpt120000		0	Pick the jug from the counter and place it in the cabinet.	robocasa_panda_omron/PickPlaceCounterToCabinet_PandaOmron_Env	100137	1300003	0	0			5		1	all_token_full	groot_n15_dit_block_residual_full_tokens_denoise	"[""layer"",""denoise_step"",""model_token"",""feature_dim""]"	[7,4,49,1536]	[0,2,4,8,10,12,15]	n15_grid_v5_scenario	grid_coord	meta	meta_json	8daefeabf020/worker2/PPCC/jug/s200/n3/base	200	0
8daefeabf020	worker2	PPCC/jug	2	4	base	activation	af77638ccfa800b9	af77638ccfa800b998132e9265d816ff491d366bca7ceb503bef41943df5f086	lerobot_groot_n15	n15	lerobot_groot_n15__robocasa365_ckpt120000		0	Pick the jug from the counter and place it in the cabinet.	robocasa_panda_omron/PickPlaceCounterToCabinet_PandaOmron_Env	100137	1300004	0	0			5		1	all_token_full	groot_n15_dit_block_residual_full_tokens_denoise	"[""layer"",""denoise_step"",""model_token"",""feature_dim""]"	[7,4,49,1536]	[0,2,4,8,10,12,15]	n15_grid_v5_scenario	grid_coord	meta	meta_json	8daefeabf020/worker2/PPCC/jug/s200/n4/base	200	0
8daefeabf020	worker2	PPCC/jug	2	0	base	activation	ee611f1f3fec41d7	ee611f1f3fec41d72ef3f4d4d78e4d512347b599ff4e7a4d66d693ed8b8fec93	lerobot_groot_n15	n15	lerobot_groot_n15__robocasa365_ckpt120000		0	Pick the jug from the counter and place it in the cabinet.	robocasa_panda_omron/PickPlaceCounterToCabinet_PandaOmron_Env	100137	1300000	0	0			5		1	all_token_full	groot_n15_dit_block_residual_full_tokens_denoise	"[""layer"",""denoise_step"",""model_token"",""feature_dim""]"	[7,4,49,1536]	[0,2,4,8,10,12,15]	n15_grid_v5_scenario	grid_coord	meta	meta_json	8daefeabf020/worker2/PPCC/jug/s201/n0/base	201	1
8daefeabf020	worker2	PPCC/jug	2	1	base	activation	55f997a587f11f74	55f997a587f11f74c922127fc2616f5cf61717b84ff80a72325b9c1f6fcfc91a	lerobot_groot_n15	n15	lerobot_groot_n15__robocasa365_ckpt120000		0	Pick the jug from the counter and place it in the cabinet.	robocasa_panda_omron/PickPlaceCounterToCabinet_PandaOmron_Env	100137	1300001	0	0			5		1	all_token_full	groot_n15_dit_block_residual_full_tokens_denoise	"[""layer"",""denoise_step"",""model_token"",""feature_dim""]"	[7,4,49,1536]	[0,2,4,8,10,12,15]	n15_grid_v5_scenario	grid_coord	meta	meta_json	8daefeabf020/worker2/PPCC/jug/s201/n1/base	201	1
8daefeabf020	worker2	PPCC/jug	2	2	base	activation	37e5f26b1422d273	37e5f26b1422d2731c018cde04d41bbc10d5bcdd5d0db38128a85e33889d191a	lerobot_groot_n15	n15	lerobot_groot_n15__robocasa365_ckpt120000		0	Pick the jug from the counter and place it in the cabinet.	robocasa_panda_omron/PickPlaceCounterToCabinet_PandaOmron_Env	100137	1300002	0	0			5		1	all_token_full	groot_n15_dit_block_residual_full_tokens_denoise	"[""layer"",""denoise_step"",""model_token"",""feature_dim""]"	[7,4,49,1536]	[0,2,4,8,10,12,15]	n15_grid_v5_scenario	grid_coord	meta	meta_json	8daefeabf020/worker2/PPCC/jug/s201/n2/base	201	1
8daefeabf020	worker2	PPCC/jug	2	3	base	activation	a8dba9576d477f46	a8dba9576d477f46e6a5b7e135971798059f4ed5ada648102fce8d7de69a6387	lerobot_groot_n15	n15	lerobot_groot_n15__robocasa365_ckpt120000		0	Pick the jug from the counter and place it in the cabinet.	robocasa_panda_omron/PickPlaceCounterToCabinet_PandaOmron_Env	100137	1300003	0	0			5		1	all_token_full	groot_n15_dit_block_residual_full_tokens_denoise	"[""layer"",""denoise_step"",""model_token"",""feature_dim""]"	[7,4,49,1536]	[0,2,4,8,10,12,15]	n15_grid_v5_scenario	grid_coord	meta	meta_json	8daefeabf020/worker2/PPCC/jug/s201/n3/base	201	1
8daefeabf020	worker2	PPCC/jug	2	4	base	activation	e17645b9ce48bd9a	e17645b9ce48bd9a7e95ead1c137c985165ce38613e050fc87061b4854820066	lerobot_groot_n15	n15	lerobot_groot_n15__robocasa365_ckpt120000		0	Pick the jug from the counter and place it in the cabinet.	robocasa_panda_omron/PickPlaceCounterToCabinet_PandaOmron_Env	100137	1300004	0	0			5		1	all_token_full	groot_n15_dit_block_residual_full_tokens_denoise	"[""layer"",""denoise_step"",""model_token"",""feature_dim""]"	[7,4,49,1536]	[0,2,4,8,10,12,15]	n15_grid_v5_scenario	grid_coord	meta	meta_json	8daefeabf020/worker2/PPCC/jug/s201/n4/base	201	1
8daefeabf020	worker2	PPCC/jug	2	0	base	activation	4af769b5f4fb417b	4af769b5f4fb417bfbc2b81089f6b1a23ae0cf29901df8c5836ef44ed61c9e67	lerobot_groot_n15	n15	lerobot_groot_n15__robocasa365_ckpt120000		0	Pick the jug from the counter and place it in the cabinet.	robocasa_panda_omron/PickPlaceCounterToCabinet_PandaOmron_Env	100137	1300000	0	0			5		1	all_token_full	groot_n15_dit_block_residual_full_tokens_denoise	"[""layer"",""denoise_step"",""model_token"",""feature_dim""]"	[7,4,49,1536]	[0,2,4,8,10,12,15]	n15_grid_v5_scenario	grid_coord	meta	meta_json	8daefeabf020/worker2/PPCC/jug/s202/n0/base	202	2
8daefeabf020	worker2	PPCC/jug	2	1	base	activation	5024c9e5ee8a3350	5024c9e5ee8a3350f7400fca203a13bef0641c9e568c1c09fc9dddbd3915c624	lerobot_groot_n15	n15	lerobot_groot_n15__robocasa365_ckpt120000		0	Pick the jug from the counter and place it in the cabinet.	robocasa_panda_omron/PickPlaceCounterToCabinet_PandaOmron_Env	100137	1300001	0	0			5		1	all_token_full	groot_n15_dit_block_residual_full_tokens_denoise	"[""layer"",""denoise_step"",""model_token"",""feature_dim""]"	[7,4,49,1536]	[0,2,4,8,10,12,15]	n15_grid_v5_scenario	grid_coord	meta	meta_json	8daefeabf020/worker2/PPCC/jug/s202/n1/base	202	2
8daefeabf020	worker2	PPCC/jug	2	2	base	activation	a58e0fee1c8cc5cb	a58e0fee1c8cc5cbcda56b51676b0f6deafa3f04e8346a13596caee3cf4947ad	lerobot_groot_n15	n15	lerobot_groot_n15__robocasa365_ckpt120000		0	Pick the jug from the counter and place it in the cabinet.	robocasa_panda_omron/PickPlaceCounterToCabinet_PandaOmron_Env	100137	1300002	0	0			5		1	all_token_full	groot_n15_dit_block_residual_full_tokens_denoise	"[""layer"",""denoise_step"",""model_token"",""feature_dim""]"	[7,4,49,1536]	[0,2,4,8,10,12,15]	n15_grid_v5_scenario	grid_coord	meta	meta_json	8daefeabf020/worker2/PPCC/jug/s202/n2/base	202	2
8daefeabf020	worker2	PPCC/jug	2	3	base	activation	c414e72ed4bfa465	c414e72ed4bfa4650c69ed4828f18644b2b43cb435003ebd3b3d0937a33146db	lerobot_groot_n15	n15	lerobot_groot_n15__robocasa365_ckpt120000		0	Pick the jug from the counter and place it in the cabinet.	robocasa_panda_omron/PickPlaceCounterToCabinet_PandaOmron_Env	100137	1300003	0	0			5		1	all_token_full	groot_n15_dit_block_residual_full_tokens_denoise	"[""layer"",""denoise_step"",""model_token"",""feature_dim""]"	[7,4,49,1536]	[0,2,4,8,10,12,15]	n15_grid_v5_scenario	grid_coord	meta	meta_json	8daefeabf020/worker2/PPCC/jug/s202/n3/base	202	2
8daefeabf020	worker2	PPCC/jug	2	4	base	activation	61936b5283468e19	61936b5283468e1977550f2d7ef5b4553401e66bf48fa5990ae745f33dc5d662	lerobot_groot_n15	n15	lerobot_groot_n15__robocasa365_ckpt120000		0	Pick the jug from the counter and place it in the cabinet.	robocasa_panda_omron/PickPlaceCounterToCabinet_PandaOmron_Env	100137	1300004	0	0			5		1	all_token_full	groot_n15_dit_block_residual_full_tokens_denoise	"[""layer"",""denoise_step"",""model_token"",""feature_dim""]"	[7,4,49,1536]	[0,2,4,8,10,12,15]	n15_grid_v5_scenario	grid_coord	meta	meta_json	8daefeabf020/worker2/PPCC/jug/s202/n4/base	202	2
8daefeabf020	worker2	PPCC/jug	2	0	base	activation	3e754e7941a09a32	3e754e7941a09a3287b8bc8c22a7190148535d7b06a01006ad866cd32e5e2fe8	lerobot_groot_n15	n15	lerobot_groot_n15__robocasa365_ckpt120000		0	Pick the jug from the counter and place it in the cabinet.	robocasa_panda_omron/PickPlaceCounterToCabinet_PandaOmron_Env	100137	1300000	0	0			5		1	all_token_full	groot_n15_dit_block_residual_full_tokens_denoise	"[""layer"",""denoise_step"",""model_token"",""feature_dim""]"	[7,4,49,1536]	[0,2,4,8,10,12,15]	n15_grid_v5_scenario	grid_coord	meta	meta_json	8daefeabf020/worker2/PPCC/jug/s203/n0/base	203	3
8daefeabf020	worker2	PPCC/jug	2	1	base	activation	af3a423b5cfd43de	af3a423b5cfd43def90cd84200111cbba8085f9e7aec5ee0030710917473f55c	lerobot_groot_n15	n15	lerobot_groot_n15__robocasa365_ckpt120000		0	Pick the jug from the counter and place it in the cabinet.	robocasa_panda_omron/PickPlaceCounterToCabinet_PandaOmron_Env	100137	1300001	0	0			5		1	all_token_full	groot_n15_dit_block_residual_full_tokens_denoise	"[""layer"",""denoise_step"",""model_token"",""feature_dim""]"	[7,4,49,1536]	[0,2,4,8,10,12,15]	n15_grid_v5_scenario	grid_coord	meta	meta_json	8daefeabf020/worker2/PPCC/jug/s203/n1/base	203	3
8daefeabf020	worker2	PPCC/jug	2	2	base	activation	c8d269c94007f5ad	c8d269c94007f5ad1ff05cf50fd7c0fe2c24b1fd800c92490f0214c5edfa798b	lerobot_groot_n15	n15	lerobot_groot_n15__robocasa365_ckpt120000		0	Pick the jug from the counter and place it in the cabinet.	robocasa_panda_omron/PickPlaceCounterToCabinet_PandaOmron_Env	100137	1300002	0	0			5		1	all_token_full	groot_n15_dit_block_residual_full_tokens_denoise	"[""layer"",""denoise_step"",""model_token"",""feature_dim""]"	[7,4,49,1536]	[0,2,4,8,10,12,15]	n15_grid_v5_scenario	grid_coord	meta	meta_json	8daefeabf020/worker2/PPCC/jug/s203/n2/base	203	3
8daefeabf020	worker2	PPCC/jug	2	3	base	activation	75d8205d5346a9f0	75d8205d5346a9f0dec2711514cd2b27ccf443e83e1cf30002e511ee36218ba9	lerobot_groot_n15	n15	lerobot_groot_n15__robocasa365_ckpt120000		0	Pick the jug from the counter and place it in the cabinet.	robocasa_panda_omron/PickPlaceCounterToCabinet_PandaOmron_Env	100137	1300003	0	0			5		1	all_token_full	groot_n15_dit_block_residual_full_tokens_denoise	"[""layer"",""denoise_step"",""model_token"",""feature_dim""]"	[7,4,49,1536]	[0,2,4,8,10,12,15]	n15_grid_v5_scenario	grid_coord	meta	meta_json	8daefeabf020/worker2/PPCC/jug/s203/n3/base	203	3
8daefeabf020	worker2	PPCC/jug	2	4	base	activation	2403a55bdcf4faf3	2403a55bdcf4faf325367a9ce4b57f653391c36f7e69d45d6eb90a2d3525235d	lerobot_groot_n15	n15	lerobot_groot_n15__robocasa365_ckpt120000		0	Pick the jug from the counter and place it in the cabinet.	robocasa_panda_omron/PickPlaceCounterToCabinet_PandaOmron_Env	100137	1300004	0	1			5		1	all_token_full	groot_n15_dit_block_residual_full_tokens_denoise	"[""layer"",""denoise_step"",""model_token"",""feature_dim""]"	[7,4,49,1536]	[0,2,4,8,10,12,15]	n15_grid_v5_scenario	grid_coord	meta	meta_json	8daefeabf020/worker2/PPCC/jug/s203/n4/base	203	3
8daefeabf020	worker2	PPCC/jug	2	0	base	activation	e471542aea70773a	e471542aea70773a5887346f48460fd4458bf04f2bedbba353bbdb5bb22b4959	lerobot_groot_n15	n15	lerobot_groot_n15__robocasa365_ckpt120000		0	Pick the jug from the counter and place it in the cabinet.	robocasa_panda_omron/PickPlaceCounterToCabinet_PandaOmron_Env	100137	1300000	0	0			5		1	all_token_full	groot_n15_dit_block_residual_full_tokens_denoise	"[""layer"",""denoise_step"",""model_token"",""feature_dim""]"	[7,4,49,1536]	[0,2,4,8,10,12,15]	n15_grid_v5_scenario	grid_coord	meta	meta_json	8daefeabf020/worker2/PPCC/jug/s204/n0/base	204	4
8daefeabf020	worker2	PPCC/jug	2	1	base	activation	4aa25a3bd2860083	4aa25a3bd2860083815e04bd8110289fb64d3604abac18d8231f01c7a6bdda79	lerobot_groot_n15	n15	lerobot_groot_n15__robocasa365_ckpt120000		0	Pick the jug from the counter and place it in the cabinet.	robocasa_panda_omron/PickPlaceCounterToCabinet_PandaOmron_Env	100137	1300001	0	0			5		1	all_token_full	groot_n15_dit_block_residual_full_tokens_denoise	"[""layer"",""denoise_step"",""model_token"",""feature_dim""]"	[7,4,49,1536]	[0,2,4,8,10,12,15]	n15_grid_v5_scenario	grid_coord	meta	meta_json	8daefeabf020/worker2/PPCC/jug/s204/n1/base	204	4
8daefeabf020	worker2	PPCC/jug	2	2	base	activation	3cc9386363f72302	3cc9386363f72302358e4af7faa157c7845f984b5a2b55dc5d53126ddb99b0dc	lerobot_groot_n15	n15	lerobot_groot_n15__robocasa365_ckpt120000		0	Pick the jug from the counter and place it in the cabinet.	robocasa_panda_omron/PickPlaceCounterToCabinet_PandaOmron_Env	100137	1300002	0	0			5		1	all_token_full	groot_n15_dit_block_residual_full_tokens_denoise	"[""layer"",""denoise_step"",""model_token"",""feature_dim""]"	[7,4,49,1536]	[0,2,4,8,10,12,15]	n15_grid_v5_scenario	grid_coord	meta	meta_json	8daefeabf020/worker2/PPCC/jug/s204/n2/base	204	4
8daefeabf020	worker2	PPCC/jug	2	3	base	activation	7512df49af63f7b3	7512df49af63f7b392f2e5e6f0d949137985ffca5d69d57767127e12adaed0c6	lerobot_groot_n15	n15	lerobot_groot_n15__robocasa365_ckpt120000		0	Pick the jug from the counter and place it in the cabinet.	robocasa_panda_omron/PickPlaceCounterToCabinet_PandaOmron_Env	100137	1300003	0	0			5		1	all_token_full	groot_n15_dit_block_residual_full_tokens_denoise	"[""layer"",""denoise_step"",""model_token"",""feature_dim""]"	[7,4,49,1536]	[0,2,4,8,10,12,15]	n15_grid_v5_scenario	grid_coord	meta	meta_json	8daefeabf020/worker2/PPCC/jug/s204/n3/base	204	4
8daefeabf020	worker2	PPCC/jug	2	4	base	activation	501154c6d0c992c4	501154c6d0c992c48f477030012831ac3038f81d3e1fe31dc5d9fb81198164d1	lerobot_groot_n15	n15	lerobot_groot_n15__robocasa365_ckpt120000		0	Pick the jug from the counter and place it in the cabinet.	robocasa_panda_omron/PickPlaceCounterToCabinet_PandaOmron_Env	100137	1300004	0	0			5		1	all_token_full	groot_n15_dit_block_residual_full_tokens_denoise	"[""layer"",""denoise_step"",""model_token"",""feature_dim""]"	[7,4,49,1536]	[0,2,4,8,10,12,15]	n15_grid_v5_scenario	grid_coord	meta	meta_json	8daefeabf020/worker2/PPCC/jug/s204/n4/base	204	4
8daefeabf020	worker2	PPCC/jug	0	0	base	activation	af60e747c2623c7f	af60e747c2623c7f692366a4f7b764af8757ab8128aa1a80d7824acfafd7afd3	lerobot_groot_n15	n15	lerobot_groot_n15__robocasa365_ckpt120000		0	Pick the jug from the counter and place it in the cabinet.	robocasa_panda_omron/PickPlaceCounterToCabinet_PandaOmron_Env	100095	1300000	0	0			5		1	all_token_full	groot_n15_dit_block_residual_full_tokens_denoise	"[""layer"",""denoise_step"",""model_token"",""feature_dim""]"	[7,4,49,1536]	[0,2,4,8,10,12,15]	n15_grid_v5_scenario	grid_coord	meta	meta_json	8daefeabf020/worker2/PPCC/jug/s3/n0/base	3	3
8daefeabf020	worker2	PPCC/jug	0	1	base	activation	4336bfc2e781be76	4336bfc2e781be76343be5e0626cfeb234818fddbb63b8dd20e0d15c88d900b1	lerobot_groot_n15	n15	lerobot_groot_n15__robocasa365_ckpt120000		0	Pick the jug from the counter and place it in the cabinet.	robocasa_panda_omron/PickPlaceCounterToCabinet_PandaOmron_Env	100095	1300001	0	0			5		1	all_token_full	groot_n15_dit_block_residual_full_tokens_denoise	"[""layer"",""denoise_step"",""model_token"",""feature_dim""]"	[7,4,49,1536]	[0,2,4,8,10,12,15]	n15_grid_v5_scenario	grid_coord	meta	meta_json	8daefeabf020/worker2/PPCC/jug/s3/n1/base	3	3
8daefeabf020	worker2	PPCC/jug	0	2	base	activation	6912280444e8841f	6912280444e8841fd8b9dd5a14ee583f3993ca4155f2849f7ccbdd2ba20add4c	lerobot_groot_n15	n15	lerobot_groot_n15__robocasa365_ckpt120000		0	Pick the jug from the counter and place it in the cabinet.	robocasa_panda_omron/PickPlaceCounterToCabinet_PandaOmron_Env	100095	1300002	0	0			5		1	all_token_full	groot_n15_dit_block_residual_full_tokens_denoise	"[""layer"",""denoise_step"",""model_token"",""feature_dim""]"	[7,4,49,1536]	[0,2,4,8,10,12,15]	n15_grid_v5_scenario	grid_coord	meta	meta_json	8daefeabf020/worker2/PPCC/jug/s3/n2/base	3	3
8daefeabf020	worker2	PPCC/jug	0	3	base	activation	0615ef5499e6b3b2	0615ef5499e6b3b24475a0678947d670db56682cd4006784e1dba97d45a53acc	lerobot_groot_n15	n15	lerobot_groot_n15__robocasa365_ckpt120000		0	Pick the jug from the counter and place it in the cabinet.	robocasa_panda_omron/PickPlaceCounterToCabinet_PandaOmron_Env	100095	1300003	0	0			5		1	all_token_full	groot_n15_dit_block_residual_full_tokens_denoise	"[""layer"",""denoise_step"",""model_token"",""feature_dim""]"	[7,4,49,1536]	[0,2,4,8,10,12,15]	n15_grid_v5_scenario	grid_coord	meta	meta_json	8daefeabf020/worker2/PPCC/jug/s3/n3/base	3	3
8daefeabf020	worker2	PPCC/jug	0	4	base	activation	78e6166916a36849	78e6166916a36849994d9a09a052cd2f6903fa53986a47cc58b11b89f83f2355	lerobot_groot_n15	n15	lerobot_groot_n15__robocasa365_ckpt120000		0	Pick the jug from the counter and place it in the cabinet.	robocasa_panda_omron/PickPlaceCounterToCabinet_PandaOmron_Env	100095	1300004	0	0			5		1	all_token_full	groot_n15_dit_block_residual_full_tokens_denoise	"[""layer"",""denoise_step"",""model_token"",""feature_dim""]"	[7,4,49,1536]	[0,2,4,8,10,12,15]	n15_grid_v5_scenario	grid_coord	meta	meta_json	8daefeabf020/worker2/PPCC/jug/s3/n4/base	3	3
8daefeabf020	worker2	PPCC/jug	3	0	base	activation	88f712daf5bd421e	88f712daf5bd421e014750bdf409ddc924d0efc4dbe5365b96c3ae9a671e610e	lerobot_groot_n15	n15	lerobot_groot_n15__robocasa365_ckpt120000		0	Pick the jug from the counter and place it in the cabinet.	robocasa_panda_omron/PickPlaceCounterToCabinet_PandaOmron_Env	100360	1300000	0	0			5		1	all_token_full	groot_n15_dit_block_residual_full_tokens_denoise	"[""layer"",""denoise_step"",""model_token"",""feature_dim""]"	[7,4,49,1536]	[0,2,4,8,10,12,15]	n15_grid_v5_scenario	grid_coord	meta	meta_json	8daefeabf020/worker2/PPCC/jug/s300/n0/base	300	0
8daefeabf020	worker2	PPCC/jug	3	1	base	activation	5a32312ffaa66c12	5a32312ffaa66c1266e5fc8abeec71c84351294b9f28f1c9fdde72a0df546902	lerobot_groot_n15	n15	lerobot_groot_n15__robocasa365_ckpt120000		0	Pick the jug from the counter and place it in the cabinet.	robocasa_panda_omron/PickPlaceCounterToCabinet_PandaOmron_Env	100360	1300001	0	1			5		1	all_token_full	groot_n15_dit_block_residual_full_tokens_denoise	"[""layer"",""denoise_step"",""model_token"",""feature_dim""]"	[7,4,49,1536]	[0,2,4,8,10,12,15]	n15_grid_v5_scenario	grid_coord	meta	meta_json	8daefeabf020/worker2/PPCC/jug/s300/n1/base	300	0
8daefeabf020	worker2	PPCC/jug	3	2	base	activation	bd5b8d9505974d74	bd5b8d9505974d74c44de4b226d0e82a8f09453da544868d0a7fffb3cbe11eba	lerobot_groot_n15	n15	lerobot_groot_n15__robocasa365_ckpt120000		0	Pick the jug from the counter and place it in the cabinet.	robocasa_panda_omron/PickPlaceCounterToCabinet_PandaOmron_Env	100360	1300002	0	1			5		1	all_token_full	groot_n15_dit_block_residual_full_tokens_denoise	"[""layer"",""denoise_step"",""model_token"",""feature_dim""]"	[7,4,49,1536]	[0,2,4,8,10,12,15]	n15_grid_v5_scenario	grid_coord	meta	meta_json	8daefeabf020/worker2/PPCC/jug/s300/n2/base	300	0
8daefeabf020	worker2	PPCC/jug	3	3	base	activation	aec0cd22b2b36fac	aec0cd22b2b36fac85ed3d6a5fb562e1790087bbbdeb6deb2f0191f7b1e760ec	lerobot_groot_n15	n15	lerobot_groot_n15__robocasa365_ckpt120000		0	Pick the jug from the counter and place it in the cabinet.	robocasa_panda_omron/PickPlaceCounterToCabinet_PandaOmron_Env	100360	1300003	0	1			5		1	all_token_full	groot_n15_dit_block_residual_full_tokens_denoise	"[""layer"",""denoise_step"",""model_token"",""feature_dim""]"	[7,4,49,1536]	[0,2,4,8,10,12,15]	n15_grid_v5_scenario	grid_coord	meta	meta_json	8daefeabf020/worker2/PPCC/jug/s300/n3/base	300	0
8daefeabf020	worker2	PPCC/jug	3	4	base	activation	df838b44a6b42904	df838b44a6b4290431bcda8b23055fd4f3aaceb30e02fe0c565c9761d5fb3dbc	lerobot_groot_n15	n15	lerobot_groot_n15__robocasa365_ckpt120000		0	Pick the jug from the counter and place it in the cabinet.	robocasa_panda_omron/PickPlaceCounterToCabinet_PandaOmron_Env	100360	1300004	0	1			5		1	all_token_full	groot_n15_dit_block_residual_full_tokens_denoise	"[""layer"",""denoise_step"",""model_token"",""feature_dim""]"	[7,4,49,1536]	[0,2,4,8,10,12,15]	n15_grid_v5_scenario	grid_coord	meta	meta_json	8daefeabf020/worker2/PPCC/jug/s300/n4/base	300	0
8daefeabf020	worker2	PPCC/jug	3	0	base	activation	d812b13c2c25523a	d812b13c2c25523a049801a0c36106ea1e57284a293feb89c75e0d1f18b1c8f0	lerobot_groot_n15	n15	lerobot_groot_n15__robocasa365_ckpt120000		0	Pick the jug from the counter and place it in the cabinet.	robocasa_panda_omron/PickPlaceCounterToCabinet_PandaOmron_Env	100360	1300000	0	0			5		1	all_token_full	groot_n15_dit_block_residual_full_tokens_denoise	"[""layer"",""denoise_step"",""model_token"",""feature_dim""]"	[7,4,49,1536]	[0,2,4,8,10,12,15]	n15_grid_v5_scenario	grid_coord	meta	meta_json	8daefeabf020/worker2/PPCC/jug/s301/n0/base	301	1
8daefeabf020	worker2	PPCC/jug	3	1	base	activation	79cccfd0777d0f17	79cccfd0777d0f172cdfef5389cf44161dc97a7d176c88394388a6dccd6b7154	lerobot_groot_n15	n15	lerobot_groot_n15__robocasa365_ckpt120000		0	Pick the jug from the counter and place it in the cabinet.	robocasa_panda_omron/PickPlaceCounterToCabinet_PandaOmron_Env	100360	1300001	0	0			5		1	all_token_full	groot_n15_dit_block_residual_full_tokens_denoise	"[""layer"",""denoise_step"",""model_token"",""feature_dim""]"	[7,4,49,1536]	[0,2,4,8,10,12,15]	n15_grid_v5_scenario	grid_coord	meta	meta_json	8daefeabf020/worker2/PPCC/jug/s301/n1/base	301	1
8daefeabf020	worker2	PPCC/jug	3	2	base	activation	dbed485102ad4b0e	dbed485102ad4b0edc5b222334586e1d908b11e947567a61f3e94527c1909c9a	lerobot_groot_n15	n15	lerobot_groot_n15__robocasa365_ckpt120000		0	Pick the jug from the counter and place it in the cabinet.	robocasa_panda_omron/PickPlaceCounterToCabinet_PandaOmron_Env	100360	1300002	0	0			5		1	all_token_full	groot_n15_dit_block_residual_full_tokens_denoise	"[""layer"",""denoise_step"",""model_token"",""feature_dim""]"	[7,4,49,1536]	[0,2,4,8,10,12,15]	n15_grid_v5_scenario	grid_coord	meta	meta_json	8daefeabf020/worker2/PPCC/jug/s301/n2/base	301	1
8daefeabf020	worker2	PPCC/jug	3	3	base	activation	776272501ac1b17b	776272501ac1b17bf185bf1381966521cf47d699ea1dcb92da3ffa41ac1848fb	lerobot_groot_n15	n15	lerobot_groot_n15__robocasa365_ckpt120000		0	Pick the jug from the counter and place it in the cabinet.	robocasa_panda_omron/PickPlaceCounterToCabinet_PandaOmron_Env	100360	1300003	0	0			5		1	all_token_full	groot_n15_dit_block_residual_full_tokens_denoise	"[""layer"",""denoise_step"",""model_token"",""feature_dim""]"	[7,4,49,1536]	[0,2,4,8,10,12,15]	n15_grid_v5_scenario	grid_coord	meta	meta_json	8daefeabf020/worker2/PPCC/jug/s301/n3/base	301	1
8daefeabf020	worker2	PPCC/jug	3	4	base	activation	1b90361deac19bc7	1b90361deac19bc7ac275c9506f34ae890301c71ed463c53d539e1854c8b4910	lerobot_groot_n15	n15	lerobot_groot_n15__robocasa365_ckpt120000		0	Pick the jug from the counter and place it in the cabinet.	robocasa_panda_omron/PickPlaceCounterToCabinet_PandaOmron_Env	100360	1300004	0	0			5		1	all_token_full	groot_n15_dit_block_residual_full_tokens_denoise	"[""layer"",""denoise_step"",""model_token"",""feature_dim""]"	[7,4,49,1536]	[0,2,4,8,10,12,15]	n15_grid_v5_scenario	grid_coord	meta	meta_json	8daefeabf020/worker2/PPCC/jug/s301/n4/base	301	1
8daefeabf020	worker2	PPCC/jug	3	0	base	activation	43417a514ab5e0af	43417a514ab5e0afd8733c46a2a53e907faf4c1f04c19f9b81a3ab1a223410c4	lerobot_groot_n15	n15	lerobot_groot_n15__robocasa365_ckpt120000		0	Pick the jug from the counter and place it in the cabinet.	robocasa_panda_omron/PickPlaceCounterToCabinet_PandaOmron_Env	100360	1300000	0	0			5		1	all_token_full	groot_n15_dit_block_residual_full_tokens_denoise	"[""layer"",""denoise_step"",""model_token"",""feature_dim""]"	[7,4,49,1536]	[0,2,4,8,10,12,15]	n15_grid_v5_scenario	grid_coord	meta	meta_json	8daefeabf020/worker2/PPCC/jug/s302/n0/base	302	2
8daefeabf020	worker2	PPCC/jug	3	1	base	activation	d29a9b1d93b23435	d29a9b1d93b2343509f91ab05f4d5870610bf1a74b19b4a6082d2810d7df1691	lerobot_groot_n15	n15	lerobot_groot_n15__robocasa365_ckpt120000		0	Pick the jug from the counter and place it in the cabinet.	robocasa_panda_omron/PickPlaceCounterToCabinet_PandaOmron_Env	100360	1300001	0	1			5		1	all_token_full	groot_n15_dit_block_residual_full_tokens_denoise	"[""layer"",""denoise_step"",""model_token"",""feature_dim""]"	[7,4,49,1536]	[0,2,4,8,10,12,15]	n15_grid_v5_scenario	grid_coord	meta	meta_json	8daefeabf020/worker2/PPCC/jug/s302/n1/base	302	2
8daefeabf020	worker2	PPCC/jug	3	2	base	activation	6253712d6a721880	6253712d6a7218802660e6e45a19e8478c2184c66e7ba1f05a9d515c1d35e05a	lerobot_groot_n15	n15	lerobot_groot_n15__robocasa365_ckpt120000		0	Pick the jug from the counter and place it in the cabinet.	robocasa_panda_omron/PickPlaceCounterToCabinet_PandaOmron_Env	100360	1300002	0	0			5		1	all_token_full	groot_n15_dit_block_residual_full_tokens_denoise	"[""layer"",""denoise_step"",""model_token"",""feature_dim""]"	[7,4,49,1536]	[0,2,4,8,10,12,15]	n15_grid_v5_scenario	grid_coord	meta	meta_json	8daefeabf020/worker2/PPCC/jug/s302/n2/base	302	2
8daefeabf020	worker2	PPCC/jug	3	3	base	activation	b9fc8850f727f12b	b9fc8850f727f12b30b66180b9b1d99871bd30d7c39e1eb295082d81cef81d84	lerobot_groot_n15	n15	lerobot_groot_n15__robocasa365_ckpt120000		0	Pick the jug from the counter and place it in the cabinet.	robocasa_panda_omron/PickPlaceCounterToCabinet_PandaOmron_Env	100360	1300003	0	0			5		1	all_token_full	groot_n15_dit_block_residual_full_tokens_denoise	"[""layer"",""denoise_step"",""model_token"",""feature_dim""]"	[7,4,49,1536]	[0,2,4,8,10,12,15]	n15_grid_v5_scenario	grid_coord	meta	meta_json	8daefeabf020/worker2/PPCC/jug/s302/n3/base	302	2
8daefeabf020	worker2	PPCC/jug	3	4	base	activation	9ea61cfe1d48e765	9ea61cfe1d48e765404de3367c76cfa110b4c83e412416bb587bdb4a022625a9	lerobot_groot_n15	n15	lerobot_groot_n15__robocasa365_ckpt120000		0	Pick the jug from the counter and place it in the cabinet.	robocasa_panda_omron/PickPlaceCounterToCabinet_PandaOmron_Env	100360	1300004	0	0			5		1	all_token_full	groot_n15_dit_block_residual_full_tokens_denoise	"[""layer"",""denoise_step"",""model_token"",""feature_dim""]"	[7,4,49,1536]	[0,2,4,8,10,12,15]	n15_grid_v5_scenario	grid_coord	meta	meta_json	8daefeabf020/worker2/PPCC/jug/s302/n4/base	302	2
8daefeabf020	worker2	PPCC/jug	3	0	base	activation	a8fe67fcca4384a3	a8fe67fcca4384a32c6d138f22301527ba09570d18b132200fa14c1054de334e	lerobot_groot_n15	n15	lerobot_groot_n15__robocasa365_ckpt120000		0	Pick the jug from the counter and place it in the cabinet.	robocasa_panda_omron/PickPlaceCounterToCabinet_PandaOmron_Env	100360	1300000	0	0			5		1	all_token_full	groot_n15_dit_block_residual_full_tokens_denoise	"[""layer"",""denoise_step"",""model_token"",""feature_dim""]"	[7,4,49,1536]	[0,2,4,8,10,12,15]	n15_grid_v5_scenario	grid_coord	meta	meta_json	8daefeabf020/worker2/PPCC/jug/s303/n0/base	303	3
8daefeabf020	worker2	PPCC/jug	3	1	base	activation	980a972b8301777f	980a972b8301777f138616851879b4cbf5b115f3c7ef722f8e3ef270293dd419	lerobot_groot_n15	n15	lerobot_groot_n15__robocasa365_ckpt120000		0	Pick the jug from the counter and place it in the cabinet.	robocasa_panda_omron/PickPlaceCounterToCabinet_PandaOmron_Env	100360	1300001	0	0			5		1	all_token_full	groot_n15_dit_block_residual_full_tokens_denoise	"[""layer"",""denoise_step"",""model_token"",""feature_dim""]"	[7,4,49,1536]	[0,2,4,8,10,12,15]	n15_grid_v5_scenario	grid_coord	meta	meta_json	8daefeabf020/worker2/PPCC/jug/s303/n1/base	303	3
8daefeabf020	worker2	PPCC/jug	3	2	base	activation	5abc501767fc4442	5abc501767fc4442ee22a5a28bf89f542ce914d59e6b6fcda73fa4f1acf9ba9b	lerobot_groot_n15	n15	lerobot_groot_n15__robocasa365_ckpt120000		0	Pick the jug from the counter and place it in the cabinet.	robocasa_panda_omron/PickPlaceCounterToCabinet_PandaOmron_Env	100360	1300002	0	0			5		1	all_token_full	groot_n15_dit_block_residual_full_tokens_denoise	"[""layer"",""denoise_step"",""model_token"",""feature_dim""]"	[7,4,49,1536]	[0,2,4,8,10,12,15]	n15_grid_v5_scenario	grid_coord	meta	meta_json	8daefeabf020/worker2/PPCC/jug/s303/n2/base	303	3
8daefeabf020	worker2	PPCC/jug	3	3	base	activation	8f8ff5aa200ad73e	8f8ff5aa200ad73e926d50358e91c21f5db103111ac9aa35d7b84028d537fe78	lerobot_groot_n15	n15	lerobot_groot_n15__robocasa365_ckpt120000		0	Pick the jug from the counter and place it in the cabinet.	robocasa_panda_omron/PickPlaceCounterToCabinet_PandaOmron_Env	100360	1300003	0	0			5		1	all_token_full	groot_n15_dit_block_residual_full_tokens_denoise	"[""layer"",""denoise_step"",""model_token"",""feature_dim""]"	[7,4,49,1536]	[0,2,4,8,10,12,15]	n15_grid_v5_scenario	grid_coord	meta	meta_json	8daefeabf020/worker2/PPCC/jug/s303/n3/base	303	3
8daefeabf020	worker2	PPCC/jug	3	4	base	activation	b69c36549a88eff8	b69c36549a88eff81d2d79a11db770e9b5175f39e40ca45154c0c4b584bf7a1e	lerobot_groot_n15	n15	lerobot_groot_n15__robocasa365_ckpt120000		0	Pick the jug from the counter and place it in the cabinet.	robocasa_panda_omron/PickPlaceCounterToCabinet_PandaOmron_Env	100360	1300004	0	0			5		1	all_token_full	groot_n15_dit_block_residual_full_tokens_denoise	"[""layer"",""denoise_step"",""model_token"",""feature_dim""]"	[7,4,49,1536]	[0,2,4,8,10,12,15]	n15_grid_v5_scenario	grid_coord	meta	meta_json	8daefeabf020/worker2/PPCC/jug/s303/n4/base	303	3
8daefeabf020	worker2	PPCC/jug	3	0	base	activation	95f21c2ae8b97cd9	95f21c2ae8b97cd9b4377e27c2d7c9cc2328e807653ea6e1d75832d772d7f10e	lerobot_groot_n15	n15	lerobot_groot_n15__robocasa365_ckpt120000		0	Pick the jug from the counter and place it in the cabinet.	robocasa_panda_omron/PickPlaceCounterToCabinet_PandaOmron_Env	100360	1300000	0	0			5		1	all_token_full	groot_n15_dit_block_residual_full_tokens_denoise	"[""layer"",""denoise_step"",""model_token"",""feature_dim""]"	[7,4,49,1536]	[0,2,4,8,10,12,15]	n15_grid_v5_scenario	grid_coord	meta	meta_json	8daefeabf020/worker2/PPCC/jug/s304/n0/base	304	4
8daefeabf020	worker2	PPCC/jug	3	1	base	activation	7026c9a81fd14a4c	7026c9a81fd14a4c226e8e3cd10b923563674aef63e9e87a45e8546524a8f111	lerobot_groot_n15	n15	lerobot_groot_n15__robocasa365_ckpt120000		0	Pick the jug from the counter and place it in the cabinet.	robocasa_panda_omron/PickPlaceCounterToCabinet_PandaOmron_Env	100360	1300001	0	0			5		1	all_token_full	groot_n15_dit_block_residual_full_tokens_denoise	"[""layer"",""denoise_step"",""model_token"",""feature_dim""]"	[7,4,49,1536]	[0,2,4,8,10,12,15]	n15_grid_v5_scenario	grid_coord	meta	meta_json	8daefeabf020/worker2/PPCC/jug/s304/n1/base	304	4
8daefeabf020	worker2	PPCC/jug	3	2	base	activation	81e942277ce37b89	81e942277ce37b89346a1244950bae77c02b428256dcd0810e13d55ec54e1f79	lerobot_groot_n15	n15	lerobot_groot_n15__robocasa365_ckpt120000		0	Pick the jug from the counter and place it in the cabinet.	robocasa_panda_omron/PickPlaceCounterToCabinet_PandaOmron_Env	100360	1300002	0	0			5		1	all_token_full	groot_n15_dit_block_residual_full_tokens_denoise	"[""layer"",""denoise_step"",""model_token"",""feature_dim""]"	[7,4,49,1536]	[0,2,4,8,10,12,15]	n15_grid_v5_scenario	grid_coord	meta	meta_json	8daefeabf020/worker2/PPCC/jug/s304/n2/base	304	4
8daefeabf020	worker2	PPCC/jug	3	3	base	activation	126554105085be51	126554105085be51663ba1668a47492fa8a677ace47fb7151385a60308153dca	lerobot_groot_n15	n15	lerobot_groot_n15__robocasa365_ckpt120000		0	Pick the jug from the counter and place it in the cabinet.	robocasa_panda_omron/PickPlaceCounterToCabinet_PandaOmron_Env	100360	1300003	0	0			5		1	all_token_full	groot_n15_dit_block_residual_full_tokens_denoise	"[""layer"",""denoise_step"",""model_token"",""feature_dim""]"	[7,4,49,1536]	[0,2,4,8,10,12,15]	n15_grid_v5_scenario	grid_coord	meta	meta_json	8daefeabf020/worker2/PPCC/jug/s304/n3/base	304	4
8daefeabf020	worker2	PPCC/jug	3	4	base	activation	bb4dbfd0c864aca6	bb4dbfd0c864aca6bd1702489eb2a27151bd3938915fed24e16a7ac2b86b718c	lerobot_groot_n15	n15	lerobot_groot_n15__robocasa365_ckpt120000		0	Pick the jug from the counter and place it in the cabinet.	robocasa_panda_omron/PickPlaceCounterToCabinet_PandaOmron_Env	100360	1300004	0	0			5		1	all_token_full	groot_n15_dit_block_residual_full_tokens_denoise	"[""layer"",""denoise_step"",""model_token"",""feature_dim""]"	[7,4,49,1536]	[0,2,4,8,10,12,15]	n15_grid_v5_scenario	grid_coord	meta	meta_json	8daefeabf020/worker2/PPCC/jug/s304/n4/base	304	4
8daefeabf020	worker2	PPCC/jug	0	0	base	activation	3ef0462cd84b294b	3ef0462cd84b294bfe8a8a6cad5607f8bb39672c754a629600c468b5417b9e54	lerobot_groot_n15	n15	lerobot_groot_n15__robocasa365_ckpt120000		0	Pick the jug from the counter and place it in the cabinet.	robocasa_panda_omron/PickPlaceCounterToCabinet_PandaOmron_Env	100095	1300000	0	0			5		1	all_token_full	groot_n15_dit_block_residual_full_tokens_denoise	"[""layer"",""denoise_step"",""model_token"",""feature_dim""]"	[7,4,49,1536]	[0,2,4,8,10,12,15]	n15_grid_v5_scenario	grid_coord	meta	meta_json	8daefeabf020/worker2/PPCC/jug/s4/n0/base	4	4
8daefeabf020	worker2	PPCC/jug	0	1	base	activation	b71e9bff13236e53	b71e9bff13236e538ad70e6a43392a136980955c3a4e28c748d92c4bef53af21	lerobot_groot_n15	n15	lerobot_groot_n15__robocasa365_ckpt120000		0	Pick the jug from the counter and place it in the cabinet.	robocasa_panda_omron/PickPlaceCounterToCabinet_PandaOmron_Env	100095	1300001	0	0			5		1	all_token_full	groot_n15_dit_block_residual_full_tokens_denoise	"[""layer"",""denoise_step"",""model_token"",""feature_dim""]"	[7,4,49,1536]	[0,2,4,8,10,12,15]	n15_grid_v5_scenario	grid_coord	meta	meta_json	8daefeabf020/worker2/PPCC/jug/s4/n1/base	4	4
8daefeabf020	worker2	PPCC/jug	0	2	base	activation	32cfa0e19685ba1c	32cfa0e19685ba1cdbfe0d610faf16646598bbd99afc755c22b268ca32885408	lerobot_groot_n15	n15	lerobot_groot_n15__robocasa365_ckpt120000		0	Pick the jug from the counter and place it in the cabinet.	robocasa_panda_omron/PickPlaceCounterToCabinet_PandaOmron_Env	100095	1300002	0	0			5		1	all_token_full	groot_n15_dit_block_residual_full_tokens_denoise	"[""layer"",""denoise_step"",""model_token"",""feature_dim""]"	[7,4,49,1536]	[0,2,4,8,10,12,15]	n15_grid_v5_scenario	grid_coord	meta	meta_json	8daefeabf020/worker2/PPCC/jug/s4/n2/base	4	4
8daefeabf020	worker2	PPCC/jug	0	3	base	activation	6e66cd27d472f3ca	6e66cd27d472f3ca9b24b29be3c42b55351e87ebdd2fc85554b33f4030293fb5	lerobot_groot_n15	n15	lerobot_groot_n15__robocasa365_ckpt120000		0	Pick the jug from the counter and place it in the cabinet.	robocasa_panda_omron/PickPlaceCounterToCabinet_PandaOmron_Env	100095	1300003	0	0			5		1	all_token_full	groot_n15_dit_block_residual_full_tokens_denoise	"[""layer"",""denoise_step"",""model_token"",""feature_dim""]"	[7,4,49,1536]	[0,2,4,8,10,12,15]	n15_grid_v5_scenario	grid_coord	meta	meta_json	8daefeabf020/worker2/PPCC/jug/s4/n3/base	4	4
8daefeabf020	worker2	PPCC/jug	0	4	base	activation	60c2f51111dae83a	60c2f51111dae83abbcfca3d48d5b27d025a0c10cfd26d08936b23a62b9ba24a	lerobot_groot_n15	n15	lerobot_groot_n15__robocasa365_ckpt120000		0	Pick the jug from the counter and place it in the cabinet.	robocasa_panda_omron/PickPlaceCounterToCabinet_PandaOmron_Env	100095	1300004	0	0			5		1	all_token_full	groot_n15_dit_block_residual_full_tokens_denoise	"[""layer"",""denoise_step"",""model_token"",""feature_dim""]"	[7,4,49,1536]	[0,2,4,8,10,12,15]	n15_grid_v5_scenario	grid_coord	meta	meta_json	8daefeabf020/worker2/PPCC/jug/s4/n4/base	4	4
8daefeabf020	worker2	PPCC/jug	4	0	base	activation	b9a15f7f82321c09	b9a15f7f82321c09c3dbc5eca84991ea0a4fa312dabe13f99728b575ea998cc0	lerobot_groot_n15	n15	lerobot_groot_n15__robocasa365_ckpt120000		0	Pick the jug from the counter and place it in the cabinet.	robocasa_panda_omron/PickPlaceCounterToCabinet_PandaOmron_Env	100387	1300000	0	1			5		1	all_token_full	groot_n15_dit_block_residual_full_tokens_denoise	"[""layer"",""denoise_step"",""model_token"",""feature_dim""]"	[7,4,49,1536]	[0,2,4,8,10,12,15]	n15_grid_v5_scenario	grid_coord	meta	meta_json	8daefeabf020/worker2/PPCC/jug/s400/n0/base	400	0
8daefeabf020	worker2	PPCC/jug	4	1	base	activation	c13289f5c51a81b5	c13289f5c51a81b5dbe1896162555402b68286cad841520cdc75103dbe928248	lerobot_groot_n15	n15	lerobot_groot_n15__robocasa365_ckpt120000		0	Pick the jug from the counter and place it in the cabinet.	robocasa_panda_omron/PickPlaceCounterToCabinet_PandaOmron_Env	100387	1300001	0	0			5		1	all_token_full	groot_n15_dit_block_residual_full_tokens_denoise	"[""layer"",""denoise_step"",""model_token"",""feature_dim""]"	[7,4,49,1536]	[0,2,4,8,10,12,15]	n15_grid_v5_scenario	grid_coord	meta	meta_json	8daefeabf020/worker2/PPCC/jug/s400/n1/base	400	0
8daefeabf020	worker2	PPCC/jug	4	2	base	activation	af1fd8230eba2687	af1fd8230eba26872dba008baf8e9fb8ee7707777a40acf938ab5c1dde1c3170	lerobot_groot_n15	n15	lerobot_groot_n15__robocasa365_ckpt120000		0	Pick the jug from the counter and place it in the cabinet.	robocasa_panda_omron/PickPlaceCounterToCabinet_PandaOmron_Env	100387	1300002	0	0			5		1	all_token_full	groot_n15_dit_block_residual_full_tokens_denoise	"[""layer"",""denoise_step"",""model_token"",""feature_dim""]"	[7,4,49,1536]	[0,2,4,8,10,12,15]	n15_grid_v5_scenario	grid_coord	meta	meta_json	8daefeabf020/worker2/PPCC/jug/s400/n2/base	400	0
8daefeabf020	worker2	PPCC/jug	4	3	base	activation	892b0a275d468e53	892b0a275d468e53ff82319131ccaf694505385415933136ff75defe9a53c22a	lerobot_groot_n15	n15	lerobot_groot_n15__robocasa365_ckpt120000		0	Pick the jug from the counter and place it in the cabinet.	robocasa_panda_omron/PickPlaceCounterToCabinet_PandaOmron_Env	100387	1300003	0	0			5		1	all_token_full	groot_n15_dit_block_residual_full_tokens_denoise	"[""layer"",""denoise_step"",""model_token"",""feature_dim""]"	[7,4,49,1536]	[0,2,4,8,10,12,15]	n15_grid_v5_scenario	grid_coord	meta	meta_json	8daefeabf020/worker2/PPCC/jug/s400/n3/base	400	0
8daefeabf020	worker2	PPCC/jug	4	4	base	activation	99ce823abd0a6635	99ce823abd0a6635ade2d7728a2e610c6c4c18bbb84ec98fddd2fd6991e3524f	lerobot_groot_n15	n15	lerobot_groot_n15__robocasa365_ckpt120000		0	Pick the jug from the counter and place it in the cabinet.	robocasa_panda_omron/PickPlaceCounterToCabinet_PandaOmron_Env	100387	1300004	0	0			5		1	all_token_full	groot_n15_dit_block_residual_full_tokens_denoise	"[""layer"",""denoise_step"",""model_token"",""feature_dim""]"	[7,4,49,1536]	[0,2,4,8,10,12,15]	n15_grid_v5_scenario	grid_coord	meta	meta_json	8daefeabf020/worker2/PPCC/jug/s400/n4/base	400	0
8daefeabf020	worker2	PPCC/jug	4	0	base	activation	f03492c17beab3a5	f03492c17beab3a551ea9c24f27ee94c56e1cb6b188b972260ce59229b0be912	lerobot_groot_n15	n15	lerobot_groot_n15__robocasa365_ckpt120000		0	Pick the jug from the counter and place it in the cabinet.	robocasa_panda_omron/PickPlaceCounterToCabinet_PandaOmron_Env	100387	1300000	0	0			5		1	all_token_full	groot_n15_dit_block_residual_full_tokens_denoise	"[""layer"",""denoise_step"",""model_token"",""feature_dim""]"	[7,4,49,1536]	[0,2,4,8,10,12,15]	n15_grid_v5_scenario	grid_coord	meta	meta_json	8daefeabf020/worker2/PPCC/jug/s401/n0/base	401	1
8daefeabf020	worker2	PPCC/jug	4	1	base	activation	721de8f88516a175	721de8f88516a175e9de2549a75bb0126727d3249b87026334a42b7217418f0d	lerobot_groot_n15	n15	lerobot_groot_n15__robocasa365_ckpt120000		0	Pick the jug from the counter and place it in the cabinet.	robocasa_panda_omron/PickPlaceCounterToCabinet_PandaOmron_Env	100387	1300001	0	0			5		1	all_token_full	groot_n15_dit_block_residual_full_tokens_denoise	"[""layer"",""denoise_step"",""model_token"",""feature_dim""]"	[7,4,49,1536]	[0,2,4,8,10,12,15]	n15_grid_v5_scenario	grid_coord	meta	meta_json	8daefeabf020/worker2/PPCC/jug/s401/n1/base	401	1
8daefeabf020	worker2	PPCC/jug	4	2	base	activation	0d7d0e6f6052eb7b	0d7d0e6f6052eb7bcf742822cc1300de5d2c2a80457dcdf4bf2827769d33a180	lerobot_groot_n15	n15	lerobot_groot_n15__robocasa365_ckpt120000		0	Pick the jug from the counter and place it in the cabinet.	robocasa_panda_omron/PickPlaceCounterToCabinet_PandaOmron_Env	100387	1300002	0	0			5		1	all_token_full	groot_n15_dit_block_residual_full_tokens_denoise	"[""layer"",""denoise_step"",""model_token"",""feature_dim""]"	[7,4,49,1536]	[0,2,4,8,10,12,15]	n15_grid_v5_scenario	grid_coord	meta	meta_json	8daefeabf020/worker2/PPCC/jug/s401/n2/base	401	1
8daefeabf020	worker2	PPCC/jug	4	3	base	activation	358e37a2fcdfa568	358e37a2fcdfa568ece6991b009addc02b6794eb3efc64f151a8c7387c0f0cf2	lerobot_groot_n15	n15	lerobot_groot_n15__robocasa365_ckpt120000		0	Pick the jug from the counter and place it in the cabinet.	robocasa_panda_omron/PickPlaceCounterToCabinet_PandaOmron_Env	100387	1300003	0	0			5		1	all_token_full	groot_n15_dit_block_residual_full_tokens_denoise	"[""layer"",""denoise_step"",""model_token"",""feature_dim""]"	[7,4,49,1536]	[0,2,4,8,10,12,15]	n15_grid_v5_scenario	grid_coord	meta	meta_json	8daefeabf020/worker2/PPCC/jug/s401/n3/base	401	1
8daefeabf020	worker2	PPCC/jug	4	4	base	activation	04c5a1ef5d724afa	04c5a1ef5d724afabc5a1836013cc0e26d740e92b474e12f4710cea67244a62b	lerobot_groot_n15	n15	lerobot_groot_n15__robocasa365_ckpt120000		0	Pick the jug from the counter and place it in the cabinet.	robocasa_panda_omron/PickPlaceCounterToCabinet_PandaOmron_Env	100387	1300004	0	0			5		1	all_token_full	groot_n15_dit_block_residual_full_tokens_denoise	"[""layer"",""denoise_step"",""model_token"",""feature_dim""]"	[7,4,49,1536]	[0,2,4,8,10,12,15]	n15_grid_v5_scenario	grid_coord	meta	meta_json	8daefeabf020/worker2/PPCC/jug/s401/n4/base	401	1
8daefeabf020	worker2	PPCC/jug	4	0	base	activation	2a67b80ff613ad56	2a67b80ff613ad56e4f503317b947cd3ce18f8173110e23b679fa12a7e76f1ea	lerobot_groot_n15	n15	lerobot_groot_n15__robocasa365_ckpt120000		0	Pick the jug from the counter and place it in the cabinet.	robocasa_panda_omron/PickPlaceCounterToCabinet_PandaOmron_Env	100387	1300000	0	1			5		1	all_token_full	groot_n15_dit_block_residual_full_tokens_denoise	"[""layer"",""denoise_step"",""model_token"",""feature_dim""]"	[7,4,49,1536]	[0,2,4,8,10,12,15]	n15_grid_v5_scenario	grid_coord	meta	meta_json	8daefeabf020/worker2/PPCC/jug/s402/n0/base	402	2
8daefeabf020	worker2	PPCC/jug	4	1	base	activation	fcb0ee515710b536	fcb0ee515710b53610bdab2a24f33029a085da2693d51f04d9d7ad3ac20a0820	lerobot_groot_n15	n15	lerobot_groot_n15__robocasa365_ckpt120000		0	Pick the jug from the counter and place it in the cabinet.	robocasa_panda_omron/PickPlaceCounterToCabinet_PandaOmron_Env	100387	1300001	0	1			5		1	all_token_full	groot_n15_dit_block_residual_full_tokens_denoise	"[""layer"",""denoise_step"",""model_token"",""feature_dim""]"	[7,4,49,1536]	[0,2,4,8,10,12,15]	n15_grid_v5_scenario	grid_coord	meta	meta_json	8daefeabf020/worker2/PPCC/jug/s402/n1/base	402	2
8daefeabf020	worker2	PPCC/jug	4	2	base	activation	db318d49d8430831	db318d49d8430831219105bedf50785f1f995e9c2e435b59030a110240392772	lerobot_groot_n15	n15	lerobot_groot_n15__robocasa365_ckpt120000		0	Pick the jug from the counter and place it in the cabinet.	robocasa_panda_omron/PickPlaceCounterToCabinet_PandaOmron_Env	100387	1300002	0	0			5		1	all_token_full	groot_n15_dit_block_residual_full_tokens_denoise	"[""layer"",""denoise_step"",""model_token"",""feature_dim""]"	[7,4,49,1536]	[0,2,4,8,10,12,15]	n15_grid_v5_scenario	grid_coord	meta	meta_json	8daefeabf020/worker2/PPCC/jug/s402/n2/base	402	2
8daefeabf020	worker2	PPCC/jug	4	3	base	activation	46042b2b1bc8396c	46042b2b1bc8396c95f41a30273a50571ccea99d19b182778b3a91558439d4b4	lerobot_groot_n15	n15	lerobot_groot_n15__robocasa365_ckpt120000		0	Pick the jug from the counter and place it in the cabinet.	robocasa_panda_omron/PickPlaceCounterToCabinet_PandaOmron_Env	100387	1300003	0	0			5		1	all_token_full	groot_n15_dit_block_residual_full_tokens_denoise	"[""layer"",""denoise_step"",""model_token"",""feature_dim""]"	[7,4,49,1536]	[0,2,4,8,10,12,15]	n15_grid_v5_scenario	grid_coord	meta	meta_json	8daefeabf020/worker2/PPCC/jug/s402/n3/base	402	2
8daefeabf020	worker2	PPCC/jug	4	4	base	activation	c6787002b137b5ec	c6787002b137b5ecd2613c79f5cc8487eefab2cdfd57d030b8d17140ad68277a	lerobot_groot_n15	n15	lerobot_groot_n15__robocasa365_ckpt120000		0	Pick the jug from the counter and place it in the cabinet.	robocasa_panda_omron/PickPlaceCounterToCabinet_PandaOmron_Env	100387	1300004	0	1			5		1	all_token_full	groot_n15_dit_block_residual_full_tokens_denoise	"[""layer"",""denoise_step"",""model_token"",""feature_dim""]"	[7,4,49,1536]	[0,2,4,8,10,12,15]	n15_grid_v5_scenario	grid_coord	meta	meta_json	8daefeabf020/worker2/PPCC/jug/s402/n4/base	402	2
8daefeabf020	worker2	PPCC/jug	4	0	base	activation	60dc3d7b7b1c7312	60dc3d7b7b1c731218033635e0513ba9e09e3c4f8338d3812c80ee74811965f8	lerobot_groot_n15	n15	lerobot_groot_n15__robocasa365_ckpt120000		0	Pick the jug from the counter and place it in the cabinet.	robocasa_panda_omron/PickPlaceCounterToCabinet_PandaOmron_Env	100387	1300000	0	1			5		1	all_token_full	groot_n15_dit_block_residual_full_tokens_denoise	"[""layer"",""denoise_step"",""model_token"",""feature_dim""]"	[7,4,49,1536]	[0,2,4,8,10,12,15]	n15_grid_v5_scenario	grid_coord	meta	meta_json	8daefeabf020/worker2/PPCC/jug/s403/n0/base	403	3
8daefeabf020	worker2	PPCC/jug	4	1	base	activation	b2d5334a48250226	b2d5334a4825022629ba11cf8fe6642394e536d0c98ebf2d87755ced27696083	lerobot_groot_n15	n15	lerobot_groot_n15__robocasa365_ckpt120000		0	Pick the jug from the counter and place it in the cabinet.	robocasa_panda_omron/PickPlaceCounterToCabinet_PandaOmron_Env	100387	1300001	0	1			5		1	all_token_full	groot_n15_dit_block_residual_full_tokens_denoise	"[""layer"",""denoise_step"",""model_token"",""feature_dim""]"	[7,4,49,1536]	[0,2,4,8,10,12,15]	n15_grid_v5_scenario	grid_coord	meta	meta_json	8daefeabf020/worker2/PPCC/jug/s403/n1/base	403	3
8daefeabf020	worker2	PPCC/jug	4	2	base	activation	9ba4f85146382016	9ba4f8514638201677cb7a84019c251250feef60d63e80e7281c268bc52a5866	lerobot_groot_n15	n15	lerobot_groot_n15__robocasa365_ckpt120000		0	Pick the jug from the counter and place it in the cabinet.	robocasa_panda_omron/PickPlaceCounterToCabinet_PandaOmron_Env	100387	1300002	0	1			5		1	all_token_full	groot_n15_dit_block_residual_full_tokens_denoise	"[""layer"",""denoise_step"",""model_token"",""feature_dim""]"	[7,4,49,1536]	[0,2,4,8,10,12,15]	n15_grid_v5_scenario	grid_coord	meta	meta_json	8daefeabf020/worker2/PPCC/jug/s403/n2/base	403	3
8daefeabf020	worker2	PPCC/jug	4	3	base	activation	b6708a06da4bd118	b6708a06da4bd118198307ac65b103932164b5fb6826f5b129de4ac4a2235fbf	lerobot_groot_n15	n15	lerobot_groot_n15__robocasa365_ckpt120000		0	Pick the jug from the counter and place it in the cabinet.	robocasa_panda_omron/PickPlaceCounterToCabinet_PandaOmron_Env	100387	1300003	0	1			5		1	all_token_full	groot_n15_dit_block_residual_full_tokens_denoise	"[""layer"",""denoise_step"",""model_token"",""feature_dim""]"	[7,4,49,1536]	[0,2,4,8,10,12,15]	n15_grid_v5_scenario	grid_coord	meta	meta_json	8daefeabf020/worker2/PPCC/jug/s403/n3/base	403	3
8daefeabf020	worker2	PPCC/jug	4	4	base	activation	2c619728058360d2	2c619728058360d2cdbb182d49ffc409d210a847b7287e688d7ad95857702a1a	lerobot_groot_n15	n15	lerobot_groot_n15__robocasa365_ckpt120000		0	Pick the jug from the counter and place it in the cabinet.	robocasa_panda_omron/PickPlaceCounterToCabinet_PandaOmron_Env	100387	1300004	0	1			5		1	all_token_full	groot_n15_dit_block_residual_full_tokens_denoise	"[""layer"",""denoise_step"",""model_token"",""feature_dim""]"	[7,4,49,1536]	[0,2,4,8,10,12,15]	n15_grid_v5_scenario	grid_coord	meta	meta_json	8daefeabf020/worker2/PPCC/jug/s403/n4/base	403	3
8daefeabf020	worker2	PPCC/jug	4	0	base	activation	4ff722e4b852404d	4ff722e4b852404dd3384ac54a6eed1af93e6a453ca7608057b0e2332f5d08e7	lerobot_groot_n15	n15	lerobot_groot_n15__robocasa365_ckpt120000		0	Pick the jug from the counter and place it in the cabinet.	robocasa_panda_omron/PickPlaceCounterToCabinet_PandaOmron_Env	100387	1300000	0	0			5		1	all_token_full	groot_n15_dit_block_residual_full_tokens_denoise	"[""layer"",""denoise_step"",""model_token"",""feature_dim""]"	[7,4,49,1536]	[0,2,4,8,10,12,15]	n15_grid_v5_scenario	grid_coord	meta	meta_json	8daefeabf020/worker2/PPCC/jug/s404/n0/base	404	4
8daefeabf020	worker2	PPCC/jug	4	1	base	activation	8bee5662b60e802d	8bee5662b60e802d0f73dbd722873f6bc94ee86db7176bfbc0064a46d0195ff2	lerobot_groot_n15	n15	lerobot_groot_n15__robocasa365_ckpt120000		0	Pick the jug from the counter and place it in the cabinet.	robocasa_panda_omron/PickPlaceCounterToCabinet_PandaOmron_Env	100387	1300001	0	0			5		1	all_token_full	groot_n15_dit_block_residual_full_tokens_denoise	"[""layer"",""denoise_step"",""model_token"",""feature_dim""]"	[7,4,49,1536]	[0,2,4,8,10,12,15]	n15_grid_v5_scenario	grid_coord	meta	meta_json	8daefeabf020/worker2/PPCC/jug/s404/n1/base	404	4
8daefeabf020	worker2	PPCC/jug	4	2	base	activation	a223568c92ef16cc	a223568c92ef16cc786a0154c7c43aedcc05246c993696d11b30bccca74df692	lerobot_groot_n15	n15	lerobot_groot_n15__robocasa365_ckpt120000		0	Pick the jug from the counter and place it in the cabinet.	robocasa_panda_omron/PickPlaceCounterToCabinet_PandaOmron_Env	100387	1300002	0	0			5		1	all_token_full	groot_n15_dit_block_residual_full_tokens_denoise	"[""layer"",""denoise_step"",""model_token"",""feature_dim""]"	[7,4,49,1536]	[0,2,4,8,10,12,15]	n15_grid_v5_scenario	grid_coord	meta	meta_json	8daefeabf020/worker2/PPCC/jug/s404/n2/base	404	4
8daefeabf020	worker2	PPCC/jug	4	3	base	activation	03355284c2b66f25	03355284c2b66f253a926686b4ebbb1fdbac387f7cad50da528a6c303f9d03f0	lerobot_groot_n15	n15	lerobot_groot_n15__robocasa365_ckpt120000		0	Pick the jug from the counter and place it in the cabinet.	robocasa_panda_omron/PickPlaceCounterToCabinet_PandaOmron_Env	100387	1300003	0	0			5		1	all_token_full	groot_n15_dit_block_residual_full_tokens_denoise	"[""layer"",""denoise_step"",""model_token"",""feature_dim""]"	[7,4,49,1536]	[0,2,4,8,10,12,15]	n15_grid_v5_scenario	grid_coord	meta	meta_json	8daefeabf020/worker2/PPCC/jug/s404/n3/base	404	4
8daefeabf020	worker2	PPCC/jug	4	4	base	activation	45d75ab0362f1684	45d75ab0362f168405eaef4b2e852290b083c1ab912223cf80493eb716f8e540	lerobot_groot_n15	n15	lerobot_groot_n15__robocasa365_ckpt120000		0	Pick the jug from the counter and place it in the cabinet.	robocasa_panda_omron/PickPlaceCounterToCabinet_PandaOmron_Env	100387	1300004	0	0			5		1	all_token_full	groot_n15_dit_block_residual_full_tokens_denoise	"[""layer"",""denoise_step"",""model_token"",""feature_dim""]"	[7,4,49,1536]	[0,2,4,8,10,12,15]	n15_grid_v5_scenario	grid_coord	meta	meta_json	8daefeabf020/worker2/PPCC/jug/s404/n4/base	404	4
8daefeabf020	worker2	PPCC/marshmallow	0	0	base	activation	ab9666ff957f4a81	ab9666ff957f4a8122d0759c7f85941698fd6962b58615c6a242b50654c2375f	lerobot_groot_n15	n15	lerobot_groot_n15__robocasa365_ckpt120000		0	Pick the marshmallow from the counter and place it in the cabinet.	robocasa_panda_omron/PickPlaceCounterToCabinet_PandaOmron_Env	100007	1300000	0	1			5		1	all_token_full	groot_n15_dit_block_residual_full_tokens_denoise	"[""layer"",""denoise_step"",""model_token"",""feature_dim""]"	[7,4,49,1536]	[0,2,4,8,10,12,15]	n15_grid_v5_scenario	grid_coord	meta	meta_json	8daefeabf020/worker2/PPCC/marshmallow/s0/n0/base	0	0
8daefeabf020	worker2	PPCC/marshmallow	0	1	base	activation	47eb540ce5d77312	47eb540ce5d77312cab9c69883b052b3f3bd062203a6d4af821b25f93555b902	lerobot_groot_n15	n15	lerobot_groot_n15__robocasa365_ckpt120000		0	Pick the marshmallow from the counter and place it in the cabinet.	robocasa_panda_omron/PickPlaceCounterToCabinet_PandaOmron_Env	100007	1300001	0	1			5		1	all_token_full	groot_n15_dit_block_residual_full_tokens_denoise	"[""layer"",""denoise_step"",""model_token"",""feature_dim""]"	[7,4,49,1536]	[0,2,4,8,10,12,15]	n15_grid_v5_scenario	grid_coord	meta	meta_json	8daefeabf020/worker2/PPCC/marshmallow/s0/n1/base	0	0
8daefeabf020	worker2	PPCC/marshmallow	0	2	base	activation	0a98c6f68b2a3ad1	0a98c6f68b2a3ad1d8d3d44a84faf081c13e5f6f721a92e76e97ffdb828b94bc	lerobot_groot_n15	n15	lerobot_groot_n15__robocasa365_ckpt120000		0	Pick the marshmallow from the counter and place it in the cabinet.	robocasa_panda_omron/PickPlaceCounterToCabinet_PandaOmron_Env	100007	1300002	0	1			5		1	all_token_full	groot_n15_dit_block_residual_full_tokens_denoise	"[""layer"",""denoise_step"",""model_token"",""feature_dim""]"	[7,4,49,1536]	[0,2,4,8,10,12,15]	n15_grid_v5_scenario	grid_coord	meta	meta_json	8daefeabf020/worker2/PPCC/marshmallow/s0/n2/base	0	0
8daefeabf020	worker2	PPCC/marshmallow	0	3	base	activation	0d4edbc5ba6eea15	0d4edbc5ba6eea158656563239a93e8a33cd042ec8acb95984a354fdb5e3e48e	lerobot_groot_n15	n15	lerobot_groot_n15__robocasa365_ckpt120000		0	Pick the marshmallow from the counter and place it in the cabinet.	robocasa_panda_omron/PickPlaceCounterToCabinet_PandaOmron_Env	100007	1300003	0	1			5		1	all_token_full	groot_n15_dit_block_residual_full_tokens_denoise	"[""layer"",""denoise_step"",""model_token"",""feature_dim""]"	[7,4,49,1536]	[0,2,4,8,10,12,15]	n15_grid_v5_scenario	grid_coord	meta	meta_json	8daefeabf020/worker2/PPCC/marshmallow/s0/n3/base	0	0
8daefeabf020	worker2	PPCC/marshmallow	0	4	base	activation	282fc354bd9b5c24	282fc354bd9b5c2403b343f98d0bbfc38776fe282377ff74ec97f520bf7748aa	lerobot_groot_n15	n15	lerobot_groot_n15__robocasa365_ckpt120000		0	Pick the marshmallow from the counter and place it in the cabinet.	robocasa_panda_omron/PickPlaceCounterToCabinet_PandaOmron_Env	100007	1300004	0	1			5		1	all_token_full	groot_n15_dit_block_residual_full_tokens_denoise	"[""layer"",""denoise_step"",""model_token"",""feature_dim""]"	[7,4,49,1536]	[0,2,4,8,10,12,15]	n15_grid_v5_scenario	grid_coord	meta	meta_json	8daefeabf020/worker2/PPCC/marshmallow/s0/n4/base	0	0
8daefeabf020	worker2	PPCC/marshmallow	0	0	base	activation	c147fb155a48a6ec	c147fb155a48a6ec04f099f687d0973e7a2d068b944396dc2373c93d92ccb9da	lerobot_groot_n15	n15	lerobot_groot_n15__robocasa365_ckpt120000		0	Pick the marshmallow from the counter and place it in the cabinet.	robocasa_panda_omron/PickPlaceCounterToCabinet_PandaOmron_Env	100007	1300000	0	1			5		1	all_token_full	groot_n15_dit_block_residual_full_tokens_denoise	"[""layer"",""denoise_step"",""model_token"",""feature_dim""]"	[7,4,49,1536]	[0,2,4,8,10,12,15]	n15_grid_v5_scenario	grid_coord	meta	meta_json	8daefeabf020/worker2/PPCC/marshmallow/s1/n0/base	1	1
8daefeabf020	worker2	PPCC/marshmallow	0	1	base	activation	9bb014007e30b561	9bb014007e30b5615603af422ab868c5bd59d69f1d802d37a984e2872b369227	lerobot_groot_n15	n15	lerobot_groot_n15__robocasa365_ckpt120000		0	Pick the marshmallow from the counter and place it in the cabinet.	robocasa_panda_omron/PickPlaceCounterToCabinet_PandaOmron_Env	100007	1300001	0	1			5		1	all_token_full	groot_n15_dit_block_residual_full_tokens_denoise	"[""layer"",""denoise_step"",""model_token"",""feature_dim""]"	[7,4,49,1536]	[0,2,4,8,10,12,15]	n15_grid_v5_scenario	grid_coord	meta	meta_json	8daefeabf020/worker2/PPCC/marshmallow/s1/n1/base	1	1
8daefeabf020	worker2	PPCC/marshmallow	0	2	base	activation	58ae5c5fed7c5299	58ae5c5fed7c529964316ae9d86353d5ca552f6908834e41d7dc4befe8deb16d	lerobot_groot_n15	n15	lerobot_groot_n15__robocasa365_ckpt120000		0	Pick the marshmallow from the counter and place it in the cabinet.	robocasa_panda_omron/PickPlaceCounterToCabinet_PandaOmron_Env	100007	1300002	0	1			5		1	all_token_full	groot_n15_dit_block_residual_full_tokens_denoise	"[""layer"",""denoise_step"",""model_token"",""feature_dim""]"	[7,4,49,1536]	[0,2,4,8,10,12,15]	n15_grid_v5_scenario	grid_coord	meta	meta_json	8daefeabf020/worker2/PPCC/marshmallow/s1/n2/base	1	1
8daefeabf020	worker2	PPCC/marshmallow	0	3	base	activation	f13bb0069b8fdb2e	f13bb0069b8fdb2ea844e86e3ecfb20fc86031fb0dc18755a523ee2039c9c779	lerobot_groot_n15	n15	lerobot_groot_n15__robocasa365_ckpt120000		0	Pick the marshmallow from the counter and place it in the cabinet.	robocasa_panda_omron/PickPlaceCounterToCabinet_PandaOmron_Env	100007	1300003	0	1			5		1	all_token_full	groot_n15_dit_block_residual_full_tokens_denoise	"[""layer"",""denoise_step"",""model_token"",""feature_dim""]"	[7,4,49,1536]	[0,2,4,8,10,12,15]	n15_grid_v5_scenario	grid_coord	meta	meta_json	8daefeabf020/worker2/PPCC/marshmallow/s1/n3/base	1	1
8daefeabf020	worker2	PPCC/marshmallow	0	4	base	activation	528ec93fdfd8aa77	528ec93fdfd8aa77baea67ee5c07fb24cec9e7f0a31e7a41045807968bb4fe56	lerobot_groot_n15	n15	lerobot_groot_n15__robocasa365_ckpt120000		0	Pick the marshmallow from the counter and place it in the cabinet.	robocasa_panda_omron/PickPlaceCounterToCabinet_PandaOmron_Env	100007	1300004	0	1			5		1	all_token_full	groot_n15_dit_block_residual_full_tokens_denoise	"[""layer"",""denoise_step"",""model_token"",""feature_dim""]"	[7,4,49,1536]	[0,2,4,8,10,12,15]	n15_grid_v5_scenario	grid_coord	meta	meta_json	8daefeabf020/worker2/PPCC/marshmallow/s1/n4/base	1	1
8daefeabf020	worker2	PPCC/marshmallow	1	0	base	activation	2f12dcefec6cbe38	2f12dcefec6cbe38f870f77fed2971e99182ab9bbf75c898e0aa6cbc9af73d9e	lerobot_groot_n15	n15	lerobot_groot_n15__robocasa365_ckpt120000		0	Pick the marshmallow from the counter and place it in the cabinet.	robocasa_panda_omron/PickPlaceCounterToCabinet_PandaOmron_Env	100179	1300000	0	0			5		1	all_token_full	groot_n15_dit_block_residual_full_tokens_denoise	"[""layer"",""denoise_step"",""model_token"",""feature_dim""]"	[7,4,49,1536]	[0,2,4,8,10,12,15]	n15_grid_v5_scenario	grid_coord	meta	meta_json	8daefeabf020/worker2/PPCC/marshmallow/s100/n0/base	100	0
8daefeabf020	worker2	PPCC/marshmallow	1	1	base	activation	e072f7d7375e861e	e072f7d7375e861e8e4642cf2a570abd085484abc187119385bfe99168ee9e4d	lerobot_groot_n15	n15	lerobot_groot_n15__robocasa365_ckpt120000		0	Pick the marshmallow from the counter and place it in the cabinet.	robocasa_panda_omron/PickPlaceCounterToCabinet_PandaOmron_Env	100179	1300001	0	0			5		1	all_token_full	groot_n15_dit_block_residual_full_tokens_denoise	"[""layer"",""denoise_step"",""model_token"",""feature_dim""]"	[7,4,49,1536]	[0,2,4,8,10,12,15]	n15_grid_v5_scenario	grid_coord	meta	meta_json	8daefeabf020/worker2/PPCC/marshmallow/s100/n1/base	100	0
8daefeabf020	worker2	PPCC/marshmallow	1	2	base	activation	26a805eb7e00e292	26a805eb7e00e2922398f0bc8bb3f54b92a649c1f7cd0b38a70922274b0b8133	lerobot_groot_n15	n15	lerobot_groot_n15__robocasa365_ckpt120000		0	Pick the marshmallow from the counter and place it in the cabinet.	robocasa_panda_omron/PickPlaceCounterToCabinet_PandaOmron_Env	100179	1300002	0	1			5		1	all_token_full	groot_n15_dit_block_residual_full_tokens_denoise	"[""layer"",""denoise_step"",""model_token"",""feature_dim""]"	[7,4,49,1536]	[0,2,4,8,10,12,15]	n15_grid_v5_scenario	grid_coord	meta	meta_json	8daefeabf020/worker2/PPCC/marshmallow/s100/n2/base	100	0
8daefeabf020	worker2	PPCC/marshmallow	1	3	base	activation	0fd699bdd1ec1e8b	0fd699bdd1ec1e8b34a307cd671d2a62a36099f15e8b935a08b7379a07e7678a	lerobot_groot_n15	n15	lerobot_groot_n15__robocasa365_ckpt120000		0	Pick the marshmallow from the counter and place it in the cabinet.	robocasa_panda_omron/PickPlaceCounterToCabinet_PandaOmron_Env	100179	1300003	0	0			5		1	all_token_full	groot_n15_dit_block_residual_full_tokens_denoise	"[""layer"",""denoise_step"",""model_token"",""feature_dim""]"	[7,4,49,1536]	[0,2,4,8,10,12,15]	n15_grid_v5_scenario	grid_coord	meta	meta_json	8daefeabf020/worker2/PPCC/marshmallow/s100/n3/base	100	0
8daefeabf020	worker2	PPCC/marshmallow	1	4	base	activation	194df55ac1d7d9b1	194df55ac1d7d9b1e77a0cce2efaebdf6ea293d9102900e2f0c26a29df94ea64	lerobot_groot_n15	n15	lerobot_groot_n15__robocasa365_ckpt120000		0	Pick the marshmallow from the counter and place it in the cabinet.	robocasa_panda_omron/PickPlaceCounterToCabinet_PandaOmron_Env	100179	1300004	0	1			5		1	all_token_full	groot_n15_dit_block_residual_full_tokens_denoise	"[""layer"",""denoise_step"",""model_token"",""feature_dim""]"	[7,4,49,1536]	[0,2,4,8,10,12,15]	n15_grid_v5_scenario	grid_coord	meta	meta_json	8daefeabf020/worker2/PPCC/marshmallow/s100/n4/base	100	0
8daefeabf020	worker2	PPCC/marshmallow	1	0	base	activation	8fbc625125f9fc0b	8fbc625125f9fc0b8dac288d7b609cd63c9d5ef2318578b10f69ead935294861	lerobot_groot_n15	n15	lerobot_groot_n15__robocasa365_ckpt120000		0	Pick the marshmallow from the counter and place it in the cabinet.	robocasa_panda_omron/PickPlaceCounterToCabinet_PandaOmron_Env	100179	1300000	0	1			5		1	all_token_full	groot_n15_dit_block_residual_full_tokens_denoise	"[""layer"",""denoise_step"",""model_token"",""feature_dim""]"	[7,4,49,1536]	[0,2,4,8,10,12,15]	n15_grid_v5_scenario	grid_coord	meta	meta_json	8daefeabf020/worker2/PPCC/marshmallow/s101/n0/base	101	1
8daefeabf020	worker2	PPCC/marshmallow	1	1	base	activation	1d7233f1ddb0747d	1d7233f1ddb0747d8ddd8f084ddf33d3584ae6b33f5a492c3df59305e11b563e	lerobot_groot_n15	n15	lerobot_groot_n15__robocasa365_ckpt120000		0	Pick the marshmallow from the counter and place it in the cabinet.	robocasa_panda_omron/PickPlaceCounterToCabinet_PandaOmron_Env	100179	1300001	0	1			5		1	all_token_full	groot_n15_dit_block_residual_full_tokens_denoise	"[""layer"",""denoise_step"",""model_token"",""feature_dim""]"	[7,4,49,1536]	[0,2,4,8,10,12,15]	n15_grid_v5_scenario	grid_coord	meta	meta_json	8daefeabf020/worker2/PPCC/marshmallow/s101/n1/base	101	1
8daefeabf020	worker2	PPCC/marshmallow	1	2	base	activation	e35116e10f15c173	e35116e10f15c173507ec29683218f5d576340ee1848361ec151d8e800c03df9	lerobot_groot_n15	n15	lerobot_groot_n15__robocasa365_ckpt120000		0	Pick the marshmallow from the counter and place it in the cabinet.	robocasa_panda_omron/PickPlaceCounterToCabinet_PandaOmron_Env	100179	1300002	0	1			5		1	all_token_full	groot_n15_dit_block_residual_full_tokens_denoise	"[""layer"",""denoise_step"",""model_token"",""feature_dim""]"	[7,4,49,1536]	[0,2,4,8,10,12,15]	n15_grid_v5_scenario	grid_coord	meta	meta_json	8daefeabf020/worker2/PPCC/marshmallow/s101/n2/base	101	1
8daefeabf020	worker2	PPCC/marshmallow	1	3	base	activation	7324d6641a8a467f	7324d6641a8a467f7324c22ed026962afd903690a61ce06d4c4c128703dfee91	lerobot_groot_n15	n15	lerobot_groot_n15__robocasa365_ckpt120000		0	Pick the marshmallow from the counter and place it in the cabinet.	robocasa_panda_omron/PickPlaceCounterToCabinet_PandaOmron_Env	100179	1300003	0	1			5		1	all_token_full	groot_n15_dit_block_residual_full_tokens_denoise	"[""layer"",""denoise_step"",""model_token"",""feature_dim""]"	[7,4,49,1536]	[0,2,4,8,10,12,15]	n15_grid_v5_scenario	grid_coord	meta	meta_json	8daefeabf020/worker2/PPCC/marshmallow/s101/n3/base	101	1
8daefeabf020	worker2	PPCC/marshmallow	1	4	base	activation	7942df589bfcba12	7942df589bfcba12e9868427c548610c9a01177567043dd9b808b54f7d765b54	lerobot_groot_n15	n15	lerobot_groot_n15__robocasa365_ckpt120000		0	Pick the marshmallow from the counter and place it in the cabinet.	robocasa_panda_omron/PickPlaceCounterToCabinet_PandaOmron_Env	100179	1300004	0	1			5		1	all_token_full	groot_n15_dit_block_residual_full_tokens_denoise	"[""layer"",""denoise_step"",""model_token"",""feature_dim""]"	[7,4,49,1536]	[0,2,4,8,10,12,15]	n15_grid_v5_scenario	grid_coord	meta	meta_json	8daefeabf020/worker2/PPCC/marshmallow/s101/n4/base	101	1
8daefeabf020	worker2	PPCC/marshmallow	1	0	base	activation	ede21710051be96c	ede21710051be96c269b845380a832394bc14414125b6268bd66b3ec6947fdb1	lerobot_groot_n15	n15	lerobot_groot_n15__robocasa365_ckpt120000		0	Pick the marshmallow from the counter and place it in the cabinet.	robocasa_panda_omron/PickPlaceCounterToCabinet_PandaOmron_Env	100179	1300000	0	1			5		1	all_token_full	groot_n15_dit_block_residual_full_tokens_denoise	"[""layer"",""denoise_step"",""model_token"",""feature_dim""]"	[7,4,49,1536]	[0,2,4,8,10,12,15]	n15_grid_v5_scenario	grid_coord	meta	meta_json	8daefeabf020/worker2/PPCC/marshmallow/s102/n0/base	102	2
8daefeabf020	worker2	PPCC/marshmallow	1	1	base	activation	0f3c27996188ee7f	0f3c27996188ee7fcfefd9aae4d6711bfc08f2cd4bd652b1a0eafd8f91a11768	lerobot_groot_n15	n15	lerobot_groot_n15__robocasa365_ckpt120000		0	Pick the marshmallow from the counter and place it in the cabinet.	robocasa_panda_omron/PickPlaceCounterToCabinet_PandaOmron_Env	100179	1300001	0	1			5		1	all_token_full	groot_n15_dit_block_residual_full_tokens_denoise	"[""layer"",""denoise_step"",""model_token"",""feature_dim""]"	[7,4,49,1536]	[0,2,4,8,10,12,15]	n15_grid_v5_scenario	grid_coord	meta	meta_json	8daefeabf020/worker2/PPCC/marshmallow/s102/n1/base	102	2
8daefeabf020	worker2	PPCC/marshmallow	1	2	base	activation	a8c40a3149da895e	a8c40a3149da895ea49c1db670225bb1f9443360b606613526a7d0d7e3fbe0ed	lerobot_groot_n15	n15	lerobot_groot_n15__robocasa365_ckpt120000		0	Pick the marshmallow from the counter and place it in the cabinet.	robocasa_panda_omron/PickPlaceCounterToCabinet_PandaOmron_Env	100179	1300002	0	0			5		1	all_token_full	groot_n15_dit_block_residual_full_tokens_denoise	"[""layer"",""denoise_step"",""model_token"",""feature_dim""]"	[7,4,49,1536]	[0,2,4,8,10,12,15]	n15_grid_v5_scenario	grid_coord	meta	meta_json	8daefeabf020/worker2/PPCC/marshmallow/s102/n2/base	102	2
8daefeabf020	worker2	PPCC/marshmallow	1	3	base	activation	eb23b0022f24d9bd	eb23b0022f24d9bdb950d822c16ccba160eedf3732e8ccca5a60d67c82989f4b	lerobot_groot_n15	n15	lerobot_groot_n15__robocasa365_ckpt120000		0	Pick the marshmallow from the counter and place it in the cabinet.	robocasa_panda_omron/PickPlaceCounterToCabinet_PandaOmron_Env	100179	1300003	0	1			5		1	all_token_full	groot_n15_dit_block_residual_full_tokens_denoise	"[""layer"",""denoise_step"",""model_token"",""feature_dim""]"	[7,4,49,1536]	[0,2,4,8,10,12,15]	n15_grid_v5_scenario	grid_coord	meta	meta_json	8daefeabf020/worker2/PPCC/marshmallow/s102/n3/base	102	2
8daefeabf020	worker2	PPCC/marshmallow	1	4	base	activation	8d914a0e89c19778	8d914a0e89c1977811850a4eba5c8a4bd060c0d734f2cd78f1702d9a963f8f56	lerobot_groot_n15	n15	lerobot_groot_n15__robocasa365_ckpt120000		0	Pick the marshmallow from the counter and place it in the cabinet.	robocasa_panda_omron/PickPlaceCounterToCabinet_PandaOmron_Env	100179	1300004	0	1			5		1	all_token_full	groot_n15_dit_block_residual_full_tokens_denoise	"[""layer"",""denoise_step"",""model_token"",""feature_dim""]"	[7,4,49,1536]	[0,2,4,8,10,12,15]	n15_grid_v5_scenario	grid_coord	meta	meta_json	8daefeabf020/worker2/PPCC/marshmallow/s102/n4/base	102	2
8daefeabf020	worker2	PPCC/marshmallow	1	0	base	activation	698d1aa3bcb13c7a	698d1aa3bcb13c7a3bebc783c343e92576b81f9e1143d3d5d67d7e3ae022a2c6	lerobot_groot_n15	n15	lerobot_groot_n15__robocasa365_ckpt120000		0	Pick the marshmallow from the counter and place it in the cabinet.	robocasa_panda_omron/PickPlaceCounterToCabinet_PandaOmron_Env	100179	1300000	0	1			5		1	all_token_full	groot_n15_dit_block_residual_full_tokens_denoise	"[""layer"",""denoise_step"",""model_token"",""feature_dim""]"	[7,4,49,1536]	[0,2,4,8,10,12,15]	n15_grid_v5_scenario	grid_coord	meta	meta_json	8daefeabf020/worker2/PPCC/marshmallow/s103/n0/base	103	3
8daefeabf020	worker2	PPCC/marshmallow	1	1	base	activation	85ccde4337f55b55	85ccde4337f55b55d200ce8a3df3bd8c198b281c608e1b29571def6961cec802	lerobot_groot_n15	n15	lerobot_groot_n15__robocasa365_ckpt120000		0	Pick the marshmallow from the counter and place it in the cabinet.	robocasa_panda_omron/PickPlaceCounterToCabinet_PandaOmron_Env	100179	1300001	0	1			5		1	all_token_full	groot_n15_dit_block_residual_full_tokens_denoise	"[""layer"",""denoise_step"",""model_token"",""feature_dim""]"	[7,4,49,1536]	[0,2,4,8,10,12,15]	n15_grid_v5_scenario	grid_coord	meta	meta_json	8daefeabf020/worker2/PPCC/marshmallow/s103/n1/base	103	3
8daefeabf020	worker2	PPCC/marshmallow	1	2	base	activation	f68c37a5cb0ffe99	f68c37a5cb0ffe99f62c6cb4f3b89babc0e9ce420d9426048f062e8b402eac25	lerobot_groot_n15	n15	lerobot_groot_n15__robocasa365_ckpt120000		0	Pick the marshmallow from the counter and place it in the cabinet.	robocasa_panda_omron/PickPlaceCounterToCabinet_PandaOmron_Env	100179	1300002	0	1			5		1	all_token_full	groot_n15_dit_block_residual_full_tokens_denoise	"[""layer"",""denoise_step"",""model_token"",""feature_dim""]"	[7,4,49,1536]	[0,2,4,8,10,12,15]	n15_grid_v5_scenario	grid_coord	meta	meta_json	8daefeabf020/worker2/PPCC/marshmallow/s103/n2/base	103	3
8daefeabf020	worker2	PPCC/marshmallow	1	3	base	activation	1798fbe814845e67	1798fbe814845e67ec21fb811a1f2f993c70929a8bb755fe6d41e3f512d0bad2	lerobot_groot_n15	n15	lerobot_groot_n15__robocasa365_ckpt120000		0	Pick the marshmallow from the counter and place it in the cabinet.	robocasa_panda_omron/PickPlaceCounterToCabinet_PandaOmron_Env	100179	1300003	0	1			5		1	all_token_full	groot_n15_dit_block_residual_full_tokens_denoise	"[""layer"",""denoise_step"",""model_token"",""feature_dim""]"	[7,4,49,1536]	[0,2,4,8,10,12,15]	n15_grid_v5_scenario	grid_coord	meta	meta_json	8daefeabf020/worker2/PPCC/marshmallow/s103/n3/base	103	3
8daefeabf020	worker2	PPCC/marshmallow	1	4	base	activation	0bc0377e6bb16df9	0bc0377e6bb16df9903defa56e9151a5426a8a5bc3eb37a56d0af9d7a19dc328	lerobot_groot_n15	n15	lerobot_groot_n15__robocasa365_ckpt120000		0	Pick the marshmallow from the counter and place it in the cabinet.	robocasa_panda_omron/PickPlaceCounterToCabinet_PandaOmron_Env	100179	1300004	0	1			5		1	all_token_full	groot_n15_dit_block_residual_full_tokens_denoise	"[""layer"",""denoise_step"",""model_token"",""feature_dim""]"	[7,4,49,1536]	[0,2,4,8,10,12,15]	n15_grid_v5_scenario	grid_coord	meta	meta_json	8daefeabf020/worker2/PPCC/marshmallow/s103/n4/base	103	3
8daefeabf020	worker2	PPCC/marshmallow	1	0	base	activation	cc062d7169110e72	cc062d7169110e72b6af140e1fecad2631a1b39526fe9aa9a045bbf17a1b269f	lerobot_groot_n15	n15	lerobot_groot_n15__robocasa365_ckpt120000		0	Pick the marshmallow from the counter and place it in the cabinet.	robocasa_panda_omron/PickPlaceCounterToCabinet_PandaOmron_Env	100179	1300000	0	1			5		1	all_token_full	groot_n15_dit_block_residual_full_tokens_denoise	"[""layer"",""denoise_step"",""model_token"",""feature_dim""]"	[7,4,49,1536]	[0,2,4,8,10,12,15]	n15_grid_v5_scenario	grid_coord	meta	meta_json	8daefeabf020/worker2/PPCC/marshmallow/s104/n0/base	104	4
8daefeabf020	worker2	PPCC/marshmallow	1	1	base	activation	6bbe990d1d7ca432	6bbe990d1d7ca432c6acb82f49ff710d70f771d54f93c771b59a1882f33dfb2d	lerobot_groot_n15	n15	lerobot_groot_n15__robocasa365_ckpt120000		0	Pick the marshmallow from the counter and place it in the cabinet.	robocasa_panda_omron/PickPlaceCounterToCabinet_PandaOmron_Env	100179	1300001	0	1			5		1	all_token_full	groot_n15_dit_block_residual_full_tokens_denoise	"[""layer"",""denoise_step"",""model_token"",""feature_dim""]"	[7,4,49,1536]	[0,2,4,8,10,12,15]	n15_grid_v5_scenario	grid_coord	meta	meta_json	8daefeabf020/worker2/PPCC/marshmallow/s104/n1/base	104	4
8daefeabf020	worker2	PPCC/marshmallow	1	2	base	activation	a504ef606a8927c5	a504ef606a8927c5682689529b0c35fc58759a15f12ff4570f99b55939a47388	lerobot_groot_n15	n15	lerobot_groot_n15__robocasa365_ckpt120000		0	Pick the marshmallow from the counter and place it in the cabinet.	robocasa_panda_omron/PickPlaceCounterToCabinet_PandaOmron_Env	100179	1300002	0	1			5		1	all_token_full	groot_n15_dit_block_residual_full_tokens_denoise	"[""layer"",""denoise_step"",""model_token"",""feature_dim""]"	[7,4,49,1536]	[0,2,4,8,10,12,15]	n15_grid_v5_scenario	grid_coord	meta	meta_json	8daefeabf020/worker2/PPCC/marshmallow/s104/n2/base	104	4
8daefeabf020	worker2	PPCC/marshmallow	1	3	base	activation	bda8bd31cae69310	bda8bd31cae69310f98860615f9088b9d24d6dd02d4c2fee7f40b0b9cf2f38f7	lerobot_groot_n15	n15	lerobot_groot_n15__robocasa365_ckpt120000		0	Pick the marshmallow from the counter and place it in the cabinet.	robocasa_panda_omron/PickPlaceCounterToCabinet_PandaOmron_Env	100179	1300003	0	0			5		1	all_token_full	groot_n15_dit_block_residual_full_tokens_denoise	"[""layer"",""denoise_step"",""model_token"",""feature_dim""]"	[7,4,49,1536]	[0,2,4,8,10,12,15]	n15_grid_v5_scenario	grid_coord	meta	meta_json	8daefeabf020/worker2/PPCC/marshmallow/s104/n3/base	104	4
8daefeabf020	worker2	PPCC/marshmallow	1	4	base	activation	b6d7423584ec38f7	b6d7423584ec38f7bf895613c378c15c57780b954fe54cac80e0abeec2f059c0	lerobot_groot_n15	n15	lerobot_groot_n15__robocasa365_ckpt120000		0	Pick the marshmallow from the counter and place it in the cabinet.	robocasa_panda_omron/PickPlaceCounterToCabinet_PandaOmron_Env	100179	1300004	0	1			5		1	all_token_full	groot_n15_dit_block_residual_full_tokens_denoise	"[""layer"",""denoise_step"",""model_token"",""feature_dim""]"	[7,4,49,1536]	[0,2,4,8,10,12,15]	n15_grid_v5_scenario	grid_coord	meta	meta_json	8daefeabf020/worker2/PPCC/marshmallow/s104/n4/base	104	4
8daefeabf020	worker2	PPCC/marshmallow	0	0	base	activation	1a0db6f84e81a54b	1a0db6f84e81a54b710895860802072c5fdd0e35a118a1bf595aded053bda0a3	lerobot_groot_n15	n15	lerobot_groot_n15__robocasa365_ckpt120000		0	Pick the marshmallow from the counter and place it in the cabinet.	robocasa_panda_omron/PickPlaceCounterToCabinet_PandaOmron_Env	100007	1300000	0	1			5		1	all_token_full	groot_n15_dit_block_residual_full_tokens_denoise	"[""layer"",""denoise_step"",""model_token"",""feature_dim""]"	[7,4,49,1536]	[0,2,4,8,10,12,15]	n15_grid_v5_scenario	grid_coord	meta	meta_json	8daefeabf020/worker2/PPCC/marshmallow/s2/n0/base	2	2
8daefeabf020	worker2	PPCC/marshmallow	0	1	base	activation	ad8abdb1d5c83e29	ad8abdb1d5c83e29fe3d6a70108f06c4e2c100773e1faada9dfb9ae1377dc7bd	lerobot_groot_n15	n15	lerobot_groot_n15__robocasa365_ckpt120000		0	Pick the marshmallow from the counter and place it in the cabinet.	robocasa_panda_omron/PickPlaceCounterToCabinet_PandaOmron_Env	100007	1300001	0	1			5		1	all_token_full	groot_n15_dit_block_residual_full_tokens_denoise	"[""layer"",""denoise_step"",""model_token"",""feature_dim""]"	[7,4,49,1536]	[0,2,4,8,10,12,15]	n15_grid_v5_scenario	grid_coord	meta	meta_json	8daefeabf020/worker2/PPCC/marshmallow/s2/n1/base	2	2
8daefeabf020	worker2	PPCC/marshmallow	0	2	base	activation	526da369f55917e4	526da369f55917e4757c5b2881d6a64e670e9fd3dae4e5ac8e2dae9eebd80d9a	lerobot_groot_n15	n15	lerobot_groot_n15__robocasa365_ckpt120000		0	Pick the marshmallow from the counter and place it in the cabinet.	robocasa_panda_omron/PickPlaceCounterToCabinet_PandaOmron_Env	100007	1300002	0	1			5		1	all_token_full	groot_n15_dit_block_residual_full_tokens_denoise	"[""layer"",""denoise_step"",""model_token"",""feature_dim""]"	[7,4,49,1536]	[0,2,4,8,10,12,15]	n15_grid_v5_scenario	grid_coord	meta	meta_json	8daefeabf020/worker2/PPCC/marshmallow/s2/n2/base	2	2
8daefeabf020	worker2	PPCC/marshmallow	0	3	base	activation	4c5f640885015016	4c5f640885015016437247e302c292de3de9b9fda2447c3566dfb21e1c4338c8	lerobot_groot_n15	n15	lerobot_groot_n15__robocasa365_ckpt120000		0	Pick the marshmallow from the counter and place it in the cabinet.	robocasa_panda_omron/PickPlaceCounterToCabinet_PandaOmron_Env	100007	1300003	0	1			5		1	all_token_full	groot_n15_dit_block_residual_full_tokens_denoise	"[""layer"",""denoise_step"",""model_token"",""feature_dim""]"	[7,4,49,1536]	[0,2,4,8,10,12,15]	n15_grid_v5_scenario	grid_coord	meta	meta_json	8daefeabf020/worker2/PPCC/marshmallow/s2/n3/base	2	2
8daefeabf020	worker2	PPCC/marshmallow	0	4	base	activation	d3400b4c496331f4	d3400b4c496331f47cdf36ef648c1d13bdd32050c65fd393afc483172173602c	lerobot_groot_n15	n15	lerobot_groot_n15__robocasa365_ckpt120000		0	Pick the marshmallow from the counter and place it in the cabinet.	robocasa_panda_omron/PickPlaceCounterToCabinet_PandaOmron_Env	100007	1300004	0	0			5		1	all_token_full	groot_n15_dit_block_residual_full_tokens_denoise	"[""layer"",""denoise_step"",""model_token"",""feature_dim""]"	[7,4,49,1536]	[0,2,4,8,10,12,15]	n15_grid_v5_scenario	grid_coord	meta	meta_json	8daefeabf020/worker2/PPCC/marshmallow/s2/n4/base	2	2
8daefeabf020	worker2	PPCC/marshmallow	2	0	base	activation	a9bfe929825bbafb	a9bfe929825bbafb3997ae5d2f329a3c22298ef08d51e7b8c36ea150f6566e17	lerobot_groot_n15	n15	lerobot_groot_n15__robocasa365_ckpt120000		0	Pick the marshmallow from the counter and place it in the cabinet.	robocasa_panda_omron/PickPlaceCounterToCabinet_PandaOmron_Env	100222	1300000	0	1			5		1	all_token_full	groot_n15_dit_block_residual_full_tokens_denoise	"[""layer"",""denoise_step"",""model_token"",""feature_dim""]"	[7,4,49,1536]	[0,2,4,8,10,12,15]	n15_grid_v5_scenario	grid_coord	meta	meta_json	8daefeabf020/worker2/PPCC/marshmallow/s200/n0/base	200	0
8daefeabf020	worker2	PPCC/marshmallow	2	1	base	activation	121c1a4dde49e27c	121c1a4dde49e27c6737aa07ea5355d3cff1922c67d70a933c1b84da7f174dd2	lerobot_groot_n15	n15	lerobot_groot_n15__robocasa365_ckpt120000		0	Pick the marshmallow from the counter and place it in the cabinet.	robocasa_panda_omron/PickPlaceCounterToCabinet_PandaOmron_Env	100222	1300001	0	1			5		1	all_token_full	groot_n15_dit_block_residual_full_tokens_denoise	"[""layer"",""denoise_step"",""model_token"",""feature_dim""]"	[7,4,49,1536]	[0,2,4,8,10,12,15]	n15_grid_v5_scenario	grid_coord	meta	meta_json	8daefeabf020/worker2/PPCC/marshmallow/s200/n1/base	200	0
8daefeabf020	worker2	PPCC/marshmallow	2	2	base	activation	e61729080659bcdd	e61729080659bcdd1987363de4c89da7632f90fe62e5a269d2d697adff567ee3	lerobot_groot_n15	n15	lerobot_groot_n15__robocasa365_ckpt120000		0	Pick the marshmallow from the counter and place it in the cabinet.	robocasa_panda_omron/PickPlaceCounterToCabinet_PandaOmron_Env	100222	1300002	0	1			5		1	all_token_full	groot_n15_dit_block_residual_full_tokens_denoise	"[""layer"",""denoise_step"",""model_token"",""feature_dim""]"	[7,4,49,1536]	[0,2,4,8,10,12,15]	n15_grid_v5_scenario	grid_coord	meta	meta_json	8daefeabf020/worker2/PPCC/marshmallow/s200/n2/base	200	0
8daefeabf020	worker2	PPCC/marshmallow	2	3	base	activation	5980619b60940cde	5980619b60940cde657fdd2b651173b3dd2d5c71310e85ae0a2efc4dfc43f6f8	lerobot_groot_n15	n15	lerobot_groot_n15__robocasa365_ckpt120000		0	Pick the marshmallow from the counter and place it in the cabinet.	robocasa_panda_omron/PickPlaceCounterToCabinet_PandaOmron_Env	100222	1300003	0	1			5		1	all_token_full	groot_n15_dit_block_residual_full_tokens_denoise	"[""layer"",""denoise_step"",""model_token"",""feature_dim""]"	[7,4,49,1536]	[0,2,4,8,10,12,15]	n15_grid_v5_scenario	grid_coord	meta	meta_json	8daefeabf020/worker2/PPCC/marshmallow/s200/n3/base	200	0
8daefeabf020	worker2	PPCC/marshmallow	2	4	base	activation	8891a513aac8d0ac	8891a513aac8d0ac48242706ccb2de8e6597ed9ae765f0a43e663436789947e5	lerobot_groot_n15	n15	lerobot_groot_n15__robocasa365_ckpt120000		0	Pick the marshmallow from the counter and place it in the cabinet.	robocasa_panda_omron/PickPlaceCounterToCabinet_PandaOmron_Env	100222	1300004	0	1			5		1	all_token_full	groot_n15_dit_block_residual_full_tokens_denoise	"[""layer"",""denoise_step"",""model_token"",""feature_dim""]"	[7,4,49,1536]	[0,2,4,8,10,12,15]	n15_grid_v5_scenario	grid_coord	meta	meta_json	8daefeabf020/worker2/PPCC/marshmallow/s200/n4/base	200	0
8daefeabf020	worker2	PPCC/marshmallow	2	0	base	activation	a2c4eac045d47bc3	a2c4eac045d47bc3f4df7ae6d12d4c431edac0a9d85bb82b98991ab572293b92	lerobot_groot_n15	n15	lerobot_groot_n15__robocasa365_ckpt120000		0	Pick the marshmallow from the counter and place it in the cabinet.	robocasa_panda_omron/PickPlaceCounterToCabinet_PandaOmron_Env	100222	1300000	0	1			5		1	all_token_full	groot_n15_dit_block_residual_full_tokens_denoise	"[""layer"",""denoise_step"",""model_token"",""feature_dim""]"	[7,4,49,1536]	[0,2,4,8,10,12,15]	n15_grid_v5_scenario	grid_coord	meta	meta_json	8daefeabf020/worker2/PPCC/marshmallow/s201/n0/base	201	1
8daefeabf020	worker2	PPCC/marshmallow	2	1	base	activation	1d8b68d30423ae16	1d8b68d30423ae16c7bd791249a15f4766a5036c6bfcaebd2bc50ef6a02c40aa	lerobot_groot_n15	n15	lerobot_groot_n15__robocasa365_ckpt120000		0	Pick the marshmallow from the counter and place it in the cabinet.	robocasa_panda_omron/PickPlaceCounterToCabinet_PandaOmron_Env	100222	1300001	0	1			5		1	all_token_full	groot_n15_dit_block_residual_full_tokens_denoise	"[""layer"",""denoise_step"",""model_token"",""feature_dim""]"	[7,4,49,1536]	[0,2,4,8,10,12,15]	n15_grid_v5_scenario	grid_coord	meta	meta_json	8daefeabf020/worker2/PPCC/marshmallow/s201/n1/base	201	1
8daefeabf020	worker2	PPCC/marshmallow	2	2	base	activation	4f76064825e08774	4f76064825e08774cfd4faee56c6f15d2d4d6ae95857390985bdf807f6c5d420	lerobot_groot_n15	n15	lerobot_groot_n15__robocasa365_ckpt120000		0	Pick the marshmallow from the counter and place it in the cabinet.	robocasa_panda_omron/PickPlaceCounterToCabinet_PandaOmron_Env	100222	1300002	0	1			5		1	all_token_full	groot_n15_dit_block_residual_full_tokens_denoise	"[""layer"",""denoise_step"",""model_token"",""feature_dim""]"	[7,4,49,1536]	[0,2,4,8,10,12,15]	n15_grid_v5_scenario	grid_coord	meta	meta_json	8daefeabf020/worker2/PPCC/marshmallow/s201/n2/base	201	1
8daefeabf020	worker2	PPCC/marshmallow	2	3	base	activation	97186e34d1052d27	97186e34d1052d279345724b96eb7e25bfaba1633f1a08cbfa4276d93752bfd7	lerobot_groot_n15	n15	lerobot_groot_n15__robocasa365_ckpt120000		0	Pick the marshmallow from the counter and place it in the cabinet.	robocasa_panda_omron/PickPlaceCounterToCabinet_PandaOmron_Env	100222	1300003	0	1			5		1	all_token_full	groot_n15_dit_block_residual_full_tokens_denoise	"[""layer"",""denoise_step"",""model_token"",""feature_dim""]"	[7,4,49,1536]	[0,2,4,8,10,12,15]	n15_grid_v5_scenario	grid_coord	meta	meta_json	8daefeabf020/worker2/PPCC/marshmallow/s201/n3/base	201	1
8daefeabf020	worker2	PPCC/marshmallow	2	4	base	activation	cc23072d3b462bce	cc23072d3b462bcee425d7de8e631872d42138e51339dc5c7c00f2c65d59df15	lerobot_groot_n15	n15	lerobot_groot_n15__robocasa365_ckpt120000		0	Pick the marshmallow from the counter and place it in the cabinet.	robocasa_panda_omron/PickPlaceCounterToCabinet_PandaOmron_Env	100222	1300004	0	1			5		1	all_token_full	groot_n15_dit_block_residual_full_tokens_denoise	"[""layer"",""denoise_step"",""model_token"",""feature_dim""]"	[7,4,49,1536]	[0,2,4,8,10,12,15]	n15_grid_v5_scenario	grid_coord	meta	meta_json	8daefeabf020/worker2/PPCC/marshmallow/s201/n4/base	201	1
8daefeabf020	worker2	PPCC/marshmallow	2	0	base	activation	67426f9633b8c65b	67426f9633b8c65bf246b4e976bf20ba32227eae85c21091b1e2abd2f7e0a8b3	lerobot_groot_n15	n15	lerobot_groot_n15__robocasa365_ckpt120000		0	Pick the marshmallow from the counter and place it in the cabinet.	robocasa_panda_omron/PickPlaceCounterToCabinet_PandaOmron_Env	100222	1300000	0	0			5		1	all_token_full	groot_n15_dit_block_residual_full_tokens_denoise	"[""layer"",""denoise_step"",""model_token"",""feature_dim""]"	[7,4,49,1536]	[0,2,4,8,10,12,15]	n15_grid_v5_scenario	grid_coord	meta	meta_json	8daefeabf020/worker2/PPCC/marshmallow/s202/n0/base	202	2
8daefeabf020	worker2	PPCC/marshmallow	2	1	base	activation	9f2d686ba1c2b5a7	9f2d686ba1c2b5a742445bdf3d6062597323f125e84bdd96ae99d260b29b4d24	lerobot_groot_n15	n15	lerobot_groot_n15__robocasa365_ckpt120000		0	Pick the marshmallow from the counter and place it in the cabinet.	robocasa_panda_omron/PickPlaceCounterToCabinet_PandaOmron_Env	100222	1300001	0	0			5		1	all_token_full	groot_n15_dit_block_residual_full_tokens_denoise	"[""layer"",""denoise_step"",""model_token"",""feature_dim""]"	[7,4,49,1536]	[0,2,4,8,10,12,15]	n15_grid_v5_scenario	grid_coord	meta	meta_json	8daefeabf020/worker2/PPCC/marshmallow/s202/n1/base	202	2
8daefeabf020	worker2	PPCC/marshmallow	2	2	base	activation	9b716adca3ca719d	9b716adca3ca719ddb717df8d69c15f0961a2e43b33e2a6c399785e3fb2e45d8	lerobot_groot_n15	n15	lerobot_groot_n15__robocasa365_ckpt120000		0	Pick the marshmallow from the counter and place it in the cabinet.	robocasa_panda_omron/PickPlaceCounterToCabinet_PandaOmron_Env	100222	1300002	0	0			5		1	all_token_full	groot_n15_dit_block_residual_full_tokens_denoise	"[""layer"",""denoise_step"",""model_token"",""feature_dim""]"	[7,4,49,1536]	[0,2,4,8,10,12,15]	n15_grid_v5_scenario	grid_coord	meta	meta_json	8daefeabf020/worker2/PPCC/marshmallow/s202/n2/base	202	2
8daefeabf020	worker2	PPCC/marshmallow	2	3	base	activation	2eee99b0b069ec26	2eee99b0b069ec2646aebb187e753e257aac670234fdf7b1e7282d1263c50b3f	lerobot_groot_n15	n15	lerobot_groot_n15__robocasa365_ckpt120000		0	Pick the marshmallow from the counter and place it in the cabinet.	robocasa_panda_omron/PickPlaceCounterToCabinet_PandaOmron_Env	100222	1300003	0	0			5		1	all_token_full	groot_n15_dit_block_residual_full_tokens_denoise	"[""layer"",""denoise_step"",""model_token"",""feature_dim""]"	[7,4,49,1536]	[0,2,4,8,10,12,15]	n15_grid_v5_scenario	grid_coord	meta	meta_json	8daefeabf020/worker2/PPCC/marshmallow/s202/n3/base	202	2
8daefeabf020	worker2	PPCC/marshmallow	2	4	base	activation	28fabe94be4cbfbd	28fabe94be4cbfbd235ad11c2aa53c445629da758d92378c8c3e507b012c36c4	lerobot_groot_n15	n15	lerobot_groot_n15__robocasa365_ckpt120000		0	Pick the marshmallow from the counter and place it in the cabinet.	robocasa_panda_omron/PickPlaceCounterToCabinet_PandaOmron_Env	100222	1300004	0	0			5		1	all_token_full	groot_n15_dit_block_residual_full_tokens_denoise	"[""layer"",""denoise_step"",""model_token"",""feature_dim""]"	[7,4,49,1536]	[0,2,4,8,10,12,15]	n15_grid_v5_scenario	grid_coord	meta	meta_json	8daefeabf020/worker2/PPCC/marshmallow/s202/n4/base	202	2
8daefeabf020	worker2	PPCC/marshmallow	2	0	base	activation	d5b170a0f6c90ed7	d5b170a0f6c90ed78e42666dfc482539d4146410e8b00fa81dc84ffe17dad502	lerobot_groot_n15	n15	lerobot_groot_n15__robocasa365_ckpt120000		0	Pick the marshmallow from the counter and place it in the cabinet.	robocasa_panda_omron/PickPlaceCounterToCabinet_PandaOmron_Env	100222	1300000	0	1			5		1	all_token_full	groot_n15_dit_block_residual_full_tokens_denoise	"[""layer"",""denoise_step"",""model_token"",""feature_dim""]"	[7,4,49,1536]	[0,2,4,8,10,12,15]	n15_grid_v5_scenario	grid_coord	meta	meta_json	8daefeabf020/worker2/PPCC/marshmallow/s203/n0/base	203	3
8daefeabf020	worker2	PPCC/marshmallow	2	1	base	activation	fbcb9a92d1311853	fbcb9a92d13118533b0a768bdaae7c061f49d5279232c86a4aad29c35a57e4f3	lerobot_groot_n15	n15	lerobot_groot_n15__robocasa365_ckpt120000		0	Pick the marshmallow from the counter and place it in the cabinet.	robocasa_panda_omron/PickPlaceCounterToCabinet_PandaOmron_Env	100222	1300001	0	1			5		1	all_token_full	groot_n15_dit_block_residual_full_tokens_denoise	"[""layer"",""denoise_step"",""model_token"",""feature_dim""]"	[7,4,49,1536]	[0,2,4,8,10,12,15]	n15_grid_v5_scenario	grid_coord	meta	meta_json	8daefeabf020/worker2/PPCC/marshmallow/s203/n1/base	203	3
8daefeabf020	worker2	PPCC/marshmallow	2	2	base	activation	8ec59b77192d32b7	8ec59b77192d32b772a349645a38f9438dc8a9eaab58010b7b1dc4529303ae64	lerobot_groot_n15	n15	lerobot_groot_n15__robocasa365_ckpt120000		0	Pick the marshmallow from the counter and place it in the cabinet.	robocasa_panda_omron/PickPlaceCounterToCabinet_PandaOmron_Env	100222	1300002	0	1			5		1	all_token_full	groot_n15_dit_block_residual_full_tokens_denoise	"[""layer"",""denoise_step"",""model_token"",""feature_dim""]"	[7,4,49,1536]	[0,2,4,8,10,12,15]	n15_grid_v5_scenario	grid_coord	meta	meta_json	8daefeabf020/worker2/PPCC/marshmallow/s203/n2/base	203	3
8daefeabf020	worker2	PPCC/marshmallow	2	3	base	activation	8412769710d54f43	8412769710d54f43de1e8ac954e35bf13e36dcd9ca7b929ebac9aba9985b3c6c	lerobot_groot_n15	n15	lerobot_groot_n15__robocasa365_ckpt120000		0	Pick the marshmallow from the counter and place it in the cabinet.	robocasa_panda_omron/PickPlaceCounterToCabinet_PandaOmron_Env	100222	1300003	0	1			5		1	all_token_full	groot_n15_dit_block_residual_full_tokens_denoise	"[""layer"",""denoise_step"",""model_token"",""feature_dim""]"	[7,4,49,1536]	[0,2,4,8,10,12,15]	n15_grid_v5_scenario	grid_coord	meta	meta_json	8daefeabf020/worker2/PPCC/marshmallow/s203/n3/base	203	3
8daefeabf020	worker2	PPCC/marshmallow	2	4	base	activation	866b98bac2188669	866b98bac21886694ec0dbad7ad1b14aab037e709f58d6beb395430c2eb7623c	lerobot_groot_n15	n15	lerobot_groot_n15__robocasa365_ckpt120000		0	Pick the marshmallow from the counter and place it in the cabinet.	robocasa_panda_omron/PickPlaceCounterToCabinet_PandaOmron_Env	100222	1300004	0	1			5		1	all_token_full	groot_n15_dit_block_residual_full_tokens_denoise	"[""layer"",""denoise_step"",""model_token"",""feature_dim""]"	[7,4,49,1536]	[0,2,4,8,10,12,15]	n15_grid_v5_scenario	grid_coord	meta	meta_json	8daefeabf020/worker2/PPCC/marshmallow/s203/n4/base	203	3
8daefeabf020	worker2	PPCC/marshmallow	2	0	base	activation	b1976585090a8774	b1976585090a8774ff7a82f6248afe6f03168da6f46a25500186b7cc137ab80e	lerobot_groot_n15	n15	lerobot_groot_n15__robocasa365_ckpt120000		0	Pick the marshmallow from the counter and place it in the cabinet.	robocasa_panda_omron/PickPlaceCounterToCabinet_PandaOmron_Env	100222	1300000	0	1			5		1	all_token_full	groot_n15_dit_block_residual_full_tokens_denoise	"[""layer"",""denoise_step"",""model_token"",""feature_dim""]"	[7,4,49,1536]	[0,2,4,8,10,12,15]	n15_grid_v5_scenario	grid_coord	meta	meta_json	8daefeabf020/worker2/PPCC/marshmallow/s204/n0/base	204	4
8daefeabf020	worker2	PPCC/marshmallow	2	1	base	activation	1c66ebd419a9a2cd	1c66ebd419a9a2cda8089983ad1cdc9b8ed8afd8c79fbe9efda708c7ec23d87c	lerobot_groot_n15	n15	lerobot_groot_n15__robocasa365_ckpt120000		0	Pick the marshmallow from the counter and place it in the cabinet.	robocasa_panda_omron/PickPlaceCounterToCabinet_PandaOmron_Env	100222	1300001	0	1			5		1	all_token_full	groot_n15_dit_block_residual_full_tokens_denoise	"[""layer"",""denoise_step"",""model_token"",""feature_dim""]"	[7,4,49,1536]	[0,2,4,8,10,12,15]	n15_grid_v5_scenario	grid_coord	meta	meta_json	8daefeabf020/worker2/PPCC/marshmallow/s204/n1/base	204	4
8daefeabf020	worker2	PPCC/marshmallow	2	2	base	activation	3ca8a5d52297f132	3ca8a5d52297f132913ff69e8984433a25cef2d479b61dd001498c7b2b5a041b	lerobot_groot_n15	n15	lerobot_groot_n15__robocasa365_ckpt120000		0	Pick the marshmallow from the counter and place it in the cabinet.	robocasa_panda_omron/PickPlaceCounterToCabinet_PandaOmron_Env	100222	1300002	0	1			5		1	all_token_full	groot_n15_dit_block_residual_full_tokens_denoise	"[""layer"",""denoise_step"",""model_token"",""feature_dim""]"	[7,4,49,1536]	[0,2,4,8,10,12,15]	n15_grid_v5_scenario	grid_coord	meta	meta_json	8daefeabf020/worker2/PPCC/marshmallow/s204/n2/base	204	4
8daefeabf020	worker2	PPCC/marshmallow	2	3	base	activation	0018bc9b697cb8fb	0018bc9b697cb8fb1689301069f40aafe7f723c92788f80b229a021cff5519fb	lerobot_groot_n15	n15	lerobot_groot_n15__robocasa365_ckpt120000		0	Pick the marshmallow from the counter and place it in the cabinet.	robocasa_panda_omron/PickPlaceCounterToCabinet_PandaOmron_Env	100222	1300003	0	1			5		1	all_token_full	groot_n15_dit_block_residual_full_tokens_denoise	"[""layer"",""denoise_step"",""model_token"",""feature_dim""]"	[7,4,49,1536]	[0,2,4,8,10,12,15]	n15_grid_v5_scenario	grid_coord	meta	meta_json	8daefeabf020/worker2/PPCC/marshmallow/s204/n3/base	204	4
8daefeabf020	worker2	PPCC/marshmallow	2	4	base	activation	56b0cae4332ae29d	56b0cae4332ae29d59d56a1cbb69cd2598ba1f37cd7850d8505c3464d280e301	lerobot_groot_n15	n15	lerobot_groot_n15__robocasa365_ckpt120000		0	Pick the marshmallow from the counter and place it in the cabinet.	robocasa_panda_omron/PickPlaceCounterToCabinet_PandaOmron_Env	100222	1300004	0	1			5		1	all_token_full	groot_n15_dit_block_residual_full_tokens_denoise	"[""layer"",""denoise_step"",""model_token"",""feature_dim""]"	[7,4,49,1536]	[0,2,4,8,10,12,15]	n15_grid_v5_scenario	grid_coord	meta	meta_json	8daefeabf020/worker2/PPCC/marshmallow/s204/n4/base	204	4
8daefeabf020	worker2	PPCC/marshmallow	0	0	base	activation	421026e553f8c1ee	421026e553f8c1eebad25793be0f68ae389e6b07182b14112d1d2c01e37f8c45	lerobot_groot_n15	n15	lerobot_groot_n15__robocasa365_ckpt120000		0	Pick the marshmallow from the counter and place it in the cabinet.	robocasa_panda_omron/PickPlaceCounterToCabinet_PandaOmron_Env	100007	1300000	0	1			5		1	all_token_full	groot_n15_dit_block_residual_full_tokens_denoise	"[""layer"",""denoise_step"",""model_token"",""feature_dim""]"	[7,4,49,1536]	[0,2,4,8,10,12,15]	n15_grid_v5_scenario	grid_coord	meta	meta_json	8daefeabf020/worker2/PPCC/marshmallow/s3/n0/base	3	3
8daefeabf020	worker2	PPCC/marshmallow	0	1	base	activation	ca948a204f6f23c9	ca948a204f6f23c98da0c801cdb1a5d914e213ed4b3516bd3132d85bcfac79cc	lerobot_groot_n15	n15	lerobot_groot_n15__robocasa365_ckpt120000		0	Pick the marshmallow from the counter and place it in the cabinet.	robocasa_panda_omron/PickPlaceCounterToCabinet_PandaOmron_Env	100007	1300001	0	1			5		1	all_token_full	groot_n15_dit_block_residual_full_tokens_denoise	"[""layer"",""denoise_step"",""model_token"",""feature_dim""]"	[7,4,49,1536]	[0,2,4,8,10,12,15]	n15_grid_v5_scenario	grid_coord	meta	meta_json	8daefeabf020/worker2/PPCC/marshmallow/s3/n1/base	3	3
8daefeabf020	worker2	PPCC/marshmallow	0	2	base	activation	aa04f8f0aac41e62	aa04f8f0aac41e62f3b6f7f562748dbdccdd3ed70259915d4f74850dfa2af2fb	lerobot_groot_n15	n15	lerobot_groot_n15__robocasa365_ckpt120000		0	Pick the marshmallow from the counter and place it in the cabinet.	robocasa_panda_omron/PickPlaceCounterToCabinet_PandaOmron_Env	100007	1300002	0	1			5		1	all_token_full	groot_n15_dit_block_residual_full_tokens_denoise	"[""layer"",""denoise_step"",""model_token"",""feature_dim""]"	[7,4,49,1536]	[0,2,4,8,10,12,15]	n15_grid_v5_scenario	grid_coord	meta	meta_json	8daefeabf020/worker2/PPCC/marshmallow/s3/n2/base	3	3
8daefeabf020	worker2	PPCC/marshmallow	0	3	base	activation	e9abdcf18eaa40ea	e9abdcf18eaa40eaa2f912d401750e992f13e67e011e7ecfa41c0339608ff286	lerobot_groot_n15	n15	lerobot_groot_n15__robocasa365_ckpt120000		0	Pick the marshmallow from the counter and place it in the cabinet.	robocasa_panda_omron/PickPlaceCounterToCabinet_PandaOmron_Env	100007	1300003	0	1			5		1	all_token_full	groot_n15_dit_block_residual_full_tokens_denoise	"[""layer"",""denoise_step"",""model_token"",""feature_dim""]"	[7,4,49,1536]	[0,2,4,8,10,12,15]	n15_grid_v5_scenario	grid_coord	meta	meta_json	8daefeabf020/worker2/PPCC/marshmallow/s3/n3/base	3	3
8daefeabf020	worker2	PPCC/marshmallow	0	4	base	activation	874452649a48ad66	874452649a48ad669c34726743cef73403934028675d9834fa6f40da4224a8e5	lerobot_groot_n15	n15	lerobot_groot_n15__robocasa365_ckpt120000		0	Pick the marshmallow from the counter and place it in the cabinet.	robocasa_panda_omron/PickPlaceCounterToCabinet_PandaOmron_Env	100007	1300004	0	1			5		1	all_token_full	groot_n15_dit_block_residual_full_tokens_denoise	"[""layer"",""denoise_step"",""model_token"",""feature_dim""]"	[7,4,49,1536]	[0,2,4,8,10,12,15]	n15_grid_v5_scenario	grid_coord	meta	meta_json	8daefeabf020/worker2/PPCC/marshmallow/s3/n4/base	3	3
8daefeabf020	worker2	PPCC/marshmallow	3	0	base	activation	0b64b86279a1c441	0b64b86279a1c441582d658f5ac6409c19d0c30ba4e0f68cec0d265ac01357eb	lerobot_groot_n15	n15	lerobot_groot_n15__robocasa365_ckpt120000		0	Pick the marshmallow from the counter and place it in the cabinet.	robocasa_panda_omron/PickPlaceCounterToCabinet_PandaOmron_Env	100424	1300000	0	1			5		1	all_token_full	groot_n15_dit_block_residual_full_tokens_denoise	"[""layer"",""denoise_step"",""model_token"",""feature_dim""]"	[7,4,49,1536]	[0,2,4,8,10,12,15]	n15_grid_v5_scenario	grid_coord	meta	meta_json	8daefeabf020/worker2/PPCC/marshmallow/s300/n0/base	300	0
8daefeabf020	worker2	PPCC/marshmallow	3	1	base	activation	7c7ef07d2a5750b3	7c7ef07d2a5750b301ff3ec7ae76ca2e5c059dbd5472d605dea56180b80e4db9	lerobot_groot_n15	n15	lerobot_groot_n15__robocasa365_ckpt120000		0	Pick the marshmallow from the counter and place it in the cabinet.	robocasa_panda_omron/PickPlaceCounterToCabinet_PandaOmron_Env	100424	1300001	0	1			5		1	all_token_full	groot_n15_dit_block_residual_full_tokens_denoise	"[""layer"",""denoise_step"",""model_token"",""feature_dim""]"	[7,4,49,1536]	[0,2,4,8,10,12,15]	n15_grid_v5_scenario	grid_coord	meta	meta_json	8daefeabf020/worker2/PPCC/marshmallow/s300/n1/base	300	0
8daefeabf020	worker2	PPCC/marshmallow	3	2	base	activation	a785289d7a8361ed	a785289d7a8361eda5ad393e3d83e3f83b316c756b619a9c0b61c99b7d376a2a	lerobot_groot_n15	n15	lerobot_groot_n15__robocasa365_ckpt120000		0	Pick the marshmallow from the counter and place it in the cabinet.	robocasa_panda_omron/PickPlaceCounterToCabinet_PandaOmron_Env	100424	1300002	0	1			5		1	all_token_full	groot_n15_dit_block_residual_full_tokens_denoise	"[""layer"",""denoise_step"",""model_token"",""feature_dim""]"	[7,4,49,1536]	[0,2,4,8,10,12,15]	n15_grid_v5_scenario	grid_coord	meta	meta_json	8daefeabf020/worker2/PPCC/marshmallow/s300/n2/base	300	0
8daefeabf020	worker2	PPCC/marshmallow	3	3	base	activation	81870e68ab1375bd	81870e68ab1375bd277020bf1fcb92ca994a8fb7619a3ecb0b3c2a52f2c6108c	lerobot_groot_n15	n15	lerobot_groot_n15__robocasa365_ckpt120000		0	Pick the marshmallow from the counter and place it in the cabinet.	robocasa_panda_omron/PickPlaceCounterToCabinet_PandaOmron_Env	100424	1300003	0	1			5		1	all_token_full	groot_n15_dit_block_residual_full_tokens_denoise	"[""layer"",""denoise_step"",""model_token"",""feature_dim""]"	[7,4,49,1536]	[0,2,4,8,10,12,15]	n15_grid_v5_scenario	grid_coord	meta	meta_json	8daefeabf020/worker2/PPCC/marshmallow/s300/n3/base	300	0
8daefeabf020	worker2	PPCC/marshmallow	3	4	base	activation	89639b921f4e57cc	89639b921f4e57ccfe8947f69c952577d552dd48fc388d6efad3349f2fd65068	lerobot_groot_n15	n15	lerobot_groot_n15__robocasa365_ckpt120000		0	Pick the marshmallow from the counter and place it in the cabinet.	robocasa_panda_omron/PickPlaceCounterToCabinet_PandaOmron_Env	100424	1300004	0	1			5		1	all_token_full	groot_n15_dit_block_residual_full_tokens_denoise	"[""layer"",""denoise_step"",""model_token"",""feature_dim""]"	[7,4,49,1536]	[0,2,4,8,10,12,15]	n15_grid_v5_scenario	grid_coord	meta	meta_json	8daefeabf020/worker2/PPCC/marshmallow/s300/n4/base	300	0
8daefeabf020	worker2	PPCC/marshmallow	3	0	base	activation	0a898e70a298c51a	0a898e70a298c51a57c2b702fc125abfc7e9f4c19adf138252b155a094f3783e	lerobot_groot_n15	n15	lerobot_groot_n15__robocasa365_ckpt120000		0	Pick the marshmallow from the counter and place it in the cabinet.	robocasa_panda_omron/PickPlaceCounterToCabinet_PandaOmron_Env	100424	1300000	0	1			5		1	all_token_full	groot_n15_dit_block_residual_full_tokens_denoise	"[""layer"",""denoise_step"",""model_token"",""feature_dim""]"	[7,4,49,1536]	[0,2,4,8,10,12,15]	n15_grid_v5_scenario	grid_coord	meta	meta_json	8daefeabf020/worker2/PPCC/marshmallow/s301/n0/base	301	1
8daefeabf020	worker2	PPCC/marshmallow	3	1	base	activation	738e6944b8a842e1	738e6944b8a842e1aa32502a32c9860b2e62a968236c50e0504de20510d44d5f	lerobot_groot_n15	n15	lerobot_groot_n15__robocasa365_ckpt120000		0	Pick the marshmallow from the counter and place it in the cabinet.	robocasa_panda_omron/PickPlaceCounterToCabinet_PandaOmron_Env	100424	1300001	0	1			5		1	all_token_full	groot_n15_dit_block_residual_full_tokens_denoise	"[""layer"",""denoise_step"",""model_token"",""feature_dim""]"	[7,4,49,1536]	[0,2,4,8,10,12,15]	n15_grid_v5_scenario	grid_coord	meta	meta_json	8daefeabf020/worker2/PPCC/marshmallow/s301/n1/base	301	1
8daefeabf020	worker2	PPCC/marshmallow	3	2	base	activation	29b18715237d37e0	29b18715237d37e09e9e58e2977e66f72d6ac02d56d5b2cffc48cf07603f9ae2	lerobot_groot_n15	n15	lerobot_groot_n15__robocasa365_ckpt120000		0	Pick the marshmallow from the counter and place it in the cabinet.	robocasa_panda_omron/PickPlaceCounterToCabinet_PandaOmron_Env	100424	1300002	0	1			5		1	all_token_full	groot_n15_dit_block_residual_full_tokens_denoise	"[""layer"",""denoise_step"",""model_token"",""feature_dim""]"	[7,4,49,1536]	[0,2,4,8,10,12,15]	n15_grid_v5_scenario	grid_coord	meta	meta_json	8daefeabf020/worker2/PPCC/marshmallow/s301/n2/base	301	1
8daefeabf020	worker2	PPCC/marshmallow	3	3	base	activation	6cb76aea6a9c80ab	6cb76aea6a9c80ab8cc36fbb5f2eadf55fd94e7de62a213c5763caffd2096923	lerobot_groot_n15	n15	lerobot_groot_n15__robocasa365_ckpt120000		0	Pick the marshmallow from the counter and place it in the cabinet.	robocasa_panda_omron/PickPlaceCounterToCabinet_PandaOmron_Env	100424	1300003	0	1			5		1	all_token_full	groot_n15_dit_block_residual_full_tokens_denoise	"[""layer"",""denoise_step"",""model_token"",""feature_dim""]"	[7,4,49,1536]	[0,2,4,8,10,12,15]	n15_grid_v5_scenario	grid_coord	meta	meta_json	8daefeabf020/worker2/PPCC/marshmallow/s301/n3/base	301	1
8daefeabf020	worker2	PPCC/marshmallow	3	4	base	activation	0823a11a257434d1	0823a11a257434d190469932ad5a0b37f12a569cd6a50a0aa34e5af70017a19f	lerobot_groot_n15	n15	lerobot_groot_n15__robocasa365_ckpt120000		0	Pick the marshmallow from the counter and place it in the cabinet.	robocasa_panda_omron/PickPlaceCounterToCabinet_PandaOmron_Env	100424	1300004	0	1			5		1	all_token_full	groot_n15_dit_block_residual_full_tokens_denoise	"[""layer"",""denoise_step"",""model_token"",""feature_dim""]"	[7,4,49,1536]	[0,2,4,8,10,12,15]	n15_grid_v5_scenario	grid_coord	meta	meta_json	8daefeabf020/worker2/PPCC/marshmallow/s301/n4/base	301	1
8daefeabf020	worker2	PPCC/marshmallow	3	0	base	activation	e5f3d294cb9adb08	e5f3d294cb9adb08e308582f13baa919d18a7a70a26876f215e1751da5b9dfc3	lerobot_groot_n15	n15	lerobot_groot_n15__robocasa365_ckpt120000		0	Pick the marshmallow from the counter and place it in the cabinet.	robocasa_panda_omron/PickPlaceCounterToCabinet_PandaOmron_Env	100424	1300000	0	0			5		1	all_token_full	groot_n15_dit_block_residual_full_tokens_denoise	"[""layer"",""denoise_step"",""model_token"",""feature_dim""]"	[7,4,49,1536]	[0,2,4,8,10,12,15]	n15_grid_v5_scenario	grid_coord	meta	meta_json	8daefeabf020/worker2/PPCC/marshmallow/s302/n0/base	302	2
8daefeabf020	worker2	PPCC/marshmallow	3	1	base	activation	1be09cc49de3c761	1be09cc49de3c7618fb5d495ab8d9a00fbbde5aed2d0f1f3cd21acf3e47d6526	lerobot_groot_n15	n15	lerobot_groot_n15__robocasa365_ckpt120000		0	Pick the marshmallow from the counter and place it in the cabinet.	robocasa_panda_omron/PickPlaceCounterToCabinet_PandaOmron_Env	100424	1300001	0	0			5		1	all_token_full	groot_n15_dit_block_residual_full_tokens_denoise	"[""layer"",""denoise_step"",""model_token"",""feature_dim""]"	[7,4,49,1536]	[0,2,4,8,10,12,15]	n15_grid_v5_scenario	grid_coord	meta	meta_json	8daefeabf020/worker2/PPCC/marshmallow/s302/n1/base	302	2
8daefeabf020	worker2	PPCC/marshmallow	3	2	base	activation	1077aa953831dc95	1077aa953831dc9512b01ab8630c59f280ab845d2ddeb52e89831a74d0e48a60	lerobot_groot_n15	n15	lerobot_groot_n15__robocasa365_ckpt120000		0	Pick the marshmallow from the counter and place it in the cabinet.	robocasa_panda_omron/PickPlaceCounterToCabinet_PandaOmron_Env	100424	1300002	0	0			5		1	all_token_full	groot_n15_dit_block_residual_full_tokens_denoise	"[""layer"",""denoise_step"",""model_token"",""feature_dim""]"	[7,4,49,1536]	[0,2,4,8,10,12,15]	n15_grid_v5_scenario	grid_coord	meta	meta_json	8daefeabf020/worker2/PPCC/marshmallow/s302/n2/base	302	2
8daefeabf020	worker2	PPCC/marshmallow	3	3	base	activation	001ce0a43fd224c9	001ce0a43fd224c910b81d06ca8f9d42338a4745e42ef29382f25ac7e3fc582a	lerobot_groot_n15	n15	lerobot_groot_n15__robocasa365_ckpt120000		0	Pick the marshmallow from the counter and place it in the cabinet.	robocasa_panda_omron/PickPlaceCounterToCabinet_PandaOmron_Env	100424	1300003	0	0			5		1	all_token_full	groot_n15_dit_block_residual_full_tokens_denoise	"[""layer"",""denoise_step"",""model_token"",""feature_dim""]"	[7,4,49,1536]	[0,2,4,8,10,12,15]	n15_grid_v5_scenario	grid_coord	meta	meta_json	8daefeabf020/worker2/PPCC/marshmallow/s302/n3/base	302	2
8daefeabf020	worker2	PPCC/marshmallow	3	4	base	activation	aa61f430e7035b73	aa61f430e7035b7378de5d2ce3e266ca36586f85c269513e738d3bfab0ca4f11	lerobot_groot_n15	n15	lerobot_groot_n15__robocasa365_ckpt120000		0	Pick the marshmallow from the counter and place it in the cabinet.	robocasa_panda_omron/PickPlaceCounterToCabinet_PandaOmron_Env	100424	1300004	0	0			5		1	all_token_full	groot_n15_dit_block_residual_full_tokens_denoise	"[""layer"",""denoise_step"",""model_token"",""feature_dim""]"	[7,4,49,1536]	[0,2,4,8,10,12,15]	n15_grid_v5_scenario	grid_coord	meta	meta_json	8daefeabf020/worker2/PPCC/marshmallow/s302/n4/base	302	2
8daefeabf020	worker2	PPCC/marshmallow	3	0	base	activation	f0857d3528b6e32b	f0857d3528b6e32b5a2054d5300c2111441e29099f0039b826e51c410dc6b0fd	lerobot_groot_n15	n15	lerobot_groot_n15__robocasa365_ckpt120000		0	Pick the marshmallow from the counter and place it in the cabinet.	robocasa_panda_omron/PickPlaceCounterToCabinet_PandaOmron_Env	100424	1300000	0	0			5		1	all_token_full	groot_n15_dit_block_residual_full_tokens_denoise	"[""layer"",""denoise_step"",""model_token"",""feature_dim""]"	[7,4,49,1536]	[0,2,4,8,10,12,15]	n15_grid_v5_scenario	grid_coord	meta	meta_json	8daefeabf020/worker2/PPCC/marshmallow/s303/n0/base	303	3
8daefeabf020	worker2	PPCC/marshmallow	3	1	base	activation	2d1bb01d7e145da0	2d1bb01d7e145da0c1fcdcc3ddf3472f453355ebf025eb725bc3d1cb308b108a	lerobot_groot_n15	n15	lerobot_groot_n15__robocasa365_ckpt120000		0	Pick the marshmallow from the counter and place it in the cabinet.	robocasa_panda_omron/PickPlaceCounterToCabinet_PandaOmron_Env	100424	1300001	0	0			5		1	all_token_full	groot_n15_dit_block_residual_full_tokens_denoise	"[""layer"",""denoise_step"",""model_token"",""feature_dim""]"	[7,4,49,1536]	[0,2,4,8,10,12,15]	n15_grid_v5_scenario	grid_coord	meta	meta_json	8daefeabf020/worker2/PPCC/marshmallow/s303/n1/base	303	3
8daefeabf020	worker2	PPCC/marshmallow	3	2	base	activation	3965ee45de4731cb	3965ee45de4731cb554c09ba7cb154ac514ae7da208438156c35033081c5bf01	lerobot_groot_n15	n15	lerobot_groot_n15__robocasa365_ckpt120000		0	Pick the marshmallow from the counter and place it in the cabinet.	robocasa_panda_omron/PickPlaceCounterToCabinet_PandaOmron_Env	100424	1300002	0	0			5		1	all_token_full	groot_n15_dit_block_residual_full_tokens_denoise	"[""layer"",""denoise_step"",""model_token"",""feature_dim""]"	[7,4,49,1536]	[0,2,4,8,10,12,15]	n15_grid_v5_scenario	grid_coord	meta	meta_json	8daefeabf020/worker2/PPCC/marshmallow/s303/n2/base	303	3
8daefeabf020	worker2	PPCC/marshmallow	3	3	base	activation	acf71ea82be972a4	acf71ea82be972a4fc8f67e59090261fa792f45817caf5aba65fdac5107d4c90	lerobot_groot_n15	n15	lerobot_groot_n15__robocasa365_ckpt120000		0	Pick the marshmallow from the counter and place it in the cabinet.	robocasa_panda_omron/PickPlaceCounterToCabinet_PandaOmron_Env	100424	1300003	0	0			5		1	all_token_full	groot_n15_dit_block_residual_full_tokens_denoise	"[""layer"",""denoise_step"",""model_token"",""feature_dim""]"	[7,4,49,1536]	[0,2,4,8,10,12,15]	n15_grid_v5_scenario	grid_coord	meta	meta_json	8daefeabf020/worker2/PPCC/marshmallow/s303/n3/base	303	3
8daefeabf020	worker2	PPCC/marshmallow	3	4	base	activation	793f77fe01cd9549	793f77fe01cd9549e2fb647bcd8f40f26ec04440719070870aa44cf76f6c63df	lerobot_groot_n15	n15	lerobot_groot_n15__robocasa365_ckpt120000		0	Pick the marshmallow from the counter and place it in the cabinet.	robocasa_panda_omron/PickPlaceCounterToCabinet_PandaOmron_Env	100424	1300004	0	0			5		1	all_token_full	groot_n15_dit_block_residual_full_tokens_denoise	"[""layer"",""denoise_step"",""model_token"",""feature_dim""]"	[7,4,49,1536]	[0,2,4,8,10,12,15]	n15_grid_v5_scenario	grid_coord	meta	meta_json	8daefeabf020/worker2/PPCC/marshmallow/s303/n4/base	303	3
8daefeabf020	worker2	PPCC/marshmallow	3	0	base	activation	cff35cc0ec3af78c	cff35cc0ec3af78c47b6155ef9a6bd8fd34c73a21a0c9900c1a915fc16051e01	lerobot_groot_n15	n15	lerobot_groot_n15__robocasa365_ckpt120000		0	Pick the marshmallow from the counter and place it in the cabinet.	robocasa_panda_omron/PickPlaceCounterToCabinet_PandaOmron_Env	100424	1300000	0	0			5		1	all_token_full	groot_n15_dit_block_residual_full_tokens_denoise	"[""layer"",""denoise_step"",""model_token"",""feature_dim""]"	[7,4,49,1536]	[0,2,4,8,10,12,15]	n15_grid_v5_scenario	grid_coord	meta	meta_json	8daefeabf020/worker2/PPCC/marshmallow/s304/n0/base	304	4
8daefeabf020	worker2	PPCC/marshmallow	3	1	base	activation	b374915c20a321cd	b374915c20a321cded83dc569fcc61982b0b3af40fa58368fdd82705d95f88cb	lerobot_groot_n15	n15	lerobot_groot_n15__robocasa365_ckpt120000		0	Pick the marshmallow from the counter and place it in the cabinet.	robocasa_panda_omron/PickPlaceCounterToCabinet_PandaOmron_Env	100424	1300001	0	0			5		1	all_token_full	groot_n15_dit_block_residual_full_tokens_denoise	"[""layer"",""denoise_step"",""model_token"",""feature_dim""]"	[7,4,49,1536]	[0,2,4,8,10,12,15]	n15_grid_v5_scenario	grid_coord	meta	meta_json	8daefeabf020/worker2/PPCC/marshmallow/s304/n1/base	304	4
8daefeabf020	worker2	PPCC/marshmallow	3	2	base	activation	e794d7734bac2253	e794d7734bac22539baf22ec3fe3ed3dadc4c964eddacf50ae6b51d7f92aa27c	lerobot_groot_n15	n15	lerobot_groot_n15__robocasa365_ckpt120000		0	Pick the marshmallow from the counter and place it in the cabinet.	robocasa_panda_omron/PickPlaceCounterToCabinet_PandaOmron_Env	100424	1300002	0	1			5		1	all_token_full	groot_n15_dit_block_residual_full_tokens_denoise	"[""layer"",""denoise_step"",""model_token"",""feature_dim""]"	[7,4,49,1536]	[0,2,4,8,10,12,15]	n15_grid_v5_scenario	grid_coord	meta	meta_json	8daefeabf020/worker2/PPCC/marshmallow/s304/n2/base	304	4
8daefeabf020	worker2	PPCC/marshmallow	3	3	base	activation	569d815d2348aef5	569d815d2348aef551a954b04dc5cf5057d0a38ef67d019c7a0d7f40b87bd0e3	lerobot_groot_n15	n15	lerobot_groot_n15__robocasa365_ckpt120000		0	Pick the marshmallow from the counter and place it in the cabinet.	robocasa_panda_omron/PickPlaceCounterToCabinet_PandaOmron_Env	100424	1300003	0	0			5		1	all_token_full	groot_n15_dit_block_residual_full_tokens_denoise	"[""layer"",""denoise_step"",""model_token"",""feature_dim""]"	[7,4,49,1536]	[0,2,4,8,10,12,15]	n15_grid_v5_scenario	grid_coord	meta	meta_json	8daefeabf020/worker2/PPCC/marshmallow/s304/n3/base	304	4
8daefeabf020	worker2	PPCC/marshmallow	3	4	base	activation	6f24e651b291f8a1	6f24e651b291f8a12a0257eca51777df6aae72f4d3663b8bdffc9ce563eb44f9	lerobot_groot_n15	n15	lerobot_groot_n15__robocasa365_ckpt120000		0	Pick the marshmallow from the counter and place it in the cabinet.	robocasa_panda_omron/PickPlaceCounterToCabinet_PandaOmron_Env	100424	1300004	0	0			5		1	all_token_full	groot_n15_dit_block_residual_full_tokens_denoise	"[""layer"",""denoise_step"",""model_token"",""feature_dim""]"	[7,4,49,1536]	[0,2,4,8,10,12,15]	n15_grid_v5_scenario	grid_coord	meta	meta_json	8daefeabf020/worker2/PPCC/marshmallow/s304/n4/base	304	4
8daefeabf020	worker2	PPCC/marshmallow	0	0	base	activation	3de0ad0659a6713c	3de0ad0659a6713c3124bcc3bdfb019ccadea9041892fe215657187efa0c92c8	lerobot_groot_n15	n15	lerobot_groot_n15__robocasa365_ckpt120000		0	Pick the marshmallow from the counter and place it in the cabinet.	robocasa_panda_omron/PickPlaceCounterToCabinet_PandaOmron_Env	100007	1300000	0	1			5		1	all_token_full	groot_n15_dit_block_residual_full_tokens_denoise	"[""layer"",""denoise_step"",""model_token"",""feature_dim""]"	[7,4,49,1536]	[0,2,4,8,10,12,15]	n15_grid_v5_scenario	grid_coord	meta	meta_json	8daefeabf020/worker2/PPCC/marshmallow/s4/n0/base	4	4
8daefeabf020	worker2	PPCC/marshmallow	0	1	base	activation	7d7c276a161d5af9	7d7c276a161d5af99089f6edee43f5a1c288929130445bebd513bb55d00fdf37	lerobot_groot_n15	n15	lerobot_groot_n15__robocasa365_ckpt120000		0	Pick the marshmallow from the counter and place it in the cabinet.	robocasa_panda_omron/PickPlaceCounterToCabinet_PandaOmron_Env	100007	1300001	0	1			5		1	all_token_full	groot_n15_dit_block_residual_full_tokens_denoise	"[""layer"",""denoise_step"",""model_token"",""feature_dim""]"	[7,4,49,1536]	[0,2,4,8,10,12,15]	n15_grid_v5_scenario	grid_coord	meta	meta_json	8daefeabf020/worker2/PPCC/marshmallow/s4/n1/base	4	4
8daefeabf020	worker2	PPCC/marshmallow	0	2	base	activation	1d9e9fd8b2ca069d	1d9e9fd8b2ca069d4ae64d1899df0798b012d2184d3f89b7316522bc67c36fea	lerobot_groot_n15	n15	lerobot_groot_n15__robocasa365_ckpt120000		0	Pick the marshmallow from the counter and place it in the cabinet.	robocasa_panda_omron/PickPlaceCounterToCabinet_PandaOmron_Env	100007	1300002	0	1			5		1	all_token_full	groot_n15_dit_block_residual_full_tokens_denoise	"[""layer"",""denoise_step"",""model_token"",""feature_dim""]"	[7,4,49,1536]	[0,2,4,8,10,12,15]	n15_grid_v5_scenario	grid_coord	meta	meta_json	8daefeabf020/worker2/PPCC/marshmallow/s4/n2/base	4	4
8daefeabf020	worker2	PPCC/marshmallow	0	3	base	activation	70f646ca617163c3	70f646ca617163c3f4480d5f9d38260a89b7ae7ac6890a524a4a20b6eef8aa31	lerobot_groot_n15	n15	lerobot_groot_n15__robocasa365_ckpt120000		0	Pick the marshmallow from the counter and place it in the cabinet.	robocasa_panda_omron/PickPlaceCounterToCabinet_PandaOmron_Env	100007	1300003	0	1			5		1	all_token_full	groot_n15_dit_block_residual_full_tokens_denoise	"[""layer"",""denoise_step"",""model_token"",""feature_dim""]"	[7,4,49,1536]	[0,2,4,8,10,12,15]	n15_grid_v5_scenario	grid_coord	meta	meta_json	8daefeabf020/worker2/PPCC/marshmallow/s4/n3/base	4	4
8daefeabf020	worker2	PPCC/marshmallow	0	4	base	activation	fe81a0b4b5288d51	fe81a0b4b5288d51994046b93b93bf541b7e88859229170d8b0c780354be9a91	lerobot_groot_n15	n15	lerobot_groot_n15__robocasa365_ckpt120000		0	Pick the marshmallow from the counter and place it in the cabinet.	robocasa_panda_omron/PickPlaceCounterToCabinet_PandaOmron_Env	100007	1300004	0	0			5		1	all_token_full	groot_n15_dit_block_residual_full_tokens_denoise	"[""layer"",""denoise_step"",""model_token"",""feature_dim""]"	[7,4,49,1536]	[0,2,4,8,10,12,15]	n15_grid_v5_scenario	grid_coord	meta	meta_json	8daefeabf020/worker2/PPCC/marshmallow/s4/n4/base	4	4
8daefeabf020	worker2	PPCC/marshmallow	4	0	base	activation	c4a55a805a917c46	c4a55a805a917c464e15ee9962b80dda9e1790b7bb72fc6839997cb0259c29ec	lerobot_groot_n15	n15	lerobot_groot_n15__robocasa365_ckpt120000		0	Pick the marshmallow from the counter and place it in the cabinet.	robocasa_panda_omron/PickPlaceCounterToCabinet_PandaOmron_Env	100553	1300000	0	0			5		1	all_token_full	groot_n15_dit_block_residual_full_tokens_denoise	"[""layer"",""denoise_step"",""model_token"",""feature_dim""]"	[7,4,49,1536]	[0,2,4,8,10,12,15]	n15_grid_v5_scenario	grid_coord	meta	meta_json	8daefeabf020/worker2/PPCC/marshmallow/s400/n0/base	400	0
8daefeabf020	worker2	PPCC/marshmallow	4	1	base	activation	68c03853ed49828d	68c03853ed49828d4b98880f7ea55ce369f0901c4dc8b778c0ab418eb0d29641	lerobot_groot_n15	n15	lerobot_groot_n15__robocasa365_ckpt120000		0	Pick the marshmallow from the counter and place it in the cabinet.	robocasa_panda_omron/PickPlaceCounterToCabinet_PandaOmron_Env	100553	1300001	0	0			5		1	all_token_full	groot_n15_dit_block_residual_full_tokens_denoise	"[""layer"",""denoise_step"",""model_token"",""feature_dim""]"	[7,4,49,1536]	[0,2,4,8,10,12,15]	n15_grid_v5_scenario	grid_coord	meta	meta_json	8daefeabf020/worker2/PPCC/marshmallow/s400/n1/base	400	0
8daefeabf020	worker2	PPCC/marshmallow	4	2	base	activation	3d53f9789bb256c5	3d53f9789bb256c51dc5d6a2ee9ea27ef4dd5c4d0681090422f0f505a514bbfb	lerobot_groot_n15	n15	lerobot_groot_n15__robocasa365_ckpt120000		0	Pick the marshmallow from the counter and place it in the cabinet.	robocasa_panda_omron/PickPlaceCounterToCabinet_PandaOmron_Env	100553	1300002	0	0			5		1	all_token_full	groot_n15_dit_block_residual_full_tokens_denoise	"[""layer"",""denoise_step"",""model_token"",""feature_dim""]"	[7,4,49,1536]	[0,2,4,8,10,12,15]	n15_grid_v5_scenario	grid_coord	meta	meta_json	8daefeabf020/worker2/PPCC/marshmallow/s400/n2/base	400	0
8daefeabf020	worker2	PPCC/marshmallow	4	3	base	activation	93a7cdae08c99e61	93a7cdae08c99e618a39406d60b9b93cd900d812be592b39708dee38f47f57f1	lerobot_groot_n15	n15	lerobot_groot_n15__robocasa365_ckpt120000		0	Pick the marshmallow from the counter and place it in the cabinet.	robocasa_panda_omron/PickPlaceCounterToCabinet_PandaOmron_Env	100553	1300003	0	0			5		1	all_token_full	groot_n15_dit_block_residual_full_tokens_denoise	"[""layer"",""denoise_step"",""model_token"",""feature_dim""]"	[7,4,49,1536]	[0,2,4,8,10,12,15]	n15_grid_v5_scenario	grid_coord	meta	meta_json	8daefeabf020/worker2/PPCC/marshmallow/s400/n3/base	400	0
8daefeabf020	worker2	PPCC/marshmallow	4	4	base	activation	c86f008eab6a71f3	c86f008eab6a71f3acc186f259381d2cfa86cf4fe41b2987c53f6afdfb3676c5	lerobot_groot_n15	n15	lerobot_groot_n15__robocasa365_ckpt120000		0	Pick the marshmallow from the counter and place it in the cabinet.	robocasa_panda_omron/PickPlaceCounterToCabinet_PandaOmron_Env	100553	1300004	0	0			5		1	all_token_full	groot_n15_dit_block_residual_full_tokens_denoise	"[""layer"",""denoise_step"",""model_token"",""feature_dim""]"	[7,4,49,1536]	[0,2,4,8,10,12,15]	n15_grid_v5_scenario	grid_coord	meta	meta_json	8daefeabf020/worker2/PPCC/marshmallow/s400/n4/base	400	0
8daefeabf020	worker2	PPCC/marshmallow	4	0	base	activation	6e401fca0380593b	6e401fca0380593bcecc7ffa720ee562fb8d8294d71058d9b8ff6c76775b657c	lerobot_groot_n15	n15	lerobot_groot_n15__robocasa365_ckpt120000		0	Pick the marshmallow from the counter and place it in the cabinet.	robocasa_panda_omron/PickPlaceCounterToCabinet_PandaOmron_Env	100553	1300000	0	1			5		1	all_token_full	groot_n15_dit_block_residual_full_tokens_denoise	"[""layer"",""denoise_step"",""model_token"",""feature_dim""]"	[7,4,49,1536]	[0,2,4,8,10,12,15]	n15_grid_v5_scenario	grid_coord	meta	meta_json	8daefeabf020/worker2/PPCC/marshmallow/s401/n0/base	401	1
8daefeabf020	worker2	PPCC/marshmallow	4	1	base	activation	80c96f92f1d32d58	80c96f92f1d32d5844e6f667b76bd1c2e97a9a35e737e2400080600af6b57fb6	lerobot_groot_n15	n15	lerobot_groot_n15__robocasa365_ckpt120000		0	Pick the marshmallow from the counter and place it in the cabinet.	robocasa_panda_omron/PickPlaceCounterToCabinet_PandaOmron_Env	100553	1300001	0	1			5		1	all_token_full	groot_n15_dit_block_residual_full_tokens_denoise	"[""layer"",""denoise_step"",""model_token"",""feature_dim""]"	[7,4,49,1536]	[0,2,4,8,10,12,15]	n15_grid_v5_scenario	grid_coord	meta	meta_json	8daefeabf020/worker2/PPCC/marshmallow/s401/n1/base	401	1
8daefeabf020	worker2	PPCC/marshmallow	4	2	base	activation	5077fd7ddccf14f5	5077fd7ddccf14f58da18978822ca6c50be4332f188640999e003674bc4bd99d	lerobot_groot_n15	n15	lerobot_groot_n15__robocasa365_ckpt120000		0	Pick the marshmallow from the counter and place it in the cabinet.	robocasa_panda_omron/PickPlaceCounterToCabinet_PandaOmron_Env	100553	1300002	0	1			5		1	all_token_full	groot_n15_dit_block_residual_full_tokens_denoise	"[""layer"",""denoise_step"",""model_token"",""feature_dim""]"	[7,4,49,1536]	[0,2,4,8,10,12,15]	n15_grid_v5_scenario	grid_coord	meta	meta_json	8daefeabf020/worker2/PPCC/marshmallow/s401/n2/base	401	1
8daefeabf020	worker2	PPCC/marshmallow	4	3	base	activation	26ae48fead2c01dc	26ae48fead2c01dc883db41b22d6ddb9ce63f590433ceef03ffc34d01afab1d8	lerobot_groot_n15	n15	lerobot_groot_n15__robocasa365_ckpt120000		0	Pick the marshmallow from the counter and place it in the cabinet.	robocasa_panda_omron/PickPlaceCounterToCabinet_PandaOmron_Env	100553	1300003	0	0			5		1	all_token_full	groot_n15_dit_block_residual_full_tokens_denoise	"[""layer"",""denoise_step"",""model_token"",""feature_dim""]"	[7,4,49,1536]	[0,2,4,8,10,12,15]	n15_grid_v5_scenario	grid_coord	meta	meta_json	8daefeabf020/worker2/PPCC/marshmallow/s401/n3/base	401	1
8daefeabf020	worker2	PPCC/marshmallow	4	4	base	activation	824af3c56f63c1c3	824af3c56f63c1c3283889f0970d5027bb201eb2439bb975e42d400532e76638	lerobot_groot_n15	n15	lerobot_groot_n15__robocasa365_ckpt120000		0	Pick the marshmallow from the counter and place it in the cabinet.	robocasa_panda_omron/PickPlaceCounterToCabinet_PandaOmron_Env	100553	1300004	0	1			5		1	all_token_full	groot_n15_dit_block_residual_full_tokens_denoise	"[""layer"",""denoise_step"",""model_token"",""feature_dim""]"	[7,4,49,1536]	[0,2,4,8,10,12,15]	n15_grid_v5_scenario	grid_coord	meta	meta_json	8daefeabf020/worker2/PPCC/marshmallow/s401/n4/base	401	1
8daefeabf020	worker2	PPCC/marshmallow	4	0	base	activation	c382a5f97973ad72	c382a5f97973ad7254d33c40b5acae2ede797e97e246a35ad873004bf92901e3	lerobot_groot_n15	n15	lerobot_groot_n15__robocasa365_ckpt120000		0	Pick the marshmallow from the counter and place it in the cabinet.	robocasa_panda_omron/PickPlaceCounterToCabinet_PandaOmron_Env	100553	1300000	0	1			5		1	all_token_full	groot_n15_dit_block_residual_full_tokens_denoise	"[""layer"",""denoise_step"",""model_token"",""feature_dim""]"	[7,4,49,1536]	[0,2,4,8,10,12,15]	n15_grid_v5_scenario	grid_coord	meta	meta_json	8daefeabf020/worker2/PPCC/marshmallow/s402/n0/base	402	2
8daefeabf020	worker2	PPCC/marshmallow	4	1	base	activation	81ff2e367b6e5a45	81ff2e367b6e5a45448aee61e51568fbad1e80c15d903c80bb8db0d56f660883	lerobot_groot_n15	n15	lerobot_groot_n15__robocasa365_ckpt120000		0	Pick the marshmallow from the counter and place it in the cabinet.	robocasa_panda_omron/PickPlaceCounterToCabinet_PandaOmron_Env	100553	1300001	0	1			5		1	all_token_full	groot_n15_dit_block_residual_full_tokens_denoise	"[""layer"",""denoise_step"",""model_token"",""feature_dim""]"	[7,4,49,1536]	[0,2,4,8,10,12,15]	n15_grid_v5_scenario	grid_coord	meta	meta_json	8daefeabf020/worker2/PPCC/marshmallow/s402/n1/base	402	2
8daefeabf020	worker2	PPCC/marshmallow	4	2	base	activation	3fe6e95b67274871	3fe6e95b672748716ed61fe7249f47a40e9d5456040d425560e56132364611d0	lerobot_groot_n15	n15	lerobot_groot_n15__robocasa365_ckpt120000		0	Pick the marshmallow from the counter and place it in the cabinet.	robocasa_panda_omron/PickPlaceCounterToCabinet_PandaOmron_Env	100553	1300002	0	1			5		1	all_token_full	groot_n15_dit_block_residual_full_tokens_denoise	"[""layer"",""denoise_step"",""model_token"",""feature_dim""]"	[7,4,49,1536]	[0,2,4,8,10,12,15]	n15_grid_v5_scenario	grid_coord	meta	meta_json	8daefeabf020/worker2/PPCC/marshmallow/s402/n2/base	402	2
8daefeabf020	worker2	PPCC/marshmallow	4	3	base	activation	d7a141112546c5b5	d7a141112546c5b5c3de7d358bb656a674e145f8e090b3d4c011c89376202362	lerobot_groot_n15	n15	lerobot_groot_n15__robocasa365_ckpt120000		0	Pick the marshmallow from the counter and place it in the cabinet.	robocasa_panda_omron/PickPlaceCounterToCabinet_PandaOmron_Env	100553	1300003	0	1			5		1	all_token_full	groot_n15_dit_block_residual_full_tokens_denoise	"[""layer"",""denoise_step"",""model_token"",""feature_dim""]"	[7,4,49,1536]	[0,2,4,8,10,12,15]	n15_grid_v5_scenario	grid_coord	meta	meta_json	8daefeabf020/worker2/PPCC/marshmallow/s402/n3/base	402	2
8daefeabf020	worker2	PPCC/marshmallow	4	4	base	activation	a37e4b2ef984e736	a37e4b2ef984e73667216e8ac55beeb87c732c02244ae07ec2f833319f07208c	lerobot_groot_n15	n15	lerobot_groot_n15__robocasa365_ckpt120000		0	Pick the marshmallow from the counter and place it in the cabinet.	robocasa_panda_omron/PickPlaceCounterToCabinet_PandaOmron_Env	100553	1300004	0	1			5		1	all_token_full	groot_n15_dit_block_residual_full_tokens_denoise	"[""layer"",""denoise_step"",""model_token"",""feature_dim""]"	[7,4,49,1536]	[0,2,4,8,10,12,15]	n15_grid_v5_scenario	grid_coord	meta	meta_json	8daefeabf020/worker2/PPCC/marshmallow/s402/n4/base	402	2
8daefeabf020	worker2	PPCC/marshmallow	4	0	base	activation	c62c23c930982a2f	c62c23c930982a2f53c3f1e732c4dbc2e289beb42ebfde786b4aced237edd53f	lerobot_groot_n15	n15	lerobot_groot_n15__robocasa365_ckpt120000		0	Pick the marshmallow from the counter and place it in the cabinet.	robocasa_panda_omron/PickPlaceCounterToCabinet_PandaOmron_Env	100553	1300000	0	1			5		1	all_token_full	groot_n15_dit_block_residual_full_tokens_denoise	"[""layer"",""denoise_step"",""model_token"",""feature_dim""]"	[7,4,49,1536]	[0,2,4,8,10,12,15]	n15_grid_v5_scenario	grid_coord	meta	meta_json	8daefeabf020/worker2/PPCC/marshmallow/s403/n0/base	403	3
8daefeabf020	worker2	PPCC/marshmallow	4	1	base	activation	d394bb9c021f2473	d394bb9c021f24731f1678f6052259be0c0e9478aae9c1da407ad6d3bf5f506e	lerobot_groot_n15	n15	lerobot_groot_n15__robocasa365_ckpt120000		0	Pick the marshmallow from the counter and place it in the cabinet.	robocasa_panda_omron/PickPlaceCounterToCabinet_PandaOmron_Env	100553	1300001	0	1			5		1	all_token_full	groot_n15_dit_block_residual_full_tokens_denoise	"[""layer"",""denoise_step"",""model_token"",""feature_dim""]"	[7,4,49,1536]	[0,2,4,8,10,12,15]	n15_grid_v5_scenario	grid_coord	meta	meta_json	8daefeabf020/worker2/PPCC/marshmallow/s403/n1/base	403	3
8daefeabf020	worker2	PPCC/marshmallow	4	2	base	activation	1371dcb69011bb29	1371dcb69011bb299dcbbd0528bbffe3dbdd76502e6a4aecf27a409daed006b4	lerobot_groot_n15	n15	lerobot_groot_n15__robocasa365_ckpt120000		0	Pick the marshmallow from the counter and place it in the cabinet.	robocasa_panda_omron/PickPlaceCounterToCabinet_PandaOmron_Env	100553	1300002	0	1			5		1	all_token_full	groot_n15_dit_block_residual_full_tokens_denoise	"[""layer"",""denoise_step"",""model_token"",""feature_dim""]"	[7,4,49,1536]	[0,2,4,8,10,12,15]	n15_grid_v5_scenario	grid_coord	meta	meta_json	8daefeabf020/worker2/PPCC/marshmallow/s403/n2/base	403	3
8daefeabf020	worker2	PPCC/marshmallow	4	3	base	activation	3fc2fd7486fe8d06	3fc2fd7486fe8d069c0c48a37db5badee3af97149d6c380e489793b98fc6ad8c	lerobot_groot_n15	n15	lerobot_groot_n15__robocasa365_ckpt120000		0	Pick the marshmallow from the counter and place it in the cabinet.	robocasa_panda_omron/PickPlaceCounterToCabinet_PandaOmron_Env	100553	1300003	0	1			5		1	all_token_full	groot_n15_dit_block_residual_full_tokens_denoise	"[""layer"",""denoise_step"",""model_token"",""feature_dim""]"	[7,4,49,1536]	[0,2,4,8,10,12,15]	n15_grid_v5_scenario	grid_coord	meta	meta_json	8daefeabf020/worker2/PPCC/marshmallow/s403/n3/base	403	3
8daefeabf020	worker2	PPCC/marshmallow	4	4	base	activation	093b85a96548cda9	093b85a96548cda9a88e5b8e382a6485c8a658884df03a87b219d92590c0ba26	lerobot_groot_n15	n15	lerobot_groot_n15__robocasa365_ckpt120000		0	Pick the marshmallow from the counter and place it in the cabinet.	robocasa_panda_omron/PickPlaceCounterToCabinet_PandaOmron_Env	100553	1300004	0	1			5		1	all_token_full	groot_n15_dit_block_residual_full_tokens_denoise	"[""layer"",""denoise_step"",""model_token"",""feature_dim""]"	[7,4,49,1536]	[0,2,4,8,10,12,15]	n15_grid_v5_scenario	grid_coord	meta	meta_json	8daefeabf020/worker2/PPCC/marshmallow/s403/n4/base	403	3
8daefeabf020	worker2	PPCC/marshmallow	4	0	base	activation	70b04514e5c74b05	70b04514e5c74b05a2b8596a0ad12ba8ff002fdc600332b5ce9a670fa0c9d284	lerobot_groot_n15	n15	lerobot_groot_n15__robocasa365_ckpt120000		0	Pick the marshmallow from the counter and place it in the cabinet.	robocasa_panda_omron/PickPlaceCounterToCabinet_PandaOmron_Env	100553	1300000	0	1			5		1	all_token_full	groot_n15_dit_block_residual_full_tokens_denoise	"[""layer"",""denoise_step"",""model_token"",""feature_dim""]"	[7,4,49,1536]	[0,2,4,8,10,12,15]	n15_grid_v5_scenario	grid_coord	meta	meta_json	8daefeabf020/worker2/PPCC/marshmallow/s404/n0/base	404	4
8daefeabf020	worker2	PPCC/marshmallow	4	1	base	activation	00ea7b992d2cf894	00ea7b992d2cf894c293977d8472f7a874cb7296f30b5359e4fd397bfba5bf5f	lerobot_groot_n15	n15	lerobot_groot_n15__robocasa365_ckpt120000		0	Pick the marshmallow from the counter and place it in the cabinet.	robocasa_panda_omron/PickPlaceCounterToCabinet_PandaOmron_Env	100553	1300001	0	1			5		1	all_token_full	groot_n15_dit_block_residual_full_tokens_denoise	"[""layer"",""denoise_step"",""model_token"",""feature_dim""]"	[7,4,49,1536]	[0,2,4,8,10,12,15]	n15_grid_v5_scenario	grid_coord	meta	meta_json	8daefeabf020/worker2/PPCC/marshmallow/s404/n1/base	404	4
8daefeabf020	worker2	PPCC/marshmallow	4	2	base	activation	65653cd2da2ed64e	65653cd2da2ed64e0b17286265bbb352ce5f6838336d7644d11c671fcef4fd1c	lerobot_groot_n15	n15	lerobot_groot_n15__robocasa365_ckpt120000		0	Pick the marshmallow from the counter and place it in the cabinet.	robocasa_panda_omron/PickPlaceCounterToCabinet_PandaOmron_Env	100553	1300002	0	1			5		1	all_token_full	groot_n15_dit_block_residual_full_tokens_denoise	"[""layer"",""denoise_step"",""model_token"",""feature_dim""]"	[7,4,49,1536]	[0,2,4,8,10,12,15]	n15_grid_v5_scenario	grid_coord	meta	meta_json	8daefeabf020/worker2/PPCC/marshmallow/s404/n2/base	404	4
8daefeabf020	worker2	PPCC/marshmallow	4	3	base	activation	58e0e50b32147651	58e0e50b321476513050eba1d3497798f20b1d4525b29fb0d88ee9de1d7ca3c4	lerobot_groot_n15	n15	lerobot_groot_n15__robocasa365_ckpt120000		0	Pick the marshmallow from the counter and place it in the cabinet.	robocasa_panda_omron/PickPlaceCounterToCabinet_PandaOmron_Env	100553	1300003	0	1			5		1	all_token_full	groot_n15_dit_block_residual_full_tokens_denoise	"[""layer"",""denoise_step"",""model_token"",""feature_dim""]"	[7,4,49,1536]	[0,2,4,8,10,12,15]	n15_grid_v5_scenario	grid_coord	meta	meta_json	8daefeabf020/worker2/PPCC/marshmallow/s404/n3/base	404	4
8daefeabf020	worker2	PPCC/marshmallow	4	4	base	activation	160ace116f0d0af4	160ace116f0d0af4dd476bd07b7ab289487d78c2d694442154ca1f76e595eae7	lerobot_groot_n15	n15	lerobot_groot_n15__robocasa365_ckpt120000		0	Pick the marshmallow from the counter and place it in the cabinet.	robocasa_panda_omron/PickPlaceCounterToCabinet_PandaOmron_Env	100553	1300004	0	1			5		1	all_token_full	groot_n15_dit_block_residual_full_tokens_denoise	"[""layer"",""denoise_step"",""model_token"",""feature_dim""]"	[7,4,49,1536]	[0,2,4,8,10,12,15]	n15_grid_v5_scenario	grid_coord	meta	meta_json	8daefeabf020/worker2/PPCC/marshmallow/s404/n4/base	404	4
