plan_id	machine	grid_instruction	scene_idx	jitter_idx	noise_idx	armsig	kind	sig	pkl_sha256	model	version	ckpt	task	task_id	instruction	env_name	env_seed	inference_seed	episode_idx	success	steps	n_inferences	n_action_steps	chunk_len	has_pkl	jitter_reset_idx	base_lat	base_back	layout_id	style_id	side	lang	legacy	capture_token_mode	feature_kind	feature_axes	record_shape	capture_layers	plan_name	machine_source	ckpt_source	meta_source	rel_path
77e745c37b0f	kanu	OpenDrawer/left	0	0	0	base	activation	cdb85ab3baf79962	cdb85ab3baf799625a22ec5e38819935cf225e780088378cf233f4cf439ac2e4	lerobot_groot_n15	n15	lerobot_groot_n15__robocasa365_ckpt120000		0	Open the left drawer.	robocasa_panda_omron/OpenDrawer_PandaOmron_Env	100245	1300000	0	0			5		1	0	0.0	0.0	4	4		Open the left drawer.	0	all_token_full	groot_n15_dit_block_residual_full_tokens_denoise	"[""layer"",""denoise_step"",""model_token"",""feature_dim""]"	[7,4,49,1536]	[0,2,4,8,10,12,15]	n15_grid_v6_scene_jitter	grid_coord	meta	meta_json	77e745c37b0f/kanu/OpenDrawer/left/s0/j0/n0/base
77e745c37b0f	kanu	OpenDrawer/left	0	0	1	base	activation	77ea292cceb34b47	77ea292cceb34b476186947b3bc1d6b8cfc0bdd50eec0b048afa2e4ca6cac580	lerobot_groot_n15	n15	lerobot_groot_n15__robocasa365_ckpt120000		0	Open the left drawer.	robocasa_panda_omron/OpenDrawer_PandaOmron_Env	100245	1300001	0	0			5		1	0	0.0	0.0	4	4		Open the left drawer.	0	all_token_full	groot_n15_dit_block_residual_full_tokens_denoise	"[""layer"",""denoise_step"",""model_token"",""feature_dim""]"	[7,4,49,1536]	[0,2,4,8,10,12,15]	n15_grid_v6_scene_jitter	grid_coord	meta	meta_json	77e745c37b0f/kanu/OpenDrawer/left/s0/j0/n1/base
77e745c37b0f	kanu	OpenDrawer/left	0	0	2	base	activation	704ad9e45fdd3017	704ad9e45fdd3017c2806b435ee0f07ecb919e81d0feb9c37bc13e76db53b1df	lerobot_groot_n15	n15	lerobot_groot_n15__robocasa365_ckpt120000		0	Open the left drawer.	robocasa_panda_omron/OpenDrawer_PandaOmron_Env	100245	1300002	0	1			5		1	0	0.0	0.0	4	4		Open the left drawer.	0	all_token_full	groot_n15_dit_block_residual_full_tokens_denoise	"[""layer"",""denoise_step"",""model_token"",""feature_dim""]"	[7,4,49,1536]	[0,2,4,8,10,12,15]	n15_grid_v6_scene_jitter	grid_coord	meta	meta_json	77e745c37b0f/kanu/OpenDrawer/left/s0/j0/n2/base
77e745c37b0f	kanu	OpenDrawer/left	0	0	3	base	activation	31d3ffe0b8b1bf05	31d3ffe0b8b1bf057ebc4daa348857628758910b078e68c22ec1b74e72a8d9d7	lerobot_groot_n15	n15	lerobot_groot_n15__robocasa365_ckpt120000		0	Open the left drawer.	robocasa_panda_omron/OpenDrawer_PandaOmron_Env	100245	1300003	0	0			5		1	0	0.0	0.0	4	4		Open the left drawer.	0	all_token_full	groot_n15_dit_block_residual_full_tokens_denoise	"[""layer"",""denoise_step"",""model_token"",""feature_dim""]"	[7,4,49,1536]	[0,2,4,8,10,12,15]	n15_grid_v6_scene_jitter	grid_coord	meta	meta_json	77e745c37b0f/kanu/OpenDrawer/left/s0/j0/n3/base
77e745c37b0f	kanu	OpenDrawer/left	0	0	4	base	activation	c55b48cdc47bd4ba	c55b48cdc47bd4ba8eabe727bd9973d672d021afac888ac0759f1d30f7ced501	lerobot_groot_n15	n15	lerobot_groot_n15__robocasa365_ckpt120000		0	Open the left drawer.	robocasa_panda_omron/OpenDrawer_PandaOmron_Env	100245	1300004	0	0			5		1	0	0.0	0.0	4	4		Open the left drawer.	0	all_token_full	groot_n15_dit_block_residual_full_tokens_denoise	"[""layer"",""denoise_step"",""model_token"",""feature_dim""]"	[7,4,49,1536]	[0,2,4,8,10,12,15]	n15_grid_v6_scene_jitter	grid_coord	meta	meta_json	77e745c37b0f/kanu/OpenDrawer/left/s0/j0/n4/base
77e745c37b0f	kanu	OpenDrawer/left	0	0	5	base	activation	d2c3fc9783d89c22	d2c3fc9783d89c2257bfd3504fb3100d98d54fb7dba61f9b46e830be43e8b1f0	lerobot_groot_n15	n15	lerobot_groot_n15__robocasa365_ckpt120000		0	Open the left drawer.	robocasa_panda_omron/OpenDrawer_PandaOmron_Env	100245	1300005	0	1			5		1	0	0.0	0.0	4	4		Open the left drawer.	0	all_token_full	groot_n15_dit_block_residual_full_tokens_denoise	"[""layer"",""denoise_step"",""model_token"",""feature_dim""]"	[7,4,49,1536]	[0,2,4,8,10,12,15]	n15_grid_v6_scene_jitter	grid_coord	meta	meta_json	77e745c37b0f/kanu/OpenDrawer/left/s0/j0/n5/base
77e745c37b0f	kanu	OpenDrawer/left	0	0	6	base	activation	e5c161c0d18f765c	e5c161c0d18f765c86350d5f44b38d7a49d48eb19bc054cee710a987f5ed4c27	lerobot_groot_n15	n15	lerobot_groot_n15__robocasa365_ckpt120000		0	Open the left drawer.	robocasa_panda_omron/OpenDrawer_PandaOmron_Env	100245	1300006	0	1			5		1	0	0.0	0.0	4	4		Open the left drawer.	0	all_token_full	groot_n15_dit_block_residual_full_tokens_denoise	"[""layer"",""denoise_step"",""model_token"",""feature_dim""]"	[7,4,49,1536]	[0,2,4,8,10,12,15]	n15_grid_v6_scene_jitter	grid_coord	meta	meta_json	77e745c37b0f/kanu/OpenDrawer/left/s0/j0/n6/base
77e745c37b0f	kanu	OpenDrawer/left	0	0	7	base	activation	41fa1915d5ca524e	41fa1915d5ca524e2cfdd8d2532e177f4f6a2cd67083e937282e3facaa7d07aa	lerobot_groot_n15	n15	lerobot_groot_n15__robocasa365_ckpt120000		0	Open the left drawer.	robocasa_panda_omron/OpenDrawer_PandaOmron_Env	100245	1300007	0	1			5		1	0	0.0	0.0	4	4		Open the left drawer.	0	all_token_full	groot_n15_dit_block_residual_full_tokens_denoise	"[""layer"",""denoise_step"",""model_token"",""feature_dim""]"	[7,4,49,1536]	[0,2,4,8,10,12,15]	n15_grid_v6_scene_jitter	grid_coord	meta	meta_json	77e745c37b0f/kanu/OpenDrawer/left/s0/j0/n7/base
77e745c37b0f	kanu	OpenDrawer/left	0	0	8	base	activation	0b441e7756c01a66	0b441e7756c01a669312f28ce7a44d751fee1528fbac012d9bf1331b4f084377	lerobot_groot_n15	n15	lerobot_groot_n15__robocasa365_ckpt120000		0	Open the left drawer.	robocasa_panda_omron/OpenDrawer_PandaOmron_Env	100245	1300008	0	1			5		1	0	0.0	0.0	4	4		Open the left drawer.	0	all_token_full	groot_n15_dit_block_residual_full_tokens_denoise	"[""layer"",""denoise_step"",""model_token"",""feature_dim""]"	[7,4,49,1536]	[0,2,4,8,10,12,15]	n15_grid_v6_scene_jitter	grid_coord	meta	meta_json	77e745c37b0f/kanu/OpenDrawer/left/s0/j0/n8/base
77e745c37b0f	kanu	OpenDrawer/left	0	0	9	base	activation	ea28ac449d3aed47	ea28ac449d3aed47d3189d4b19d38041f8a63286b3c1b4717cf2e95a36881bac	lerobot_groot_n15	n15	lerobot_groot_n15__robocasa365_ckpt120000		0	Open the left drawer.	robocasa_panda_omron/OpenDrawer_PandaOmron_Env	100245	1300009	0	1			5		1	0	0.0	0.0	4	4		Open the left drawer.	0	all_token_full	groot_n15_dit_block_residual_full_tokens_denoise	"[""layer"",""denoise_step"",""model_token"",""feature_dim""]"	[7,4,49,1536]	[0,2,4,8,10,12,15]	n15_grid_v6_scene_jitter	grid_coord	meta	meta_json	77e745c37b0f/kanu/OpenDrawer/left/s0/j0/n9/base
77e745c37b0f	kanu	OpenDrawer/left	0	1	0	base	activation	33e89d31f4e6be51	33e89d31f4e6be516138501fb20698588fe09b48a5e6dc57681b31273754322c	lerobot_groot_n15	n15	lerobot_groot_n15__robocasa365_ckpt120000		0	Open the left drawer.	robocasa_panda_omron/OpenDrawer_PandaOmron_Env	100245	1300000	0	0			5		1	1	0.0	0.05	4	4		Open the left drawer.	0	all_token_full	groot_n15_dit_block_residual_full_tokens_denoise	"[""layer"",""denoise_step"",""model_token"",""feature_dim""]"	[7,4,49,1536]	[0,2,4,8,10,12,15]	n15_grid_v6_scene_jitter	grid_coord	meta	meta_json	77e745c37b0f/kanu/OpenDrawer/left/s0/j1/n0/base
77e745c37b0f	kanu	OpenDrawer/left	0	1	1	base	activation	7d1958f1803706ba	7d1958f1803706ba0f7694fde969dcb71aa8614918e9aea4968e9cde4cf54995	lerobot_groot_n15	n15	lerobot_groot_n15__robocasa365_ckpt120000		0	Open the left drawer.	robocasa_panda_omron/OpenDrawer_PandaOmron_Env	100245	1300001	0	1			5		1	1	0.0	0.05	4	4		Open the left drawer.	0	all_token_full	groot_n15_dit_block_residual_full_tokens_denoise	"[""layer"",""denoise_step"",""model_token"",""feature_dim""]"	[7,4,49,1536]	[0,2,4,8,10,12,15]	n15_grid_v6_scene_jitter	grid_coord	meta	meta_json	77e745c37b0f/kanu/OpenDrawer/left/s0/j1/n1/base
77e745c37b0f	kanu	OpenDrawer/left	0	1	2	base	activation	7a82953b0ee787ae	7a82953b0ee787aebaaf13faa71925c86f6f942ebeb3227c02ee9c39cc72b729	lerobot_groot_n15	n15	lerobot_groot_n15__robocasa365_ckpt120000		0	Open the left drawer.	robocasa_panda_omron/OpenDrawer_PandaOmron_Env	100245	1300002	0	1			5		1	1	0.0	0.05	4	4		Open the left drawer.	0	all_token_full	groot_n15_dit_block_residual_full_tokens_denoise	"[""layer"",""denoise_step"",""model_token"",""feature_dim""]"	[7,4,49,1536]	[0,2,4,8,10,12,15]	n15_grid_v6_scene_jitter	grid_coord	meta	meta_json	77e745c37b0f/kanu/OpenDrawer/left/s0/j1/n2/base
77e745c37b0f	kanu	OpenDrawer/left	0	1	3	base	activation	369a5cfb42851e90	369a5cfb42851e9016a9b03f896468c66a8e38b1414a3608d6038a5be9e48dd2	lerobot_groot_n15	n15	lerobot_groot_n15__robocasa365_ckpt120000		0	Open the left drawer.	robocasa_panda_omron/OpenDrawer_PandaOmron_Env	100245	1300003	0	1			5		1	1	0.0	0.05	4	4		Open the left drawer.	0	all_token_full	groot_n15_dit_block_residual_full_tokens_denoise	"[""layer"",""denoise_step"",""model_token"",""feature_dim""]"	[7,4,49,1536]	[0,2,4,8,10,12,15]	n15_grid_v6_scene_jitter	grid_coord	meta	meta_json	77e745c37b0f/kanu/OpenDrawer/left/s0/j1/n3/base
77e745c37b0f	kanu	OpenDrawer/left	0	1	4	base	activation	a27ab858fa099e1b	a27ab858fa099e1bc9431be8344b33c3e3fb00961207b2e346223623678260a4	lerobot_groot_n15	n15	lerobot_groot_n15__robocasa365_ckpt120000		0	Open the left drawer.	robocasa_panda_omron/OpenDrawer_PandaOmron_Env	100245	1300004	0	1			5		1	1	0.0	0.05	4	4		Open the left drawer.	0	all_token_full	groot_n15_dit_block_residual_full_tokens_denoise	"[""layer"",""denoise_step"",""model_token"",""feature_dim""]"	[7,4,49,1536]	[0,2,4,8,10,12,15]	n15_grid_v6_scene_jitter	grid_coord	meta	meta_json	77e745c37b0f/kanu/OpenDrawer/left/s0/j1/n4/base
77e745c37b0f	kanu	OpenDrawer/left	0	1	5	base	activation	ab82408ef0721d83	ab82408ef0721d83a91c43e8db23002b54a2a3253fffd92e24242515398f19a1	lerobot_groot_n15	n15	lerobot_groot_n15__robocasa365_ckpt120000		0	Open the left drawer.	robocasa_panda_omron/OpenDrawer_PandaOmron_Env	100245	1300005	0	1			5		1	1	0.0	0.05	4	4		Open the left drawer.	0	all_token_full	groot_n15_dit_block_residual_full_tokens_denoise	"[""layer"",""denoise_step"",""model_token"",""feature_dim""]"	[7,4,49,1536]	[0,2,4,8,10,12,15]	n15_grid_v6_scene_jitter	grid_coord	meta	meta_json	77e745c37b0f/kanu/OpenDrawer/left/s0/j1/n5/base
77e745c37b0f	kanu	OpenDrawer/left	0	1	6	base	activation	479bd116def1db74	479bd116def1db74a952d576be85f951146f1b223c0e9e6414cf8405866b033a	lerobot_groot_n15	n15	lerobot_groot_n15__robocasa365_ckpt120000		0	Open the left drawer.	robocasa_panda_omron/OpenDrawer_PandaOmron_Env	100245	1300006	0	1			5		1	1	0.0	0.05	4	4		Open the left drawer.	0	all_token_full	groot_n15_dit_block_residual_full_tokens_denoise	"[""layer"",""denoise_step"",""model_token"",""feature_dim""]"	[7,4,49,1536]	[0,2,4,8,10,12,15]	n15_grid_v6_scene_jitter	grid_coord	meta	meta_json	77e745c37b0f/kanu/OpenDrawer/left/s0/j1/n6/base
77e745c37b0f	kanu	OpenDrawer/left	0	1	7	base	activation	1a446ca7736f2d41	1a446ca7736f2d41ce168dc619ad0553fb6b53f16c70117f295df06318dc1401	lerobot_groot_n15	n15	lerobot_groot_n15__robocasa365_ckpt120000		0	Open the left drawer.	robocasa_panda_omron/OpenDrawer_PandaOmron_Env	100245	1300007	0	1			5		1	1	0.0	0.05	4	4		Open the left drawer.	0	all_token_full	groot_n15_dit_block_residual_full_tokens_denoise	"[""layer"",""denoise_step"",""model_token"",""feature_dim""]"	[7,4,49,1536]	[0,2,4,8,10,12,15]	n15_grid_v6_scene_jitter	grid_coord	meta	meta_json	77e745c37b0f/kanu/OpenDrawer/left/s0/j1/n7/base
77e745c37b0f	kanu	OpenDrawer/left	0	1	8	base	activation	d62624445906b198	d62624445906b198e90ef61bf835c89485a2428e81052ca563d9bf9a8540a6f2	lerobot_groot_n15	n15	lerobot_groot_n15__robocasa365_ckpt120000		0	Open the left drawer.	robocasa_panda_omron/OpenDrawer_PandaOmron_Env	100245	1300008	0	1			5		1	1	0.0	0.05	4	4		Open the left drawer.	0	all_token_full	groot_n15_dit_block_residual_full_tokens_denoise	"[""layer"",""denoise_step"",""model_token"",""feature_dim""]"	[7,4,49,1536]	[0,2,4,8,10,12,15]	n15_grid_v6_scene_jitter	grid_coord	meta	meta_json	77e745c37b0f/kanu/OpenDrawer/left/s0/j1/n8/base
77e745c37b0f	kanu	OpenDrawer/left	0	1	9	base	activation	bf5bd8b4d8c2f7ac	bf5bd8b4d8c2f7ac92c4500e030fc74f0618724a0677ee95bee15e29ad31edf1	lerobot_groot_n15	n15	lerobot_groot_n15__robocasa365_ckpt120000		0	Open the left drawer.	robocasa_panda_omron/OpenDrawer_PandaOmron_Env	100245	1300009	0	1			5		1	1	0.0	0.05	4	4		Open the left drawer.	0	all_token_full	groot_n15_dit_block_residual_full_tokens_denoise	"[""layer"",""denoise_step"",""model_token"",""feature_dim""]"	[7,4,49,1536]	[0,2,4,8,10,12,15]	n15_grid_v6_scene_jitter	grid_coord	meta	meta_json	77e745c37b0f/kanu/OpenDrawer/left/s0/j1/n9/base
77e745c37b0f	kanu	OpenDrawer/left	0	2	0	base	activation	20276dd634fb5cb7	20276dd634fb5cb7e020ccb870b41e039b32220f7e56c88d216f8339d527c52c	lerobot_groot_n15	n15	lerobot_groot_n15__robocasa365_ckpt120000		0	Open the left drawer.	robocasa_panda_omron/OpenDrawer_PandaOmron_Env	100245	1300000	0	1			5		1	2	0.0	0.1	4	4		Open the left drawer.	0	all_token_full	groot_n15_dit_block_residual_full_tokens_denoise	"[""layer"",""denoise_step"",""model_token"",""feature_dim""]"	[7,4,49,1536]	[0,2,4,8,10,12,15]	n15_grid_v6_scene_jitter	grid_coord	meta	meta_json	77e745c37b0f/kanu/OpenDrawer/left/s0/j2/n0/base
77e745c37b0f	kanu	OpenDrawer/left	0	2	1	base	activation	05a23b495350e0c6	05a23b495350e0c68428e7c20933df4958d6a5d8ae6e57140637c76176708abe	lerobot_groot_n15	n15	lerobot_groot_n15__robocasa365_ckpt120000		0	Open the left drawer.	robocasa_panda_omron/OpenDrawer_PandaOmron_Env	100245	1300001	0	1			5		1	2	0.0	0.1	4	4		Open the left drawer.	0	all_token_full	groot_n15_dit_block_residual_full_tokens_denoise	"[""layer"",""denoise_step"",""model_token"",""feature_dim""]"	[7,4,49,1536]	[0,2,4,8,10,12,15]	n15_grid_v6_scene_jitter	grid_coord	meta	meta_json	77e745c37b0f/kanu/OpenDrawer/left/s0/j2/n1/base
77e745c37b0f	kanu	OpenDrawer/left	0	2	2	base	activation	158ac0c1f2d87aca	158ac0c1f2d87acaa4c1d76d5e45b32bfb0c39ec3bafa7fba226d391de5161c2	lerobot_groot_n15	n15	lerobot_groot_n15__robocasa365_ckpt120000		0	Open the left drawer.	robocasa_panda_omron/OpenDrawer_PandaOmron_Env	100245	1300002	0	1			5		1	2	0.0	0.1	4	4		Open the left drawer.	0	all_token_full	groot_n15_dit_block_residual_full_tokens_denoise	"[""layer"",""denoise_step"",""model_token"",""feature_dim""]"	[7,4,49,1536]	[0,2,4,8,10,12,15]	n15_grid_v6_scene_jitter	grid_coord	meta	meta_json	77e745c37b0f/kanu/OpenDrawer/left/s0/j2/n2/base
77e745c37b0f	kanu	OpenDrawer/left	0	2	3	base	activation	a827ef503a14f4c6	a827ef503a14f4c6ba531ae7520f8b9618ee65a759d6a491bb2e9f3de542919f	lerobot_groot_n15	n15	lerobot_groot_n15__robocasa365_ckpt120000		0	Open the left drawer.	robocasa_panda_omron/OpenDrawer_PandaOmron_Env	100245	1300003	0	1			5		1	2	0.0	0.1	4	4		Open the left drawer.	0	all_token_full	groot_n15_dit_block_residual_full_tokens_denoise	"[""layer"",""denoise_step"",""model_token"",""feature_dim""]"	[7,4,49,1536]	[0,2,4,8,10,12,15]	n15_grid_v6_scene_jitter	grid_coord	meta	meta_json	77e745c37b0f/kanu/OpenDrawer/left/s0/j2/n3/base
77e745c37b0f	kanu	OpenDrawer/left	0	2	4	base	activation	3d1929f83bbaef8d	3d1929f83bbaef8db7abdcbb963092daba5d94e87e056c652e0d47a294026024	lerobot_groot_n15	n15	lerobot_groot_n15__robocasa365_ckpt120000		0	Open the left drawer.	robocasa_panda_omron/OpenDrawer_PandaOmron_Env	100245	1300004	0	0			5		1	2	0.0	0.1	4	4		Open the left drawer.	0	all_token_full	groot_n15_dit_block_residual_full_tokens_denoise	"[""layer"",""denoise_step"",""model_token"",""feature_dim""]"	[7,4,49,1536]	[0,2,4,8,10,12,15]	n15_grid_v6_scene_jitter	grid_coord	meta	meta_json	77e745c37b0f/kanu/OpenDrawer/left/s0/j2/n4/base
77e745c37b0f	kanu	OpenDrawer/left	0	2	5	base	activation	ca6ccf44e93997d5	ca6ccf44e93997d55eddc9f422beeb5e64c9cae2d377f6a9a9fe111f128d7c81	lerobot_groot_n15	n15	lerobot_groot_n15__robocasa365_ckpt120000		0	Open the left drawer.	robocasa_panda_omron/OpenDrawer_PandaOmron_Env	100245	1300005	0	0			5		1	2	0.0	0.1	4	4		Open the left drawer.	0	all_token_full	groot_n15_dit_block_residual_full_tokens_denoise	"[""layer"",""denoise_step"",""model_token"",""feature_dim""]"	[7,4,49,1536]	[0,2,4,8,10,12,15]	n15_grid_v6_scene_jitter	grid_coord	meta	meta_json	77e745c37b0f/kanu/OpenDrawer/left/s0/j2/n5/base
77e745c37b0f	kanu	OpenDrawer/left	0	2	6	base	activation	6d526f1095b4a4c8	6d526f1095b4a4c8f3c4ec593c9bc864f40c571488bb81155cfd545241b08e9c	lerobot_groot_n15	n15	lerobot_groot_n15__robocasa365_ckpt120000		0	Open the left drawer.	robocasa_panda_omron/OpenDrawer_PandaOmron_Env	100245	1300006	0	0			5		1	2	0.0	0.1	4	4		Open the left drawer.	0	all_token_full	groot_n15_dit_block_residual_full_tokens_denoise	"[""layer"",""denoise_step"",""model_token"",""feature_dim""]"	[7,4,49,1536]	[0,2,4,8,10,12,15]	n15_grid_v6_scene_jitter	grid_coord	meta	meta_json	77e745c37b0f/kanu/OpenDrawer/left/s0/j2/n6/base
77e745c37b0f	kanu	OpenDrawer/left	0	2	7	base	activation	316a8ef24534721e	316a8ef24534721e60bddbf08de1492b4b0dbade69a183f814cb6a4638e74e63	lerobot_groot_n15	n15	lerobot_groot_n15__robocasa365_ckpt120000		0	Open the left drawer.	robocasa_panda_omron/OpenDrawer_PandaOmron_Env	100245	1300007	0	0			5		1	2	0.0	0.1	4	4		Open the left drawer.	0	all_token_full	groot_n15_dit_block_residual_full_tokens_denoise	"[""layer"",""denoise_step"",""model_token"",""feature_dim""]"	[7,4,49,1536]	[0,2,4,8,10,12,15]	n15_grid_v6_scene_jitter	grid_coord	meta	meta_json	77e745c37b0f/kanu/OpenDrawer/left/s0/j2/n7/base
77e745c37b0f	kanu	OpenDrawer/left	0	2	8	base	activation	cc0ba037249020ac	cc0ba037249020ac77cc6fd19c717e348d7f61b4cb84effab4e860c59f8d937d	lerobot_groot_n15	n15	lerobot_groot_n15__robocasa365_ckpt120000		0	Open the left drawer.	robocasa_panda_omron/OpenDrawer_PandaOmron_Env	100245	1300008	0	1			5		1	2	0.0	0.1	4	4		Open the left drawer.	0	all_token_full	groot_n15_dit_block_residual_full_tokens_denoise	"[""layer"",""denoise_step"",""model_token"",""feature_dim""]"	[7,4,49,1536]	[0,2,4,8,10,12,15]	n15_grid_v6_scene_jitter	grid_coord	meta	meta_json	77e745c37b0f/kanu/OpenDrawer/left/s0/j2/n8/base
77e745c37b0f	kanu	OpenDrawer/left	0	2	9	base	activation	b32b5575b7d5dbca	b32b5575b7d5dbca030150436363dbf8744eb540c7b121c2d8aae917882f1b3b	lerobot_groot_n15	n15	lerobot_groot_n15__robocasa365_ckpt120000		0	Open the left drawer.	robocasa_panda_omron/OpenDrawer_PandaOmron_Env	100245	1300009	0	1			5		1	2	0.0	0.1	4	4		Open the left drawer.	0	all_token_full	groot_n15_dit_block_residual_full_tokens_denoise	"[""layer"",""denoise_step"",""model_token"",""feature_dim""]"	[7,4,49,1536]	[0,2,4,8,10,12,15]	n15_grid_v6_scene_jitter	grid_coord	meta	meta_json	77e745c37b0f/kanu/OpenDrawer/left/s0/j2/n9/base
77e745c37b0f	kanu	OpenDrawer/left	0	3	0	base	activation	e263f8df27b8412a	e263f8df27b8412a6c6064ca334e6182f2cc9ccc8aeff0234b47f76850656aec	lerobot_groot_n15	n15	lerobot_groot_n15__robocasa365_ckpt120000		0	Open the left drawer.	robocasa_panda_omron/OpenDrawer_PandaOmron_Env	100245	1300000	0	0			5		1	4	0.0	0.05	4	4		Open the left drawer.	0	all_token_full	groot_n15_dit_block_residual_full_tokens_denoise	"[""layer"",""denoise_step"",""model_token"",""feature_dim""]"	[7,4,49,1536]	[0,2,4,8,10,12,15]	n15_grid_v6_scene_jitter	grid_coord	meta	meta_json	77e745c37b0f/kanu/OpenDrawer/left/s0/j3/n0/base
77e745c37b0f	kanu	OpenDrawer/left	0	3	1	base	activation	c5c658fa80c1ea47	c5c658fa80c1ea472d5c80c45952e2375e6f7342757e356d16706d412bed43bd	lerobot_groot_n15	n15	lerobot_groot_n15__robocasa365_ckpt120000		0	Open the left drawer.	robocasa_panda_omron/OpenDrawer_PandaOmron_Env	100245	1300001	0	0			5		1	4	0.0	0.05	4	4		Open the left drawer.	0	all_token_full	groot_n15_dit_block_residual_full_tokens_denoise	"[""layer"",""denoise_step"",""model_token"",""feature_dim""]"	[7,4,49,1536]	[0,2,4,8,10,12,15]	n15_grid_v6_scene_jitter	grid_coord	meta	meta_json	77e745c37b0f/kanu/OpenDrawer/left/s0/j3/n1/base
77e745c37b0f	kanu	OpenDrawer/left	0	3	2	base	activation	cbb400c9856854c8	cbb400c9856854c8e4592717230e2c453d4e28f53460b5dfe1c3ebb1b90956c5	lerobot_groot_n15	n15	lerobot_groot_n15__robocasa365_ckpt120000		0	Open the left drawer.	robocasa_panda_omron/OpenDrawer_PandaOmron_Env	100245	1300002	0	1			5		1	4	0.0	0.05	4	4		Open the left drawer.	0	all_token_full	groot_n15_dit_block_residual_full_tokens_denoise	"[""layer"",""denoise_step"",""model_token"",""feature_dim""]"	[7,4,49,1536]	[0,2,4,8,10,12,15]	n15_grid_v6_scene_jitter	grid_coord	meta	meta_json	77e745c37b0f/kanu/OpenDrawer/left/s0/j3/n2/base
77e745c37b0f	kanu	OpenDrawer/left	0	3	3	base	activation	3bc7c83f7532a02b	3bc7c83f7532a02b7e552a1c5a30d60b2493066fd6a201184f81a55ca3397950	lerobot_groot_n15	n15	lerobot_groot_n15__robocasa365_ckpt120000		0	Open the left drawer.	robocasa_panda_omron/OpenDrawer_PandaOmron_Env	100245	1300003	0	0			5		1	4	0.0	0.05	4	4		Open the left drawer.	0	all_token_full	groot_n15_dit_block_residual_full_tokens_denoise	"[""layer"",""denoise_step"",""model_token"",""feature_dim""]"	[7,4,49,1536]	[0,2,4,8,10,12,15]	n15_grid_v6_scene_jitter	grid_coord	meta	meta_json	77e745c37b0f/kanu/OpenDrawer/left/s0/j3/n3/base
77e745c37b0f	kanu	OpenDrawer/left	0	3	4	base	activation	6fd9aa3a7812999b	6fd9aa3a7812999b5f325206854637cc79b91e2ed959bf8652e77b535235e205	lerobot_groot_n15	n15	lerobot_groot_n15__robocasa365_ckpt120000		0	Open the left drawer.	robocasa_panda_omron/OpenDrawer_PandaOmron_Env	100245	1300004	0	0			5		1	4	0.0	0.05	4	4		Open the left drawer.	0	all_token_full	groot_n15_dit_block_residual_full_tokens_denoise	"[""layer"",""denoise_step"",""model_token"",""feature_dim""]"	[7,4,49,1536]	[0,2,4,8,10,12,15]	n15_grid_v6_scene_jitter	grid_coord	meta	meta_json	77e745c37b0f/kanu/OpenDrawer/left/s0/j3/n4/base
77e745c37b0f	kanu	OpenDrawer/left	0	3	5	base	activation	3aa6eefc343eef82	3aa6eefc343eef82dcb9173de330613cba7464060eea714a367d362adead01d7	lerobot_groot_n15	n15	lerobot_groot_n15__robocasa365_ckpt120000		0	Open the left drawer.	robocasa_panda_omron/OpenDrawer_PandaOmron_Env	100245	1300005	0	1			5		1	4	0.0	0.05	4	4		Open the left drawer.	0	all_token_full	groot_n15_dit_block_residual_full_tokens_denoise	"[""layer"",""denoise_step"",""model_token"",""feature_dim""]"	[7,4,49,1536]	[0,2,4,8,10,12,15]	n15_grid_v6_scene_jitter	grid_coord	meta	meta_json	77e745c37b0f/kanu/OpenDrawer/left/s0/j3/n5/base
77e745c37b0f	kanu	OpenDrawer/left	0	3	6	base	activation	91924f67c029679b	91924f67c029679b9cc10b77b2656bdff1d4dd07a39cd992bdd3d9c7ba925c5e	lerobot_groot_n15	n15	lerobot_groot_n15__robocasa365_ckpt120000		0	Open the left drawer.	robocasa_panda_omron/OpenDrawer_PandaOmron_Env	100245	1300006	0	1			5		1	4	0.0	0.05	4	4		Open the left drawer.	0	all_token_full	groot_n15_dit_block_residual_full_tokens_denoise	"[""layer"",""denoise_step"",""model_token"",""feature_dim""]"	[7,4,49,1536]	[0,2,4,8,10,12,15]	n15_grid_v6_scene_jitter	grid_coord	meta	meta_json	77e745c37b0f/kanu/OpenDrawer/left/s0/j3/n6/base
77e745c37b0f	kanu	OpenDrawer/left	0	3	7	base	activation	d6b7a0e0b3046155	d6b7a0e0b3046155d2a58968828cefe1e456c0fc48daf7724b9defb7b670a5f5	lerobot_groot_n15	n15	lerobot_groot_n15__robocasa365_ckpt120000		0	Open the left drawer.	robocasa_panda_omron/OpenDrawer_PandaOmron_Env	100245	1300007	0	1			5		1	4	0.0	0.05	4	4		Open the left drawer.	0	all_token_full	groot_n15_dit_block_residual_full_tokens_denoise	"[""layer"",""denoise_step"",""model_token"",""feature_dim""]"	[7,4,49,1536]	[0,2,4,8,10,12,15]	n15_grid_v6_scene_jitter	grid_coord	meta	meta_json	77e745c37b0f/kanu/OpenDrawer/left/s0/j3/n7/base
77e745c37b0f	kanu	OpenDrawer/left	0	3	8	base	activation	75256d911f19d88c	75256d911f19d88ce08873f0fdc347882575edf38476af15cbf711a63f71c591	lerobot_groot_n15	n15	lerobot_groot_n15__robocasa365_ckpt120000		0	Open the left drawer.	robocasa_panda_omron/OpenDrawer_PandaOmron_Env	100245	1300008	0	1			5		1	4	0.0	0.05	4	4		Open the left drawer.	0	all_token_full	groot_n15_dit_block_residual_full_tokens_denoise	"[""layer"",""denoise_step"",""model_token"",""feature_dim""]"	[7,4,49,1536]	[0,2,4,8,10,12,15]	n15_grid_v6_scene_jitter	grid_coord	meta	meta_json	77e745c37b0f/kanu/OpenDrawer/left/s0/j3/n8/base
77e745c37b0f	kanu	OpenDrawer/left	0	3	9	base	activation	2c4cea8177b53f60	2c4cea8177b53f6001d9ea95178eec9b32b972653eecc8350118472d948f5797	lerobot_groot_n15	n15	lerobot_groot_n15__robocasa365_ckpt120000		0	Open the left drawer.	robocasa_panda_omron/OpenDrawer_PandaOmron_Env	100245	1300009	0	0			5		1	4	0.0	0.05	4	4		Open the left drawer.	0	all_token_full	groot_n15_dit_block_residual_full_tokens_denoise	"[""layer"",""denoise_step"",""model_token"",""feature_dim""]"	[7,4,49,1536]	[0,2,4,8,10,12,15]	n15_grid_v6_scene_jitter	grid_coord	meta	meta_json	77e745c37b0f/kanu/OpenDrawer/left/s0/j3/n9/base
77e745c37b0f	kanu	OpenDrawer/left	0	4	0	base	activation	649be897c44de67b	649be897c44de67baacf5571aaaa30fb2e9c575b5abfb74bb2e7cd9cd05bf64f	lerobot_groot_n15	n15	lerobot_groot_n15__robocasa365_ckpt120000		0	Open the left drawer.	robocasa_panda_omron/OpenDrawer_PandaOmron_Env	100245	1300000	0	1			5		1	8	0.0	0.1	4	4		Open the left drawer.	0	all_token_full	groot_n15_dit_block_residual_full_tokens_denoise	"[""layer"",""denoise_step"",""model_token"",""feature_dim""]"	[7,4,49,1536]	[0,2,4,8,10,12,15]	n15_grid_v6_scene_jitter	grid_coord	meta	meta_json	77e745c37b0f/kanu/OpenDrawer/left/s0/j4/n0/base
77e745c37b0f	kanu	OpenDrawer/left	0	4	1	base	activation	de95a63e2198bd41	de95a63e2198bd417f54aea46a8241158d690f65ea1ce3c33cf3f7e64ce92a12	lerobot_groot_n15	n15	lerobot_groot_n15__robocasa365_ckpt120000		0	Open the left drawer.	robocasa_panda_omron/OpenDrawer_PandaOmron_Env	100245	1300001	0	1			5		1	8	0.0	0.1	4	4		Open the left drawer.	0	all_token_full	groot_n15_dit_block_residual_full_tokens_denoise	"[""layer"",""denoise_step"",""model_token"",""feature_dim""]"	[7,4,49,1536]	[0,2,4,8,10,12,15]	n15_grid_v6_scene_jitter	grid_coord	meta	meta_json	77e745c37b0f/kanu/OpenDrawer/left/s0/j4/n1/base
77e745c37b0f	kanu	OpenDrawer/left	0	4	2	base	activation	d58a27546172e60a	d58a27546172e60aa660e8b7de463e30858646addb0339b1d139e5c1eeecaf52	lerobot_groot_n15	n15	lerobot_groot_n15__robocasa365_ckpt120000		0	Open the left drawer.	robocasa_panda_omron/OpenDrawer_PandaOmron_Env	100245	1300002	0	1			5		1	8	0.0	0.1	4	4		Open the left drawer.	0	all_token_full	groot_n15_dit_block_residual_full_tokens_denoise	"[""layer"",""denoise_step"",""model_token"",""feature_dim""]"	[7,4,49,1536]	[0,2,4,8,10,12,15]	n15_grid_v6_scene_jitter	grid_coord	meta	meta_json	77e745c37b0f/kanu/OpenDrawer/left/s0/j4/n2/base
77e745c37b0f	kanu	OpenDrawer/left	0	4	3	base	activation	c8f6066f07c4ac5a	c8f6066f07c4ac5acc5345077914a111368d5629fc18fa774672982d3880dd12	lerobot_groot_n15	n15	lerobot_groot_n15__robocasa365_ckpt120000		0	Open the left drawer.	robocasa_panda_omron/OpenDrawer_PandaOmron_Env	100245	1300003	0	1			5		1	8	0.0	0.1	4	4		Open the left drawer.	0	all_token_full	groot_n15_dit_block_residual_full_tokens_denoise	"[""layer"",""denoise_step"",""model_token"",""feature_dim""]"	[7,4,49,1536]	[0,2,4,8,10,12,15]	n15_grid_v6_scene_jitter	grid_coord	meta	meta_json	77e745c37b0f/kanu/OpenDrawer/left/s0/j4/n3/base
77e745c37b0f	kanu	OpenDrawer/left	0	4	4	base	activation	6ef6963e573be87c	6ef6963e573be87c2521cea8cd5dfb34080be6687702d0c9275d57dee7c6af94	lerobot_groot_n15	n15	lerobot_groot_n15__robocasa365_ckpt120000		0	Open the left drawer.	robocasa_panda_omron/OpenDrawer_PandaOmron_Env	100245	1300004	0	1			5		1	8	0.0	0.1	4	4		Open the left drawer.	0	all_token_full	groot_n15_dit_block_residual_full_tokens_denoise	"[""layer"",""denoise_step"",""model_token"",""feature_dim""]"	[7,4,49,1536]	[0,2,4,8,10,12,15]	n15_grid_v6_scene_jitter	grid_coord	meta	meta_json	77e745c37b0f/kanu/OpenDrawer/left/s0/j4/n4/base
77e745c37b0f	kanu	OpenDrawer/left	0	4	5	base	activation	c132a8c378bc7dfa	c132a8c378bc7dfabbd367fe3ed1746cdcc28bc895947d8b5aef3bd7b424749e	lerobot_groot_n15	n15	lerobot_groot_n15__robocasa365_ckpt120000		0	Open the left drawer.	robocasa_panda_omron/OpenDrawer_PandaOmron_Env	100245	1300005	0	1			5		1	8	0.0	0.1	4	4		Open the left drawer.	0	all_token_full	groot_n15_dit_block_residual_full_tokens_denoise	"[""layer"",""denoise_step"",""model_token"",""feature_dim""]"	[7,4,49,1536]	[0,2,4,8,10,12,15]	n15_grid_v6_scene_jitter	grid_coord	meta	meta_json	77e745c37b0f/kanu/OpenDrawer/left/s0/j4/n5/base
77e745c37b0f	kanu	OpenDrawer/left	0	4	6	base	activation	8c22e9e784b7e34d	8c22e9e784b7e34d13878527d2cf537bd9c1f150e7d30902771eed94839328b8	lerobot_groot_n15	n15	lerobot_groot_n15__robocasa365_ckpt120000		0	Open the left drawer.	robocasa_panda_omron/OpenDrawer_PandaOmron_Env	100245	1300006	0	1			5		1	8	0.0	0.1	4	4		Open the left drawer.	0	all_token_full	groot_n15_dit_block_residual_full_tokens_denoise	"[""layer"",""denoise_step"",""model_token"",""feature_dim""]"	[7,4,49,1536]	[0,2,4,8,10,12,15]	n15_grid_v6_scene_jitter	grid_coord	meta	meta_json	77e745c37b0f/kanu/OpenDrawer/left/s0/j4/n6/base
77e745c37b0f	kanu	OpenDrawer/left	0	4	7	base	activation	617c52980c169025	617c52980c1690254fca015dd2aea19304195c10f8db46f489d7a858c64f5469	lerobot_groot_n15	n15	lerobot_groot_n15__robocasa365_ckpt120000		0	Open the left drawer.	robocasa_panda_omron/OpenDrawer_PandaOmron_Env	100245	1300007	0	1			5		1	8	0.0	0.1	4	4		Open the left drawer.	0	all_token_full	groot_n15_dit_block_residual_full_tokens_denoise	"[""layer"",""denoise_step"",""model_token"",""feature_dim""]"	[7,4,49,1536]	[0,2,4,8,10,12,15]	n15_grid_v6_scene_jitter	grid_coord	meta	meta_json	77e745c37b0f/kanu/OpenDrawer/left/s0/j4/n7/base
77e745c37b0f	kanu	OpenDrawer/left	0	4	8	base	activation	592cc0fd89be6900	592cc0fd89be6900beeabc090716c8f62cff886a66432117e2eb026d69432bf9	lerobot_groot_n15	n15	lerobot_groot_n15__robocasa365_ckpt120000		0	Open the left drawer.	robocasa_panda_omron/OpenDrawer_PandaOmron_Env	100245	1300008	0	1			5		1	8	0.0	0.1	4	4		Open the left drawer.	0	all_token_full	groot_n15_dit_block_residual_full_tokens_denoise	"[""layer"",""denoise_step"",""model_token"",""feature_dim""]"	[7,4,49,1536]	[0,2,4,8,10,12,15]	n15_grid_v6_scene_jitter	grid_coord	meta	meta_json	77e745c37b0f/kanu/OpenDrawer/left/s0/j4/n8/base
77e745c37b0f	kanu	OpenDrawer/left	0	4	9	base	activation	298b04c8f795a1d4	298b04c8f795a1d4b6f746bfa3ceb44fc55e15417a41301c701693fd6e63d1eb	lerobot_groot_n15	n15	lerobot_groot_n15__robocasa365_ckpt120000		0	Open the left drawer.	robocasa_panda_omron/OpenDrawer_PandaOmron_Env	100245	1300009	0	1			5		1	8	0.0	0.1	4	4		Open the left drawer.	0	all_token_full	groot_n15_dit_block_residual_full_tokens_denoise	"[""layer"",""denoise_step"",""model_token"",""feature_dim""]"	[7,4,49,1536]	[0,2,4,8,10,12,15]	n15_grid_v6_scene_jitter	grid_coord	meta	meta_json	77e745c37b0f/kanu/OpenDrawer/left/s0/j4/n9/base
77e745c37b0f	worker1	DishwasherRack/out-right	1	0	0	base	activation	9bf9e198bef337a3	9bf9e198bef337a3bd684ae0ff5eb7089edd623fc5ac4154e94c053e62bfa98c	lerobot_groot_n15	n15	lerobot_groot_n15__robocasa365_ckpt120000		0	Fully slide the top dishwasher rack out.	robocasa_panda_omron/SlideDishwasherRack_PandaOmron_Env	100448	1300000	0	1			5		1	0	0.0	0.0	9	9	right	Fully slide the top dishwasher rack out.	0	all_token_full	groot_n15_dit_block_residual_full_tokens_denoise	"[""layer"",""denoise_step"",""model_token"",""feature_dim""]"	[7,4,49,1536]	[0,2,4,8,10,12,15]	n15_grid_v6_scene_jitter	grid_coord	meta	meta_json	77e745c37b0f/worker1/DishwasherRack/out-right/s1/j0/n0/base
77e745c37b0f	worker1	DishwasherRack/out-right	1	0	1	base	activation	23751041515c6e5a	23751041515c6e5a21c1fe4820c73ab447549cee0519efe5c76977e815c23efa	lerobot_groot_n15	n15	lerobot_groot_n15__robocasa365_ckpt120000		0	Fully slide the top dishwasher rack out.	robocasa_panda_omron/SlideDishwasherRack_PandaOmron_Env	100448	1300001	0	1			5		1	0	0.0	0.0	9	9	right	Fully slide the top dishwasher rack out.	0	all_token_full	groot_n15_dit_block_residual_full_tokens_denoise	"[""layer"",""denoise_step"",""model_token"",""feature_dim""]"	[7,4,49,1536]	[0,2,4,8,10,12,15]	n15_grid_v6_scene_jitter	grid_coord	meta	meta_json	77e745c37b0f/worker1/DishwasherRack/out-right/s1/j0/n1/base
77e745c37b0f	worker1	DishwasherRack/out-right	1	0	2	base	activation	51d66cbd74501e79	51d66cbd74501e7991ee9aef2330a0b08ab6c21132e6c7dbdf53c8cc0be331a6	lerobot_groot_n15	n15	lerobot_groot_n15__robocasa365_ckpt120000		0	Fully slide the top dishwasher rack out.	robocasa_panda_omron/SlideDishwasherRack_PandaOmron_Env	100448	1300002	0	1			5		1	0	0.0	0.0	9	9	right	Fully slide the top dishwasher rack out.	0	all_token_full	groot_n15_dit_block_residual_full_tokens_denoise	"[""layer"",""denoise_step"",""model_token"",""feature_dim""]"	[7,4,49,1536]	[0,2,4,8,10,12,15]	n15_grid_v6_scene_jitter	grid_coord	meta	meta_json	77e745c37b0f/worker1/DishwasherRack/out-right/s1/j0/n2/base
77e745c37b0f	worker1	DishwasherRack/out-right	1	0	3	base	activation	f99ee992426bdc97	f99ee992426bdc97dd23986ac95c9d6295898f4dae387143cb314ede0fe25047	lerobot_groot_n15	n15	lerobot_groot_n15__robocasa365_ckpt120000		0	Fully slide the top dishwasher rack out.	robocasa_panda_omron/SlideDishwasherRack_PandaOmron_Env	100448	1300003	0	1			5		1	0	0.0	0.0	9	9	right	Fully slide the top dishwasher rack out.	0	all_token_full	groot_n15_dit_block_residual_full_tokens_denoise	"[""layer"",""denoise_step"",""model_token"",""feature_dim""]"	[7,4,49,1536]	[0,2,4,8,10,12,15]	n15_grid_v6_scene_jitter	grid_coord	meta	meta_json	77e745c37b0f/worker1/DishwasherRack/out-right/s1/j0/n3/base
77e745c37b0f	worker1	DishwasherRack/out-right	1	0	4	base	activation	461bd7ec5d96b0c8	461bd7ec5d96b0c834efd5a17962ad923683e8a12e66110c2a1df81ee58b3ee3	lerobot_groot_n15	n15	lerobot_groot_n15__robocasa365_ckpt120000		0	Fully slide the top dishwasher rack out.	robocasa_panda_omron/SlideDishwasherRack_PandaOmron_Env	100448	1300004	0	1			5		1	0	0.0	0.0	9	9	right	Fully slide the top dishwasher rack out.	0	all_token_full	groot_n15_dit_block_residual_full_tokens_denoise	"[""layer"",""denoise_step"",""model_token"",""feature_dim""]"	[7,4,49,1536]	[0,2,4,8,10,12,15]	n15_grid_v6_scene_jitter	grid_coord	meta	meta_json	77e745c37b0f/worker1/DishwasherRack/out-right/s1/j0/n4/base
77e745c37b0f	worker1	DishwasherRack/out-right	1	0	5	base	activation	9921a012d46341ce	9921a012d46341ce7e8a5f446c3c64c5e35a908c4c558867461ff9b180cc3461	lerobot_groot_n15	n15	lerobot_groot_n15__robocasa365_ckpt120000		0	Fully slide the top dishwasher rack out.	robocasa_panda_omron/SlideDishwasherRack_PandaOmron_Env	100448	1300005	0	1			5		1	0	0.0	0.0	9	9	right	Fully slide the top dishwasher rack out.	0	all_token_full	groot_n15_dit_block_residual_full_tokens_denoise	"[""layer"",""denoise_step"",""model_token"",""feature_dim""]"	[7,4,49,1536]	[0,2,4,8,10,12,15]	n15_grid_v6_scene_jitter	grid_coord	meta	meta_json	77e745c37b0f/worker1/DishwasherRack/out-right/s1/j0/n5/base
77e745c37b0f	worker1	DishwasherRack/out-right	1	0	6	base	activation	d990d72145e7da23	d990d72145e7da23e323b05cb1e1792342ac57f4ec7ea95251afbaf9e7ed816c	lerobot_groot_n15	n15	lerobot_groot_n15__robocasa365_ckpt120000		0	Fully slide the top dishwasher rack out.	robocasa_panda_omron/SlideDishwasherRack_PandaOmron_Env	100448	1300006	0	1			5		1	0	0.0	0.0	9	9	right	Fully slide the top dishwasher rack out.	0	all_token_full	groot_n15_dit_block_residual_full_tokens_denoise	"[""layer"",""denoise_step"",""model_token"",""feature_dim""]"	[7,4,49,1536]	[0,2,4,8,10,12,15]	n15_grid_v6_scene_jitter	grid_coord	meta	meta_json	77e745c37b0f/worker1/DishwasherRack/out-right/s1/j0/n6/base
77e745c37b0f	worker1	DishwasherRack/out-right	1	0	7	base	activation	7d5a9a05a4da85fd	7d5a9a05a4da85fd683840f04d30b05056052481262dfa036b92529dd07be7b3	lerobot_groot_n15	n15	lerobot_groot_n15__robocasa365_ckpt120000		0	Fully slide the top dishwasher rack out.	robocasa_panda_omron/SlideDishwasherRack_PandaOmron_Env	100448	1300007	0	1			5		1	0	0.0	0.0	9	9	right	Fully slide the top dishwasher rack out.	0	all_token_full	groot_n15_dit_block_residual_full_tokens_denoise	"[""layer"",""denoise_step"",""model_token"",""feature_dim""]"	[7,4,49,1536]	[0,2,4,8,10,12,15]	n15_grid_v6_scene_jitter	grid_coord	meta	meta_json	77e745c37b0f/worker1/DishwasherRack/out-right/s1/j0/n7/base
77e745c37b0f	worker1	DishwasherRack/out-right	1	0	8	base	activation	cbc9d8dea12d3ea9	cbc9d8dea12d3ea99dbc0e04687947750d6648ed40116fdde0e9b5a1eb8e18a3	lerobot_groot_n15	n15	lerobot_groot_n15__robocasa365_ckpt120000		0	Fully slide the top dishwasher rack out.	robocasa_panda_omron/SlideDishwasherRack_PandaOmron_Env	100448	1300008	0	1			5		1	0	0.0	0.0	9	9	right	Fully slide the top dishwasher rack out.	0	all_token_full	groot_n15_dit_block_residual_full_tokens_denoise	"[""layer"",""denoise_step"",""model_token"",""feature_dim""]"	[7,4,49,1536]	[0,2,4,8,10,12,15]	n15_grid_v6_scene_jitter	grid_coord	meta	meta_json	77e745c37b0f/worker1/DishwasherRack/out-right/s1/j0/n8/base
77e745c37b0f	worker1	DishwasherRack/out-right	1	0	9	base	activation	fc746c53bb2ec913	fc746c53bb2ec913de1fcc80cbe88861c4a8665fe5e6750d1aa77854fba8ee77	lerobot_groot_n15	n15	lerobot_groot_n15__robocasa365_ckpt120000		0	Fully slide the top dishwasher rack out.	robocasa_panda_omron/SlideDishwasherRack_PandaOmron_Env	100448	1300009	0	1			5		1	0	0.0	0.0	9	9	right	Fully slide the top dishwasher rack out.	0	all_token_full	groot_n15_dit_block_residual_full_tokens_denoise	"[""layer"",""denoise_step"",""model_token"",""feature_dim""]"	[7,4,49,1536]	[0,2,4,8,10,12,15]	n15_grid_v6_scene_jitter	grid_coord	meta	meta_json	77e745c37b0f/worker1/DishwasherRack/out-right/s1/j0/n9/base
77e745c37b0f	worker1	DishwasherRack/out-right	1	1	0	base	activation	30fddaea3d479d07	30fddaea3d479d072e0cceebb0c809e9f4552c1c7e9ecc4060124ffb3291faa8	lerobot_groot_n15	n15	lerobot_groot_n15__robocasa365_ckpt120000		0	Fully slide the top dishwasher rack out.	robocasa_panda_omron/SlideDishwasherRack_PandaOmron_Env	100448	1300000	0	1			5		1	0	0.0	0.05	9	9	right	Fully slide the top dishwasher rack out.	0	all_token_full	groot_n15_dit_block_residual_full_tokens_denoise	"[""layer"",""denoise_step"",""model_token"",""feature_dim""]"	[7,4,49,1536]	[0,2,4,8,10,12,15]	n15_grid_v6_scene_jitter	grid_coord	meta	meta_json	77e745c37b0f/worker1/DishwasherRack/out-right/s1/j1/n0/base
77e745c37b0f	worker1	DishwasherRack/out-right	1	1	1	base	activation	216aa0bb39b44eb9	216aa0bb39b44eb95c778049a9bca1c67f53ecdcbb242688b96b5c60b4e52cb8	lerobot_groot_n15	n15	lerobot_groot_n15__robocasa365_ckpt120000		0	Fully slide the top dishwasher rack out.	robocasa_panda_omron/SlideDishwasherRack_PandaOmron_Env	100448	1300001	0	1			5		1	0	0.0	0.05	9	9	right	Fully slide the top dishwasher rack out.	0	all_token_full	groot_n15_dit_block_residual_full_tokens_denoise	"[""layer"",""denoise_step"",""model_token"",""feature_dim""]"	[7,4,49,1536]	[0,2,4,8,10,12,15]	n15_grid_v6_scene_jitter	grid_coord	meta	meta_json	77e745c37b0f/worker1/DishwasherRack/out-right/s1/j1/n1/base
77e745c37b0f	worker1	DishwasherRack/out-right	1	1	2	base	activation	5fe9a4e03ad981ca	5fe9a4e03ad981ca6c75e0e307458ddb162054066540f842dabf3c52246cf9a5	lerobot_groot_n15	n15	lerobot_groot_n15__robocasa365_ckpt120000		0	Fully slide the top dishwasher rack out.	robocasa_panda_omron/SlideDishwasherRack_PandaOmron_Env	100448	1300002	0	1			5		1	0	0.0	0.05	9	9	right	Fully slide the top dishwasher rack out.	0	all_token_full	groot_n15_dit_block_residual_full_tokens_denoise	"[""layer"",""denoise_step"",""model_token"",""feature_dim""]"	[7,4,49,1536]	[0,2,4,8,10,12,15]	n15_grid_v6_scene_jitter	grid_coord	meta	meta_json	77e745c37b0f/worker1/DishwasherRack/out-right/s1/j1/n2/base
77e745c37b0f	worker1	DishwasherRack/out-right	1	1	3	base	activation	9a93b58ded05f564	9a93b58ded05f564b61c2d458b952eac6c8f05166ff4fb946788d7e37525a3b2	lerobot_groot_n15	n15	lerobot_groot_n15__robocasa365_ckpt120000		0	Fully slide the top dishwasher rack out.	robocasa_panda_omron/SlideDishwasherRack_PandaOmron_Env	100448	1300003	0	1			5		1	0	0.0	0.05	9	9	right	Fully slide the top dishwasher rack out.	0	all_token_full	groot_n15_dit_block_residual_full_tokens_denoise	"[""layer"",""denoise_step"",""model_token"",""feature_dim""]"	[7,4,49,1536]	[0,2,4,8,10,12,15]	n15_grid_v6_scene_jitter	grid_coord	meta	meta_json	77e745c37b0f/worker1/DishwasherRack/out-right/s1/j1/n3/base
77e745c37b0f	worker1	DishwasherRack/out-right	1	1	4	base	activation	adfe316f3d02b924	adfe316f3d02b924a05bae768b3875424478f4ee5906d1ccacc53dc1c9c35d19	lerobot_groot_n15	n15	lerobot_groot_n15__robocasa365_ckpt120000		0	Fully slide the top dishwasher rack out.	robocasa_panda_omron/SlideDishwasherRack_PandaOmron_Env	100448	1300004	0	1			5		1	0	0.0	0.05	9	9	right	Fully slide the top dishwasher rack out.	0	all_token_full	groot_n15_dit_block_residual_full_tokens_denoise	"[""layer"",""denoise_step"",""model_token"",""feature_dim""]"	[7,4,49,1536]	[0,2,4,8,10,12,15]	n15_grid_v6_scene_jitter	grid_coord	meta	meta_json	77e745c37b0f/worker1/DishwasherRack/out-right/s1/j1/n4/base
77e745c37b0f	worker1	DishwasherRack/out-right	1	1	5	base	activation	91da2dbe5a2f95f9	91da2dbe5a2f95f9cacedd9e60fef7d18aec7a39e74242ffecdd04f6eaa04fea	lerobot_groot_n15	n15	lerobot_groot_n15__robocasa365_ckpt120000		0	Fully slide the top dishwasher rack out.	robocasa_panda_omron/SlideDishwasherRack_PandaOmron_Env	100448	1300005	0	1			5		1	0	0.0	0.05	9	9	right	Fully slide the top dishwasher rack out.	0	all_token_full	groot_n15_dit_block_residual_full_tokens_denoise	"[""layer"",""denoise_step"",""model_token"",""feature_dim""]"	[7,4,49,1536]	[0,2,4,8,10,12,15]	n15_grid_v6_scene_jitter	grid_coord	meta	meta_json	77e745c37b0f/worker1/DishwasherRack/out-right/s1/j1/n5/base
77e745c37b0f	worker1	DishwasherRack/out-right	1	1	6	base	activation	8b2f4d1f79829647	8b2f4d1f798296477df66d8be1ce0e497b846502071f21f21094c3333dc8b003	lerobot_groot_n15	n15	lerobot_groot_n15__robocasa365_ckpt120000		0	Fully slide the top dishwasher rack out.	robocasa_panda_omron/SlideDishwasherRack_PandaOmron_Env	100448	1300006	0	1			5		1	0	0.0	0.05	9	9	right	Fully slide the top dishwasher rack out.	0	all_token_full	groot_n15_dit_block_residual_full_tokens_denoise	"[""layer"",""denoise_step"",""model_token"",""feature_dim""]"	[7,4,49,1536]	[0,2,4,8,10,12,15]	n15_grid_v6_scene_jitter	grid_coord	meta	meta_json	77e745c37b0f/worker1/DishwasherRack/out-right/s1/j1/n6/base
77e745c37b0f	worker1	DishwasherRack/out-right	1	1	7	base	activation	4e19047ecc663628	4e19047ecc66362843c762b8e5ada517d55c479456e1b5dbbde36b116e079b60	lerobot_groot_n15	n15	lerobot_groot_n15__robocasa365_ckpt120000		0	Fully slide the top dishwasher rack out.	robocasa_panda_omron/SlideDishwasherRack_PandaOmron_Env	100448	1300007	0	1			5		1	0	0.0	0.05	9	9	right	Fully slide the top dishwasher rack out.	0	all_token_full	groot_n15_dit_block_residual_full_tokens_denoise	"[""layer"",""denoise_step"",""model_token"",""feature_dim""]"	[7,4,49,1536]	[0,2,4,8,10,12,15]	n15_grid_v6_scene_jitter	grid_coord	meta	meta_json	77e745c37b0f/worker1/DishwasherRack/out-right/s1/j1/n7/base
77e745c37b0f	worker1	DishwasherRack/out-right	1	1	8	base	activation	7157f95151b73e00	7157f95151b73e001e2193607d932fb1d3ffb3bbf82c5b35fedfbabca71c1a11	lerobot_groot_n15	n15	lerobot_groot_n15__robocasa365_ckpt120000		0	Fully slide the top dishwasher rack out.	robocasa_panda_omron/SlideDishwasherRack_PandaOmron_Env	100448	1300008	0	1			5		1	0	0.0	0.05	9	9	right	Fully slide the top dishwasher rack out.	0	all_token_full	groot_n15_dit_block_residual_full_tokens_denoise	"[""layer"",""denoise_step"",""model_token"",""feature_dim""]"	[7,4,49,1536]	[0,2,4,8,10,12,15]	n15_grid_v6_scene_jitter	grid_coord	meta	meta_json	77e745c37b0f/worker1/DishwasherRack/out-right/s1/j1/n8/base
77e745c37b0f	worker1	DishwasherRack/out-right	1	1	9	base	activation	7ca5aa3ad5dffeed	7ca5aa3ad5dffeedb4ddaadde18006c528c0ad78a301ddcbe4402def03fed809	lerobot_groot_n15	n15	lerobot_groot_n15__robocasa365_ckpt120000		0	Fully slide the top dishwasher rack out.	robocasa_panda_omron/SlideDishwasherRack_PandaOmron_Env	100448	1300009	0	1			5		1	0	0.0	0.05	9	9	right	Fully slide the top dishwasher rack out.	0	all_token_full	groot_n15_dit_block_residual_full_tokens_denoise	"[""layer"",""denoise_step"",""model_token"",""feature_dim""]"	[7,4,49,1536]	[0,2,4,8,10,12,15]	n15_grid_v6_scene_jitter	grid_coord	meta	meta_json	77e745c37b0f/worker1/DishwasherRack/out-right/s1/j1/n9/base
77e745c37b0f	worker1	DishwasherRack/out-right	1	2	0	base	activation	4897a726dbe484ad	4897a726dbe484ad2a618d30105b64a763422a12a65c72cb372d54d6661dec73	lerobot_groot_n15	n15	lerobot_groot_n15__robocasa365_ckpt120000		0	Fully slide the top dishwasher rack out.	robocasa_panda_omron/SlideDishwasherRack_PandaOmron_Env	100448	1300000	0	0			5		1	0	0.0	0.1	9	9	right	Fully slide the top dishwasher rack out.	0	all_token_full	groot_n15_dit_block_residual_full_tokens_denoise	"[""layer"",""denoise_step"",""model_token"",""feature_dim""]"	[7,4,49,1536]	[0,2,4,8,10,12,15]	n15_grid_v6_scene_jitter	grid_coord	meta	meta_json	77e745c37b0f/worker1/DishwasherRack/out-right/s1/j2/n0/base
77e745c37b0f	worker1	DishwasherRack/out-right	1	2	1	base	activation	725d974cbf28d234	725d974cbf28d234614bd04b136dd15fcf5f1b286db84ecf681a0a75030f033c	lerobot_groot_n15	n15	lerobot_groot_n15__robocasa365_ckpt120000		0	Fully slide the top dishwasher rack out.	robocasa_panda_omron/SlideDishwasherRack_PandaOmron_Env	100448	1300001	0	1			5		1	0	0.0	0.1	9	9	right	Fully slide the top dishwasher rack out.	0	all_token_full	groot_n15_dit_block_residual_full_tokens_denoise	"[""layer"",""denoise_step"",""model_token"",""feature_dim""]"	[7,4,49,1536]	[0,2,4,8,10,12,15]	n15_grid_v6_scene_jitter	grid_coord	meta	meta_json	77e745c37b0f/worker1/DishwasherRack/out-right/s1/j2/n1/base
77e745c37b0f	worker1	DishwasherRack/out-right	1	2	2	base	activation	06424a676e3e67ea	06424a676e3e67ea1c7e0c68ebf587cc9966b1cdc390acf3489cfd3d22ebb8b1	lerobot_groot_n15	n15	lerobot_groot_n15__robocasa365_ckpt120000		0	Fully slide the top dishwasher rack out.	robocasa_panda_omron/SlideDishwasherRack_PandaOmron_Env	100448	1300002	0	1			5		1	0	0.0	0.1	9	9	right	Fully slide the top dishwasher rack out.	0	all_token_full	groot_n15_dit_block_residual_full_tokens_denoise	"[""layer"",""denoise_step"",""model_token"",""feature_dim""]"	[7,4,49,1536]	[0,2,4,8,10,12,15]	n15_grid_v6_scene_jitter	grid_coord	meta	meta_json	77e745c37b0f/worker1/DishwasherRack/out-right/s1/j2/n2/base
77e745c37b0f	worker1	DishwasherRack/out-right	1	2	3	base	activation	8d77894f80070728	8d77894f80070728f871619d5303987097dddcc3c726ed1cfa742cac5f22a3cf	lerobot_groot_n15	n15	lerobot_groot_n15__robocasa365_ckpt120000		0	Fully slide the top dishwasher rack out.	robocasa_panda_omron/SlideDishwasherRack_PandaOmron_Env	100448	1300003	0	1			5		1	0	0.0	0.1	9	9	right	Fully slide the top dishwasher rack out.	0	all_token_full	groot_n15_dit_block_residual_full_tokens_denoise	"[""layer"",""denoise_step"",""model_token"",""feature_dim""]"	[7,4,49,1536]	[0,2,4,8,10,12,15]	n15_grid_v6_scene_jitter	grid_coord	meta	meta_json	77e745c37b0f/worker1/DishwasherRack/out-right/s1/j2/n3/base
77e745c37b0f	worker1	DishwasherRack/out-right	1	2	4	base	activation	217220a784dfa84a	217220a784dfa84a382d2c6ba8f76e07a343eb14f4ce08c899acd58a2f6ad913	lerobot_groot_n15	n15	lerobot_groot_n15__robocasa365_ckpt120000		0	Fully slide the top dishwasher rack out.	robocasa_panda_omron/SlideDishwasherRack_PandaOmron_Env	100448	1300004	0	1			5		1	0	0.0	0.1	9	9	right	Fully slide the top dishwasher rack out.	0	all_token_full	groot_n15_dit_block_residual_full_tokens_denoise	"[""layer"",""denoise_step"",""model_token"",""feature_dim""]"	[7,4,49,1536]	[0,2,4,8,10,12,15]	n15_grid_v6_scene_jitter	grid_coord	meta	meta_json	77e745c37b0f/worker1/DishwasherRack/out-right/s1/j2/n4/base
77e745c37b0f	worker1	DishwasherRack/out-right	1	2	5	base	activation	177dde3f648b865e	177dde3f648b865e47d513a752611c1d8c6a50c0f348fac7688d0c8c5c00cfb2	lerobot_groot_n15	n15	lerobot_groot_n15__robocasa365_ckpt120000		0	Fully slide the top dishwasher rack out.	robocasa_panda_omron/SlideDishwasherRack_PandaOmron_Env	100448	1300005	0	1			5		1	0	0.0	0.1	9	9	right	Fully slide the top dishwasher rack out.	0	all_token_full	groot_n15_dit_block_residual_full_tokens_denoise	"[""layer"",""denoise_step"",""model_token"",""feature_dim""]"	[7,4,49,1536]	[0,2,4,8,10,12,15]	n15_grid_v6_scene_jitter	grid_coord	meta	meta_json	77e745c37b0f/worker1/DishwasherRack/out-right/s1/j2/n5/base
77e745c37b0f	worker1	DishwasherRack/out-right	1	2	6	base	activation	94d3c9b762af9d4a	94d3c9b762af9d4a1bbb6b5eaecc0c90865348121ea1dfeae3ad1c5f70b80cdf	lerobot_groot_n15	n15	lerobot_groot_n15__robocasa365_ckpt120000		0	Fully slide the top dishwasher rack out.	robocasa_panda_omron/SlideDishwasherRack_PandaOmron_Env	100448	1300006	0	0			5		1	0	0.0	0.1	9	9	right	Fully slide the top dishwasher rack out.	0	all_token_full	groot_n15_dit_block_residual_full_tokens_denoise	"[""layer"",""denoise_step"",""model_token"",""feature_dim""]"	[7,4,49,1536]	[0,2,4,8,10,12,15]	n15_grid_v6_scene_jitter	grid_coord	meta	meta_json	77e745c37b0f/worker1/DishwasherRack/out-right/s1/j2/n6/base
77e745c37b0f	worker1	DishwasherRack/out-right	1	2	7	base	activation	1398afbf8be802fe	1398afbf8be802febb743d9a2c116c9f28734aaf095e8fa84bd7202c32b339d9	lerobot_groot_n15	n15	lerobot_groot_n15__robocasa365_ckpt120000		0	Fully slide the top dishwasher rack out.	robocasa_panda_omron/SlideDishwasherRack_PandaOmron_Env	100448	1300007	0	0			5		1	0	0.0	0.1	9	9	right	Fully slide the top dishwasher rack out.	0	all_token_full	groot_n15_dit_block_residual_full_tokens_denoise	"[""layer"",""denoise_step"",""model_token"",""feature_dim""]"	[7,4,49,1536]	[0,2,4,8,10,12,15]	n15_grid_v6_scene_jitter	grid_coord	meta	meta_json	77e745c37b0f/worker1/DishwasherRack/out-right/s1/j2/n7/base
77e745c37b0f	worker1	DishwasherRack/out-right	1	2	8	base	activation	3d1e53a51a64c66a	3d1e53a51a64c66a4fe5c9b871998abeee28987ebc936af36010820fdff5bdfa	lerobot_groot_n15	n15	lerobot_groot_n15__robocasa365_ckpt120000		0	Fully slide the top dishwasher rack out.	robocasa_panda_omron/SlideDishwasherRack_PandaOmron_Env	100448	1300008	0	0			5		1	0	0.0	0.1	9	9	right	Fully slide the top dishwasher rack out.	0	all_token_full	groot_n15_dit_block_residual_full_tokens_denoise	"[""layer"",""denoise_step"",""model_token"",""feature_dim""]"	[7,4,49,1536]	[0,2,4,8,10,12,15]	n15_grid_v6_scene_jitter	grid_coord	meta	meta_json	77e745c37b0f/worker1/DishwasherRack/out-right/s1/j2/n8/base
77e745c37b0f	worker1	DishwasherRack/out-right	1	2	9	base	activation	14e3349d538501e7	14e3349d538501e77717397a7f2c41ffd0682ed329f9b4623b1ff56cf0bd5399	lerobot_groot_n15	n15	lerobot_groot_n15__robocasa365_ckpt120000		0	Fully slide the top dishwasher rack out.	robocasa_panda_omron/SlideDishwasherRack_PandaOmron_Env	100448	1300009	0	0			5		1	0	0.0	0.1	9	9	right	Fully slide the top dishwasher rack out.	0	all_token_full	groot_n15_dit_block_residual_full_tokens_denoise	"[""layer"",""denoise_step"",""model_token"",""feature_dim""]"	[7,4,49,1536]	[0,2,4,8,10,12,15]	n15_grid_v6_scene_jitter	grid_coord	meta	meta_json	77e745c37b0f/worker1/DishwasherRack/out-right/s1/j2/n9/base
77e745c37b0f	worker1	DishwasherRack/out-right	1	3	0	base	activation	cfa05ac0a0b8c7f1	cfa05ac0a0b8c7f1179442cfc5575c4bc0de27b619207fc6fd53d777fe64d92f	lerobot_groot_n15	n15	lerobot_groot_n15__robocasa365_ckpt120000		0	Fully slide the top dishwasher rack out.	robocasa_panda_omron/SlideDishwasherRack_PandaOmron_Env	100448	1300000	0	1			5		1	0	0.05	0.1	9	9	right	Fully slide the top dishwasher rack out.	0	all_token_full	groot_n15_dit_block_residual_full_tokens_denoise	"[""layer"",""denoise_step"",""model_token"",""feature_dim""]"	[7,4,49,1536]	[0,2,4,8,10,12,15]	n15_grid_v6_scene_jitter	grid_coord	meta	meta_json	77e745c37b0f/worker1/DishwasherRack/out-right/s1/j3/n0/base
77e745c37b0f	worker1	DishwasherRack/out-right	1	3	1	base	activation	054a4e621d5757cb	054a4e621d5757cb5055f9050597d8571b461fa0ced364403dd9b9356909a254	lerobot_groot_n15	n15	lerobot_groot_n15__robocasa365_ckpt120000		0	Fully slide the top dishwasher rack out.	robocasa_panda_omron/SlideDishwasherRack_PandaOmron_Env	100448	1300001	0	0			5		1	0	0.05	0.1	9	9	right	Fully slide the top dishwasher rack out.	0	all_token_full	groot_n15_dit_block_residual_full_tokens_denoise	"[""layer"",""denoise_step"",""model_token"",""feature_dim""]"	[7,4,49,1536]	[0,2,4,8,10,12,15]	n15_grid_v6_scene_jitter	grid_coord	meta	meta_json	77e745c37b0f/worker1/DishwasherRack/out-right/s1/j3/n1/base
77e745c37b0f	worker1	DishwasherRack/out-right	1	3	2	base	activation	183dce98a0f2d2d8	183dce98a0f2d2d8a974d8515b8f6527db14d96e7c7dc0501306ff33e68516af	lerobot_groot_n15	n15	lerobot_groot_n15__robocasa365_ckpt120000		0	Fully slide the top dishwasher rack out.	robocasa_panda_omron/SlideDishwasherRack_PandaOmron_Env	100448	1300002	0	1			5		1	0	0.05	0.1	9	9	right	Fully slide the top dishwasher rack out.	0	all_token_full	groot_n15_dit_block_residual_full_tokens_denoise	"[""layer"",""denoise_step"",""model_token"",""feature_dim""]"	[7,4,49,1536]	[0,2,4,8,10,12,15]	n15_grid_v6_scene_jitter	grid_coord	meta	meta_json	77e745c37b0f/worker1/DishwasherRack/out-right/s1/j3/n2/base
77e745c37b0f	worker1	DishwasherRack/out-right	1	3	3	base	activation	92f961009ea880a1	92f961009ea880a1e45bae028f276f6c50133b56e3d3342da34f4b823449dff3	lerobot_groot_n15	n15	lerobot_groot_n15__robocasa365_ckpt120000		0	Fully slide the top dishwasher rack out.	robocasa_panda_omron/SlideDishwasherRack_PandaOmron_Env	100448	1300003	0	1			5		1	0	0.05	0.1	9	9	right	Fully slide the top dishwasher rack out.	0	all_token_full	groot_n15_dit_block_residual_full_tokens_denoise	"[""layer"",""denoise_step"",""model_token"",""feature_dim""]"	[7,4,49,1536]	[0,2,4,8,10,12,15]	n15_grid_v6_scene_jitter	grid_coord	meta	meta_json	77e745c37b0f/worker1/DishwasherRack/out-right/s1/j3/n3/base
77e745c37b0f	worker1	DishwasherRack/out-right	1	3	4	base	activation	e1f883f6d2f7fd6c	e1f883f6d2f7fd6c36cc609e5b034379e6625c75de1e575c1da140c43f79a170	lerobot_groot_n15	n15	lerobot_groot_n15__robocasa365_ckpt120000		0	Fully slide the top dishwasher rack out.	robocasa_panda_omron/SlideDishwasherRack_PandaOmron_Env	100448	1300004	0	1			5		1	0	0.05	0.1	9	9	right	Fully slide the top dishwasher rack out.	0	all_token_full	groot_n15_dit_block_residual_full_tokens_denoise	"[""layer"",""denoise_step"",""model_token"",""feature_dim""]"	[7,4,49,1536]	[0,2,4,8,10,12,15]	n15_grid_v6_scene_jitter	grid_coord	meta	meta_json	77e745c37b0f/worker1/DishwasherRack/out-right/s1/j3/n4/base
77e745c37b0f	worker1	DishwasherRack/out-right	1	3	5	base	activation	547b721f349c3e3c	547b721f349c3e3c04f554c9b6346fe014a26619e2d02214deed5a97963e4dac	lerobot_groot_n15	n15	lerobot_groot_n15__robocasa365_ckpt120000		0	Fully slide the top dishwasher rack out.	robocasa_panda_omron/SlideDishwasherRack_PandaOmron_Env	100448	1300005	0	0			5		1	0	0.05	0.1	9	9	right	Fully slide the top dishwasher rack out.	0	all_token_full	groot_n15_dit_block_residual_full_tokens_denoise	"[""layer"",""denoise_step"",""model_token"",""feature_dim""]"	[7,4,49,1536]	[0,2,4,8,10,12,15]	n15_grid_v6_scene_jitter	grid_coord	meta	meta_json	77e745c37b0f/worker1/DishwasherRack/out-right/s1/j3/n5/base
77e745c37b0f	worker1	DishwasherRack/out-right	1	3	6	base	activation	93e7463e66079913	93e7463e66079913e14d11e969ab89a0237855ca8a6f157e3c74293bb2f95448	lerobot_groot_n15	n15	lerobot_groot_n15__robocasa365_ckpt120000		0	Fully slide the top dishwasher rack out.	robocasa_panda_omron/SlideDishwasherRack_PandaOmron_Env	100448	1300006	0	1			5		1	0	0.05	0.1	9	9	right	Fully slide the top dishwasher rack out.	0	all_token_full	groot_n15_dit_block_residual_full_tokens_denoise	"[""layer"",""denoise_step"",""model_token"",""feature_dim""]"	[7,4,49,1536]	[0,2,4,8,10,12,15]	n15_grid_v6_scene_jitter	grid_coord	meta	meta_json	77e745c37b0f/worker1/DishwasherRack/out-right/s1/j3/n6/base
77e745c37b0f	worker1	DishwasherRack/out-right	1	3	7	base	activation	68864c3f3f1acacd	68864c3f3f1acacd51ed4c96349354ddb892431b87cdbcab5a37c577c7a68c9f	lerobot_groot_n15	n15	lerobot_groot_n15__robocasa365_ckpt120000		0	Fully slide the top dishwasher rack out.	robocasa_panda_omron/SlideDishwasherRack_PandaOmron_Env	100448	1300007	0	1			5		1	0	0.05	0.1	9	9	right	Fully slide the top dishwasher rack out.	0	all_token_full	groot_n15_dit_block_residual_full_tokens_denoise	"[""layer"",""denoise_step"",""model_token"",""feature_dim""]"	[7,4,49,1536]	[0,2,4,8,10,12,15]	n15_grid_v6_scene_jitter	grid_coord	meta	meta_json	77e745c37b0f/worker1/DishwasherRack/out-right/s1/j3/n7/base
77e745c37b0f	worker1	DishwasherRack/out-right	1	3	8	base	activation	3d8ca9dc5fb5d61a	3d8ca9dc5fb5d61abb40cb2982f7ad72bac7a49cfc22b10ce6002d29af97d178	lerobot_groot_n15	n15	lerobot_groot_n15__robocasa365_ckpt120000		0	Fully slide the top dishwasher rack out.	robocasa_panda_omron/SlideDishwasherRack_PandaOmron_Env	100448	1300008	0	1			5		1	0	0.05	0.1	9	9	right	Fully slide the top dishwasher rack out.	0	all_token_full	groot_n15_dit_block_residual_full_tokens_denoise	"[""layer"",""denoise_step"",""model_token"",""feature_dim""]"	[7,4,49,1536]	[0,2,4,8,10,12,15]	n15_grid_v6_scene_jitter	grid_coord	meta	meta_json	77e745c37b0f/worker1/DishwasherRack/out-right/s1/j3/n8/base
77e745c37b0f	worker1	DishwasherRack/out-right	1	3	9	base	activation	730864642404ca3a	730864642404ca3a3d7cfdbc02b32edd7f1c2b5874640ede35d819dd98ff2776	lerobot_groot_n15	n15	lerobot_groot_n15__robocasa365_ckpt120000		0	Fully slide the top dishwasher rack out.	robocasa_panda_omron/SlideDishwasherRack_PandaOmron_Env	100448	1300009	0	0			5		1	0	0.05	0.1	9	9	right	Fully slide the top dishwasher rack out.	0	all_token_full	groot_n15_dit_block_residual_full_tokens_denoise	"[""layer"",""denoise_step"",""model_token"",""feature_dim""]"	[7,4,49,1536]	[0,2,4,8,10,12,15]	n15_grid_v6_scene_jitter	grid_coord	meta	meta_json	77e745c37b0f/worker1/DishwasherRack/out-right/s1/j3/n9/base
77e745c37b0f	worker1	DishwasherRack/out-right	1	4	0	base	activation	0e3fc48471289cf6	0e3fc48471289cf6719436e2e5d9f13f9c5d65a821cf62814287f0920ea6ca17	lerobot_groot_n15	n15	lerobot_groot_n15__robocasa365_ckpt120000		0	Fully slide the top dishwasher rack out.	robocasa_panda_omron/SlideDishwasherRack_PandaOmron_Env	100448	1300000	0	0			5		1	0	0.05	0.15	9	9	right	Fully slide the top dishwasher rack out.	0	all_token_full	groot_n15_dit_block_residual_full_tokens_denoise	"[""layer"",""denoise_step"",""model_token"",""feature_dim""]"	[7,4,49,1536]	[0,2,4,8,10,12,15]	n15_grid_v6_scene_jitter	grid_coord	meta	meta_json	77e745c37b0f/worker1/DishwasherRack/out-right/s1/j4/n0/base
77e745c37b0f	worker1	DishwasherRack/out-right	1	4	1	base	activation	7897492e8fa4c9e0	7897492e8fa4c9e00e78050fef7897a71ee1310606d7e22b31972f162bce976f	lerobot_groot_n15	n15	lerobot_groot_n15__robocasa365_ckpt120000		0	Fully slide the top dishwasher rack out.	robocasa_panda_omron/SlideDishwasherRack_PandaOmron_Env	100448	1300001	0	0			5		1	0	0.05	0.15	9	9	right	Fully slide the top dishwasher rack out.	0	all_token_full	groot_n15_dit_block_residual_full_tokens_denoise	"[""layer"",""denoise_step"",""model_token"",""feature_dim""]"	[7,4,49,1536]	[0,2,4,8,10,12,15]	n15_grid_v6_scene_jitter	grid_coord	meta	meta_json	77e745c37b0f/worker1/DishwasherRack/out-right/s1/j4/n1/base
77e745c37b0f	worker1	DishwasherRack/out-right	1	4	2	base	activation	0460be697babce8c	0460be697babce8c94200298bf2937e88ace736cebbcb8e0a004ebc43aa4f91d	lerobot_groot_n15	n15	lerobot_groot_n15__robocasa365_ckpt120000		0	Fully slide the top dishwasher rack out.	robocasa_panda_omron/SlideDishwasherRack_PandaOmron_Env	100448	1300002	0	1			5		1	0	0.05	0.15	9	9	right	Fully slide the top dishwasher rack out.	0	all_token_full	groot_n15_dit_block_residual_full_tokens_denoise	"[""layer"",""denoise_step"",""model_token"",""feature_dim""]"	[7,4,49,1536]	[0,2,4,8,10,12,15]	n15_grid_v6_scene_jitter	grid_coord	meta	meta_json	77e745c37b0f/worker1/DishwasherRack/out-right/s1/j4/n2/base
77e745c37b0f	worker1	DishwasherRack/out-right	1	4	3	base	activation	cd67b98f47355d49	cd67b98f47355d49133d5bd3b714539a8e3fe6c2f7ac6094c42502858b54fef0	lerobot_groot_n15	n15	lerobot_groot_n15__robocasa365_ckpt120000		0	Fully slide the top dishwasher rack out.	robocasa_panda_omron/SlideDishwasherRack_PandaOmron_Env	100448	1300003	0	0			5		1	0	0.05	0.15	9	9	right	Fully slide the top dishwasher rack out.	0	all_token_full	groot_n15_dit_block_residual_full_tokens_denoise	"[""layer"",""denoise_step"",""model_token"",""feature_dim""]"	[7,4,49,1536]	[0,2,4,8,10,12,15]	n15_grid_v6_scene_jitter	grid_coord	meta	meta_json	77e745c37b0f/worker1/DishwasherRack/out-right/s1/j4/n3/base
77e745c37b0f	worker1	DishwasherRack/out-right	1	4	4	base	activation	edf42d72c2dcfda3	edf42d72c2dcfda3ff8b5b3817873f9ce61bc344ece4087e8e7e01648e736e6c	lerobot_groot_n15	n15	lerobot_groot_n15__robocasa365_ckpt120000		0	Fully slide the top dishwasher rack out.	robocasa_panda_omron/SlideDishwasherRack_PandaOmron_Env	100448	1300004	0	0			5		1	0	0.05	0.15	9	9	right	Fully slide the top dishwasher rack out.	0	all_token_full	groot_n15_dit_block_residual_full_tokens_denoise	"[""layer"",""denoise_step"",""model_token"",""feature_dim""]"	[7,4,49,1536]	[0,2,4,8,10,12,15]	n15_grid_v6_scene_jitter	grid_coord	meta	meta_json	77e745c37b0f/worker1/DishwasherRack/out-right/s1/j4/n4/base
77e745c37b0f	worker1	DishwasherRack/out-right	1	4	5	base	activation	43d00b8d1b81c879	43d00b8d1b81c879c86b6f06d05f90f391650d121be2e4f84b2492ec03972d4b	lerobot_groot_n15	n15	lerobot_groot_n15__robocasa365_ckpt120000		0	Fully slide the top dishwasher rack out.	robocasa_panda_omron/SlideDishwasherRack_PandaOmron_Env	100448	1300005	0	0			5		1	0	0.05	0.15	9	9	right	Fully slide the top dishwasher rack out.	0	all_token_full	groot_n15_dit_block_residual_full_tokens_denoise	"[""layer"",""denoise_step"",""model_token"",""feature_dim""]"	[7,4,49,1536]	[0,2,4,8,10,12,15]	n15_grid_v6_scene_jitter	grid_coord	meta	meta_json	77e745c37b0f/worker1/DishwasherRack/out-right/s1/j4/n5/base
77e745c37b0f	worker1	DishwasherRack/out-right	1	4	6	base	activation	a1a37d9b78d88fce	a1a37d9b78d88fce95f21ad0de31597015910c84a6c8a3273b93ce6f3f8f447b	lerobot_groot_n15	n15	lerobot_groot_n15__robocasa365_ckpt120000		0	Fully slide the top dishwasher rack out.	robocasa_panda_omron/SlideDishwasherRack_PandaOmron_Env	100448	1300006	0	0			5		1	0	0.05	0.15	9	9	right	Fully slide the top dishwasher rack out.	0	all_token_full	groot_n15_dit_block_residual_full_tokens_denoise	"[""layer"",""denoise_step"",""model_token"",""feature_dim""]"	[7,4,49,1536]	[0,2,4,8,10,12,15]	n15_grid_v6_scene_jitter	grid_coord	meta	meta_json	77e745c37b0f/worker1/DishwasherRack/out-right/s1/j4/n6/base
77e745c37b0f	worker1	DishwasherRack/out-right	1	4	7	base	activation	4e5b5aaf927b9057	4e5b5aaf927b90576c9664e214c1139470b95f3a653886560dc59ece7fdca8f0	lerobot_groot_n15	n15	lerobot_groot_n15__robocasa365_ckpt120000		0	Fully slide the top dishwasher rack out.	robocasa_panda_omron/SlideDishwasherRack_PandaOmron_Env	100448	1300007	0	0			5		1	0	0.05	0.15	9	9	right	Fully slide the top dishwasher rack out.	0	all_token_full	groot_n15_dit_block_residual_full_tokens_denoise	"[""layer"",""denoise_step"",""model_token"",""feature_dim""]"	[7,4,49,1536]	[0,2,4,8,10,12,15]	n15_grid_v6_scene_jitter	grid_coord	meta	meta_json	77e745c37b0f/worker1/DishwasherRack/out-right/s1/j4/n7/base
77e745c37b0f	worker1	DishwasherRack/out-right	1	4	8	base	activation	156d5c9fca70a50c	156d5c9fca70a50cba7ae83f8c8a17520ff7f6b688aa4c18f3e323c870420a6e	lerobot_groot_n15	n15	lerobot_groot_n15__robocasa365_ckpt120000		0	Fully slide the top dishwasher rack out.	robocasa_panda_omron/SlideDishwasherRack_PandaOmron_Env	100448	1300008	0	0			5		1	0	0.05	0.15	9	9	right	Fully slide the top dishwasher rack out.	0	all_token_full	groot_n15_dit_block_residual_full_tokens_denoise	"[""layer"",""denoise_step"",""model_token"",""feature_dim""]"	[7,4,49,1536]	[0,2,4,8,10,12,15]	n15_grid_v6_scene_jitter	grid_coord	meta	meta_json	77e745c37b0f/worker1/DishwasherRack/out-right/s1/j4/n8/base
77e745c37b0f	worker1	DishwasherRack/out-right	1	4	9	base	activation	525846f3a8e63f47	525846f3a8e63f47271ef5f8ef5781ffc25024070a965901956849d79caa059d	lerobot_groot_n15	n15	lerobot_groot_n15__robocasa365_ckpt120000		0	Fully slide the top dishwasher rack out.	robocasa_panda_omron/SlideDishwasherRack_PandaOmron_Env	100448	1300009	0	0			5		1	0	0.05	0.15	9	9	right	Fully slide the top dishwasher rack out.	0	all_token_full	groot_n15_dit_block_residual_full_tokens_denoise	"[""layer"",""denoise_step"",""model_token"",""feature_dim""]"	[7,4,49,1536]	[0,2,4,8,10,12,15]	n15_grid_v6_scene_jitter	grid_coord	meta	meta_json	77e745c37b0f/worker1/DishwasherRack/out-right/s1/j4/n9/base
77e745c37b0f	worker1	OvenRack/out-left	1	0	0	base	activation	2343f12e55ba5836	2343f12e55ba583682210c3d10047dfad29765c15f8478c4763b848892a2bef2	lerobot_groot_n15	n15	lerobot_groot_n15__robocasa365_ckpt120000		0	Fully slide the bottom oven rack out.	robocasa_panda_omron/SlideOvenRack_PandaOmron_Env	100754	1300000	0	0			5		1	0	0.0	0.0	9	9	left	Fully slide the bottom oven rack out.	0	all_token_full	groot_n15_dit_block_residual_full_tokens_denoise	"[""layer"",""denoise_step"",""model_token"",""feature_dim""]"	[7,4,49,1536]	[0,2,4,8,10,12,15]	n15_grid_v6_scene_jitter	grid_coord	meta	meta_json	77e745c37b0f/worker1/OvenRack/out-left/s1/j0/n0/base
77e745c37b0f	worker1	OvenRack/out-left	1	0	1	base	activation	7d3b5da8a66d0028	7d3b5da8a66d00289920f142f18429900cab589ef29d3d86a55b9795c9950aad	lerobot_groot_n15	n15	lerobot_groot_n15__robocasa365_ckpt120000		0	Fully slide the bottom oven rack out.	robocasa_panda_omron/SlideOvenRack_PandaOmron_Env	100754	1300001	0	0			5		1	0	0.0	0.0	9	9	left	Fully slide the bottom oven rack out.	0	all_token_full	groot_n15_dit_block_residual_full_tokens_denoise	"[""layer"",""denoise_step"",""model_token"",""feature_dim""]"	[7,4,49,1536]	[0,2,4,8,10,12,15]	n15_grid_v6_scene_jitter	grid_coord	meta	meta_json	77e745c37b0f/worker1/OvenRack/out-left/s1/j0/n1/base
77e745c37b0f	worker1	OvenRack/out-left	1	0	2	base	activation	3256a25f02712817	3256a25f02712817988c515b001d2763123accefb8df7cbe43ae4607dc2b1089	lerobot_groot_n15	n15	lerobot_groot_n15__robocasa365_ckpt120000		0	Fully slide the bottom oven rack out.	robocasa_panda_omron/SlideOvenRack_PandaOmron_Env	100754	1300002	0	0			5		1	0	0.0	0.0	9	9	left	Fully slide the bottom oven rack out.	0	all_token_full	groot_n15_dit_block_residual_full_tokens_denoise	"[""layer"",""denoise_step"",""model_token"",""feature_dim""]"	[7,4,49,1536]	[0,2,4,8,10,12,15]	n15_grid_v6_scene_jitter	grid_coord	meta	meta_json	77e745c37b0f/worker1/OvenRack/out-left/s1/j0/n2/base
77e745c37b0f	worker1	OvenRack/out-left	1	0	3	base	activation	2ea55d298aad66c3	2ea55d298aad66c322eb90c8d701a9581d6e6c2012e1456c6310fa6e3aa020c4	lerobot_groot_n15	n15	lerobot_groot_n15__robocasa365_ckpt120000		0	Fully slide the bottom oven rack out.	robocasa_panda_omron/SlideOvenRack_PandaOmron_Env	100754	1300003	0	0			5		1	0	0.0	0.0	9	9	left	Fully slide the bottom oven rack out.	0	all_token_full	groot_n15_dit_block_residual_full_tokens_denoise	"[""layer"",""denoise_step"",""model_token"",""feature_dim""]"	[7,4,49,1536]	[0,2,4,8,10,12,15]	n15_grid_v6_scene_jitter	grid_coord	meta	meta_json	77e745c37b0f/worker1/OvenRack/out-left/s1/j0/n3/base
77e745c37b0f	worker1	OvenRack/out-left	1	0	4	base	activation	db3e87ba8127b919	db3e87ba8127b919566e54da8556ed9f1c8d134fc3d9bb9230666b3912aff41e	lerobot_groot_n15	n15	lerobot_groot_n15__robocasa365_ckpt120000		0	Fully slide the bottom oven rack out.	robocasa_panda_omron/SlideOvenRack_PandaOmron_Env	100754	1300004	0	0			5		1	0	0.0	0.0	9	9	left	Fully slide the bottom oven rack out.	0	all_token_full	groot_n15_dit_block_residual_full_tokens_denoise	"[""layer"",""denoise_step"",""model_token"",""feature_dim""]"	[7,4,49,1536]	[0,2,4,8,10,12,15]	n15_grid_v6_scene_jitter	grid_coord	meta	meta_json	77e745c37b0f/worker1/OvenRack/out-left/s1/j0/n4/base
77e745c37b0f	worker1	OvenRack/out-left	1	0	5	base	activation	0fddbf5e3128f4ff	0fddbf5e3128f4ff6468d4947ba98cb0ec2630b8f4cdb613f117d4f8c2b5f55b	lerobot_groot_n15	n15	lerobot_groot_n15__robocasa365_ckpt120000		0	Fully slide the bottom oven rack out.	robocasa_panda_omron/SlideOvenRack_PandaOmron_Env	100754	1300005	0	0			5		1	0	0.0	0.0	9	9	left	Fully slide the bottom oven rack out.	0	all_token_full	groot_n15_dit_block_residual_full_tokens_denoise	"[""layer"",""denoise_step"",""model_token"",""feature_dim""]"	[7,4,49,1536]	[0,2,4,8,10,12,15]	n15_grid_v6_scene_jitter	grid_coord	meta	meta_json	77e745c37b0f/worker1/OvenRack/out-left/s1/j0/n5/base
77e745c37b0f	worker1	OvenRack/out-left	1	0	6	base	activation	0ca718ef9ed8ba0c	0ca718ef9ed8ba0cfdd41ea79e26314e1617e211cb96dad6b06d9bdba2116562	lerobot_groot_n15	n15	lerobot_groot_n15__robocasa365_ckpt120000		0	Fully slide the bottom oven rack out.	robocasa_panda_omron/SlideOvenRack_PandaOmron_Env	100754	1300006	0	1			5		1	0	0.0	0.0	9	9	left	Fully slide the bottom oven rack out.	0	all_token_full	groot_n15_dit_block_residual_full_tokens_denoise	"[""layer"",""denoise_step"",""model_token"",""feature_dim""]"	[7,4,49,1536]	[0,2,4,8,10,12,15]	n15_grid_v6_scene_jitter	grid_coord	meta	meta_json	77e745c37b0f/worker1/OvenRack/out-left/s1/j0/n6/base
77e745c37b0f	worker1	OvenRack/out-left	1	0	7	base	activation	42f8e26eac76b0ea	42f8e26eac76b0ea289e85b4b22103ed9fb5fc776223bcfecf3e386a9a9cc72b	lerobot_groot_n15	n15	lerobot_groot_n15__robocasa365_ckpt120000		0	Fully slide the bottom oven rack out.	robocasa_panda_omron/SlideOvenRack_PandaOmron_Env	100754	1300007	0	1			5		1	0	0.0	0.0	9	9	left	Fully slide the bottom oven rack out.	0	all_token_full	groot_n15_dit_block_residual_full_tokens_denoise	"[""layer"",""denoise_step"",""model_token"",""feature_dim""]"	[7,4,49,1536]	[0,2,4,8,10,12,15]	n15_grid_v6_scene_jitter	grid_coord	meta	meta_json	77e745c37b0f/worker1/OvenRack/out-left/s1/j0/n7/base
77e745c37b0f	worker1	OvenRack/out-left	1	0	8	base	activation	508fdd36156d6730	508fdd36156d6730e37f79d50eaadf5c5a4fa41fa28500e259a9ef3e49b31798	lerobot_groot_n15	n15	lerobot_groot_n15__robocasa365_ckpt120000		0	Fully slide the bottom oven rack out.	robocasa_panda_omron/SlideOvenRack_PandaOmron_Env	100754	1300008	0	0			5		1	0	0.0	0.0	9	9	left	Fully slide the bottom oven rack out.	0	all_token_full	groot_n15_dit_block_residual_full_tokens_denoise	"[""layer"",""denoise_step"",""model_token"",""feature_dim""]"	[7,4,49,1536]	[0,2,4,8,10,12,15]	n15_grid_v6_scene_jitter	grid_coord	meta	meta_json	77e745c37b0f/worker1/OvenRack/out-left/s1/j0/n8/base
77e745c37b0f	worker1	OvenRack/out-left	1	0	9	base	activation	667899efa2968aaa	667899efa2968aaac38842ed407d786279fcb4af112862fc18c57af0cd006f83	lerobot_groot_n15	n15	lerobot_groot_n15__robocasa365_ckpt120000		0	Fully slide the bottom oven rack out.	robocasa_panda_omron/SlideOvenRack_PandaOmron_Env	100754	1300009	0	1			5		1	0	0.0	0.0	9	9	left	Fully slide the bottom oven rack out.	0	all_token_full	groot_n15_dit_block_residual_full_tokens_denoise	"[""layer"",""denoise_step"",""model_token"",""feature_dim""]"	[7,4,49,1536]	[0,2,4,8,10,12,15]	n15_grid_v6_scene_jitter	grid_coord	meta	meta_json	77e745c37b0f/worker1/OvenRack/out-left/s1/j0/n9/base
77e745c37b0f	worker1	OvenRack/out-left	1	1	0	base	activation	08f44518ed79ddda	08f44518ed79dddaa516e5d8e30b7b1727cb599d9d982c805c079965af625a2a	lerobot_groot_n15	n15	lerobot_groot_n15__robocasa365_ckpt120000		0	Fully slide the bottom oven rack out.	robocasa_panda_omron/SlideOvenRack_PandaOmron_Env	100754	1300000	0	1			5		1	0	0.0	0.05	9	9	left	Fully slide the bottom oven rack out.	0	all_token_full	groot_n15_dit_block_residual_full_tokens_denoise	"[""layer"",""denoise_step"",""model_token"",""feature_dim""]"	[7,4,49,1536]	[0,2,4,8,10,12,15]	n15_grid_v6_scene_jitter	grid_coord	meta	meta_json	77e745c37b0f/worker1/OvenRack/out-left/s1/j1/n0/base
77e745c37b0f	worker1	OvenRack/out-left	1	1	1	base	activation	2fd602fd9ce1aace	2fd602fd9ce1aaced59db26da4eda146d1ff7691e83a498ad788d6905ca4dc30	lerobot_groot_n15	n15	lerobot_groot_n15__robocasa365_ckpt120000		0	Fully slide the bottom oven rack out.	robocasa_panda_omron/SlideOvenRack_PandaOmron_Env	100754	1300001	0	0			5		1	0	0.0	0.05	9	9	left	Fully slide the bottom oven rack out.	0	all_token_full	groot_n15_dit_block_residual_full_tokens_denoise	"[""layer"",""denoise_step"",""model_token"",""feature_dim""]"	[7,4,49,1536]	[0,2,4,8,10,12,15]	n15_grid_v6_scene_jitter	grid_coord	meta	meta_json	77e745c37b0f/worker1/OvenRack/out-left/s1/j1/n1/base
77e745c37b0f	worker1	OvenRack/out-left	1	1	2	base	activation	8d981b41f2141d81	8d981b41f2141d81214830514c82837a496914d05c447a0624c9314df1d03733	lerobot_groot_n15	n15	lerobot_groot_n15__robocasa365_ckpt120000		0	Fully slide the bottom oven rack out.	robocasa_panda_omron/SlideOvenRack_PandaOmron_Env	100754	1300002	0	1			5		1	0	0.0	0.05	9	9	left	Fully slide the bottom oven rack out.	0	all_token_full	groot_n15_dit_block_residual_full_tokens_denoise	"[""layer"",""denoise_step"",""model_token"",""feature_dim""]"	[7,4,49,1536]	[0,2,4,8,10,12,15]	n15_grid_v6_scene_jitter	grid_coord	meta	meta_json	77e745c37b0f/worker1/OvenRack/out-left/s1/j1/n2/base
77e745c37b0f	worker1	OvenRack/out-left	1	1	3	base	activation	7c18da22fdfb8892	7c18da22fdfb889257525516d7e774deead4c7d355491b360a70108aaa380fce	lerobot_groot_n15	n15	lerobot_groot_n15__robocasa365_ckpt120000		0	Fully slide the bottom oven rack out.	robocasa_panda_omron/SlideOvenRack_PandaOmron_Env	100754	1300003	0	1			5		1	0	0.0	0.05	9	9	left	Fully slide the bottom oven rack out.	0	all_token_full	groot_n15_dit_block_residual_full_tokens_denoise	"[""layer"",""denoise_step"",""model_token"",""feature_dim""]"	[7,4,49,1536]	[0,2,4,8,10,12,15]	n15_grid_v6_scene_jitter	grid_coord	meta	meta_json	77e745c37b0f/worker1/OvenRack/out-left/s1/j1/n3/base
77e745c37b0f	worker1	OvenRack/out-left	1	1	4	base	activation	2bccc3014e44d9a7	2bccc3014e44d9a71f99c4a069bf76281433953f9a3523d3eeb81029cf37c0c5	lerobot_groot_n15	n15	lerobot_groot_n15__robocasa365_ckpt120000		0	Fully slide the bottom oven rack out.	robocasa_panda_omron/SlideOvenRack_PandaOmron_Env	100754	1300004	0	1			5		1	0	0.0	0.05	9	9	left	Fully slide the bottom oven rack out.	0	all_token_full	groot_n15_dit_block_residual_full_tokens_denoise	"[""layer"",""denoise_step"",""model_token"",""feature_dim""]"	[7,4,49,1536]	[0,2,4,8,10,12,15]	n15_grid_v6_scene_jitter	grid_coord	meta	meta_json	77e745c37b0f/worker1/OvenRack/out-left/s1/j1/n4/base
77e745c37b0f	worker1	OvenRack/out-left	1	1	5	base	activation	8fd3a1bacc851e39	8fd3a1bacc851e3913f10bdb5043ea684ce51ba75fcb0309fa88c4891d0a83a9	lerobot_groot_n15	n15	lerobot_groot_n15__robocasa365_ckpt120000		0	Fully slide the bottom oven rack out.	robocasa_panda_omron/SlideOvenRack_PandaOmron_Env	100754	1300005	0	0			5		1	0	0.0	0.05	9	9	left	Fully slide the bottom oven rack out.	0	all_token_full	groot_n15_dit_block_residual_full_tokens_denoise	"[""layer"",""denoise_step"",""model_token"",""feature_dim""]"	[7,4,49,1536]	[0,2,4,8,10,12,15]	n15_grid_v6_scene_jitter	grid_coord	meta	meta_json	77e745c37b0f/worker1/OvenRack/out-left/s1/j1/n5/base
77e745c37b0f	worker1	OvenRack/out-left	1	1	6	base	activation	808e4cd1da11663d	808e4cd1da11663d327d9fa9dbdf5ef3a6fb5dcaaa1e246db4b2326b91fe9049	lerobot_groot_n15	n15	lerobot_groot_n15__robocasa365_ckpt120000		0	Fully slide the bottom oven rack out.	robocasa_panda_omron/SlideOvenRack_PandaOmron_Env	100754	1300006	0	0			5		1	0	0.0	0.05	9	9	left	Fully slide the bottom oven rack out.	0	all_token_full	groot_n15_dit_block_residual_full_tokens_denoise	"[""layer"",""denoise_step"",""model_token"",""feature_dim""]"	[7,4,49,1536]	[0,2,4,8,10,12,15]	n15_grid_v6_scene_jitter	grid_coord	meta	meta_json	77e745c37b0f/worker1/OvenRack/out-left/s1/j1/n6/base
77e745c37b0f	worker1	OvenRack/out-left	1	1	7	base	activation	f8c8d5f8ce989626	f8c8d5f8ce989626a598de3bf4d517deb8a17e5c75bbea9590a8e2ff618ae5dc	lerobot_groot_n15	n15	lerobot_groot_n15__robocasa365_ckpt120000		0	Fully slide the bottom oven rack out.	robocasa_panda_omron/SlideOvenRack_PandaOmron_Env	100754	1300007	0	1			5		1	0	0.0	0.05	9	9	left	Fully slide the bottom oven rack out.	0	all_token_full	groot_n15_dit_block_residual_full_tokens_denoise	"[""layer"",""denoise_step"",""model_token"",""feature_dim""]"	[7,4,49,1536]	[0,2,4,8,10,12,15]	n15_grid_v6_scene_jitter	grid_coord	meta	meta_json	77e745c37b0f/worker1/OvenRack/out-left/s1/j1/n7/base
77e745c37b0f	worker1	OvenRack/out-left	1	1	8	base	activation	1ab6263fa8527bc8	1ab6263fa8527bc82114741ae457a1c0566eeabfe91b3b13d556385bcfd03401	lerobot_groot_n15	n15	lerobot_groot_n15__robocasa365_ckpt120000		0	Fully slide the bottom oven rack out.	robocasa_panda_omron/SlideOvenRack_PandaOmron_Env	100754	1300008	0	1			5		1	0	0.0	0.05	9	9	left	Fully slide the bottom oven rack out.	0	all_token_full	groot_n15_dit_block_residual_full_tokens_denoise	"[""layer"",""denoise_step"",""model_token"",""feature_dim""]"	[7,4,49,1536]	[0,2,4,8,10,12,15]	n15_grid_v6_scene_jitter	grid_coord	meta	meta_json	77e745c37b0f/worker1/OvenRack/out-left/s1/j1/n8/base
77e745c37b0f	worker1	OvenRack/out-left	1	1	9	base	activation	15a4e3b5c501145a	15a4e3b5c501145a02c817ec596433b619a42768aa55bca7b0d207eaaf46188c	lerobot_groot_n15	n15	lerobot_groot_n15__robocasa365_ckpt120000		0	Fully slide the bottom oven rack out.	robocasa_panda_omron/SlideOvenRack_PandaOmron_Env	100754	1300009	0	0			5		1	0	0.0	0.05	9	9	left	Fully slide the bottom oven rack out.	0	all_token_full	groot_n15_dit_block_residual_full_tokens_denoise	"[""layer"",""denoise_step"",""model_token"",""feature_dim""]"	[7,4,49,1536]	[0,2,4,8,10,12,15]	n15_grid_v6_scene_jitter	grid_coord	meta	meta_json	77e745c37b0f/worker1/OvenRack/out-left/s1/j1/n9/base
77e745c37b0f	worker1	OvenRack/out-left	1	2	0	base	activation	6b74ad40f015aa69	6b74ad40f015aa697fcbc73035d3712657626945545a503e3807cc335f1896a5	lerobot_groot_n15	n15	lerobot_groot_n15__robocasa365_ckpt120000		0	Fully slide the bottom oven rack out.	robocasa_panda_omron/SlideOvenRack_PandaOmron_Env	100754	1300000	0	0			5		1	0	0.0	0.1	9	9	left	Fully slide the bottom oven rack out.	0	all_token_full	groot_n15_dit_block_residual_full_tokens_denoise	"[""layer"",""denoise_step"",""model_token"",""feature_dim""]"	[7,4,49,1536]	[0,2,4,8,10,12,15]	n15_grid_v6_scene_jitter	grid_coord	meta	meta_json	77e745c37b0f/worker1/OvenRack/out-left/s1/j2/n0/base
77e745c37b0f	worker1	OvenRack/out-left	1	2	1	base	activation	364b47e4184905ac	364b47e4184905acce0281afb0c65b3c5093306c024658ab50ca79a6ca739394	lerobot_groot_n15	n15	lerobot_groot_n15__robocasa365_ckpt120000		0	Fully slide the bottom oven rack out.	robocasa_panda_omron/SlideOvenRack_PandaOmron_Env	100754	1300001	0	0			5		1	0	0.0	0.1	9	9	left	Fully slide the bottom oven rack out.	0	all_token_full	groot_n15_dit_block_residual_full_tokens_denoise	"[""layer"",""denoise_step"",""model_token"",""feature_dim""]"	[7,4,49,1536]	[0,2,4,8,10,12,15]	n15_grid_v6_scene_jitter	grid_coord	meta	meta_json	77e745c37b0f/worker1/OvenRack/out-left/s1/j2/n1/base
77e745c37b0f	worker1	OvenRack/out-left	1	2	2	base	activation	9e9305d54fb19a9a	9e9305d54fb19a9aeeaf56db69a542cbdcf6a6ab38b5d021a575594958c2ee90	lerobot_groot_n15	n15	lerobot_groot_n15__robocasa365_ckpt120000		0	Fully slide the bottom oven rack out.	robocasa_panda_omron/SlideOvenRack_PandaOmron_Env	100754	1300002	0	1			5		1	0	0.0	0.1	9	9	left	Fully slide the bottom oven rack out.	0	all_token_full	groot_n15_dit_block_residual_full_tokens_denoise	"[""layer"",""denoise_step"",""model_token"",""feature_dim""]"	[7,4,49,1536]	[0,2,4,8,10,12,15]	n15_grid_v6_scene_jitter	grid_coord	meta	meta_json	77e745c37b0f/worker1/OvenRack/out-left/s1/j2/n2/base
77e745c37b0f	worker1	OvenRack/out-left	1	2	3	base	activation	afe48396eeed6bfc	afe48396eeed6bfcb32cb96455a47abd85482ca17a8398812f2288577b6038da	lerobot_groot_n15	n15	lerobot_groot_n15__robocasa365_ckpt120000		0	Fully slide the bottom oven rack out.	robocasa_panda_omron/SlideOvenRack_PandaOmron_Env	100754	1300003	0	1			5		1	0	0.0	0.1	9	9	left	Fully slide the bottom oven rack out.	0	all_token_full	groot_n15_dit_block_residual_full_tokens_denoise	"[""layer"",""denoise_step"",""model_token"",""feature_dim""]"	[7,4,49,1536]	[0,2,4,8,10,12,15]	n15_grid_v6_scene_jitter	grid_coord	meta	meta_json	77e745c37b0f/worker1/OvenRack/out-left/s1/j2/n3/base
77e745c37b0f	worker1	OvenRack/out-left	1	2	4	base	activation	5f069b9cb503c79a	5f069b9cb503c79adecd57d72d5ffc801c0209255f09cc712b2b4f4c21a8c3c6	lerobot_groot_n15	n15	lerobot_groot_n15__robocasa365_ckpt120000		0	Fully slide the bottom oven rack out.	robocasa_panda_omron/SlideOvenRack_PandaOmron_Env	100754	1300004	0	0			5		1	0	0.0	0.1	9	9	left	Fully slide the bottom oven rack out.	0	all_token_full	groot_n15_dit_block_residual_full_tokens_denoise	"[""layer"",""denoise_step"",""model_token"",""feature_dim""]"	[7,4,49,1536]	[0,2,4,8,10,12,15]	n15_grid_v6_scene_jitter	grid_coord	meta	meta_json	77e745c37b0f/worker1/OvenRack/out-left/s1/j2/n4/base
77e745c37b0f	worker1	OvenRack/out-left	1	2	5	base	activation	c0ad885bd852916d	c0ad885bd852916ddf03beceb6836344afbf61dfba359ae2eac974b78fe94440	lerobot_groot_n15	n15	lerobot_groot_n15__robocasa365_ckpt120000		0	Fully slide the bottom oven rack out.	robocasa_panda_omron/SlideOvenRack_PandaOmron_Env	100754	1300005	0	1			5		1	0	0.0	0.1	9	9	left	Fully slide the bottom oven rack out.	0	all_token_full	groot_n15_dit_block_residual_full_tokens_denoise	"[""layer"",""denoise_step"",""model_token"",""feature_dim""]"	[7,4,49,1536]	[0,2,4,8,10,12,15]	n15_grid_v6_scene_jitter	grid_coord	meta	meta_json	77e745c37b0f/worker1/OvenRack/out-left/s1/j2/n5/base
77e745c37b0f	worker1	OvenRack/out-left	1	2	6	base	activation	adde33c7eac58011	adde33c7eac58011d94c6c0a899c9c8a467cc0c1924e44f5cad4ca5cfa1b5b41	lerobot_groot_n15	n15	lerobot_groot_n15__robocasa365_ckpt120000		0	Fully slide the bottom oven rack out.	robocasa_panda_omron/SlideOvenRack_PandaOmron_Env	100754	1300006	0	1			5		1	0	0.0	0.1	9	9	left	Fully slide the bottom oven rack out.	0	all_token_full	groot_n15_dit_block_residual_full_tokens_denoise	"[""layer"",""denoise_step"",""model_token"",""feature_dim""]"	[7,4,49,1536]	[0,2,4,8,10,12,15]	n15_grid_v6_scene_jitter	grid_coord	meta	meta_json	77e745c37b0f/worker1/OvenRack/out-left/s1/j2/n6/base
77e745c37b0f	worker1	OvenRack/out-left	1	2	7	base	activation	92b274e8e4c1aef3	92b274e8e4c1aef3292bd555abaf9f8a5dc2c4972211814c80d42750b8018013	lerobot_groot_n15	n15	lerobot_groot_n15__robocasa365_ckpt120000		0	Fully slide the bottom oven rack out.	robocasa_panda_omron/SlideOvenRack_PandaOmron_Env	100754	1300007	0	0			5		1	0	0.0	0.1	9	9	left	Fully slide the bottom oven rack out.	0	all_token_full	groot_n15_dit_block_residual_full_tokens_denoise	"[""layer"",""denoise_step"",""model_token"",""feature_dim""]"	[7,4,49,1536]	[0,2,4,8,10,12,15]	n15_grid_v6_scene_jitter	grid_coord	meta	meta_json	77e745c37b0f/worker1/OvenRack/out-left/s1/j2/n7/base
77e745c37b0f	worker1	OvenRack/out-left	1	2	8	base	activation	f2a034a6a77e0905	f2a034a6a77e0905ecf38ea72d55ed8cba007e1ec84a2dec620e97bad4cb96d0	lerobot_groot_n15	n15	lerobot_groot_n15__robocasa365_ckpt120000		0	Fully slide the bottom oven rack out.	robocasa_panda_omron/SlideOvenRack_PandaOmron_Env	100754	1300008	0	0			5		1	0	0.0	0.1	9	9	left	Fully slide the bottom oven rack out.	0	all_token_full	groot_n15_dit_block_residual_full_tokens_denoise	"[""layer"",""denoise_step"",""model_token"",""feature_dim""]"	[7,4,49,1536]	[0,2,4,8,10,12,15]	n15_grid_v6_scene_jitter	grid_coord	meta	meta_json	77e745c37b0f/worker1/OvenRack/out-left/s1/j2/n8/base
77e745c37b0f	worker1	OvenRack/out-left	1	2	9	base	activation	decbbd43bd1ab5c7	decbbd43bd1ab5c749b57d60161ca5ea22fe847bcac195dc13b08904369461b2	lerobot_groot_n15	n15	lerobot_groot_n15__robocasa365_ckpt120000		0	Fully slide the bottom oven rack out.	robocasa_panda_omron/SlideOvenRack_PandaOmron_Env	100754	1300009	0	0			5		1	0	0.0	0.1	9	9	left	Fully slide the bottom oven rack out.	0	all_token_full	groot_n15_dit_block_residual_full_tokens_denoise	"[""layer"",""denoise_step"",""model_token"",""feature_dim""]"	[7,4,49,1536]	[0,2,4,8,10,12,15]	n15_grid_v6_scene_jitter	grid_coord	meta	meta_json	77e745c37b0f/worker1/OvenRack/out-left/s1/j2/n9/base
77e745c37b0f	worker1	OvenRack/out-left	1	3	0	base	activation	1f97a5f9170fb73f	1f97a5f9170fb73f28b728105f6cb6bea38cc91bbfcd64574c946654697aec19	lerobot_groot_n15	n15	lerobot_groot_n15__robocasa365_ckpt120000		0	Fully slide the bottom oven rack out.	robocasa_panda_omron/SlideOvenRack_PandaOmron_Env	100754	1300000	0	1			5		1	0	0.05	0.1	9	9	left	Fully slide the bottom oven rack out.	0	all_token_full	groot_n15_dit_block_residual_full_tokens_denoise	"[""layer"",""denoise_step"",""model_token"",""feature_dim""]"	[7,4,49,1536]	[0,2,4,8,10,12,15]	n15_grid_v6_scene_jitter	grid_coord	meta	meta_json	77e745c37b0f/worker1/OvenRack/out-left/s1/j3/n0/base
77e745c37b0f	worker1	OvenRack/out-left	1	3	1	base	activation	1f7d8986d5616e79	1f7d8986d5616e79af8fd8ddfe7e324850f2741d5a313bd533bf55d7d792c1a8	lerobot_groot_n15	n15	lerobot_groot_n15__robocasa365_ckpt120000		0	Fully slide the bottom oven rack out.	robocasa_panda_omron/SlideOvenRack_PandaOmron_Env	100754	1300001	0	1			5		1	0	0.05	0.1	9	9	left	Fully slide the bottom oven rack out.	0	all_token_full	groot_n15_dit_block_residual_full_tokens_denoise	"[""layer"",""denoise_step"",""model_token"",""feature_dim""]"	[7,4,49,1536]	[0,2,4,8,10,12,15]	n15_grid_v6_scene_jitter	grid_coord	meta	meta_json	77e745c37b0f/worker1/OvenRack/out-left/s1/j3/n1/base
77e745c37b0f	worker1	OvenRack/out-left	1	3	2	base	activation	cb630fc4c2480b3f	cb630fc4c2480b3f33e3f34da01168cb97a5c6ef6fb8e2724691a2995053f1a9	lerobot_groot_n15	n15	lerobot_groot_n15__robocasa365_ckpt120000		0	Fully slide the bottom oven rack out.	robocasa_panda_omron/SlideOvenRack_PandaOmron_Env	100754	1300002	0	1			5		1	0	0.05	0.1	9	9	left	Fully slide the bottom oven rack out.	0	all_token_full	groot_n15_dit_block_residual_full_tokens_denoise	"[""layer"",""denoise_step"",""model_token"",""feature_dim""]"	[7,4,49,1536]	[0,2,4,8,10,12,15]	n15_grid_v6_scene_jitter	grid_coord	meta	meta_json	77e745c37b0f/worker1/OvenRack/out-left/s1/j3/n2/base
77e745c37b0f	worker1	OvenRack/out-left	1	3	3	base	activation	6ebcddee6ee43d44	6ebcddee6ee43d44ee3b7869b9cafa866a49dffdb662806d119a033cf3c7336e	lerobot_groot_n15	n15	lerobot_groot_n15__robocasa365_ckpt120000		0	Fully slide the bottom oven rack out.	robocasa_panda_omron/SlideOvenRack_PandaOmron_Env	100754	1300003	0	1			5		1	0	0.05	0.1	9	9	left	Fully slide the bottom oven rack out.	0	all_token_full	groot_n15_dit_block_residual_full_tokens_denoise	"[""layer"",""denoise_step"",""model_token"",""feature_dim""]"	[7,4,49,1536]	[0,2,4,8,10,12,15]	n15_grid_v6_scene_jitter	grid_coord	meta	meta_json	77e745c37b0f/worker1/OvenRack/out-left/s1/j3/n3/base
77e745c37b0f	worker1	OvenRack/out-left	1	3	4	base	activation	43c86d9a16c8f0b3	43c86d9a16c8f0b3ebb79d60b98ecd4416408b44c08e085972a359d6494fb9a8	lerobot_groot_n15	n15	lerobot_groot_n15__robocasa365_ckpt120000		0	Fully slide the bottom oven rack out.	robocasa_panda_omron/SlideOvenRack_PandaOmron_Env	100754	1300004	0	1			5		1	0	0.05	0.1	9	9	left	Fully slide the bottom oven rack out.	0	all_token_full	groot_n15_dit_block_residual_full_tokens_denoise	"[""layer"",""denoise_step"",""model_token"",""feature_dim""]"	[7,4,49,1536]	[0,2,4,8,10,12,15]	n15_grid_v6_scene_jitter	grid_coord	meta	meta_json	77e745c37b0f/worker1/OvenRack/out-left/s1/j3/n4/base
77e745c37b0f	worker1	OvenRack/out-left	1	3	5	base	activation	d67a3c18ef5b8d1e	d67a3c18ef5b8d1efd9bae74a7f11588800ab9e3aa4792cdaa5bd1c4a8fada1d	lerobot_groot_n15	n15	lerobot_groot_n15__robocasa365_ckpt120000		0	Fully slide the bottom oven rack out.	robocasa_panda_omron/SlideOvenRack_PandaOmron_Env	100754	1300005	0	1			5		1	0	0.05	0.1	9	9	left	Fully slide the bottom oven rack out.	0	all_token_full	groot_n15_dit_block_residual_full_tokens_denoise	"[""layer"",""denoise_step"",""model_token"",""feature_dim""]"	[7,4,49,1536]	[0,2,4,8,10,12,15]	n15_grid_v6_scene_jitter	grid_coord	meta	meta_json	77e745c37b0f/worker1/OvenRack/out-left/s1/j3/n5/base
77e745c37b0f	worker1	OvenRack/out-left	1	3	6	base	activation	d1ccced47fd863ce	d1ccced47fd863cecb089b263d8b56b87f2031ef37451719ff009e937e9b4600	lerobot_groot_n15	n15	lerobot_groot_n15__robocasa365_ckpt120000		0	Fully slide the bottom oven rack out.	robocasa_panda_omron/SlideOvenRack_PandaOmron_Env	100754	1300006	0	1			5		1	0	0.05	0.1	9	9	left	Fully slide the bottom oven rack out.	0	all_token_full	groot_n15_dit_block_residual_full_tokens_denoise	"[""layer"",""denoise_step"",""model_token"",""feature_dim""]"	[7,4,49,1536]	[0,2,4,8,10,12,15]	n15_grid_v6_scene_jitter	grid_coord	meta	meta_json	77e745c37b0f/worker1/OvenRack/out-left/s1/j3/n6/base
77e745c37b0f	worker1	OvenRack/out-left	1	3	7	base	activation	fb06db7611e739a8	fb06db7611e739a89971cbdbedee217da0189a5958eb6897c335b2460af9821b	lerobot_groot_n15	n15	lerobot_groot_n15__robocasa365_ckpt120000		0	Fully slide the bottom oven rack out.	robocasa_panda_omron/SlideOvenRack_PandaOmron_Env	100754	1300007	0	1			5		1	0	0.05	0.1	9	9	left	Fully slide the bottom oven rack out.	0	all_token_full	groot_n15_dit_block_residual_full_tokens_denoise	"[""layer"",""denoise_step"",""model_token"",""feature_dim""]"	[7,4,49,1536]	[0,2,4,8,10,12,15]	n15_grid_v6_scene_jitter	grid_coord	meta	meta_json	77e745c37b0f/worker1/OvenRack/out-left/s1/j3/n7/base
77e745c37b0f	worker1	OvenRack/out-left	1	3	8	base	activation	93957cc69aedd3e0	93957cc69aedd3e05ab94bd224995c1f89cc25a5bd2924d405606748e1e81bc4	lerobot_groot_n15	n15	lerobot_groot_n15__robocasa365_ckpt120000		0	Fully slide the bottom oven rack out.	robocasa_panda_omron/SlideOvenRack_PandaOmron_Env	100754	1300008	0	1			5		1	0	0.05	0.1	9	9	left	Fully slide the bottom oven rack out.	0	all_token_full	groot_n15_dit_block_residual_full_tokens_denoise	"[""layer"",""denoise_step"",""model_token"",""feature_dim""]"	[7,4,49,1536]	[0,2,4,8,10,12,15]	n15_grid_v6_scene_jitter	grid_coord	meta	meta_json	77e745c37b0f/worker1/OvenRack/out-left/s1/j3/n8/base
77e745c37b0f	worker1	OvenRack/out-left	1	3	9	base	activation	946346cc0f576a71	946346cc0f576a710b98b531f2d36c1bc095dee56b83f2a5e6ad5406390f9e25	lerobot_groot_n15	n15	lerobot_groot_n15__robocasa365_ckpt120000		0	Fully slide the bottom oven rack out.	robocasa_panda_omron/SlideOvenRack_PandaOmron_Env	100754	1300009	0	1			5		1	0	0.05	0.1	9	9	left	Fully slide the bottom oven rack out.	0	all_token_full	groot_n15_dit_block_residual_full_tokens_denoise	"[""layer"",""denoise_step"",""model_token"",""feature_dim""]"	[7,4,49,1536]	[0,2,4,8,10,12,15]	n15_grid_v6_scene_jitter	grid_coord	meta	meta_json	77e745c37b0f/worker1/OvenRack/out-left/s1/j3/n9/base
77e745c37b0f	worker1	OvenRack/out-left	1	4	0	base	activation	ce29f41a8e2add58	ce29f41a8e2add58db3eeb596742d4a4f8bce28bc7ed43d5f61d14a9f907cc23	lerobot_groot_n15	n15	lerobot_groot_n15__robocasa365_ckpt120000		0	Fully slide the bottom oven rack out.	robocasa_panda_omron/SlideOvenRack_PandaOmron_Env	100754	1300000	0	0			5		1	0	0.05	0.15	9	9	left	Fully slide the bottom oven rack out.	0	all_token_full	groot_n15_dit_block_residual_full_tokens_denoise	"[""layer"",""denoise_step"",""model_token"",""feature_dim""]"	[7,4,49,1536]	[0,2,4,8,10,12,15]	n15_grid_v6_scene_jitter	grid_coord	meta	meta_json	77e745c37b0f/worker1/OvenRack/out-left/s1/j4/n0/base
77e745c37b0f	worker1	OvenRack/out-left	1	4	1	base	activation	f76c1d1e88b0fbb9	f76c1d1e88b0fbb98472089cf1aa95884366f18831b3db93fdd5177998148e0a	lerobot_groot_n15	n15	lerobot_groot_n15__robocasa365_ckpt120000		0	Fully slide the bottom oven rack out.	robocasa_panda_omron/SlideOvenRack_PandaOmron_Env	100754	1300001	0	0			5		1	0	0.05	0.15	9	9	left	Fully slide the bottom oven rack out.	0	all_token_full	groot_n15_dit_block_residual_full_tokens_denoise	"[""layer"",""denoise_step"",""model_token"",""feature_dim""]"	[7,4,49,1536]	[0,2,4,8,10,12,15]	n15_grid_v6_scene_jitter	grid_coord	meta	meta_json	77e745c37b0f/worker1/OvenRack/out-left/s1/j4/n1/base
77e745c37b0f	worker1	OvenRack/out-left	1	4	2	base	activation	d3e5af4fe6bbb7c3	d3e5af4fe6bbb7c3019d187c9f81f2306b30f1b636f505720da7ccef6a00b78f	lerobot_groot_n15	n15	lerobot_groot_n15__robocasa365_ckpt120000		0	Fully slide the bottom oven rack out.	robocasa_panda_omron/SlideOvenRack_PandaOmron_Env	100754	1300002	0	0			5		1	0	0.05	0.15	9	9	left	Fully slide the bottom oven rack out.	0	all_token_full	groot_n15_dit_block_residual_full_tokens_denoise	"[""layer"",""denoise_step"",""model_token"",""feature_dim""]"	[7,4,49,1536]	[0,2,4,8,10,12,15]	n15_grid_v6_scene_jitter	grid_coord	meta	meta_json	77e745c37b0f/worker1/OvenRack/out-left/s1/j4/n2/base
77e745c37b0f	worker1	OvenRack/out-left	1	4	3	base	activation	9881532caa0f0264	9881532caa0f0264448d03a71d46d34ceb791dad6b0adb9abb59740f5b3ebd9b	lerobot_groot_n15	n15	lerobot_groot_n15__robocasa365_ckpt120000		0	Fully slide the bottom oven rack out.	robocasa_panda_omron/SlideOvenRack_PandaOmron_Env	100754	1300003	0	1			5		1	0	0.05	0.15	9	9	left	Fully slide the bottom oven rack out.	0	all_token_full	groot_n15_dit_block_residual_full_tokens_denoise	"[""layer"",""denoise_step"",""model_token"",""feature_dim""]"	[7,4,49,1536]	[0,2,4,8,10,12,15]	n15_grid_v6_scene_jitter	grid_coord	meta	meta_json	77e745c37b0f/worker1/OvenRack/out-left/s1/j4/n3/base
77e745c37b0f	worker1	OvenRack/out-left	1	4	4	base	activation	893d1a975785a83f	893d1a975785a83f565bb1bafaa0b4c1876b4e24bef0c1cc1976c94a156067fe	lerobot_groot_n15	n15	lerobot_groot_n15__robocasa365_ckpt120000		0	Fully slide the bottom oven rack out.	robocasa_panda_omron/SlideOvenRack_PandaOmron_Env	100754	1300004	0	1			5		1	0	0.05	0.15	9	9	left	Fully slide the bottom oven rack out.	0	all_token_full	groot_n15_dit_block_residual_full_tokens_denoise	"[""layer"",""denoise_step"",""model_token"",""feature_dim""]"	[7,4,49,1536]	[0,2,4,8,10,12,15]	n15_grid_v6_scene_jitter	grid_coord	meta	meta_json	77e745c37b0f/worker1/OvenRack/out-left/s1/j4/n4/base
77e745c37b0f	worker1	OvenRack/out-left	1	4	5	base	activation	0d962261676b405b	0d962261676b405b4b5022c5db7ea3c16babdfee369bbc054f5b4c29233e2355	lerobot_groot_n15	n15	lerobot_groot_n15__robocasa365_ckpt120000		0	Fully slide the bottom oven rack out.	robocasa_panda_omron/SlideOvenRack_PandaOmron_Env	100754	1300005	0	0			5		1	0	0.05	0.15	9	9	left	Fully slide the bottom oven rack out.	0	all_token_full	groot_n15_dit_block_residual_full_tokens_denoise	"[""layer"",""denoise_step"",""model_token"",""feature_dim""]"	[7,4,49,1536]	[0,2,4,8,10,12,15]	n15_grid_v6_scene_jitter	grid_coord	meta	meta_json	77e745c37b0f/worker1/OvenRack/out-left/s1/j4/n5/base
77e745c37b0f	worker1	OvenRack/out-left	1	4	6	base	activation	dc96e7abbe446794	dc96e7abbe446794c5eb7fc9a160d9a271329cafe3733487859b4f1a32c2d5bb	lerobot_groot_n15	n15	lerobot_groot_n15__robocasa365_ckpt120000		0	Fully slide the bottom oven rack out.	robocasa_panda_omron/SlideOvenRack_PandaOmron_Env	100754	1300006	0	0			5		1	0	0.05	0.15	9	9	left	Fully slide the bottom oven rack out.	0	all_token_full	groot_n15_dit_block_residual_full_tokens_denoise	"[""layer"",""denoise_step"",""model_token"",""feature_dim""]"	[7,4,49,1536]	[0,2,4,8,10,12,15]	n15_grid_v6_scene_jitter	grid_coord	meta	meta_json	77e745c37b0f/worker1/OvenRack/out-left/s1/j4/n6/base
77e745c37b0f	worker1	OvenRack/out-left	1	4	7	base	activation	bced30185b5c71e0	bced30185b5c71e0026801430051b19e2511cb2e2352e426adeaa39205c6df59	lerobot_groot_n15	n15	lerobot_groot_n15__robocasa365_ckpt120000		0	Fully slide the bottom oven rack out.	robocasa_panda_omron/SlideOvenRack_PandaOmron_Env	100754	1300007	0	0			5		1	0	0.05	0.15	9	9	left	Fully slide the bottom oven rack out.	0	all_token_full	groot_n15_dit_block_residual_full_tokens_denoise	"[""layer"",""denoise_step"",""model_token"",""feature_dim""]"	[7,4,49,1536]	[0,2,4,8,10,12,15]	n15_grid_v6_scene_jitter	grid_coord	meta	meta_json	77e745c37b0f/worker1/OvenRack/out-left/s1/j4/n7/base
77e745c37b0f	worker1	OvenRack/out-left	1	4	8	base	activation	962f7fc7911de610	962f7fc7911de6104ec71b394748e7da232c0afd0a439a685aa0205fc595f2a1	lerobot_groot_n15	n15	lerobot_groot_n15__robocasa365_ckpt120000		0	Fully slide the bottom oven rack out.	robocasa_panda_omron/SlideOvenRack_PandaOmron_Env	100754	1300008	0	0			5		1	0	0.05	0.15	9	9	left	Fully slide the bottom oven rack out.	0	all_token_full	groot_n15_dit_block_residual_full_tokens_denoise	"[""layer"",""denoise_step"",""model_token"",""feature_dim""]"	[7,4,49,1536]	[0,2,4,8,10,12,15]	n15_grid_v6_scene_jitter	grid_coord	meta	meta_json	77e745c37b0f/worker1/OvenRack/out-left/s1/j4/n8/base
77e745c37b0f	worker1	OvenRack/out-left	1	4	9	base	activation	de35e286218aead5	de35e286218aead5ac98612d6c3d7a3482a3c3be494435381c9ae0e8517da7fe	lerobot_groot_n15	n15	lerobot_groot_n15__robocasa365_ckpt120000		0	Fully slide the bottom oven rack out.	robocasa_panda_omron/SlideOvenRack_PandaOmron_Env	100754	1300009	0	0			5		1	0	0.05	0.15	9	9	left	Fully slide the bottom oven rack out.	0	all_token_full	groot_n15_dit_block_residual_full_tokens_denoise	"[""layer"",""denoise_step"",""model_token"",""feature_dim""]"	[7,4,49,1536]	[0,2,4,8,10,12,15]	n15_grid_v6_scene_jitter	grid_coord	meta	meta_json	77e745c37b0f/worker1/OvenRack/out-left/s1/j4/n9/base
77e745c37b0f	worker1	OvenRack/out-right	2	0	0	base	activation	09df7e3b34d26093	09df7e3b34d26093b1e30b96c033c3ae88471dc17a35ed0da1ea6c6c49501f39	lerobot_groot_n15	n15	lerobot_groot_n15__robocasa365_ckpt120000		0	Fully slide the bottom oven rack out.	robocasa_panda_omron/SlideOvenRack_PandaOmron_Env	100458	1300000	0	1			5		1	0	0.0	0.0	7	7	right	Fully slide the bottom oven rack out.	0	all_token_full	groot_n15_dit_block_residual_full_tokens_denoise	"[""layer"",""denoise_step"",""model_token"",""feature_dim""]"	[7,4,49,1536]	[0,2,4,8,10,12,15]	n15_grid_v6_scene_jitter	grid_coord	meta	meta_json	77e745c37b0f/worker1/OvenRack/out-right/s2/j0/n0/base
77e745c37b0f	worker1	OvenRack/out-right	2	0	1	base	activation	dd26f46329cbcea9	dd26f46329cbcea926eff5234414651cab254990e20103e343881cb6173ffa7f	lerobot_groot_n15	n15	lerobot_groot_n15__robocasa365_ckpt120000		0	Fully slide the bottom oven rack out.	robocasa_panda_omron/SlideOvenRack_PandaOmron_Env	100458	1300001	0	1			5		1	0	0.0	0.0	7	7	right	Fully slide the bottom oven rack out.	0	all_token_full	groot_n15_dit_block_residual_full_tokens_denoise	"[""layer"",""denoise_step"",""model_token"",""feature_dim""]"	[7,4,49,1536]	[0,2,4,8,10,12,15]	n15_grid_v6_scene_jitter	grid_coord	meta	meta_json	77e745c37b0f/worker1/OvenRack/out-right/s2/j0/n1/base
77e745c37b0f	worker1	OvenRack/out-right	2	0	2	base	activation	8799ed87c793a4be	8799ed87c793a4be9c5c216f93288ffce92c5161dd064b2a9a5913ca167c280b	lerobot_groot_n15	n15	lerobot_groot_n15__robocasa365_ckpt120000		0	Fully slide the bottom oven rack out.	robocasa_panda_omron/SlideOvenRack_PandaOmron_Env	100458	1300002	0	1			5		1	0	0.0	0.0	7	7	right	Fully slide the bottom oven rack out.	0	all_token_full	groot_n15_dit_block_residual_full_tokens_denoise	"[""layer"",""denoise_step"",""model_token"",""feature_dim""]"	[7,4,49,1536]	[0,2,4,8,10,12,15]	n15_grid_v6_scene_jitter	grid_coord	meta	meta_json	77e745c37b0f/worker1/OvenRack/out-right/s2/j0/n2/base
77e745c37b0f	worker1	OvenRack/out-right	2	0	3	base	activation	1aab1da019b5e03b	1aab1da019b5e03ba9db7c412a7acdda18adfd5ad75d4452cff5e2a5b6952834	lerobot_groot_n15	n15	lerobot_groot_n15__robocasa365_ckpt120000		0	Fully slide the bottom oven rack out.	robocasa_panda_omron/SlideOvenRack_PandaOmron_Env	100458	1300003	0	1			5		1	0	0.0	0.0	7	7	right	Fully slide the bottom oven rack out.	0	all_token_full	groot_n15_dit_block_residual_full_tokens_denoise	"[""layer"",""denoise_step"",""model_token"",""feature_dim""]"	[7,4,49,1536]	[0,2,4,8,10,12,15]	n15_grid_v6_scene_jitter	grid_coord	meta	meta_json	77e745c37b0f/worker1/OvenRack/out-right/s2/j0/n3/base
77e745c37b0f	worker1	OvenRack/out-right	2	0	4	base	activation	fbad977e8d0ffaa3	fbad977e8d0ffaa306240c0c1d958be4eba0acfe0d802c4b7ab80603c36e9462	lerobot_groot_n15	n15	lerobot_groot_n15__robocasa365_ckpt120000		0	Fully slide the bottom oven rack out.	robocasa_panda_omron/SlideOvenRack_PandaOmron_Env	100458	1300004	0	1			5		1	0	0.0	0.0	7	7	right	Fully slide the bottom oven rack out.	0	all_token_full	groot_n15_dit_block_residual_full_tokens_denoise	"[""layer"",""denoise_step"",""model_token"",""feature_dim""]"	[7,4,49,1536]	[0,2,4,8,10,12,15]	n15_grid_v6_scene_jitter	grid_coord	meta	meta_json	77e745c37b0f/worker1/OvenRack/out-right/s2/j0/n4/base
77e745c37b0f	worker1	OvenRack/out-right	2	0	5	base	activation	4ba34dba8d64751d	4ba34dba8d64751df1cf78c3e7ede066a2fc79ef259b7d76d62378b355a947d0	lerobot_groot_n15	n15	lerobot_groot_n15__robocasa365_ckpt120000		0	Fully slide the bottom oven rack out.	robocasa_panda_omron/SlideOvenRack_PandaOmron_Env	100458	1300005	0	1			5		1	0	0.0	0.0	7	7	right	Fully slide the bottom oven rack out.	0	all_token_full	groot_n15_dit_block_residual_full_tokens_denoise	"[""layer"",""denoise_step"",""model_token"",""feature_dim""]"	[7,4,49,1536]	[0,2,4,8,10,12,15]	n15_grid_v6_scene_jitter	grid_coord	meta	meta_json	77e745c37b0f/worker1/OvenRack/out-right/s2/j0/n5/base
77e745c37b0f	worker1	OvenRack/out-right	2	0	6	base	activation	1052b388fbec251c	1052b388fbec251c1ceb534dffd4cb288be81b3e9c5a80353926873a8af8f3c7	lerobot_groot_n15	n15	lerobot_groot_n15__robocasa365_ckpt120000		0	Fully slide the bottom oven rack out.	robocasa_panda_omron/SlideOvenRack_PandaOmron_Env	100458	1300006	0	1			5		1	0	0.0	0.0	7	7	right	Fully slide the bottom oven rack out.	0	all_token_full	groot_n15_dit_block_residual_full_tokens_denoise	"[""layer"",""denoise_step"",""model_token"",""feature_dim""]"	[7,4,49,1536]	[0,2,4,8,10,12,15]	n15_grid_v6_scene_jitter	grid_coord	meta	meta_json	77e745c37b0f/worker1/OvenRack/out-right/s2/j0/n6/base
77e745c37b0f	worker1	OvenRack/out-right	2	0	7	base	activation	202acbf5136ed491	202acbf5136ed49139eb1163bf9ac271e336f1133898f79dd224464c7a194df8	lerobot_groot_n15	n15	lerobot_groot_n15__robocasa365_ckpt120000		0	Fully slide the bottom oven rack out.	robocasa_panda_omron/SlideOvenRack_PandaOmron_Env	100458	1300007	0	1			5		1	0	0.0	0.0	7	7	right	Fully slide the bottom oven rack out.	0	all_token_full	groot_n15_dit_block_residual_full_tokens_denoise	"[""layer"",""denoise_step"",""model_token"",""feature_dim""]"	[7,4,49,1536]	[0,2,4,8,10,12,15]	n15_grid_v6_scene_jitter	grid_coord	meta	meta_json	77e745c37b0f/worker1/OvenRack/out-right/s2/j0/n7/base
77e745c37b0f	worker1	OvenRack/out-right	2	0	8	base	activation	09f87e924eae3053	09f87e924eae3053d4781ccffc071293d21957987c10051dab59928cd8343d88	lerobot_groot_n15	n15	lerobot_groot_n15__robocasa365_ckpt120000		0	Fully slide the bottom oven rack out.	robocasa_panda_omron/SlideOvenRack_PandaOmron_Env	100458	1300008	0	1			5		1	0	0.0	0.0	7	7	right	Fully slide the bottom oven rack out.	0	all_token_full	groot_n15_dit_block_residual_full_tokens_denoise	"[""layer"",""denoise_step"",""model_token"",""feature_dim""]"	[7,4,49,1536]	[0,2,4,8,10,12,15]	n15_grid_v6_scene_jitter	grid_coord	meta	meta_json	77e745c37b0f/worker1/OvenRack/out-right/s2/j0/n8/base
77e745c37b0f	worker1	OvenRack/out-right	2	0	9	base	activation	8326367e939d8bc3	8326367e939d8bc3c490afe2bbdb68d8d915394e8b0b57a3ef897b783bad18cb	lerobot_groot_n15	n15	lerobot_groot_n15__robocasa365_ckpt120000		0	Fully slide the bottom oven rack out.	robocasa_panda_omron/SlideOvenRack_PandaOmron_Env	100458	1300009	0	1			5		1	0	0.0	0.0	7	7	right	Fully slide the bottom oven rack out.	0	all_token_full	groot_n15_dit_block_residual_full_tokens_denoise	"[""layer"",""denoise_step"",""model_token"",""feature_dim""]"	[7,4,49,1536]	[0,2,4,8,10,12,15]	n15_grid_v6_scene_jitter	grid_coord	meta	meta_json	77e745c37b0f/worker1/OvenRack/out-right/s2/j0/n9/base
77e745c37b0f	worker1	OvenRack/out-right	2	1	0	base	activation	ebafe1237f8420d2	ebafe1237f8420d2e6bac4e5ba4651371ac679fd531999d5fe27a6d929c6b445	lerobot_groot_n15	n15	lerobot_groot_n15__robocasa365_ckpt120000		0	Fully slide the bottom oven rack out.	robocasa_panda_omron/SlideOvenRack_PandaOmron_Env	100458	1300000	0	1			5		1	0	0.0	0.05	7	7	right	Fully slide the bottom oven rack out.	0	all_token_full	groot_n15_dit_block_residual_full_tokens_denoise	"[""layer"",""denoise_step"",""model_token"",""feature_dim""]"	[7,4,49,1536]	[0,2,4,8,10,12,15]	n15_grid_v6_scene_jitter	grid_coord	meta	meta_json	77e745c37b0f/worker1/OvenRack/out-right/s2/j1/n0/base
77e745c37b0f	worker1	OvenRack/out-right	2	1	1	base	activation	0113608ebc5ce1ff	0113608ebc5ce1ff94481782eb91ac57cde9b7593b2dadefa6c2b05d753a2095	lerobot_groot_n15	n15	lerobot_groot_n15__robocasa365_ckpt120000		0	Fully slide the bottom oven rack out.	robocasa_panda_omron/SlideOvenRack_PandaOmron_Env	100458	1300001	0	1			5		1	0	0.0	0.05	7	7	right	Fully slide the bottom oven rack out.	0	all_token_full	groot_n15_dit_block_residual_full_tokens_denoise	"[""layer"",""denoise_step"",""model_token"",""feature_dim""]"	[7,4,49,1536]	[0,2,4,8,10,12,15]	n15_grid_v6_scene_jitter	grid_coord	meta	meta_json	77e745c37b0f/worker1/OvenRack/out-right/s2/j1/n1/base
77e745c37b0f	worker1	OvenRack/out-right	2	1	2	base	activation	d672ecd9d39a0481	d672ecd9d39a04817b80ebb0329d68b1958df2f4ae5885e64f983de438ee7291	lerobot_groot_n15	n15	lerobot_groot_n15__robocasa365_ckpt120000		0	Fully slide the bottom oven rack out.	robocasa_panda_omron/SlideOvenRack_PandaOmron_Env	100458	1300002	0	1			5		1	0	0.0	0.05	7	7	right	Fully slide the bottom oven rack out.	0	all_token_full	groot_n15_dit_block_residual_full_tokens_denoise	"[""layer"",""denoise_step"",""model_token"",""feature_dim""]"	[7,4,49,1536]	[0,2,4,8,10,12,15]	n15_grid_v6_scene_jitter	grid_coord	meta	meta_json	77e745c37b0f/worker1/OvenRack/out-right/s2/j1/n2/base
77e745c37b0f	worker1	OvenRack/out-right	2	1	3	base	activation	7796fa5ed0a85eea	7796fa5ed0a85eea9328f50fca4df48434abaf30d2fa7ac5b0a73f61761402f5	lerobot_groot_n15	n15	lerobot_groot_n15__robocasa365_ckpt120000		0	Fully slide the bottom oven rack out.	robocasa_panda_omron/SlideOvenRack_PandaOmron_Env	100458	1300003	0	1			5		1	0	0.0	0.05	7	7	right	Fully slide the bottom oven rack out.	0	all_token_full	groot_n15_dit_block_residual_full_tokens_denoise	"[""layer"",""denoise_step"",""model_token"",""feature_dim""]"	[7,4,49,1536]	[0,2,4,8,10,12,15]	n15_grid_v6_scene_jitter	grid_coord	meta	meta_json	77e745c37b0f/worker1/OvenRack/out-right/s2/j1/n3/base
77e745c37b0f	worker1	OvenRack/out-right	2	1	4	base	activation	01563dcf976477ba	01563dcf976477ba397d1194a0635ec140d05eb7ca85d1ecca1230429806e52a	lerobot_groot_n15	n15	lerobot_groot_n15__robocasa365_ckpt120000		0	Fully slide the bottom oven rack out.	robocasa_panda_omron/SlideOvenRack_PandaOmron_Env	100458	1300004	0	1			5		1	0	0.0	0.05	7	7	right	Fully slide the bottom oven rack out.	0	all_token_full	groot_n15_dit_block_residual_full_tokens_denoise	"[""layer"",""denoise_step"",""model_token"",""feature_dim""]"	[7,4,49,1536]	[0,2,4,8,10,12,15]	n15_grid_v6_scene_jitter	grid_coord	meta	meta_json	77e745c37b0f/worker1/OvenRack/out-right/s2/j1/n4/base
77e745c37b0f	worker1	OvenRack/out-right	2	1	5	base	activation	34cf517cb36a542e	34cf517cb36a542e122112ab0bb90032a91223c08921c8e8b65c665635dc6f0c	lerobot_groot_n15	n15	lerobot_groot_n15__robocasa365_ckpt120000		0	Fully slide the bottom oven rack out.	robocasa_panda_omron/SlideOvenRack_PandaOmron_Env	100458	1300005	0	1			5		1	0	0.0	0.05	7	7	right	Fully slide the bottom oven rack out.	0	all_token_full	groot_n15_dit_block_residual_full_tokens_denoise	"[""layer"",""denoise_step"",""model_token"",""feature_dim""]"	[7,4,49,1536]	[0,2,4,8,10,12,15]	n15_grid_v6_scene_jitter	grid_coord	meta	meta_json	77e745c37b0f/worker1/OvenRack/out-right/s2/j1/n5/base
77e745c37b0f	worker1	OvenRack/out-right	2	1	6	base	activation	1b784136146ed17a	1b784136146ed17a27e4560b9a8926cfe12f29e291db7a4d3693095c3fc21b08	lerobot_groot_n15	n15	lerobot_groot_n15__robocasa365_ckpt120000		0	Fully slide the bottom oven rack out.	robocasa_panda_omron/SlideOvenRack_PandaOmron_Env	100458	1300006	0	1			5		1	0	0.0	0.05	7	7	right	Fully slide the bottom oven rack out.	0	all_token_full	groot_n15_dit_block_residual_full_tokens_denoise	"[""layer"",""denoise_step"",""model_token"",""feature_dim""]"	[7,4,49,1536]	[0,2,4,8,10,12,15]	n15_grid_v6_scene_jitter	grid_coord	meta	meta_json	77e745c37b0f/worker1/OvenRack/out-right/s2/j1/n6/base
77e745c37b0f	worker1	OvenRack/out-right	2	1	7	base	activation	941f4cae1cdb4f1d	941f4cae1cdb4f1d51ba47411252a6eb11d015f242921161107e504e4a3e45d1	lerobot_groot_n15	n15	lerobot_groot_n15__robocasa365_ckpt120000		0	Fully slide the bottom oven rack out.	robocasa_panda_omron/SlideOvenRack_PandaOmron_Env	100458	1300007	0	1			5		1	0	0.0	0.05	7	7	right	Fully slide the bottom oven rack out.	0	all_token_full	groot_n15_dit_block_residual_full_tokens_denoise	"[""layer"",""denoise_step"",""model_token"",""feature_dim""]"	[7,4,49,1536]	[0,2,4,8,10,12,15]	n15_grid_v6_scene_jitter	grid_coord	meta	meta_json	77e745c37b0f/worker1/OvenRack/out-right/s2/j1/n7/base
77e745c37b0f	worker1	OvenRack/out-right	2	1	8	base	activation	e38d84eaea9e4cf3	e38d84eaea9e4cf3662deee9ed8d720a44a4814a06460496fd0177f47c3fbc0b	lerobot_groot_n15	n15	lerobot_groot_n15__robocasa365_ckpt120000		0	Fully slide the bottom oven rack out.	robocasa_panda_omron/SlideOvenRack_PandaOmron_Env	100458	1300008	0	1			5		1	0	0.0	0.05	7	7	right	Fully slide the bottom oven rack out.	0	all_token_full	groot_n15_dit_block_residual_full_tokens_denoise	"[""layer"",""denoise_step"",""model_token"",""feature_dim""]"	[7,4,49,1536]	[0,2,4,8,10,12,15]	n15_grid_v6_scene_jitter	grid_coord	meta	meta_json	77e745c37b0f/worker1/OvenRack/out-right/s2/j1/n8/base
77e745c37b0f	worker1	OvenRack/out-right	2	1	9	base	activation	3f49fb15a6d6b1f3	3f49fb15a6d6b1f38c0acf00b62c3303051692194defc6a7c978c7ddd1327c95	lerobot_groot_n15	n15	lerobot_groot_n15__robocasa365_ckpt120000		0	Fully slide the bottom oven rack out.	robocasa_panda_omron/SlideOvenRack_PandaOmron_Env	100458	1300009	0	1			5		1	0	0.0	0.05	7	7	right	Fully slide the bottom oven rack out.	0	all_token_full	groot_n15_dit_block_residual_full_tokens_denoise	"[""layer"",""denoise_step"",""model_token"",""feature_dim""]"	[7,4,49,1536]	[0,2,4,8,10,12,15]	n15_grid_v6_scene_jitter	grid_coord	meta	meta_json	77e745c37b0f/worker1/OvenRack/out-right/s2/j1/n9/base
77e745c37b0f	worker1	OvenRack/out-right	2	2	0	base	activation	3bfa3c07a87bb650	3bfa3c07a87bb65019a2735b91657b1a7c41c9765eff7824996a371854c7b054	lerobot_groot_n15	n15	lerobot_groot_n15__robocasa365_ckpt120000		0	Fully slide the bottom oven rack out.	robocasa_panda_omron/SlideOvenRack_PandaOmron_Env	100458	1300000	0	1			5		1	0	0.0	0.1	7	7	right	Fully slide the bottom oven rack out.	0	all_token_full	groot_n15_dit_block_residual_full_tokens_denoise	"[""layer"",""denoise_step"",""model_token"",""feature_dim""]"	[7,4,49,1536]	[0,2,4,8,10,12,15]	n15_grid_v6_scene_jitter	grid_coord	meta	meta_json	77e745c37b0f/worker1/OvenRack/out-right/s2/j2/n0/base
77e745c37b0f	worker1	OvenRack/out-right	2	2	1	base	activation	c2af8d95687b08d4	c2af8d95687b08d440bb1dbc21f73ffe246ddbb6827a30582fd7f478db2f074c	lerobot_groot_n15	n15	lerobot_groot_n15__robocasa365_ckpt120000		0	Fully slide the bottom oven rack out.	robocasa_panda_omron/SlideOvenRack_PandaOmron_Env	100458	1300001	0	1			5		1	0	0.0	0.1	7	7	right	Fully slide the bottom oven rack out.	0	all_token_full	groot_n15_dit_block_residual_full_tokens_denoise	"[""layer"",""denoise_step"",""model_token"",""feature_dim""]"	[7,4,49,1536]	[0,2,4,8,10,12,15]	n15_grid_v6_scene_jitter	grid_coord	meta	meta_json	77e745c37b0f/worker1/OvenRack/out-right/s2/j2/n1/base
77e745c37b0f	worker1	OvenRack/out-right	2	2	2	base	activation	c82c2076be8bb688	c82c2076be8bb68895b8bec983b12758d57bc344381da066333b11a1b479a29a	lerobot_groot_n15	n15	lerobot_groot_n15__robocasa365_ckpt120000		0	Fully slide the bottom oven rack out.	robocasa_panda_omron/SlideOvenRack_PandaOmron_Env	100458	1300002	0	1			5		1	0	0.0	0.1	7	7	right	Fully slide the bottom oven rack out.	0	all_token_full	groot_n15_dit_block_residual_full_tokens_denoise	"[""layer"",""denoise_step"",""model_token"",""feature_dim""]"	[7,4,49,1536]	[0,2,4,8,10,12,15]	n15_grid_v6_scene_jitter	grid_coord	meta	meta_json	77e745c37b0f/worker1/OvenRack/out-right/s2/j2/n2/base
77e745c37b0f	worker1	OvenRack/out-right	2	2	3	base	activation	f8f367ec2ecb7d38	f8f367ec2ecb7d38748f203a92c37ef5d9c392c18f3de68990bd3f388ab69dac	lerobot_groot_n15	n15	lerobot_groot_n15__robocasa365_ckpt120000		0	Fully slide the bottom oven rack out.	robocasa_panda_omron/SlideOvenRack_PandaOmron_Env	100458	1300003	0	1			5		1	0	0.0	0.1	7	7	right	Fully slide the bottom oven rack out.	0	all_token_full	groot_n15_dit_block_residual_full_tokens_denoise	"[""layer"",""denoise_step"",""model_token"",""feature_dim""]"	[7,4,49,1536]	[0,2,4,8,10,12,15]	n15_grid_v6_scene_jitter	grid_coord	meta	meta_json	77e745c37b0f/worker1/OvenRack/out-right/s2/j2/n3/base
77e745c37b0f	worker1	OvenRack/out-right	2	2	4	base	activation	3b31fa667002d91f	3b31fa667002d91f6c99bd20f7b3c0bb936385c4a9b5c487e35280c924d8a4d9	lerobot_groot_n15	n15	lerobot_groot_n15__robocasa365_ckpt120000		0	Fully slide the bottom oven rack out.	robocasa_panda_omron/SlideOvenRack_PandaOmron_Env	100458	1300004	0	1			5		1	0	0.0	0.1	7	7	right	Fully slide the bottom oven rack out.	0	all_token_full	groot_n15_dit_block_residual_full_tokens_denoise	"[""layer"",""denoise_step"",""model_token"",""feature_dim""]"	[7,4,49,1536]	[0,2,4,8,10,12,15]	n15_grid_v6_scene_jitter	grid_coord	meta	meta_json	77e745c37b0f/worker1/OvenRack/out-right/s2/j2/n4/base
77e745c37b0f	worker1	OvenRack/out-right	2	2	5	base	activation	a67c3f6c0032ee08	a67c3f6c0032ee082563e608c7205bddbbb90d4b5b51411760e46b1ed74b3921	lerobot_groot_n15	n15	lerobot_groot_n15__robocasa365_ckpt120000		0	Fully slide the bottom oven rack out.	robocasa_panda_omron/SlideOvenRack_PandaOmron_Env	100458	1300005	0	1			5		1	0	0.0	0.1	7	7	right	Fully slide the bottom oven rack out.	0	all_token_full	groot_n15_dit_block_residual_full_tokens_denoise	"[""layer"",""denoise_step"",""model_token"",""feature_dim""]"	[7,4,49,1536]	[0,2,4,8,10,12,15]	n15_grid_v6_scene_jitter	grid_coord	meta	meta_json	77e745c37b0f/worker1/OvenRack/out-right/s2/j2/n5/base
77e745c37b0f	worker1	OvenRack/out-right	2	2	6	base	activation	af32a624a48f1e42	af32a624a48f1e42fa00d527475a1a96a21c63cb9b8ad2e3d1bed536e734092e	lerobot_groot_n15	n15	lerobot_groot_n15__robocasa365_ckpt120000		0	Fully slide the bottom oven rack out.	robocasa_panda_omron/SlideOvenRack_PandaOmron_Env	100458	1300006	0	1			5		1	0	0.0	0.1	7	7	right	Fully slide the bottom oven rack out.	0	all_token_full	groot_n15_dit_block_residual_full_tokens_denoise	"[""layer"",""denoise_step"",""model_token"",""feature_dim""]"	[7,4,49,1536]	[0,2,4,8,10,12,15]	n15_grid_v6_scene_jitter	grid_coord	meta	meta_json	77e745c37b0f/worker1/OvenRack/out-right/s2/j2/n6/base
77e745c37b0f	worker1	OvenRack/out-right	2	2	7	base	activation	9f13860c03bd7bc9	9f13860c03bd7bc9560e6583495ed3b34ef7cd7b08852fbbdc976aba2034c2a5	lerobot_groot_n15	n15	lerobot_groot_n15__robocasa365_ckpt120000		0	Fully slide the bottom oven rack out.	robocasa_panda_omron/SlideOvenRack_PandaOmron_Env	100458	1300007	0	1			5		1	0	0.0	0.1	7	7	right	Fully slide the bottom oven rack out.	0	all_token_full	groot_n15_dit_block_residual_full_tokens_denoise	"[""layer"",""denoise_step"",""model_token"",""feature_dim""]"	[7,4,49,1536]	[0,2,4,8,10,12,15]	n15_grid_v6_scene_jitter	grid_coord	meta	meta_json	77e745c37b0f/worker1/OvenRack/out-right/s2/j2/n7/base
77e745c37b0f	worker1	OvenRack/out-right	2	2	8	base	activation	0008b23edffbf374	0008b23edffbf3744a0bac6913f0f486093f4876d1292c15e9901b5418e4d1e8	lerobot_groot_n15	n15	lerobot_groot_n15__robocasa365_ckpt120000		0	Fully slide the bottom oven rack out.	robocasa_panda_omron/SlideOvenRack_PandaOmron_Env	100458	1300008	0	1			5		1	0	0.0	0.1	7	7	right	Fully slide the bottom oven rack out.	0	all_token_full	groot_n15_dit_block_residual_full_tokens_denoise	"[""layer"",""denoise_step"",""model_token"",""feature_dim""]"	[7,4,49,1536]	[0,2,4,8,10,12,15]	n15_grid_v6_scene_jitter	grid_coord	meta	meta_json	77e745c37b0f/worker1/OvenRack/out-right/s2/j2/n8/base
77e745c37b0f	worker1	OvenRack/out-right	2	2	9	base	activation	f2cde1a27355fbac	f2cde1a27355fbac8595541cd4cb1b63c59eb2f38a18eb23b0cfcbba69573bcb	lerobot_groot_n15	n15	lerobot_groot_n15__robocasa365_ckpt120000		0	Fully slide the bottom oven rack out.	robocasa_panda_omron/SlideOvenRack_PandaOmron_Env	100458	1300009	0	1			5		1	0	0.0	0.1	7	7	right	Fully slide the bottom oven rack out.	0	all_token_full	groot_n15_dit_block_residual_full_tokens_denoise	"[""layer"",""denoise_step"",""model_token"",""feature_dim""]"	[7,4,49,1536]	[0,2,4,8,10,12,15]	n15_grid_v6_scene_jitter	grid_coord	meta	meta_json	77e745c37b0f/worker1/OvenRack/out-right/s2/j2/n9/base
77e745c37b0f	worker1	OvenRack/out-right	2	3	0	base	activation	87258df447b43f5a	87258df447b43f5a279aaf6f767a914d695f3312be64006ffd020e415d568751	lerobot_groot_n15	n15	lerobot_groot_n15__robocasa365_ckpt120000		0	Fully slide the bottom oven rack out.	robocasa_panda_omron/SlideOvenRack_PandaOmron_Env	100458	1300000	0	1			5		1	0	0.05	0.1	7	7	right	Fully slide the bottom oven rack out.	0	all_token_full	groot_n15_dit_block_residual_full_tokens_denoise	"[""layer"",""denoise_step"",""model_token"",""feature_dim""]"	[7,4,49,1536]	[0,2,4,8,10,12,15]	n15_grid_v6_scene_jitter	grid_coord	meta	meta_json	77e745c37b0f/worker1/OvenRack/out-right/s2/j3/n0/base
77e745c37b0f	worker1	OvenRack/out-right	2	3	1	base	activation	ee4629d91ccfa9bf	ee4629d91ccfa9bf5142caaefe78769d397134b98280b8b9f62e6876984ba8c2	lerobot_groot_n15	n15	lerobot_groot_n15__robocasa365_ckpt120000		0	Fully slide the bottom oven rack out.	robocasa_panda_omron/SlideOvenRack_PandaOmron_Env	100458	1300001	0	1			5		1	0	0.05	0.1	7	7	right	Fully slide the bottom oven rack out.	0	all_token_full	groot_n15_dit_block_residual_full_tokens_denoise	"[""layer"",""denoise_step"",""model_token"",""feature_dim""]"	[7,4,49,1536]	[0,2,4,8,10,12,15]	n15_grid_v6_scene_jitter	grid_coord	meta	meta_json	77e745c37b0f/worker1/OvenRack/out-right/s2/j3/n1/base
77e745c37b0f	worker1	OvenRack/out-right	2	3	2	base	activation	5f82cb341064f61f	5f82cb341064f61f7edd1156acbefa2ddd260656b115713328dbadee3cad24f9	lerobot_groot_n15	n15	lerobot_groot_n15__robocasa365_ckpt120000		0	Fully slide the bottom oven rack out.	robocasa_panda_omron/SlideOvenRack_PandaOmron_Env	100458	1300002	0	1			5		1	0	0.05	0.1	7	7	right	Fully slide the bottom oven rack out.	0	all_token_full	groot_n15_dit_block_residual_full_tokens_denoise	"[""layer"",""denoise_step"",""model_token"",""feature_dim""]"	[7,4,49,1536]	[0,2,4,8,10,12,15]	n15_grid_v6_scene_jitter	grid_coord	meta	meta_json	77e745c37b0f/worker1/OvenRack/out-right/s2/j3/n2/base
77e745c37b0f	worker1	OvenRack/out-right	2	3	3	base	activation	e6a85894e0a2e713	e6a85894e0a2e713f1918b87578232e3cd8896580d3bf5543cbc69730e12b0e6	lerobot_groot_n15	n15	lerobot_groot_n15__robocasa365_ckpt120000		0	Fully slide the bottom oven rack out.	robocasa_panda_omron/SlideOvenRack_PandaOmron_Env	100458	1300003	0	1			5		1	0	0.05	0.1	7	7	right	Fully slide the bottom oven rack out.	0	all_token_full	groot_n15_dit_block_residual_full_tokens_denoise	"[""layer"",""denoise_step"",""model_token"",""feature_dim""]"	[7,4,49,1536]	[0,2,4,8,10,12,15]	n15_grid_v6_scene_jitter	grid_coord	meta	meta_json	77e745c37b0f/worker1/OvenRack/out-right/s2/j3/n3/base
77e745c37b0f	worker1	OvenRack/out-right	2	3	4	base	activation	6686cc58e7221be5	6686cc58e7221be5339a67392b7b0540288eac2da640a075dd4dddbed269d93f	lerobot_groot_n15	n15	lerobot_groot_n15__robocasa365_ckpt120000		0	Fully slide the bottom oven rack out.	robocasa_panda_omron/SlideOvenRack_PandaOmron_Env	100458	1300004	0	1			5		1	0	0.05	0.1	7	7	right	Fully slide the bottom oven rack out.	0	all_token_full	groot_n15_dit_block_residual_full_tokens_denoise	"[""layer"",""denoise_step"",""model_token"",""feature_dim""]"	[7,4,49,1536]	[0,2,4,8,10,12,15]	n15_grid_v6_scene_jitter	grid_coord	meta	meta_json	77e745c37b0f/worker1/OvenRack/out-right/s2/j3/n4/base
77e745c37b0f	worker1	OvenRack/out-right	2	3	5	base	activation	6d1ba2e7333f7ad4	6d1ba2e7333f7ad467a91d05cabb3e4044540c23cc863fa56f49c3094b33c70a	lerobot_groot_n15	n15	lerobot_groot_n15__robocasa365_ckpt120000		0	Fully slide the bottom oven rack out.	robocasa_panda_omron/SlideOvenRack_PandaOmron_Env	100458	1300005	0	1			5		1	0	0.05	0.1	7	7	right	Fully slide the bottom oven rack out.	0	all_token_full	groot_n15_dit_block_residual_full_tokens_denoise	"[""layer"",""denoise_step"",""model_token"",""feature_dim""]"	[7,4,49,1536]	[0,2,4,8,10,12,15]	n15_grid_v6_scene_jitter	grid_coord	meta	meta_json	77e745c37b0f/worker1/OvenRack/out-right/s2/j3/n5/base
77e745c37b0f	worker1	OvenRack/out-right	2	3	6	base	activation	328f5afcfb5de040	328f5afcfb5de040e59d61b032df84e2f42f22d1e5a77eff246de86f92a3d020	lerobot_groot_n15	n15	lerobot_groot_n15__robocasa365_ckpt120000		0	Fully slide the bottom oven rack out.	robocasa_panda_omron/SlideOvenRack_PandaOmron_Env	100458	1300006	0	1			5		1	0	0.05	0.1	7	7	right	Fully slide the bottom oven rack out.	0	all_token_full	groot_n15_dit_block_residual_full_tokens_denoise	"[""layer"",""denoise_step"",""model_token"",""feature_dim""]"	[7,4,49,1536]	[0,2,4,8,10,12,15]	n15_grid_v6_scene_jitter	grid_coord	meta	meta_json	77e745c37b0f/worker1/OvenRack/out-right/s2/j3/n6/base
77e745c37b0f	worker1	OvenRack/out-right	2	3	7	base	activation	2217504c9a37895f	2217504c9a37895ffa6422318a12bd2727380ae30693c88f62161344583b9f92	lerobot_groot_n15	n15	lerobot_groot_n15__robocasa365_ckpt120000		0	Fully slide the bottom oven rack out.	robocasa_panda_omron/SlideOvenRack_PandaOmron_Env	100458	1300007	0	1			5		1	0	0.05	0.1	7	7	right	Fully slide the bottom oven rack out.	0	all_token_full	groot_n15_dit_block_residual_full_tokens_denoise	"[""layer"",""denoise_step"",""model_token"",""feature_dim""]"	[7,4,49,1536]	[0,2,4,8,10,12,15]	n15_grid_v6_scene_jitter	grid_coord	meta	meta_json	77e745c37b0f/worker1/OvenRack/out-right/s2/j3/n7/base
77e745c37b0f	worker1	OvenRack/out-right	2	3	8	base	activation	d67539fba4e42090	d67539fba4e42090e57855dabe6750ac2605f1e6a9f9c161db068b798a335a78	lerobot_groot_n15	n15	lerobot_groot_n15__robocasa365_ckpt120000		0	Fully slide the bottom oven rack out.	robocasa_panda_omron/SlideOvenRack_PandaOmron_Env	100458	1300008	0	1			5		1	0	0.05	0.1	7	7	right	Fully slide the bottom oven rack out.	0	all_token_full	groot_n15_dit_block_residual_full_tokens_denoise	"[""layer"",""denoise_step"",""model_token"",""feature_dim""]"	[7,4,49,1536]	[0,2,4,8,10,12,15]	n15_grid_v6_scene_jitter	grid_coord	meta	meta_json	77e745c37b0f/worker1/OvenRack/out-right/s2/j3/n8/base
77e745c37b0f	worker1	OvenRack/out-right	2	3	9	base	activation	756b35327dd06fac	756b35327dd06fac25cf3e48cdc0c0e072abe8c9f6179798215cdf9b184a3768	lerobot_groot_n15	n15	lerobot_groot_n15__robocasa365_ckpt120000		0	Fully slide the bottom oven rack out.	robocasa_panda_omron/SlideOvenRack_PandaOmron_Env	100458	1300009	0	1			5		1	0	0.05	0.1	7	7	right	Fully slide the bottom oven rack out.	0	all_token_full	groot_n15_dit_block_residual_full_tokens_denoise	"[""layer"",""denoise_step"",""model_token"",""feature_dim""]"	[7,4,49,1536]	[0,2,4,8,10,12,15]	n15_grid_v6_scene_jitter	grid_coord	meta	meta_json	77e745c37b0f/worker1/OvenRack/out-right/s2/j3/n9/base
77e745c37b0f	worker1	OvenRack/out-right	2	4	0	base	activation	775e933f170a5ae7	775e933f170a5ae7d0df2c8917f12af8ba1c78a321188a6ecb67be78f0571e69	lerobot_groot_n15	n15	lerobot_groot_n15__robocasa365_ckpt120000		0	Fully slide the bottom oven rack out.	robocasa_panda_omron/SlideOvenRack_PandaOmron_Env	100458	1300000	0	0			5		1	0	0.05	0.15	7	7	right	Fully slide the bottom oven rack out.	0	all_token_full	groot_n15_dit_block_residual_full_tokens_denoise	"[""layer"",""denoise_step"",""model_token"",""feature_dim""]"	[7,4,49,1536]	[0,2,4,8,10,12,15]	n15_grid_v6_scene_jitter	grid_coord	meta	meta_json	77e745c37b0f/worker1/OvenRack/out-right/s2/j4/n0/base
77e745c37b0f	worker1	OvenRack/out-right	2	4	1	base	activation	7941fa7c84c20908	7941fa7c84c20908d1bc63c770e3db4bc1c464f8a1e5617ddc6f91db2dfeee39	lerobot_groot_n15	n15	lerobot_groot_n15__robocasa365_ckpt120000		0	Fully slide the bottom oven rack out.	robocasa_panda_omron/SlideOvenRack_PandaOmron_Env	100458	1300001	0	0			5		1	0	0.05	0.15	7	7	right	Fully slide the bottom oven rack out.	0	all_token_full	groot_n15_dit_block_residual_full_tokens_denoise	"[""layer"",""denoise_step"",""model_token"",""feature_dim""]"	[7,4,49,1536]	[0,2,4,8,10,12,15]	n15_grid_v6_scene_jitter	grid_coord	meta	meta_json	77e745c37b0f/worker1/OvenRack/out-right/s2/j4/n1/base
77e745c37b0f	worker1	OvenRack/out-right	2	4	2	base	activation	04be5c6ffd2ab697	04be5c6ffd2ab6970c4fd60e02764f49decd1f55bf828f9eae8b01d74749239d	lerobot_groot_n15	n15	lerobot_groot_n15__robocasa365_ckpt120000		0	Fully slide the bottom oven rack out.	robocasa_panda_omron/SlideOvenRack_PandaOmron_Env	100458	1300002	0	0			5		1	0	0.05	0.15	7	7	right	Fully slide the bottom oven rack out.	0	all_token_full	groot_n15_dit_block_residual_full_tokens_denoise	"[""layer"",""denoise_step"",""model_token"",""feature_dim""]"	[7,4,49,1536]	[0,2,4,8,10,12,15]	n15_grid_v6_scene_jitter	grid_coord	meta	meta_json	77e745c37b0f/worker1/OvenRack/out-right/s2/j4/n2/base
77e745c37b0f	worker1	OvenRack/out-right	2	4	3	base	activation	7dd44774ab030acb	7dd44774ab030acb20cbc29c0520dd6ca56514e28c39f6e4a2f6aed9666e6696	lerobot_groot_n15	n15	lerobot_groot_n15__robocasa365_ckpt120000		0	Fully slide the bottom oven rack out.	robocasa_panda_omron/SlideOvenRack_PandaOmron_Env	100458	1300003	0	0			5		1	0	0.05	0.15	7	7	right	Fully slide the bottom oven rack out.	0	all_token_full	groot_n15_dit_block_residual_full_tokens_denoise	"[""layer"",""denoise_step"",""model_token"",""feature_dim""]"	[7,4,49,1536]	[0,2,4,8,10,12,15]	n15_grid_v6_scene_jitter	grid_coord	meta	meta_json	77e745c37b0f/worker1/OvenRack/out-right/s2/j4/n3/base
77e745c37b0f	worker1	OvenRack/out-right	2	4	4	base	activation	02e9fc84a241d97f	02e9fc84a241d97fc191de687a58f3f5b5819eba6b1e58b98dcdbd1e0fb70343	lerobot_groot_n15	n15	lerobot_groot_n15__robocasa365_ckpt120000		0	Fully slide the bottom oven rack out.	robocasa_panda_omron/SlideOvenRack_PandaOmron_Env	100458	1300004	0	0			5		1	0	0.05	0.15	7	7	right	Fully slide the bottom oven rack out.	0	all_token_full	groot_n15_dit_block_residual_full_tokens_denoise	"[""layer"",""denoise_step"",""model_token"",""feature_dim""]"	[7,4,49,1536]	[0,2,4,8,10,12,15]	n15_grid_v6_scene_jitter	grid_coord	meta	meta_json	77e745c37b0f/worker1/OvenRack/out-right/s2/j4/n4/base
77e745c37b0f	worker1	OvenRack/out-right	2	4	5	base	activation	cb23c8e9b8d901e5	cb23c8e9b8d901e56792e93e6486baaaaa0eef6f40009f4ecb333fd2b5a5acb9	lerobot_groot_n15	n15	lerobot_groot_n15__robocasa365_ckpt120000		0	Fully slide the bottom oven rack out.	robocasa_panda_omron/SlideOvenRack_PandaOmron_Env	100458	1300005	0	0			5		1	0	0.05	0.15	7	7	right	Fully slide the bottom oven rack out.	0	all_token_full	groot_n15_dit_block_residual_full_tokens_denoise	"[""layer"",""denoise_step"",""model_token"",""feature_dim""]"	[7,4,49,1536]	[0,2,4,8,10,12,15]	n15_grid_v6_scene_jitter	grid_coord	meta	meta_json	77e745c37b0f/worker1/OvenRack/out-right/s2/j4/n5/base
77e745c37b0f	worker1	OvenRack/out-right	2	4	6	base	activation	901f70b32995c966	901f70b32995c96614245906ed65f59b9e826bae12004c74c2790128d17a280a	lerobot_groot_n15	n15	lerobot_groot_n15__robocasa365_ckpt120000		0	Fully slide the bottom oven rack out.	robocasa_panda_omron/SlideOvenRack_PandaOmron_Env	100458	1300006	0	0			5		1	0	0.05	0.15	7	7	right	Fully slide the bottom oven rack out.	0	all_token_full	groot_n15_dit_block_residual_full_tokens_denoise	"[""layer"",""denoise_step"",""model_token"",""feature_dim""]"	[7,4,49,1536]	[0,2,4,8,10,12,15]	n15_grid_v6_scene_jitter	grid_coord	meta	meta_json	77e745c37b0f/worker1/OvenRack/out-right/s2/j4/n6/base
77e745c37b0f	worker1	OvenRack/out-right	2	4	7	base	activation	4dacf012ee3e0f47	4dacf012ee3e0f470b12854076a3343d5a1caee9da184d948fd3fae05c2e2922	lerobot_groot_n15	n15	lerobot_groot_n15__robocasa365_ckpt120000		0	Fully slide the bottom oven rack out.	robocasa_panda_omron/SlideOvenRack_PandaOmron_Env	100458	1300007	0	0			5		1	0	0.05	0.15	7	7	right	Fully slide the bottom oven rack out.	0	all_token_full	groot_n15_dit_block_residual_full_tokens_denoise	"[""layer"",""denoise_step"",""model_token"",""feature_dim""]"	[7,4,49,1536]	[0,2,4,8,10,12,15]	n15_grid_v6_scene_jitter	grid_coord	meta	meta_json	77e745c37b0f/worker1/OvenRack/out-right/s2/j4/n7/base
77e745c37b0f	worker1	OvenRack/out-right	2	4	8	base	activation	ed65444a7f33b03f	ed65444a7f33b03f3b1d46f77abf92704e3eb9deca1f43aedb15bc4637ff9394	lerobot_groot_n15	n15	lerobot_groot_n15__robocasa365_ckpt120000		0	Fully slide the bottom oven rack out.	robocasa_panda_omron/SlideOvenRack_PandaOmron_Env	100458	1300008	0	0			5		1	0	0.05	0.15	7	7	right	Fully slide the bottom oven rack out.	0	all_token_full	groot_n15_dit_block_residual_full_tokens_denoise	"[""layer"",""denoise_step"",""model_token"",""feature_dim""]"	[7,4,49,1536]	[0,2,4,8,10,12,15]	n15_grid_v6_scene_jitter	grid_coord	meta	meta_json	77e745c37b0f/worker1/OvenRack/out-right/s2/j4/n8/base
77e745c37b0f	worker1	OvenRack/out-right	2	4	9	base	activation	015b44cfc8bfb56a	015b44cfc8bfb56a441a36217f77e597a956bd7f52f3b00afd2d183beaf54b7c	lerobot_groot_n15	n15	lerobot_groot_n15__robocasa365_ckpt120000		0	Fully slide the bottom oven rack out.	robocasa_panda_omron/SlideOvenRack_PandaOmron_Env	100458	1300009	0	0			5		1	0	0.05	0.15	7	7	right	Fully slide the bottom oven rack out.	0	all_token_full	groot_n15_dit_block_residual_full_tokens_denoise	"[""layer"",""denoise_step"",""model_token"",""feature_dim""]"	[7,4,49,1536]	[0,2,4,8,10,12,15]	n15_grid_v6_scene_jitter	grid_coord	meta	meta_json	77e745c37b0f/worker1/OvenRack/out-right/s2/j4/n9/base
77e745c37b0f	worker2	PPCC/apple	0	0	0	base	activation	437ace2d3fa424c8	437ace2d3fa424c868fdb191164e18ff187c47f62bc57a0081a3a94976e3d881	lerobot_groot_n15	n15	lerobot_groot_n15__robocasa365_ckpt120000		0	Pick the apple from the counter and place it in the cabinet.	robocasa_panda_omron/PickPlaceCounterToCabinet_PandaOmron_Env	100521	1300000	0	1			5		1	0	0.0	0.0	4	4		Pick the apple from the counter and place it in the cabinet.	0	all_token_full	groot_n15_dit_block_residual_full_tokens_denoise	"[""layer"",""denoise_step"",""model_token"",""feature_dim""]"	[7,4,49,1536]	[0,2,4,8,10,12,15]	n15_grid_v6_scene_jitter	grid_coord	meta	meta_json	77e745c37b0f/worker2/PPCC/apple/s0/j0/n0/base
77e745c37b0f	worker2	PPCC/apple	0	0	1	base	activation	49a427e743db99ab	49a427e743db99ab30a76da0845e3a9fbb75309398641cf918dd4713b20f7868	lerobot_groot_n15	n15	lerobot_groot_n15__robocasa365_ckpt120000		0	Pick the apple from the counter and place it in the cabinet.	robocasa_panda_omron/PickPlaceCounterToCabinet_PandaOmron_Env	100521	1300001	0	1			5		1	0	0.0	0.0	4	4		Pick the apple from the counter and place it in the cabinet.	0	all_token_full	groot_n15_dit_block_residual_full_tokens_denoise	"[""layer"",""denoise_step"",""model_token"",""feature_dim""]"	[7,4,49,1536]	[0,2,4,8,10,12,15]	n15_grid_v6_scene_jitter	grid_coord	meta	meta_json	77e745c37b0f/worker2/PPCC/apple/s0/j0/n1/base
77e745c37b0f	worker2	PPCC/apple	0	0	2	base	activation	295e9a26fc83a673	295e9a26fc83a673ee933107eae381a9fed7b306610b2b7479c1b53804fb6c51	lerobot_groot_n15	n15	lerobot_groot_n15__robocasa365_ckpt120000		0	Pick the apple from the counter and place it in the cabinet.	robocasa_panda_omron/PickPlaceCounterToCabinet_PandaOmron_Env	100521	1300002	0	1			5		1	0	0.0	0.0	4	4		Pick the apple from the counter and place it in the cabinet.	0	all_token_full	groot_n15_dit_block_residual_full_tokens_denoise	"[""layer"",""denoise_step"",""model_token"",""feature_dim""]"	[7,4,49,1536]	[0,2,4,8,10,12,15]	n15_grid_v6_scene_jitter	grid_coord	meta	meta_json	77e745c37b0f/worker2/PPCC/apple/s0/j0/n2/base
77e745c37b0f	worker2	PPCC/apple	0	0	3	base	activation	6011beb3969c721e	6011beb3969c721e0214beaa3c8d3ac6e6711032390df88f4b1c6463a37480a0	lerobot_groot_n15	n15	lerobot_groot_n15__robocasa365_ckpt120000		0	Pick the apple from the counter and place it in the cabinet.	robocasa_panda_omron/PickPlaceCounterToCabinet_PandaOmron_Env	100521	1300003	0	1			5		1	0	0.0	0.0	4	4		Pick the apple from the counter and place it in the cabinet.	0	all_token_full	groot_n15_dit_block_residual_full_tokens_denoise	"[""layer"",""denoise_step"",""model_token"",""feature_dim""]"	[7,4,49,1536]	[0,2,4,8,10,12,15]	n15_grid_v6_scene_jitter	grid_coord	meta	meta_json	77e745c37b0f/worker2/PPCC/apple/s0/j0/n3/base
77e745c37b0f	worker2	PPCC/apple	0	0	4	base	activation	6ba47539b52b5c8d	6ba47539b52b5c8d4c6a4f723f50b960cd8ba44b908c9056925f21d69cbc3efd	lerobot_groot_n15	n15	lerobot_groot_n15__robocasa365_ckpt120000		0	Pick the apple from the counter and place it in the cabinet.	robocasa_panda_omron/PickPlaceCounterToCabinet_PandaOmron_Env	100521	1300004	0	1			5		1	0	0.0	0.0	4	4		Pick the apple from the counter and place it in the cabinet.	0	all_token_full	groot_n15_dit_block_residual_full_tokens_denoise	"[""layer"",""denoise_step"",""model_token"",""feature_dim""]"	[7,4,49,1536]	[0,2,4,8,10,12,15]	n15_grid_v6_scene_jitter	grid_coord	meta	meta_json	77e745c37b0f/worker2/PPCC/apple/s0/j0/n4/base
77e745c37b0f	worker2	PPCC/apple	0	0	5	base	activation	623b11fde399199a	623b11fde399199a8e769ee9c2a5cd5db574cb796fc2fe14493180de1880be3a	lerobot_groot_n15	n15	lerobot_groot_n15__robocasa365_ckpt120000		0	Pick the apple from the counter and place it in the cabinet.	robocasa_panda_omron/PickPlaceCounterToCabinet_PandaOmron_Env	100521	1300005	0	1			5		1	0	0.0	0.0	4	4		Pick the apple from the counter and place it in the cabinet.	0	all_token_full	groot_n15_dit_block_residual_full_tokens_denoise	"[""layer"",""denoise_step"",""model_token"",""feature_dim""]"	[7,4,49,1536]	[0,2,4,8,10,12,15]	n15_grid_v6_scene_jitter	grid_coord	meta	meta_json	77e745c37b0f/worker2/PPCC/apple/s0/j0/n5/base
77e745c37b0f	worker2	PPCC/apple	0	0	6	base	activation	8f46815ff86d5289	8f46815ff86d52893eeb6dacb07d3d17861ce7db6cbe1384d87b5e415f7f4834	lerobot_groot_n15	n15	lerobot_groot_n15__robocasa365_ckpt120000		0	Pick the apple from the counter and place it in the cabinet.	robocasa_panda_omron/PickPlaceCounterToCabinet_PandaOmron_Env	100521	1300006	0	1			5		1	0	0.0	0.0	4	4		Pick the apple from the counter and place it in the cabinet.	0	all_token_full	groot_n15_dit_block_residual_full_tokens_denoise	"[""layer"",""denoise_step"",""model_token"",""feature_dim""]"	[7,4,49,1536]	[0,2,4,8,10,12,15]	n15_grid_v6_scene_jitter	grid_coord	meta	meta_json	77e745c37b0f/worker2/PPCC/apple/s0/j0/n6/base
77e745c37b0f	worker2	PPCC/apple	0	0	7	base	activation	bb8e3582aa7e13c8	bb8e3582aa7e13c82617e8fe30130d08c4b75d9e01d781c400c59a25f58abaf6	lerobot_groot_n15	n15	lerobot_groot_n15__robocasa365_ckpt120000		0	Pick the apple from the counter and place it in the cabinet.	robocasa_panda_omron/PickPlaceCounterToCabinet_PandaOmron_Env	100521	1300007	0	1			5		1	0	0.0	0.0	4	4		Pick the apple from the counter and place it in the cabinet.	0	all_token_full	groot_n15_dit_block_residual_full_tokens_denoise	"[""layer"",""denoise_step"",""model_token"",""feature_dim""]"	[7,4,49,1536]	[0,2,4,8,10,12,15]	n15_grid_v6_scene_jitter	grid_coord	meta	meta_json	77e745c37b0f/worker2/PPCC/apple/s0/j0/n7/base
77e745c37b0f	worker2	PPCC/apple	0	0	8	base	activation	69e5cc21f57d12eb	69e5cc21f57d12eb983cb53dedb2e029e81cda5746ee84c60bb71c40c7d3be3f	lerobot_groot_n15	n15	lerobot_groot_n15__robocasa365_ckpt120000		0	Pick the apple from the counter and place it in the cabinet.	robocasa_panda_omron/PickPlaceCounterToCabinet_PandaOmron_Env	100521	1300008	0	1			5		1	0	0.0	0.0	4	4		Pick the apple from the counter and place it in the cabinet.	0	all_token_full	groot_n15_dit_block_residual_full_tokens_denoise	"[""layer"",""denoise_step"",""model_token"",""feature_dim""]"	[7,4,49,1536]	[0,2,4,8,10,12,15]	n15_grid_v6_scene_jitter	grid_coord	meta	meta_json	77e745c37b0f/worker2/PPCC/apple/s0/j0/n8/base
77e745c37b0f	worker2	PPCC/apple	0	0	9	base	activation	663930ac38740cf3	663930ac38740cf3e82b11d1c77708d93e5433767019d58935246afb42b7e90e	lerobot_groot_n15	n15	lerobot_groot_n15__robocasa365_ckpt120000		0	Pick the apple from the counter and place it in the cabinet.	robocasa_panda_omron/PickPlaceCounterToCabinet_PandaOmron_Env	100521	1300009	0	1			5		1	0	0.0	0.0	4	4		Pick the apple from the counter and place it in the cabinet.	0	all_token_full	groot_n15_dit_block_residual_full_tokens_denoise	"[""layer"",""denoise_step"",""model_token"",""feature_dim""]"	[7,4,49,1536]	[0,2,4,8,10,12,15]	n15_grid_v6_scene_jitter	grid_coord	meta	meta_json	77e745c37b0f/worker2/PPCC/apple/s0/j0/n9/base
77e745c37b0f	worker2	PPCC/apple	0	1	0	base	activation	c054400c5bced11b	c054400c5bced11be4689e2d04f82957866491dcd169a21fa8a1be6c56c846e0	lerobot_groot_n15	n15	lerobot_groot_n15__robocasa365_ckpt120000		0	Pick the apple from the counter and place it in the cabinet.	robocasa_panda_omron/PickPlaceCounterToCabinet_PandaOmron_Env	100521	1300000	0	1			5		1	1	0.0	0.0	4	4		Pick the apple from the counter and place it in the cabinet.	0	all_token_full	groot_n15_dit_block_residual_full_tokens_denoise	"[""layer"",""denoise_step"",""model_token"",""feature_dim""]"	[7,4,49,1536]	[0,2,4,8,10,12,15]	n15_grid_v6_scene_jitter	grid_coord	meta	meta_json	77e745c37b0f/worker2/PPCC/apple/s0/j1/n0/base
77e745c37b0f	worker2	PPCC/apple	0	1	1	base	activation	21c599019da0a560	21c599019da0a560abf6f61e488a620058baaf45abedae240f30e6ed9f01c629	lerobot_groot_n15	n15	lerobot_groot_n15__robocasa365_ckpt120000		0	Pick the apple from the counter and place it in the cabinet.	robocasa_panda_omron/PickPlaceCounterToCabinet_PandaOmron_Env	100521	1300001	0	1			5		1	1	0.0	0.0	4	4		Pick the apple from the counter and place it in the cabinet.	0	all_token_full	groot_n15_dit_block_residual_full_tokens_denoise	"[""layer"",""denoise_step"",""model_token"",""feature_dim""]"	[7,4,49,1536]	[0,2,4,8,10,12,15]	n15_grid_v6_scene_jitter	grid_coord	meta	meta_json	77e745c37b0f/worker2/PPCC/apple/s0/j1/n1/base
77e745c37b0f	worker2	PPCC/apple	0	1	2	base	activation	0335e13add2c1828	0335e13add2c18289218c384ab21397dadfce5268d23c65636c984076f904e76	lerobot_groot_n15	n15	lerobot_groot_n15__robocasa365_ckpt120000		0	Pick the apple from the counter and place it in the cabinet.	robocasa_panda_omron/PickPlaceCounterToCabinet_PandaOmron_Env	100521	1300002	0	1			5		1	1	0.0	0.0	4	4		Pick the apple from the counter and place it in the cabinet.	0	all_token_full	groot_n15_dit_block_residual_full_tokens_denoise	"[""layer"",""denoise_step"",""model_token"",""feature_dim""]"	[7,4,49,1536]	[0,2,4,8,10,12,15]	n15_grid_v6_scene_jitter	grid_coord	meta	meta_json	77e745c37b0f/worker2/PPCC/apple/s0/j1/n2/base
77e745c37b0f	worker2	PPCC/apple	0	1	3	base	activation	a419d4c1b14d92cd	a419d4c1b14d92cd997503eb6fae4ddaeb6265546c2823431fee7e71873c2856	lerobot_groot_n15	n15	lerobot_groot_n15__robocasa365_ckpt120000		0	Pick the apple from the counter and place it in the cabinet.	robocasa_panda_omron/PickPlaceCounterToCabinet_PandaOmron_Env	100521	1300003	0	1			5		1	1	0.0	0.0	4	4		Pick the apple from the counter and place it in the cabinet.	0	all_token_full	groot_n15_dit_block_residual_full_tokens_denoise	"[""layer"",""denoise_step"",""model_token"",""feature_dim""]"	[7,4,49,1536]	[0,2,4,8,10,12,15]	n15_grid_v6_scene_jitter	grid_coord	meta	meta_json	77e745c37b0f/worker2/PPCC/apple/s0/j1/n3/base
77e745c37b0f	worker2	PPCC/apple	0	1	4	base	activation	57d9cef82cae00be	57d9cef82cae00be9d556ce8a844029cfd2296ee436df7c895c9ed8d12430a10	lerobot_groot_n15	n15	lerobot_groot_n15__robocasa365_ckpt120000		0	Pick the apple from the counter and place it in the cabinet.	robocasa_panda_omron/PickPlaceCounterToCabinet_PandaOmron_Env	100521	1300004	0	1			5		1	1	0.0	0.0	4	4		Pick the apple from the counter and place it in the cabinet.	0	all_token_full	groot_n15_dit_block_residual_full_tokens_denoise	"[""layer"",""denoise_step"",""model_token"",""feature_dim""]"	[7,4,49,1536]	[0,2,4,8,10,12,15]	n15_grid_v6_scene_jitter	grid_coord	meta	meta_json	77e745c37b0f/worker2/PPCC/apple/s0/j1/n4/base
77e745c37b0f	worker2	PPCC/apple	0	1	5	base	activation	7599442498460ed3	7599442498460ed36826718250398578a25a1ef4a2a5f1065ee9669d654c53df	lerobot_groot_n15	n15	lerobot_groot_n15__robocasa365_ckpt120000		0	Pick the apple from the counter and place it in the cabinet.	robocasa_panda_omron/PickPlaceCounterToCabinet_PandaOmron_Env	100521	1300005	0	1			5		1	1	0.0	0.0	4	4		Pick the apple from the counter and place it in the cabinet.	0	all_token_full	groot_n15_dit_block_residual_full_tokens_denoise	"[""layer"",""denoise_step"",""model_token"",""feature_dim""]"	[7,4,49,1536]	[0,2,4,8,10,12,15]	n15_grid_v6_scene_jitter	grid_coord	meta	meta_json	77e745c37b0f/worker2/PPCC/apple/s0/j1/n5/base
77e745c37b0f	worker2	PPCC/apple	0	1	6	base	activation	986d41b612e849d3	986d41b612e849d3821219315a4f9300cd3ce4dae70bbd020bc27767a5921851	lerobot_groot_n15	n15	lerobot_groot_n15__robocasa365_ckpt120000		0	Pick the apple from the counter and place it in the cabinet.	robocasa_panda_omron/PickPlaceCounterToCabinet_PandaOmron_Env	100521	1300006	0	1			5		1	1	0.0	0.0	4	4		Pick the apple from the counter and place it in the cabinet.	0	all_token_full	groot_n15_dit_block_residual_full_tokens_denoise	"[""layer"",""denoise_step"",""model_token"",""feature_dim""]"	[7,4,49,1536]	[0,2,4,8,10,12,15]	n15_grid_v6_scene_jitter	grid_coord	meta	meta_json	77e745c37b0f/worker2/PPCC/apple/s0/j1/n6/base
77e745c37b0f	worker2	PPCC/apple	0	1	7	base	activation	bf3dcd3a2e69d457	bf3dcd3a2e69d457dc08f71077dcf2220bf0ef1a1e844053cc785438e57ec367	lerobot_groot_n15	n15	lerobot_groot_n15__robocasa365_ckpt120000		0	Pick the apple from the counter and place it in the cabinet.	robocasa_panda_omron/PickPlaceCounterToCabinet_PandaOmron_Env	100521	1300007	0	1			5		1	1	0.0	0.0	4	4		Pick the apple from the counter and place it in the cabinet.	0	all_token_full	groot_n15_dit_block_residual_full_tokens_denoise	"[""layer"",""denoise_step"",""model_token"",""feature_dim""]"	[7,4,49,1536]	[0,2,4,8,10,12,15]	n15_grid_v6_scene_jitter	grid_coord	meta	meta_json	77e745c37b0f/worker2/PPCC/apple/s0/j1/n7/base
77e745c37b0f	worker2	PPCC/apple	0	1	8	base	activation	9c654461e9e6f99c	9c654461e9e6f99c96758df51756faf1f04c9f80f889e5fc79f6bfb4ee2cb61d	lerobot_groot_n15	n15	lerobot_groot_n15__robocasa365_ckpt120000		0	Pick the apple from the counter and place it in the cabinet.	robocasa_panda_omron/PickPlaceCounterToCabinet_PandaOmron_Env	100521	1300008	0	1			5		1	1	0.0	0.0	4	4		Pick the apple from the counter and place it in the cabinet.	0	all_token_full	groot_n15_dit_block_residual_full_tokens_denoise	"[""layer"",""denoise_step"",""model_token"",""feature_dim""]"	[7,4,49,1536]	[0,2,4,8,10,12,15]	n15_grid_v6_scene_jitter	grid_coord	meta	meta_json	77e745c37b0f/worker2/PPCC/apple/s0/j1/n8/base
77e745c37b0f	worker2	PPCC/apple	0	1	9	base	activation	e67761113dffcf35	e67761113dffcf35e47f1372aa441203f302f5f476bc083df4ac76f1ef4ab02e	lerobot_groot_n15	n15	lerobot_groot_n15__robocasa365_ckpt120000		0	Pick the apple from the counter and place it in the cabinet.	robocasa_panda_omron/PickPlaceCounterToCabinet_PandaOmron_Env	100521	1300009	0	1			5		1	1	0.0	0.0	4	4		Pick the apple from the counter and place it in the cabinet.	0	all_token_full	groot_n15_dit_block_residual_full_tokens_denoise	"[""layer"",""denoise_step"",""model_token"",""feature_dim""]"	[7,4,49,1536]	[0,2,4,8,10,12,15]	n15_grid_v6_scene_jitter	grid_coord	meta	meta_json	77e745c37b0f/worker2/PPCC/apple/s0/j1/n9/base
77e745c37b0f	worker2	PPCC/apple	0	2	0	base	activation	d94723c718f7db92	d94723c718f7db92e67542a0f4657e3b379dd71b43564e8a696d71d98e1562a3	lerobot_groot_n15	n15	lerobot_groot_n15__robocasa365_ckpt120000		0	Pick the apple from the counter and place it in the cabinet.	robocasa_panda_omron/PickPlaceCounterToCabinet_PandaOmron_Env	100521	1300000	0	1			5		1	2	0.0	0.0	4	4		Pick the apple from the counter and place it in the cabinet.	0	all_token_full	groot_n15_dit_block_residual_full_tokens_denoise	"[""layer"",""denoise_step"",""model_token"",""feature_dim""]"	[7,4,49,1536]	[0,2,4,8,10,12,15]	n15_grid_v6_scene_jitter	grid_coord	meta	meta_json	77e745c37b0f/worker2/PPCC/apple/s0/j2/n0/base
77e745c37b0f	worker2	PPCC/apple	0	2	1	base	activation	6afe32a29559beaf	6afe32a29559beaf418539c1a9009656b878fea703cc4fcd261f33d8e3c9f6a5	lerobot_groot_n15	n15	lerobot_groot_n15__robocasa365_ckpt120000		0	Pick the apple from the counter and place it in the cabinet.	robocasa_panda_omron/PickPlaceCounterToCabinet_PandaOmron_Env	100521	1300001	0	1			5		1	2	0.0	0.0	4	4		Pick the apple from the counter and place it in the cabinet.	0	all_token_full	groot_n15_dit_block_residual_full_tokens_denoise	"[""layer"",""denoise_step"",""model_token"",""feature_dim""]"	[7,4,49,1536]	[0,2,4,8,10,12,15]	n15_grid_v6_scene_jitter	grid_coord	meta	meta_json	77e745c37b0f/worker2/PPCC/apple/s0/j2/n1/base
77e745c37b0f	worker2	PPCC/apple	0	2	2	base	activation	fa04a22d88958e0f	fa04a22d88958e0f0ff0a79286a0a9e57f3b82594c4d65345b2ad05de30e6359	lerobot_groot_n15	n15	lerobot_groot_n15__robocasa365_ckpt120000		0	Pick the apple from the counter and place it in the cabinet.	robocasa_panda_omron/PickPlaceCounterToCabinet_PandaOmron_Env	100521	1300002	0	1			5		1	2	0.0	0.0	4	4		Pick the apple from the counter and place it in the cabinet.	0	all_token_full	groot_n15_dit_block_residual_full_tokens_denoise	"[""layer"",""denoise_step"",""model_token"",""feature_dim""]"	[7,4,49,1536]	[0,2,4,8,10,12,15]	n15_grid_v6_scene_jitter	grid_coord	meta	meta_json	77e745c37b0f/worker2/PPCC/apple/s0/j2/n2/base
77e745c37b0f	worker2	PPCC/apple	0	2	3	base	activation	f08d2ddd17589654	f08d2ddd17589654472523d60ee21429a8d017c12ff433cf4a62d9b5f582f769	lerobot_groot_n15	n15	lerobot_groot_n15__robocasa365_ckpt120000		0	Pick the apple from the counter and place it in the cabinet.	robocasa_panda_omron/PickPlaceCounterToCabinet_PandaOmron_Env	100521	1300003	0	1			5		1	2	0.0	0.0	4	4		Pick the apple from the counter and place it in the cabinet.	0	all_token_full	groot_n15_dit_block_residual_full_tokens_denoise	"[""layer"",""denoise_step"",""model_token"",""feature_dim""]"	[7,4,49,1536]	[0,2,4,8,10,12,15]	n15_grid_v6_scene_jitter	grid_coord	meta	meta_json	77e745c37b0f/worker2/PPCC/apple/s0/j2/n3/base
77e745c37b0f	worker2	PPCC/apple	0	2	4	base	activation	ebb0649981e40fe8	ebb0649981e40fe8116ea769798e87ff07d0c9e9a61b3a1435480f2817d8fbc6	lerobot_groot_n15	n15	lerobot_groot_n15__robocasa365_ckpt120000		0	Pick the apple from the counter and place it in the cabinet.	robocasa_panda_omron/PickPlaceCounterToCabinet_PandaOmron_Env	100521	1300004	0	1			5		1	2	0.0	0.0	4	4		Pick the apple from the counter and place it in the cabinet.	0	all_token_full	groot_n15_dit_block_residual_full_tokens_denoise	"[""layer"",""denoise_step"",""model_token"",""feature_dim""]"	[7,4,49,1536]	[0,2,4,8,10,12,15]	n15_grid_v6_scene_jitter	grid_coord	meta	meta_json	77e745c37b0f/worker2/PPCC/apple/s0/j2/n4/base
77e745c37b0f	worker2	PPCC/apple	0	2	5	base	activation	d1eca84f38b16b35	d1eca84f38b16b35d9f56ce58cb818de83a46aab6508bf72e3c4c447c5a9769c	lerobot_groot_n15	n15	lerobot_groot_n15__robocasa365_ckpt120000		0	Pick the apple from the counter and place it in the cabinet.	robocasa_panda_omron/PickPlaceCounterToCabinet_PandaOmron_Env	100521	1300005	0	1			5		1	2	0.0	0.0	4	4		Pick the apple from the counter and place it in the cabinet.	0	all_token_full	groot_n15_dit_block_residual_full_tokens_denoise	"[""layer"",""denoise_step"",""model_token"",""feature_dim""]"	[7,4,49,1536]	[0,2,4,8,10,12,15]	n15_grid_v6_scene_jitter	grid_coord	meta	meta_json	77e745c37b0f/worker2/PPCC/apple/s0/j2/n5/base
77e745c37b0f	worker2	PPCC/apple	0	2	6	base	activation	d96477d535fd9d66	d96477d535fd9d66909b2f3d1571f79f71ebf6687edbc046272aaf3d2470c872	lerobot_groot_n15	n15	lerobot_groot_n15__robocasa365_ckpt120000		0	Pick the apple from the counter and place it in the cabinet.	robocasa_panda_omron/PickPlaceCounterToCabinet_PandaOmron_Env	100521	1300006	0	1			5		1	2	0.0	0.0	4	4		Pick the apple from the counter and place it in the cabinet.	0	all_token_full	groot_n15_dit_block_residual_full_tokens_denoise	"[""layer"",""denoise_step"",""model_token"",""feature_dim""]"	[7,4,49,1536]	[0,2,4,8,10,12,15]	n15_grid_v6_scene_jitter	grid_coord	meta	meta_json	77e745c37b0f/worker2/PPCC/apple/s0/j2/n6/base
77e745c37b0f	worker2	PPCC/apple	0	2	7	base	activation	601d5a8d7855ac43	601d5a8d7855ac439d24ca0e8d16d47d6655e9f75ff8249c87721a52a1f812a2	lerobot_groot_n15	n15	lerobot_groot_n15__robocasa365_ckpt120000		0	Pick the apple from the counter and place it in the cabinet.	robocasa_panda_omron/PickPlaceCounterToCabinet_PandaOmron_Env	100521	1300007	0	1			5		1	2	0.0	0.0	4	4		Pick the apple from the counter and place it in the cabinet.	0	all_token_full	groot_n15_dit_block_residual_full_tokens_denoise	"[""layer"",""denoise_step"",""model_token"",""feature_dim""]"	[7,4,49,1536]	[0,2,4,8,10,12,15]	n15_grid_v6_scene_jitter	grid_coord	meta	meta_json	77e745c37b0f/worker2/PPCC/apple/s0/j2/n7/base
77e745c37b0f	worker2	PPCC/apple	0	2	8	base	activation	a40b22cdf1de89ad	a40b22cdf1de89ad2ddcb1060b8517fafb9f1379200ddf4c297a02f7affcf0b6	lerobot_groot_n15	n15	lerobot_groot_n15__robocasa365_ckpt120000		0	Pick the apple from the counter and place it in the cabinet.	robocasa_panda_omron/PickPlaceCounterToCabinet_PandaOmron_Env	100521	1300008	0	1			5		1	2	0.0	0.0	4	4		Pick the apple from the counter and place it in the cabinet.	0	all_token_full	groot_n15_dit_block_residual_full_tokens_denoise	"[""layer"",""denoise_step"",""model_token"",""feature_dim""]"	[7,4,49,1536]	[0,2,4,8,10,12,15]	n15_grid_v6_scene_jitter	grid_coord	meta	meta_json	77e745c37b0f/worker2/PPCC/apple/s0/j2/n8/base
77e745c37b0f	worker2	PPCC/apple	0	2	9	base	activation	a3edd8ed16478a27	a3edd8ed16478a27dc356a3d0ff1cc5deac0539b0f6833d3fb557892c1441cb2	lerobot_groot_n15	n15	lerobot_groot_n15__robocasa365_ckpt120000		0	Pick the apple from the counter and place it in the cabinet.	robocasa_panda_omron/PickPlaceCounterToCabinet_PandaOmron_Env	100521	1300009	0	1			5		1	2	0.0	0.0	4	4		Pick the apple from the counter and place it in the cabinet.	0	all_token_full	groot_n15_dit_block_residual_full_tokens_denoise	"[""layer"",""denoise_step"",""model_token"",""feature_dim""]"	[7,4,49,1536]	[0,2,4,8,10,12,15]	n15_grid_v6_scene_jitter	grid_coord	meta	meta_json	77e745c37b0f/worker2/PPCC/apple/s0/j2/n9/base
77e745c37b0f	worker2	PPCC/apple	0	3	0	base	activation	c4d0d5301e921762	c4d0d5301e921762da6358bab51d3e198adbe145ae821be1e1efd0ae74263758	lerobot_groot_n15	n15	lerobot_groot_n15__robocasa365_ckpt120000		0	Pick the apple from the counter and place it in the cabinet.	robocasa_panda_omron/PickPlaceCounterToCabinet_PandaOmron_Env	100521	1300000	0	1			5		1	3	0.0	0.0	4	4		Pick the apple from the counter and place it in the cabinet.	0	all_token_full	groot_n15_dit_block_residual_full_tokens_denoise	"[""layer"",""denoise_step"",""model_token"",""feature_dim""]"	[7,4,49,1536]	[0,2,4,8,10,12,15]	n15_grid_v6_scene_jitter	grid_coord	meta	meta_json	77e745c37b0f/worker2/PPCC/apple/s0/j3/n0/base
77e745c37b0f	worker2	PPCC/apple	0	3	1	base	activation	3d04ed26d50fcd12	3d04ed26d50fcd12a1c0b58938afebd84fcc327d33033e15d81ad0a9d011da20	lerobot_groot_n15	n15	lerobot_groot_n15__robocasa365_ckpt120000		0	Pick the apple from the counter and place it in the cabinet.	robocasa_panda_omron/PickPlaceCounterToCabinet_PandaOmron_Env	100521	1300001	0	1			5		1	3	0.0	0.0	4	4		Pick the apple from the counter and place it in the cabinet.	0	all_token_full	groot_n15_dit_block_residual_full_tokens_denoise	"[""layer"",""denoise_step"",""model_token"",""feature_dim""]"	[7,4,49,1536]	[0,2,4,8,10,12,15]	n15_grid_v6_scene_jitter	grid_coord	meta	meta_json	77e745c37b0f/worker2/PPCC/apple/s0/j3/n1/base
77e745c37b0f	worker2	PPCC/apple	0	3	2	base	activation	d21b1fe4c114c1c0	d21b1fe4c114c1c02aac3d6d4d3f82240c998435163961ca85f031bf2f090ed8	lerobot_groot_n15	n15	lerobot_groot_n15__robocasa365_ckpt120000		0	Pick the apple from the counter and place it in the cabinet.	robocasa_panda_omron/PickPlaceCounterToCabinet_PandaOmron_Env	100521	1300002	0	1			5		1	3	0.0	0.0	4	4		Pick the apple from the counter and place it in the cabinet.	0	all_token_full	groot_n15_dit_block_residual_full_tokens_denoise	"[""layer"",""denoise_step"",""model_token"",""feature_dim""]"	[7,4,49,1536]	[0,2,4,8,10,12,15]	n15_grid_v6_scene_jitter	grid_coord	meta	meta_json	77e745c37b0f/worker2/PPCC/apple/s0/j3/n2/base
77e745c37b0f	worker2	PPCC/apple	0	3	3	base	activation	65dd262755681f0d	65dd262755681f0db6b381b980037248626d11593f630bc90481bb738afdec29	lerobot_groot_n15	n15	lerobot_groot_n15__robocasa365_ckpt120000		0	Pick the apple from the counter and place it in the cabinet.	robocasa_panda_omron/PickPlaceCounterToCabinet_PandaOmron_Env	100521	1300003	0	1			5		1	3	0.0	0.0	4	4		Pick the apple from the counter and place it in the cabinet.	0	all_token_full	groot_n15_dit_block_residual_full_tokens_denoise	"[""layer"",""denoise_step"",""model_token"",""feature_dim""]"	[7,4,49,1536]	[0,2,4,8,10,12,15]	n15_grid_v6_scene_jitter	grid_coord	meta	meta_json	77e745c37b0f/worker2/PPCC/apple/s0/j3/n3/base
77e745c37b0f	worker2	PPCC/apple	0	3	4	base	activation	1f4b70c3be24960c	1f4b70c3be24960c34b617fe07e58d6509ce612748fcb33df4751e61c9ee967f	lerobot_groot_n15	n15	lerobot_groot_n15__robocasa365_ckpt120000		0	Pick the apple from the counter and place it in the cabinet.	robocasa_panda_omron/PickPlaceCounterToCabinet_PandaOmron_Env	100521	1300004	0	1			5		1	3	0.0	0.0	4	4		Pick the apple from the counter and place it in the cabinet.	0	all_token_full	groot_n15_dit_block_residual_full_tokens_denoise	"[""layer"",""denoise_step"",""model_token"",""feature_dim""]"	[7,4,49,1536]	[0,2,4,8,10,12,15]	n15_grid_v6_scene_jitter	grid_coord	meta	meta_json	77e745c37b0f/worker2/PPCC/apple/s0/j3/n4/base
77e745c37b0f	worker2	PPCC/apple	0	3	5	base	activation	bab506b6ecf44019	bab506b6ecf440192694e65b68fe20a18676cb9f4f9927db26f0e6c008e1f21a	lerobot_groot_n15	n15	lerobot_groot_n15__robocasa365_ckpt120000		0	Pick the apple from the counter and place it in the cabinet.	robocasa_panda_omron/PickPlaceCounterToCabinet_PandaOmron_Env	100521	1300005	0	1			5		1	3	0.0	0.0	4	4		Pick the apple from the counter and place it in the cabinet.	0	all_token_full	groot_n15_dit_block_residual_full_tokens_denoise	"[""layer"",""denoise_step"",""model_token"",""feature_dim""]"	[7,4,49,1536]	[0,2,4,8,10,12,15]	n15_grid_v6_scene_jitter	grid_coord	meta	meta_json	77e745c37b0f/worker2/PPCC/apple/s0/j3/n5/base
77e745c37b0f	worker2	PPCC/apple	0	3	6	base	activation	3c0a01bcfddfb61e	3c0a01bcfddfb61e4e7e2ed6c481b51fd9b2c3c594c3d28a4180420f083e797b	lerobot_groot_n15	n15	lerobot_groot_n15__robocasa365_ckpt120000		0	Pick the apple from the counter and place it in the cabinet.	robocasa_panda_omron/PickPlaceCounterToCabinet_PandaOmron_Env	100521	1300006	0	1			5		1	3	0.0	0.0	4	4		Pick the apple from the counter and place it in the cabinet.	0	all_token_full	groot_n15_dit_block_residual_full_tokens_denoise	"[""layer"",""denoise_step"",""model_token"",""feature_dim""]"	[7,4,49,1536]	[0,2,4,8,10,12,15]	n15_grid_v6_scene_jitter	grid_coord	meta	meta_json	77e745c37b0f/worker2/PPCC/apple/s0/j3/n6/base
77e745c37b0f	worker2	PPCC/apple	0	3	7	base	activation	de269b1417132893	de269b1417132893c817536752efb685935de7c60f8c7a93d93b184c6744b85d	lerobot_groot_n15	n15	lerobot_groot_n15__robocasa365_ckpt120000		0	Pick the apple from the counter and place it in the cabinet.	robocasa_panda_omron/PickPlaceCounterToCabinet_PandaOmron_Env	100521	1300007	0	1			5		1	3	0.0	0.0	4	4		Pick the apple from the counter and place it in the cabinet.	0	all_token_full	groot_n15_dit_block_residual_full_tokens_denoise	"[""layer"",""denoise_step"",""model_token"",""feature_dim""]"	[7,4,49,1536]	[0,2,4,8,10,12,15]	n15_grid_v6_scene_jitter	grid_coord	meta	meta_json	77e745c37b0f/worker2/PPCC/apple/s0/j3/n7/base
77e745c37b0f	worker2	PPCC/apple	0	3	8	base	activation	642999a584e26db0	642999a584e26db04c72ae9a49d23f05e05cf4180f3c12b1581de76520baf562	lerobot_groot_n15	n15	lerobot_groot_n15__robocasa365_ckpt120000		0	Pick the apple from the counter and place it in the cabinet.	robocasa_panda_omron/PickPlaceCounterToCabinet_PandaOmron_Env	100521	1300008	0	1			5		1	3	0.0	0.0	4	4		Pick the apple from the counter and place it in the cabinet.	0	all_token_full	groot_n15_dit_block_residual_full_tokens_denoise	"[""layer"",""denoise_step"",""model_token"",""feature_dim""]"	[7,4,49,1536]	[0,2,4,8,10,12,15]	n15_grid_v6_scene_jitter	grid_coord	meta	meta_json	77e745c37b0f/worker2/PPCC/apple/s0/j3/n8/base
77e745c37b0f	worker2	PPCC/apple	0	3	9	base	activation	d442e0c5d0429056	d442e0c5d0429056e9a472da94ce6dd86b333dd951655bcc6d57ae37b92e88a3	lerobot_groot_n15	n15	lerobot_groot_n15__robocasa365_ckpt120000		0	Pick the apple from the counter and place it in the cabinet.	robocasa_panda_omron/PickPlaceCounterToCabinet_PandaOmron_Env	100521	1300009	0	1			5		1	3	0.0	0.0	4	4		Pick the apple from the counter and place it in the cabinet.	0	all_token_full	groot_n15_dit_block_residual_full_tokens_denoise	"[""layer"",""denoise_step"",""model_token"",""feature_dim""]"	[7,4,49,1536]	[0,2,4,8,10,12,15]	n15_grid_v6_scene_jitter	grid_coord	meta	meta_json	77e745c37b0f/worker2/PPCC/apple/s0/j3/n9/base
77e745c37b0f	worker2	PPCC/apple	0	4	0	base	activation	824a9792a3d38182	824a9792a3d38182f2610f77552b9dc7158a32345602cd1a634b500b1211917e	lerobot_groot_n15	n15	lerobot_groot_n15__robocasa365_ckpt120000		0	Pick the apple from the counter and place it in the cabinet.	robocasa_panda_omron/PickPlaceCounterToCabinet_PandaOmron_Env	100521	1300000	0	1			5		1	4	0.0	0.0	4	4		Pick the apple from the counter and place it in the cabinet.	0	all_token_full	groot_n15_dit_block_residual_full_tokens_denoise	"[""layer"",""denoise_step"",""model_token"",""feature_dim""]"	[7,4,49,1536]	[0,2,4,8,10,12,15]	n15_grid_v6_scene_jitter	grid_coord	meta	meta_json	77e745c37b0f/worker2/PPCC/apple/s0/j4/n0/base
77e745c37b0f	worker2	PPCC/apple	0	4	1	base	activation	c552f59720d719ad	c552f59720d719adbb12af9801a11c2749d800f7197cc3f3f0f019e846dd7385	lerobot_groot_n15	n15	lerobot_groot_n15__robocasa365_ckpt120000		0	Pick the apple from the counter and place it in the cabinet.	robocasa_panda_omron/PickPlaceCounterToCabinet_PandaOmron_Env	100521	1300001	0	1			5		1	4	0.0	0.0	4	4		Pick the apple from the counter and place it in the cabinet.	0	all_token_full	groot_n15_dit_block_residual_full_tokens_denoise	"[""layer"",""denoise_step"",""model_token"",""feature_dim""]"	[7,4,49,1536]	[0,2,4,8,10,12,15]	n15_grid_v6_scene_jitter	grid_coord	meta	meta_json	77e745c37b0f/worker2/PPCC/apple/s0/j4/n1/base
77e745c37b0f	worker2	PPCC/apple	0	4	2	base	activation	60a56b6ad60957ae	60a56b6ad60957aebcff6f914a0463d7a8ee06641d554ef3f935ec524b98479c	lerobot_groot_n15	n15	lerobot_groot_n15__robocasa365_ckpt120000		0	Pick the apple from the counter and place it in the cabinet.	robocasa_panda_omron/PickPlaceCounterToCabinet_PandaOmron_Env	100521	1300002	0	1			5		1	4	0.0	0.0	4	4		Pick the apple from the counter and place it in the cabinet.	0	all_token_full	groot_n15_dit_block_residual_full_tokens_denoise	"[""layer"",""denoise_step"",""model_token"",""feature_dim""]"	[7,4,49,1536]	[0,2,4,8,10,12,15]	n15_grid_v6_scene_jitter	grid_coord	meta	meta_json	77e745c37b0f/worker2/PPCC/apple/s0/j4/n2/base
77e745c37b0f	worker2	PPCC/apple	0	4	3	base	activation	e9f187a33bfe97a7	e9f187a33bfe97a746875e6480cfd4ceebed48fe46402793b2f744af0a33c87e	lerobot_groot_n15	n15	lerobot_groot_n15__robocasa365_ckpt120000		0	Pick the apple from the counter and place it in the cabinet.	robocasa_panda_omron/PickPlaceCounterToCabinet_PandaOmron_Env	100521	1300003	0	1			5		1	4	0.0	0.0	4	4		Pick the apple from the counter and place it in the cabinet.	0	all_token_full	groot_n15_dit_block_residual_full_tokens_denoise	"[""layer"",""denoise_step"",""model_token"",""feature_dim""]"	[7,4,49,1536]	[0,2,4,8,10,12,15]	n15_grid_v6_scene_jitter	grid_coord	meta	meta_json	77e745c37b0f/worker2/PPCC/apple/s0/j4/n3/base
77e745c37b0f	worker2	PPCC/apple	0	4	4	base	activation	f89c7cb7d8fae914	f89c7cb7d8fae914181e1faf146a62b5da5610b347c3425971c83f8d1e38861e	lerobot_groot_n15	n15	lerobot_groot_n15__robocasa365_ckpt120000		0	Pick the apple from the counter and place it in the cabinet.	robocasa_panda_omron/PickPlaceCounterToCabinet_PandaOmron_Env	100521	1300004	0	1			5		1	4	0.0	0.0	4	4		Pick the apple from the counter and place it in the cabinet.	0	all_token_full	groot_n15_dit_block_residual_full_tokens_denoise	"[""layer"",""denoise_step"",""model_token"",""feature_dim""]"	[7,4,49,1536]	[0,2,4,8,10,12,15]	n15_grid_v6_scene_jitter	grid_coord	meta	meta_json	77e745c37b0f/worker2/PPCC/apple/s0/j4/n4/base
77e745c37b0f	worker2	PPCC/apple	0	4	5	base	activation	e7e35be2ae71fdc9	e7e35be2ae71fdc97c34336213cd56608ccdc3777df9dc6b5d3c8b7d393529b6	lerobot_groot_n15	n15	lerobot_groot_n15__robocasa365_ckpt120000		0	Pick the apple from the counter and place it in the cabinet.	robocasa_panda_omron/PickPlaceCounterToCabinet_PandaOmron_Env	100521	1300005	0	1			5		1	4	0.0	0.0	4	4		Pick the apple from the counter and place it in the cabinet.	0	all_token_full	groot_n15_dit_block_residual_full_tokens_denoise	"[""layer"",""denoise_step"",""model_token"",""feature_dim""]"	[7,4,49,1536]	[0,2,4,8,10,12,15]	n15_grid_v6_scene_jitter	grid_coord	meta	meta_json	77e745c37b0f/worker2/PPCC/apple/s0/j4/n5/base
77e745c37b0f	worker2	PPCC/apple	0	4	6	base	activation	af5575e58e9056af	af5575e58e9056afda2f4179f2c70a1f243455a94e9ad0f821b6016838db2ba7	lerobot_groot_n15	n15	lerobot_groot_n15__robocasa365_ckpt120000		0	Pick the apple from the counter and place it in the cabinet.	robocasa_panda_omron/PickPlaceCounterToCabinet_PandaOmron_Env	100521	1300006	0	1			5		1	4	0.0	0.0	4	4		Pick the apple from the counter and place it in the cabinet.	0	all_token_full	groot_n15_dit_block_residual_full_tokens_denoise	"[""layer"",""denoise_step"",""model_token"",""feature_dim""]"	[7,4,49,1536]	[0,2,4,8,10,12,15]	n15_grid_v6_scene_jitter	grid_coord	meta	meta_json	77e745c37b0f/worker2/PPCC/apple/s0/j4/n6/base
77e745c37b0f	worker2	PPCC/apple	0	4	7	base	activation	3d68ff18527f2427	3d68ff18527f2427bf87c8a88fc3c57db03d1c44e7ee21046a40cf468cd4ee23	lerobot_groot_n15	n15	lerobot_groot_n15__robocasa365_ckpt120000		0	Pick the apple from the counter and place it in the cabinet.	robocasa_panda_omron/PickPlaceCounterToCabinet_PandaOmron_Env	100521	1300007	0	1			5		1	4	0.0	0.0	4	4		Pick the apple from the counter and place it in the cabinet.	0	all_token_full	groot_n15_dit_block_residual_full_tokens_denoise	"[""layer"",""denoise_step"",""model_token"",""feature_dim""]"	[7,4,49,1536]	[0,2,4,8,10,12,15]	n15_grid_v6_scene_jitter	grid_coord	meta	meta_json	77e745c37b0f/worker2/PPCC/apple/s0/j4/n7/base
77e745c37b0f	worker2	PPCC/apple	0	4	8	base	activation	8b0d98beb9ee74f6	8b0d98beb9ee74f6892bad2a1bcd9fb1586f57494e007c184b6c197e1ce88503	lerobot_groot_n15	n15	lerobot_groot_n15__robocasa365_ckpt120000		0	Pick the apple from the counter and place it in the cabinet.	robocasa_panda_omron/PickPlaceCounterToCabinet_PandaOmron_Env	100521	1300008	0	1			5		1	4	0.0	0.0	4	4		Pick the apple from the counter and place it in the cabinet.	0	all_token_full	groot_n15_dit_block_residual_full_tokens_denoise	"[""layer"",""denoise_step"",""model_token"",""feature_dim""]"	[7,4,49,1536]	[0,2,4,8,10,12,15]	n15_grid_v6_scene_jitter	grid_coord	meta	meta_json	77e745c37b0f/worker2/PPCC/apple/s0/j4/n8/base
77e745c37b0f	worker2	PPCC/apple	0	4	9	base	activation	78efed341c5d9530	78efed341c5d9530e8b7582cdf75062f558683a726e5ea264819e77adf7a2ee3	lerobot_groot_n15	n15	lerobot_groot_n15__robocasa365_ckpt120000		0	Pick the apple from the counter and place it in the cabinet.	robocasa_panda_omron/PickPlaceCounterToCabinet_PandaOmron_Env	100521	1300009	0	1			5		1	4	0.0	0.0	4	4		Pick the apple from the counter and place it in the cabinet.	0	all_token_full	groot_n15_dit_block_residual_full_tokens_denoise	"[""layer"",""denoise_step"",""model_token"",""feature_dim""]"	[7,4,49,1536]	[0,2,4,8,10,12,15]	n15_grid_v6_scene_jitter	grid_coord	meta	meta_json	77e745c37b0f/worker2/PPCC/apple/s0/j4/n9/base
77e745c37b0f	worker2	PPCC/bread	0	0	0	base	activation	9bd59bbaf327def1	9bd59bbaf327def156f03ab0acc1b295d0bc54c6d5525df68d2e3abf9dd84bc7	lerobot_groot_n15	n15	lerobot_groot_n15__robocasa365_ckpt120000		0	Pick the bread from the counter and place it in the cabinet.	robocasa_panda_omron/PickPlaceCounterToCabinet_PandaOmron_Env	100466	1300000	0	1			5		1	0	0.0	0.0	4	4		Pick the bread from the counter and place it in the cabinet.	0	all_token_full	groot_n15_dit_block_residual_full_tokens_denoise	"[""layer"",""denoise_step"",""model_token"",""feature_dim""]"	[7,4,49,1536]	[0,2,4,8,10,12,15]	n15_grid_v6_scene_jitter	grid_coord	meta	meta_json	77e745c37b0f/worker2/PPCC/bread/s0/j0/n0/base
77e745c37b0f	worker2	PPCC/bread	0	0	1	base	activation	3df6ce98f693a995	3df6ce98f693a9953759e6a65e9c22e5821eefb214a5cb30e57de63963397a4d	lerobot_groot_n15	n15	lerobot_groot_n15__robocasa365_ckpt120000		0	Pick the bread from the counter and place it in the cabinet.	robocasa_panda_omron/PickPlaceCounterToCabinet_PandaOmron_Env	100466	1300001	0	1			5		1	0	0.0	0.0	4	4		Pick the bread from the counter and place it in the cabinet.	0	all_token_full	groot_n15_dit_block_residual_full_tokens_denoise	"[""layer"",""denoise_step"",""model_token"",""feature_dim""]"	[7,4,49,1536]	[0,2,4,8,10,12,15]	n15_grid_v6_scene_jitter	grid_coord	meta	meta_json	77e745c37b0f/worker2/PPCC/bread/s0/j0/n1/base
77e745c37b0f	worker2	PPCC/bread	0	0	2	base	activation	bd403835f9539220	bd403835f95392201aa2ff750ab81b4d652d7ea911b7d5807c67edaa054159a4	lerobot_groot_n15	n15	lerobot_groot_n15__robocasa365_ckpt120000		0	Pick the bread from the counter and place it in the cabinet.	robocasa_panda_omron/PickPlaceCounterToCabinet_PandaOmron_Env	100466	1300002	0	1			5		1	0	0.0	0.0	4	4		Pick the bread from the counter and place it in the cabinet.	0	all_token_full	groot_n15_dit_block_residual_full_tokens_denoise	"[""layer"",""denoise_step"",""model_token"",""feature_dim""]"	[7,4,49,1536]	[0,2,4,8,10,12,15]	n15_grid_v6_scene_jitter	grid_coord	meta	meta_json	77e745c37b0f/worker2/PPCC/bread/s0/j0/n2/base
77e745c37b0f	worker2	PPCC/bread	0	0	3	base	activation	9c4c827f3db5fe8e	9c4c827f3db5fe8e7c730fa5a624b768021978310fbac8142f707a162a224d64	lerobot_groot_n15	n15	lerobot_groot_n15__robocasa365_ckpt120000		0	Pick the bread from the counter and place it in the cabinet.	robocasa_panda_omron/PickPlaceCounterToCabinet_PandaOmron_Env	100466	1300003	0	0			5		1	0	0.0	0.0	4	4		Pick the bread from the counter and place it in the cabinet.	0	all_token_full	groot_n15_dit_block_residual_full_tokens_denoise	"[""layer"",""denoise_step"",""model_token"",""feature_dim""]"	[7,4,49,1536]	[0,2,4,8,10,12,15]	n15_grid_v6_scene_jitter	grid_coord	meta	meta_json	77e745c37b0f/worker2/PPCC/bread/s0/j0/n3/base
77e745c37b0f	worker2	PPCC/bread	0	0	4	base	activation	829f5938532e176e	829f5938532e176e09660e2b2533d3b6dcfe4bb4499cbeb1440509a49c29c493	lerobot_groot_n15	n15	lerobot_groot_n15__robocasa365_ckpt120000		0	Pick the bread from the counter and place it in the cabinet.	robocasa_panda_omron/PickPlaceCounterToCabinet_PandaOmron_Env	100466	1300004	0	0			5		1	0	0.0	0.0	4	4		Pick the bread from the counter and place it in the cabinet.	0	all_token_full	groot_n15_dit_block_residual_full_tokens_denoise	"[""layer"",""denoise_step"",""model_token"",""feature_dim""]"	[7,4,49,1536]	[0,2,4,8,10,12,15]	n15_grid_v6_scene_jitter	grid_coord	meta	meta_json	77e745c37b0f/worker2/PPCC/bread/s0/j0/n4/base
77e745c37b0f	worker2	PPCC/bread	0	0	5	base	activation	b44b9674afc01dcb	b44b9674afc01dcb2d32947ea6bc4ddf461c17220e99e58f67c8032719eb9c96	lerobot_groot_n15	n15	lerobot_groot_n15__robocasa365_ckpt120000		0	Pick the bread from the counter and place it in the cabinet.	robocasa_panda_omron/PickPlaceCounterToCabinet_PandaOmron_Env	100466	1300005	0	0			5		1	0	0.0	0.0	4	4		Pick the bread from the counter and place it in the cabinet.	0	all_token_full	groot_n15_dit_block_residual_full_tokens_denoise	"[""layer"",""denoise_step"",""model_token"",""feature_dim""]"	[7,4,49,1536]	[0,2,4,8,10,12,15]	n15_grid_v6_scene_jitter	grid_coord	meta	meta_json	77e745c37b0f/worker2/PPCC/bread/s0/j0/n5/base
77e745c37b0f	worker2	PPCC/bread	0	0	6	base	activation	899f53bb36b357bf	899f53bb36b357bfde1c72bda391012b627b62d3f5c2f50f93bf406ae1792234	lerobot_groot_n15	n15	lerobot_groot_n15__robocasa365_ckpt120000		0	Pick the bread from the counter and place it in the cabinet.	robocasa_panda_omron/PickPlaceCounterToCabinet_PandaOmron_Env	100466	1300006	0	0			5		1	0	0.0	0.0	4	4		Pick the bread from the counter and place it in the cabinet.	0	all_token_full	groot_n15_dit_block_residual_full_tokens_denoise	"[""layer"",""denoise_step"",""model_token"",""feature_dim""]"	[7,4,49,1536]	[0,2,4,8,10,12,15]	n15_grid_v6_scene_jitter	grid_coord	meta	meta_json	77e745c37b0f/worker2/PPCC/bread/s0/j0/n6/base
77e745c37b0f	worker2	PPCC/bread	0	0	7	base	activation	fad7b9bd2a11b4da	fad7b9bd2a11b4daa587b73b6ae835f1ddd8f1ac4b735bd8781a65058e4ec2b5	lerobot_groot_n15	n15	lerobot_groot_n15__robocasa365_ckpt120000		0	Pick the bread from the counter and place it in the cabinet.	robocasa_panda_omron/PickPlaceCounterToCabinet_PandaOmron_Env	100466	1300007	0	0			5		1	0	0.0	0.0	4	4		Pick the bread from the counter and place it in the cabinet.	0	all_token_full	groot_n15_dit_block_residual_full_tokens_denoise	"[""layer"",""denoise_step"",""model_token"",""feature_dim""]"	[7,4,49,1536]	[0,2,4,8,10,12,15]	n15_grid_v6_scene_jitter	grid_coord	meta	meta_json	77e745c37b0f/worker2/PPCC/bread/s0/j0/n7/base
77e745c37b0f	worker2	PPCC/bread	0	0	8	base	activation	e98fbe5ac0f08be4	e98fbe5ac0f08be4f60eb2ad990ce084f6279d586cb86c00ab187c9a48092825	lerobot_groot_n15	n15	lerobot_groot_n15__robocasa365_ckpt120000		0	Pick the bread from the counter and place it in the cabinet.	robocasa_panda_omron/PickPlaceCounterToCabinet_PandaOmron_Env	100466	1300008	0	1			5		1	0	0.0	0.0	4	4		Pick the bread from the counter and place it in the cabinet.	0	all_token_full	groot_n15_dit_block_residual_full_tokens_denoise	"[""layer"",""denoise_step"",""model_token"",""feature_dim""]"	[7,4,49,1536]	[0,2,4,8,10,12,15]	n15_grid_v6_scene_jitter	grid_coord	meta	meta_json	77e745c37b0f/worker2/PPCC/bread/s0/j0/n8/base
77e745c37b0f	worker2	PPCC/bread	0	0	9	base	activation	cdeacb79b2acc159	cdeacb79b2acc159a351f99866eda6202aff881dde825fe1a54e41aea113653d	lerobot_groot_n15	n15	lerobot_groot_n15__robocasa365_ckpt120000		0	Pick the bread from the counter and place it in the cabinet.	robocasa_panda_omron/PickPlaceCounterToCabinet_PandaOmron_Env	100466	1300009	0	0			5		1	0	0.0	0.0	4	4		Pick the bread from the counter and place it in the cabinet.	0	all_token_full	groot_n15_dit_block_residual_full_tokens_denoise	"[""layer"",""denoise_step"",""model_token"",""feature_dim""]"	[7,4,49,1536]	[0,2,4,8,10,12,15]	n15_grid_v6_scene_jitter	grid_coord	meta	meta_json	77e745c37b0f/worker2/PPCC/bread/s0/j0/n9/base
77e745c37b0f	worker2	PPCC/bread	0	1	0	base	activation	169e3c02308c0d68	169e3c02308c0d68f4fab655689bfd589bb4e6cb72691dd4c566ba7e04259677	lerobot_groot_n15	n15	lerobot_groot_n15__robocasa365_ckpt120000		0	Pick the bread from the counter and place it in the cabinet.	robocasa_panda_omron/PickPlaceCounterToCabinet_PandaOmron_Env	100466	1300000	0	1			5		1	1	0.0	0.0	4	4		Pick the bread from the counter and place it in the cabinet.	0	all_token_full	groot_n15_dit_block_residual_full_tokens_denoise	"[""layer"",""denoise_step"",""model_token"",""feature_dim""]"	[7,4,49,1536]	[0,2,4,8,10,12,15]	n15_grid_v6_scene_jitter	grid_coord	meta	meta_json	77e745c37b0f/worker2/PPCC/bread/s0/j1/n0/base
77e745c37b0f	worker2	PPCC/bread	0	1	1	base	activation	e3fbca47f4c9e3e4	e3fbca47f4c9e3e4dc50ec51c494010311b89deb8bb203b68440f2fe25adeb2f	lerobot_groot_n15	n15	lerobot_groot_n15__robocasa365_ckpt120000		0	Pick the bread from the counter and place it in the cabinet.	robocasa_panda_omron/PickPlaceCounterToCabinet_PandaOmron_Env	100466	1300001	0	1			5		1	1	0.0	0.0	4	4		Pick the bread from the counter and place it in the cabinet.	0	all_token_full	groot_n15_dit_block_residual_full_tokens_denoise	"[""layer"",""denoise_step"",""model_token"",""feature_dim""]"	[7,4,49,1536]	[0,2,4,8,10,12,15]	n15_grid_v6_scene_jitter	grid_coord	meta	meta_json	77e745c37b0f/worker2/PPCC/bread/s0/j1/n1/base
77e745c37b0f	worker2	PPCC/bread	0	1	2	base	activation	ae568ecc39fffbcb	ae568ecc39fffbcb60744a78e561ba90cc29ab72f0c3e5a03d56035713310c22	lerobot_groot_n15	n15	lerobot_groot_n15__robocasa365_ckpt120000		0	Pick the bread from the counter and place it in the cabinet.	robocasa_panda_omron/PickPlaceCounterToCabinet_PandaOmron_Env	100466	1300002	0	1			5		1	1	0.0	0.0	4	4		Pick the bread from the counter and place it in the cabinet.	0	all_token_full	groot_n15_dit_block_residual_full_tokens_denoise	"[""layer"",""denoise_step"",""model_token"",""feature_dim""]"	[7,4,49,1536]	[0,2,4,8,10,12,15]	n15_grid_v6_scene_jitter	grid_coord	meta	meta_json	77e745c37b0f/worker2/PPCC/bread/s0/j1/n2/base
77e745c37b0f	worker2	PPCC/bread	0	1	3	base	activation	f5ae3ecf93bf5d8c	f5ae3ecf93bf5d8c589360b9e2ee2add6bc11741b00aea40177d43ddac024548	lerobot_groot_n15	n15	lerobot_groot_n15__robocasa365_ckpt120000		0	Pick the bread from the counter and place it in the cabinet.	robocasa_panda_omron/PickPlaceCounterToCabinet_PandaOmron_Env	100466	1300003	0	1			5		1	1	0.0	0.0	4	4		Pick the bread from the counter and place it in the cabinet.	0	all_token_full	groot_n15_dit_block_residual_full_tokens_denoise	"[""layer"",""denoise_step"",""model_token"",""feature_dim""]"	[7,4,49,1536]	[0,2,4,8,10,12,15]	n15_grid_v6_scene_jitter	grid_coord	meta	meta_json	77e745c37b0f/worker2/PPCC/bread/s0/j1/n3/base
77e745c37b0f	worker2	PPCC/bread	0	1	4	base	activation	06860cc5ed02fd9d	06860cc5ed02fd9d5ba408a017ba589591c06c9fb5ef53a3d5000d1d66e35310	lerobot_groot_n15	n15	lerobot_groot_n15__robocasa365_ckpt120000		0	Pick the bread from the counter and place it in the cabinet.	robocasa_panda_omron/PickPlaceCounterToCabinet_PandaOmron_Env	100466	1300004	0	0			5		1	1	0.0	0.0	4	4		Pick the bread from the counter and place it in the cabinet.	0	all_token_full	groot_n15_dit_block_residual_full_tokens_denoise	"[""layer"",""denoise_step"",""model_token"",""feature_dim""]"	[7,4,49,1536]	[0,2,4,8,10,12,15]	n15_grid_v6_scene_jitter	grid_coord	meta	meta_json	77e745c37b0f/worker2/PPCC/bread/s0/j1/n4/base
77e745c37b0f	worker2	PPCC/bread	0	1	5	base	activation	5f361ff740d9b963	5f361ff740d9b963dd53e8293d85ad30438c94776ee2456e35e35cd8334e04c7	lerobot_groot_n15	n15	lerobot_groot_n15__robocasa365_ckpt120000		0	Pick the bread from the counter and place it in the cabinet.	robocasa_panda_omron/PickPlaceCounterToCabinet_PandaOmron_Env	100466	1300005	0	1			5		1	1	0.0	0.0	4	4		Pick the bread from the counter and place it in the cabinet.	0	all_token_full	groot_n15_dit_block_residual_full_tokens_denoise	"[""layer"",""denoise_step"",""model_token"",""feature_dim""]"	[7,4,49,1536]	[0,2,4,8,10,12,15]	n15_grid_v6_scene_jitter	grid_coord	meta	meta_json	77e745c37b0f/worker2/PPCC/bread/s0/j1/n5/base
77e745c37b0f	worker2	PPCC/bread	0	1	6	base	activation	eb00ea8e0e4ed1fc	eb00ea8e0e4ed1fc9d1d822dd5b76d249e95bcbed8c7b8990d721cf0596c2fdc	lerobot_groot_n15	n15	lerobot_groot_n15__robocasa365_ckpt120000		0	Pick the bread from the counter and place it in the cabinet.	robocasa_panda_omron/PickPlaceCounterToCabinet_PandaOmron_Env	100466	1300006	0	1			5		1	1	0.0	0.0	4	4		Pick the bread from the counter and place it in the cabinet.	0	all_token_full	groot_n15_dit_block_residual_full_tokens_denoise	"[""layer"",""denoise_step"",""model_token"",""feature_dim""]"	[7,4,49,1536]	[0,2,4,8,10,12,15]	n15_grid_v6_scene_jitter	grid_coord	meta	meta_json	77e745c37b0f/worker2/PPCC/bread/s0/j1/n6/base
77e745c37b0f	worker2	PPCC/bread	0	1	7	base	activation	eb5c7f919056b273	eb5c7f919056b273a9e3227a270dbe36c5c5b43865c64b2dbb2c3cfb1712713f	lerobot_groot_n15	n15	lerobot_groot_n15__robocasa365_ckpt120000		0	Pick the bread from the counter and place it in the cabinet.	robocasa_panda_omron/PickPlaceCounterToCabinet_PandaOmron_Env	100466	1300007	0	1			5		1	1	0.0	0.0	4	4		Pick the bread from the counter and place it in the cabinet.	0	all_token_full	groot_n15_dit_block_residual_full_tokens_denoise	"[""layer"",""denoise_step"",""model_token"",""feature_dim""]"	[7,4,49,1536]	[0,2,4,8,10,12,15]	n15_grid_v6_scene_jitter	grid_coord	meta	meta_json	77e745c37b0f/worker2/PPCC/bread/s0/j1/n7/base
77e745c37b0f	worker2	PPCC/bread	0	1	8	base	activation	e84d5c6350417d0e	e84d5c6350417d0ea29353380dd21efed93ab5963547d64d9223fde1e9d20d23	lerobot_groot_n15	n15	lerobot_groot_n15__robocasa365_ckpt120000		0	Pick the bread from the counter and place it in the cabinet.	robocasa_panda_omron/PickPlaceCounterToCabinet_PandaOmron_Env	100466	1300008	0	1			5		1	1	0.0	0.0	4	4		Pick the bread from the counter and place it in the cabinet.	0	all_token_full	groot_n15_dit_block_residual_full_tokens_denoise	"[""layer"",""denoise_step"",""model_token"",""feature_dim""]"	[7,4,49,1536]	[0,2,4,8,10,12,15]	n15_grid_v6_scene_jitter	grid_coord	meta	meta_json	77e745c37b0f/worker2/PPCC/bread/s0/j1/n8/base
77e745c37b0f	worker2	PPCC/bread	0	1	9	base	activation	f11d1eaa92089d3e	f11d1eaa92089d3e44cb79db5de0cc6bc4184f4d041781ba415726d1f95aa0b9	lerobot_groot_n15	n15	lerobot_groot_n15__robocasa365_ckpt120000		0	Pick the bread from the counter and place it in the cabinet.	robocasa_panda_omron/PickPlaceCounterToCabinet_PandaOmron_Env	100466	1300009	0	0			5		1	1	0.0	0.0	4	4		Pick the bread from the counter and place it in the cabinet.	0	all_token_full	groot_n15_dit_block_residual_full_tokens_denoise	"[""layer"",""denoise_step"",""model_token"",""feature_dim""]"	[7,4,49,1536]	[0,2,4,8,10,12,15]	n15_grid_v6_scene_jitter	grid_coord	meta	meta_json	77e745c37b0f/worker2/PPCC/bread/s0/j1/n9/base
77e745c37b0f	worker2	PPCC/bread	0	2	0	base	activation	cb5bebf425ad6bfd	cb5bebf425ad6bfdf6441b95c69c21687229a63df0dc76d3c7bb31b5b07a4d2c	lerobot_groot_n15	n15	lerobot_groot_n15__robocasa365_ckpt120000		0	Pick the bread from the counter and place it in the cabinet.	robocasa_panda_omron/PickPlaceCounterToCabinet_PandaOmron_Env	100466	1300000	0	0			5		1	2	0.0	0.0	4	4		Pick the bread from the counter and place it in the cabinet.	0	all_token_full	groot_n15_dit_block_residual_full_tokens_denoise	"[""layer"",""denoise_step"",""model_token"",""feature_dim""]"	[7,4,49,1536]	[0,2,4,8,10,12,15]	n15_grid_v6_scene_jitter	grid_coord	meta	meta_json	77e745c37b0f/worker2/PPCC/bread/s0/j2/n0/base
77e745c37b0f	worker2	PPCC/bread	0	2	1	base	activation	8a297b42c2fa44dc	8a297b42c2fa44dcdbbdf2e7ba4992aca5d182d77f2a91c1913f9318e6045b40	lerobot_groot_n15	n15	lerobot_groot_n15__robocasa365_ckpt120000		0	Pick the bread from the counter and place it in the cabinet.	robocasa_panda_omron/PickPlaceCounterToCabinet_PandaOmron_Env	100466	1300001	0	1			5		1	2	0.0	0.0	4	4		Pick the bread from the counter and place it in the cabinet.	0	all_token_full	groot_n15_dit_block_residual_full_tokens_denoise	"[""layer"",""denoise_step"",""model_token"",""feature_dim""]"	[7,4,49,1536]	[0,2,4,8,10,12,15]	n15_grid_v6_scene_jitter	grid_coord	meta	meta_json	77e745c37b0f/worker2/PPCC/bread/s0/j2/n1/base
77e745c37b0f	worker2	PPCC/bread	0	2	2	base	activation	c7d026073e7cb861	c7d026073e7cb861f269ae2cb353ef0ab047d75ae5db350cdc240361c4968f1e	lerobot_groot_n15	n15	lerobot_groot_n15__robocasa365_ckpt120000		0	Pick the bread from the counter and place it in the cabinet.	robocasa_panda_omron/PickPlaceCounterToCabinet_PandaOmron_Env	100466	1300002	0	1			5		1	2	0.0	0.0	4	4		Pick the bread from the counter and place it in the cabinet.	0	all_token_full	groot_n15_dit_block_residual_full_tokens_denoise	"[""layer"",""denoise_step"",""model_token"",""feature_dim""]"	[7,4,49,1536]	[0,2,4,8,10,12,15]	n15_grid_v6_scene_jitter	grid_coord	meta	meta_json	77e745c37b0f/worker2/PPCC/bread/s0/j2/n2/base
77e745c37b0f	worker2	PPCC/bread	0	2	3	base	activation	0c0024cae5ed9245	0c0024cae5ed9245509768d09e6382890766e71a1b216ac8fa41ef67afcc03cc	lerobot_groot_n15	n15	lerobot_groot_n15__robocasa365_ckpt120000		0	Pick the bread from the counter and place it in the cabinet.	robocasa_panda_omron/PickPlaceCounterToCabinet_PandaOmron_Env	100466	1300003	0	1			5		1	2	0.0	0.0	4	4		Pick the bread from the counter and place it in the cabinet.	0	all_token_full	groot_n15_dit_block_residual_full_tokens_denoise	"[""layer"",""denoise_step"",""model_token"",""feature_dim""]"	[7,4,49,1536]	[0,2,4,8,10,12,15]	n15_grid_v6_scene_jitter	grid_coord	meta	meta_json	77e745c37b0f/worker2/PPCC/bread/s0/j2/n3/base
77e745c37b0f	worker2	PPCC/bread	0	2	4	base	activation	d6fe21009c8fe031	d6fe21009c8fe031e04bcce5501fe0356615b46cec1553b215c673abf77ded3c	lerobot_groot_n15	n15	lerobot_groot_n15__robocasa365_ckpt120000		0	Pick the bread from the counter and place it in the cabinet.	robocasa_panda_omron/PickPlaceCounterToCabinet_PandaOmron_Env	100466	1300004	0	1			5		1	2	0.0	0.0	4	4		Pick the bread from the counter and place it in the cabinet.	0	all_token_full	groot_n15_dit_block_residual_full_tokens_denoise	"[""layer"",""denoise_step"",""model_token"",""feature_dim""]"	[7,4,49,1536]	[0,2,4,8,10,12,15]	n15_grid_v6_scene_jitter	grid_coord	meta	meta_json	77e745c37b0f/worker2/PPCC/bread/s0/j2/n4/base
77e745c37b0f	worker2	PPCC/bread	0	2	5	base	activation	a128ff04736e8ee8	a128ff04736e8ee859a14762fda04e0e9738e6053be3291de7ec84299b2e00fe	lerobot_groot_n15	n15	lerobot_groot_n15__robocasa365_ckpt120000		0	Pick the bread from the counter and place it in the cabinet.	robocasa_panda_omron/PickPlaceCounterToCabinet_PandaOmron_Env	100466	1300005	0	0			5		1	2	0.0	0.0	4	4		Pick the bread from the counter and place it in the cabinet.	0	all_token_full	groot_n15_dit_block_residual_full_tokens_denoise	"[""layer"",""denoise_step"",""model_token"",""feature_dim""]"	[7,4,49,1536]	[0,2,4,8,10,12,15]	n15_grid_v6_scene_jitter	grid_coord	meta	meta_json	77e745c37b0f/worker2/PPCC/bread/s0/j2/n5/base
77e745c37b0f	worker2	PPCC/bread	0	2	6	base	activation	5a109d60049ad3f6	5a109d60049ad3f65f2d213a86fa66996b621d2fc3543d81edea0e5716c28b16	lerobot_groot_n15	n15	lerobot_groot_n15__robocasa365_ckpt120000		0	Pick the bread from the counter and place it in the cabinet.	robocasa_panda_omron/PickPlaceCounterToCabinet_PandaOmron_Env	100466	1300006	0	1			5		1	2	0.0	0.0	4	4		Pick the bread from the counter and place it in the cabinet.	0	all_token_full	groot_n15_dit_block_residual_full_tokens_denoise	"[""layer"",""denoise_step"",""model_token"",""feature_dim""]"	[7,4,49,1536]	[0,2,4,8,10,12,15]	n15_grid_v6_scene_jitter	grid_coord	meta	meta_json	77e745c37b0f/worker2/PPCC/bread/s0/j2/n6/base
77e745c37b0f	worker2	PPCC/bread	0	2	7	base	activation	e3b16673baa8e94a	e3b16673baa8e94a6557d07321e99b4b664374edf1bd66d4e3a88f8dc2890f57	lerobot_groot_n15	n15	lerobot_groot_n15__robocasa365_ckpt120000		0	Pick the bread from the counter and place it in the cabinet.	robocasa_panda_omron/PickPlaceCounterToCabinet_PandaOmron_Env	100466	1300007	0	0			5		1	2	0.0	0.0	4	4		Pick the bread from the counter and place it in the cabinet.	0	all_token_full	groot_n15_dit_block_residual_full_tokens_denoise	"[""layer"",""denoise_step"",""model_token"",""feature_dim""]"	[7,4,49,1536]	[0,2,4,8,10,12,15]	n15_grid_v6_scene_jitter	grid_coord	meta	meta_json	77e745c37b0f/worker2/PPCC/bread/s0/j2/n7/base
77e745c37b0f	worker2	PPCC/bread	0	2	8	base	activation	b8812a957ec4b62e	b8812a957ec4b62e0749193ccd13160774dfc5e59e1641f2b4f9631c2c016c9d	lerobot_groot_n15	n15	lerobot_groot_n15__robocasa365_ckpt120000		0	Pick the bread from the counter and place it in the cabinet.	robocasa_panda_omron/PickPlaceCounterToCabinet_PandaOmron_Env	100466	1300008	0	0			5		1	2	0.0	0.0	4	4		Pick the bread from the counter and place it in the cabinet.	0	all_token_full	groot_n15_dit_block_residual_full_tokens_denoise	"[""layer"",""denoise_step"",""model_token"",""feature_dim""]"	[7,4,49,1536]	[0,2,4,8,10,12,15]	n15_grid_v6_scene_jitter	grid_coord	meta	meta_json	77e745c37b0f/worker2/PPCC/bread/s0/j2/n8/base
77e745c37b0f	worker2	PPCC/bread	0	2	9	base	activation	9b1d5d1b9d9e8af5	9b1d5d1b9d9e8af5c3961a7f95d990da6461b401821d415a213b44824c48e9a6	lerobot_groot_n15	n15	lerobot_groot_n15__robocasa365_ckpt120000		0	Pick the bread from the counter and place it in the cabinet.	robocasa_panda_omron/PickPlaceCounterToCabinet_PandaOmron_Env	100466	1300009	0	1			5		1	2	0.0	0.0	4	4		Pick the bread from the counter and place it in the cabinet.	0	all_token_full	groot_n15_dit_block_residual_full_tokens_denoise	"[""layer"",""denoise_step"",""model_token"",""feature_dim""]"	[7,4,49,1536]	[0,2,4,8,10,12,15]	n15_grid_v6_scene_jitter	grid_coord	meta	meta_json	77e745c37b0f/worker2/PPCC/bread/s0/j2/n9/base
77e745c37b0f	worker2	PPCC/bread	0	3	0	base	activation	6afcb35fbb9eb0d7	6afcb35fbb9eb0d798f4b8bc044802b67dedfe82bd9c14bafb96b32cc2347c23	lerobot_groot_n15	n15	lerobot_groot_n15__robocasa365_ckpt120000		0	Pick the bread from the counter and place it in the cabinet.	robocasa_panda_omron/PickPlaceCounterToCabinet_PandaOmron_Env	100466	1300000	0	0			5		1	3	0.0	0.0	4	4		Pick the bread from the counter and place it in the cabinet.	0	all_token_full	groot_n15_dit_block_residual_full_tokens_denoise	"[""layer"",""denoise_step"",""model_token"",""feature_dim""]"	[7,4,49,1536]	[0,2,4,8,10,12,15]	n15_grid_v6_scene_jitter	grid_coord	meta	meta_json	77e745c37b0f/worker2/PPCC/bread/s0/j3/n0/base
77e745c37b0f	worker2	PPCC/bread	0	3	1	base	activation	a3af57fd35392b38	a3af57fd35392b3804120e288b31af8ba309646d9af938ebfbfb579be0286908	lerobot_groot_n15	n15	lerobot_groot_n15__robocasa365_ckpt120000		0	Pick the bread from the counter and place it in the cabinet.	robocasa_panda_omron/PickPlaceCounterToCabinet_PandaOmron_Env	100466	1300001	0	0			5		1	3	0.0	0.0	4	4		Pick the bread from the counter and place it in the cabinet.	0	all_token_full	groot_n15_dit_block_residual_full_tokens_denoise	"[""layer"",""denoise_step"",""model_token"",""feature_dim""]"	[7,4,49,1536]	[0,2,4,8,10,12,15]	n15_grid_v6_scene_jitter	grid_coord	meta	meta_json	77e745c37b0f/worker2/PPCC/bread/s0/j3/n1/base
77e745c37b0f	worker2	PPCC/bread	0	3	2	base	activation	9d054633da5e617d	9d054633da5e617dcd86c3c7648cc03fccd1a18db5f3c01fc4b4bb212edf9e5b	lerobot_groot_n15	n15	lerobot_groot_n15__robocasa365_ckpt120000		0	Pick the bread from the counter and place it in the cabinet.	robocasa_panda_omron/PickPlaceCounterToCabinet_PandaOmron_Env	100466	1300002	0	0			5		1	3	0.0	0.0	4	4		Pick the bread from the counter and place it in the cabinet.	0	all_token_full	groot_n15_dit_block_residual_full_tokens_denoise	"[""layer"",""denoise_step"",""model_token"",""feature_dim""]"	[7,4,49,1536]	[0,2,4,8,10,12,15]	n15_grid_v6_scene_jitter	grid_coord	meta	meta_json	77e745c37b0f/worker2/PPCC/bread/s0/j3/n2/base
77e745c37b0f	worker2	PPCC/bread	0	3	3	base	activation	4a3eccfddf4ea147	4a3eccfddf4ea147fc64f922ba604cf762eddd764ff2a81a08467614bd456a99	lerobot_groot_n15	n15	lerobot_groot_n15__robocasa365_ckpt120000		0	Pick the bread from the counter and place it in the cabinet.	robocasa_panda_omron/PickPlaceCounterToCabinet_PandaOmron_Env	100466	1300003	0	0			5		1	3	0.0	0.0	4	4		Pick the bread from the counter and place it in the cabinet.	0	all_token_full	groot_n15_dit_block_residual_full_tokens_denoise	"[""layer"",""denoise_step"",""model_token"",""feature_dim""]"	[7,4,49,1536]	[0,2,4,8,10,12,15]	n15_grid_v6_scene_jitter	grid_coord	meta	meta_json	77e745c37b0f/worker2/PPCC/bread/s0/j3/n3/base
77e745c37b0f	worker2	PPCC/bread	0	3	4	base	activation	a75ed936068edbb7	a75ed936068edbb7973782d6569a70b184ca185c6a53bbeb77b8bf2848cfaaf1	lerobot_groot_n15	n15	lerobot_groot_n15__robocasa365_ckpt120000		0	Pick the bread from the counter and place it in the cabinet.	robocasa_panda_omron/PickPlaceCounterToCabinet_PandaOmron_Env	100466	1300004	0	0			5		1	3	0.0	0.0	4	4		Pick the bread from the counter and place it in the cabinet.	0	all_token_full	groot_n15_dit_block_residual_full_tokens_denoise	"[""layer"",""denoise_step"",""model_token"",""feature_dim""]"	[7,4,49,1536]	[0,2,4,8,10,12,15]	n15_grid_v6_scene_jitter	grid_coord	meta	meta_json	77e745c37b0f/worker2/PPCC/bread/s0/j3/n4/base
77e745c37b0f	worker2	PPCC/bread	0	3	5	base	activation	b8b9deb0a34d3bb4	b8b9deb0a34d3bb4ecbd067e35ebb7d4558d37e1b944b427b058e74242344448	lerobot_groot_n15	n15	lerobot_groot_n15__robocasa365_ckpt120000		0	Pick the bread from the counter and place it in the cabinet.	robocasa_panda_omron/PickPlaceCounterToCabinet_PandaOmron_Env	100466	1300005	0	0			5		1	3	0.0	0.0	4	4		Pick the bread from the counter and place it in the cabinet.	0	all_token_full	groot_n15_dit_block_residual_full_tokens_denoise	"[""layer"",""denoise_step"",""model_token"",""feature_dim""]"	[7,4,49,1536]	[0,2,4,8,10,12,15]	n15_grid_v6_scene_jitter	grid_coord	meta	meta_json	77e745c37b0f/worker2/PPCC/bread/s0/j3/n5/base
77e745c37b0f	worker2	PPCC/bread	0	3	6	base	activation	587a8d8ac6767a71	587a8d8ac6767a71a0fe7ffdcc9e2e422a4128efb6626e8895b705f6f158a8f3	lerobot_groot_n15	n15	lerobot_groot_n15__robocasa365_ckpt120000		0	Pick the bread from the counter and place it in the cabinet.	robocasa_panda_omron/PickPlaceCounterToCabinet_PandaOmron_Env	100466	1300006	0	0			5		1	3	0.0	0.0	4	4		Pick the bread from the counter and place it in the cabinet.	0	all_token_full	groot_n15_dit_block_residual_full_tokens_denoise	"[""layer"",""denoise_step"",""model_token"",""feature_dim""]"	[7,4,49,1536]	[0,2,4,8,10,12,15]	n15_grid_v6_scene_jitter	grid_coord	meta	meta_json	77e745c37b0f/worker2/PPCC/bread/s0/j3/n6/base
77e745c37b0f	worker2	PPCC/bread	0	3	7	base	activation	6ebcd73985e0ed1a	6ebcd73985e0ed1a2f0ff898a94ecebf98a5a28f90d39b31ff7adafbc5edafbb	lerobot_groot_n15	n15	lerobot_groot_n15__robocasa365_ckpt120000		0	Pick the bread from the counter and place it in the cabinet.	robocasa_panda_omron/PickPlaceCounterToCabinet_PandaOmron_Env	100466	1300007	0	0			5		1	3	0.0	0.0	4	4		Pick the bread from the counter and place it in the cabinet.	0	all_token_full	groot_n15_dit_block_residual_full_tokens_denoise	"[""layer"",""denoise_step"",""model_token"",""feature_dim""]"	[7,4,49,1536]	[0,2,4,8,10,12,15]	n15_grid_v6_scene_jitter	grid_coord	meta	meta_json	77e745c37b0f/worker2/PPCC/bread/s0/j3/n7/base
77e745c37b0f	worker2	PPCC/bread	0	3	8	base	activation	4400c59b045bd8fb	4400c59b045bd8fbdb411aa295c05166b7bc59525993f11b296d3a9032ababed	lerobot_groot_n15	n15	lerobot_groot_n15__robocasa365_ckpt120000		0	Pick the bread from the counter and place it in the cabinet.	robocasa_panda_omron/PickPlaceCounterToCabinet_PandaOmron_Env	100466	1300008	0	0			5		1	3	0.0	0.0	4	4		Pick the bread from the counter and place it in the cabinet.	0	all_token_full	groot_n15_dit_block_residual_full_tokens_denoise	"[""layer"",""denoise_step"",""model_token"",""feature_dim""]"	[7,4,49,1536]	[0,2,4,8,10,12,15]	n15_grid_v6_scene_jitter	grid_coord	meta	meta_json	77e745c37b0f/worker2/PPCC/bread/s0/j3/n8/base
77e745c37b0f	worker2	PPCC/bread	0	3	9	base	activation	d1406ca8e8195b4c	d1406ca8e8195b4ca17a6e01c776a0fa70b76c50c34373f682cc506db78192d5	lerobot_groot_n15	n15	lerobot_groot_n15__robocasa365_ckpt120000		0	Pick the bread from the counter and place it in the cabinet.	robocasa_panda_omron/PickPlaceCounterToCabinet_PandaOmron_Env	100466	1300009	0	0			5		1	3	0.0	0.0	4	4		Pick the bread from the counter and place it in the cabinet.	0	all_token_full	groot_n15_dit_block_residual_full_tokens_denoise	"[""layer"",""denoise_step"",""model_token"",""feature_dim""]"	[7,4,49,1536]	[0,2,4,8,10,12,15]	n15_grid_v6_scene_jitter	grid_coord	meta	meta_json	77e745c37b0f/worker2/PPCC/bread/s0/j3/n9/base
77e745c37b0f	worker2	PPCC/bread	0	4	0	base	activation	c43f81398a547853	c43f81398a5478533c3d4be5c9f548112e1b9c45d8a63304d71941ff45d8f41c	lerobot_groot_n15	n15	lerobot_groot_n15__robocasa365_ckpt120000		0	Pick the bread from the counter and place it in the cabinet.	robocasa_panda_omron/PickPlaceCounterToCabinet_PandaOmron_Env	100466	1300000	0	1			5		1	4	0.0	0.0	4	4		Pick the bread from the counter and place it in the cabinet.	0	all_token_full	groot_n15_dit_block_residual_full_tokens_denoise	"[""layer"",""denoise_step"",""model_token"",""feature_dim""]"	[7,4,49,1536]	[0,2,4,8,10,12,15]	n15_grid_v6_scene_jitter	grid_coord	meta	meta_json	77e745c37b0f/worker2/PPCC/bread/s0/j4/n0/base
77e745c37b0f	worker2	PPCC/bread	0	4	1	base	activation	69de39d38d6240c6	69de39d38d6240c6053c2f35606c0f4778cae928a12f1fe66ab7f620d3a28e16	lerobot_groot_n15	n15	lerobot_groot_n15__robocasa365_ckpt120000		0	Pick the bread from the counter and place it in the cabinet.	robocasa_panda_omron/PickPlaceCounterToCabinet_PandaOmron_Env	100466	1300001	0	1			5		1	4	0.0	0.0	4	4		Pick the bread from the counter and place it in the cabinet.	0	all_token_full	groot_n15_dit_block_residual_full_tokens_denoise	"[""layer"",""denoise_step"",""model_token"",""feature_dim""]"	[7,4,49,1536]	[0,2,4,8,10,12,15]	n15_grid_v6_scene_jitter	grid_coord	meta	meta_json	77e745c37b0f/worker2/PPCC/bread/s0/j4/n1/base
77e745c37b0f	worker2	PPCC/bread	0	4	2	base	activation	c97ffb962239c021	c97ffb962239c021dcdd1a9726a95317cdf8ecee9ec2699183f1b12129512004	lerobot_groot_n15	n15	lerobot_groot_n15__robocasa365_ckpt120000		0	Pick the bread from the counter and place it in the cabinet.	robocasa_panda_omron/PickPlaceCounterToCabinet_PandaOmron_Env	100466	1300002	0	1			5		1	4	0.0	0.0	4	4		Pick the bread from the counter and place it in the cabinet.	0	all_token_full	groot_n15_dit_block_residual_full_tokens_denoise	"[""layer"",""denoise_step"",""model_token"",""feature_dim""]"	[7,4,49,1536]	[0,2,4,8,10,12,15]	n15_grid_v6_scene_jitter	grid_coord	meta	meta_json	77e745c37b0f/worker2/PPCC/bread/s0/j4/n2/base
77e745c37b0f	worker2	PPCC/bread	0	4	3	base	activation	18f8b4987910544a	18f8b4987910544af05ed3d6185be92983b1b0cab752d27434c1547fdaab1ddf	lerobot_groot_n15	n15	lerobot_groot_n15__robocasa365_ckpt120000		0	Pick the bread from the counter and place it in the cabinet.	robocasa_panda_omron/PickPlaceCounterToCabinet_PandaOmron_Env	100466	1300003	0	1			5		1	4	0.0	0.0	4	4		Pick the bread from the counter and place it in the cabinet.	0	all_token_full	groot_n15_dit_block_residual_full_tokens_denoise	"[""layer"",""denoise_step"",""model_token"",""feature_dim""]"	[7,4,49,1536]	[0,2,4,8,10,12,15]	n15_grid_v6_scene_jitter	grid_coord	meta	meta_json	77e745c37b0f/worker2/PPCC/bread/s0/j4/n3/base
77e745c37b0f	worker2	PPCC/bread	0	4	4	base	activation	13415a481aa81856	13415a481aa818566cd6a1fc1b260a82667179c541b4468a9e5f2c37065cfe9f	lerobot_groot_n15	n15	lerobot_groot_n15__robocasa365_ckpt120000		0	Pick the bread from the counter and place it in the cabinet.	robocasa_panda_omron/PickPlaceCounterToCabinet_PandaOmron_Env	100466	1300004	0	0			5		1	4	0.0	0.0	4	4		Pick the bread from the counter and place it in the cabinet.	0	all_token_full	groot_n15_dit_block_residual_full_tokens_denoise	"[""layer"",""denoise_step"",""model_token"",""feature_dim""]"	[7,4,49,1536]	[0,2,4,8,10,12,15]	n15_grid_v6_scene_jitter	grid_coord	meta	meta_json	77e745c37b0f/worker2/PPCC/bread/s0/j4/n4/base
77e745c37b0f	worker2	PPCC/bread	0	4	5	base	activation	1b4179eb51efec7b	1b4179eb51efec7b385e810a44d61f15bedec6bb3c61636324c0c31eabd3a58f	lerobot_groot_n15	n15	lerobot_groot_n15__robocasa365_ckpt120000		0	Pick the bread from the counter and place it in the cabinet.	robocasa_panda_omron/PickPlaceCounterToCabinet_PandaOmron_Env	100466	1300005	0	0			5		1	4	0.0	0.0	4	4		Pick the bread from the counter and place it in the cabinet.	0	all_token_full	groot_n15_dit_block_residual_full_tokens_denoise	"[""layer"",""denoise_step"",""model_token"",""feature_dim""]"	[7,4,49,1536]	[0,2,4,8,10,12,15]	n15_grid_v6_scene_jitter	grid_coord	meta	meta_json	77e745c37b0f/worker2/PPCC/bread/s0/j4/n5/base
77e745c37b0f	worker2	PPCC/bread	0	4	6	base	activation	9747e3cae8c82c54	9747e3cae8c82c54d9eab8a41140bb13fd5dbd3bcd564005fcbc5584909e3702	lerobot_groot_n15	n15	lerobot_groot_n15__robocasa365_ckpt120000		0	Pick the bread from the counter and place it in the cabinet.	robocasa_panda_omron/PickPlaceCounterToCabinet_PandaOmron_Env	100466	1300006	0	0			5		1	4	0.0	0.0	4	4		Pick the bread from the counter and place it in the cabinet.	0	all_token_full	groot_n15_dit_block_residual_full_tokens_denoise	"[""layer"",""denoise_step"",""model_token"",""feature_dim""]"	[7,4,49,1536]	[0,2,4,8,10,12,15]	n15_grid_v6_scene_jitter	grid_coord	meta	meta_json	77e745c37b0f/worker2/PPCC/bread/s0/j4/n6/base
77e745c37b0f	worker2	PPCC/bread	0	4	7	base	activation	14aa2d9b2a368357	14aa2d9b2a3683575e7918ee59a1e97068673497e1e8fc44187c386ad5075157	lerobot_groot_n15	n15	lerobot_groot_n15__robocasa365_ckpt120000		0	Pick the bread from the counter and place it in the cabinet.	robocasa_panda_omron/PickPlaceCounterToCabinet_PandaOmron_Env	100466	1300007	0	0			5		1	4	0.0	0.0	4	4		Pick the bread from the counter and place it in the cabinet.	0	all_token_full	groot_n15_dit_block_residual_full_tokens_denoise	"[""layer"",""denoise_step"",""model_token"",""feature_dim""]"	[7,4,49,1536]	[0,2,4,8,10,12,15]	n15_grid_v6_scene_jitter	grid_coord	meta	meta_json	77e745c37b0f/worker2/PPCC/bread/s0/j4/n7/base
77e745c37b0f	worker2	PPCC/bread	0	4	8	base	activation	ec5c220b6d4f396c	ec5c220b6d4f396cceae2d8794a368e5485dfba14a1ae1b2e4860be8c3e3a691	lerobot_groot_n15	n15	lerobot_groot_n15__robocasa365_ckpt120000		0	Pick the bread from the counter and place it in the cabinet.	robocasa_panda_omron/PickPlaceCounterToCabinet_PandaOmron_Env	100466	1300008	0	0			5		1	4	0.0	0.0	4	4		Pick the bread from the counter and place it in the cabinet.	0	all_token_full	groot_n15_dit_block_residual_full_tokens_denoise	"[""layer"",""denoise_step"",""model_token"",""feature_dim""]"	[7,4,49,1536]	[0,2,4,8,10,12,15]	n15_grid_v6_scene_jitter	grid_coord	meta	meta_json	77e745c37b0f/worker2/PPCC/bread/s0/j4/n8/base
77e745c37b0f	worker2	PPCC/bread	0	4	9	base	activation	0c17f2eb6618f21b	0c17f2eb6618f21b43e97e01ee59524a203f4eb4d38203753de619bf434ba665	lerobot_groot_n15	n15	lerobot_groot_n15__robocasa365_ckpt120000		0	Pick the bread from the counter and place it in the cabinet.	robocasa_panda_omron/PickPlaceCounterToCabinet_PandaOmron_Env	100466	1300009	0	0			5		1	4	0.0	0.0	4	4		Pick the bread from the counter and place it in the cabinet.	0	all_token_full	groot_n15_dit_block_residual_full_tokens_denoise	"[""layer"",""denoise_step"",""model_token"",""feature_dim""]"	[7,4,49,1536]	[0,2,4,8,10,12,15]	n15_grid_v6_scene_jitter	grid_coord	meta	meta_json	77e745c37b0f/worker2/PPCC/bread/s0/j4/n9/base
77e745c37b0f	worker2	PPCC/candle	1	0	0	base	activation	070a36317a8d600f	070a36317a8d600fed29a333f8a79674264c6ca2a931520ac5e669240edd33d8	lerobot_groot_n15	n15	lerobot_groot_n15__robocasa365_ckpt120000		0	Pick the candle from the counter and place it in the cabinet.	robocasa_panda_omron/PickPlaceCounterToCabinet_PandaOmron_Env	102074	1300000	0	0			5		1	0	0.0	0.0	9	9		Pick the candle from the counter and place it in the cabinet.	0	all_token_full	groot_n15_dit_block_residual_full_tokens_denoise	"[""layer"",""denoise_step"",""model_token"",""feature_dim""]"	[7,4,49,1536]	[0,2,4,8,10,12,15]	n15_grid_v6_scene_jitter	grid_coord	meta	meta_json	77e745c37b0f/worker2/PPCC/candle/s1/j0/n0/base
77e745c37b0f	worker2	PPCC/candle	1	0	1	base	activation	823241a724760cf4	823241a724760cf46fe0cb5b95530fc8c74ad5d3accc2bc3a015b0ca89a3ad91	lerobot_groot_n15	n15	lerobot_groot_n15__robocasa365_ckpt120000		0	Pick the candle from the counter and place it in the cabinet.	robocasa_panda_omron/PickPlaceCounterToCabinet_PandaOmron_Env	102074	1300001	0	1			5		1	0	0.0	0.0	9	9		Pick the candle from the counter and place it in the cabinet.	0	all_token_full	groot_n15_dit_block_residual_full_tokens_denoise	"[""layer"",""denoise_step"",""model_token"",""feature_dim""]"	[7,4,49,1536]	[0,2,4,8,10,12,15]	n15_grid_v6_scene_jitter	grid_coord	meta	meta_json	77e745c37b0f/worker2/PPCC/candle/s1/j0/n1/base
77e745c37b0f	worker2	PPCC/candle	1	0	2	base	activation	cebc1b029a90a50b	cebc1b029a90a50b2c9e9c2c4d518d631dc6ba66d502da9135155e233a3ca248	lerobot_groot_n15	n15	lerobot_groot_n15__robocasa365_ckpt120000		0	Pick the candle from the counter and place it in the cabinet.	robocasa_panda_omron/PickPlaceCounterToCabinet_PandaOmron_Env	102074	1300002	0	0			5		1	0	0.0	0.0	9	9		Pick the candle from the counter and place it in the cabinet.	0	all_token_full	groot_n15_dit_block_residual_full_tokens_denoise	"[""layer"",""denoise_step"",""model_token"",""feature_dim""]"	[7,4,49,1536]	[0,2,4,8,10,12,15]	n15_grid_v6_scene_jitter	grid_coord	meta	meta_json	77e745c37b0f/worker2/PPCC/candle/s1/j0/n2/base
77e745c37b0f	worker2	PPCC/candle	1	0	3	base	activation	73e7788500cb1743	73e7788500cb1743f55234addb8aef4b5e8ab2d053c823b8f17509a5cffa6654	lerobot_groot_n15	n15	lerobot_groot_n15__robocasa365_ckpt120000		0	Pick the candle from the counter and place it in the cabinet.	robocasa_panda_omron/PickPlaceCounterToCabinet_PandaOmron_Env	102074	1300003	0	0			5		1	0	0.0	0.0	9	9		Pick the candle from the counter and place it in the cabinet.	0	all_token_full	groot_n15_dit_block_residual_full_tokens_denoise	"[""layer"",""denoise_step"",""model_token"",""feature_dim""]"	[7,4,49,1536]	[0,2,4,8,10,12,15]	n15_grid_v6_scene_jitter	grid_coord	meta	meta_json	77e745c37b0f/worker2/PPCC/candle/s1/j0/n3/base
77e745c37b0f	worker2	PPCC/candle	1	0	4	base	activation	f2e1865f6776bbc8	f2e1865f6776bbc843071c526e5efc2d7b32e90d2bc2bd1f53e570f985855c43	lerobot_groot_n15	n15	lerobot_groot_n15__robocasa365_ckpt120000		0	Pick the candle from the counter and place it in the cabinet.	robocasa_panda_omron/PickPlaceCounterToCabinet_PandaOmron_Env	102074	1300004	0	0			5		1	0	0.0	0.0	9	9		Pick the candle from the counter and place it in the cabinet.	0	all_token_full	groot_n15_dit_block_residual_full_tokens_denoise	"[""layer"",""denoise_step"",""model_token"",""feature_dim""]"	[7,4,49,1536]	[0,2,4,8,10,12,15]	n15_grid_v6_scene_jitter	grid_coord	meta	meta_json	77e745c37b0f/worker2/PPCC/candle/s1/j0/n4/base
77e745c37b0f	worker2	PPCC/candle	1	0	5	base	activation	2f5a7ce3b20319da	2f5a7ce3b20319da1687f5021f4d40b491eba66660a392a18247fd1789e883aa	lerobot_groot_n15	n15	lerobot_groot_n15__robocasa365_ckpt120000		0	Pick the candle from the counter and place it in the cabinet.	robocasa_panda_omron/PickPlaceCounterToCabinet_PandaOmron_Env	102074	1300005	0	1			5		1	0	0.0	0.0	9	9		Pick the candle from the counter and place it in the cabinet.	0	all_token_full	groot_n15_dit_block_residual_full_tokens_denoise	"[""layer"",""denoise_step"",""model_token"",""feature_dim""]"	[7,4,49,1536]	[0,2,4,8,10,12,15]	n15_grid_v6_scene_jitter	grid_coord	meta	meta_json	77e745c37b0f/worker2/PPCC/candle/s1/j0/n5/base
77e745c37b0f	worker2	PPCC/candle	1	0	6	base	activation	a2a49c4c44c45342	a2a49c4c44c45342f3571b765b9d6e85b14dae8a0c91c36a8ec3ed560a1e67c7	lerobot_groot_n15	n15	lerobot_groot_n15__robocasa365_ckpt120000		0	Pick the candle from the counter and place it in the cabinet.	robocasa_panda_omron/PickPlaceCounterToCabinet_PandaOmron_Env	102074	1300006	0	1			5		1	0	0.0	0.0	9	9		Pick the candle from the counter and place it in the cabinet.	0	all_token_full	groot_n15_dit_block_residual_full_tokens_denoise	"[""layer"",""denoise_step"",""model_token"",""feature_dim""]"	[7,4,49,1536]	[0,2,4,8,10,12,15]	n15_grid_v6_scene_jitter	grid_coord	meta	meta_json	77e745c37b0f/worker2/PPCC/candle/s1/j0/n6/base
77e745c37b0f	worker2	PPCC/candle	1	0	7	base	activation	1ad3388a42b559bc	1ad3388a42b559bca9fd287fa0f8a3525501dfe29160760f88bb2006af6fd3e0	lerobot_groot_n15	n15	lerobot_groot_n15__robocasa365_ckpt120000		0	Pick the candle from the counter and place it in the cabinet.	robocasa_panda_omron/PickPlaceCounterToCabinet_PandaOmron_Env	102074	1300007	0	1			5		1	0	0.0	0.0	9	9		Pick the candle from the counter and place it in the cabinet.	0	all_token_full	groot_n15_dit_block_residual_full_tokens_denoise	"[""layer"",""denoise_step"",""model_token"",""feature_dim""]"	[7,4,49,1536]	[0,2,4,8,10,12,15]	n15_grid_v6_scene_jitter	grid_coord	meta	meta_json	77e745c37b0f/worker2/PPCC/candle/s1/j0/n7/base
77e745c37b0f	worker2	PPCC/candle	1	0	8	base	activation	9de7e0a976ed3884	9de7e0a976ed388476ab2bf0691d2179277db1d5d416df96d25e01bff90a336f	lerobot_groot_n15	n15	lerobot_groot_n15__robocasa365_ckpt120000		0	Pick the candle from the counter and place it in the cabinet.	robocasa_panda_omron/PickPlaceCounterToCabinet_PandaOmron_Env	102074	1300008	0	1			5		1	0	0.0	0.0	9	9		Pick the candle from the counter and place it in the cabinet.	0	all_token_full	groot_n15_dit_block_residual_full_tokens_denoise	"[""layer"",""denoise_step"",""model_token"",""feature_dim""]"	[7,4,49,1536]	[0,2,4,8,10,12,15]	n15_grid_v6_scene_jitter	grid_coord	meta	meta_json	77e745c37b0f/worker2/PPCC/candle/s1/j0/n8/base
77e745c37b0f	worker2	PPCC/candle	1	0	9	base	activation	e98fcaafd0555a18	e98fcaafd0555a18b2af3b6e9f7ab56a162ded3d9d371f886a81845d5f689c86	lerobot_groot_n15	n15	lerobot_groot_n15__robocasa365_ckpt120000		0	Pick the candle from the counter and place it in the cabinet.	robocasa_panda_omron/PickPlaceCounterToCabinet_PandaOmron_Env	102074	1300009	0	1			5		1	0	0.0	0.0	9	9		Pick the candle from the counter and place it in the cabinet.	0	all_token_full	groot_n15_dit_block_residual_full_tokens_denoise	"[""layer"",""denoise_step"",""model_token"",""feature_dim""]"	[7,4,49,1536]	[0,2,4,8,10,12,15]	n15_grid_v6_scene_jitter	grid_coord	meta	meta_json	77e745c37b0f/worker2/PPCC/candle/s1/j0/n9/base
77e745c37b0f	worker2	PPCC/candle	1	1	0	base	activation	84209cdc106951c2	84209cdc106951c2e25cf4a08035f250866589c06a058172dc0f8e5b44cace22	lerobot_groot_n15	n15	lerobot_groot_n15__robocasa365_ckpt120000		0	Pick the candle from the counter and place it in the cabinet.	robocasa_panda_omron/PickPlaceCounterToCabinet_PandaOmron_Env	102074	1300000	0	1			5		1	1	0.0	0.0	9	9		Pick the candle from the counter and place it in the cabinet.	0	all_token_full	groot_n15_dit_block_residual_full_tokens_denoise	"[""layer"",""denoise_step"",""model_token"",""feature_dim""]"	[7,4,49,1536]	[0,2,4,8,10,12,15]	n15_grid_v6_scene_jitter	grid_coord	meta	meta_json	77e745c37b0f/worker2/PPCC/candle/s1/j1/n0/base
77e745c37b0f	worker2	PPCC/candle	1	1	1	base	activation	0b4d98674dbfccbe	0b4d98674dbfccbe3f85f390aaa29a7955116dee3993f00e5f643a8f12d48c58	lerobot_groot_n15	n15	lerobot_groot_n15__robocasa365_ckpt120000		0	Pick the candle from the counter and place it in the cabinet.	robocasa_panda_omron/PickPlaceCounterToCabinet_PandaOmron_Env	102074	1300001	0	1			5		1	1	0.0	0.0	9	9		Pick the candle from the counter and place it in the cabinet.	0	all_token_full	groot_n15_dit_block_residual_full_tokens_denoise	"[""layer"",""denoise_step"",""model_token"",""feature_dim""]"	[7,4,49,1536]	[0,2,4,8,10,12,15]	n15_grid_v6_scene_jitter	grid_coord	meta	meta_json	77e745c37b0f/worker2/PPCC/candle/s1/j1/n1/base
77e745c37b0f	worker2	PPCC/candle	1	1	2	base	activation	a2b1dbea84af1e75	a2b1dbea84af1e754fd204769fa7cb0f657a09cd13cbf9da6076f5962f5c3f9d	lerobot_groot_n15	n15	lerobot_groot_n15__robocasa365_ckpt120000		0	Pick the candle from the counter and place it in the cabinet.	robocasa_panda_omron/PickPlaceCounterToCabinet_PandaOmron_Env	102074	1300002	0	1			5		1	1	0.0	0.0	9	9		Pick the candle from the counter and place it in the cabinet.	0	all_token_full	groot_n15_dit_block_residual_full_tokens_denoise	"[""layer"",""denoise_step"",""model_token"",""feature_dim""]"	[7,4,49,1536]	[0,2,4,8,10,12,15]	n15_grid_v6_scene_jitter	grid_coord	meta	meta_json	77e745c37b0f/worker2/PPCC/candle/s1/j1/n2/base
77e745c37b0f	worker2	PPCC/candle	1	1	3	base	activation	0f889ad4391186d1	0f889ad4391186d1fa7a15a28ae536a0268a102bba07bd231442e48356322071	lerobot_groot_n15	n15	lerobot_groot_n15__robocasa365_ckpt120000		0	Pick the candle from the counter and place it in the cabinet.	robocasa_panda_omron/PickPlaceCounterToCabinet_PandaOmron_Env	102074	1300003	0	1			5		1	1	0.0	0.0	9	9		Pick the candle from the counter and place it in the cabinet.	0	all_token_full	groot_n15_dit_block_residual_full_tokens_denoise	"[""layer"",""denoise_step"",""model_token"",""feature_dim""]"	[7,4,49,1536]	[0,2,4,8,10,12,15]	n15_grid_v6_scene_jitter	grid_coord	meta	meta_json	77e745c37b0f/worker2/PPCC/candle/s1/j1/n3/base
77e745c37b0f	worker2	PPCC/candle	1	1	4	base	activation	2966a4263d3ba91e	2966a4263d3ba91ebb0408f0c69434ef6cf4f6b8eb58405d7b1eb30e5d944f24	lerobot_groot_n15	n15	lerobot_groot_n15__robocasa365_ckpt120000		0	Pick the candle from the counter and place it in the cabinet.	robocasa_panda_omron/PickPlaceCounterToCabinet_PandaOmron_Env	102074	1300004	0	0			5		1	1	0.0	0.0	9	9		Pick the candle from the counter and place it in the cabinet.	0	all_token_full	groot_n15_dit_block_residual_full_tokens_denoise	"[""layer"",""denoise_step"",""model_token"",""feature_dim""]"	[7,4,49,1536]	[0,2,4,8,10,12,15]	n15_grid_v6_scene_jitter	grid_coord	meta	meta_json	77e745c37b0f/worker2/PPCC/candle/s1/j1/n4/base
77e745c37b0f	worker2	PPCC/candle	1	1	5	base	activation	69b25aa6cafdaf91	69b25aa6cafdaf91cc964f5c317b0a6244ae3d227d0258f5425ff203984f73d8	lerobot_groot_n15	n15	lerobot_groot_n15__robocasa365_ckpt120000		0	Pick the candle from the counter and place it in the cabinet.	robocasa_panda_omron/PickPlaceCounterToCabinet_PandaOmron_Env	102074	1300005	0	1			5		1	1	0.0	0.0	9	9		Pick the candle from the counter and place it in the cabinet.	0	all_token_full	groot_n15_dit_block_residual_full_tokens_denoise	"[""layer"",""denoise_step"",""model_token"",""feature_dim""]"	[7,4,49,1536]	[0,2,4,8,10,12,15]	n15_grid_v6_scene_jitter	grid_coord	meta	meta_json	77e745c37b0f/worker2/PPCC/candle/s1/j1/n5/base
77e745c37b0f	worker2	PPCC/candle	1	1	6	base	activation	1e4177a46ee6d22e	1e4177a46ee6d22ee04010bd4d1251859619f5606b087e5686859e6d979f469b	lerobot_groot_n15	n15	lerobot_groot_n15__robocasa365_ckpt120000		0	Pick the candle from the counter and place it in the cabinet.	robocasa_panda_omron/PickPlaceCounterToCabinet_PandaOmron_Env	102074	1300006	0	1			5		1	1	0.0	0.0	9	9		Pick the candle from the counter and place it in the cabinet.	0	all_token_full	groot_n15_dit_block_residual_full_tokens_denoise	"[""layer"",""denoise_step"",""model_token"",""feature_dim""]"	[7,4,49,1536]	[0,2,4,8,10,12,15]	n15_grid_v6_scene_jitter	grid_coord	meta	meta_json	77e745c37b0f/worker2/PPCC/candle/s1/j1/n6/base
77e745c37b0f	worker2	PPCC/candle	1	1	7	base	activation	7545a6182567c069	7545a6182567c0699a88622afd4d726ddc7c3d2904e668ade48c97beb6cf0ff8	lerobot_groot_n15	n15	lerobot_groot_n15__robocasa365_ckpt120000		0	Pick the candle from the counter and place it in the cabinet.	robocasa_panda_omron/PickPlaceCounterToCabinet_PandaOmron_Env	102074	1300007	0	1			5		1	1	0.0	0.0	9	9		Pick the candle from the counter and place it in the cabinet.	0	all_token_full	groot_n15_dit_block_residual_full_tokens_denoise	"[""layer"",""denoise_step"",""model_token"",""feature_dim""]"	[7,4,49,1536]	[0,2,4,8,10,12,15]	n15_grid_v6_scene_jitter	grid_coord	meta	meta_json	77e745c37b0f/worker2/PPCC/candle/s1/j1/n7/base
77e745c37b0f	worker2	PPCC/candle	1	1	8	base	activation	773352d134f1bf1a	773352d134f1bf1ab8ca79a114524a1e9c3bc1099189f4d7994a1f1501ba7957	lerobot_groot_n15	n15	lerobot_groot_n15__robocasa365_ckpt120000		0	Pick the candle from the counter and place it in the cabinet.	robocasa_panda_omron/PickPlaceCounterToCabinet_PandaOmron_Env	102074	1300008	0	1			5		1	1	0.0	0.0	9	9		Pick the candle from the counter and place it in the cabinet.	0	all_token_full	groot_n15_dit_block_residual_full_tokens_denoise	"[""layer"",""denoise_step"",""model_token"",""feature_dim""]"	[7,4,49,1536]	[0,2,4,8,10,12,15]	n15_grid_v6_scene_jitter	grid_coord	meta	meta_json	77e745c37b0f/worker2/PPCC/candle/s1/j1/n8/base
77e745c37b0f	worker2	PPCC/candle	1	1	9	base	activation	ddcaf8d783f91fbd	ddcaf8d783f91fbdfda01d425ce61c44acf3925df332b1032078285938d2f198	lerobot_groot_n15	n15	lerobot_groot_n15__robocasa365_ckpt120000		0	Pick the candle from the counter and place it in the cabinet.	robocasa_panda_omron/PickPlaceCounterToCabinet_PandaOmron_Env	102074	1300009	0	1			5		1	1	0.0	0.0	9	9		Pick the candle from the counter and place it in the cabinet.	0	all_token_full	groot_n15_dit_block_residual_full_tokens_denoise	"[""layer"",""denoise_step"",""model_token"",""feature_dim""]"	[7,4,49,1536]	[0,2,4,8,10,12,15]	n15_grid_v6_scene_jitter	grid_coord	meta	meta_json	77e745c37b0f/worker2/PPCC/candle/s1/j1/n9/base
77e745c37b0f	worker2	PPCC/candle	1	2	0	base	activation	9e07253ca13169d2	9e07253ca13169d24614d3da45a3a80c78ff6c35dc7fedd8ecfa29e8e55d320c	lerobot_groot_n15	n15	lerobot_groot_n15__robocasa365_ckpt120000		0	Pick the candle from the counter and place it in the cabinet.	robocasa_panda_omron/PickPlaceCounterToCabinet_PandaOmron_Env	102074	1300000	0	1			5		1	2	0.0	0.0	9	9		Pick the candle from the counter and place it in the cabinet.	0	all_token_full	groot_n15_dit_block_residual_full_tokens_denoise	"[""layer"",""denoise_step"",""model_token"",""feature_dim""]"	[7,4,49,1536]	[0,2,4,8,10,12,15]	n15_grid_v6_scene_jitter	grid_coord	meta	meta_json	77e745c37b0f/worker2/PPCC/candle/s1/j2/n0/base
77e745c37b0f	worker2	PPCC/candle	1	2	1	base	activation	6275f2096a7b7ac8	6275f2096a7b7ac8af9018d986fbe35c3ccb300b334a0124c865391dffe2a4d8	lerobot_groot_n15	n15	lerobot_groot_n15__robocasa365_ckpt120000		0	Pick the candle from the counter and place it in the cabinet.	robocasa_panda_omron/PickPlaceCounterToCabinet_PandaOmron_Env	102074	1300001	0	1			5		1	2	0.0	0.0	9	9		Pick the candle from the counter and place it in the cabinet.	0	all_token_full	groot_n15_dit_block_residual_full_tokens_denoise	"[""layer"",""denoise_step"",""model_token"",""feature_dim""]"	[7,4,49,1536]	[0,2,4,8,10,12,15]	n15_grid_v6_scene_jitter	grid_coord	meta	meta_json	77e745c37b0f/worker2/PPCC/candle/s1/j2/n1/base
77e745c37b0f	worker2	PPCC/candle	1	2	2	base	activation	1277128f1c0a815e	1277128f1c0a815eebe30586080ddbf9be08642938352ff27de61d7d7e8694b7	lerobot_groot_n15	n15	lerobot_groot_n15__robocasa365_ckpt120000		0	Pick the candle from the counter and place it in the cabinet.	robocasa_panda_omron/PickPlaceCounterToCabinet_PandaOmron_Env	102074	1300002	0	1			5		1	2	0.0	0.0	9	9		Pick the candle from the counter and place it in the cabinet.	0	all_token_full	groot_n15_dit_block_residual_full_tokens_denoise	"[""layer"",""denoise_step"",""model_token"",""feature_dim""]"	[7,4,49,1536]	[0,2,4,8,10,12,15]	n15_grid_v6_scene_jitter	grid_coord	meta	meta_json	77e745c37b0f/worker2/PPCC/candle/s1/j2/n2/base
77e745c37b0f	worker2	PPCC/candle	1	2	3	base	activation	0be5f41956e82fa8	0be5f41956e82fa89739884db6cc709988c3ada1132f4a68340ac00437493f90	lerobot_groot_n15	n15	lerobot_groot_n15__robocasa365_ckpt120000		0	Pick the candle from the counter and place it in the cabinet.	robocasa_panda_omron/PickPlaceCounterToCabinet_PandaOmron_Env	102074	1300003	0	1			5		1	2	0.0	0.0	9	9		Pick the candle from the counter and place it in the cabinet.	0	all_token_full	groot_n15_dit_block_residual_full_tokens_denoise	"[""layer"",""denoise_step"",""model_token"",""feature_dim""]"	[7,4,49,1536]	[0,2,4,8,10,12,15]	n15_grid_v6_scene_jitter	grid_coord	meta	meta_json	77e745c37b0f/worker2/PPCC/candle/s1/j2/n3/base
77e745c37b0f	worker2	PPCC/candle	1	2	4	base	activation	a9bb8fd413713630	a9bb8fd413713630cbc7101a32e58cd97ec45f2a42969069a98137b5d030ed55	lerobot_groot_n15	n15	lerobot_groot_n15__robocasa365_ckpt120000		0	Pick the candle from the counter and place it in the cabinet.	robocasa_panda_omron/PickPlaceCounterToCabinet_PandaOmron_Env	102074	1300004	0	0			5		1	2	0.0	0.0	9	9		Pick the candle from the counter and place it in the cabinet.	0	all_token_full	groot_n15_dit_block_residual_full_tokens_denoise	"[""layer"",""denoise_step"",""model_token"",""feature_dim""]"	[7,4,49,1536]	[0,2,4,8,10,12,15]	n15_grid_v6_scene_jitter	grid_coord	meta	meta_json	77e745c37b0f/worker2/PPCC/candle/s1/j2/n4/base
77e745c37b0f	worker2	PPCC/candle	1	2	5	base	activation	8de2e6fbde7f2b51	8de2e6fbde7f2b515f191ec37b04b49f9933d74a065786f4093d4e49031726b7	lerobot_groot_n15	n15	lerobot_groot_n15__robocasa365_ckpt120000		0	Pick the candle from the counter and place it in the cabinet.	robocasa_panda_omron/PickPlaceCounterToCabinet_PandaOmron_Env	102074	1300005	0	1			5		1	2	0.0	0.0	9	9		Pick the candle from the counter and place it in the cabinet.	0	all_token_full	groot_n15_dit_block_residual_full_tokens_denoise	"[""layer"",""denoise_step"",""model_token"",""feature_dim""]"	[7,4,49,1536]	[0,2,4,8,10,12,15]	n15_grid_v6_scene_jitter	grid_coord	meta	meta_json	77e745c37b0f/worker2/PPCC/candle/s1/j2/n5/base
77e745c37b0f	worker2	PPCC/candle	1	2	6	base	activation	f4e3a516301a7fa6	f4e3a516301a7fa6a426a564cd4793bd2c0b143b443384a5132466745dbd72a8	lerobot_groot_n15	n15	lerobot_groot_n15__robocasa365_ckpt120000		0	Pick the candle from the counter and place it in the cabinet.	robocasa_panda_omron/PickPlaceCounterToCabinet_PandaOmron_Env	102074	1300006	0	1			5		1	2	0.0	0.0	9	9		Pick the candle from the counter and place it in the cabinet.	0	all_token_full	groot_n15_dit_block_residual_full_tokens_denoise	"[""layer"",""denoise_step"",""model_token"",""feature_dim""]"	[7,4,49,1536]	[0,2,4,8,10,12,15]	n15_grid_v6_scene_jitter	grid_coord	meta	meta_json	77e745c37b0f/worker2/PPCC/candle/s1/j2/n6/base
77e745c37b0f	worker2	PPCC/candle	1	2	7	base	activation	50105065b4f187e9	50105065b4f187e9d00c858b90e6e8e7833107d42cd976c89ab9fb6dad9ef0fa	lerobot_groot_n15	n15	lerobot_groot_n15__robocasa365_ckpt120000		0	Pick the candle from the counter and place it in the cabinet.	robocasa_panda_omron/PickPlaceCounterToCabinet_PandaOmron_Env	102074	1300007	0	1			5		1	2	0.0	0.0	9	9		Pick the candle from the counter and place it in the cabinet.	0	all_token_full	groot_n15_dit_block_residual_full_tokens_denoise	"[""layer"",""denoise_step"",""model_token"",""feature_dim""]"	[7,4,49,1536]	[0,2,4,8,10,12,15]	n15_grid_v6_scene_jitter	grid_coord	meta	meta_json	77e745c37b0f/worker2/PPCC/candle/s1/j2/n7/base
77e745c37b0f	worker2	PPCC/candle	1	2	8	base	activation	f26857ab61cc8110	f26857ab61cc81107f9fd63bd33c0262f2458dbb878552c8c3bb10aec4d578cd	lerobot_groot_n15	n15	lerobot_groot_n15__robocasa365_ckpt120000		0	Pick the candle from the counter and place it in the cabinet.	robocasa_panda_omron/PickPlaceCounterToCabinet_PandaOmron_Env	102074	1300008	0	1			5		1	2	0.0	0.0	9	9		Pick the candle from the counter and place it in the cabinet.	0	all_token_full	groot_n15_dit_block_residual_full_tokens_denoise	"[""layer"",""denoise_step"",""model_token"",""feature_dim""]"	[7,4,49,1536]	[0,2,4,8,10,12,15]	n15_grid_v6_scene_jitter	grid_coord	meta	meta_json	77e745c37b0f/worker2/PPCC/candle/s1/j2/n8/base
77e745c37b0f	worker2	PPCC/candle	1	2	9	base	activation	d088e1d6b4bd792e	d088e1d6b4bd792eec6ee7f2beea11d8c1b77442b55b370ab9c904398909ea14	lerobot_groot_n15	n15	lerobot_groot_n15__robocasa365_ckpt120000		0	Pick the candle from the counter and place it in the cabinet.	robocasa_panda_omron/PickPlaceCounterToCabinet_PandaOmron_Env	102074	1300009	0	1			5		1	2	0.0	0.0	9	9		Pick the candle from the counter and place it in the cabinet.	0	all_token_full	groot_n15_dit_block_residual_full_tokens_denoise	"[""layer"",""denoise_step"",""model_token"",""feature_dim""]"	[7,4,49,1536]	[0,2,4,8,10,12,15]	n15_grid_v6_scene_jitter	grid_coord	meta	meta_json	77e745c37b0f/worker2/PPCC/candle/s1/j2/n9/base
77e745c37b0f	worker2	PPCC/candle	1	3	0	base	activation	364afa2d8dfe972d	364afa2d8dfe972de0d1a86b65e6db80bd30424b5c04bae777b0f4bc1eabf761	lerobot_groot_n15	n15	lerobot_groot_n15__robocasa365_ckpt120000		0	Pick the candle from the counter and place it in the cabinet.	robocasa_panda_omron/PickPlaceCounterToCabinet_PandaOmron_Env	102074	1300000	0	1			5		1	3	0.0	0.0	9	9		Pick the candle from the counter and place it in the cabinet.	0	all_token_full	groot_n15_dit_block_residual_full_tokens_denoise	"[""layer"",""denoise_step"",""model_token"",""feature_dim""]"	[7,4,49,1536]	[0,2,4,8,10,12,15]	n15_grid_v6_scene_jitter	grid_coord	meta	meta_json	77e745c37b0f/worker2/PPCC/candle/s1/j3/n0/base
77e745c37b0f	worker2	PPCC/candle	1	3	1	base	activation	70729fef41e4c104	70729fef41e4c10404725fe7804baeafbd5562f6fd46d85b9ad24f8d4f211ad5	lerobot_groot_n15	n15	lerobot_groot_n15__robocasa365_ckpt120000		0	Pick the candle from the counter and place it in the cabinet.	robocasa_panda_omron/PickPlaceCounterToCabinet_PandaOmron_Env	102074	1300001	0	1			5		1	3	0.0	0.0	9	9		Pick the candle from the counter and place it in the cabinet.	0	all_token_full	groot_n15_dit_block_residual_full_tokens_denoise	"[""layer"",""denoise_step"",""model_token"",""feature_dim""]"	[7,4,49,1536]	[0,2,4,8,10,12,15]	n15_grid_v6_scene_jitter	grid_coord	meta	meta_json	77e745c37b0f/worker2/PPCC/candle/s1/j3/n1/base
77e745c37b0f	worker2	PPCC/candle	1	3	2	base	activation	bb0f65c0220c0667	bb0f65c0220c066732770b346603fe233857ede5e266cbdf3dabb3a81cc1ce57	lerobot_groot_n15	n15	lerobot_groot_n15__robocasa365_ckpt120000		0	Pick the candle from the counter and place it in the cabinet.	robocasa_panda_omron/PickPlaceCounterToCabinet_PandaOmron_Env	102074	1300002	0	1			5		1	3	0.0	0.0	9	9		Pick the candle from the counter and place it in the cabinet.	0	all_token_full	groot_n15_dit_block_residual_full_tokens_denoise	"[""layer"",""denoise_step"",""model_token"",""feature_dim""]"	[7,4,49,1536]	[0,2,4,8,10,12,15]	n15_grid_v6_scene_jitter	grid_coord	meta	meta_json	77e745c37b0f/worker2/PPCC/candle/s1/j3/n2/base
77e745c37b0f	worker2	PPCC/candle	1	3	3	base	activation	46c8e8dbbe6b3c21	46c8e8dbbe6b3c21faabbf0f642b951e19ffd19ab0fa90d5f35d63035e9105f0	lerobot_groot_n15	n15	lerobot_groot_n15__robocasa365_ckpt120000		0	Pick the candle from the counter and place it in the cabinet.	robocasa_panda_omron/PickPlaceCounterToCabinet_PandaOmron_Env	102074	1300003	0	1			5		1	3	0.0	0.0	9	9		Pick the candle from the counter and place it in the cabinet.	0	all_token_full	groot_n15_dit_block_residual_full_tokens_denoise	"[""layer"",""denoise_step"",""model_token"",""feature_dim""]"	[7,4,49,1536]	[0,2,4,8,10,12,15]	n15_grid_v6_scene_jitter	grid_coord	meta	meta_json	77e745c37b0f/worker2/PPCC/candle/s1/j3/n3/base
77e745c37b0f	worker2	PPCC/candle	1	3	4	base	activation	247c28a7cf8b6b3a	247c28a7cf8b6b3a85db916aa3ad5247e3fef41b7219605418a46e0ab2b501a0	lerobot_groot_n15	n15	lerobot_groot_n15__robocasa365_ckpt120000		0	Pick the candle from the counter and place it in the cabinet.	robocasa_panda_omron/PickPlaceCounterToCabinet_PandaOmron_Env	102074	1300004	0	1			5		1	3	0.0	0.0	9	9		Pick the candle from the counter and place it in the cabinet.	0	all_token_full	groot_n15_dit_block_residual_full_tokens_denoise	"[""layer"",""denoise_step"",""model_token"",""feature_dim""]"	[7,4,49,1536]	[0,2,4,8,10,12,15]	n15_grid_v6_scene_jitter	grid_coord	meta	meta_json	77e745c37b0f/worker2/PPCC/candle/s1/j3/n4/base
77e745c37b0f	worker2	PPCC/candle	1	3	5	base	activation	6fe3209bbc781318	6fe3209bbc781318c00481de9d21cce50e6dca2860f54c462a084044a0c738ee	lerobot_groot_n15	n15	lerobot_groot_n15__robocasa365_ckpt120000		0	Pick the candle from the counter and place it in the cabinet.	robocasa_panda_omron/PickPlaceCounterToCabinet_PandaOmron_Env	102074	1300005	0	1			5		1	3	0.0	0.0	9	9		Pick the candle from the counter and place it in the cabinet.	0	all_token_full	groot_n15_dit_block_residual_full_tokens_denoise	"[""layer"",""denoise_step"",""model_token"",""feature_dim""]"	[7,4,49,1536]	[0,2,4,8,10,12,15]	n15_grid_v6_scene_jitter	grid_coord	meta	meta_json	77e745c37b0f/worker2/PPCC/candle/s1/j3/n5/base
77e745c37b0f	worker2	PPCC/candle	1	3	6	base	activation	34aa39e65dee1aad	34aa39e65dee1aadf2d0a6d1fd82a58d57d23f5815c9d84e74bb7356cabb2a30	lerobot_groot_n15	n15	lerobot_groot_n15__robocasa365_ckpt120000		0	Pick the candle from the counter and place it in the cabinet.	robocasa_panda_omron/PickPlaceCounterToCabinet_PandaOmron_Env	102074	1300006	0	1			5		1	3	0.0	0.0	9	9		Pick the candle from the counter and place it in the cabinet.	0	all_token_full	groot_n15_dit_block_residual_full_tokens_denoise	"[""layer"",""denoise_step"",""model_token"",""feature_dim""]"	[7,4,49,1536]	[0,2,4,8,10,12,15]	n15_grid_v6_scene_jitter	grid_coord	meta	meta_json	77e745c37b0f/worker2/PPCC/candle/s1/j3/n6/base
77e745c37b0f	worker2	PPCC/candle	1	3	7	base	activation	f149dbaed20d7ea1	f149dbaed20d7ea120ceabe371363b8d68f2d3af7642ef20523066816c2a63a5	lerobot_groot_n15	n15	lerobot_groot_n15__robocasa365_ckpt120000		0	Pick the candle from the counter and place it in the cabinet.	robocasa_panda_omron/PickPlaceCounterToCabinet_PandaOmron_Env	102074	1300007	0	1			5		1	3	0.0	0.0	9	9		Pick the candle from the counter and place it in the cabinet.	0	all_token_full	groot_n15_dit_block_residual_full_tokens_denoise	"[""layer"",""denoise_step"",""model_token"",""feature_dim""]"	[7,4,49,1536]	[0,2,4,8,10,12,15]	n15_grid_v6_scene_jitter	grid_coord	meta	meta_json	77e745c37b0f/worker2/PPCC/candle/s1/j3/n7/base
77e745c37b0f	worker2	PPCC/candle	1	3	8	base	activation	e0899bc1433bfebd	e0899bc1433bfebd9b6e4446a43424cb4f2b22624bd31183d5e6281374b6af13	lerobot_groot_n15	n15	lerobot_groot_n15__robocasa365_ckpt120000		0	Pick the candle from the counter and place it in the cabinet.	robocasa_panda_omron/PickPlaceCounterToCabinet_PandaOmron_Env	102074	1300008	0	1			5		1	3	0.0	0.0	9	9		Pick the candle from the counter and place it in the cabinet.	0	all_token_full	groot_n15_dit_block_residual_full_tokens_denoise	"[""layer"",""denoise_step"",""model_token"",""feature_dim""]"	[7,4,49,1536]	[0,2,4,8,10,12,15]	n15_grid_v6_scene_jitter	grid_coord	meta	meta_json	77e745c37b0f/worker2/PPCC/candle/s1/j3/n8/base
77e745c37b0f	worker2	PPCC/candle	1	3	9	base	activation	26061b7ad48e5531	26061b7ad48e55312d808222e4d06688d00f4d478118cc74ac9fc702e811a97e	lerobot_groot_n15	n15	lerobot_groot_n15__robocasa365_ckpt120000		0	Pick the candle from the counter and place it in the cabinet.	robocasa_panda_omron/PickPlaceCounterToCabinet_PandaOmron_Env	102074	1300009	0	0			5		1	3	0.0	0.0	9	9		Pick the candle from the counter and place it in the cabinet.	0	all_token_full	groot_n15_dit_block_residual_full_tokens_denoise	"[""layer"",""denoise_step"",""model_token"",""feature_dim""]"	[7,4,49,1536]	[0,2,4,8,10,12,15]	n15_grid_v6_scene_jitter	grid_coord	meta	meta_json	77e745c37b0f/worker2/PPCC/candle/s1/j3/n9/base
77e745c37b0f	worker2	PPCC/candle	1	4	0	base	activation	a17dc2ca49f45983	a17dc2ca49f45983427b0363ce8247915de0dc75cb5dca0a141b6ed0d5d7346f	lerobot_groot_n15	n15	lerobot_groot_n15__robocasa365_ckpt120000		0	Pick the candle from the counter and place it in the cabinet.	robocasa_panda_omron/PickPlaceCounterToCabinet_PandaOmron_Env	102074	1300000	0	1			5		1	4	0.0	0.0	9	9		Pick the candle from the counter and place it in the cabinet.	0	all_token_full	groot_n15_dit_block_residual_full_tokens_denoise	"[""layer"",""denoise_step"",""model_token"",""feature_dim""]"	[7,4,49,1536]	[0,2,4,8,10,12,15]	n15_grid_v6_scene_jitter	grid_coord	meta	meta_json	77e745c37b0f/worker2/PPCC/candle/s1/j4/n0/base
77e745c37b0f	worker2	PPCC/candle	1	4	1	base	activation	607e58ebba0cce8f	607e58ebba0cce8f27ed77d9d9293fc20c070d1a0e45d5199b0959425c4a4052	lerobot_groot_n15	n15	lerobot_groot_n15__robocasa365_ckpt120000		0	Pick the candle from the counter and place it in the cabinet.	robocasa_panda_omron/PickPlaceCounterToCabinet_PandaOmron_Env	102074	1300001	0	1			5		1	4	0.0	0.0	9	9		Pick the candle from the counter and place it in the cabinet.	0	all_token_full	groot_n15_dit_block_residual_full_tokens_denoise	"[""layer"",""denoise_step"",""model_token"",""feature_dim""]"	[7,4,49,1536]	[0,2,4,8,10,12,15]	n15_grid_v6_scene_jitter	grid_coord	meta	meta_json	77e745c37b0f/worker2/PPCC/candle/s1/j4/n1/base
77e745c37b0f	worker2	PPCC/candle	1	4	2	base	activation	4604632f49043bfe	4604632f49043bfe969617983bbb75a47c35975a39b77f5e02b174fc449863e9	lerobot_groot_n15	n15	lerobot_groot_n15__robocasa365_ckpt120000		0	Pick the candle from the counter and place it in the cabinet.	robocasa_panda_omron/PickPlaceCounterToCabinet_PandaOmron_Env	102074	1300002	0	1			5		1	4	0.0	0.0	9	9		Pick the candle from the counter and place it in the cabinet.	0	all_token_full	groot_n15_dit_block_residual_full_tokens_denoise	"[""layer"",""denoise_step"",""model_token"",""feature_dim""]"	[7,4,49,1536]	[0,2,4,8,10,12,15]	n15_grid_v6_scene_jitter	grid_coord	meta	meta_json	77e745c37b0f/worker2/PPCC/candle/s1/j4/n2/base
77e745c37b0f	worker2	PPCC/candle	1	4	3	base	activation	005d550650fe941e	005d550650fe941e6758951d657a0659ef74ee9c93f89f4958d78bab326cb5da	lerobot_groot_n15	n15	lerobot_groot_n15__robocasa365_ckpt120000		0	Pick the candle from the counter and place it in the cabinet.	robocasa_panda_omron/PickPlaceCounterToCabinet_PandaOmron_Env	102074	1300003	0	0			5		1	4	0.0	0.0	9	9		Pick the candle from the counter and place it in the cabinet.	0	all_token_full	groot_n15_dit_block_residual_full_tokens_denoise	"[""layer"",""denoise_step"",""model_token"",""feature_dim""]"	[7,4,49,1536]	[0,2,4,8,10,12,15]	n15_grid_v6_scene_jitter	grid_coord	meta	meta_json	77e745c37b0f/worker2/PPCC/candle/s1/j4/n3/base
77e745c37b0f	worker2	PPCC/candle	1	4	4	base	activation	b37c6a843c0d859e	b37c6a843c0d859e996ae94190f3a357fa3be7a2355f6ff9bd48babd2e45574d	lerobot_groot_n15	n15	lerobot_groot_n15__robocasa365_ckpt120000		0	Pick the candle from the counter and place it in the cabinet.	robocasa_panda_omron/PickPlaceCounterToCabinet_PandaOmron_Env	102074	1300004	0	0			5		1	4	0.0	0.0	9	9		Pick the candle from the counter and place it in the cabinet.	0	all_token_full	groot_n15_dit_block_residual_full_tokens_denoise	"[""layer"",""denoise_step"",""model_token"",""feature_dim""]"	[7,4,49,1536]	[0,2,4,8,10,12,15]	n15_grid_v6_scene_jitter	grid_coord	meta	meta_json	77e745c37b0f/worker2/PPCC/candle/s1/j4/n4/base
77e745c37b0f	worker2	PPCC/candle	1	4	5	base	activation	f9f2759591fc9538	f9f2759591fc953825ab43d2bc5739392bdc661b813e849b0b1e49a4d2383516	lerobot_groot_n15	n15	lerobot_groot_n15__robocasa365_ckpt120000		0	Pick the candle from the counter and place it in the cabinet.	robocasa_panda_omron/PickPlaceCounterToCabinet_PandaOmron_Env	102074	1300005	0	1			5		1	4	0.0	0.0	9	9		Pick the candle from the counter and place it in the cabinet.	0	all_token_full	groot_n15_dit_block_residual_full_tokens_denoise	"[""layer"",""denoise_step"",""model_token"",""feature_dim""]"	[7,4,49,1536]	[0,2,4,8,10,12,15]	n15_grid_v6_scene_jitter	grid_coord	meta	meta_json	77e745c37b0f/worker2/PPCC/candle/s1/j4/n5/base
77e745c37b0f	worker2	PPCC/candle	1	4	6	base	activation	cef7645eeacb0457	cef7645eeacb0457ce3e152291c3c07ec992c2820cdc78a1b0d5c50de48bb113	lerobot_groot_n15	n15	lerobot_groot_n15__robocasa365_ckpt120000		0	Pick the candle from the counter and place it in the cabinet.	robocasa_panda_omron/PickPlaceCounterToCabinet_PandaOmron_Env	102074	1300006	0	1			5		1	4	0.0	0.0	9	9		Pick the candle from the counter and place it in the cabinet.	0	all_token_full	groot_n15_dit_block_residual_full_tokens_denoise	"[""layer"",""denoise_step"",""model_token"",""feature_dim""]"	[7,4,49,1536]	[0,2,4,8,10,12,15]	n15_grid_v6_scene_jitter	grid_coord	meta	meta_json	77e745c37b0f/worker2/PPCC/candle/s1/j4/n6/base
77e745c37b0f	worker2	PPCC/candle	1	4	7	base	activation	98a67fc3536733e1	98a67fc3536733e1214bb5e81439581493305a62b2530d309dfa96909035f05c	lerobot_groot_n15	n15	lerobot_groot_n15__robocasa365_ckpt120000		0	Pick the candle from the counter and place it in the cabinet.	robocasa_panda_omron/PickPlaceCounterToCabinet_PandaOmron_Env	102074	1300007	0	0			5		1	4	0.0	0.0	9	9		Pick the candle from the counter and place it in the cabinet.	0	all_token_full	groot_n15_dit_block_residual_full_tokens_denoise	"[""layer"",""denoise_step"",""model_token"",""feature_dim""]"	[7,4,49,1536]	[0,2,4,8,10,12,15]	n15_grid_v6_scene_jitter	grid_coord	meta	meta_json	77e745c37b0f/worker2/PPCC/candle/s1/j4/n7/base
77e745c37b0f	worker2	PPCC/candle	1	4	8	base	activation	20a7c4cab7103cbb	20a7c4cab7103cbb205d404bdccf945244beace6f7fcfa33873fae6fac465ed4	lerobot_groot_n15	n15	lerobot_groot_n15__robocasa365_ckpt120000		0	Pick the candle from the counter and place it in the cabinet.	robocasa_panda_omron/PickPlaceCounterToCabinet_PandaOmron_Env	102074	1300008	0	1			5		1	4	0.0	0.0	9	9		Pick the candle from the counter and place it in the cabinet.	0	all_token_full	groot_n15_dit_block_residual_full_tokens_denoise	"[""layer"",""denoise_step"",""model_token"",""feature_dim""]"	[7,4,49,1536]	[0,2,4,8,10,12,15]	n15_grid_v6_scene_jitter	grid_coord	meta	meta_json	77e745c37b0f/worker2/PPCC/candle/s1/j4/n8/base
77e745c37b0f	worker2	PPCC/candle	1	4	9	base	activation	fabcb8ffd3ed5d8f	fabcb8ffd3ed5d8f724a5da153548d4b7b9522110be4eebc09dcaebc5c9803ad	lerobot_groot_n15	n15	lerobot_groot_n15__robocasa365_ckpt120000		0	Pick the candle from the counter and place it in the cabinet.	robocasa_panda_omron/PickPlaceCounterToCabinet_PandaOmron_Env	102074	1300009	0	0			5		1	4	0.0	0.0	9	9		Pick the candle from the counter and place it in the cabinet.	0	all_token_full	groot_n15_dit_block_residual_full_tokens_denoise	"[""layer"",""denoise_step"",""model_token"",""feature_dim""]"	[7,4,49,1536]	[0,2,4,8,10,12,15]	n15_grid_v6_scene_jitter	grid_coord	meta	meta_json	77e745c37b0f/worker2/PPCC/candle/s1/j4/n9/base
77e745c37b0f	worker2	PPCC/jug	1	0	0	base	activation	f5607060c2ac983d	f5607060c2ac983dcb99743941c7a03750da09e02a80cb9ba9be4acd9418070a	lerobot_groot_n15	n15	lerobot_groot_n15__robocasa365_ckpt120000		0	Pick the jug from the counter and place it in the cabinet.	robocasa_panda_omron/PickPlaceCounterToCabinet_PandaOmron_Env	100192	1300000	0	0			5		1	0	0.0	0.0	9	9		Pick the jug from the counter and place it in the cabinet.	0	all_token_full	groot_n15_dit_block_residual_full_tokens_denoise	"[""layer"",""denoise_step"",""model_token"",""feature_dim""]"	[7,4,49,1536]	[0,2,4,8,10,12,15]	n15_grid_v6_scene_jitter	grid_coord	meta	meta_json	77e745c37b0f/worker2/PPCC/jug/s1/j0/n0/base
77e745c37b0f	worker2	PPCC/jug	1	0	1	base	activation	0dc16d2b969e778c	0dc16d2b969e778c72f2a5c729e9d844a70d37c51ea5ea361b386032636825a2	lerobot_groot_n15	n15	lerobot_groot_n15__robocasa365_ckpt120000		0	Pick the jug from the counter and place it in the cabinet.	robocasa_panda_omron/PickPlaceCounterToCabinet_PandaOmron_Env	100192	1300001	0	0			5		1	0	0.0	0.0	9	9		Pick the jug from the counter and place it in the cabinet.	0	all_token_full	groot_n15_dit_block_residual_full_tokens_denoise	"[""layer"",""denoise_step"",""model_token"",""feature_dim""]"	[7,4,49,1536]	[0,2,4,8,10,12,15]	n15_grid_v6_scene_jitter	grid_coord	meta	meta_json	77e745c37b0f/worker2/PPCC/jug/s1/j0/n1/base
77e745c37b0f	worker2	PPCC/jug	1	0	2	base	activation	ce10910a27b415a3	ce10910a27b415a3db4941a84a50267ff67a2dec5dc2c6c75c0e5aaa585af3f2	lerobot_groot_n15	n15	lerobot_groot_n15__robocasa365_ckpt120000		0	Pick the jug from the counter and place it in the cabinet.	robocasa_panda_omron/PickPlaceCounterToCabinet_PandaOmron_Env	100192	1300002	0	0			5		1	0	0.0	0.0	9	9		Pick the jug from the counter and place it in the cabinet.	0	all_token_full	groot_n15_dit_block_residual_full_tokens_denoise	"[""layer"",""denoise_step"",""model_token"",""feature_dim""]"	[7,4,49,1536]	[0,2,4,8,10,12,15]	n15_grid_v6_scene_jitter	grid_coord	meta	meta_json	77e745c37b0f/worker2/PPCC/jug/s1/j0/n2/base
77e745c37b0f	worker2	PPCC/jug	1	0	3	base	activation	9389ec7d8dfcfdf7	9389ec7d8dfcfdf77ff39a011ad1bf7f2f84b50af5354971061be7f8ca58022b	lerobot_groot_n15	n15	lerobot_groot_n15__robocasa365_ckpt120000		0	Pick the jug from the counter and place it in the cabinet.	robocasa_panda_omron/PickPlaceCounterToCabinet_PandaOmron_Env	100192	1300003	0	0			5		1	0	0.0	0.0	9	9		Pick the jug from the counter and place it in the cabinet.	0	all_token_full	groot_n15_dit_block_residual_full_tokens_denoise	"[""layer"",""denoise_step"",""model_token"",""feature_dim""]"	[7,4,49,1536]	[0,2,4,8,10,12,15]	n15_grid_v6_scene_jitter	grid_coord	meta	meta_json	77e745c37b0f/worker2/PPCC/jug/s1/j0/n3/base
77e745c37b0f	worker2	PPCC/jug	1	0	4	base	activation	65d2666f3a9b1cf2	65d2666f3a9b1cf22ef06a0b54255a565de6d6c749794f6d045dd5645207793a	lerobot_groot_n15	n15	lerobot_groot_n15__robocasa365_ckpt120000		0	Pick the jug from the counter and place it in the cabinet.	robocasa_panda_omron/PickPlaceCounterToCabinet_PandaOmron_Env	100192	1300004	0	0			5		1	0	0.0	0.0	9	9		Pick the jug from the counter and place it in the cabinet.	0	all_token_full	groot_n15_dit_block_residual_full_tokens_denoise	"[""layer"",""denoise_step"",""model_token"",""feature_dim""]"	[7,4,49,1536]	[0,2,4,8,10,12,15]	n15_grid_v6_scene_jitter	grid_coord	meta	meta_json	77e745c37b0f/worker2/PPCC/jug/s1/j0/n4/base
77e745c37b0f	worker2	PPCC/jug	1	0	5	base	activation	8d2bfd2bbbcaa83b	8d2bfd2bbbcaa83b7700237588481b5544519f6f762436dbf5a67c3d5501c097	lerobot_groot_n15	n15	lerobot_groot_n15__robocasa365_ckpt120000		0	Pick the jug from the counter and place it in the cabinet.	robocasa_panda_omron/PickPlaceCounterToCabinet_PandaOmron_Env	100192	1300005	0	0			5		1	0	0.0	0.0	9	9		Pick the jug from the counter and place it in the cabinet.	0	all_token_full	groot_n15_dit_block_residual_full_tokens_denoise	"[""layer"",""denoise_step"",""model_token"",""feature_dim""]"	[7,4,49,1536]	[0,2,4,8,10,12,15]	n15_grid_v6_scene_jitter	grid_coord	meta	meta_json	77e745c37b0f/worker2/PPCC/jug/s1/j0/n5/base
77e745c37b0f	worker2	PPCC/jug	1	0	6	base	activation	cd5098ebb38fcc87	cd5098ebb38fcc877ebd7c68c845662596847a051617f936e0b9d7d40b7f5348	lerobot_groot_n15	n15	lerobot_groot_n15__robocasa365_ckpt120000		0	Pick the jug from the counter and place it in the cabinet.	robocasa_panda_omron/PickPlaceCounterToCabinet_PandaOmron_Env	100192	1300006	0	0			5		1	0	0.0	0.0	9	9		Pick the jug from the counter and place it in the cabinet.	0	all_token_full	groot_n15_dit_block_residual_full_tokens_denoise	"[""layer"",""denoise_step"",""model_token"",""feature_dim""]"	[7,4,49,1536]	[0,2,4,8,10,12,15]	n15_grid_v6_scene_jitter	grid_coord	meta	meta_json	77e745c37b0f/worker2/PPCC/jug/s1/j0/n6/base
77e745c37b0f	worker2	PPCC/jug	1	0	7	base	activation	86fd2f909810739f	86fd2f909810739f57eb2b00890a05f69c9385a90f813efcb8d651fdaec1350b	lerobot_groot_n15	n15	lerobot_groot_n15__robocasa365_ckpt120000		0	Pick the jug from the counter and place it in the cabinet.	robocasa_panda_omron/PickPlaceCounterToCabinet_PandaOmron_Env	100192	1300007	0	0			5		1	0	0.0	0.0	9	9		Pick the jug from the counter and place it in the cabinet.	0	all_token_full	groot_n15_dit_block_residual_full_tokens_denoise	"[""layer"",""denoise_step"",""model_token"",""feature_dim""]"	[7,4,49,1536]	[0,2,4,8,10,12,15]	n15_grid_v6_scene_jitter	grid_coord	meta	meta_json	77e745c37b0f/worker2/PPCC/jug/s1/j0/n7/base
77e745c37b0f	worker2	PPCC/jug	1	0	8	base	activation	df69cedf03bebca5	df69cedf03bebca5d358f836ae72ccb7253f7927e4e41396f9754c8da977daa3	lerobot_groot_n15	n15	lerobot_groot_n15__robocasa365_ckpt120000		0	Pick the jug from the counter and place it in the cabinet.	robocasa_panda_omron/PickPlaceCounterToCabinet_PandaOmron_Env	100192	1300008	0	0			5		1	0	0.0	0.0	9	9		Pick the jug from the counter and place it in the cabinet.	0	all_token_full	groot_n15_dit_block_residual_full_tokens_denoise	"[""layer"",""denoise_step"",""model_token"",""feature_dim""]"	[7,4,49,1536]	[0,2,4,8,10,12,15]	n15_grid_v6_scene_jitter	grid_coord	meta	meta_json	77e745c37b0f/worker2/PPCC/jug/s1/j0/n8/base
77e745c37b0f	worker2	PPCC/jug	1	0	9	base	activation	3b7be0f3f02e58ff	3b7be0f3f02e58ff0a27134470f3c3cb7b7ca1c462740690917dfbdb21335288	lerobot_groot_n15	n15	lerobot_groot_n15__robocasa365_ckpt120000		0	Pick the jug from the counter and place it in the cabinet.	robocasa_panda_omron/PickPlaceCounterToCabinet_PandaOmron_Env	100192	1300009	0	1			5		1	0	0.0	0.0	9	9		Pick the jug from the counter and place it in the cabinet.	0	all_token_full	groot_n15_dit_block_residual_full_tokens_denoise	"[""layer"",""denoise_step"",""model_token"",""feature_dim""]"	[7,4,49,1536]	[0,2,4,8,10,12,15]	n15_grid_v6_scene_jitter	grid_coord	meta	meta_json	77e745c37b0f/worker2/PPCC/jug/s1/j0/n9/base
77e745c37b0f	worker2	PPCC/jug	1	1	0	base	activation	ae292b02367206c4	ae292b02367206c4df36ecabf5a4cbb27dd1c72ed30b279a74c4cd3ea9002e14	lerobot_groot_n15	n15	lerobot_groot_n15__robocasa365_ckpt120000		0	Pick the jug from the counter and place it in the cabinet.	robocasa_panda_omron/PickPlaceCounterToCabinet_PandaOmron_Env	100192	1300000	0	0			5		1	1	0.0	0.0	9	9		Pick the jug from the counter and place it in the cabinet.	0	all_token_full	groot_n15_dit_block_residual_full_tokens_denoise	"[""layer"",""denoise_step"",""model_token"",""feature_dim""]"	[7,4,49,1536]	[0,2,4,8,10,12,15]	n15_grid_v6_scene_jitter	grid_coord	meta	meta_json	77e745c37b0f/worker2/PPCC/jug/s1/j1/n0/base
77e745c37b0f	worker2	PPCC/jug	1	1	1	base	activation	a95198c373af583c	a95198c373af583c5ad5a25f2242828c1099648784d0eab01c302cc32cbb615a	lerobot_groot_n15	n15	lerobot_groot_n15__robocasa365_ckpt120000		0	Pick the jug from the counter and place it in the cabinet.	robocasa_panda_omron/PickPlaceCounterToCabinet_PandaOmron_Env	100192	1300001	0	0			5		1	1	0.0	0.0	9	9		Pick the jug from the counter and place it in the cabinet.	0	all_token_full	groot_n15_dit_block_residual_full_tokens_denoise	"[""layer"",""denoise_step"",""model_token"",""feature_dim""]"	[7,4,49,1536]	[0,2,4,8,10,12,15]	n15_grid_v6_scene_jitter	grid_coord	meta	meta_json	77e745c37b0f/worker2/PPCC/jug/s1/j1/n1/base
77e745c37b0f	worker2	PPCC/jug	1	1	2	base	activation	a5bd73a53f0ccb70	a5bd73a53f0ccb7047bc4bce431f8bfed5208fcabef38698137b4f030b332025	lerobot_groot_n15	n15	lerobot_groot_n15__robocasa365_ckpt120000		0	Pick the jug from the counter and place it in the cabinet.	robocasa_panda_omron/PickPlaceCounterToCabinet_PandaOmron_Env	100192	1300002	0	0			5		1	1	0.0	0.0	9	9		Pick the jug from the counter and place it in the cabinet.	0	all_token_full	groot_n15_dit_block_residual_full_tokens_denoise	"[""layer"",""denoise_step"",""model_token"",""feature_dim""]"	[7,4,49,1536]	[0,2,4,8,10,12,15]	n15_grid_v6_scene_jitter	grid_coord	meta	meta_json	77e745c37b0f/worker2/PPCC/jug/s1/j1/n2/base
77e745c37b0f	worker2	PPCC/jug	1	1	3	base	activation	805efe21f23137b3	805efe21f23137b32c0fd881b811c5b2a31398a345ff6a68e48240ed823c7383	lerobot_groot_n15	n15	lerobot_groot_n15__robocasa365_ckpt120000		0	Pick the jug from the counter and place it in the cabinet.	robocasa_panda_omron/PickPlaceCounterToCabinet_PandaOmron_Env	100192	1300003	0	0			5		1	1	0.0	0.0	9	9		Pick the jug from the counter and place it in the cabinet.	0	all_token_full	groot_n15_dit_block_residual_full_tokens_denoise	"[""layer"",""denoise_step"",""model_token"",""feature_dim""]"	[7,4,49,1536]	[0,2,4,8,10,12,15]	n15_grid_v6_scene_jitter	grid_coord	meta	meta_json	77e745c37b0f/worker2/PPCC/jug/s1/j1/n3/base
77e745c37b0f	worker2	PPCC/jug	1	1	4	base	activation	bcf0430938e489d4	bcf0430938e489d474c882a76ec0c534563c74df7392862f3dbbb63909326fea	lerobot_groot_n15	n15	lerobot_groot_n15__robocasa365_ckpt120000		0	Pick the jug from the counter and place it in the cabinet.	robocasa_panda_omron/PickPlaceCounterToCabinet_PandaOmron_Env	100192	1300004	0	1			5		1	1	0.0	0.0	9	9		Pick the jug from the counter and place it in the cabinet.	0	all_token_full	groot_n15_dit_block_residual_full_tokens_denoise	"[""layer"",""denoise_step"",""model_token"",""feature_dim""]"	[7,4,49,1536]	[0,2,4,8,10,12,15]	n15_grid_v6_scene_jitter	grid_coord	meta	meta_json	77e745c37b0f/worker2/PPCC/jug/s1/j1/n4/base
77e745c37b0f	worker2	PPCC/jug	1	1	5	base	activation	38c13fa9b4376328	38c13fa9b4376328dc978858254fb34deba6c3ea0e5c798c2a9abaf8a910bab5	lerobot_groot_n15	n15	lerobot_groot_n15__robocasa365_ckpt120000		0	Pick the jug from the counter and place it in the cabinet.	robocasa_panda_omron/PickPlaceCounterToCabinet_PandaOmron_Env	100192	1300005	0	0			5		1	1	0.0	0.0	9	9		Pick the jug from the counter and place it in the cabinet.	0	all_token_full	groot_n15_dit_block_residual_full_tokens_denoise	"[""layer"",""denoise_step"",""model_token"",""feature_dim""]"	[7,4,49,1536]	[0,2,4,8,10,12,15]	n15_grid_v6_scene_jitter	grid_coord	meta	meta_json	77e745c37b0f/worker2/PPCC/jug/s1/j1/n5/base
77e745c37b0f	worker2	PPCC/jug	1	1	6	base	activation	e12d6c08de30fcde	e12d6c08de30fcde02d50e6a82842ec4241adf94afd49f214254e6da5f9b5ac7	lerobot_groot_n15	n15	lerobot_groot_n15__robocasa365_ckpt120000		0	Pick the jug from the counter and place it in the cabinet.	robocasa_panda_omron/PickPlaceCounterToCabinet_PandaOmron_Env	100192	1300006	0	0			5		1	1	0.0	0.0	9	9		Pick the jug from the counter and place it in the cabinet.	0	all_token_full	groot_n15_dit_block_residual_full_tokens_denoise	"[""layer"",""denoise_step"",""model_token"",""feature_dim""]"	[7,4,49,1536]	[0,2,4,8,10,12,15]	n15_grid_v6_scene_jitter	grid_coord	meta	meta_json	77e745c37b0f/worker2/PPCC/jug/s1/j1/n6/base
77e745c37b0f	worker2	PPCC/jug	1	1	7	base	activation	69ca84dbe8b1fe37	69ca84dbe8b1fe3772502a454852d87fe9255d606c196740167b7e1f7430cee0	lerobot_groot_n15	n15	lerobot_groot_n15__robocasa365_ckpt120000		0	Pick the jug from the counter and place it in the cabinet.	robocasa_panda_omron/PickPlaceCounterToCabinet_PandaOmron_Env	100192	1300007	0	0			5		1	1	0.0	0.0	9	9		Pick the jug from the counter and place it in the cabinet.	0	all_token_full	groot_n15_dit_block_residual_full_tokens_denoise	"[""layer"",""denoise_step"",""model_token"",""feature_dim""]"	[7,4,49,1536]	[0,2,4,8,10,12,15]	n15_grid_v6_scene_jitter	grid_coord	meta	meta_json	77e745c37b0f/worker2/PPCC/jug/s1/j1/n7/base
77e745c37b0f	worker2	PPCC/jug	1	1	8	base	activation	0f5b6fd10e2023b1	0f5b6fd10e2023b13adda522ddb6161b32dff4499ca02a62a5c193341b98d3e6	lerobot_groot_n15	n15	lerobot_groot_n15__robocasa365_ckpt120000		0	Pick the jug from the counter and place it in the cabinet.	robocasa_panda_omron/PickPlaceCounterToCabinet_PandaOmron_Env	100192	1300008	0	1			5		1	1	0.0	0.0	9	9		Pick the jug from the counter and place it in the cabinet.	0	all_token_full	groot_n15_dit_block_residual_full_tokens_denoise	"[""layer"",""denoise_step"",""model_token"",""feature_dim""]"	[7,4,49,1536]	[0,2,4,8,10,12,15]	n15_grid_v6_scene_jitter	grid_coord	meta	meta_json	77e745c37b0f/worker2/PPCC/jug/s1/j1/n8/base
77e745c37b0f	worker2	PPCC/jug	1	1	9	base	activation	adacd6b8e6556870	adacd6b8e655687061be4515389dfef4ebcca14d8f977dafbe1e6da611057373	lerobot_groot_n15	n15	lerobot_groot_n15__robocasa365_ckpt120000		0	Pick the jug from the counter and place it in the cabinet.	robocasa_panda_omron/PickPlaceCounterToCabinet_PandaOmron_Env	100192	1300009	0	1			5		1	1	0.0	0.0	9	9		Pick the jug from the counter and place it in the cabinet.	0	all_token_full	groot_n15_dit_block_residual_full_tokens_denoise	"[""layer"",""denoise_step"",""model_token"",""feature_dim""]"	[7,4,49,1536]	[0,2,4,8,10,12,15]	n15_grid_v6_scene_jitter	grid_coord	meta	meta_json	77e745c37b0f/worker2/PPCC/jug/s1/j1/n9/base
77e745c37b0f	worker2	PPCC/jug	1	2	0	base	activation	ceece777a8b41f48	ceece777a8b41f48ea2d8d7405ae9f5e575ddacd4ca653a89bc0d8fc65e77eba	lerobot_groot_n15	n15	lerobot_groot_n15__robocasa365_ckpt120000		0	Pick the jug from the counter and place it in the cabinet.	robocasa_panda_omron/PickPlaceCounterToCabinet_PandaOmron_Env	100192	1300000	0	0			5		1	2	0.0	0.0	9	9		Pick the jug from the counter and place it in the cabinet.	0	all_token_full	groot_n15_dit_block_residual_full_tokens_denoise	"[""layer"",""denoise_step"",""model_token"",""feature_dim""]"	[7,4,49,1536]	[0,2,4,8,10,12,15]	n15_grid_v6_scene_jitter	grid_coord	meta	meta_json	77e745c37b0f/worker2/PPCC/jug/s1/j2/n0/base
77e745c37b0f	worker2	PPCC/jug	1	2	1	base	activation	5b755613080798be	5b755613080798bec2e87e36d42b62c9a3b326d1870d2c0fc3a0d535c6164f3c	lerobot_groot_n15	n15	lerobot_groot_n15__robocasa365_ckpt120000		0	Pick the jug from the counter and place it in the cabinet.	robocasa_panda_omron/PickPlaceCounterToCabinet_PandaOmron_Env	100192	1300001	0	0			5		1	2	0.0	0.0	9	9		Pick the jug from the counter and place it in the cabinet.	0	all_token_full	groot_n15_dit_block_residual_full_tokens_denoise	"[""layer"",""denoise_step"",""model_token"",""feature_dim""]"	[7,4,49,1536]	[0,2,4,8,10,12,15]	n15_grid_v6_scene_jitter	grid_coord	meta	meta_json	77e745c37b0f/worker2/PPCC/jug/s1/j2/n1/base
77e745c37b0f	worker2	PPCC/jug	1	2	2	base	activation	4e093ff4f7d12efa	4e093ff4f7d12efa549d217cf07f88bdcb07ef0f5aacdd5154afaf885cf6cb37	lerobot_groot_n15	n15	lerobot_groot_n15__robocasa365_ckpt120000		0	Pick the jug from the counter and place it in the cabinet.	robocasa_panda_omron/PickPlaceCounterToCabinet_PandaOmron_Env	100192	1300002	0	0			5		1	2	0.0	0.0	9	9		Pick the jug from the counter and place it in the cabinet.	0	all_token_full	groot_n15_dit_block_residual_full_tokens_denoise	"[""layer"",""denoise_step"",""model_token"",""feature_dim""]"	[7,4,49,1536]	[0,2,4,8,10,12,15]	n15_grid_v6_scene_jitter	grid_coord	meta	meta_json	77e745c37b0f/worker2/PPCC/jug/s1/j2/n2/base
77e745c37b0f	worker2	PPCC/jug	1	2	3	base	activation	2ae390042729e33f	2ae390042729e33f360bc6ae8806e25064503134bef6c83d633791b406a0b007	lerobot_groot_n15	n15	lerobot_groot_n15__robocasa365_ckpt120000		0	Pick the jug from the counter and place it in the cabinet.	robocasa_panda_omron/PickPlaceCounterToCabinet_PandaOmron_Env	100192	1300003	0	0			5		1	2	0.0	0.0	9	9		Pick the jug from the counter and place it in the cabinet.	0	all_token_full	groot_n15_dit_block_residual_full_tokens_denoise	"[""layer"",""denoise_step"",""model_token"",""feature_dim""]"	[7,4,49,1536]	[0,2,4,8,10,12,15]	n15_grid_v6_scene_jitter	grid_coord	meta	meta_json	77e745c37b0f/worker2/PPCC/jug/s1/j2/n3/base
77e745c37b0f	worker2	PPCC/jug	1	2	4	base	activation	eb2761e9b0522bf8	eb2761e9b0522bf887e465e37a73d527f654cf9c48c8213e4c6b4c7deee87edc	lerobot_groot_n15	n15	lerobot_groot_n15__robocasa365_ckpt120000		0	Pick the jug from the counter and place it in the cabinet.	robocasa_panda_omron/PickPlaceCounterToCabinet_PandaOmron_Env	100192	1300004	0	0			5		1	2	0.0	0.0	9	9		Pick the jug from the counter and place it in the cabinet.	0	all_token_full	groot_n15_dit_block_residual_full_tokens_denoise	"[""layer"",""denoise_step"",""model_token"",""feature_dim""]"	[7,4,49,1536]	[0,2,4,8,10,12,15]	n15_grid_v6_scene_jitter	grid_coord	meta	meta_json	77e745c37b0f/worker2/PPCC/jug/s1/j2/n4/base
77e745c37b0f	worker2	PPCC/jug	1	2	5	base	activation	639b02985860a105	639b02985860a10564b0b1313237ec3a427b6d1ae49a54ddffdc6c5076b58d29	lerobot_groot_n15	n15	lerobot_groot_n15__robocasa365_ckpt120000		0	Pick the jug from the counter and place it in the cabinet.	robocasa_panda_omron/PickPlaceCounterToCabinet_PandaOmron_Env	100192	1300005	0	0			5		1	2	0.0	0.0	9	9		Pick the jug from the counter and place it in the cabinet.	0	all_token_full	groot_n15_dit_block_residual_full_tokens_denoise	"[""layer"",""denoise_step"",""model_token"",""feature_dim""]"	[7,4,49,1536]	[0,2,4,8,10,12,15]	n15_grid_v6_scene_jitter	grid_coord	meta	meta_json	77e745c37b0f/worker2/PPCC/jug/s1/j2/n5/base
77e745c37b0f	worker2	PPCC/jug	1	2	6	base	activation	acf74948076ae136	acf74948076ae1364e5965c8f43138554f7cd418cc99679ba7c015c44e69959e	lerobot_groot_n15	n15	lerobot_groot_n15__robocasa365_ckpt120000		0	Pick the jug from the counter and place it in the cabinet.	robocasa_panda_omron/PickPlaceCounterToCabinet_PandaOmron_Env	100192	1300006	0	0			5		1	2	0.0	0.0	9	9		Pick the jug from the counter and place it in the cabinet.	0	all_token_full	groot_n15_dit_block_residual_full_tokens_denoise	"[""layer"",""denoise_step"",""model_token"",""feature_dim""]"	[7,4,49,1536]	[0,2,4,8,10,12,15]	n15_grid_v6_scene_jitter	grid_coord	meta	meta_json	77e745c37b0f/worker2/PPCC/jug/s1/j2/n6/base
77e745c37b0f	worker2	PPCC/jug	1	2	7	base	activation	96a97d2707a7c288	96a97d2707a7c28857f9761925af15aace0028c37d80ff402a9e12e85d2a2de2	lerobot_groot_n15	n15	lerobot_groot_n15__robocasa365_ckpt120000		0	Pick the jug from the counter and place it in the cabinet.	robocasa_panda_omron/PickPlaceCounterToCabinet_PandaOmron_Env	100192	1300007	0	0			5		1	2	0.0	0.0	9	9		Pick the jug from the counter and place it in the cabinet.	0	all_token_full	groot_n15_dit_block_residual_full_tokens_denoise	"[""layer"",""denoise_step"",""model_token"",""feature_dim""]"	[7,4,49,1536]	[0,2,4,8,10,12,15]	n15_grid_v6_scene_jitter	grid_coord	meta	meta_json	77e745c37b0f/worker2/PPCC/jug/s1/j2/n7/base
77e745c37b0f	worker2	PPCC/jug	1	2	8	base	activation	ddeceffe1c54c47f	ddeceffe1c54c47f3c660fd04d6b3ba261eb72b6e34aba2a3d0536d5ce26a130	lerobot_groot_n15	n15	lerobot_groot_n15__robocasa365_ckpt120000		0	Pick the jug from the counter and place it in the cabinet.	robocasa_panda_omron/PickPlaceCounterToCabinet_PandaOmron_Env	100192	1300008	0	0			5		1	2	0.0	0.0	9	9		Pick the jug from the counter and place it in the cabinet.	0	all_token_full	groot_n15_dit_block_residual_full_tokens_denoise	"[""layer"",""denoise_step"",""model_token"",""feature_dim""]"	[7,4,49,1536]	[0,2,4,8,10,12,15]	n15_grid_v6_scene_jitter	grid_coord	meta	meta_json	77e745c37b0f/worker2/PPCC/jug/s1/j2/n8/base
77e745c37b0f	worker2	PPCC/jug	1	2	9	base	activation	d36fd57966c023a3	d36fd57966c023a36a08012701faca1b5c586d04e80cb93feca10e1f83e07489	lerobot_groot_n15	n15	lerobot_groot_n15__robocasa365_ckpt120000		0	Pick the jug from the counter and place it in the cabinet.	robocasa_panda_omron/PickPlaceCounterToCabinet_PandaOmron_Env	100192	1300009	0	0			5		1	2	0.0	0.0	9	9		Pick the jug from the counter and place it in the cabinet.	0	all_token_full	groot_n15_dit_block_residual_full_tokens_denoise	"[""layer"",""denoise_step"",""model_token"",""feature_dim""]"	[7,4,49,1536]	[0,2,4,8,10,12,15]	n15_grid_v6_scene_jitter	grid_coord	meta	meta_json	77e745c37b0f/worker2/PPCC/jug/s1/j2/n9/base
77e745c37b0f	worker2	PPCC/jug	1	3	0	base	activation	6ea06b8e019a1fd0	6ea06b8e019a1fd0469cc30b75f147c3120c23b9428f1d48d466538b4f903625	lerobot_groot_n15	n15	lerobot_groot_n15__robocasa365_ckpt120000		0	Pick the jug from the counter and place it in the cabinet.	robocasa_panda_omron/PickPlaceCounterToCabinet_PandaOmron_Env	100192	1300000	0	1			5		1	3	0.0	0.0	9	9		Pick the jug from the counter and place it in the cabinet.	0	all_token_full	groot_n15_dit_block_residual_full_tokens_denoise	"[""layer"",""denoise_step"",""model_token"",""feature_dim""]"	[7,4,49,1536]	[0,2,4,8,10,12,15]	n15_grid_v6_scene_jitter	grid_coord	meta	meta_json	77e745c37b0f/worker2/PPCC/jug/s1/j3/n0/base
77e745c37b0f	worker2	PPCC/jug	1	3	1	base	activation	f643a2913e9ffb05	f643a2913e9ffb0552e86fb15083794893a32c8e049d3230f5f1c6095c2843b5	lerobot_groot_n15	n15	lerobot_groot_n15__robocasa365_ckpt120000		0	Pick the jug from the counter and place it in the cabinet.	robocasa_panda_omron/PickPlaceCounterToCabinet_PandaOmron_Env	100192	1300001	0	1			5		1	3	0.0	0.0	9	9		Pick the jug from the counter and place it in the cabinet.	0	all_token_full	groot_n15_dit_block_residual_full_tokens_denoise	"[""layer"",""denoise_step"",""model_token"",""feature_dim""]"	[7,4,49,1536]	[0,2,4,8,10,12,15]	n15_grid_v6_scene_jitter	grid_coord	meta	meta_json	77e745c37b0f/worker2/PPCC/jug/s1/j3/n1/base
77e745c37b0f	worker2	PPCC/jug	1	3	2	base	activation	1107fc56d1bd643e	1107fc56d1bd643ea303abbde2d09f7a989366113c9fe267b999e4cc7b12fc0e	lerobot_groot_n15	n15	lerobot_groot_n15__robocasa365_ckpt120000		0	Pick the jug from the counter and place it in the cabinet.	robocasa_panda_omron/PickPlaceCounterToCabinet_PandaOmron_Env	100192	1300002	0	0			5		1	3	0.0	0.0	9	9		Pick the jug from the counter and place it in the cabinet.	0	all_token_full	groot_n15_dit_block_residual_full_tokens_denoise	"[""layer"",""denoise_step"",""model_token"",""feature_dim""]"	[7,4,49,1536]	[0,2,4,8,10,12,15]	n15_grid_v6_scene_jitter	grid_coord	meta	meta_json	77e745c37b0f/worker2/PPCC/jug/s1/j3/n2/base
77e745c37b0f	worker2	PPCC/jug	1	3	3	base	activation	36c109df4f797366	36c109df4f797366d2beecd09b1b2807e183f1102afdeada28abf7127a9e40f5	lerobot_groot_n15	n15	lerobot_groot_n15__robocasa365_ckpt120000		0	Pick the jug from the counter and place it in the cabinet.	robocasa_panda_omron/PickPlaceCounterToCabinet_PandaOmron_Env	100192	1300003	0	0			5		1	3	0.0	0.0	9	9		Pick the jug from the counter and place it in the cabinet.	0	all_token_full	groot_n15_dit_block_residual_full_tokens_denoise	"[""layer"",""denoise_step"",""model_token"",""feature_dim""]"	[7,4,49,1536]	[0,2,4,8,10,12,15]	n15_grid_v6_scene_jitter	grid_coord	meta	meta_json	77e745c37b0f/worker2/PPCC/jug/s1/j3/n3/base
77e745c37b0f	worker2	PPCC/jug	1	3	4	base	activation	fb112b464bf5cee5	fb112b464bf5cee51c7ea1b980a6cae5136d3a331b2a72e703a0d3f6ba988202	lerobot_groot_n15	n15	lerobot_groot_n15__robocasa365_ckpt120000		0	Pick the jug from the counter and place it in the cabinet.	robocasa_panda_omron/PickPlaceCounterToCabinet_PandaOmron_Env	100192	1300004	0	1			5		1	3	0.0	0.0	9	9		Pick the jug from the counter and place it in the cabinet.	0	all_token_full	groot_n15_dit_block_residual_full_tokens_denoise	"[""layer"",""denoise_step"",""model_token"",""feature_dim""]"	[7,4,49,1536]	[0,2,4,8,10,12,15]	n15_grid_v6_scene_jitter	grid_coord	meta	meta_json	77e745c37b0f/worker2/PPCC/jug/s1/j3/n4/base
77e745c37b0f	worker2	PPCC/jug	1	3	5	base	activation	47574fd7738d2689	47574fd7738d2689f3464b51034a032164e35ee1804b09a58f1a1a1109d37502	lerobot_groot_n15	n15	lerobot_groot_n15__robocasa365_ckpt120000		0	Pick the jug from the counter and place it in the cabinet.	robocasa_panda_omron/PickPlaceCounterToCabinet_PandaOmron_Env	100192	1300005	0	1			5		1	3	0.0	0.0	9	9		Pick the jug from the counter and place it in the cabinet.	0	all_token_full	groot_n15_dit_block_residual_full_tokens_denoise	"[""layer"",""denoise_step"",""model_token"",""feature_dim""]"	[7,4,49,1536]	[0,2,4,8,10,12,15]	n15_grid_v6_scene_jitter	grid_coord	meta	meta_json	77e745c37b0f/worker2/PPCC/jug/s1/j3/n5/base
77e745c37b0f	worker2	PPCC/jug	1	3	6	base	activation	12358e6d190fe66e	12358e6d190fe66e75addb9ba090da92149feb441b3ace37fdf65a4f7a745456	lerobot_groot_n15	n15	lerobot_groot_n15__robocasa365_ckpt120000		0	Pick the jug from the counter and place it in the cabinet.	robocasa_panda_omron/PickPlaceCounterToCabinet_PandaOmron_Env	100192	1300006	0	0			5		1	3	0.0	0.0	9	9		Pick the jug from the counter and place it in the cabinet.	0	all_token_full	groot_n15_dit_block_residual_full_tokens_denoise	"[""layer"",""denoise_step"",""model_token"",""feature_dim""]"	[7,4,49,1536]	[0,2,4,8,10,12,15]	n15_grid_v6_scene_jitter	grid_coord	meta	meta_json	77e745c37b0f/worker2/PPCC/jug/s1/j3/n6/base
77e745c37b0f	worker2	PPCC/jug	1	3	7	base	activation	a1b7de12430fbb95	a1b7de12430fbb95d1cdc5a5dd37084997ebc816bf381e6b5f7b83caa85a294e	lerobot_groot_n15	n15	lerobot_groot_n15__robocasa365_ckpt120000		0	Pick the jug from the counter and place it in the cabinet.	robocasa_panda_omron/PickPlaceCounterToCabinet_PandaOmron_Env	100192	1300007	0	0			5		1	3	0.0	0.0	9	9		Pick the jug from the counter and place it in the cabinet.	0	all_token_full	groot_n15_dit_block_residual_full_tokens_denoise	"[""layer"",""denoise_step"",""model_token"",""feature_dim""]"	[7,4,49,1536]	[0,2,4,8,10,12,15]	n15_grid_v6_scene_jitter	grid_coord	meta	meta_json	77e745c37b0f/worker2/PPCC/jug/s1/j3/n7/base
77e745c37b0f	worker2	PPCC/jug	1	3	8	base	activation	551ecced36915785	551ecced369157852724a5e0c7813fa44399e21e9cb890ec2f8f58f3085393ca	lerobot_groot_n15	n15	lerobot_groot_n15__robocasa365_ckpt120000		0	Pick the jug from the counter and place it in the cabinet.	robocasa_panda_omron/PickPlaceCounterToCabinet_PandaOmron_Env	100192	1300008	0	1			5		1	3	0.0	0.0	9	9		Pick the jug from the counter and place it in the cabinet.	0	all_token_full	groot_n15_dit_block_residual_full_tokens_denoise	"[""layer"",""denoise_step"",""model_token"",""feature_dim""]"	[7,4,49,1536]	[0,2,4,8,10,12,15]	n15_grid_v6_scene_jitter	grid_coord	meta	meta_json	77e745c37b0f/worker2/PPCC/jug/s1/j3/n8/base
77e745c37b0f	worker2	PPCC/jug	1	3	9	base	activation	73ce2742099eab1d	73ce2742099eab1dbe486d5b5189081457360fb8300ca25beadd8e1308f6b722	lerobot_groot_n15	n15	lerobot_groot_n15__robocasa365_ckpt120000		0	Pick the jug from the counter and place it in the cabinet.	robocasa_panda_omron/PickPlaceCounterToCabinet_PandaOmron_Env	100192	1300009	0	0			5		1	3	0.0	0.0	9	9		Pick the jug from the counter and place it in the cabinet.	0	all_token_full	groot_n15_dit_block_residual_full_tokens_denoise	"[""layer"",""denoise_step"",""model_token"",""feature_dim""]"	[7,4,49,1536]	[0,2,4,8,10,12,15]	n15_grid_v6_scene_jitter	grid_coord	meta	meta_json	77e745c37b0f/worker2/PPCC/jug/s1/j3/n9/base
77e745c37b0f	worker2	PPCC/jug	1	4	0	base	activation	6f0613ead7a6b1ec	6f0613ead7a6b1ecc19f6833fcfef8624f01865e4c69aad457a3a50b0c25ac14	lerobot_groot_n15	n15	lerobot_groot_n15__robocasa365_ckpt120000		0	Pick the jug from the counter and place it in the cabinet.	robocasa_panda_omron/PickPlaceCounterToCabinet_PandaOmron_Env	100192	1300000	0	1			5		1	4	0.0	0.0	9	9		Pick the jug from the counter and place it in the cabinet.	0	all_token_full	groot_n15_dit_block_residual_full_tokens_denoise	"[""layer"",""denoise_step"",""model_token"",""feature_dim""]"	[7,4,49,1536]	[0,2,4,8,10,12,15]	n15_grid_v6_scene_jitter	grid_coord	meta	meta_json	77e745c37b0f/worker2/PPCC/jug/s1/j4/n0/base
77e745c37b0f	worker2	PPCC/jug	1	4	1	base	activation	880f9acb6c1ed967	880f9acb6c1ed9673bb86fca25a31a492a4397051ae41e3120ea5abca2f33d88	lerobot_groot_n15	n15	lerobot_groot_n15__robocasa365_ckpt120000		0	Pick the jug from the counter and place it in the cabinet.	robocasa_panda_omron/PickPlaceCounterToCabinet_PandaOmron_Env	100192	1300001	0	1			5		1	4	0.0	0.0	9	9		Pick the jug from the counter and place it in the cabinet.	0	all_token_full	groot_n15_dit_block_residual_full_tokens_denoise	"[""layer"",""denoise_step"",""model_token"",""feature_dim""]"	[7,4,49,1536]	[0,2,4,8,10,12,15]	n15_grid_v6_scene_jitter	grid_coord	meta	meta_json	77e745c37b0f/worker2/PPCC/jug/s1/j4/n1/base
77e745c37b0f	worker2	PPCC/jug	1	4	2	base	activation	0c3085d509fb8269	0c3085d509fb82697ba1b571dd3381321b5e65161a6d88e3aab2c9ffbf81b540	lerobot_groot_n15	n15	lerobot_groot_n15__robocasa365_ckpt120000		0	Pick the jug from the counter and place it in the cabinet.	robocasa_panda_omron/PickPlaceCounterToCabinet_PandaOmron_Env	100192	1300002	0	1			5		1	4	0.0	0.0	9	9		Pick the jug from the counter and place it in the cabinet.	0	all_token_full	groot_n15_dit_block_residual_full_tokens_denoise	"[""layer"",""denoise_step"",""model_token"",""feature_dim""]"	[7,4,49,1536]	[0,2,4,8,10,12,15]	n15_grid_v6_scene_jitter	grid_coord	meta	meta_json	77e745c37b0f/worker2/PPCC/jug/s1/j4/n2/base
77e745c37b0f	worker2	PPCC/jug	1	4	3	base	activation	e62f54669377a956	e62f54669377a9560811513caee20d59a3557f5967aea4c8e014ecd9a6315c3c	lerobot_groot_n15	n15	lerobot_groot_n15__robocasa365_ckpt120000		0	Pick the jug from the counter and place it in the cabinet.	robocasa_panda_omron/PickPlaceCounterToCabinet_PandaOmron_Env	100192	1300003	0	1			5		1	4	0.0	0.0	9	9		Pick the jug from the counter and place it in the cabinet.	0	all_token_full	groot_n15_dit_block_residual_full_tokens_denoise	"[""layer"",""denoise_step"",""model_token"",""feature_dim""]"	[7,4,49,1536]	[0,2,4,8,10,12,15]	n15_grid_v6_scene_jitter	grid_coord	meta	meta_json	77e745c37b0f/worker2/PPCC/jug/s1/j4/n3/base
77e745c37b0f	worker2	PPCC/jug	1	4	4	base	activation	80ce7c51ccf048f5	80ce7c51ccf048f560853f18bbc84f86e1cf8ebdd96bd45080e6d5de1a767606	lerobot_groot_n15	n15	lerobot_groot_n15__robocasa365_ckpt120000		0	Pick the jug from the counter and place it in the cabinet.	robocasa_panda_omron/PickPlaceCounterToCabinet_PandaOmron_Env	100192	1300004	0	1			5		1	4	0.0	0.0	9	9		Pick the jug from the counter and place it in the cabinet.	0	all_token_full	groot_n15_dit_block_residual_full_tokens_denoise	"[""layer"",""denoise_step"",""model_token"",""feature_dim""]"	[7,4,49,1536]	[0,2,4,8,10,12,15]	n15_grid_v6_scene_jitter	grid_coord	meta	meta_json	77e745c37b0f/worker2/PPCC/jug/s1/j4/n4/base
77e745c37b0f	worker2	PPCC/jug	1	4	5	base	activation	83385f0e315245b9	83385f0e315245b9ac45fa5a948ebf39d915aa681c822b3dc45b6d7a577eb8c3	lerobot_groot_n15	n15	lerobot_groot_n15__robocasa365_ckpt120000		0	Pick the jug from the counter and place it in the cabinet.	robocasa_panda_omron/PickPlaceCounterToCabinet_PandaOmron_Env	100192	1300005	0	0			5		1	4	0.0	0.0	9	9		Pick the jug from the counter and place it in the cabinet.	0	all_token_full	groot_n15_dit_block_residual_full_tokens_denoise	"[""layer"",""denoise_step"",""model_token"",""feature_dim""]"	[7,4,49,1536]	[0,2,4,8,10,12,15]	n15_grid_v6_scene_jitter	grid_coord	meta	meta_json	77e745c37b0f/worker2/PPCC/jug/s1/j4/n5/base
77e745c37b0f	worker2	PPCC/jug	1	4	6	base	activation	5a867b3c0a338029	5a867b3c0a3380291cfc3a40da91072d2f8c847d20193f382082f37544b4a0be	lerobot_groot_n15	n15	lerobot_groot_n15__robocasa365_ckpt120000		0	Pick the jug from the counter and place it in the cabinet.	robocasa_panda_omron/PickPlaceCounterToCabinet_PandaOmron_Env	100192	1300006	0	1			5		1	4	0.0	0.0	9	9		Pick the jug from the counter and place it in the cabinet.	0	all_token_full	groot_n15_dit_block_residual_full_tokens_denoise	"[""layer"",""denoise_step"",""model_token"",""feature_dim""]"	[7,4,49,1536]	[0,2,4,8,10,12,15]	n15_grid_v6_scene_jitter	grid_coord	meta	meta_json	77e745c37b0f/worker2/PPCC/jug/s1/j4/n6/base
77e745c37b0f	worker2	PPCC/jug	1	4	7	base	activation	8ae6b02e209047fa	8ae6b02e209047fa8bc344af68f47489e332a7c7b680b17ec5d89330098e4217	lerobot_groot_n15	n15	lerobot_groot_n15__robocasa365_ckpt120000		0	Pick the jug from the counter and place it in the cabinet.	robocasa_panda_omron/PickPlaceCounterToCabinet_PandaOmron_Env	100192	1300007	0	0			5		1	4	0.0	0.0	9	9		Pick the jug from the counter and place it in the cabinet.	0	all_token_full	groot_n15_dit_block_residual_full_tokens_denoise	"[""layer"",""denoise_step"",""model_token"",""feature_dim""]"	[7,4,49,1536]	[0,2,4,8,10,12,15]	n15_grid_v6_scene_jitter	grid_coord	meta	meta_json	77e745c37b0f/worker2/PPCC/jug/s1/j4/n7/base
77e745c37b0f	worker2	PPCC/jug	1	4	8	base	activation	8f0b27c1106d3f4b	8f0b27c1106d3f4bc039012fb2d6611d5aa79eaa444f1ea89c8c6525026492a4	lerobot_groot_n15	n15	lerobot_groot_n15__robocasa365_ckpt120000		0	Pick the jug from the counter and place it in the cabinet.	robocasa_panda_omron/PickPlaceCounterToCabinet_PandaOmron_Env	100192	1300008	0	0			5		1	4	0.0	0.0	9	9		Pick the jug from the counter and place it in the cabinet.	0	all_token_full	groot_n15_dit_block_residual_full_tokens_denoise	"[""layer"",""denoise_step"",""model_token"",""feature_dim""]"	[7,4,49,1536]	[0,2,4,8,10,12,15]	n15_grid_v6_scene_jitter	grid_coord	meta	meta_json	77e745c37b0f/worker2/PPCC/jug/s1/j4/n8/base
77e745c37b0f	worker2	PPCC/jug	1	4	9	base	activation	061331347ca5d72b	061331347ca5d72bab6a7ff1547b1aaa7d749b9066af27c46cfc2157e9c2535e	lerobot_groot_n15	n15	lerobot_groot_n15__robocasa365_ckpt120000		0	Pick the jug from the counter and place it in the cabinet.	robocasa_panda_omron/PickPlaceCounterToCabinet_PandaOmron_Env	100192	1300009	0	0			5		1	4	0.0	0.0	9	9		Pick the jug from the counter and place it in the cabinet.	0	all_token_full	groot_n15_dit_block_residual_full_tokens_denoise	"[""layer"",""denoise_step"",""model_token"",""feature_dim""]"	[7,4,49,1536]	[0,2,4,8,10,12,15]	n15_grid_v6_scene_jitter	grid_coord	meta	meta_json	77e745c37b0f/worker2/PPCC/jug/s1/j4/n9/base
