plan_id	machine	grid_instruction	scene_idx	jitter_idx	noise_idx	armsig	kind	sig	pkl_sha256	model	version	ckpt	task	task_id	instruction	env_name	env_seed	inference_seed	episode_idx	success	steps	n_inferences	n_action_steps	chunk_len	has_pkl	jitter_reset_idx	base_lat	base_back	layout_id	style_id	side	lang	legacy	capture_token_mode	feature_kind	feature_axes	record_shape	capture_layers	plan_name	machine_source	ckpt_source	meta_source	rel_path
375e3c46c962	kanu	CoffeeSetupMug	0	0	0	base	activation	edf10970700a9066	edf10970700a90662f7bfdcd1b5025aec92ff8eb3621fd25b3794bf441f7a856	lerobot_groot_n15	n15	lerobot_groot_n15__robocasa365_ckpt120000		0	Pick the mug from the counter and place it under the coffee machine dispenser.	robocasa_panda_omron/CoffeeSetupMug_PandaOmron_Env	100124	1300000	0	1			5		1	0	0.0	0.0	4	4		Pick the mug from the counter and place it under the coffee machine dispenser.	0	all_token_full	groot_n15_dit_block_residual_full_tokens_denoise	["layer","denoise_step","model_token","feature_dim"]	[7,4,49,1536]	[0,2,4,8,10,12,15]	n15_grid_v6_scene_jitter	grid_coord	meta	meta_json	375e3c46c962/kanu/CoffeeSetupMug/s0/j0/n0/base
375e3c46c962	kanu	CoffeeSetupMug	0	0	1	base	activation	dc73d1e6ab763068	dc73d1e6ab76306877ec3935c0b5193b13159ef6cc9d0ddf643f4e6854a16251	lerobot_groot_n15	n15	lerobot_groot_n15__robocasa365_ckpt120000		0	Pick the mug from the counter and place it under the coffee machine dispenser.	robocasa_panda_omron/CoffeeSetupMug_PandaOmron_Env	100124	1300001	0	0			5		1	0	0.0	0.0	4	4		Pick the mug from the counter and place it under the coffee machine dispenser.	0	all_token_full	groot_n15_dit_block_residual_full_tokens_denoise	["layer","denoise_step","model_token","feature_dim"]	[7,4,49,1536]	[0,2,4,8,10,12,15]	n15_grid_v6_scene_jitter	grid_coord	meta	meta_json	375e3c46c962/kanu/CoffeeSetupMug/s0/j0/n1/base
375e3c46c962	kanu	CoffeeSetupMug	0	0	2	base	activation	b1e9d7351dbfbac3	b1e9d7351dbfbac35ed1501fbc04371c0dec870c89783aa08c7ee4a7ac1b291b	lerobot_groot_n15	n15	lerobot_groot_n15__robocasa365_ckpt120000		0	Pick the mug from the counter and place it under the coffee machine dispenser.	robocasa_panda_omron/CoffeeSetupMug_PandaOmron_Env	100124	1300002	0	0			5		1	0	0.0	0.0	4	4		Pick the mug from the counter and place it under the coffee machine dispenser.	0	all_token_full	groot_n15_dit_block_residual_full_tokens_denoise	["layer","denoise_step","model_token","feature_dim"]	[7,4,49,1536]	[0,2,4,8,10,12,15]	n15_grid_v6_scene_jitter	grid_coord	meta	meta_json	375e3c46c962/kanu/CoffeeSetupMug/s0/j0/n2/base
375e3c46c962	kanu	CoffeeSetupMug	0	0	3	base	activation	f2ac11f01eb5fd88	f2ac11f01eb5fd88524d0e6ba7a79eb57e3bf7b6e79633af99dce70f41d6c18d	lerobot_groot_n15	n15	lerobot_groot_n15__robocasa365_ckpt120000		0	Pick the mug from the counter and place it under the coffee machine dispenser.	robocasa_panda_omron/CoffeeSetupMug_PandaOmron_Env	100124	1300003	0	0			5		1	0	0.0	0.0	4	4		Pick the mug from the counter and place it under the coffee machine dispenser.	0	all_token_full	groot_n15_dit_block_residual_full_tokens_denoise	["layer","denoise_step","model_token","feature_dim"]	[7,4,49,1536]	[0,2,4,8,10,12,15]	n15_grid_v6_scene_jitter	grid_coord	meta	meta_json	375e3c46c962/kanu/CoffeeSetupMug/s0/j0/n3/base
375e3c46c962	kanu	CoffeeSetupMug	0	0	4	base	activation	9d56c1610a0d4ebb	9d56c1610a0d4ebbffa9a53050dea4d07c312ec5a2d3b95ab755178296233aa4	lerobot_groot_n15	n15	lerobot_groot_n15__robocasa365_ckpt120000		0	Pick the mug from the counter and place it under the coffee machine dispenser.	robocasa_panda_omron/CoffeeSetupMug_PandaOmron_Env	100124	1300004	0	0			5		1	0	0.0	0.0	4	4		Pick the mug from the counter and place it under the coffee machine dispenser.	0	all_token_full	groot_n15_dit_block_residual_full_tokens_denoise	["layer","denoise_step","model_token","feature_dim"]	[7,4,49,1536]	[0,2,4,8,10,12,15]	n15_grid_v6_scene_jitter	grid_coord	meta	meta_json	375e3c46c962/kanu/CoffeeSetupMug/s0/j0/n4/base
375e3c46c962	kanu	CoffeeSetupMug	0	1	0	base	activation	4ed803652b9bc1fe	4ed803652b9bc1fea6ed9bfb9148109c8d23ae0c6c693426eec2801047cb09eb	lerobot_groot_n15	n15	lerobot_groot_n15__robocasa365_ckpt120000		0	Pick the mug from the counter and place it under the coffee machine dispenser.	robocasa_panda_omron/CoffeeSetupMug_PandaOmron_Env	100124	1300000	0	0			5		1	1	0.0	0.0	4	4		Pick the mug from the counter and place it under the coffee machine dispenser.	0	all_token_full	groot_n15_dit_block_residual_full_tokens_denoise	["layer","denoise_step","model_token","feature_dim"]	[7,4,49,1536]	[0,2,4,8,10,12,15]	n15_grid_v6_scene_jitter	grid_coord	meta	meta_json	375e3c46c962/kanu/CoffeeSetupMug/s0/j1/n0/base
375e3c46c962	kanu	CoffeeSetupMug	0	1	1	base	activation	eecec20509e36d2d	eecec20509e36d2d7054402afcfeaa1b8054a669f969147c555cf5a46cca2abc	lerobot_groot_n15	n15	lerobot_groot_n15__robocasa365_ckpt120000		0	Pick the mug from the counter and place it under the coffee machine dispenser.	robocasa_panda_omron/CoffeeSetupMug_PandaOmron_Env	100124	1300001	0	0			5		1	1	0.0	0.0	4	4		Pick the mug from the counter and place it under the coffee machine dispenser.	0	all_token_full	groot_n15_dit_block_residual_full_tokens_denoise	["layer","denoise_step","model_token","feature_dim"]	[7,4,49,1536]	[0,2,4,8,10,12,15]	n15_grid_v6_scene_jitter	grid_coord	meta	meta_json	375e3c46c962/kanu/CoffeeSetupMug/s0/j1/n1/base
375e3c46c962	kanu	CoffeeSetupMug	0	1	2	base	activation	b150480c85f50016	b150480c85f50016e9c73c429ae29d13597de45b5a150b529f50578e5c9d781e	lerobot_groot_n15	n15	lerobot_groot_n15__robocasa365_ckpt120000		0	Pick the mug from the counter and place it under the coffee machine dispenser.	robocasa_panda_omron/CoffeeSetupMug_PandaOmron_Env	100124	1300002	0	0			5		1	1	0.0	0.0	4	4		Pick the mug from the counter and place it under the coffee machine dispenser.	0	all_token_full	groot_n15_dit_block_residual_full_tokens_denoise	["layer","denoise_step","model_token","feature_dim"]	[7,4,49,1536]	[0,2,4,8,10,12,15]	n15_grid_v6_scene_jitter	grid_coord	meta	meta_json	375e3c46c962/kanu/CoffeeSetupMug/s0/j1/n2/base
375e3c46c962	kanu	CoffeeSetupMug	0	1	3	base	activation	fa8dabf49f368e88	fa8dabf49f368e88902ea084976184225b2ba35afedb98af5766b72ee0a09173	lerobot_groot_n15	n15	lerobot_groot_n15__robocasa365_ckpt120000		0	Pick the mug from the counter and place it under the coffee machine dispenser.	robocasa_panda_omron/CoffeeSetupMug_PandaOmron_Env	100124	1300003	0	0			5		1	1	0.0	0.0	4	4		Pick the mug from the counter and place it under the coffee machine dispenser.	0	all_token_full	groot_n15_dit_block_residual_full_tokens_denoise	["layer","denoise_step","model_token","feature_dim"]	[7,4,49,1536]	[0,2,4,8,10,12,15]	n15_grid_v6_scene_jitter	grid_coord	meta	meta_json	375e3c46c962/kanu/CoffeeSetupMug/s0/j1/n3/base
375e3c46c962	kanu	CoffeeSetupMug	0	1	4	base	activation	1859fbaea0c27e08	1859fbaea0c27e082ad8d776ce1011484d789cc0d0e0c76d2b8c3659db5a9d82	lerobot_groot_n15	n15	lerobot_groot_n15__robocasa365_ckpt120000		0	Pick the mug from the counter and place it under the coffee machine dispenser.	robocasa_panda_omron/CoffeeSetupMug_PandaOmron_Env	100124	1300004	0	0			5		1	1	0.0	0.0	4	4		Pick the mug from the counter and place it under the coffee machine dispenser.	0	all_token_full	groot_n15_dit_block_residual_full_tokens_denoise	["layer","denoise_step","model_token","feature_dim"]	[7,4,49,1536]	[0,2,4,8,10,12,15]	n15_grid_v6_scene_jitter	grid_coord	meta	meta_json	375e3c46c962/kanu/CoffeeSetupMug/s0/j1/n4/base
375e3c46c962	kanu	CoffeeSetupMug	0	2	0	base	activation	1b0703337c044d64	1b0703337c044d648c75b46b8ec5602880c90dac1faeb626ef1c480e04fc0b26	lerobot_groot_n15	n15	lerobot_groot_n15__robocasa365_ckpt120000		0	Pick the mug from the counter and place it under the coffee machine dispenser.	robocasa_panda_omron/CoffeeSetupMug_PandaOmron_Env	100124	1300000	0	0			5		1	2	0.0	0.0	4	4		Pick the mug from the counter and place it under the coffee machine dispenser.	0	all_token_full	groot_n15_dit_block_residual_full_tokens_denoise	["layer","denoise_step","model_token","feature_dim"]	[7,4,49,1536]	[0,2,4,8,10,12,15]	n15_grid_v6_scene_jitter	grid_coord	meta	meta_json	375e3c46c962/kanu/CoffeeSetupMug/s0/j2/n0/base
375e3c46c962	kanu	CoffeeSetupMug	0	2	1	base	activation	ae575684a42ff435	ae575684a42ff4353fa8c2ae719ac23aa51e82055bb110bb1c7ed6a3b33eb8fc	lerobot_groot_n15	n15	lerobot_groot_n15__robocasa365_ckpt120000		0	Pick the mug from the counter and place it under the coffee machine dispenser.	robocasa_panda_omron/CoffeeSetupMug_PandaOmron_Env	100124	1300001	0	0			5		1	2	0.0	0.0	4	4		Pick the mug from the counter and place it under the coffee machine dispenser.	0	all_token_full	groot_n15_dit_block_residual_full_tokens_denoise	["layer","denoise_step","model_token","feature_dim"]	[7,4,49,1536]	[0,2,4,8,10,12,15]	n15_grid_v6_scene_jitter	grid_coord	meta	meta_json	375e3c46c962/kanu/CoffeeSetupMug/s0/j2/n1/base
375e3c46c962	kanu	CoffeeSetupMug	0	2	2	base	activation	5af5a6b3fd140c41	5af5a6b3fd140c41368f9c8d08d925b00756921a72b90a363d2d09054f652e61	lerobot_groot_n15	n15	lerobot_groot_n15__robocasa365_ckpt120000		0	Pick the mug from the counter and place it under the coffee machine dispenser.	robocasa_panda_omron/CoffeeSetupMug_PandaOmron_Env	100124	1300002	0	0			5		1	2	0.0	0.0	4	4		Pick the mug from the counter and place it under the coffee machine dispenser.	0	all_token_full	groot_n15_dit_block_residual_full_tokens_denoise	["layer","denoise_step","model_token","feature_dim"]	[7,4,49,1536]	[0,2,4,8,10,12,15]	n15_grid_v6_scene_jitter	grid_coord	meta	meta_json	375e3c46c962/kanu/CoffeeSetupMug/s0/j2/n2/base
375e3c46c962	kanu	CoffeeSetupMug	0	2	3	base	activation	a5d188728ef83848	a5d188728ef83848a6036d1a5cbceaa80fbed279df2f36e6d4f6d5a3f08a8468	lerobot_groot_n15	n15	lerobot_groot_n15__robocasa365_ckpt120000		0	Pick the mug from the counter and place it under the coffee machine dispenser.	robocasa_panda_omron/CoffeeSetupMug_PandaOmron_Env	100124	1300003	0	0			5		1	2	0.0	0.0	4	4		Pick the mug from the counter and place it under the coffee machine dispenser.	0	all_token_full	groot_n15_dit_block_residual_full_tokens_denoise	["layer","denoise_step","model_token","feature_dim"]	[7,4,49,1536]	[0,2,4,8,10,12,15]	n15_grid_v6_scene_jitter	grid_coord	meta	meta_json	375e3c46c962/kanu/CoffeeSetupMug/s0/j2/n3/base
375e3c46c962	kanu	CoffeeSetupMug	0	2	4	base	activation	13cfd9e2ed63129a	13cfd9e2ed63129a6c5aa82d82a332dce6fe8920aa7ce6423b7efa1f658fe59a	lerobot_groot_n15	n15	lerobot_groot_n15__robocasa365_ckpt120000		0	Pick the mug from the counter and place it under the coffee machine dispenser.	robocasa_panda_omron/CoffeeSetupMug_PandaOmron_Env	100124	1300004	0	0			5		1	2	0.0	0.0	4	4		Pick the mug from the counter and place it under the coffee machine dispenser.	0	all_token_full	groot_n15_dit_block_residual_full_tokens_denoise	["layer","denoise_step","model_token","feature_dim"]	[7,4,49,1536]	[0,2,4,8,10,12,15]	n15_grid_v6_scene_jitter	grid_coord	meta	meta_json	375e3c46c962/kanu/CoffeeSetupMug/s0/j2/n4/base
375e3c46c962	kanu	CoffeeSetupMug	0	3	0	base	activation	3bb7233639a0e010	3bb7233639a0e01010b0084588166b35179d4793fe957cf1fa97a8fe24cfe0a4	lerobot_groot_n15	n15	lerobot_groot_n15__robocasa365_ckpt120000		0	Pick the mug from the counter and place it under the coffee machine dispenser.	robocasa_panda_omron/CoffeeSetupMug_PandaOmron_Env	100124	1300000	0	0			5		1	3	0.0	0.0	4	4		Pick the mug from the counter and place it under the coffee machine dispenser.	0	all_token_full	groot_n15_dit_block_residual_full_tokens_denoise	["layer","denoise_step","model_token","feature_dim"]	[7,4,49,1536]	[0,2,4,8,10,12,15]	n15_grid_v6_scene_jitter	grid_coord	meta	meta_json	375e3c46c962/kanu/CoffeeSetupMug/s0/j3/n0/base
375e3c46c962	kanu	CoffeeSetupMug	0	3	1	base	activation	b2f08c1427354e48	b2f08c1427354e4845be91da9c7b2d8868ed0368e74fb670d449dc7bc9d1684a	lerobot_groot_n15	n15	lerobot_groot_n15__robocasa365_ckpt120000		0	Pick the mug from the counter and place it under the coffee machine dispenser.	robocasa_panda_omron/CoffeeSetupMug_PandaOmron_Env	100124	1300001	0	0			5		1	3	0.0	0.0	4	4		Pick the mug from the counter and place it under the coffee machine dispenser.	0	all_token_full	groot_n15_dit_block_residual_full_tokens_denoise	["layer","denoise_step","model_token","feature_dim"]	[7,4,49,1536]	[0,2,4,8,10,12,15]	n15_grid_v6_scene_jitter	grid_coord	meta	meta_json	375e3c46c962/kanu/CoffeeSetupMug/s0/j3/n1/base
375e3c46c962	kanu	CoffeeSetupMug	0	3	2	base	activation	4a5f157a1f95bd04	4a5f157a1f95bd0460d24c6a2786ff7c93f269f21d61778cbe8eb44ff6153c16	lerobot_groot_n15	n15	lerobot_groot_n15__robocasa365_ckpt120000		0	Pick the mug from the counter and place it under the coffee machine dispenser.	robocasa_panda_omron/CoffeeSetupMug_PandaOmron_Env	100124	1300002	0	0			5		1	3	0.0	0.0	4	4		Pick the mug from the counter and place it under the coffee machine dispenser.	0	all_token_full	groot_n15_dit_block_residual_full_tokens_denoise	["layer","denoise_step","model_token","feature_dim"]	[7,4,49,1536]	[0,2,4,8,10,12,15]	n15_grid_v6_scene_jitter	grid_coord	meta	meta_json	375e3c46c962/kanu/CoffeeSetupMug/s0/j3/n2/base
375e3c46c962	kanu	CoffeeSetupMug	0	3	3	base	activation	e2e041343a0b2f22	e2e041343a0b2f223af48fc18ef0c78e17a47c2a2546f93ba497b8483eb46aa4	lerobot_groot_n15	n15	lerobot_groot_n15__robocasa365_ckpt120000		0	Pick the mug from the counter and place it under the coffee machine dispenser.	robocasa_panda_omron/CoffeeSetupMug_PandaOmron_Env	100124	1300003	0	0			5		1	3	0.0	0.0	4	4		Pick the mug from the counter and place it under the coffee machine dispenser.	0	all_token_full	groot_n15_dit_block_residual_full_tokens_denoise	["layer","denoise_step","model_token","feature_dim"]	[7,4,49,1536]	[0,2,4,8,10,12,15]	n15_grid_v6_scene_jitter	grid_coord	meta	meta_json	375e3c46c962/kanu/CoffeeSetupMug/s0/j3/n3/base
375e3c46c962	kanu	CoffeeSetupMug	0	3	4	base	activation	fbbc8cd69b9deb9c	fbbc8cd69b9deb9cc3b1a6098bdcd2c60400543b7215149add9facc143cb7f35	lerobot_groot_n15	n15	lerobot_groot_n15__robocasa365_ckpt120000		0	Pick the mug from the counter and place it under the coffee machine dispenser.	robocasa_panda_omron/CoffeeSetupMug_PandaOmron_Env	100124	1300004	0	0			5		1	3	0.0	0.0	4	4		Pick the mug from the counter and place it under the coffee machine dispenser.	0	all_token_full	groot_n15_dit_block_residual_full_tokens_denoise	["layer","denoise_step","model_token","feature_dim"]	[7,4,49,1536]	[0,2,4,8,10,12,15]	n15_grid_v6_scene_jitter	grid_coord	meta	meta_json	375e3c46c962/kanu/CoffeeSetupMug/s0/j3/n4/base
375e3c46c962	kanu	CoffeeSetupMug	0	4	0	base	activation	1ad9fa2c85f5eb3f	1ad9fa2c85f5eb3ffe86c71f25fed162d0e09125a1f2f146d3e6118fbbcf8a42	lerobot_groot_n15	n15	lerobot_groot_n15__robocasa365_ckpt120000		0	Pick the mug from the counter and place it under the coffee machine dispenser.	robocasa_panda_omron/CoffeeSetupMug_PandaOmron_Env	100124	1300000	0	0			5		1	4	0.0	0.0	4	4		Pick the mug from the counter and place it under the coffee machine dispenser.	0	all_token_full	groot_n15_dit_block_residual_full_tokens_denoise	["layer","denoise_step","model_token","feature_dim"]	[7,4,49,1536]	[0,2,4,8,10,12,15]	n15_grid_v6_scene_jitter	grid_coord	meta	meta_json	375e3c46c962/kanu/CoffeeSetupMug/s0/j4/n0/base
375e3c46c962	kanu	CoffeeSetupMug	0	4	1	base	activation	a9d98f9d23786074	a9d98f9d23786074a4672adc7ce220c26e740f007bdaad3dbf466d2de5baa479	lerobot_groot_n15	n15	lerobot_groot_n15__robocasa365_ckpt120000		0	Pick the mug from the counter and place it under the coffee machine dispenser.	robocasa_panda_omron/CoffeeSetupMug_PandaOmron_Env	100124	1300001	0	0			5		1	4	0.0	0.0	4	4		Pick the mug from the counter and place it under the coffee machine dispenser.	0	all_token_full	groot_n15_dit_block_residual_full_tokens_denoise	["layer","denoise_step","model_token","feature_dim"]	[7,4,49,1536]	[0,2,4,8,10,12,15]	n15_grid_v6_scene_jitter	grid_coord	meta	meta_json	375e3c46c962/kanu/CoffeeSetupMug/s0/j4/n1/base
375e3c46c962	kanu	CoffeeSetupMug	0	4	2	base	activation	ae903bc00820131f	ae903bc00820131f7431719d7a57e347e966ffcd8b925d11ea61833e11e8f770	lerobot_groot_n15	n15	lerobot_groot_n15__robocasa365_ckpt120000		0	Pick the mug from the counter and place it under the coffee machine dispenser.	robocasa_panda_omron/CoffeeSetupMug_PandaOmron_Env	100124	1300002	0	0			5		1	4	0.0	0.0	4	4		Pick the mug from the counter and place it under the coffee machine dispenser.	0	all_token_full	groot_n15_dit_block_residual_full_tokens_denoise	["layer","denoise_step","model_token","feature_dim"]	[7,4,49,1536]	[0,2,4,8,10,12,15]	n15_grid_v6_scene_jitter	grid_coord	meta	meta_json	375e3c46c962/kanu/CoffeeSetupMug/s0/j4/n2/base
375e3c46c962	kanu	CoffeeSetupMug	0	4	3	base	activation	2ecf772b69e52d50	2ecf772b69e52d508e42bc04dd860b039417e5d9b64eacf5d9c3642c406ade0f	lerobot_groot_n15	n15	lerobot_groot_n15__robocasa365_ckpt120000		0	Pick the mug from the counter and place it under the coffee machine dispenser.	robocasa_panda_omron/CoffeeSetupMug_PandaOmron_Env	100124	1300003	0	0			5		1	4	0.0	0.0	4	4		Pick the mug from the counter and place it under the coffee machine dispenser.	0	all_token_full	groot_n15_dit_block_residual_full_tokens_denoise	["layer","denoise_step","model_token","feature_dim"]	[7,4,49,1536]	[0,2,4,8,10,12,15]	n15_grid_v6_scene_jitter	grid_coord	meta	meta_json	375e3c46c962/kanu/CoffeeSetupMug/s0/j4/n3/base
375e3c46c962	kanu	CoffeeSetupMug	0	4	4	base	activation	c620252a2f9fe053	c620252a2f9fe05309aac180562e1b19c2ae7a60eb949a794e18fa1011c5e4cf	lerobot_groot_n15	n15	lerobot_groot_n15__robocasa365_ckpt120000		0	Pick the mug from the counter and place it under the coffee machine dispenser.	robocasa_panda_omron/CoffeeSetupMug_PandaOmron_Env	100124	1300004	0	0			5		1	4	0.0	0.0	4	4		Pick the mug from the counter and place it under the coffee machine dispenser.	0	all_token_full	groot_n15_dit_block_residual_full_tokens_denoise	["layer","denoise_step","model_token","feature_dim"]	[7,4,49,1536]	[0,2,4,8,10,12,15]	n15_grid_v6_scene_jitter	grid_coord	meta	meta_json	375e3c46c962/kanu/CoffeeSetupMug/s0/j4/n4/base
375e3c46c962	kanu	CoffeeSetupMug	1	0	0	base	activation	a897578379634319	a897578379634319387c9785b5ceff9f009b7281ee8d25bb29704bce2183891e	lerobot_groot_n15	n15	lerobot_groot_n15__robocasa365_ckpt120000		0	Pick the mug from the counter and place it under the coffee machine dispenser.	robocasa_panda_omron/CoffeeSetupMug_PandaOmron_Env	100078	1300000	0	0			5		1	0	0.0	0.0	9	9		Pick the mug from the counter and place it under the coffee machine dispenser.	0	all_token_full	groot_n15_dit_block_residual_full_tokens_denoise	["layer","denoise_step","model_token","feature_dim"]	[7,4,49,1536]	[0,2,4,8,10,12,15]	n15_grid_v6_scene_jitter	grid_coord	meta	meta_json	375e3c46c962/kanu/CoffeeSetupMug/s1/j0/n0/base
375e3c46c962	kanu	CoffeeSetupMug	1	0	1	base	activation	dfc01d9d723fdfcc	dfc01d9d723fdfcc3d8680b2e1ca70b4968774ad9ea2b556e0221834f43bed85	lerobot_groot_n15	n15	lerobot_groot_n15__robocasa365_ckpt120000		0	Pick the mug from the counter and place it under the coffee machine dispenser.	robocasa_panda_omron/CoffeeSetupMug_PandaOmron_Env	100078	1300001	0	0			5		1	0	0.0	0.0	9	9		Pick the mug from the counter and place it under the coffee machine dispenser.	0	all_token_full	groot_n15_dit_block_residual_full_tokens_denoise	["layer","denoise_step","model_token","feature_dim"]	[7,4,49,1536]	[0,2,4,8,10,12,15]	n15_grid_v6_scene_jitter	grid_coord	meta	meta_json	375e3c46c962/kanu/CoffeeSetupMug/s1/j0/n1/base
375e3c46c962	kanu	CoffeeSetupMug	1	0	2	base	activation	210c5b7c76fb6873	210c5b7c76fb6873f7976d5bec8ad4d81d6bebd62a3a542d86607d5f6e11145f	lerobot_groot_n15	n15	lerobot_groot_n15__robocasa365_ckpt120000		0	Pick the mug from the counter and place it under the coffee machine dispenser.	robocasa_panda_omron/CoffeeSetupMug_PandaOmron_Env	100078	1300002	0	0			5		1	0	0.0	0.0	9	9		Pick the mug from the counter and place it under the coffee machine dispenser.	0	all_token_full	groot_n15_dit_block_residual_full_tokens_denoise	["layer","denoise_step","model_token","feature_dim"]	[7,4,49,1536]	[0,2,4,8,10,12,15]	n15_grid_v6_scene_jitter	grid_coord	meta	meta_json	375e3c46c962/kanu/CoffeeSetupMug/s1/j0/n2/base
375e3c46c962	kanu	CoffeeSetupMug	1	0	3	base	activation	c6b0959b5636c218	c6b0959b5636c2183485ed32d70868699b2fceff4d3275f6e4588db9d2cd1056	lerobot_groot_n15	n15	lerobot_groot_n15__robocasa365_ckpt120000		0	Pick the mug from the counter and place it under the coffee machine dispenser.	robocasa_panda_omron/CoffeeSetupMug_PandaOmron_Env	100078	1300003	0	0			5		1	0	0.0	0.0	9	9		Pick the mug from the counter and place it under the coffee machine dispenser.	0	all_token_full	groot_n15_dit_block_residual_full_tokens_denoise	["layer","denoise_step","model_token","feature_dim"]	[7,4,49,1536]	[0,2,4,8,10,12,15]	n15_grid_v6_scene_jitter	grid_coord	meta	meta_json	375e3c46c962/kanu/CoffeeSetupMug/s1/j0/n3/base
375e3c46c962	kanu	CoffeeSetupMug	1	0	4	base	activation	1a97a8cb3822287e	1a97a8cb3822287efdbb79df71d63afa5f2e929e1f396565d3595bdc7f183a2e	lerobot_groot_n15	n15	lerobot_groot_n15__robocasa365_ckpt120000		0	Pick the mug from the counter and place it under the coffee machine dispenser.	robocasa_panda_omron/CoffeeSetupMug_PandaOmron_Env	100078	1300004	0	0			5		1	0	0.0	0.0	9	9		Pick the mug from the counter and place it under the coffee machine dispenser.	0	all_token_full	groot_n15_dit_block_residual_full_tokens_denoise	["layer","denoise_step","model_token","feature_dim"]	[7,4,49,1536]	[0,2,4,8,10,12,15]	n15_grid_v6_scene_jitter	grid_coord	meta	meta_json	375e3c46c962/kanu/CoffeeSetupMug/s1/j0/n4/base
375e3c46c962	kanu	CoffeeSetupMug	1	1	0	base	activation	9cf529c4ffb2f1be	9cf529c4ffb2f1becfa395f461a4821491b2cc40dccad71174db8dd1dd96a8a4	lerobot_groot_n15	n15	lerobot_groot_n15__robocasa365_ckpt120000		0	Pick the mug from the counter and place it under the coffee machine dispenser.	robocasa_panda_omron/CoffeeSetupMug_PandaOmron_Env	100078	1300000	0	0			5		1	1	0.0	0.0	9	9		Pick the mug from the counter and place it under the coffee machine dispenser.	0	all_token_full	groot_n15_dit_block_residual_full_tokens_denoise	["layer","denoise_step","model_token","feature_dim"]	[7,4,49,1536]	[0,2,4,8,10,12,15]	n15_grid_v6_scene_jitter	grid_coord	meta	meta_json	375e3c46c962/kanu/CoffeeSetupMug/s1/j1/n0/base
375e3c46c962	kanu	CoffeeSetupMug	1	1	1	base	activation	9bef827245e00112	9bef827245e00112307da7cc82e8ab8554a9f4ad7e49a96fbe9f6d0fc513346f	lerobot_groot_n15	n15	lerobot_groot_n15__robocasa365_ckpt120000		0	Pick the mug from the counter and place it under the coffee machine dispenser.	robocasa_panda_omron/CoffeeSetupMug_PandaOmron_Env	100078	1300001	0	0			5		1	1	0.0	0.0	9	9		Pick the mug from the counter and place it under the coffee machine dispenser.	0	all_token_full	groot_n15_dit_block_residual_full_tokens_denoise	["layer","denoise_step","model_token","feature_dim"]	[7,4,49,1536]	[0,2,4,8,10,12,15]	n15_grid_v6_scene_jitter	grid_coord	meta	meta_json	375e3c46c962/kanu/CoffeeSetupMug/s1/j1/n1/base
375e3c46c962	kanu	CoffeeSetupMug	1	1	2	base	activation	0f8961a32bec006d	0f8961a32bec006d1038f00118dbdf5da5e8e1a0d995949b55432ad35d820988	lerobot_groot_n15	n15	lerobot_groot_n15__robocasa365_ckpt120000		0	Pick the mug from the counter and place it under the coffee machine dispenser.	robocasa_panda_omron/CoffeeSetupMug_PandaOmron_Env	100078	1300002	0	0			5		1	1	0.0	0.0	9	9		Pick the mug from the counter and place it under the coffee machine dispenser.	0	all_token_full	groot_n15_dit_block_residual_full_tokens_denoise	["layer","denoise_step","model_token","feature_dim"]	[7,4,49,1536]	[0,2,4,8,10,12,15]	n15_grid_v6_scene_jitter	grid_coord	meta	meta_json	375e3c46c962/kanu/CoffeeSetupMug/s1/j1/n2/base
375e3c46c962	kanu	CoffeeSetupMug	1	1	3	base	activation	a718bed6cf761739	a718bed6cf7617399dc0d2c494341f6338a2b5a57d5f155220c24d08d7490f8d	lerobot_groot_n15	n15	lerobot_groot_n15__robocasa365_ckpt120000		0	Pick the mug from the counter and place it under the coffee machine dispenser.	robocasa_panda_omron/CoffeeSetupMug_PandaOmron_Env	100078	1300003	0	0			5		1	1	0.0	0.0	9	9		Pick the mug from the counter and place it under the coffee machine dispenser.	0	all_token_full	groot_n15_dit_block_residual_full_tokens_denoise	["layer","denoise_step","model_token","feature_dim"]	[7,4,49,1536]	[0,2,4,8,10,12,15]	n15_grid_v6_scene_jitter	grid_coord	meta	meta_json	375e3c46c962/kanu/CoffeeSetupMug/s1/j1/n3/base
375e3c46c962	kanu	CoffeeSetupMug	1	1	4	base	activation	d0018e13a35da9cc	d0018e13a35da9cc77c515de20f8af423605c95cb902a6a0bbbaecdc409d40b7	lerobot_groot_n15	n15	lerobot_groot_n15__robocasa365_ckpt120000		0	Pick the mug from the counter and place it under the coffee machine dispenser.	robocasa_panda_omron/CoffeeSetupMug_PandaOmron_Env	100078	1300004	0	0			5		1	1	0.0	0.0	9	9		Pick the mug from the counter and place it under the coffee machine dispenser.	0	all_token_full	groot_n15_dit_block_residual_full_tokens_denoise	["layer","denoise_step","model_token","feature_dim"]	[7,4,49,1536]	[0,2,4,8,10,12,15]	n15_grid_v6_scene_jitter	grid_coord	meta	meta_json	375e3c46c962/kanu/CoffeeSetupMug/s1/j1/n4/base
375e3c46c962	kanu	CoffeeSetupMug	1	2	0	base	activation	2ef9ab21c108e235	2ef9ab21c108e235095b384eafcaed7fd9e2d0d00e20cb1a3cfb98368dfbcaf1	lerobot_groot_n15	n15	lerobot_groot_n15__robocasa365_ckpt120000		0	Pick the mug from the counter and place it under the coffee machine dispenser.	robocasa_panda_omron/CoffeeSetupMug_PandaOmron_Env	100078	1300000	0	0			5		1	2	0.0	0.0	9	9		Pick the mug from the counter and place it under the coffee machine dispenser.	0	all_token_full	groot_n15_dit_block_residual_full_tokens_denoise	["layer","denoise_step","model_token","feature_dim"]	[7,4,49,1536]	[0,2,4,8,10,12,15]	n15_grid_v6_scene_jitter	grid_coord	meta	meta_json	375e3c46c962/kanu/CoffeeSetupMug/s1/j2/n0/base
375e3c46c962	kanu	CoffeeSetupMug	1	2	1	base	activation	a26413de3b84e8a9	a26413de3b84e8a931cc15093fe60ea6bbfd37be1e98acefc6b9382b1d7c864b	lerobot_groot_n15	n15	lerobot_groot_n15__robocasa365_ckpt120000		0	Pick the mug from the counter and place it under the coffee machine dispenser.	robocasa_panda_omron/CoffeeSetupMug_PandaOmron_Env	100078	1300001	0	0			5		1	2	0.0	0.0	9	9		Pick the mug from the counter and place it under the coffee machine dispenser.	0	all_token_full	groot_n15_dit_block_residual_full_tokens_denoise	["layer","denoise_step","model_token","feature_dim"]	[7,4,49,1536]	[0,2,4,8,10,12,15]	n15_grid_v6_scene_jitter	grid_coord	meta	meta_json	375e3c46c962/kanu/CoffeeSetupMug/s1/j2/n1/base
375e3c46c962	kanu	CoffeeSetupMug	1	2	2	base	activation	4e7f56a20d0605f2	4e7f56a20d0605f2bb15c345aa7b72f151a06fce53e45a195416fafbf31a3049	lerobot_groot_n15	n15	lerobot_groot_n15__robocasa365_ckpt120000		0	Pick the mug from the counter and place it under the coffee machine dispenser.	robocasa_panda_omron/CoffeeSetupMug_PandaOmron_Env	100078	1300002	0	0			5		1	2	0.0	0.0	9	9		Pick the mug from the counter and place it under the coffee machine dispenser.	0	all_token_full	groot_n15_dit_block_residual_full_tokens_denoise	["layer","denoise_step","model_token","feature_dim"]	[7,4,49,1536]	[0,2,4,8,10,12,15]	n15_grid_v6_scene_jitter	grid_coord	meta	meta_json	375e3c46c962/kanu/CoffeeSetupMug/s1/j2/n2/base
375e3c46c962	kanu	CoffeeSetupMug	1	2	3	base	activation	580e44c2686acdac	580e44c2686acdacda0a7715c9d8ad02abf8f13ca4e952ef92c05932794305a8	lerobot_groot_n15	n15	lerobot_groot_n15__robocasa365_ckpt120000		0	Pick the mug from the counter and place it under the coffee machine dispenser.	robocasa_panda_omron/CoffeeSetupMug_PandaOmron_Env	100078	1300003	0	0			5		1	2	0.0	0.0	9	9		Pick the mug from the counter and place it under the coffee machine dispenser.	0	all_token_full	groot_n15_dit_block_residual_full_tokens_denoise	["layer","denoise_step","model_token","feature_dim"]	[7,4,49,1536]	[0,2,4,8,10,12,15]	n15_grid_v6_scene_jitter	grid_coord	meta	meta_json	375e3c46c962/kanu/CoffeeSetupMug/s1/j2/n3/base
375e3c46c962	kanu	CoffeeSetupMug	1	2	4	base	activation	a9cda172ce90f381	a9cda172ce90f381fc92dce9b5d2a4a707cafb652c32f2f70c87ca8fc975df43	lerobot_groot_n15	n15	lerobot_groot_n15__robocasa365_ckpt120000		0	Pick the mug from the counter and place it under the coffee machine dispenser.	robocasa_panda_omron/CoffeeSetupMug_PandaOmron_Env	100078	1300004	0	0			5		1	2	0.0	0.0	9	9		Pick the mug from the counter and place it under the coffee machine dispenser.	0	all_token_full	groot_n15_dit_block_residual_full_tokens_denoise	["layer","denoise_step","model_token","feature_dim"]	[7,4,49,1536]	[0,2,4,8,10,12,15]	n15_grid_v6_scene_jitter	grid_coord	meta	meta_json	375e3c46c962/kanu/CoffeeSetupMug/s1/j2/n4/base
375e3c46c962	kanu	CoffeeSetupMug	1	3	0	base	activation	d4653449222d34d0	d4653449222d34d03bea3d16b93181cc92466b70b24fd9b9db74bb4be3ffa8f5	lerobot_groot_n15	n15	lerobot_groot_n15__robocasa365_ckpt120000		0	Pick the mug from the counter and place it under the coffee machine dispenser.	robocasa_panda_omron/CoffeeSetupMug_PandaOmron_Env	100078	1300000	0	0			5		1	3	0.0	0.0	9	9		Pick the mug from the counter and place it under the coffee machine dispenser.	0	all_token_full	groot_n15_dit_block_residual_full_tokens_denoise	["layer","denoise_step","model_token","feature_dim"]	[7,4,49,1536]	[0,2,4,8,10,12,15]	n15_grid_v6_scene_jitter	grid_coord	meta	meta_json	375e3c46c962/kanu/CoffeeSetupMug/s1/j3/n0/base
375e3c46c962	kanu	CoffeeSetupMug	1	3	1	base	activation	63e1a56579f0e0b5	63e1a56579f0e0b5b7f7ede396050fbb3ab8f7300fdae21b6a1291407a6aa9ec	lerobot_groot_n15	n15	lerobot_groot_n15__robocasa365_ckpt120000		0	Pick the mug from the counter and place it under the coffee machine dispenser.	robocasa_panda_omron/CoffeeSetupMug_PandaOmron_Env	100078	1300001	0	0			5		1	3	0.0	0.0	9	9		Pick the mug from the counter and place it under the coffee machine dispenser.	0	all_token_full	groot_n15_dit_block_residual_full_tokens_denoise	["layer","denoise_step","model_token","feature_dim"]	[7,4,49,1536]	[0,2,4,8,10,12,15]	n15_grid_v6_scene_jitter	grid_coord	meta	meta_json	375e3c46c962/kanu/CoffeeSetupMug/s1/j3/n1/base
375e3c46c962	kanu	CoffeeSetupMug	1	3	2	base	activation	f17e1f5082e82897	f17e1f5082e828976ce9db0edd27d584ece6882cf55adda0d4d847cefca8134f	lerobot_groot_n15	n15	lerobot_groot_n15__robocasa365_ckpt120000		0	Pick the mug from the counter and place it under the coffee machine dispenser.	robocasa_panda_omron/CoffeeSetupMug_PandaOmron_Env	100078	1300002	0	0			5		1	3	0.0	0.0	9	9		Pick the mug from the counter and place it under the coffee machine dispenser.	0	all_token_full	groot_n15_dit_block_residual_full_tokens_denoise	["layer","denoise_step","model_token","feature_dim"]	[7,4,49,1536]	[0,2,4,8,10,12,15]	n15_grid_v6_scene_jitter	grid_coord	meta	meta_json	375e3c46c962/kanu/CoffeeSetupMug/s1/j3/n2/base
375e3c46c962	kanu	CoffeeSetupMug	1	3	3	base	activation	37d6db4a7eeda480	37d6db4a7eeda4807237aeac5b612d7f7713e527e28d3edd36603dfcb29f42bf	lerobot_groot_n15	n15	lerobot_groot_n15__robocasa365_ckpt120000		0	Pick the mug from the counter and place it under the coffee machine dispenser.	robocasa_panda_omron/CoffeeSetupMug_PandaOmron_Env	100078	1300003	0	0			5		1	3	0.0	0.0	9	9		Pick the mug from the counter and place it under the coffee machine dispenser.	0	all_token_full	groot_n15_dit_block_residual_full_tokens_denoise	["layer","denoise_step","model_token","feature_dim"]	[7,4,49,1536]	[0,2,4,8,10,12,15]	n15_grid_v6_scene_jitter	grid_coord	meta	meta_json	375e3c46c962/kanu/CoffeeSetupMug/s1/j3/n3/base
375e3c46c962	kanu	CoffeeSetupMug	1	3	4	base	activation	7d1eddcb0b9feec5	7d1eddcb0b9feec5704c408da569b6d904d468403ab063ef4f369573f6af5276	lerobot_groot_n15	n15	lerobot_groot_n15__robocasa365_ckpt120000		0	Pick the mug from the counter and place it under the coffee machine dispenser.	robocasa_panda_omron/CoffeeSetupMug_PandaOmron_Env	100078	1300004	0	0			5		1	3	0.0	0.0	9	9		Pick the mug from the counter and place it under the coffee machine dispenser.	0	all_token_full	groot_n15_dit_block_residual_full_tokens_denoise	["layer","denoise_step","model_token","feature_dim"]	[7,4,49,1536]	[0,2,4,8,10,12,15]	n15_grid_v6_scene_jitter	grid_coord	meta	meta_json	375e3c46c962/kanu/CoffeeSetupMug/s1/j3/n4/base
375e3c46c962	kanu	CoffeeSetupMug	1	4	0	base	activation	6d8edf1ce7907e8b	6d8edf1ce7907e8baf7f3c2e0c47cb2e7e5ed5ab93220717a5c782a6ce12c465	lerobot_groot_n15	n15	lerobot_groot_n15__robocasa365_ckpt120000		0	Pick the mug from the counter and place it under the coffee machine dispenser.	robocasa_panda_omron/CoffeeSetupMug_PandaOmron_Env	100078	1300000	0	0			5		1	4	0.0	0.0	9	9		Pick the mug from the counter and place it under the coffee machine dispenser.	0	all_token_full	groot_n15_dit_block_residual_full_tokens_denoise	["layer","denoise_step","model_token","feature_dim"]	[7,4,49,1536]	[0,2,4,8,10,12,15]	n15_grid_v6_scene_jitter	grid_coord	meta	meta_json	375e3c46c962/kanu/CoffeeSetupMug/s1/j4/n0/base
375e3c46c962	kanu	CoffeeSetupMug	1	4	1	base	activation	3405dde7ccf4cbc9	3405dde7ccf4cbc9553a2ad63ba09fef52c3c330a736dfe2a413d1d519ab285e	lerobot_groot_n15	n15	lerobot_groot_n15__robocasa365_ckpt120000		0	Pick the mug from the counter and place it under the coffee machine dispenser.	robocasa_panda_omron/CoffeeSetupMug_PandaOmron_Env	100078	1300001	0	0			5		1	4	0.0	0.0	9	9		Pick the mug from the counter and place it under the coffee machine dispenser.	0	all_token_full	groot_n15_dit_block_residual_full_tokens_denoise	["layer","denoise_step","model_token","feature_dim"]	[7,4,49,1536]	[0,2,4,8,10,12,15]	n15_grid_v6_scene_jitter	grid_coord	meta	meta_json	375e3c46c962/kanu/CoffeeSetupMug/s1/j4/n1/base
375e3c46c962	kanu	CoffeeSetupMug	1	4	2	base	activation	b2efeb6478a6d830	b2efeb6478a6d83046d167c53d6a6cc679d978f81ff3c4846c96ff3946ba0006	lerobot_groot_n15	n15	lerobot_groot_n15__robocasa365_ckpt120000		0	Pick the mug from the counter and place it under the coffee machine dispenser.	robocasa_panda_omron/CoffeeSetupMug_PandaOmron_Env	100078	1300002	0	0			5		1	4	0.0	0.0	9	9		Pick the mug from the counter and place it under the coffee machine dispenser.	0	all_token_full	groot_n15_dit_block_residual_full_tokens_denoise	["layer","denoise_step","model_token","feature_dim"]	[7,4,49,1536]	[0,2,4,8,10,12,15]	n15_grid_v6_scene_jitter	grid_coord	meta	meta_json	375e3c46c962/kanu/CoffeeSetupMug/s1/j4/n2/base
375e3c46c962	kanu	CoffeeSetupMug	1	4	3	base	activation	f049e6aa5e43c94d	f049e6aa5e43c94d33f4adcefe46ba56e054d093d547d38cb680439d6b5e1f1e	lerobot_groot_n15	n15	lerobot_groot_n15__robocasa365_ckpt120000		0	Pick the mug from the counter and place it under the coffee machine dispenser.	robocasa_panda_omron/CoffeeSetupMug_PandaOmron_Env	100078	1300003	0	0			5		1	4	0.0	0.0	9	9		Pick the mug from the counter and place it under the coffee machine dispenser.	0	all_token_full	groot_n15_dit_block_residual_full_tokens_denoise	["layer","denoise_step","model_token","feature_dim"]	[7,4,49,1536]	[0,2,4,8,10,12,15]	n15_grid_v6_scene_jitter	grid_coord	meta	meta_json	375e3c46c962/kanu/CoffeeSetupMug/s1/j4/n3/base
375e3c46c962	kanu	CoffeeSetupMug	1	4	4	base	activation	21ef40ee5a4b4af0	21ef40ee5a4b4af0d02c33a93e52acc4c477e66750f5f4efb922b2f0c634ab54	lerobot_groot_n15	n15	lerobot_groot_n15__robocasa365_ckpt120000		0	Pick the mug from the counter and place it under the coffee machine dispenser.	robocasa_panda_omron/CoffeeSetupMug_PandaOmron_Env	100078	1300004	0	0			5		1	4	0.0	0.0	9	9		Pick the mug from the counter and place it under the coffee machine dispenser.	0	all_token_full	groot_n15_dit_block_residual_full_tokens_denoise	["layer","denoise_step","model_token","feature_dim"]	[7,4,49,1536]	[0,2,4,8,10,12,15]	n15_grid_v6_scene_jitter	grid_coord	meta	meta_json	375e3c46c962/kanu/CoffeeSetupMug/s1/j4/n4/base
375e3c46c962	kanu	CoffeeSetupMug	2	0	0	base	activation	962bb4fff72fabee	962bb4fff72fabee40fded7c6cfb9b43b5db13a31cae7c4ef3dcc74d9cb37acd	lerobot_groot_n15	n15	lerobot_groot_n15__robocasa365_ckpt120000		0	Pick the mug from the counter and place it under the coffee machine dispenser.	robocasa_panda_omron/CoffeeSetupMug_PandaOmron_Env	100475	1300000	0	0			5		1	0	0.0	0.0	5	5		Pick the mug from the counter and place it under the coffee machine dispenser.	0	all_token_full	groot_n15_dit_block_residual_full_tokens_denoise	["layer","denoise_step","model_token","feature_dim"]	[7,4,49,1536]	[0,2,4,8,10,12,15]	n15_grid_v6_scene_jitter	grid_coord	meta	meta_json	375e3c46c962/kanu/CoffeeSetupMug/s2/j0/n0/base
375e3c46c962	kanu	CoffeeSetupMug	2	0	1	base	activation	978f9cc09e52b874	978f9cc09e52b874436c3f8b18d03c905e961151c70b0c598591aca51584f8de	lerobot_groot_n15	n15	lerobot_groot_n15__robocasa365_ckpt120000		0	Pick the mug from the counter and place it under the coffee machine dispenser.	robocasa_panda_omron/CoffeeSetupMug_PandaOmron_Env	100475	1300001	0	0			5		1	0	0.0	0.0	5	5		Pick the mug from the counter and place it under the coffee machine dispenser.	0	all_token_full	groot_n15_dit_block_residual_full_tokens_denoise	["layer","denoise_step","model_token","feature_dim"]	[7,4,49,1536]	[0,2,4,8,10,12,15]	n15_grid_v6_scene_jitter	grid_coord	meta	meta_json	375e3c46c962/kanu/CoffeeSetupMug/s2/j0/n1/base
375e3c46c962	kanu	CoffeeSetupMug	2	0	2	base	activation	d60c7ab9c608df5f	d60c7ab9c608df5f07665650b32ae6554d51528fd462e68eaf357ff57682ca2f	lerobot_groot_n15	n15	lerobot_groot_n15__robocasa365_ckpt120000		0	Pick the mug from the counter and place it under the coffee machine dispenser.	robocasa_panda_omron/CoffeeSetupMug_PandaOmron_Env	100475	1300002	0	0			5		1	0	0.0	0.0	5	5		Pick the mug from the counter and place it under the coffee machine dispenser.	0	all_token_full	groot_n15_dit_block_residual_full_tokens_denoise	["layer","denoise_step","model_token","feature_dim"]	[7,4,49,1536]	[0,2,4,8,10,12,15]	n15_grid_v6_scene_jitter	grid_coord	meta	meta_json	375e3c46c962/kanu/CoffeeSetupMug/s2/j0/n2/base
375e3c46c962	kanu	CoffeeSetupMug	2	0	3	base	activation	4fb7d42291e509e6	4fb7d42291e509e618795651f56039fc725c71124ae452d34e7282bfd66d205c	lerobot_groot_n15	n15	lerobot_groot_n15__robocasa365_ckpt120000		0	Pick the mug from the counter and place it under the coffee machine dispenser.	robocasa_panda_omron/CoffeeSetupMug_PandaOmron_Env	100475	1300003	0	0			5		1	0	0.0	0.0	5	5		Pick the mug from the counter and place it under the coffee machine dispenser.	0	all_token_full	groot_n15_dit_block_residual_full_tokens_denoise	["layer","denoise_step","model_token","feature_dim"]	[7,4,49,1536]	[0,2,4,8,10,12,15]	n15_grid_v6_scene_jitter	grid_coord	meta	meta_json	375e3c46c962/kanu/CoffeeSetupMug/s2/j0/n3/base
375e3c46c962	kanu	CoffeeSetupMug	2	0	4	base	activation	9f0f23aaee8a0eb1	9f0f23aaee8a0eb1d3bfe539999004bc3fcaef19dbd6cb410ee163215cc5d976	lerobot_groot_n15	n15	lerobot_groot_n15__robocasa365_ckpt120000		0	Pick the mug from the counter and place it under the coffee machine dispenser.	robocasa_panda_omron/CoffeeSetupMug_PandaOmron_Env	100475	1300004	0	0			5		1	0	0.0	0.0	5	5		Pick the mug from the counter and place it under the coffee machine dispenser.	0	all_token_full	groot_n15_dit_block_residual_full_tokens_denoise	["layer","denoise_step","model_token","feature_dim"]	[7,4,49,1536]	[0,2,4,8,10,12,15]	n15_grid_v6_scene_jitter	grid_coord	meta	meta_json	375e3c46c962/kanu/CoffeeSetupMug/s2/j0/n4/base
375e3c46c962	kanu	CoffeeSetupMug	2	1	0	base	activation	a6524183e1629661	a6524183e16296610784541e76c5537caf7b66c703d7cb4b3bc54afc28c39be5	lerobot_groot_n15	n15	lerobot_groot_n15__robocasa365_ckpt120000		0	Pick the mug from the counter and place it under the coffee machine dispenser.	robocasa_panda_omron/CoffeeSetupMug_PandaOmron_Env	100475	1300000	0	0			5		1	1	0.0	0.0	5	5		Pick the mug from the counter and place it under the coffee machine dispenser.	0	all_token_full	groot_n15_dit_block_residual_full_tokens_denoise	["layer","denoise_step","model_token","feature_dim"]	[7,4,49,1536]	[0,2,4,8,10,12,15]	n15_grid_v6_scene_jitter	grid_coord	meta	meta_json	375e3c46c962/kanu/CoffeeSetupMug/s2/j1/n0/base
375e3c46c962	kanu	CoffeeSetupMug	2	1	1	base	activation	d914b72d5ee3a394	d914b72d5ee3a394c1358686120da0ce27742577dc875704f2257b15e1a258f6	lerobot_groot_n15	n15	lerobot_groot_n15__robocasa365_ckpt120000		0	Pick the mug from the counter and place it under the coffee machine dispenser.	robocasa_panda_omron/CoffeeSetupMug_PandaOmron_Env	100475	1300001	0	0			5		1	1	0.0	0.0	5	5		Pick the mug from the counter and place it under the coffee machine dispenser.	0	all_token_full	groot_n15_dit_block_residual_full_tokens_denoise	["layer","denoise_step","model_token","feature_dim"]	[7,4,49,1536]	[0,2,4,8,10,12,15]	n15_grid_v6_scene_jitter	grid_coord	meta	meta_json	375e3c46c962/kanu/CoffeeSetupMug/s2/j1/n1/base
375e3c46c962	kanu	CoffeeSetupMug	2	1	2	base	activation	d04b632da0537ce1	d04b632da0537ce1e6b26a4c83d03961fff876deaf1ceaea8765bbd0191fc1cc	lerobot_groot_n15	n15	lerobot_groot_n15__robocasa365_ckpt120000		0	Pick the mug from the counter and place it under the coffee machine dispenser.	robocasa_panda_omron/CoffeeSetupMug_PandaOmron_Env	100475	1300002	0	0			5		1	1	0.0	0.0	5	5		Pick the mug from the counter and place it under the coffee machine dispenser.	0	all_token_full	groot_n15_dit_block_residual_full_tokens_denoise	["layer","denoise_step","model_token","feature_dim"]	[7,4,49,1536]	[0,2,4,8,10,12,15]	n15_grid_v6_scene_jitter	grid_coord	meta	meta_json	375e3c46c962/kanu/CoffeeSetupMug/s2/j1/n2/base
375e3c46c962	kanu	CoffeeSetupMug	2	1	3	base	activation	c1da2db49d4259e4	c1da2db49d4259e4dffb3678b5bfe145b7269391a70b8af9a60716540314b53d	lerobot_groot_n15	n15	lerobot_groot_n15__robocasa365_ckpt120000		0	Pick the mug from the counter and place it under the coffee machine dispenser.	robocasa_panda_omron/CoffeeSetupMug_PandaOmron_Env	100475	1300003	0	0			5		1	1	0.0	0.0	5	5		Pick the mug from the counter and place it under the coffee machine dispenser.	0	all_token_full	groot_n15_dit_block_residual_full_tokens_denoise	["layer","denoise_step","model_token","feature_dim"]	[7,4,49,1536]	[0,2,4,8,10,12,15]	n15_grid_v6_scene_jitter	grid_coord	meta	meta_json	375e3c46c962/kanu/CoffeeSetupMug/s2/j1/n3/base
375e3c46c962	kanu	CoffeeSetupMug	2	1	4	base	activation	bb777026c2125c6d	bb777026c2125c6de5d349e5e3d12e49a8351358c39e79ff634199cda4887240	lerobot_groot_n15	n15	lerobot_groot_n15__robocasa365_ckpt120000		0	Pick the mug from the counter and place it under the coffee machine dispenser.	robocasa_panda_omron/CoffeeSetupMug_PandaOmron_Env	100475	1300004	0	0			5		1	1	0.0	0.0	5	5		Pick the mug from the counter and place it under the coffee machine dispenser.	0	all_token_full	groot_n15_dit_block_residual_full_tokens_denoise	["layer","denoise_step","model_token","feature_dim"]	[7,4,49,1536]	[0,2,4,8,10,12,15]	n15_grid_v6_scene_jitter	grid_coord	meta	meta_json	375e3c46c962/kanu/CoffeeSetupMug/s2/j1/n4/base
375e3c46c962	kanu	CoffeeSetupMug	2	2	0	base	activation	52b43408e1869055	52b43408e18690557b684dd87c61904405ff061d35587a1e87e4fad1bfa50013	lerobot_groot_n15	n15	lerobot_groot_n15__robocasa365_ckpt120000		0	Pick the mug from the counter and place it under the coffee machine dispenser.	robocasa_panda_omron/CoffeeSetupMug_PandaOmron_Env	100475	1300000	0	0			5		1	2	0.0	0.0	5	5		Pick the mug from the counter and place it under the coffee machine dispenser.	0	all_token_full	groot_n15_dit_block_residual_full_tokens_denoise	["layer","denoise_step","model_token","feature_dim"]	[7,4,49,1536]	[0,2,4,8,10,12,15]	n15_grid_v6_scene_jitter	grid_coord	meta	meta_json	375e3c46c962/kanu/CoffeeSetupMug/s2/j2/n0/base
375e3c46c962	kanu	CoffeeSetupMug	2	2	1	base	activation	52b78739ae144bdb	52b78739ae144bdb6264ba59dee11530bf149d995b8f36ecff6ff4cd885c125a	lerobot_groot_n15	n15	lerobot_groot_n15__robocasa365_ckpt120000		0	Pick the mug from the counter and place it under the coffee machine dispenser.	robocasa_panda_omron/CoffeeSetupMug_PandaOmron_Env	100475	1300001	0	0			5		1	2	0.0	0.0	5	5		Pick the mug from the counter and place it under the coffee machine dispenser.	0	all_token_full	groot_n15_dit_block_residual_full_tokens_denoise	["layer","denoise_step","model_token","feature_dim"]	[7,4,49,1536]	[0,2,4,8,10,12,15]	n15_grid_v6_scene_jitter	grid_coord	meta	meta_json	375e3c46c962/kanu/CoffeeSetupMug/s2/j2/n1/base
375e3c46c962	kanu	CoffeeSetupMug	2	2	2	base	activation	f2313f70a7c237c9	f2313f70a7c237c991f9843f868bafe58a24817cdb7acd538152961d07c20312	lerobot_groot_n15	n15	lerobot_groot_n15__robocasa365_ckpt120000		0	Pick the mug from the counter and place it under the coffee machine dispenser.	robocasa_panda_omron/CoffeeSetupMug_PandaOmron_Env	100475	1300002	0	0			5		1	2	0.0	0.0	5	5		Pick the mug from the counter and place it under the coffee machine dispenser.	0	all_token_full	groot_n15_dit_block_residual_full_tokens_denoise	["layer","denoise_step","model_token","feature_dim"]	[7,4,49,1536]	[0,2,4,8,10,12,15]	n15_grid_v6_scene_jitter	grid_coord	meta	meta_json	375e3c46c962/kanu/CoffeeSetupMug/s2/j2/n2/base
375e3c46c962	kanu	CoffeeSetupMug	2	2	3	base	activation	9d86b93e09d1980d	9d86b93e09d1980dcfcf0170469f0bc9e1db1e95dab9913abedbfaa75d033aea	lerobot_groot_n15	n15	lerobot_groot_n15__robocasa365_ckpt120000		0	Pick the mug from the counter and place it under the coffee machine dispenser.	robocasa_panda_omron/CoffeeSetupMug_PandaOmron_Env	100475	1300003	0	0			5		1	2	0.0	0.0	5	5		Pick the mug from the counter and place it under the coffee machine dispenser.	0	all_token_full	groot_n15_dit_block_residual_full_tokens_denoise	["layer","denoise_step","model_token","feature_dim"]	[7,4,49,1536]	[0,2,4,8,10,12,15]	n15_grid_v6_scene_jitter	grid_coord	meta	meta_json	375e3c46c962/kanu/CoffeeSetupMug/s2/j2/n3/base
375e3c46c962	kanu	CoffeeSetupMug	2	2	4	base	activation	deb352ded93304e8	deb352ded93304e86f4e24dfe04157136df10c43d21485f272c228b5ffdcf653	lerobot_groot_n15	n15	lerobot_groot_n15__robocasa365_ckpt120000		0	Pick the mug from the counter and place it under the coffee machine dispenser.	robocasa_panda_omron/CoffeeSetupMug_PandaOmron_Env	100475	1300004	0	0			5		1	2	0.0	0.0	5	5		Pick the mug from the counter and place it under the coffee machine dispenser.	0	all_token_full	groot_n15_dit_block_residual_full_tokens_denoise	["layer","denoise_step","model_token","feature_dim"]	[7,4,49,1536]	[0,2,4,8,10,12,15]	n15_grid_v6_scene_jitter	grid_coord	meta	meta_json	375e3c46c962/kanu/CoffeeSetupMug/s2/j2/n4/base
375e3c46c962	kanu	CoffeeSetupMug	2	3	0	base	activation	b02d75e104dd7c38	b02d75e104dd7c38605d012c31abf93322901ddf08b4e6262611c409412f0a13	lerobot_groot_n15	n15	lerobot_groot_n15__robocasa365_ckpt120000		0	Pick the mug from the counter and place it under the coffee machine dispenser.	robocasa_panda_omron/CoffeeSetupMug_PandaOmron_Env	100475	1300000	0	0			5		1	3	0.0	0.0	5	5		Pick the mug from the counter and place it under the coffee machine dispenser.	0	all_token_full	groot_n15_dit_block_residual_full_tokens_denoise	["layer","denoise_step","model_token","feature_dim"]	[7,4,49,1536]	[0,2,4,8,10,12,15]	n15_grid_v6_scene_jitter	grid_coord	meta	meta_json	375e3c46c962/kanu/CoffeeSetupMug/s2/j3/n0/base
375e3c46c962	kanu	CoffeeSetupMug	2	3	1	base	activation	300d9dc0b7c89a9d	300d9dc0b7c89a9d4776d8e9e828d8796a969489e100d9ca3ea246ada6ddd7b4	lerobot_groot_n15	n15	lerobot_groot_n15__robocasa365_ckpt120000		0	Pick the mug from the counter and place it under the coffee machine dispenser.	robocasa_panda_omron/CoffeeSetupMug_PandaOmron_Env	100475	1300001	0	0			5		1	3	0.0	0.0	5	5		Pick the mug from the counter and place it under the coffee machine dispenser.	0	all_token_full	groot_n15_dit_block_residual_full_tokens_denoise	["layer","denoise_step","model_token","feature_dim"]	[7,4,49,1536]	[0,2,4,8,10,12,15]	n15_grid_v6_scene_jitter	grid_coord	meta	meta_json	375e3c46c962/kanu/CoffeeSetupMug/s2/j3/n1/base
375e3c46c962	kanu	CoffeeSetupMug	2	3	2	base	activation	8ffcb717694f1bb4	8ffcb717694f1bb417990aff65d8d3b992eadb63335cb09ddec157ce34b4ed2a	lerobot_groot_n15	n15	lerobot_groot_n15__robocasa365_ckpt120000		0	Pick the mug from the counter and place it under the coffee machine dispenser.	robocasa_panda_omron/CoffeeSetupMug_PandaOmron_Env	100475	1300002	0	0			5		1	3	0.0	0.0	5	5		Pick the mug from the counter and place it under the coffee machine dispenser.	0	all_token_full	groot_n15_dit_block_residual_full_tokens_denoise	["layer","denoise_step","model_token","feature_dim"]	[7,4,49,1536]	[0,2,4,8,10,12,15]	n15_grid_v6_scene_jitter	grid_coord	meta	meta_json	375e3c46c962/kanu/CoffeeSetupMug/s2/j3/n2/base
375e3c46c962	kanu	CoffeeSetupMug	2	3	3	base	activation	7c0fdb763fa37eae	7c0fdb763fa37eae8fcc82d233c7f5ff92c3ed21bb4be171c43c58a7992ac2d5	lerobot_groot_n15	n15	lerobot_groot_n15__robocasa365_ckpt120000		0	Pick the mug from the counter and place it under the coffee machine dispenser.	robocasa_panda_omron/CoffeeSetupMug_PandaOmron_Env	100475	1300003	0	0			5		1	3	0.0	0.0	5	5		Pick the mug from the counter and place it under the coffee machine dispenser.	0	all_token_full	groot_n15_dit_block_residual_full_tokens_denoise	["layer","denoise_step","model_token","feature_dim"]	[7,4,49,1536]	[0,2,4,8,10,12,15]	n15_grid_v6_scene_jitter	grid_coord	meta	meta_json	375e3c46c962/kanu/CoffeeSetupMug/s2/j3/n3/base
375e3c46c962	kanu	CoffeeSetupMug	2	3	4	base	activation	13e7cb65a38ee9ed	13e7cb65a38ee9edf37ff18171c3d297d78345e66310b73d3adc6b69b5241076	lerobot_groot_n15	n15	lerobot_groot_n15__robocasa365_ckpt120000		0	Pick the mug from the counter and place it under the coffee machine dispenser.	robocasa_panda_omron/CoffeeSetupMug_PandaOmron_Env	100475	1300004	0	0			5		1	3	0.0	0.0	5	5		Pick the mug from the counter and place it under the coffee machine dispenser.	0	all_token_full	groot_n15_dit_block_residual_full_tokens_denoise	["layer","denoise_step","model_token","feature_dim"]	[7,4,49,1536]	[0,2,4,8,10,12,15]	n15_grid_v6_scene_jitter	grid_coord	meta	meta_json	375e3c46c962/kanu/CoffeeSetupMug/s2/j3/n4/base
375e3c46c962	kanu	CoffeeSetupMug	2	4	0	base	activation	36cb61ca4098a6f9	36cb61ca4098a6f9084b8609948e89e02d3f33b2bf7c9e71fe7a06d7def0e29d	lerobot_groot_n15	n15	lerobot_groot_n15__robocasa365_ckpt120000		0	Pick the mug from the counter and place it under the coffee machine dispenser.	robocasa_panda_omron/CoffeeSetupMug_PandaOmron_Env	100475	1300000	0	0			5		1	4	0.0	0.0	5	5		Pick the mug from the counter and place it under the coffee machine dispenser.	0	all_token_full	groot_n15_dit_block_residual_full_tokens_denoise	["layer","denoise_step","model_token","feature_dim"]	[7,4,49,1536]	[0,2,4,8,10,12,15]	n15_grid_v6_scene_jitter	grid_coord	meta	meta_json	375e3c46c962/kanu/CoffeeSetupMug/s2/j4/n0/base
375e3c46c962	kanu	CoffeeSetupMug	2	4	1	base	activation	c780def7c2de330e	c780def7c2de330ed2d57fa332265d921b163f0294255a1cdcec65810f60a0d0	lerobot_groot_n15	n15	lerobot_groot_n15__robocasa365_ckpt120000		0	Pick the mug from the counter and place it under the coffee machine dispenser.	robocasa_panda_omron/CoffeeSetupMug_PandaOmron_Env	100475	1300001	0	0			5		1	4	0.0	0.0	5	5		Pick the mug from the counter and place it under the coffee machine dispenser.	0	all_token_full	groot_n15_dit_block_residual_full_tokens_denoise	["layer","denoise_step","model_token","feature_dim"]	[7,4,49,1536]	[0,2,4,8,10,12,15]	n15_grid_v6_scene_jitter	grid_coord	meta	meta_json	375e3c46c962/kanu/CoffeeSetupMug/s2/j4/n1/base
375e3c46c962	kanu	CoffeeSetupMug	2	4	2	base	activation	816bbc7b1b3731e1	816bbc7b1b3731e126e98b829d6a01e7aad8058e32b5c04e46485a843f1da66f	lerobot_groot_n15	n15	lerobot_groot_n15__robocasa365_ckpt120000		0	Pick the mug from the counter and place it under the coffee machine dispenser.	robocasa_panda_omron/CoffeeSetupMug_PandaOmron_Env	100475	1300002	0	0			5		1	4	0.0	0.0	5	5		Pick the mug from the counter and place it under the coffee machine dispenser.	0	all_token_full	groot_n15_dit_block_residual_full_tokens_denoise	["layer","denoise_step","model_token","feature_dim"]	[7,4,49,1536]	[0,2,4,8,10,12,15]	n15_grid_v6_scene_jitter	grid_coord	meta	meta_json	375e3c46c962/kanu/CoffeeSetupMug/s2/j4/n2/base
375e3c46c962	kanu	CoffeeSetupMug	2	4	3	base	activation	ac51b1d8abbd01f7	ac51b1d8abbd01f736ba36837e161a79395337258b0df3afce1fbbf951d9cec5	lerobot_groot_n15	n15	lerobot_groot_n15__robocasa365_ckpt120000		0	Pick the mug from the counter and place it under the coffee machine dispenser.	robocasa_panda_omron/CoffeeSetupMug_PandaOmron_Env	100475	1300003	0	0			5		1	4	0.0	0.0	5	5		Pick the mug from the counter and place it under the coffee machine dispenser.	0	all_token_full	groot_n15_dit_block_residual_full_tokens_denoise	["layer","denoise_step","model_token","feature_dim"]	[7,4,49,1536]	[0,2,4,8,10,12,15]	n15_grid_v6_scene_jitter	grid_coord	meta	meta_json	375e3c46c962/kanu/CoffeeSetupMug/s2/j4/n3/base
375e3c46c962	kanu	CoffeeSetupMug	2	4	4	base	activation	c21acd6d198916c9	c21acd6d198916c92af0d50050c0f1d9bea588328ccac01ed3dab668c5113688	lerobot_groot_n15	n15	lerobot_groot_n15__robocasa365_ckpt120000		0	Pick the mug from the counter and place it under the coffee machine dispenser.	robocasa_panda_omron/CoffeeSetupMug_PandaOmron_Env	100475	1300004	0	0			5		1	4	0.0	0.0	5	5		Pick the mug from the counter and place it under the coffee machine dispenser.	0	all_token_full	groot_n15_dit_block_residual_full_tokens_denoise	["layer","denoise_step","model_token","feature_dim"]	[7,4,49,1536]	[0,2,4,8,10,12,15]	n15_grid_v6_scene_jitter	grid_coord	meta	meta_json	375e3c46c962/kanu/CoffeeSetupMug/s2/j4/n4/base
375e3c46c962	kanu	OpenDrawer/left	0	0	0	base	activation	cdb85ab3baf79962	cdb85ab3baf799625a22ec5e38819935cf225e780088378cf233f4cf439ac2e4	lerobot_groot_n15	n15	lerobot_groot_n15__robocasa365_ckpt120000		0	Open the left drawer.	robocasa_panda_omron/OpenDrawer_PandaOmron_Env	100245	1300000	0	0			5		1	0	0.0	0.0	4	4		Open the left drawer.	0	all_token_full	groot_n15_dit_block_residual_full_tokens_denoise	["layer","denoise_step","model_token","feature_dim"]	[7,4,49,1536]	[0,2,4,8,10,12,15]	n15_grid_v6_scene_jitter	grid_coord	meta	meta_json	375e3c46c962/kanu/OpenDrawer/left/s0/j0/n0/base
375e3c46c962	kanu	OpenDrawer/left	0	0	1	base	activation	77ea292cceb34b47	77ea292cceb34b476186947b3bc1d6b8cfc0bdd50eec0b048afa2e4ca6cac580	lerobot_groot_n15	n15	lerobot_groot_n15__robocasa365_ckpt120000		0	Open the left drawer.	robocasa_panda_omron/OpenDrawer_PandaOmron_Env	100245	1300001	0	0			5		1	0	0.0	0.0	4	4		Open the left drawer.	0	all_token_full	groot_n15_dit_block_residual_full_tokens_denoise	["layer","denoise_step","model_token","feature_dim"]	[7,4,49,1536]	[0,2,4,8,10,12,15]	n15_grid_v6_scene_jitter	grid_coord	meta	meta_json	375e3c46c962/kanu/OpenDrawer/left/s0/j0/n1/base
375e3c46c962	kanu	OpenDrawer/left	0	0	2	base	activation	704ad9e45fdd3017	704ad9e45fdd3017c2806b435ee0f07ecb919e81d0feb9c37bc13e76db53b1df	lerobot_groot_n15	n15	lerobot_groot_n15__robocasa365_ckpt120000		0	Open the left drawer.	robocasa_panda_omron/OpenDrawer_PandaOmron_Env	100245	1300002	0	1			5		1	0	0.0	0.0	4	4		Open the left drawer.	0	all_token_full	groot_n15_dit_block_residual_full_tokens_denoise	["layer","denoise_step","model_token","feature_dim"]	[7,4,49,1536]	[0,2,4,8,10,12,15]	n15_grid_v6_scene_jitter	grid_coord	meta	meta_json	375e3c46c962/kanu/OpenDrawer/left/s0/j0/n2/base
375e3c46c962	kanu	OpenDrawer/left	0	0	3	base	activation	31d3ffe0b8b1bf05	31d3ffe0b8b1bf057ebc4daa348857628758910b078e68c22ec1b74e72a8d9d7	lerobot_groot_n15	n15	lerobot_groot_n15__robocasa365_ckpt120000		0	Open the left drawer.	robocasa_panda_omron/OpenDrawer_PandaOmron_Env	100245	1300003	0	0			5		1	0	0.0	0.0	4	4		Open the left drawer.	0	all_token_full	groot_n15_dit_block_residual_full_tokens_denoise	["layer","denoise_step","model_token","feature_dim"]	[7,4,49,1536]	[0,2,4,8,10,12,15]	n15_grid_v6_scene_jitter	grid_coord	meta	meta_json	375e3c46c962/kanu/OpenDrawer/left/s0/j0/n3/base
375e3c46c962	kanu	OpenDrawer/left	0	0	4	base	activation	c55b48cdc47bd4ba	c55b48cdc47bd4ba8eabe727bd9973d672d021afac888ac0759f1d30f7ced501	lerobot_groot_n15	n15	lerobot_groot_n15__robocasa365_ckpt120000		0	Open the left drawer.	robocasa_panda_omron/OpenDrawer_PandaOmron_Env	100245	1300004	0	0			5		1	0	0.0	0.0	4	4		Open the left drawer.	0	all_token_full	groot_n15_dit_block_residual_full_tokens_denoise	["layer","denoise_step","model_token","feature_dim"]	[7,4,49,1536]	[0,2,4,8,10,12,15]	n15_grid_v6_scene_jitter	grid_coord	meta	meta_json	375e3c46c962/kanu/OpenDrawer/left/s0/j0/n4/base
375e3c46c962	kanu	OpenDrawer/left	0	1	0	base	activation	33e89d31f4e6be51	33e89d31f4e6be516138501fb20698588fe09b48a5e6dc57681b31273754322c	lerobot_groot_n15	n15	lerobot_groot_n15__robocasa365_ckpt120000		0	Open the left drawer.	robocasa_panda_omron/OpenDrawer_PandaOmron_Env	100245	1300000	0	0			5		1	1	0.0	0.05	4	4		Open the left drawer.	0	all_token_full	groot_n15_dit_block_residual_full_tokens_denoise	["layer","denoise_step","model_token","feature_dim"]	[7,4,49,1536]	[0,2,4,8,10,12,15]	n15_grid_v6_scene_jitter	grid_coord	meta	meta_json	375e3c46c962/kanu/OpenDrawer/left/s0/j1/n0/base
375e3c46c962	kanu	OpenDrawer/left	0	1	1	base	activation	7d1958f1803706ba	7d1958f1803706ba0f7694fde969dcb71aa8614918e9aea4968e9cde4cf54995	lerobot_groot_n15	n15	lerobot_groot_n15__robocasa365_ckpt120000		0	Open the left drawer.	robocasa_panda_omron/OpenDrawer_PandaOmron_Env	100245	1300001	0	1			5		1	1	0.0	0.05	4	4		Open the left drawer.	0	all_token_full	groot_n15_dit_block_residual_full_tokens_denoise	["layer","denoise_step","model_token","feature_dim"]	[7,4,49,1536]	[0,2,4,8,10,12,15]	n15_grid_v6_scene_jitter	grid_coord	meta	meta_json	375e3c46c962/kanu/OpenDrawer/left/s0/j1/n1/base
375e3c46c962	kanu	OpenDrawer/left	0	1	2	base	activation	7a82953b0ee787ae	7a82953b0ee787aebaaf13faa71925c86f6f942ebeb3227c02ee9c39cc72b729	lerobot_groot_n15	n15	lerobot_groot_n15__robocasa365_ckpt120000		0	Open the left drawer.	robocasa_panda_omron/OpenDrawer_PandaOmron_Env	100245	1300002	0	1			5		1	1	0.0	0.05	4	4		Open the left drawer.	0	all_token_full	groot_n15_dit_block_residual_full_tokens_denoise	["layer","denoise_step","model_token","feature_dim"]	[7,4,49,1536]	[0,2,4,8,10,12,15]	n15_grid_v6_scene_jitter	grid_coord	meta	meta_json	375e3c46c962/kanu/OpenDrawer/left/s0/j1/n2/base
375e3c46c962	kanu	OpenDrawer/left	0	1	3	base	activation	369a5cfb42851e90	369a5cfb42851e9016a9b03f896468c66a8e38b1414a3608d6038a5be9e48dd2	lerobot_groot_n15	n15	lerobot_groot_n15__robocasa365_ckpt120000		0	Open the left drawer.	robocasa_panda_omron/OpenDrawer_PandaOmron_Env	100245	1300003	0	1			5		1	1	0.0	0.05	4	4		Open the left drawer.	0	all_token_full	groot_n15_dit_block_residual_full_tokens_denoise	["layer","denoise_step","model_token","feature_dim"]	[7,4,49,1536]	[0,2,4,8,10,12,15]	n15_grid_v6_scene_jitter	grid_coord	meta	meta_json	375e3c46c962/kanu/OpenDrawer/left/s0/j1/n3/base
375e3c46c962	kanu	OpenDrawer/left	0	1	4	base	activation	a27ab858fa099e1b	a27ab858fa099e1bc9431be8344b33c3e3fb00961207b2e346223623678260a4	lerobot_groot_n15	n15	lerobot_groot_n15__robocasa365_ckpt120000		0	Open the left drawer.	robocasa_panda_omron/OpenDrawer_PandaOmron_Env	100245	1300004	0	1			5		1	1	0.0	0.05	4	4		Open the left drawer.	0	all_token_full	groot_n15_dit_block_residual_full_tokens_denoise	["layer","denoise_step","model_token","feature_dim"]	[7,4,49,1536]	[0,2,4,8,10,12,15]	n15_grid_v6_scene_jitter	grid_coord	meta	meta_json	375e3c46c962/kanu/OpenDrawer/left/s0/j1/n4/base
375e3c46c962	kanu	OpenDrawer/left	0	2	0	base	activation	20276dd634fb5cb7	20276dd634fb5cb7e020ccb870b41e039b32220f7e56c88d216f8339d527c52c	lerobot_groot_n15	n15	lerobot_groot_n15__robocasa365_ckpt120000		0	Open the left drawer.	robocasa_panda_omron/OpenDrawer_PandaOmron_Env	100245	1300000	0	1			5		1	2	0.0	0.1	4	4		Open the left drawer.	0	all_token_full	groot_n15_dit_block_residual_full_tokens_denoise	["layer","denoise_step","model_token","feature_dim"]	[7,4,49,1536]	[0,2,4,8,10,12,15]	n15_grid_v6_scene_jitter	grid_coord	meta	meta_json	375e3c46c962/kanu/OpenDrawer/left/s0/j2/n0/base
375e3c46c962	kanu	OpenDrawer/left	0	2	1	base	activation	05a23b495350e0c6	05a23b495350e0c68428e7c20933df4958d6a5d8ae6e57140637c76176708abe	lerobot_groot_n15	n15	lerobot_groot_n15__robocasa365_ckpt120000		0	Open the left drawer.	robocasa_panda_omron/OpenDrawer_PandaOmron_Env	100245	1300001	0	1			5		1	2	0.0	0.1	4	4		Open the left drawer.	0	all_token_full	groot_n15_dit_block_residual_full_tokens_denoise	["layer","denoise_step","model_token","feature_dim"]	[7,4,49,1536]	[0,2,4,8,10,12,15]	n15_grid_v6_scene_jitter	grid_coord	meta	meta_json	375e3c46c962/kanu/OpenDrawer/left/s0/j2/n1/base
375e3c46c962	kanu	OpenDrawer/left	0	2	2	base	activation	158ac0c1f2d87aca	158ac0c1f2d87acaa4c1d76d5e45b32bfb0c39ec3bafa7fba226d391de5161c2	lerobot_groot_n15	n15	lerobot_groot_n15__robocasa365_ckpt120000		0	Open the left drawer.	robocasa_panda_omron/OpenDrawer_PandaOmron_Env	100245	1300002	0	1			5		1	2	0.0	0.1	4	4		Open the left drawer.	0	all_token_full	groot_n15_dit_block_residual_full_tokens_denoise	["layer","denoise_step","model_token","feature_dim"]	[7,4,49,1536]	[0,2,4,8,10,12,15]	n15_grid_v6_scene_jitter	grid_coord	meta	meta_json	375e3c46c962/kanu/OpenDrawer/left/s0/j2/n2/base
375e3c46c962	kanu	OpenDrawer/left	0	2	3	base	activation	a827ef503a14f4c6	a827ef503a14f4c6ba531ae7520f8b9618ee65a759d6a491bb2e9f3de542919f	lerobot_groot_n15	n15	lerobot_groot_n15__robocasa365_ckpt120000		0	Open the left drawer.	robocasa_panda_omron/OpenDrawer_PandaOmron_Env	100245	1300003	0	1			5		1	2	0.0	0.1	4	4		Open the left drawer.	0	all_token_full	groot_n15_dit_block_residual_full_tokens_denoise	["layer","denoise_step","model_token","feature_dim"]	[7,4,49,1536]	[0,2,4,8,10,12,15]	n15_grid_v6_scene_jitter	grid_coord	meta	meta_json	375e3c46c962/kanu/OpenDrawer/left/s0/j2/n3/base
375e3c46c962	kanu	OpenDrawer/left	0	2	4	base	activation	3d1929f83bbaef8d	3d1929f83bbaef8db7abdcbb963092daba5d94e87e056c652e0d47a294026024	lerobot_groot_n15	n15	lerobot_groot_n15__robocasa365_ckpt120000		0	Open the left drawer.	robocasa_panda_omron/OpenDrawer_PandaOmron_Env	100245	1300004	0	0			5		1	2	0.0	0.1	4	4		Open the left drawer.	0	all_token_full	groot_n15_dit_block_residual_full_tokens_denoise	["layer","denoise_step","model_token","feature_dim"]	[7,4,49,1536]	[0,2,4,8,10,12,15]	n15_grid_v6_scene_jitter	grid_coord	meta	meta_json	375e3c46c962/kanu/OpenDrawer/left/s0/j2/n4/base
375e3c46c962	kanu	OpenDrawer/left	0	3	0	base	activation	e263f8df27b8412a	e263f8df27b8412a6c6064ca334e6182f2cc9ccc8aeff0234b47f76850656aec	lerobot_groot_n15	n15	lerobot_groot_n15__robocasa365_ckpt120000		0	Open the left drawer.	robocasa_panda_omron/OpenDrawer_PandaOmron_Env	100245	1300000	0	0			5		1	4	0.0	0.05	4	4		Open the left drawer.	0	all_token_full	groot_n15_dit_block_residual_full_tokens_denoise	["layer","denoise_step","model_token","feature_dim"]	[7,4,49,1536]	[0,2,4,8,10,12,15]	n15_grid_v6_scene_jitter	grid_coord	meta	meta_json	375e3c46c962/kanu/OpenDrawer/left/s0/j3/n0/base
375e3c46c962	kanu	OpenDrawer/left	0	3	1	base	activation	c5c658fa80c1ea47	c5c658fa80c1ea472d5c80c45952e2375e6f7342757e356d16706d412bed43bd	lerobot_groot_n15	n15	lerobot_groot_n15__robocasa365_ckpt120000		0	Open the left drawer.	robocasa_panda_omron/OpenDrawer_PandaOmron_Env	100245	1300001	0	0			5		1	4	0.0	0.05	4	4		Open the left drawer.	0	all_token_full	groot_n15_dit_block_residual_full_tokens_denoise	["layer","denoise_step","model_token","feature_dim"]	[7,4,49,1536]	[0,2,4,8,10,12,15]	n15_grid_v6_scene_jitter	grid_coord	meta	meta_json	375e3c46c962/kanu/OpenDrawer/left/s0/j3/n1/base
375e3c46c962	kanu	OpenDrawer/left	0	3	2	base	activation	cbb400c9856854c8	cbb400c9856854c8e4592717230e2c453d4e28f53460b5dfe1c3ebb1b90956c5	lerobot_groot_n15	n15	lerobot_groot_n15__robocasa365_ckpt120000		0	Open the left drawer.	robocasa_panda_omron/OpenDrawer_PandaOmron_Env	100245	1300002	0	1			5		1	4	0.0	0.05	4	4		Open the left drawer.	0	all_token_full	groot_n15_dit_block_residual_full_tokens_denoise	["layer","denoise_step","model_token","feature_dim"]	[7,4,49,1536]	[0,2,4,8,10,12,15]	n15_grid_v6_scene_jitter	grid_coord	meta	meta_json	375e3c46c962/kanu/OpenDrawer/left/s0/j3/n2/base
375e3c46c962	kanu	OpenDrawer/left	0	3	3	base	activation	3bc7c83f7532a02b	3bc7c83f7532a02b7e552a1c5a30d60b2493066fd6a201184f81a55ca3397950	lerobot_groot_n15	n15	lerobot_groot_n15__robocasa365_ckpt120000		0	Open the left drawer.	robocasa_panda_omron/OpenDrawer_PandaOmron_Env	100245	1300003	0	0			5		1	4	0.0	0.05	4	4		Open the left drawer.	0	all_token_full	groot_n15_dit_block_residual_full_tokens_denoise	["layer","denoise_step","model_token","feature_dim"]	[7,4,49,1536]	[0,2,4,8,10,12,15]	n15_grid_v6_scene_jitter	grid_coord	meta	meta_json	375e3c46c962/kanu/OpenDrawer/left/s0/j3/n3/base
375e3c46c962	kanu	OpenDrawer/left	0	3	4	base	activation	6fd9aa3a7812999b	6fd9aa3a7812999b5f325206854637cc79b91e2ed959bf8652e77b535235e205	lerobot_groot_n15	n15	lerobot_groot_n15__robocasa365_ckpt120000		0	Open the left drawer.	robocasa_panda_omron/OpenDrawer_PandaOmron_Env	100245	1300004	0	0			5		1	4	0.0	0.05	4	4		Open the left drawer.	0	all_token_full	groot_n15_dit_block_residual_full_tokens_denoise	["layer","denoise_step","model_token","feature_dim"]	[7,4,49,1536]	[0,2,4,8,10,12,15]	n15_grid_v6_scene_jitter	grid_coord	meta	meta_json	375e3c46c962/kanu/OpenDrawer/left/s0/j3/n4/base
375e3c46c962	kanu	OpenDrawer/left	0	4	0	base	activation	649be897c44de67b	649be897c44de67baacf5571aaaa30fb2e9c575b5abfb74bb2e7cd9cd05bf64f	lerobot_groot_n15	n15	lerobot_groot_n15__robocasa365_ckpt120000		0	Open the left drawer.	robocasa_panda_omron/OpenDrawer_PandaOmron_Env	100245	1300000	0	1			5		1	8	0.0	0.1	4	4		Open the left drawer.	0	all_token_full	groot_n15_dit_block_residual_full_tokens_denoise	["layer","denoise_step","model_token","feature_dim"]	[7,4,49,1536]	[0,2,4,8,10,12,15]	n15_grid_v6_scene_jitter	grid_coord	meta	meta_json	375e3c46c962/kanu/OpenDrawer/left/s0/j4/n0/base
375e3c46c962	kanu	OpenDrawer/left	0	4	1	base	activation	de95a63e2198bd41	de95a63e2198bd417f54aea46a8241158d690f65ea1ce3c33cf3f7e64ce92a12	lerobot_groot_n15	n15	lerobot_groot_n15__robocasa365_ckpt120000		0	Open the left drawer.	robocasa_panda_omron/OpenDrawer_PandaOmron_Env	100245	1300001	0	1			5		1	8	0.0	0.1	4	4		Open the left drawer.	0	all_token_full	groot_n15_dit_block_residual_full_tokens_denoise	["layer","denoise_step","model_token","feature_dim"]	[7,4,49,1536]	[0,2,4,8,10,12,15]	n15_grid_v6_scene_jitter	grid_coord	meta	meta_json	375e3c46c962/kanu/OpenDrawer/left/s0/j4/n1/base
375e3c46c962	kanu	OpenDrawer/left	0	4	2	base	activation	d58a27546172e60a	d58a27546172e60aa660e8b7de463e30858646addb0339b1d139e5c1eeecaf52	lerobot_groot_n15	n15	lerobot_groot_n15__robocasa365_ckpt120000		0	Open the left drawer.	robocasa_panda_omron/OpenDrawer_PandaOmron_Env	100245	1300002	0	1			5		1	8	0.0	0.1	4	4		Open the left drawer.	0	all_token_full	groot_n15_dit_block_residual_full_tokens_denoise	["layer","denoise_step","model_token","feature_dim"]	[7,4,49,1536]	[0,2,4,8,10,12,15]	n15_grid_v6_scene_jitter	grid_coord	meta	meta_json	375e3c46c962/kanu/OpenDrawer/left/s0/j4/n2/base
375e3c46c962	kanu	OpenDrawer/left	0	4	3	base	activation	c8f6066f07c4ac5a	c8f6066f07c4ac5acc5345077914a111368d5629fc18fa774672982d3880dd12	lerobot_groot_n15	n15	lerobot_groot_n15__robocasa365_ckpt120000		0	Open the left drawer.	robocasa_panda_omron/OpenDrawer_PandaOmron_Env	100245	1300003	0	1			5		1	8	0.0	0.1	4	4		Open the left drawer.	0	all_token_full	groot_n15_dit_block_residual_full_tokens_denoise	["layer","denoise_step","model_token","feature_dim"]	[7,4,49,1536]	[0,2,4,8,10,12,15]	n15_grid_v6_scene_jitter	grid_coord	meta	meta_json	375e3c46c962/kanu/OpenDrawer/left/s0/j4/n3/base
375e3c46c962	kanu	OpenDrawer/left	0	4	4	base	activation	6ef6963e573be87c	6ef6963e573be87c2521cea8cd5dfb34080be6687702d0c9275d57dee7c6af94	lerobot_groot_n15	n15	lerobot_groot_n15__robocasa365_ckpt120000		0	Open the left drawer.	robocasa_panda_omron/OpenDrawer_PandaOmron_Env	100245	1300004	0	1			5		1	8	0.0	0.1	4	4		Open the left drawer.	0	all_token_full	groot_n15_dit_block_residual_full_tokens_denoise	["layer","denoise_step","model_token","feature_dim"]	[7,4,49,1536]	[0,2,4,8,10,12,15]	n15_grid_v6_scene_jitter	grid_coord	meta	meta_json	375e3c46c962/kanu/OpenDrawer/left/s0/j4/n4/base
375e3c46c962	kanu	OpenDrawer/left	1	0	0	base	activation	1bce9eaa814cc5fe	1bce9eaa814cc5fe88601d5329821c8f68c18e7bcd1127793aa3b44c375cba86	lerobot_groot_n15	n15	lerobot_groot_n15__robocasa365_ckpt120000		0	Open the left drawer.	robocasa_panda_omron/OpenDrawer_PandaOmron_Env	100410	1300000	0	1			5		1	1	0.0	0.0	9	9		Open the left drawer.	0	all_token_full	groot_n15_dit_block_residual_full_tokens_denoise	["layer","denoise_step","model_token","feature_dim"]	[7,4,49,1536]	[0,2,4,8,10,12,15]	n15_grid_v6_scene_jitter	grid_coord	meta	meta_json	375e3c46c962/kanu/OpenDrawer/left/s1/j0/n0/base
375e3c46c962	kanu	OpenDrawer/left	1	0	1	base	activation	29f9f3536b8a66b9	29f9f3536b8a66b9d53f4e94081fd4a5d12e26a39914cdf806e2349e6ca5a7ce	lerobot_groot_n15	n15	lerobot_groot_n15__robocasa365_ckpt120000		0	Open the left drawer.	robocasa_panda_omron/OpenDrawer_PandaOmron_Env	100410	1300001	0	1			5		1	1	0.0	0.0	9	9		Open the left drawer.	0	all_token_full	groot_n15_dit_block_residual_full_tokens_denoise	["layer","denoise_step","model_token","feature_dim"]	[7,4,49,1536]	[0,2,4,8,10,12,15]	n15_grid_v6_scene_jitter	grid_coord	meta	meta_json	375e3c46c962/kanu/OpenDrawer/left/s1/j0/n1/base
375e3c46c962	kanu	OpenDrawer/left	1	0	2	base	activation	6e73d6ea49cd2938	6e73d6ea49cd29383218cbd88cffdc97a8965b26b620009f4f07fe12410d00d0	lerobot_groot_n15	n15	lerobot_groot_n15__robocasa365_ckpt120000		0	Open the left drawer.	robocasa_panda_omron/OpenDrawer_PandaOmron_Env	100410	1300002	0	1			5		1	1	0.0	0.0	9	9		Open the left drawer.	0	all_token_full	groot_n15_dit_block_residual_full_tokens_denoise	["layer","denoise_step","model_token","feature_dim"]	[7,4,49,1536]	[0,2,4,8,10,12,15]	n15_grid_v6_scene_jitter	grid_coord	meta	meta_json	375e3c46c962/kanu/OpenDrawer/left/s1/j0/n2/base
375e3c46c962	kanu	OpenDrawer/left	1	0	3	base	activation	351c23bf8ad03ce6	351c23bf8ad03ce604e87d2b91675f65deccfff6cf087ee3886cc8036f6dffab	lerobot_groot_n15	n15	lerobot_groot_n15__robocasa365_ckpt120000		0	Open the left drawer.	robocasa_panda_omron/OpenDrawer_PandaOmron_Env	100410	1300003	0	1			5		1	1	0.0	0.0	9	9		Open the left drawer.	0	all_token_full	groot_n15_dit_block_residual_full_tokens_denoise	["layer","denoise_step","model_token","feature_dim"]	[7,4,49,1536]	[0,2,4,8,10,12,15]	n15_grid_v6_scene_jitter	grid_coord	meta	meta_json	375e3c46c962/kanu/OpenDrawer/left/s1/j0/n3/base
375e3c46c962	kanu	OpenDrawer/left	1	0	4	base	activation	f73040bc081a0a1b	f73040bc081a0a1bff2e3f144e9a0965b9c159abe4dd12b01e05fce3ca029c5e	lerobot_groot_n15	n15	lerobot_groot_n15__robocasa365_ckpt120000		0	Open the left drawer.	robocasa_panda_omron/OpenDrawer_PandaOmron_Env	100410	1300004	0	1			5		1	1	0.0	0.0	9	9		Open the left drawer.	0	all_token_full	groot_n15_dit_block_residual_full_tokens_denoise	["layer","denoise_step","model_token","feature_dim"]	[7,4,49,1536]	[0,2,4,8,10,12,15]	n15_grid_v6_scene_jitter	grid_coord	meta	meta_json	375e3c46c962/kanu/OpenDrawer/left/s1/j0/n4/base
375e3c46c962	kanu	OpenDrawer/left	1	1	0	base	activation	8306ce33f941a868	8306ce33f941a868e4890d891481a260a0064d8104aa4cc4bd1b9f4c52a40922	lerobot_groot_n15	n15	lerobot_groot_n15__robocasa365_ckpt120000		0	Open the left drawer.	robocasa_panda_omron/OpenDrawer_PandaOmron_Env	100410	1300000	0	0			5		1	2	0.0	0.05	9	9		Open the left drawer.	0	all_token_full	groot_n15_dit_block_residual_full_tokens_denoise	["layer","denoise_step","model_token","feature_dim"]	[7,4,49,1536]	[0,2,4,8,10,12,15]	n15_grid_v6_scene_jitter	grid_coord	meta	meta_json	375e3c46c962/kanu/OpenDrawer/left/s1/j1/n0/base
375e3c46c962	kanu	OpenDrawer/left	1	1	1	base	activation	677d97c601758e18	677d97c601758e1817df0e6cb50ad7966c1e6b7d962c46a571fc52be8f608818	lerobot_groot_n15	n15	lerobot_groot_n15__robocasa365_ckpt120000		0	Open the left drawer.	robocasa_panda_omron/OpenDrawer_PandaOmron_Env	100410	1300001	0	0			5		1	2	0.0	0.05	9	9		Open the left drawer.	0	all_token_full	groot_n15_dit_block_residual_full_tokens_denoise	["layer","denoise_step","model_token","feature_dim"]	[7,4,49,1536]	[0,2,4,8,10,12,15]	n15_grid_v6_scene_jitter	grid_coord	meta	meta_json	375e3c46c962/kanu/OpenDrawer/left/s1/j1/n1/base
375e3c46c962	kanu	OpenDrawer/left	1	1	2	base	activation	e233ddf560bf6993	e233ddf560bf6993301557e65f060b7bcfef334dfe11b7130c80dd7a16f95287	lerobot_groot_n15	n15	lerobot_groot_n15__robocasa365_ckpt120000		0	Open the left drawer.	robocasa_panda_omron/OpenDrawer_PandaOmron_Env	100410	1300002	0	0			5		1	2	0.0	0.05	9	9		Open the left drawer.	0	all_token_full	groot_n15_dit_block_residual_full_tokens_denoise	["layer","denoise_step","model_token","feature_dim"]	[7,4,49,1536]	[0,2,4,8,10,12,15]	n15_grid_v6_scene_jitter	grid_coord	meta	meta_json	375e3c46c962/kanu/OpenDrawer/left/s1/j1/n2/base
375e3c46c962	kanu	OpenDrawer/left	1	1	3	base	activation	d8ca884370084119	d8ca88437008411940b52ab289b66c1d81fa5e9c85dcfc5807a56154eac9eee5	lerobot_groot_n15	n15	lerobot_groot_n15__robocasa365_ckpt120000		0	Open the left drawer.	robocasa_panda_omron/OpenDrawer_PandaOmron_Env	100410	1300003	0	0			5		1	2	0.0	0.05	9	9		Open the left drawer.	0	all_token_full	groot_n15_dit_block_residual_full_tokens_denoise	["layer","denoise_step","model_token","feature_dim"]	[7,4,49,1536]	[0,2,4,8,10,12,15]	n15_grid_v6_scene_jitter	grid_coord	meta	meta_json	375e3c46c962/kanu/OpenDrawer/left/s1/j1/n3/base
375e3c46c962	kanu	OpenDrawer/left	1	1	4	base	activation	d2aab45b8cb378ba	d2aab45b8cb378babdec1505a9f3892cd7d4407cfed44b8b9e487653e3c708ce	lerobot_groot_n15	n15	lerobot_groot_n15__robocasa365_ckpt120000		0	Open the left drawer.	robocasa_panda_omron/OpenDrawer_PandaOmron_Env	100410	1300004	0	0			5		1	2	0.0	0.05	9	9		Open the left drawer.	0	all_token_full	groot_n15_dit_block_residual_full_tokens_denoise	["layer","denoise_step","model_token","feature_dim"]	[7,4,49,1536]	[0,2,4,8,10,12,15]	n15_grid_v6_scene_jitter	grid_coord	meta	meta_json	375e3c46c962/kanu/OpenDrawer/left/s1/j1/n4/base
375e3c46c962	kanu	OpenDrawer/left	1	2	0	base	activation	da31e5770123eec6	da31e5770123eec6951a17b67e66c1c1d32c5e841ceddf643cd9f914bd652807	lerobot_groot_n15	n15	lerobot_groot_n15__robocasa365_ckpt120000		0	Open the left drawer.	robocasa_panda_omron/OpenDrawer_PandaOmron_Env	100410	1300000	0	0			5		1	7	0.0	0.1	9	9		Open the left drawer.	0	all_token_full	groot_n15_dit_block_residual_full_tokens_denoise	["layer","denoise_step","model_token","feature_dim"]	[7,4,49,1536]	[0,2,4,8,10,12,15]	n15_grid_v6_scene_jitter	grid_coord	meta	meta_json	375e3c46c962/kanu/OpenDrawer/left/s1/j2/n0/base
375e3c46c962	kanu	OpenDrawer/left	1	2	1	base	activation	a2d63fbe06bd57c2	a2d63fbe06bd57c294dbfba52d91b94e392476ff0f6c2bef40a3a5889e0a88cc	lerobot_groot_n15	n15	lerobot_groot_n15__robocasa365_ckpt120000		0	Open the left drawer.	robocasa_panda_omron/OpenDrawer_PandaOmron_Env	100410	1300001	0	0			5		1	7	0.0	0.1	9	9		Open the left drawer.	0	all_token_full	groot_n15_dit_block_residual_full_tokens_denoise	["layer","denoise_step","model_token","feature_dim"]	[7,4,49,1536]	[0,2,4,8,10,12,15]	n15_grid_v6_scene_jitter	grid_coord	meta	meta_json	375e3c46c962/kanu/OpenDrawer/left/s1/j2/n1/base
375e3c46c962	kanu	OpenDrawer/left	1	2	2	base	activation	fb16906e40e498ff	fb16906e40e498ffcf9831dee77f596177880a358849ae2d667514ccaa886263	lerobot_groot_n15	n15	lerobot_groot_n15__robocasa365_ckpt120000		0	Open the left drawer.	robocasa_panda_omron/OpenDrawer_PandaOmron_Env	100410	1300002	0	0			5		1	7	0.0	0.1	9	9		Open the left drawer.	0	all_token_full	groot_n15_dit_block_residual_full_tokens_denoise	["layer","denoise_step","model_token","feature_dim"]	[7,4,49,1536]	[0,2,4,8,10,12,15]	n15_grid_v6_scene_jitter	grid_coord	meta	meta_json	375e3c46c962/kanu/OpenDrawer/left/s1/j2/n2/base
375e3c46c962	kanu	OpenDrawer/left	1	2	3	base	activation	3d817ac4a2966ca4	3d817ac4a2966ca4b8685619a1f36b700ab723bff7a9ed3447590e0afe70f0d5	lerobot_groot_n15	n15	lerobot_groot_n15__robocasa365_ckpt120000		0	Open the left drawer.	robocasa_panda_omron/OpenDrawer_PandaOmron_Env	100410	1300003	0	0			5		1	7	0.0	0.1	9	9		Open the left drawer.	0	all_token_full	groot_n15_dit_block_residual_full_tokens_denoise	["layer","denoise_step","model_token","feature_dim"]	[7,4,49,1536]	[0,2,4,8,10,12,15]	n15_grid_v6_scene_jitter	grid_coord	meta	meta_json	375e3c46c962/kanu/OpenDrawer/left/s1/j2/n3/base
375e3c46c962	kanu	OpenDrawer/left	1	2	4	base	activation	207a853c3834e1f7	207a853c3834e1f7dd5b9dec39c240beb7d79b7536102cfba15be846a110a5af	lerobot_groot_n15	n15	lerobot_groot_n15__robocasa365_ckpt120000		0	Open the left drawer.	robocasa_panda_omron/OpenDrawer_PandaOmron_Env	100410	1300004	0	0			5		1	7	0.0	0.1	9	9		Open the left drawer.	0	all_token_full	groot_n15_dit_block_residual_full_tokens_denoise	["layer","denoise_step","model_token","feature_dim"]	[7,4,49,1536]	[0,2,4,8,10,12,15]	n15_grid_v6_scene_jitter	grid_coord	meta	meta_json	375e3c46c962/kanu/OpenDrawer/left/s1/j2/n4/base
375e3c46c962	kanu	OpenDrawer/left	1	3	0	base	activation	759d1a90218011a9	759d1a90218011a95f029c919347e7a875eb7bb3fa3b112eda3699b5290ce2de	lerobot_groot_n15	n15	lerobot_groot_n15__robocasa365_ckpt120000		0	Open the left drawer.	robocasa_panda_omron/OpenDrawer_PandaOmron_Env	100410	1300000	0	0			5		1	8	0.0	0.05	9	9		Open the left drawer.	0	all_token_full	groot_n15_dit_block_residual_full_tokens_denoise	["layer","denoise_step","model_token","feature_dim"]	[7,4,49,1536]	[0,2,4,8,10,12,15]	n15_grid_v6_scene_jitter	grid_coord	meta	meta_json	375e3c46c962/kanu/OpenDrawer/left/s1/j3/n0/base
375e3c46c962	kanu	OpenDrawer/left	1	3	1	base	activation	f21efdd4e5a83797	f21efdd4e5a8379752c274d3f293a709940ca0a2a1cc155eefca43a39ddd6f8b	lerobot_groot_n15	n15	lerobot_groot_n15__robocasa365_ckpt120000		0	Open the left drawer.	robocasa_panda_omron/OpenDrawer_PandaOmron_Env	100410	1300001	0	0			5		1	8	0.0	0.05	9	9		Open the left drawer.	0	all_token_full	groot_n15_dit_block_residual_full_tokens_denoise	["layer","denoise_step","model_token","feature_dim"]	[7,4,49,1536]	[0,2,4,8,10,12,15]	n15_grid_v6_scene_jitter	grid_coord	meta	meta_json	375e3c46c962/kanu/OpenDrawer/left/s1/j3/n1/base
375e3c46c962	kanu	OpenDrawer/left	1	3	2	base	activation	9abaabcb6102f150	9abaabcb6102f15015798981155f2d776fb463e1c05a5dfc6bdd75dcbae93298	lerobot_groot_n15	n15	lerobot_groot_n15__robocasa365_ckpt120000		0	Open the left drawer.	robocasa_panda_omron/OpenDrawer_PandaOmron_Env	100410	1300002	0	0			5		1	8	0.0	0.05	9	9		Open the left drawer.	0	all_token_full	groot_n15_dit_block_residual_full_tokens_denoise	["layer","denoise_step","model_token","feature_dim"]	[7,4,49,1536]	[0,2,4,8,10,12,15]	n15_grid_v6_scene_jitter	grid_coord	meta	meta_json	375e3c46c962/kanu/OpenDrawer/left/s1/j3/n2/base
375e3c46c962	kanu	OpenDrawer/left	1	3	3	base	activation	487f03635dee7990	487f03635dee799002410ae2921acc1906ffe67c0bea585cf0eef429d3c236fc	lerobot_groot_n15	n15	lerobot_groot_n15__robocasa365_ckpt120000		0	Open the left drawer.	robocasa_panda_omron/OpenDrawer_PandaOmron_Env	100410	1300003	0	0			5		1	8	0.0	0.05	9	9		Open the left drawer.	0	all_token_full	groot_n15_dit_block_residual_full_tokens_denoise	["layer","denoise_step","model_token","feature_dim"]	[7,4,49,1536]	[0,2,4,8,10,12,15]	n15_grid_v6_scene_jitter	grid_coord	meta	meta_json	375e3c46c962/kanu/OpenDrawer/left/s1/j3/n3/base
375e3c46c962	kanu	OpenDrawer/left	1	3	4	base	activation	822e278bd113adaf	822e278bd113adafcb22fa814b046f475ce7b04add56ace7e53140f934b84065	lerobot_groot_n15	n15	lerobot_groot_n15__robocasa365_ckpt120000		0	Open the left drawer.	robocasa_panda_omron/OpenDrawer_PandaOmron_Env	100410	1300004	0	0			5		1	8	0.0	0.05	9	9		Open the left drawer.	0	all_token_full	groot_n15_dit_block_residual_full_tokens_denoise	["layer","denoise_step","model_token","feature_dim"]	[7,4,49,1536]	[0,2,4,8,10,12,15]	n15_grid_v6_scene_jitter	grid_coord	meta	meta_json	375e3c46c962/kanu/OpenDrawer/left/s1/j3/n4/base
375e3c46c962	kanu	OpenDrawer/left	1	4	0	base	activation	b24299fe8f2ddefb	b24299fe8f2ddefb4ce6777e26d73df50a24523ba183d70c1d5a64f1d7d50a9d	lerobot_groot_n15	n15	lerobot_groot_n15__robocasa365_ckpt120000		0	Open the left drawer.	robocasa_panda_omron/OpenDrawer_PandaOmron_Env	100410	1300000	0	0			5		1	11	0.0	0.1	9	9		Open the left drawer.	0	all_token_full	groot_n15_dit_block_residual_full_tokens_denoise	["layer","denoise_step","model_token","feature_dim"]	[7,4,49,1536]	[0,2,4,8,10,12,15]	n15_grid_v6_scene_jitter	grid_coord	meta	meta_json	375e3c46c962/kanu/OpenDrawer/left/s1/j4/n0/base
375e3c46c962	kanu	OpenDrawer/left	1	4	1	base	activation	159b32fec921fc67	159b32fec921fc674f4272836cca7b76b468b568bd6e36db728a28021284db99	lerobot_groot_n15	n15	lerobot_groot_n15__robocasa365_ckpt120000		0	Open the left drawer.	robocasa_panda_omron/OpenDrawer_PandaOmron_Env	100410	1300001	0	0			5		1	11	0.0	0.1	9	9		Open the left drawer.	0	all_token_full	groot_n15_dit_block_residual_full_tokens_denoise	["layer","denoise_step","model_token","feature_dim"]	[7,4,49,1536]	[0,2,4,8,10,12,15]	n15_grid_v6_scene_jitter	grid_coord	meta	meta_json	375e3c46c962/kanu/OpenDrawer/left/s1/j4/n1/base
375e3c46c962	kanu	OpenDrawer/left	1	4	2	base	activation	e87239d8db938c29	e87239d8db938c290c3073e46f1ac26e8d0c6080f77d0ea764b3c1e801447cb8	lerobot_groot_n15	n15	lerobot_groot_n15__robocasa365_ckpt120000		0	Open the left drawer.	robocasa_panda_omron/OpenDrawer_PandaOmron_Env	100410	1300002	0	0			5		1	11	0.0	0.1	9	9		Open the left drawer.	0	all_token_full	groot_n15_dit_block_residual_full_tokens_denoise	["layer","denoise_step","model_token","feature_dim"]	[7,4,49,1536]	[0,2,4,8,10,12,15]	n15_grid_v6_scene_jitter	grid_coord	meta	meta_json	375e3c46c962/kanu/OpenDrawer/left/s1/j4/n2/base
375e3c46c962	kanu	OpenDrawer/left	1	4	3	base	activation	c26ad3d89a6361b7	c26ad3d89a6361b731f400a79395e295196b37859f6c6f8d17a85bee748f6a40	lerobot_groot_n15	n15	lerobot_groot_n15__robocasa365_ckpt120000		0	Open the left drawer.	robocasa_panda_omron/OpenDrawer_PandaOmron_Env	100410	1300003	0	0			5		1	11	0.0	0.1	9	9		Open the left drawer.	0	all_token_full	groot_n15_dit_block_residual_full_tokens_denoise	["layer","denoise_step","model_token","feature_dim"]	[7,4,49,1536]	[0,2,4,8,10,12,15]	n15_grid_v6_scene_jitter	grid_coord	meta	meta_json	375e3c46c962/kanu/OpenDrawer/left/s1/j4/n3/base
375e3c46c962	kanu	OpenDrawer/left	1	4	4	base	activation	4ac703612055214e	4ac703612055214e9924c9131ab31df9b837f64a38497ad56d498d076a1951d1	lerobot_groot_n15	n15	lerobot_groot_n15__robocasa365_ckpt120000		0	Open the left drawer.	robocasa_panda_omron/OpenDrawer_PandaOmron_Env	100410	1300004	0	0			5		1	11	0.0	0.1	9	9		Open the left drawer.	0	all_token_full	groot_n15_dit_block_residual_full_tokens_denoise	["layer","denoise_step","model_token","feature_dim"]	[7,4,49,1536]	[0,2,4,8,10,12,15]	n15_grid_v6_scene_jitter	grid_coord	meta	meta_json	375e3c46c962/kanu/OpenDrawer/left/s1/j4/n4/base
375e3c46c962	kanu	OpenDrawer/left	2	0	0	base	activation	f655097c41c354b6	f655097c41c354b6f9ffe2edcccd813df25b93d8d5bbe9c1b381cf2e7ce9fa61	lerobot_groot_n15	n15	lerobot_groot_n15__robocasa365_ckpt120000		0	Open the left drawer.	robocasa_panda_omron/OpenDrawer_PandaOmron_Env	100005	1300000	0	1			5		1	2	0.0	0.0	5	5		Open the left drawer.	0	all_token_full	groot_n15_dit_block_residual_full_tokens_denoise	["layer","denoise_step","model_token","feature_dim"]	[7,4,49,1536]	[0,2,4,8,10,12,15]	n15_grid_v6_scene_jitter	grid_coord	meta	meta_json	375e3c46c962/kanu/OpenDrawer/left/s2/j0/n0/base
375e3c46c962	kanu	OpenDrawer/left	2	0	1	base	activation	ade86aa767301551	ade86aa767301551f4e7f96a6696b2861a18d0d9eaac8804e4e8a2cadf7e4f46	lerobot_groot_n15	n15	lerobot_groot_n15__robocasa365_ckpt120000		0	Open the left drawer.	robocasa_panda_omron/OpenDrawer_PandaOmron_Env	100005	1300001	0	1			5		1	2	0.0	0.0	5	5		Open the left drawer.	0	all_token_full	groot_n15_dit_block_residual_full_tokens_denoise	["layer","denoise_step","model_token","feature_dim"]	[7,4,49,1536]	[0,2,4,8,10,12,15]	n15_grid_v6_scene_jitter	grid_coord	meta	meta_json	375e3c46c962/kanu/OpenDrawer/left/s2/j0/n1/base
375e3c46c962	kanu	OpenDrawer/left	2	0	2	base	activation	6e25f389b70c5ea2	6e25f389b70c5ea29a774f8e4579b570ca952097db1dc1a1e008842bef63eb94	lerobot_groot_n15	n15	lerobot_groot_n15__robocasa365_ckpt120000		0	Open the left drawer.	robocasa_panda_omron/OpenDrawer_PandaOmron_Env	100005	1300002	0	1			5		1	2	0.0	0.0	5	5		Open the left drawer.	0	all_token_full	groot_n15_dit_block_residual_full_tokens_denoise	["layer","denoise_step","model_token","feature_dim"]	[7,4,49,1536]	[0,2,4,8,10,12,15]	n15_grid_v6_scene_jitter	grid_coord	meta	meta_json	375e3c46c962/kanu/OpenDrawer/left/s2/j0/n2/base
375e3c46c962	kanu	OpenDrawer/left	2	0	3	base	activation	c4c552d52dd52911	c4c552d52dd529117bbaee677267d29fda8f4f10a46c9bc51666024c1b82703c	lerobot_groot_n15	n15	lerobot_groot_n15__robocasa365_ckpt120000		0	Open the left drawer.	robocasa_panda_omron/OpenDrawer_PandaOmron_Env	100005	1300003	0	1			5		1	2	0.0	0.0	5	5		Open the left drawer.	0	all_token_full	groot_n15_dit_block_residual_full_tokens_denoise	["layer","denoise_step","model_token","feature_dim"]	[7,4,49,1536]	[0,2,4,8,10,12,15]	n15_grid_v6_scene_jitter	grid_coord	meta	meta_json	375e3c46c962/kanu/OpenDrawer/left/s2/j0/n3/base
375e3c46c962	kanu	OpenDrawer/left	2	0	4	base	activation	b1205a3d93ff01e8	b1205a3d93ff01e8d3afe3f2f5c06b1171dc6c61566c51606114756d7a2178a0	lerobot_groot_n15	n15	lerobot_groot_n15__robocasa365_ckpt120000		0	Open the left drawer.	robocasa_panda_omron/OpenDrawer_PandaOmron_Env	100005	1300004	0	1			5		1	2	0.0	0.0	5	5		Open the left drawer.	0	all_token_full	groot_n15_dit_block_residual_full_tokens_denoise	["layer","denoise_step","model_token","feature_dim"]	[7,4,49,1536]	[0,2,4,8,10,12,15]	n15_grid_v6_scene_jitter	grid_coord	meta	meta_json	375e3c46c962/kanu/OpenDrawer/left/s2/j0/n4/base
375e3c46c962	kanu	OpenDrawer/left	2	1	0	base	activation	0c626332415af362	0c626332415af362a9e0e2832afb5a0ec60de65e69e82b681411071e944f8e4c	lerobot_groot_n15	n15	lerobot_groot_n15__robocasa365_ckpt120000		0	Open the left drawer.	robocasa_panda_omron/OpenDrawer_PandaOmron_Env	100005	1300000	0	0			5		1	9	0.0	0.05	5	5		Open the left drawer.	0	all_token_full	groot_n15_dit_block_residual_full_tokens_denoise	["layer","denoise_step","model_token","feature_dim"]	[7,4,49,1536]	[0,2,4,8,10,12,15]	n15_grid_v6_scene_jitter	grid_coord	meta	meta_json	375e3c46c962/kanu/OpenDrawer/left/s2/j1/n0/base
375e3c46c962	kanu	OpenDrawer/left	2	1	1	base	activation	ca20f94ac8dcc6da	ca20f94ac8dcc6da52159cf1ca762045aecbea1028c7b61537fb79a758eaaf5d	lerobot_groot_n15	n15	lerobot_groot_n15__robocasa365_ckpt120000		0	Open the left drawer.	robocasa_panda_omron/OpenDrawer_PandaOmron_Env	100005	1300001	0	1			5		1	9	0.0	0.05	5	5		Open the left drawer.	0	all_token_full	groot_n15_dit_block_residual_full_tokens_denoise	["layer","denoise_step","model_token","feature_dim"]	[7,4,49,1536]	[0,2,4,8,10,12,15]	n15_grid_v6_scene_jitter	grid_coord	meta	meta_json	375e3c46c962/kanu/OpenDrawer/left/s2/j1/n1/base
375e3c46c962	kanu	OpenDrawer/left	2	1	2	base	activation	19461beac9481721	19461beac948172150dc0be188d5b4125ec927eb133563b060c4bac8259d7f9f	lerobot_groot_n15	n15	lerobot_groot_n15__robocasa365_ckpt120000		0	Open the left drawer.	robocasa_panda_omron/OpenDrawer_PandaOmron_Env	100005	1300002	0	0			5		1	9	0.0	0.05	5	5		Open the left drawer.	0	all_token_full	groot_n15_dit_block_residual_full_tokens_denoise	["layer","denoise_step","model_token","feature_dim"]	[7,4,49,1536]	[0,2,4,8,10,12,15]	n15_grid_v6_scene_jitter	grid_coord	meta	meta_json	375e3c46c962/kanu/OpenDrawer/left/s2/j1/n2/base
375e3c46c962	kanu	OpenDrawer/left	2	1	3	base	activation	ad357182c103e4b9	ad357182c103e4b9c9664694cbccdd9a9a2c9727e9ec6f0f61721a1de0588f0d	lerobot_groot_n15	n15	lerobot_groot_n15__robocasa365_ckpt120000		0	Open the left drawer.	robocasa_panda_omron/OpenDrawer_PandaOmron_Env	100005	1300003	0	0			5		1	9	0.0	0.05	5	5		Open the left drawer.	0	all_token_full	groot_n15_dit_block_residual_full_tokens_denoise	["layer","denoise_step","model_token","feature_dim"]	[7,4,49,1536]	[0,2,4,8,10,12,15]	n15_grid_v6_scene_jitter	grid_coord	meta	meta_json	375e3c46c962/kanu/OpenDrawer/left/s2/j1/n3/base
375e3c46c962	kanu	OpenDrawer/left	2	1	4	base	activation	829c3648c3cd391b	829c3648c3cd391b9964760cb8a2845acac631adbf49a4ca6e6751ee6091f285	lerobot_groot_n15	n15	lerobot_groot_n15__robocasa365_ckpt120000		0	Open the left drawer.	robocasa_panda_omron/OpenDrawer_PandaOmron_Env	100005	1300004	0	1			5		1	9	0.0	0.05	5	5		Open the left drawer.	0	all_token_full	groot_n15_dit_block_residual_full_tokens_denoise	["layer","denoise_step","model_token","feature_dim"]	[7,4,49,1536]	[0,2,4,8,10,12,15]	n15_grid_v6_scene_jitter	grid_coord	meta	meta_json	375e3c46c962/kanu/OpenDrawer/left/s2/j1/n4/base
375e3c46c962	kanu	OpenDrawer/left	2	2	0	base	activation	120363929f8a62cd	120363929f8a62cd9cbe6f8ea3add10612d5b639f29af1af372e67fdc80846c9	lerobot_groot_n15	n15	lerobot_groot_n15__robocasa365_ckpt120000		0	Open the left drawer.	robocasa_panda_omron/OpenDrawer_PandaOmron_Env	100005	1300000	0	1			5		1	10	0.0	0.1	5	5		Open the left drawer.	0	all_token_full	groot_n15_dit_block_residual_full_tokens_denoise	["layer","denoise_step","model_token","feature_dim"]	[7,4,49,1536]	[0,2,4,8,10,12,15]	n15_grid_v6_scene_jitter	grid_coord	meta	meta_json	375e3c46c962/kanu/OpenDrawer/left/s2/j2/n0/base
375e3c46c962	kanu	OpenDrawer/left	2	2	1	base	activation	eb051a49fe9e8426	eb051a49fe9e84265d951552bfc30777fb0e077995c9224e0d425d0629a4c332	lerobot_groot_n15	n15	lerobot_groot_n15__robocasa365_ckpt120000		0	Open the left drawer.	robocasa_panda_omron/OpenDrawer_PandaOmron_Env	100005	1300001	0	1			5		1	10	0.0	0.1	5	5		Open the left drawer.	0	all_token_full	groot_n15_dit_block_residual_full_tokens_denoise	["layer","denoise_step","model_token","feature_dim"]	[7,4,49,1536]	[0,2,4,8,10,12,15]	n15_grid_v6_scene_jitter	grid_coord	meta	meta_json	375e3c46c962/kanu/OpenDrawer/left/s2/j2/n1/base
375e3c46c962	kanu	OpenDrawer/left	2	2	2	base	activation	74652cc29276c562	74652cc29276c562b97970b2bf048af6342a16b3c771025d3e28361ccb271524	lerobot_groot_n15	n15	lerobot_groot_n15__robocasa365_ckpt120000		0	Open the left drawer.	robocasa_panda_omron/OpenDrawer_PandaOmron_Env	100005	1300002	0	1			5		1	10	0.0	0.1	5	5		Open the left drawer.	0	all_token_full	groot_n15_dit_block_residual_full_tokens_denoise	["layer","denoise_step","model_token","feature_dim"]	[7,4,49,1536]	[0,2,4,8,10,12,15]	n15_grid_v6_scene_jitter	grid_coord	meta	meta_json	375e3c46c962/kanu/OpenDrawer/left/s2/j2/n2/base
375e3c46c962	kanu	OpenDrawer/left	2	2	3	base	activation	2385ee84282dea71	2385ee84282dea719947a6db2fabe7152daf1874a18e9c1817373338920070ff	lerobot_groot_n15	n15	lerobot_groot_n15__robocasa365_ckpt120000		0	Open the left drawer.	robocasa_panda_omron/OpenDrawer_PandaOmron_Env	100005	1300003	0	1			5		1	10	0.0	0.1	5	5		Open the left drawer.	0	all_token_full	groot_n15_dit_block_residual_full_tokens_denoise	["layer","denoise_step","model_token","feature_dim"]	[7,4,49,1536]	[0,2,4,8,10,12,15]	n15_grid_v6_scene_jitter	grid_coord	meta	meta_json	375e3c46c962/kanu/OpenDrawer/left/s2/j2/n3/base
375e3c46c962	kanu	OpenDrawer/left	2	2	4	base	activation	a6a5f59fb909c76b	a6a5f59fb909c76b6e86ee9ca035bdd5c02958c30a21014c992e532c7f9095a4	lerobot_groot_n15	n15	lerobot_groot_n15__robocasa365_ckpt120000		0	Open the left drawer.	robocasa_panda_omron/OpenDrawer_PandaOmron_Env	100005	1300004	0	1			5		1	10	0.0	0.1	5	5		Open the left drawer.	0	all_token_full	groot_n15_dit_block_residual_full_tokens_denoise	["layer","denoise_step","model_token","feature_dim"]	[7,4,49,1536]	[0,2,4,8,10,12,15]	n15_grid_v6_scene_jitter	grid_coord	meta	meta_json	375e3c46c962/kanu/OpenDrawer/left/s2/j2/n4/base
375e3c46c962	kanu	OpenDrawer/left	2	3	0	base	activation	4ba38a1420b6b69a	4ba38a1420b6b69a734d6b1246ac2694e493d75cdc31a5e1ac95eb8b04ce1019	lerobot_groot_n15	n15	lerobot_groot_n15__robocasa365_ckpt120000		0	Open the left drawer.	robocasa_panda_omron/OpenDrawer_PandaOmron_Env	100005	1300000	0	1			5		1	11	0.0	0.05	5	5		Open the left drawer.	0	all_token_full	groot_n15_dit_block_residual_full_tokens_denoise	["layer","denoise_step","model_token","feature_dim"]	[7,4,49,1536]	[0,2,4,8,10,12,15]	n15_grid_v6_scene_jitter	grid_coord	meta	meta_json	375e3c46c962/kanu/OpenDrawer/left/s2/j3/n0/base
375e3c46c962	kanu	OpenDrawer/left	2	3	1	base	activation	b9505bb20fa10a85	b9505bb20fa10a85e5588378c78621d9a70be048368111e58c57617ff735ccfa	lerobot_groot_n15	n15	lerobot_groot_n15__robocasa365_ckpt120000		0	Open the left drawer.	robocasa_panda_omron/OpenDrawer_PandaOmron_Env	100005	1300001	0	1			5		1	11	0.0	0.05	5	5		Open the left drawer.	0	all_token_full	groot_n15_dit_block_residual_full_tokens_denoise	["layer","denoise_step","model_token","feature_dim"]	[7,4,49,1536]	[0,2,4,8,10,12,15]	n15_grid_v6_scene_jitter	grid_coord	meta	meta_json	375e3c46c962/kanu/OpenDrawer/left/s2/j3/n1/base
375e3c46c962	kanu	OpenDrawer/left	2	3	2	base	activation	670325b81322065b	670325b81322065bb5865aa54a6c55ba900f880107c1de3365b9d888fdeb16a2	lerobot_groot_n15	n15	lerobot_groot_n15__robocasa365_ckpt120000		0	Open the left drawer.	robocasa_panda_omron/OpenDrawer_PandaOmron_Env	100005	1300002	0	1			5		1	11	0.0	0.05	5	5		Open the left drawer.	0	all_token_full	groot_n15_dit_block_residual_full_tokens_denoise	["layer","denoise_step","model_token","feature_dim"]	[7,4,49,1536]	[0,2,4,8,10,12,15]	n15_grid_v6_scene_jitter	grid_coord	meta	meta_json	375e3c46c962/kanu/OpenDrawer/left/s2/j3/n2/base
375e3c46c962	kanu	OpenDrawer/left	2	3	3	base	activation	7ccd7f7e8a74a5aa	7ccd7f7e8a74a5aa0b48c3a30793949fea191943508db3a4bba7aaf81e3828c9	lerobot_groot_n15	n15	lerobot_groot_n15__robocasa365_ckpt120000		0	Open the left drawer.	robocasa_panda_omron/OpenDrawer_PandaOmron_Env	100005	1300003	0	1			5		1	11	0.0	0.05	5	5		Open the left drawer.	0	all_token_full	groot_n15_dit_block_residual_full_tokens_denoise	["layer","denoise_step","model_token","feature_dim"]	[7,4,49,1536]	[0,2,4,8,10,12,15]	n15_grid_v6_scene_jitter	grid_coord	meta	meta_json	375e3c46c962/kanu/OpenDrawer/left/s2/j3/n3/base
375e3c46c962	kanu	OpenDrawer/left	2	3	4	base	activation	8a2ad62f549bc3f4	8a2ad62f549bc3f4d9a9b650a99048b664e3ec9082a91bcc8a2c49026daeb1f0	lerobot_groot_n15	n15	lerobot_groot_n15__robocasa365_ckpt120000		0	Open the left drawer.	robocasa_panda_omron/OpenDrawer_PandaOmron_Env	100005	1300004	0	1			5		1	11	0.0	0.05	5	5		Open the left drawer.	0	all_token_full	groot_n15_dit_block_residual_full_tokens_denoise	["layer","denoise_step","model_token","feature_dim"]	[7,4,49,1536]	[0,2,4,8,10,12,15]	n15_grid_v6_scene_jitter	grid_coord	meta	meta_json	375e3c46c962/kanu/OpenDrawer/left/s2/j3/n4/base
375e3c46c962	kanu	OpenDrawer/left	2	4	0	base	activation	afc4a5b1197e0cac	afc4a5b1197e0cacb1364908ff2b6da3850baff18768e1e92852b9040fd5140c	lerobot_groot_n15	n15	lerobot_groot_n15__robocasa365_ckpt120000		0	Open the left drawer.	robocasa_panda_omron/OpenDrawer_PandaOmron_Env	100005	1300000	0	1			5		1	14	0.0	0.1	5	5		Open the left drawer.	0	all_token_full	groot_n15_dit_block_residual_full_tokens_denoise	["layer","denoise_step","model_token","feature_dim"]	[7,4,49,1536]	[0,2,4,8,10,12,15]	n15_grid_v6_scene_jitter	grid_coord	meta	meta_json	375e3c46c962/kanu/OpenDrawer/left/s2/j4/n0/base
375e3c46c962	kanu	OpenDrawer/left	2	4	1	base	activation	e2391d8a91c9af10	e2391d8a91c9af1033667c65e780025d579af1a902dfe51f9fd29dc5b4f2ca61	lerobot_groot_n15	n15	lerobot_groot_n15__robocasa365_ckpt120000		0	Open the left drawer.	robocasa_panda_omron/OpenDrawer_PandaOmron_Env	100005	1300001	0	1			5		1	14	0.0	0.1	5	5		Open the left drawer.	0	all_token_full	groot_n15_dit_block_residual_full_tokens_denoise	["layer","denoise_step","model_token","feature_dim"]	[7,4,49,1536]	[0,2,4,8,10,12,15]	n15_grid_v6_scene_jitter	grid_coord	meta	meta_json	375e3c46c962/kanu/OpenDrawer/left/s2/j4/n1/base
375e3c46c962	kanu	OpenDrawer/left	2	4	2	base	activation	08c9b98b3032384b	08c9b98b3032384b53c48a830c2333969460dfd3374af867f40eb8a90563542c	lerobot_groot_n15	n15	lerobot_groot_n15__robocasa365_ckpt120000		0	Open the left drawer.	robocasa_panda_omron/OpenDrawer_PandaOmron_Env	100005	1300002	0	1			5		1	14	0.0	0.1	5	5		Open the left drawer.	0	all_token_full	groot_n15_dit_block_residual_full_tokens_denoise	["layer","denoise_step","model_token","feature_dim"]	[7,4,49,1536]	[0,2,4,8,10,12,15]	n15_grid_v6_scene_jitter	grid_coord	meta	meta_json	375e3c46c962/kanu/OpenDrawer/left/s2/j4/n2/base
375e3c46c962	kanu	OpenDrawer/left	2	4	3	base	activation	a467b6fa3c05f69b	a467b6fa3c05f69b2861c315af3f5f987afed4ed2f8161e95e19e81c4a6151d3	lerobot_groot_n15	n15	lerobot_groot_n15__robocasa365_ckpt120000		0	Open the left drawer.	robocasa_panda_omron/OpenDrawer_PandaOmron_Env	100005	1300003	0	1			5		1	14	0.0	0.1	5	5		Open the left drawer.	0	all_token_full	groot_n15_dit_block_residual_full_tokens_denoise	["layer","denoise_step","model_token","feature_dim"]	[7,4,49,1536]	[0,2,4,8,10,12,15]	n15_grid_v6_scene_jitter	grid_coord	meta	meta_json	375e3c46c962/kanu/OpenDrawer/left/s2/j4/n3/base
375e3c46c962	kanu	OpenDrawer/left	2	4	4	base	activation	1370c16b614bc6d5	1370c16b614bc6d5e8aa243f44f50dbf96c88d9001a23742047ef5649e2a7a59	lerobot_groot_n15	n15	lerobot_groot_n15__robocasa365_ckpt120000		0	Open the left drawer.	robocasa_panda_omron/OpenDrawer_PandaOmron_Env	100005	1300004	0	1			5		1	14	0.0	0.1	5	5		Open the left drawer.	0	all_token_full	groot_n15_dit_block_residual_full_tokens_denoise	["layer","denoise_step","model_token","feature_dim"]	[7,4,49,1536]	[0,2,4,8,10,12,15]	n15_grid_v6_scene_jitter	grid_coord	meta	meta_json	375e3c46c962/kanu/OpenDrawer/left/s2/j4/n4/base
375e3c46c962	kanu	OpenDrawer/right	0	0	0	base	activation	6e274a00849c4431	6e274a00849c44313b2f2e81e9e50acdf43ba933263534e1bc49a8cd210711d5	lerobot_groot_n15	n15	lerobot_groot_n15__robocasa365_ckpt120000		0	Open the right drawer.	robocasa_panda_omron/OpenDrawer_PandaOmron_Env	100311	1300000	0	1			5		1	0	0.0	0.0	4	4		Open the right drawer.	0	all_token_full	groot_n15_dit_block_residual_full_tokens_denoise	["layer","denoise_step","model_token","feature_dim"]	[7,4,49,1536]	[0,2,4,8,10,12,15]	n15_grid_v6_scene_jitter	grid_coord	meta	meta_json	375e3c46c962/kanu/OpenDrawer/right/s0/j0/n0/base
375e3c46c962	kanu	OpenDrawer/right	0	0	1	base	activation	a703278ec6f437c2	a703278ec6f437c2eb8097105822f1aa620d3af7f15f9f0ea516d674b17d6f29	lerobot_groot_n15	n15	lerobot_groot_n15__robocasa365_ckpt120000		0	Open the right drawer.	robocasa_panda_omron/OpenDrawer_PandaOmron_Env	100311	1300001	0	1			5		1	0	0.0	0.0	4	4		Open the right drawer.	0	all_token_full	groot_n15_dit_block_residual_full_tokens_denoise	["layer","denoise_step","model_token","feature_dim"]	[7,4,49,1536]	[0,2,4,8,10,12,15]	n15_grid_v6_scene_jitter	grid_coord	meta	meta_json	375e3c46c962/kanu/OpenDrawer/right/s0/j0/n1/base
375e3c46c962	kanu	OpenDrawer/right	0	0	2	base	activation	98f766f3f2b3996a	98f766f3f2b3996a4c3b2efc50de06d2f0949916daee41d0630ac4248aee4739	lerobot_groot_n15	n15	lerobot_groot_n15__robocasa365_ckpt120000		0	Open the right drawer.	robocasa_panda_omron/OpenDrawer_PandaOmron_Env	100311	1300002	0	1			5		1	0	0.0	0.0	4	4		Open the right drawer.	0	all_token_full	groot_n15_dit_block_residual_full_tokens_denoise	["layer","denoise_step","model_token","feature_dim"]	[7,4,49,1536]	[0,2,4,8,10,12,15]	n15_grid_v6_scene_jitter	grid_coord	meta	meta_json	375e3c46c962/kanu/OpenDrawer/right/s0/j0/n2/base
375e3c46c962	kanu	OpenDrawer/right	0	0	3	base	activation	960d1c823b452dd5	960d1c823b452dd5492a14cd56bee86913b4fe6a48eef037f993cc59581cc59e	lerobot_groot_n15	n15	lerobot_groot_n15__robocasa365_ckpt120000		0	Open the right drawer.	robocasa_panda_omron/OpenDrawer_PandaOmron_Env	100311	1300003	0	1			5		1	0	0.0	0.0	4	4		Open the right drawer.	0	all_token_full	groot_n15_dit_block_residual_full_tokens_denoise	["layer","denoise_step","model_token","feature_dim"]	[7,4,49,1536]	[0,2,4,8,10,12,15]	n15_grid_v6_scene_jitter	grid_coord	meta	meta_json	375e3c46c962/kanu/OpenDrawer/right/s0/j0/n3/base
375e3c46c962	kanu	OpenDrawer/right	0	0	4	base	activation	57380f3f2ca050ac	57380f3f2ca050ac515563f501d6760b4006edafb0ad8215419ea28d14c1d80b	lerobot_groot_n15	n15	lerobot_groot_n15__robocasa365_ckpt120000		0	Open the right drawer.	robocasa_panda_omron/OpenDrawer_PandaOmron_Env	100311	1300004	0	1			5		1	0	0.0	0.0	4	4		Open the right drawer.	0	all_token_full	groot_n15_dit_block_residual_full_tokens_denoise	["layer","denoise_step","model_token","feature_dim"]	[7,4,49,1536]	[0,2,4,8,10,12,15]	n15_grid_v6_scene_jitter	grid_coord	meta	meta_json	375e3c46c962/kanu/OpenDrawer/right/s0/j0/n4/base
375e3c46c962	kanu	OpenDrawer/right	0	1	0	base	activation	fd28fafb1812d043	fd28fafb1812d043b0022a8b67c276984b6591aabcc4b1ee0601877bc27f9b38	lerobot_groot_n15	n15	lerobot_groot_n15__robocasa365_ckpt120000		0	Open the right drawer.	robocasa_panda_omron/OpenDrawer_PandaOmron_Env	100311	1300000	0	1			5		1	2	0.0	0.05	4	4		Open the right drawer.	0	all_token_full	groot_n15_dit_block_residual_full_tokens_denoise	["layer","denoise_step","model_token","feature_dim"]	[7,4,49,1536]	[0,2,4,8,10,12,15]	n15_grid_v6_scene_jitter	grid_coord	meta	meta_json	375e3c46c962/kanu/OpenDrawer/right/s0/j1/n0/base
375e3c46c962	kanu	OpenDrawer/right	0	1	1	base	activation	5d98306d8a910b03	5d98306d8a910b035d7e50dc5e6863b683370978bf853b61188a0d196f4ad2de	lerobot_groot_n15	n15	lerobot_groot_n15__robocasa365_ckpt120000		0	Open the right drawer.	robocasa_panda_omron/OpenDrawer_PandaOmron_Env	100311	1300001	0	1			5		1	2	0.0	0.05	4	4		Open the right drawer.	0	all_token_full	groot_n15_dit_block_residual_full_tokens_denoise	["layer","denoise_step","model_token","feature_dim"]	[7,4,49,1536]	[0,2,4,8,10,12,15]	n15_grid_v6_scene_jitter	grid_coord	meta	meta_json	375e3c46c962/kanu/OpenDrawer/right/s0/j1/n1/base
375e3c46c962	kanu	OpenDrawer/right	0	1	2	base	activation	489b47f0ccc08ae6	489b47f0ccc08ae62c0a9eceaa97b6c3dc1088452b357858671c0e82fd565d73	lerobot_groot_n15	n15	lerobot_groot_n15__robocasa365_ckpt120000		0	Open the right drawer.	robocasa_panda_omron/OpenDrawer_PandaOmron_Env	100311	1300002	0	1			5		1	2	0.0	0.05	4	4		Open the right drawer.	0	all_token_full	groot_n15_dit_block_residual_full_tokens_denoise	["layer","denoise_step","model_token","feature_dim"]	[7,4,49,1536]	[0,2,4,8,10,12,15]	n15_grid_v6_scene_jitter	grid_coord	meta	meta_json	375e3c46c962/kanu/OpenDrawer/right/s0/j1/n2/base
375e3c46c962	kanu	OpenDrawer/right	0	1	3	base	activation	d2751507bc96a4b0	d2751507bc96a4b0145db88e4f2e255ee8b9390869a246331870b1623496c0bc	lerobot_groot_n15	n15	lerobot_groot_n15__robocasa365_ckpt120000		0	Open the right drawer.	robocasa_panda_omron/OpenDrawer_PandaOmron_Env	100311	1300003	0	1			5		1	2	0.0	0.05	4	4		Open the right drawer.	0	all_token_full	groot_n15_dit_block_residual_full_tokens_denoise	["layer","denoise_step","model_token","feature_dim"]	[7,4,49,1536]	[0,2,4,8,10,12,15]	n15_grid_v6_scene_jitter	grid_coord	meta	meta_json	375e3c46c962/kanu/OpenDrawer/right/s0/j1/n3/base
375e3c46c962	kanu	OpenDrawer/right	0	1	4	base	activation	9f4b196286642a06	9f4b196286642a06721e37035bf4e87e22f1c2a6450e146146518986091cea3f	lerobot_groot_n15	n15	lerobot_groot_n15__robocasa365_ckpt120000		0	Open the right drawer.	robocasa_panda_omron/OpenDrawer_PandaOmron_Env	100311	1300004	0	1			5		1	2	0.0	0.05	4	4		Open the right drawer.	0	all_token_full	groot_n15_dit_block_residual_full_tokens_denoise	["layer","denoise_step","model_token","feature_dim"]	[7,4,49,1536]	[0,2,4,8,10,12,15]	n15_grid_v6_scene_jitter	grid_coord	meta	meta_json	375e3c46c962/kanu/OpenDrawer/right/s0/j1/n4/base
375e3c46c962	kanu	OpenDrawer/right	0	2	0	base	activation	a9b8210c37e42120	a9b8210c37e4212045f7e0222b368e87e3a25a6a3a2aa7dcbf4549bc13e08973	lerobot_groot_n15	n15	lerobot_groot_n15__robocasa365_ckpt120000		0	Open the right drawer.	robocasa_panda_omron/OpenDrawer_PandaOmron_Env	100311	1300000	0	1			5		1	3	0.0	0.1	4	4		Open the right drawer.	0	all_token_full	groot_n15_dit_block_residual_full_tokens_denoise	["layer","denoise_step","model_token","feature_dim"]	[7,4,49,1536]	[0,2,4,8,10,12,15]	n15_grid_v6_scene_jitter	grid_coord	meta	meta_json	375e3c46c962/kanu/OpenDrawer/right/s0/j2/n0/base
375e3c46c962	kanu	OpenDrawer/right	0	2	1	base	activation	119304cd17d86dae	119304cd17d86daed55e78abb5cad194d05789d2b0de8261eb9285294a831927	lerobot_groot_n15	n15	lerobot_groot_n15__robocasa365_ckpt120000		0	Open the right drawer.	robocasa_panda_omron/OpenDrawer_PandaOmron_Env	100311	1300001	0	1			5		1	3	0.0	0.1	4	4		Open the right drawer.	0	all_token_full	groot_n15_dit_block_residual_full_tokens_denoise	["layer","denoise_step","model_token","feature_dim"]	[7,4,49,1536]	[0,2,4,8,10,12,15]	n15_grid_v6_scene_jitter	grid_coord	meta	meta_json	375e3c46c962/kanu/OpenDrawer/right/s0/j2/n1/base
375e3c46c962	kanu	OpenDrawer/right	0	2	2	base	activation	f9ce8faf9af378a8	f9ce8faf9af378a8e42158370026f5705fb39c1a5d11617839ffd7cde992a8d9	lerobot_groot_n15	n15	lerobot_groot_n15__robocasa365_ckpt120000		0	Open the right drawer.	robocasa_panda_omron/OpenDrawer_PandaOmron_Env	100311	1300002	0	1			5		1	3	0.0	0.1	4	4		Open the right drawer.	0	all_token_full	groot_n15_dit_block_residual_full_tokens_denoise	["layer","denoise_step","model_token","feature_dim"]	[7,4,49,1536]	[0,2,4,8,10,12,15]	n15_grid_v6_scene_jitter	grid_coord	meta	meta_json	375e3c46c962/kanu/OpenDrawer/right/s0/j2/n2/base
375e3c46c962	kanu	OpenDrawer/right	0	2	3	base	activation	3b4b85f5739da8fe	3b4b85f5739da8fe9c8d17f78c1ab0cb97801437b49769c386ccd83c4c20beee	lerobot_groot_n15	n15	lerobot_groot_n15__robocasa365_ckpt120000		0	Open the right drawer.	robocasa_panda_omron/OpenDrawer_PandaOmron_Env	100311	1300003	0	1			5		1	3	0.0	0.1	4	4		Open the right drawer.	0	all_token_full	groot_n15_dit_block_residual_full_tokens_denoise	["layer","denoise_step","model_token","feature_dim"]	[7,4,49,1536]	[0,2,4,8,10,12,15]	n15_grid_v6_scene_jitter	grid_coord	meta	meta_json	375e3c46c962/kanu/OpenDrawer/right/s0/j2/n3/base
375e3c46c962	kanu	OpenDrawer/right	0	2	4	base	activation	460edf233ceb703c	460edf233ceb703cb5a301040062ce79fdecf8b4756da9df771bfea5bca5390b	lerobot_groot_n15	n15	lerobot_groot_n15__robocasa365_ckpt120000		0	Open the right drawer.	robocasa_panda_omron/OpenDrawer_PandaOmron_Env	100311	1300004	0	1			5		1	3	0.0	0.1	4	4		Open the right drawer.	0	all_token_full	groot_n15_dit_block_residual_full_tokens_denoise	["layer","denoise_step","model_token","feature_dim"]	[7,4,49,1536]	[0,2,4,8,10,12,15]	n15_grid_v6_scene_jitter	grid_coord	meta	meta_json	375e3c46c962/kanu/OpenDrawer/right/s0/j2/n4/base
375e3c46c962	kanu	OpenDrawer/right	0	3	0	base	activation	c826905322cfcc00	c826905322cfcc005258a66650a12e14316471106f14c0b3825bccdb67ff4d92	lerobot_groot_n15	n15	lerobot_groot_n15__robocasa365_ckpt120000		0	Open the right drawer.	robocasa_panda_omron/OpenDrawer_PandaOmron_Env	100311	1300000	0	0			5		1	6	0.0	0.05	4	4		Open the right drawer.	0	all_token_full	groot_n15_dit_block_residual_full_tokens_denoise	["layer","denoise_step","model_token","feature_dim"]	[7,4,49,1536]	[0,2,4,8,10,12,15]	n15_grid_v6_scene_jitter	grid_coord	meta	meta_json	375e3c46c962/kanu/OpenDrawer/right/s0/j3/n0/base
375e3c46c962	kanu	OpenDrawer/right	0	3	1	base	activation	9aea29f480bde0cf	9aea29f480bde0cffa022316985955f128663912e7933d2373b5d90102dd7db5	lerobot_groot_n15	n15	lerobot_groot_n15__robocasa365_ckpt120000		0	Open the right drawer.	robocasa_panda_omron/OpenDrawer_PandaOmron_Env	100311	1300001	0	1			5		1	6	0.0	0.05	4	4		Open the right drawer.	0	all_token_full	groot_n15_dit_block_residual_full_tokens_denoise	["layer","denoise_step","model_token","feature_dim"]	[7,4,49,1536]	[0,2,4,8,10,12,15]	n15_grid_v6_scene_jitter	grid_coord	meta	meta_json	375e3c46c962/kanu/OpenDrawer/right/s0/j3/n1/base
375e3c46c962	kanu	OpenDrawer/right	0	3	2	base	activation	11393a80b6997417	11393a80b69974177839816fcee3ba33533d82214db46bd5e7b0c3a6e4138bd7	lerobot_groot_n15	n15	lerobot_groot_n15__robocasa365_ckpt120000		0	Open the right drawer.	robocasa_panda_omron/OpenDrawer_PandaOmron_Env	100311	1300002	0	1			5		1	6	0.0	0.05	4	4		Open the right drawer.	0	all_token_full	groot_n15_dit_block_residual_full_tokens_denoise	["layer","denoise_step","model_token","feature_dim"]	[7,4,49,1536]	[0,2,4,8,10,12,15]	n15_grid_v6_scene_jitter	grid_coord	meta	meta_json	375e3c46c962/kanu/OpenDrawer/right/s0/j3/n2/base
375e3c46c962	kanu	OpenDrawer/right	0	3	3	base	activation	41027c93b7b0b318	41027c93b7b0b3188ff33bf9cfe1e41791fb8727acddd0f3bc0b8ffa68fcc2ef	lerobot_groot_n15	n15	lerobot_groot_n15__robocasa365_ckpt120000		0	Open the right drawer.	robocasa_panda_omron/OpenDrawer_PandaOmron_Env	100311	1300003	0	1			5		1	6	0.0	0.05	4	4		Open the right drawer.	0	all_token_full	groot_n15_dit_block_residual_full_tokens_denoise	["layer","denoise_step","model_token","feature_dim"]	[7,4,49,1536]	[0,2,4,8,10,12,15]	n15_grid_v6_scene_jitter	grid_coord	meta	meta_json	375e3c46c962/kanu/OpenDrawer/right/s0/j3/n3/base
375e3c46c962	kanu	OpenDrawer/right	0	3	4	base	activation	f8ec7df24cc6bc1e	f8ec7df24cc6bc1e84be53f84806742a99aa996972c55b3d4cd0f0b00479ef29	lerobot_groot_n15	n15	lerobot_groot_n15__robocasa365_ckpt120000		0	Open the right drawer.	robocasa_panda_omron/OpenDrawer_PandaOmron_Env	100311	1300004	0	0			5		1	6	0.0	0.05	4	4		Open the right drawer.	0	all_token_full	groot_n15_dit_block_residual_full_tokens_denoise	["layer","denoise_step","model_token","feature_dim"]	[7,4,49,1536]	[0,2,4,8,10,12,15]	n15_grid_v6_scene_jitter	grid_coord	meta	meta_json	375e3c46c962/kanu/OpenDrawer/right/s0/j3/n4/base
375e3c46c962	kanu	OpenDrawer/right	0	4	0	base	activation	c4c7c37d5c7dea92	c4c7c37d5c7dea9268da7a54135c217cb759dae2b49b837e85e83993e934c9a8	lerobot_groot_n15	n15	lerobot_groot_n15__robocasa365_ckpt120000		0	Open the right drawer.	robocasa_panda_omron/OpenDrawer_PandaOmron_Env	100311	1300000	0	1			5		1	10	0.0	0.1	4	4		Open the right drawer.	0	all_token_full	groot_n15_dit_block_residual_full_tokens_denoise	["layer","denoise_step","model_token","feature_dim"]	[7,4,49,1536]	[0,2,4,8,10,12,15]	n15_grid_v6_scene_jitter	grid_coord	meta	meta_json	375e3c46c962/kanu/OpenDrawer/right/s0/j4/n0/base
375e3c46c962	kanu	OpenDrawer/right	0	4	1	base	activation	205a000f62f53a35	205a000f62f53a35e2decfc302e67e170b1679fcaef3f9c31211774b06a4a85d	lerobot_groot_n15	n15	lerobot_groot_n15__robocasa365_ckpt120000		0	Open the right drawer.	robocasa_panda_omron/OpenDrawer_PandaOmron_Env	100311	1300001	0	1			5		1	10	0.0	0.1	4	4		Open the right drawer.	0	all_token_full	groot_n15_dit_block_residual_full_tokens_denoise	["layer","denoise_step","model_token","feature_dim"]	[7,4,49,1536]	[0,2,4,8,10,12,15]	n15_grid_v6_scene_jitter	grid_coord	meta	meta_json	375e3c46c962/kanu/OpenDrawer/right/s0/j4/n1/base
375e3c46c962	kanu	OpenDrawer/right	0	4	2	base	activation	34bb8e575401f564	34bb8e575401f564565bb0c408bb05fed58569bb2946af5b1e90aff108a7608e	lerobot_groot_n15	n15	lerobot_groot_n15__robocasa365_ckpt120000		0	Open the right drawer.	robocasa_panda_omron/OpenDrawer_PandaOmron_Env	100311	1300002	0	1			5		1	10	0.0	0.1	4	4		Open the right drawer.	0	all_token_full	groot_n15_dit_block_residual_full_tokens_denoise	["layer","denoise_step","model_token","feature_dim"]	[7,4,49,1536]	[0,2,4,8,10,12,15]	n15_grid_v6_scene_jitter	grid_coord	meta	meta_json	375e3c46c962/kanu/OpenDrawer/right/s0/j4/n2/base
375e3c46c962	kanu	OpenDrawer/right	0	4	3	base	activation	c13974ffdd2ef5c0	c13974ffdd2ef5c09a6f93cbf987a33273ce97baea5c048b1320764856d73cca	lerobot_groot_n15	n15	lerobot_groot_n15__robocasa365_ckpt120000		0	Open the right drawer.	robocasa_panda_omron/OpenDrawer_PandaOmron_Env	100311	1300003	0	1			5		1	10	0.0	0.1	4	4		Open the right drawer.	0	all_token_full	groot_n15_dit_block_residual_full_tokens_denoise	["layer","denoise_step","model_token","feature_dim"]	[7,4,49,1536]	[0,2,4,8,10,12,15]	n15_grid_v6_scene_jitter	grid_coord	meta	meta_json	375e3c46c962/kanu/OpenDrawer/right/s0/j4/n3/base
375e3c46c962	kanu	OpenDrawer/right	0	4	4	base	activation	560403dbf2a45d98	560403dbf2a45d98cf10d0d33fe996ff7cda5bcdec7bfe26c2b967468a5e9ad8	lerobot_groot_n15	n15	lerobot_groot_n15__robocasa365_ckpt120000		0	Open the right drawer.	robocasa_panda_omron/OpenDrawer_PandaOmron_Env	100311	1300004	0	1			5		1	10	0.0	0.1	4	4		Open the right drawer.	0	all_token_full	groot_n15_dit_block_residual_full_tokens_denoise	["layer","denoise_step","model_token","feature_dim"]	[7,4,49,1536]	[0,2,4,8,10,12,15]	n15_grid_v6_scene_jitter	grid_coord	meta	meta_json	375e3c46c962/kanu/OpenDrawer/right/s0/j4/n4/base
375e3c46c962	kanu	OpenDrawer/right	1	0	0	base	activation	a2381e15ec508e60	a2381e15ec508e6011cd26779d52e0a8716383afcdb07fd5c2df7788c161198e	lerobot_groot_n15	n15	lerobot_groot_n15__robocasa365_ckpt120000		0	Open the right drawer.	robocasa_panda_omron/OpenDrawer_PandaOmron_Env	100149	1300000	0	0			5		1	2	0.0	0.0	9	9		Open the right drawer.	0	all_token_full	groot_n15_dit_block_residual_full_tokens_denoise	["layer","denoise_step","model_token","feature_dim"]	[7,4,49,1536]	[0,2,4,8,10,12,15]	n15_grid_v6_scene_jitter	grid_coord	meta	meta_json	375e3c46c962/kanu/OpenDrawer/right/s1/j0/n0/base
375e3c46c962	kanu	OpenDrawer/right	1	0	1	base	activation	46fbbae727cea67f	46fbbae727cea67fa8ed175d7993c83d3be90fbdcf3ca89d49cfae33c4beadd5	lerobot_groot_n15	n15	lerobot_groot_n15__robocasa365_ckpt120000		0	Open the right drawer.	robocasa_panda_omron/OpenDrawer_PandaOmron_Env	100149	1300001	0	1			5		1	2	0.0	0.0	9	9		Open the right drawer.	0	all_token_full	groot_n15_dit_block_residual_full_tokens_denoise	["layer","denoise_step","model_token","feature_dim"]	[7,4,49,1536]	[0,2,4,8,10,12,15]	n15_grid_v6_scene_jitter	grid_coord	meta	meta_json	375e3c46c962/kanu/OpenDrawer/right/s1/j0/n1/base
375e3c46c962	kanu	OpenDrawer/right	1	0	2	base	activation	0fbc79c5e4d695e0	0fbc79c5e4d695e025e004e122c59408101f2effd479eda0d3d3c85e1ccbad64	lerobot_groot_n15	n15	lerobot_groot_n15__robocasa365_ckpt120000		0	Open the right drawer.	robocasa_panda_omron/OpenDrawer_PandaOmron_Env	100149	1300002	0	1			5		1	2	0.0	0.0	9	9		Open the right drawer.	0	all_token_full	groot_n15_dit_block_residual_full_tokens_denoise	["layer","denoise_step","model_token","feature_dim"]	[7,4,49,1536]	[0,2,4,8,10,12,15]	n15_grid_v6_scene_jitter	grid_coord	meta	meta_json	375e3c46c962/kanu/OpenDrawer/right/s1/j0/n2/base
375e3c46c962	kanu	OpenDrawer/right	1	0	3	base	activation	9ee509912498d3ea	9ee509912498d3ea96535ec636a60a6fbd92305bff31f4429d0fdc616254844a	lerobot_groot_n15	n15	lerobot_groot_n15__robocasa365_ckpt120000		0	Open the right drawer.	robocasa_panda_omron/OpenDrawer_PandaOmron_Env	100149	1300003	0	1			5		1	2	0.0	0.0	9	9		Open the right drawer.	0	all_token_full	groot_n15_dit_block_residual_full_tokens_denoise	["layer","denoise_step","model_token","feature_dim"]	[7,4,49,1536]	[0,2,4,8,10,12,15]	n15_grid_v6_scene_jitter	grid_coord	meta	meta_json	375e3c46c962/kanu/OpenDrawer/right/s1/j0/n3/base
375e3c46c962	kanu	OpenDrawer/right	1	0	4	base	activation	86c8e0e4281b7f21	86c8e0e4281b7f21a33ad0b533158da3f364d15b28107fac08180c9618260322	lerobot_groot_n15	n15	lerobot_groot_n15__robocasa365_ckpt120000		0	Open the right drawer.	robocasa_panda_omron/OpenDrawer_PandaOmron_Env	100149	1300004	0	1			5		1	2	0.0	0.0	9	9		Open the right drawer.	0	all_token_full	groot_n15_dit_block_residual_full_tokens_denoise	["layer","denoise_step","model_token","feature_dim"]	[7,4,49,1536]	[0,2,4,8,10,12,15]	n15_grid_v6_scene_jitter	grid_coord	meta	meta_json	375e3c46c962/kanu/OpenDrawer/right/s1/j0/n4/base
375e3c46c962	kanu	OpenDrawer/right	1	1	0	base	activation	7cbd6cd3a3beac75	7cbd6cd3a3beac756cb3aa7fb1e274f6e9a27e3c78001d616dfda87d2a2a18c5	lerobot_groot_n15	n15	lerobot_groot_n15__robocasa365_ckpt120000		0	Open the right drawer.	robocasa_panda_omron/OpenDrawer_PandaOmron_Env	100149	1300000	0	0			5		1	4	0.0	0.05	9	9		Open the right drawer.	0	all_token_full	groot_n15_dit_block_residual_full_tokens_denoise	["layer","denoise_step","model_token","feature_dim"]	[7,4,49,1536]	[0,2,4,8,10,12,15]	n15_grid_v6_scene_jitter	grid_coord	meta	meta_json	375e3c46c962/kanu/OpenDrawer/right/s1/j1/n0/base
375e3c46c962	kanu	OpenDrawer/right	1	1	1	base	activation	9be4dbe9200f62a8	9be4dbe9200f62a8f38ffb32cff56310dfda3b76c9f88469e670cbb3bfaed1f2	lerobot_groot_n15	n15	lerobot_groot_n15__robocasa365_ckpt120000		0	Open the right drawer.	robocasa_panda_omron/OpenDrawer_PandaOmron_Env	100149	1300001	0	0			5		1	4	0.0	0.05	9	9		Open the right drawer.	0	all_token_full	groot_n15_dit_block_residual_full_tokens_denoise	["layer","denoise_step","model_token","feature_dim"]	[7,4,49,1536]	[0,2,4,8,10,12,15]	n15_grid_v6_scene_jitter	grid_coord	meta	meta_json	375e3c46c962/kanu/OpenDrawer/right/s1/j1/n1/base
375e3c46c962	kanu	OpenDrawer/right	1	1	2	base	activation	f3ecf81bd37b5b66	f3ecf81bd37b5b668a52e582c72f1cd76671091a4942b4a4075ec854048d91e8	lerobot_groot_n15	n15	lerobot_groot_n15__robocasa365_ckpt120000		0	Open the right drawer.	robocasa_panda_omron/OpenDrawer_PandaOmron_Env	100149	1300002	0	0			5		1	4	0.0	0.05	9	9		Open the right drawer.	0	all_token_full	groot_n15_dit_block_residual_full_tokens_denoise	["layer","denoise_step","model_token","feature_dim"]	[7,4,49,1536]	[0,2,4,8,10,12,15]	n15_grid_v6_scene_jitter	grid_coord	meta	meta_json	375e3c46c962/kanu/OpenDrawer/right/s1/j1/n2/base
375e3c46c962	kanu	OpenDrawer/right	1	1	3	base	activation	ab7151dd312929ba	ab7151dd312929ba9152e31e4b83aa5f18de1e25a975ae544ef01f4e308ae4aa	lerobot_groot_n15	n15	lerobot_groot_n15__robocasa365_ckpt120000		0	Open the right drawer.	robocasa_panda_omron/OpenDrawer_PandaOmron_Env	100149	1300003	0	0			5		1	4	0.0	0.05	9	9		Open the right drawer.	0	all_token_full	groot_n15_dit_block_residual_full_tokens_denoise	["layer","denoise_step","model_token","feature_dim"]	[7,4,49,1536]	[0,2,4,8,10,12,15]	n15_grid_v6_scene_jitter	grid_coord	meta	meta_json	375e3c46c962/kanu/OpenDrawer/right/s1/j1/n3/base
375e3c46c962	kanu	OpenDrawer/right	1	1	4	base	activation	81a4649e001c2129	81a4649e001c2129da5d83e445c47b420f65f58b9b8445369194176083563063	lerobot_groot_n15	n15	lerobot_groot_n15__robocasa365_ckpt120000		0	Open the right drawer.	robocasa_panda_omron/OpenDrawer_PandaOmron_Env	100149	1300004	0	0			5		1	4	0.0	0.05	9	9		Open the right drawer.	0	all_token_full	groot_n15_dit_block_residual_full_tokens_denoise	["layer","denoise_step","model_token","feature_dim"]	[7,4,49,1536]	[0,2,4,8,10,12,15]	n15_grid_v6_scene_jitter	grid_coord	meta	meta_json	375e3c46c962/kanu/OpenDrawer/right/s1/j1/n4/base
375e3c46c962	kanu	OpenDrawer/right	1	2	0	base	activation	936000094f4b377b	936000094f4b377b2c1ed74837dc6b04d50e7027c4c9223ccb0ff1c607dfb669	lerobot_groot_n15	n15	lerobot_groot_n15__robocasa365_ckpt120000		0	Open the right drawer.	robocasa_panda_omron/OpenDrawer_PandaOmron_Env	100149	1300000	0	0			5		1	9	0.0	0.1	9	9		Open the right drawer.	0	all_token_full	groot_n15_dit_block_residual_full_tokens_denoise	["layer","denoise_step","model_token","feature_dim"]	[7,4,49,1536]	[0,2,4,8,10,12,15]	n15_grid_v6_scene_jitter	grid_coord	meta	meta_json	375e3c46c962/kanu/OpenDrawer/right/s1/j2/n0/base
375e3c46c962	kanu	OpenDrawer/right	1	2	1	base	activation	73d448986f73273c	73d448986f73273cdba0e121c2b9f4e34d1b9f08b160252e28fabe86ded361ea	lerobot_groot_n15	n15	lerobot_groot_n15__robocasa365_ckpt120000		0	Open the right drawer.	robocasa_panda_omron/OpenDrawer_PandaOmron_Env	100149	1300001	0	0			5		1	9	0.0	0.1	9	9		Open the right drawer.	0	all_token_full	groot_n15_dit_block_residual_full_tokens_denoise	["layer","denoise_step","model_token","feature_dim"]	[7,4,49,1536]	[0,2,4,8,10,12,15]	n15_grid_v6_scene_jitter	grid_coord	meta	meta_json	375e3c46c962/kanu/OpenDrawer/right/s1/j2/n1/base
375e3c46c962	kanu	OpenDrawer/right	1	2	2	base	activation	ebcb5b40457a5689	ebcb5b40457a5689c476da13c18da4c6067d7ed5488df0c09e60f7eaab31619f	lerobot_groot_n15	n15	lerobot_groot_n15__robocasa365_ckpt120000		0	Open the right drawer.	robocasa_panda_omron/OpenDrawer_PandaOmron_Env	100149	1300002	0	0			5		1	9	0.0	0.1	9	9		Open the right drawer.	0	all_token_full	groot_n15_dit_block_residual_full_tokens_denoise	["layer","denoise_step","model_token","feature_dim"]	[7,4,49,1536]	[0,2,4,8,10,12,15]	n15_grid_v6_scene_jitter	grid_coord	meta	meta_json	375e3c46c962/kanu/OpenDrawer/right/s1/j2/n2/base
375e3c46c962	kanu	OpenDrawer/right	1	2	3	base	activation	9e0ce8c45b703d97	9e0ce8c45b703d97f3c581792e69428a04399b9d0d28fc4fc206d43aba5489a8	lerobot_groot_n15	n15	lerobot_groot_n15__robocasa365_ckpt120000		0	Open the right drawer.	robocasa_panda_omron/OpenDrawer_PandaOmron_Env	100149	1300003	0	0			5		1	9	0.0	0.1	9	9		Open the right drawer.	0	all_token_full	groot_n15_dit_block_residual_full_tokens_denoise	["layer","denoise_step","model_token","feature_dim"]	[7,4,49,1536]	[0,2,4,8,10,12,15]	n15_grid_v6_scene_jitter	grid_coord	meta	meta_json	375e3c46c962/kanu/OpenDrawer/right/s1/j2/n3/base
375e3c46c962	kanu	OpenDrawer/right	1	2	4	base	activation	2b9556b0e8ee280c	2b9556b0e8ee280c8b4734e3f4443535ff2d367fa412e66ca00f970d21867ee6	lerobot_groot_n15	n15	lerobot_groot_n15__robocasa365_ckpt120000		0	Open the right drawer.	robocasa_panda_omron/OpenDrawer_PandaOmron_Env	100149	1300004	0	0			5		1	9	0.0	0.1	9	9		Open the right drawer.	0	all_token_full	groot_n15_dit_block_residual_full_tokens_denoise	["layer","denoise_step","model_token","feature_dim"]	[7,4,49,1536]	[0,2,4,8,10,12,15]	n15_grid_v6_scene_jitter	grid_coord	meta	meta_json	375e3c46c962/kanu/OpenDrawer/right/s1/j2/n4/base
375e3c46c962	kanu	OpenDrawer/right	1	3	0	base	activation	6596f2725c7f358a	6596f2725c7f358a66ce9cba2ecd0fe273f7b16f7813d845233d3a3099f7d307	lerobot_groot_n15	n15	lerobot_groot_n15__robocasa365_ckpt120000		0	Open the right drawer.	robocasa_panda_omron/OpenDrawer_PandaOmron_Env	100149	1300000	0	0			5		1	10	0.0	0.05	9	9		Open the right drawer.	0	all_token_full	groot_n15_dit_block_residual_full_tokens_denoise	["layer","denoise_step","model_token","feature_dim"]	[7,4,49,1536]	[0,2,4,8,10,12,15]	n15_grid_v6_scene_jitter	grid_coord	meta	meta_json	375e3c46c962/kanu/OpenDrawer/right/s1/j3/n0/base
375e3c46c962	kanu	OpenDrawer/right	1	3	1	base	activation	63d7a7488e931db4	63d7a7488e931db491935bad8c599e6f352464f06c1eda50f74692ba39524a67	lerobot_groot_n15	n15	lerobot_groot_n15__robocasa365_ckpt120000		0	Open the right drawer.	robocasa_panda_omron/OpenDrawer_PandaOmron_Env	100149	1300001	0	0			5		1	10	0.0	0.05	9	9		Open the right drawer.	0	all_token_full	groot_n15_dit_block_residual_full_tokens_denoise	["layer","denoise_step","model_token","feature_dim"]	[7,4,49,1536]	[0,2,4,8,10,12,15]	n15_grid_v6_scene_jitter	grid_coord	meta	meta_json	375e3c46c962/kanu/OpenDrawer/right/s1/j3/n1/base
375e3c46c962	kanu	OpenDrawer/right	1	3	2	base	activation	a74249bf7e65f7d1	a74249bf7e65f7d193616cf8ccc32bd1a69927903fc786b34204cc6b9233e8cb	lerobot_groot_n15	n15	lerobot_groot_n15__robocasa365_ckpt120000		0	Open the right drawer.	robocasa_panda_omron/OpenDrawer_PandaOmron_Env	100149	1300002	0	0			5		1	10	0.0	0.05	9	9		Open the right drawer.	0	all_token_full	groot_n15_dit_block_residual_full_tokens_denoise	["layer","denoise_step","model_token","feature_dim"]	[7,4,49,1536]	[0,2,4,8,10,12,15]	n15_grid_v6_scene_jitter	grid_coord	meta	meta_json	375e3c46c962/kanu/OpenDrawer/right/s1/j3/n2/base
375e3c46c962	kanu	OpenDrawer/right	1	3	3	base	activation	a1a526e356fa013f	a1a526e356fa013ffe56908ff60c19fcc51d483ff5ce97a6df19bc64760b1655	lerobot_groot_n15	n15	lerobot_groot_n15__robocasa365_ckpt120000		0	Open the right drawer.	robocasa_panda_omron/OpenDrawer_PandaOmron_Env	100149	1300003	0	0			5		1	10	0.0	0.05	9	9		Open the right drawer.	0	all_token_full	groot_n15_dit_block_residual_full_tokens_denoise	["layer","denoise_step","model_token","feature_dim"]	[7,4,49,1536]	[0,2,4,8,10,12,15]	n15_grid_v6_scene_jitter	grid_coord	meta	meta_json	375e3c46c962/kanu/OpenDrawer/right/s1/j3/n3/base
375e3c46c962	kanu	OpenDrawer/right	1	3	4	base	activation	90f0b3b8875975d0	90f0b3b8875975d05bfd1db0ea6f6e8357baedb40c4be45b1c19239ccc148f3c	lerobot_groot_n15	n15	lerobot_groot_n15__robocasa365_ckpt120000		0	Open the right drawer.	robocasa_panda_omron/OpenDrawer_PandaOmron_Env	100149	1300004	0	0			5		1	10	0.0	0.05	9	9		Open the right drawer.	0	all_token_full	groot_n15_dit_block_residual_full_tokens_denoise	["layer","denoise_step","model_token","feature_dim"]	[7,4,49,1536]	[0,2,4,8,10,12,15]	n15_grid_v6_scene_jitter	grid_coord	meta	meta_json	375e3c46c962/kanu/OpenDrawer/right/s1/j3/n4/base
375e3c46c962	kanu	OpenDrawer/right	1	4	0	base	activation	a7cf1b1e1ac021c7	a7cf1b1e1ac021c71095ce5e77022f1e51dca36fb771710aaf41a58221c0b391	lerobot_groot_n15	n15	lerobot_groot_n15__robocasa365_ckpt120000		0	Open the right drawer.	robocasa_panda_omron/OpenDrawer_PandaOmron_Env	100149	1300000	0	0			5		1	11	0.0	0.1	9	9		Open the right drawer.	0	all_token_full	groot_n15_dit_block_residual_full_tokens_denoise	["layer","denoise_step","model_token","feature_dim"]	[7,4,49,1536]	[0,2,4,8,10,12,15]	n15_grid_v6_scene_jitter	grid_coord	meta	meta_json	375e3c46c962/kanu/OpenDrawer/right/s1/j4/n0/base
375e3c46c962	kanu	OpenDrawer/right	1	4	1	base	activation	c2c462132830f14e	c2c462132830f14e0db5086e5497e7d369ce2b691fa57a8c8d2c1a4d02741743	lerobot_groot_n15	n15	lerobot_groot_n15__robocasa365_ckpt120000		0	Open the right drawer.	robocasa_panda_omron/OpenDrawer_PandaOmron_Env	100149	1300001	0	0			5		1	11	0.0	0.1	9	9		Open the right drawer.	0	all_token_full	groot_n15_dit_block_residual_full_tokens_denoise	["layer","denoise_step","model_token","feature_dim"]	[7,4,49,1536]	[0,2,4,8,10,12,15]	n15_grid_v6_scene_jitter	grid_coord	meta	meta_json	375e3c46c962/kanu/OpenDrawer/right/s1/j4/n1/base
375e3c46c962	kanu	OpenDrawer/right	1	4	2	base	activation	9ff44f908163823f	9ff44f908163823fe7ad19a4a887314fdfa15dd361c7cbbb399563951d7278e7	lerobot_groot_n15	n15	lerobot_groot_n15__robocasa365_ckpt120000		0	Open the right drawer.	robocasa_panda_omron/OpenDrawer_PandaOmron_Env	100149	1300002	0	1			5		1	11	0.0	0.1	9	9		Open the right drawer.	0	all_token_full	groot_n15_dit_block_residual_full_tokens_denoise	["layer","denoise_step","model_token","feature_dim"]	[7,4,49,1536]	[0,2,4,8,10,12,15]	n15_grid_v6_scene_jitter	grid_coord	meta	meta_json	375e3c46c962/kanu/OpenDrawer/right/s1/j4/n2/base
375e3c46c962	kanu	OpenDrawer/right	1	4	3	base	activation	048601b9b84c69a0	048601b9b84c69a0325309e22d110a6d90145ac41c68beef6f7b4a9d5fae6a32	lerobot_groot_n15	n15	lerobot_groot_n15__robocasa365_ckpt120000		0	Open the right drawer.	robocasa_panda_omron/OpenDrawer_PandaOmron_Env	100149	1300003	0	0			5		1	11	0.0	0.1	9	9		Open the right drawer.	0	all_token_full	groot_n15_dit_block_residual_full_tokens_denoise	["layer","denoise_step","model_token","feature_dim"]	[7,4,49,1536]	[0,2,4,8,10,12,15]	n15_grid_v6_scene_jitter	grid_coord	meta	meta_json	375e3c46c962/kanu/OpenDrawer/right/s1/j4/n3/base
375e3c46c962	kanu	OpenDrawer/right	1	4	4	base	activation	78a4b4560f228d14	78a4b4560f228d14616a1c33478226513f50c2a6468227401c18777baf6db0c9	lerobot_groot_n15	n15	lerobot_groot_n15__robocasa365_ckpt120000		0	Open the right drawer.	robocasa_panda_omron/OpenDrawer_PandaOmron_Env	100149	1300004	0	1			5		1	11	0.0	0.1	9	9		Open the right drawer.	0	all_token_full	groot_n15_dit_block_residual_full_tokens_denoise	["layer","denoise_step","model_token","feature_dim"]	[7,4,49,1536]	[0,2,4,8,10,12,15]	n15_grid_v6_scene_jitter	grid_coord	meta	meta_json	375e3c46c962/kanu/OpenDrawer/right/s1/j4/n4/base
375e3c46c962	kanu	OpenDrawer/right	2	0	0	base	activation	2d01be543bc0f7c7	2d01be543bc0f7c7cbec42ccb8a5f0a6b9e15b7b20d94221cb95ab7e7b01fcfb	lerobot_groot_n15	n15	lerobot_groot_n15__robocasa365_ckpt120000		0	Open the right drawer.	robocasa_panda_omron/OpenDrawer_PandaOmron_Env	100162	1300000	0	1			5		1	0	0.0	0.0	5	5		Open the right drawer.	0	all_token_full	groot_n15_dit_block_residual_full_tokens_denoise	["layer","denoise_step","model_token","feature_dim"]	[7,4,49,1536]	[0,2,4,8,10,12,15]	n15_grid_v6_scene_jitter	grid_coord	meta	meta_json	375e3c46c962/kanu/OpenDrawer/right/s2/j0/n0/base
375e3c46c962	kanu	OpenDrawer/right	2	0	1	base	activation	18560702c9327418	18560702c932741820b9b313f1d0477d0dd7d27859228b62f226431192fb39d3	lerobot_groot_n15	n15	lerobot_groot_n15__robocasa365_ckpt120000		0	Open the right drawer.	robocasa_panda_omron/OpenDrawer_PandaOmron_Env	100162	1300001	0	1			5		1	0	0.0	0.0	5	5		Open the right drawer.	0	all_token_full	groot_n15_dit_block_residual_full_tokens_denoise	["layer","denoise_step","model_token","feature_dim"]	[7,4,49,1536]	[0,2,4,8,10,12,15]	n15_grid_v6_scene_jitter	grid_coord	meta	meta_json	375e3c46c962/kanu/OpenDrawer/right/s2/j0/n1/base
375e3c46c962	kanu	OpenDrawer/right	2	0	2	base	activation	273486db191d4fe5	273486db191d4fe50d7b5304b9eb62ef81213dbd0139b04734bd4152caecf131	lerobot_groot_n15	n15	lerobot_groot_n15__robocasa365_ckpt120000		0	Open the right drawer.	robocasa_panda_omron/OpenDrawer_PandaOmron_Env	100162	1300002	0	1			5		1	0	0.0	0.0	5	5		Open the right drawer.	0	all_token_full	groot_n15_dit_block_residual_full_tokens_denoise	["layer","denoise_step","model_token","feature_dim"]	[7,4,49,1536]	[0,2,4,8,10,12,15]	n15_grid_v6_scene_jitter	grid_coord	meta	meta_json	375e3c46c962/kanu/OpenDrawer/right/s2/j0/n2/base
375e3c46c962	kanu	OpenDrawer/right	2	0	3	base	activation	0f7b12516fd107b8	0f7b12516fd107b8716f8eec3acea0c4a1749a0a8d031eeeb836ee83269448a0	lerobot_groot_n15	n15	lerobot_groot_n15__robocasa365_ckpt120000		0	Open the right drawer.	robocasa_panda_omron/OpenDrawer_PandaOmron_Env	100162	1300003	0	1			5		1	0	0.0	0.0	5	5		Open the right drawer.	0	all_token_full	groot_n15_dit_block_residual_full_tokens_denoise	["layer","denoise_step","model_token","feature_dim"]	[7,4,49,1536]	[0,2,4,8,10,12,15]	n15_grid_v6_scene_jitter	grid_coord	meta	meta_json	375e3c46c962/kanu/OpenDrawer/right/s2/j0/n3/base
375e3c46c962	kanu	OpenDrawer/right	2	0	4	base	activation	9117e439e2fe0204	9117e439e2fe0204c9c3dec28a058bfe2e96c62a188fc6206c983ded6a7a004a	lerobot_groot_n15	n15	lerobot_groot_n15__robocasa365_ckpt120000		0	Open the right drawer.	robocasa_panda_omron/OpenDrawer_PandaOmron_Env	100162	1300004	0	0			5		1	0	0.0	0.0	5	5		Open the right drawer.	0	all_token_full	groot_n15_dit_block_residual_full_tokens_denoise	["layer","denoise_step","model_token","feature_dim"]	[7,4,49,1536]	[0,2,4,8,10,12,15]	n15_grid_v6_scene_jitter	grid_coord	meta	meta_json	375e3c46c962/kanu/OpenDrawer/right/s2/j0/n4/base
375e3c46c962	kanu	OpenDrawer/right	2	1	0	base	activation	653ed4261fd1eeab	653ed4261fd1eeab9eb020b8a5ad54da3ce89a01d543efe4b2cd6abd34b2c6bf	lerobot_groot_n15	n15	lerobot_groot_n15__robocasa365_ckpt120000		0	Open the right drawer.	robocasa_panda_omron/OpenDrawer_PandaOmron_Env	100162	1300000	0	1			5		1	1	0.0	0.05	5	5		Open the right drawer.	0	all_token_full	groot_n15_dit_block_residual_full_tokens_denoise	["layer","denoise_step","model_token","feature_dim"]	[7,4,49,1536]	[0,2,4,8,10,12,15]	n15_grid_v6_scene_jitter	grid_coord	meta	meta_json	375e3c46c962/kanu/OpenDrawer/right/s2/j1/n0/base
375e3c46c962	kanu	OpenDrawer/right	2	1	1	base	activation	9fdd03f42d068336	9fdd03f42d068336b8e783ae379f05a377691120b2b8ab9e0e2bc2e67666fd3d	lerobot_groot_n15	n15	lerobot_groot_n15__robocasa365_ckpt120000		0	Open the right drawer.	robocasa_panda_omron/OpenDrawer_PandaOmron_Env	100162	1300001	0	1			5		1	1	0.0	0.05	5	5		Open the right drawer.	0	all_token_full	groot_n15_dit_block_residual_full_tokens_denoise	["layer","denoise_step","model_token","feature_dim"]	[7,4,49,1536]	[0,2,4,8,10,12,15]	n15_grid_v6_scene_jitter	grid_coord	meta	meta_json	375e3c46c962/kanu/OpenDrawer/right/s2/j1/n1/base
375e3c46c962	kanu	OpenDrawer/right	2	1	2	base	activation	37dd29739f220f07	37dd29739f220f0749f6d5cd72398e2f63f5297e7dd34261e68a87c3fa835313	lerobot_groot_n15	n15	lerobot_groot_n15__robocasa365_ckpt120000		0	Open the right drawer.	robocasa_panda_omron/OpenDrawer_PandaOmron_Env	100162	1300002	0	1			5		1	1	0.0	0.05	5	5		Open the right drawer.	0	all_token_full	groot_n15_dit_block_residual_full_tokens_denoise	["layer","denoise_step","model_token","feature_dim"]	[7,4,49,1536]	[0,2,4,8,10,12,15]	n15_grid_v6_scene_jitter	grid_coord	meta	meta_json	375e3c46c962/kanu/OpenDrawer/right/s2/j1/n2/base
375e3c46c962	kanu	OpenDrawer/right	2	1	3	base	activation	1bc703bf3e49c67d	1bc703bf3e49c67deeadd49552b93cf7dfdd5a44ab713d92e9086ca8a15478dc	lerobot_groot_n15	n15	lerobot_groot_n15__robocasa365_ckpt120000		0	Open the right drawer.	robocasa_panda_omron/OpenDrawer_PandaOmron_Env	100162	1300003	0	1			5		1	1	0.0	0.05	5	5		Open the right drawer.	0	all_token_full	groot_n15_dit_block_residual_full_tokens_denoise	["layer","denoise_step","model_token","feature_dim"]	[7,4,49,1536]	[0,2,4,8,10,12,15]	n15_grid_v6_scene_jitter	grid_coord	meta	meta_json	375e3c46c962/kanu/OpenDrawer/right/s2/j1/n3/base
375e3c46c962	kanu	OpenDrawer/right	2	1	4	base	activation	916d1796b7f20176	916d1796b7f20176a3d9d200d977462f876e634351f990d8d8e55753cdbbf4eb	lerobot_groot_n15	n15	lerobot_groot_n15__robocasa365_ckpt120000		0	Open the right drawer.	robocasa_panda_omron/OpenDrawer_PandaOmron_Env	100162	1300004	0	1			5		1	1	0.0	0.05	5	5		Open the right drawer.	0	all_token_full	groot_n15_dit_block_residual_full_tokens_denoise	["layer","denoise_step","model_token","feature_dim"]	[7,4,49,1536]	[0,2,4,8,10,12,15]	n15_grid_v6_scene_jitter	grid_coord	meta	meta_json	375e3c46c962/kanu/OpenDrawer/right/s2/j1/n4/base
375e3c46c962	kanu	OpenDrawer/right	2	2	0	base	activation	79512c643b07875d	79512c643b07875d37ba0d2a927fe7a9d478173d58a4aace20eaaf7b05e1df3d	lerobot_groot_n15	n15	lerobot_groot_n15__robocasa365_ckpt120000		0	Open the right drawer.	robocasa_panda_omron/OpenDrawer_PandaOmron_Env	100162	1300000	0	1			5		1	2	0.0	0.1	5	5		Open the right drawer.	0	all_token_full	groot_n15_dit_block_residual_full_tokens_denoise	["layer","denoise_step","model_token","feature_dim"]	[7,4,49,1536]	[0,2,4,8,10,12,15]	n15_grid_v6_scene_jitter	grid_coord	meta	meta_json	375e3c46c962/kanu/OpenDrawer/right/s2/j2/n0/base
375e3c46c962	kanu	OpenDrawer/right	2	2	1	base	activation	870d37d7b8e32f28	870d37d7b8e32f2824fd0dd9e869c0b60e054900c4eb9f718e0005313e551c92	lerobot_groot_n15	n15	lerobot_groot_n15__robocasa365_ckpt120000		0	Open the right drawer.	robocasa_panda_omron/OpenDrawer_PandaOmron_Env	100162	1300001	0	1			5		1	2	0.0	0.1	5	5		Open the right drawer.	0	all_token_full	groot_n15_dit_block_residual_full_tokens_denoise	["layer","denoise_step","model_token","feature_dim"]	[7,4,49,1536]	[0,2,4,8,10,12,15]	n15_grid_v6_scene_jitter	grid_coord	meta	meta_json	375e3c46c962/kanu/OpenDrawer/right/s2/j2/n1/base
375e3c46c962	kanu	OpenDrawer/right	2	2	2	base	activation	9d2fe09525f044b1	9d2fe09525f044b15a677871337555059ed4eac993924477ac13e195f21610fd	lerobot_groot_n15	n15	lerobot_groot_n15__robocasa365_ckpt120000		0	Open the right drawer.	robocasa_panda_omron/OpenDrawer_PandaOmron_Env	100162	1300002	0	1			5		1	2	0.0	0.1	5	5		Open the right drawer.	0	all_token_full	groot_n15_dit_block_residual_full_tokens_denoise	["layer","denoise_step","model_token","feature_dim"]	[7,4,49,1536]	[0,2,4,8,10,12,15]	n15_grid_v6_scene_jitter	grid_coord	meta	meta_json	375e3c46c962/kanu/OpenDrawer/right/s2/j2/n2/base
375e3c46c962	kanu	OpenDrawer/right	2	2	3	base	activation	3dd32dadcb195304	3dd32dadcb195304cabe568e6be5ce1d54f148b7b28af2228833587c25afe124	lerobot_groot_n15	n15	lerobot_groot_n15__robocasa365_ckpt120000		0	Open the right drawer.	robocasa_panda_omron/OpenDrawer_PandaOmron_Env	100162	1300003	0	1			5		1	2	0.0	0.1	5	5		Open the right drawer.	0	all_token_full	groot_n15_dit_block_residual_full_tokens_denoise	["layer","denoise_step","model_token","feature_dim"]	[7,4,49,1536]	[0,2,4,8,10,12,15]	n15_grid_v6_scene_jitter	grid_coord	meta	meta_json	375e3c46c962/kanu/OpenDrawer/right/s2/j2/n3/base
375e3c46c962	kanu	OpenDrawer/right	2	2	4	base	activation	19b5aa6d233dc208	19b5aa6d233dc208dc6517ab261fcf52767e8af5e62bf4e90d96e519623b9d89	lerobot_groot_n15	n15	lerobot_groot_n15__robocasa365_ckpt120000		0	Open the right drawer.	robocasa_panda_omron/OpenDrawer_PandaOmron_Env	100162	1300004	0	1			5		1	2	0.0	0.1	5	5		Open the right drawer.	0	all_token_full	groot_n15_dit_block_residual_full_tokens_denoise	["layer","denoise_step","model_token","feature_dim"]	[7,4,49,1536]	[0,2,4,8,10,12,15]	n15_grid_v6_scene_jitter	grid_coord	meta	meta_json	375e3c46c962/kanu/OpenDrawer/right/s2/j2/n4/base
375e3c46c962	kanu	OpenDrawer/right	2	3	0	base	activation	1facaeb4c50b3e1a	1facaeb4c50b3e1a24b806f658253f20517f9f733035a1659616eec5ef5311e3	lerobot_groot_n15	n15	lerobot_groot_n15__robocasa365_ckpt120000		0	Open the right drawer.	robocasa_panda_omron/OpenDrawer_PandaOmron_Env	100162	1300000	0	1			5		1	5	0.0	0.05	5	5		Open the right drawer.	0	all_token_full	groot_n15_dit_block_residual_full_tokens_denoise	["layer","denoise_step","model_token","feature_dim"]	[7,4,49,1536]	[0,2,4,8,10,12,15]	n15_grid_v6_scene_jitter	grid_coord	meta	meta_json	375e3c46c962/kanu/OpenDrawer/right/s2/j3/n0/base
375e3c46c962	kanu	OpenDrawer/right	2	3	1	base	activation	15a08f583bb608c2	15a08f583bb608c2280c2b627451fbaec69c4c5303635b0de049d94179af0f8a	lerobot_groot_n15	n15	lerobot_groot_n15__robocasa365_ckpt120000		0	Open the right drawer.	robocasa_panda_omron/OpenDrawer_PandaOmron_Env	100162	1300001	0	1			5		1	5	0.0	0.05	5	5		Open the right drawer.	0	all_token_full	groot_n15_dit_block_residual_full_tokens_denoise	["layer","denoise_step","model_token","feature_dim"]	[7,4,49,1536]	[0,2,4,8,10,12,15]	n15_grid_v6_scene_jitter	grid_coord	meta	meta_json	375e3c46c962/kanu/OpenDrawer/right/s2/j3/n1/base
375e3c46c962	kanu	OpenDrawer/right	2	3	2	base	activation	e958882644f47b6f	e958882644f47b6fc1c435f642f244b160018421397d1e01edd2948aa598b7fc	lerobot_groot_n15	n15	lerobot_groot_n15__robocasa365_ckpt120000		0	Open the right drawer.	robocasa_panda_omron/OpenDrawer_PandaOmron_Env	100162	1300002	0	1			5		1	5	0.0	0.05	5	5		Open the right drawer.	0	all_token_full	groot_n15_dit_block_residual_full_tokens_denoise	["layer","denoise_step","model_token","feature_dim"]	[7,4,49,1536]	[0,2,4,8,10,12,15]	n15_grid_v6_scene_jitter	grid_coord	meta	meta_json	375e3c46c962/kanu/OpenDrawer/right/s2/j3/n2/base
375e3c46c962	kanu	OpenDrawer/right	2	3	3	base	activation	a8f2ac9648016b25	a8f2ac9648016b25db28f299eaa3e681a5ae1ccfd35fbff4a345b0d4f8b3d5d1	lerobot_groot_n15	n15	lerobot_groot_n15__robocasa365_ckpt120000		0	Open the right drawer.	robocasa_panda_omron/OpenDrawer_PandaOmron_Env	100162	1300003	0	1			5		1	5	0.0	0.05	5	5		Open the right drawer.	0	all_token_full	groot_n15_dit_block_residual_full_tokens_denoise	["layer","denoise_step","model_token","feature_dim"]	[7,4,49,1536]	[0,2,4,8,10,12,15]	n15_grid_v6_scene_jitter	grid_coord	meta	meta_json	375e3c46c962/kanu/OpenDrawer/right/s2/j3/n3/base
375e3c46c962	kanu	OpenDrawer/right	2	3	4	base	activation	20e312280da12b2e	20e312280da12b2e136b378fe7878b73dd151a3c43558abeada5c83a2976494e	lerobot_groot_n15	n15	lerobot_groot_n15__robocasa365_ckpt120000		0	Open the right drawer.	robocasa_panda_omron/OpenDrawer_PandaOmron_Env	100162	1300004	0	1			5		1	5	0.0	0.05	5	5		Open the right drawer.	0	all_token_full	groot_n15_dit_block_residual_full_tokens_denoise	["layer","denoise_step","model_token","feature_dim"]	[7,4,49,1536]	[0,2,4,8,10,12,15]	n15_grid_v6_scene_jitter	grid_coord	meta	meta_json	375e3c46c962/kanu/OpenDrawer/right/s2/j3/n4/base
375e3c46c962	kanu	OpenDrawer/right	2	4	0	base	activation	0affe5dcbeadb428	0affe5dcbeadb42885804fde48c9e879312409819e7d45f62125544564be55ef	lerobot_groot_n15	n15	lerobot_groot_n15__robocasa365_ckpt120000		0	Open the right drawer.	robocasa_panda_omron/OpenDrawer_PandaOmron_Env	100162	1300000	0	1			5		1	6	0.0	0.1	5	5		Open the right drawer.	0	all_token_full	groot_n15_dit_block_residual_full_tokens_denoise	["layer","denoise_step","model_token","feature_dim"]	[7,4,49,1536]	[0,2,4,8,10,12,15]	n15_grid_v6_scene_jitter	grid_coord	meta	meta_json	375e3c46c962/kanu/OpenDrawer/right/s2/j4/n0/base
375e3c46c962	kanu	OpenDrawer/right	2	4	1	base	activation	a0517097878dc064	a0517097878dc064afc613e68da22cc3ea7386bfc7fb7a18ddc3c240b873a529	lerobot_groot_n15	n15	lerobot_groot_n15__robocasa365_ckpt120000		0	Open the right drawer.	robocasa_panda_omron/OpenDrawer_PandaOmron_Env	100162	1300001	0	1			5		1	6	0.0	0.1	5	5		Open the right drawer.	0	all_token_full	groot_n15_dit_block_residual_full_tokens_denoise	["layer","denoise_step","model_token","feature_dim"]	[7,4,49,1536]	[0,2,4,8,10,12,15]	n15_grid_v6_scene_jitter	grid_coord	meta	meta_json	375e3c46c962/kanu/OpenDrawer/right/s2/j4/n1/base
375e3c46c962	kanu	OpenDrawer/right	2	4	2	base	activation	00c2bfb0feaa5d51	00c2bfb0feaa5d5176ca946e68b4c760e0b2d702d6a05fb4e368acd77e83ecfd	lerobot_groot_n15	n15	lerobot_groot_n15__robocasa365_ckpt120000		0	Open the right drawer.	robocasa_panda_omron/OpenDrawer_PandaOmron_Env	100162	1300002	0	1			5		1	6	0.0	0.1	5	5		Open the right drawer.	0	all_token_full	groot_n15_dit_block_residual_full_tokens_denoise	["layer","denoise_step","model_token","feature_dim"]	[7,4,49,1536]	[0,2,4,8,10,12,15]	n15_grid_v6_scene_jitter	grid_coord	meta	meta_json	375e3c46c962/kanu/OpenDrawer/right/s2/j4/n2/base
375e3c46c962	kanu	OpenDrawer/right	2	4	3	base	activation	62ea993aa5b57f13	62ea993aa5b57f13d91dbebfeb2e683fb4460b7b2b3b53dbcc6e04c93d40e296	lerobot_groot_n15	n15	lerobot_groot_n15__robocasa365_ckpt120000		0	Open the right drawer.	robocasa_panda_omron/OpenDrawer_PandaOmron_Env	100162	1300003	0	1			5		1	6	0.0	0.1	5	5		Open the right drawer.	0	all_token_full	groot_n15_dit_block_residual_full_tokens_denoise	["layer","denoise_step","model_token","feature_dim"]	[7,4,49,1536]	[0,2,4,8,10,12,15]	n15_grid_v6_scene_jitter	grid_coord	meta	meta_json	375e3c46c962/kanu/OpenDrawer/right/s2/j4/n3/base
375e3c46c962	kanu	OpenDrawer/right	2	4	4	base	activation	cfe9faa30385d73d	cfe9faa30385d73d7f309a506b101368f9409971d984ff4bd447e31ed0aed526	lerobot_groot_n15	n15	lerobot_groot_n15__robocasa365_ckpt120000		0	Open the right drawer.	robocasa_panda_omron/OpenDrawer_PandaOmron_Env	100162	1300004	0	1			5		1	6	0.0	0.1	5	5		Open the right drawer.	0	all_token_full	groot_n15_dit_block_residual_full_tokens_denoise	["layer","denoise_step","model_token","feature_dim"]	[7,4,49,1536]	[0,2,4,8,10,12,15]	n15_grid_v6_scene_jitter	grid_coord	meta	meta_json	375e3c46c962/kanu/OpenDrawer/right/s2/j4/n4/base
375e3c46c962	worker1	DishwasherRack/out-left	0	0	0	base	activation	9130fd9f0a9c71dd	9130fd9f0a9c71dd9e6e1ee88f900f7397ea1984cc15bea7bc29e161682ce952	lerobot_groot_n15	n15	lerobot_groot_n15__robocasa365_ckpt120000		0	Fully slide the top dishwasher rack out.	robocasa_panda_omron/SlideDishwasherRack_PandaOmron_Env	100774	1300000	0	0			5		1	0	0.0	0.0	4	4	left	Fully slide the top dishwasher rack out.	0	all_token_full	groot_n15_dit_block_residual_full_tokens_denoise	["layer","denoise_step","model_token","feature_dim"]	[7,4,49,1536]	[0,2,4,8,10,12,15]	n15_grid_v6_scene_jitter	grid_coord	meta	meta_json	375e3c46c962/worker1/DishwasherRack/out-left/s0/j0/n0/base
375e3c46c962	worker1	DishwasherRack/out-left	0	0	1	base	activation	94db58bb5ec96b78	94db58bb5ec96b7860fccba6d46a9b6bd2b30e78df841591ea468ed38acbc961	lerobot_groot_n15	n15	lerobot_groot_n15__robocasa365_ckpt120000		0	Fully slide the top dishwasher rack out.	robocasa_panda_omron/SlideDishwasherRack_PandaOmron_Env	100774	1300001	0	0			5		1	0	0.0	0.0	4	4	left	Fully slide the top dishwasher rack out.	0	all_token_full	groot_n15_dit_block_residual_full_tokens_denoise	["layer","denoise_step","model_token","feature_dim"]	[7,4,49,1536]	[0,2,4,8,10,12,15]	n15_grid_v6_scene_jitter	grid_coord	meta	meta_json	375e3c46c962/worker1/DishwasherRack/out-left/s0/j0/n1/base
375e3c46c962	worker1	DishwasherRack/out-left	0	0	2	base	activation	0eab94c7ca5b7f04	0eab94c7ca5b7f04a169088fe8e8f9240059e150664ff0af4bb32d057fdeafd4	lerobot_groot_n15	n15	lerobot_groot_n15__robocasa365_ckpt120000		0	Fully slide the top dishwasher rack out.	robocasa_panda_omron/SlideDishwasherRack_PandaOmron_Env	100774	1300002	0	0			5		1	0	0.0	0.0	4	4	left	Fully slide the top dishwasher rack out.	0	all_token_full	groot_n15_dit_block_residual_full_tokens_denoise	["layer","denoise_step","model_token","feature_dim"]	[7,4,49,1536]	[0,2,4,8,10,12,15]	n15_grid_v6_scene_jitter	grid_coord	meta	meta_json	375e3c46c962/worker1/DishwasherRack/out-left/s0/j0/n2/base
375e3c46c962	worker1	DishwasherRack/out-left	0	0	3	base	activation	d0d7e386bb6daed1	d0d7e386bb6daed1bdd47c950fbaea7f92e4c704899632c866c800a599534868	lerobot_groot_n15	n15	lerobot_groot_n15__robocasa365_ckpt120000		0	Fully slide the top dishwasher rack out.	robocasa_panda_omron/SlideDishwasherRack_PandaOmron_Env	100774	1300003	0	0			5		1	0	0.0	0.0	4	4	left	Fully slide the top dishwasher rack out.	0	all_token_full	groot_n15_dit_block_residual_full_tokens_denoise	["layer","denoise_step","model_token","feature_dim"]	[7,4,49,1536]	[0,2,4,8,10,12,15]	n15_grid_v6_scene_jitter	grid_coord	meta	meta_json	375e3c46c962/worker1/DishwasherRack/out-left/s0/j0/n3/base
375e3c46c962	worker1	DishwasherRack/out-left	0	0	4	base	activation	81c88ac22ddb27ee	81c88ac22ddb27ee1c7caf319a932486ed4d0e9bab2b8ae63140ff61da27c22f	lerobot_groot_n15	n15	lerobot_groot_n15__robocasa365_ckpt120000		0	Fully slide the top dishwasher rack out.	robocasa_panda_omron/SlideDishwasherRack_PandaOmron_Env	100774	1300004	0	0			5		1	0	0.0	0.0	4	4	left	Fully slide the top dishwasher rack out.	0	all_token_full	groot_n15_dit_block_residual_full_tokens_denoise	["layer","denoise_step","model_token","feature_dim"]	[7,4,49,1536]	[0,2,4,8,10,12,15]	n15_grid_v6_scene_jitter	grid_coord	meta	meta_json	375e3c46c962/worker1/DishwasherRack/out-left/s0/j0/n4/base
375e3c46c962	worker1	DishwasherRack/out-left	0	1	0	base	activation	4056b4c1d035d722	4056b4c1d035d722074660fcfe67d37192f94620dcd17d19f5af0a36de391e17	lerobot_groot_n15	n15	lerobot_groot_n15__robocasa365_ckpt120000		0	Fully slide the top dishwasher rack out.	robocasa_panda_omron/SlideDishwasherRack_PandaOmron_Env	100774	1300000	0	0			5		1	0	0.0	0.05	4	4	left	Fully slide the top dishwasher rack out.	0	all_token_full	groot_n15_dit_block_residual_full_tokens_denoise	["layer","denoise_step","model_token","feature_dim"]	[7,4,49,1536]	[0,2,4,8,10,12,15]	n15_grid_v6_scene_jitter	grid_coord	meta	meta_json	375e3c46c962/worker1/DishwasherRack/out-left/s0/j1/n0/base
375e3c46c962	worker1	DishwasherRack/out-left	0	1	1	base	activation	77db44b8b9ab0ef6	77db44b8b9ab0ef6328f31d55d12d3249119a309513c72bc0a1609606840d3d5	lerobot_groot_n15	n15	lerobot_groot_n15__robocasa365_ckpt120000		0	Fully slide the top dishwasher rack out.	robocasa_panda_omron/SlideDishwasherRack_PandaOmron_Env	100774	1300001	0	0			5		1	0	0.0	0.05	4	4	left	Fully slide the top dishwasher rack out.	0	all_token_full	groot_n15_dit_block_residual_full_tokens_denoise	["layer","denoise_step","model_token","feature_dim"]	[7,4,49,1536]	[0,2,4,8,10,12,15]	n15_grid_v6_scene_jitter	grid_coord	meta	meta_json	375e3c46c962/worker1/DishwasherRack/out-left/s0/j1/n1/base
375e3c46c962	worker1	DishwasherRack/out-left	0	1	2	base	activation	2f7f4570e9554107	2f7f4570e9554107ac17008c86fdf8257bda218dafb62aa97468558149391216	lerobot_groot_n15	n15	lerobot_groot_n15__robocasa365_ckpt120000		0	Fully slide the top dishwasher rack out.	robocasa_panda_omron/SlideDishwasherRack_PandaOmron_Env	100774	1300002	0	0			5		1	0	0.0	0.05	4	4	left	Fully slide the top dishwasher rack out.	0	all_token_full	groot_n15_dit_block_residual_full_tokens_denoise	["layer","denoise_step","model_token","feature_dim"]	[7,4,49,1536]	[0,2,4,8,10,12,15]	n15_grid_v6_scene_jitter	grid_coord	meta	meta_json	375e3c46c962/worker1/DishwasherRack/out-left/s0/j1/n2/base
375e3c46c962	worker1	DishwasherRack/out-left	0	1	3	base	activation	5eec2b53740a03a7	5eec2b53740a03a7907dece5fbb82351750cf1fddf787a7e898fb42870a3a6b8	lerobot_groot_n15	n15	lerobot_groot_n15__robocasa365_ckpt120000		0	Fully slide the top dishwasher rack out.	robocasa_panda_omron/SlideDishwasherRack_PandaOmron_Env	100774	1300003	0	0			5		1	0	0.0	0.05	4	4	left	Fully slide the top dishwasher rack out.	0	all_token_full	groot_n15_dit_block_residual_full_tokens_denoise	["layer","denoise_step","model_token","feature_dim"]	[7,4,49,1536]	[0,2,4,8,10,12,15]	n15_grid_v6_scene_jitter	grid_coord	meta	meta_json	375e3c46c962/worker1/DishwasherRack/out-left/s0/j1/n3/base
375e3c46c962	worker1	DishwasherRack/out-left	0	1	4	base	activation	899ccf0553a31511	899ccf0553a3151188e2f32e7b6caf2139e0e34735fe16f6f928cfc93e6b1c84	lerobot_groot_n15	n15	lerobot_groot_n15__robocasa365_ckpt120000		0	Fully slide the top dishwasher rack out.	robocasa_panda_omron/SlideDishwasherRack_PandaOmron_Env	100774	1300004	0	0			5		1	0	0.0	0.05	4	4	left	Fully slide the top dishwasher rack out.	0	all_token_full	groot_n15_dit_block_residual_full_tokens_denoise	["layer","denoise_step","model_token","feature_dim"]	[7,4,49,1536]	[0,2,4,8,10,12,15]	n15_grid_v6_scene_jitter	grid_coord	meta	meta_json	375e3c46c962/worker1/DishwasherRack/out-left/s0/j1/n4/base
375e3c46c962	worker1	DishwasherRack/out-left	0	2	0	base	activation	8c50a6b4805de4fa	8c50a6b4805de4fabcbc85f763ab39ff859b1cf380cb0d85ebf107b4236ea1ab	lerobot_groot_n15	n15	lerobot_groot_n15__robocasa365_ckpt120000		0	Fully slide the top dishwasher rack out.	robocasa_panda_omron/SlideDishwasherRack_PandaOmron_Env	100774	1300000	0	0			5		1	0	0.0	0.1	4	4	left	Fully slide the top dishwasher rack out.	0	all_token_full	groot_n15_dit_block_residual_full_tokens_denoise	["layer","denoise_step","model_token","feature_dim"]	[7,4,49,1536]	[0,2,4,8,10,12,15]	n15_grid_v6_scene_jitter	grid_coord	meta	meta_json	375e3c46c962/worker1/DishwasherRack/out-left/s0/j2/n0/base
375e3c46c962	worker1	DishwasherRack/out-left	0	2	1	base	activation	d555e02e3687866a	d555e02e3687866a080661a951447dc166ddb7dbbb2d387efddf815963e2f76e	lerobot_groot_n15	n15	lerobot_groot_n15__robocasa365_ckpt120000		0	Fully slide the top dishwasher rack out.	robocasa_panda_omron/SlideDishwasherRack_PandaOmron_Env	100774	1300001	0	0			5		1	0	0.0	0.1	4	4	left	Fully slide the top dishwasher rack out.	0	all_token_full	groot_n15_dit_block_residual_full_tokens_denoise	["layer","denoise_step","model_token","feature_dim"]	[7,4,49,1536]	[0,2,4,8,10,12,15]	n15_grid_v6_scene_jitter	grid_coord	meta	meta_json	375e3c46c962/worker1/DishwasherRack/out-left/s0/j2/n1/base
375e3c46c962	worker1	DishwasherRack/out-left	0	2	2	base	activation	a86ede7912ac891b	a86ede7912ac891b7e85a9eeb4b8390d4d4f34578c8d9831753a224c835f96fa	lerobot_groot_n15	n15	lerobot_groot_n15__robocasa365_ckpt120000		0	Fully slide the top dishwasher rack out.	robocasa_panda_omron/SlideDishwasherRack_PandaOmron_Env	100774	1300002	0	0			5		1	0	0.0	0.1	4	4	left	Fully slide the top dishwasher rack out.	0	all_token_full	groot_n15_dit_block_residual_full_tokens_denoise	["layer","denoise_step","model_token","feature_dim"]	[7,4,49,1536]	[0,2,4,8,10,12,15]	n15_grid_v6_scene_jitter	grid_coord	meta	meta_json	375e3c46c962/worker1/DishwasherRack/out-left/s0/j2/n2/base
375e3c46c962	worker1	DishwasherRack/out-left	0	2	3	base	activation	1482ea5648a234a4	1482ea5648a234a47f0ff1430024ed6e312b705247e1b2620f309b0a4fce3e10	lerobot_groot_n15	n15	lerobot_groot_n15__robocasa365_ckpt120000		0	Fully slide the top dishwasher rack out.	robocasa_panda_omron/SlideDishwasherRack_PandaOmron_Env	100774	1300003	0	0			5		1	0	0.0	0.1	4	4	left	Fully slide the top dishwasher rack out.	0	all_token_full	groot_n15_dit_block_residual_full_tokens_denoise	["layer","denoise_step","model_token","feature_dim"]	[7,4,49,1536]	[0,2,4,8,10,12,15]	n15_grid_v6_scene_jitter	grid_coord	meta	meta_json	375e3c46c962/worker1/DishwasherRack/out-left/s0/j2/n3/base
375e3c46c962	worker1	DishwasherRack/out-left	0	2	4	base	activation	2b48c38e05e70751	2b48c38e05e70751b9f472061fd86ac17665f8f350b1d74487bbdb0f1f3cbc56	lerobot_groot_n15	n15	lerobot_groot_n15__robocasa365_ckpt120000		0	Fully slide the top dishwasher rack out.	robocasa_panda_omron/SlideDishwasherRack_PandaOmron_Env	100774	1300004	0	0			5		1	0	0.0	0.1	4	4	left	Fully slide the top dishwasher rack out.	0	all_token_full	groot_n15_dit_block_residual_full_tokens_denoise	["layer","denoise_step","model_token","feature_dim"]	[7,4,49,1536]	[0,2,4,8,10,12,15]	n15_grid_v6_scene_jitter	grid_coord	meta	meta_json	375e3c46c962/worker1/DishwasherRack/out-left/s0/j2/n4/base
375e3c46c962	worker1	DishwasherRack/out-left	0	3	0	base	activation	0cdf7944130de7ab	0cdf7944130de7abadc5aa706760d7469038131f94c553672672b2c36fb791e1	lerobot_groot_n15	n15	lerobot_groot_n15__robocasa365_ckpt120000		0	Fully slide the top dishwasher rack out.	robocasa_panda_omron/SlideDishwasherRack_PandaOmron_Env	100774	1300000	0	0			5		1	0	0.05	0.1	4	4	left	Fully slide the top dishwasher rack out.	0	all_token_full	groot_n15_dit_block_residual_full_tokens_denoise	["layer","denoise_step","model_token","feature_dim"]	[7,4,49,1536]	[0,2,4,8,10,12,15]	n15_grid_v6_scene_jitter	grid_coord	meta	meta_json	375e3c46c962/worker1/DishwasherRack/out-left/s0/j3/n0/base
375e3c46c962	worker1	DishwasherRack/out-left	0	3	1	base	activation	2b112d6d4441b525	2b112d6d4441b52552aac6121f6e5c29496ee88d6e29e7a7e18b154475dec9b2	lerobot_groot_n15	n15	lerobot_groot_n15__robocasa365_ckpt120000		0	Fully slide the top dishwasher rack out.	robocasa_panda_omron/SlideDishwasherRack_PandaOmron_Env	100774	1300001	0	0			5		1	0	0.05	0.1	4	4	left	Fully slide the top dishwasher rack out.	0	all_token_full	groot_n15_dit_block_residual_full_tokens_denoise	["layer","denoise_step","model_token","feature_dim"]	[7,4,49,1536]	[0,2,4,8,10,12,15]	n15_grid_v6_scene_jitter	grid_coord	meta	meta_json	375e3c46c962/worker1/DishwasherRack/out-left/s0/j3/n1/base
375e3c46c962	worker1	DishwasherRack/out-left	0	3	2	base	activation	5b12103dfda0590d	5b12103dfda0590df676f83678992ac901e54c8a3507889c20d13e99e58ea985	lerobot_groot_n15	n15	lerobot_groot_n15__robocasa365_ckpt120000		0	Fully slide the top dishwasher rack out.	robocasa_panda_omron/SlideDishwasherRack_PandaOmron_Env	100774	1300002	0	0			5		1	0	0.05	0.1	4	4	left	Fully slide the top dishwasher rack out.	0	all_token_full	groot_n15_dit_block_residual_full_tokens_denoise	["layer","denoise_step","model_token","feature_dim"]	[7,4,49,1536]	[0,2,4,8,10,12,15]	n15_grid_v6_scene_jitter	grid_coord	meta	meta_json	375e3c46c962/worker1/DishwasherRack/out-left/s0/j3/n2/base
375e3c46c962	worker1	DishwasherRack/out-left	0	3	3	base	activation	f26e629f37f9344c	f26e629f37f9344ca6fbc82281e6cf81436801641d9488ea8790d09590296020	lerobot_groot_n15	n15	lerobot_groot_n15__robocasa365_ckpt120000		0	Fully slide the top dishwasher rack out.	robocasa_panda_omron/SlideDishwasherRack_PandaOmron_Env	100774	1300003	0	0			5		1	0	0.05	0.1	4	4	left	Fully slide the top dishwasher rack out.	0	all_token_full	groot_n15_dit_block_residual_full_tokens_denoise	["layer","denoise_step","model_token","feature_dim"]	[7,4,49,1536]	[0,2,4,8,10,12,15]	n15_grid_v6_scene_jitter	grid_coord	meta	meta_json	375e3c46c962/worker1/DishwasherRack/out-left/s0/j3/n3/base
375e3c46c962	worker1	DishwasherRack/out-left	0	3	4	base	activation	e056915d0597969e	e056915d0597969e86f5146dd8f82803d3aaf04d083c3e4d70a6a88611f02734	lerobot_groot_n15	n15	lerobot_groot_n15__robocasa365_ckpt120000		0	Fully slide the top dishwasher rack out.	robocasa_panda_omron/SlideDishwasherRack_PandaOmron_Env	100774	1300004	0	0			5		1	0	0.05	0.1	4	4	left	Fully slide the top dishwasher rack out.	0	all_token_full	groot_n15_dit_block_residual_full_tokens_denoise	["layer","denoise_step","model_token","feature_dim"]	[7,4,49,1536]	[0,2,4,8,10,12,15]	n15_grid_v6_scene_jitter	grid_coord	meta	meta_json	375e3c46c962/worker1/DishwasherRack/out-left/s0/j3/n4/base
375e3c46c962	worker1	DishwasherRack/out-left	0	4	0	base	activation	76f11a1afc42f833	76f11a1afc42f833ad2949bb852e5cda16b1a90ff9bb46778a0eef72aad399ed	lerobot_groot_n15	n15	lerobot_groot_n15__robocasa365_ckpt120000		0	Fully slide the top dishwasher rack out.	robocasa_panda_omron/SlideDishwasherRack_PandaOmron_Env	100774	1300000	0	0			5		1	0	0.05	0.15	4	4	left	Fully slide the top dishwasher rack out.	0	all_token_full	groot_n15_dit_block_residual_full_tokens_denoise	["layer","denoise_step","model_token","feature_dim"]	[7,4,49,1536]	[0,2,4,8,10,12,15]	n15_grid_v6_scene_jitter	grid_coord	meta	meta_json	375e3c46c962/worker1/DishwasherRack/out-left/s0/j4/n0/base
375e3c46c962	worker1	DishwasherRack/out-left	0	4	1	base	activation	33438b33eb831c54	33438b33eb831c54c0be1d2e376570d4a56685a6b977d02decf19d6b4cfeb63a	lerobot_groot_n15	n15	lerobot_groot_n15__robocasa365_ckpt120000		0	Fully slide the top dishwasher rack out.	robocasa_panda_omron/SlideDishwasherRack_PandaOmron_Env	100774	1300001	0	0			5		1	0	0.05	0.15	4	4	left	Fully slide the top dishwasher rack out.	0	all_token_full	groot_n15_dit_block_residual_full_tokens_denoise	["layer","denoise_step","model_token","feature_dim"]	[7,4,49,1536]	[0,2,4,8,10,12,15]	n15_grid_v6_scene_jitter	grid_coord	meta	meta_json	375e3c46c962/worker1/DishwasherRack/out-left/s0/j4/n1/base
375e3c46c962	worker1	DishwasherRack/out-left	0	4	2	base	activation	d21de623965060af	d21de623965060afa4ff4057cb8dc9e7b5e0c9acac4944409611d70de0bbda6c	lerobot_groot_n15	n15	lerobot_groot_n15__robocasa365_ckpt120000		0	Fully slide the top dishwasher rack out.	robocasa_panda_omron/SlideDishwasherRack_PandaOmron_Env	100774	1300002	0	0			5		1	0	0.05	0.15	4	4	left	Fully slide the top dishwasher rack out.	0	all_token_full	groot_n15_dit_block_residual_full_tokens_denoise	["layer","denoise_step","model_token","feature_dim"]	[7,4,49,1536]	[0,2,4,8,10,12,15]	n15_grid_v6_scene_jitter	grid_coord	meta	meta_json	375e3c46c962/worker1/DishwasherRack/out-left/s0/j4/n2/base
375e3c46c962	worker1	DishwasherRack/out-left	0	4	3	base	activation	58281b5f082b61d5	58281b5f082b61d529bbb6167ed0ed1c8438809da29379ddb66a82d690f88381	lerobot_groot_n15	n15	lerobot_groot_n15__robocasa365_ckpt120000		0	Fully slide the top dishwasher rack out.	robocasa_panda_omron/SlideDishwasherRack_PandaOmron_Env	100774	1300003	0	0			5		1	0	0.05	0.15	4	4	left	Fully slide the top dishwasher rack out.	0	all_token_full	groot_n15_dit_block_residual_full_tokens_denoise	["layer","denoise_step","model_token","feature_dim"]	[7,4,49,1536]	[0,2,4,8,10,12,15]	n15_grid_v6_scene_jitter	grid_coord	meta	meta_json	375e3c46c962/worker1/DishwasherRack/out-left/s0/j4/n3/base
375e3c46c962	worker1	DishwasherRack/out-left	0	4	4	base	activation	ebdaadc37ce924d1	ebdaadc37ce924d19ce404f221bab93d3c6284d24d205fddb6ae2f1003173720	lerobot_groot_n15	n15	lerobot_groot_n15__robocasa365_ckpt120000		0	Fully slide the top dishwasher rack out.	robocasa_panda_omron/SlideDishwasherRack_PandaOmron_Env	100774	1300004	0	0			5		1	0	0.05	0.15	4	4	left	Fully slide the top dishwasher rack out.	0	all_token_full	groot_n15_dit_block_residual_full_tokens_denoise	["layer","denoise_step","model_token","feature_dim"]	[7,4,49,1536]	[0,2,4,8,10,12,15]	n15_grid_v6_scene_jitter	grid_coord	meta	meta_json	375e3c46c962/worker1/DishwasherRack/out-left/s0/j4/n4/base
375e3c46c962	worker1	DishwasherRack/out-left	1	0	0	base	activation	4714bc73c01cafc0	4714bc73c01cafc012a8c7548e0ad61a7c042a69bc88e9e0cc56a6b6ba87ef53	lerobot_groot_n15	n15	lerobot_groot_n15__robocasa365_ckpt120000		0	Fully slide the top dishwasher rack out.	robocasa_panda_omron/SlideDishwasherRack_PandaOmron_Env	100985	1300000	0	0			5		1	0	0.0	0.0	9	9	left	Fully slide the top dishwasher rack out.	0	all_token_full	groot_n15_dit_block_residual_full_tokens_denoise	["layer","denoise_step","model_token","feature_dim"]	[7,4,49,1536]	[0,2,4,8,10,12,15]	n15_grid_v6_scene_jitter	grid_coord	meta	meta_json	375e3c46c962/worker1/DishwasherRack/out-left/s1/j0/n0/base
375e3c46c962	worker1	DishwasherRack/out-left	1	0	1	base	activation	fc75a227177ffd30	fc75a227177ffd309aab4ffc4d188276355ea2c2f8e4f97a2d35d97edd03cafb	lerobot_groot_n15	n15	lerobot_groot_n15__robocasa365_ckpt120000		0	Fully slide the top dishwasher rack out.	robocasa_panda_omron/SlideDishwasherRack_PandaOmron_Env	100985	1300001	0	1			5		1	0	0.0	0.0	9	9	left	Fully slide the top dishwasher rack out.	0	all_token_full	groot_n15_dit_block_residual_full_tokens_denoise	["layer","denoise_step","model_token","feature_dim"]	[7,4,49,1536]	[0,2,4,8,10,12,15]	n15_grid_v6_scene_jitter	grid_coord	meta	meta_json	375e3c46c962/worker1/DishwasherRack/out-left/s1/j0/n1/base
375e3c46c962	worker1	DishwasherRack/out-left	1	0	2	base	activation	600b02ca99571b79	600b02ca99571b79d33f719306554b01114affbe6084ad21e7bebcf361140093	lerobot_groot_n15	n15	lerobot_groot_n15__robocasa365_ckpt120000		0	Fully slide the top dishwasher rack out.	robocasa_panda_omron/SlideDishwasherRack_PandaOmron_Env	100985	1300002	0	1			5		1	0	0.0	0.0	9	9	left	Fully slide the top dishwasher rack out.	0	all_token_full	groot_n15_dit_block_residual_full_tokens_denoise	["layer","denoise_step","model_token","feature_dim"]	[7,4,49,1536]	[0,2,4,8,10,12,15]	n15_grid_v6_scene_jitter	grid_coord	meta	meta_json	375e3c46c962/worker1/DishwasherRack/out-left/s1/j0/n2/base
375e3c46c962	worker1	DishwasherRack/out-left	1	0	3	base	activation	f68ab4d05bff1946	f68ab4d05bff19464c9b87a68bb115779e64f875d77a2b263eaa9557761a063e	lerobot_groot_n15	n15	lerobot_groot_n15__robocasa365_ckpt120000		0	Fully slide the top dishwasher rack out.	robocasa_panda_omron/SlideDishwasherRack_PandaOmron_Env	100985	1300003	0	1			5		1	0	0.0	0.0	9	9	left	Fully slide the top dishwasher rack out.	0	all_token_full	groot_n15_dit_block_residual_full_tokens_denoise	["layer","denoise_step","model_token","feature_dim"]	[7,4,49,1536]	[0,2,4,8,10,12,15]	n15_grid_v6_scene_jitter	grid_coord	meta	meta_json	375e3c46c962/worker1/DishwasherRack/out-left/s1/j0/n3/base
375e3c46c962	worker1	DishwasherRack/out-left	1	0	4	base	activation	d67519ddd349d2e1	d67519ddd349d2e1650c7022c5d03e24aad6ec607ed7db718fb27da7ee1c7718	lerobot_groot_n15	n15	lerobot_groot_n15__robocasa365_ckpt120000		0	Fully slide the top dishwasher rack out.	robocasa_panda_omron/SlideDishwasherRack_PandaOmron_Env	100985	1300004	0	1			5		1	0	0.0	0.0	9	9	left	Fully slide the top dishwasher rack out.	0	all_token_full	groot_n15_dit_block_residual_full_tokens_denoise	["layer","denoise_step","model_token","feature_dim"]	[7,4,49,1536]	[0,2,4,8,10,12,15]	n15_grid_v6_scene_jitter	grid_coord	meta	meta_json	375e3c46c962/worker1/DishwasherRack/out-left/s1/j0/n4/base
375e3c46c962	worker1	DishwasherRack/out-left	1	1	0	base	activation	332295801bac6a91	332295801bac6a912032c4c2f86d024515f316b66f31085a238a7a9dae78c19b	lerobot_groot_n15	n15	lerobot_groot_n15__robocasa365_ckpt120000		0	Fully slide the top dishwasher rack out.	robocasa_panda_omron/SlideDishwasherRack_PandaOmron_Env	100985	1300000	0	0			5		1	0	0.0	0.05	9	9	left	Fully slide the top dishwasher rack out.	0	all_token_full	groot_n15_dit_block_residual_full_tokens_denoise	["layer","denoise_step","model_token","feature_dim"]	[7,4,49,1536]	[0,2,4,8,10,12,15]	n15_grid_v6_scene_jitter	grid_coord	meta	meta_json	375e3c46c962/worker1/DishwasherRack/out-left/s1/j1/n0/base
375e3c46c962	worker1	DishwasherRack/out-left	1	1	1	base	activation	642fd709f8efbd32	642fd709f8efbd3215365ffb6c0a721eef9dc5cbbc5045496aa7564543e5231e	lerobot_groot_n15	n15	lerobot_groot_n15__robocasa365_ckpt120000		0	Fully slide the top dishwasher rack out.	robocasa_panda_omron/SlideDishwasherRack_PandaOmron_Env	100985	1300001	0	0			5		1	0	0.0	0.05	9	9	left	Fully slide the top dishwasher rack out.	0	all_token_full	groot_n15_dit_block_residual_full_tokens_denoise	["layer","denoise_step","model_token","feature_dim"]	[7,4,49,1536]	[0,2,4,8,10,12,15]	n15_grid_v6_scene_jitter	grid_coord	meta	meta_json	375e3c46c962/worker1/DishwasherRack/out-left/s1/j1/n1/base
375e3c46c962	worker1	DishwasherRack/out-left	1	1	2	base	activation	2ea4f6b431bbf0dc	2ea4f6b431bbf0dc8f2b012753d4187f97c376e0c6f6ca70883521ba84e62c4a	lerobot_groot_n15	n15	lerobot_groot_n15__robocasa365_ckpt120000		0	Fully slide the top dishwasher rack out.	robocasa_panda_omron/SlideDishwasherRack_PandaOmron_Env	100985	1300002	0	0			5		1	0	0.0	0.05	9	9	left	Fully slide the top dishwasher rack out.	0	all_token_full	groot_n15_dit_block_residual_full_tokens_denoise	["layer","denoise_step","model_token","feature_dim"]	[7,4,49,1536]	[0,2,4,8,10,12,15]	n15_grid_v6_scene_jitter	grid_coord	meta	meta_json	375e3c46c962/worker1/DishwasherRack/out-left/s1/j1/n2/base
375e3c46c962	worker1	DishwasherRack/out-left	1	1	3	base	activation	4c063bc21b951433	4c063bc21b95143367841a49f8060341462277011d8758776e71a97a3879e34d	lerobot_groot_n15	n15	lerobot_groot_n15__robocasa365_ckpt120000		0	Fully slide the top dishwasher rack out.	robocasa_panda_omron/SlideDishwasherRack_PandaOmron_Env	100985	1300003	0	0			5		1	0	0.0	0.05	9	9	left	Fully slide the top dishwasher rack out.	0	all_token_full	groot_n15_dit_block_residual_full_tokens_denoise	["layer","denoise_step","model_token","feature_dim"]	[7,4,49,1536]	[0,2,4,8,10,12,15]	n15_grid_v6_scene_jitter	grid_coord	meta	meta_json	375e3c46c962/worker1/DishwasherRack/out-left/s1/j1/n3/base
375e3c46c962	worker1	DishwasherRack/out-left	1	1	4	base	activation	817e0151545fa789	817e0151545fa789174cdce17941c9a2f2b0abfcffd441c8fcb9cbc0d5090b91	lerobot_groot_n15	n15	lerobot_groot_n15__robocasa365_ckpt120000		0	Fully slide the top dishwasher rack out.	robocasa_panda_omron/SlideDishwasherRack_PandaOmron_Env	100985	1300004	0	0			5		1	0	0.0	0.05	9	9	left	Fully slide the top dishwasher rack out.	0	all_token_full	groot_n15_dit_block_residual_full_tokens_denoise	["layer","denoise_step","model_token","feature_dim"]	[7,4,49,1536]	[0,2,4,8,10,12,15]	n15_grid_v6_scene_jitter	grid_coord	meta	meta_json	375e3c46c962/worker1/DishwasherRack/out-left/s1/j1/n4/base
375e3c46c962	worker1	DishwasherRack/out-left	1	2	0	base	activation	922f5634838fbb09	922f5634838fbb0993ffbd7e0821b2dcf7690cc2793189162071a63b8080f557	lerobot_groot_n15	n15	lerobot_groot_n15__robocasa365_ckpt120000		0	Fully slide the top dishwasher rack out.	robocasa_panda_omron/SlideDishwasherRack_PandaOmron_Env	100985	1300000	0	0			5		1	0	0.0	0.1	9	9	left	Fully slide the top dishwasher rack out.	0	all_token_full	groot_n15_dit_block_residual_full_tokens_denoise	["layer","denoise_step","model_token","feature_dim"]	[7,4,49,1536]	[0,2,4,8,10,12,15]	n15_grid_v6_scene_jitter	grid_coord	meta	meta_json	375e3c46c962/worker1/DishwasherRack/out-left/s1/j2/n0/base
375e3c46c962	worker1	DishwasherRack/out-left	1	2	1	base	activation	c28451c3654701c7	c28451c3654701c738d94fc78552e6755a6879f088cc3e0ba93e58ec12e1b363	lerobot_groot_n15	n15	lerobot_groot_n15__robocasa365_ckpt120000		0	Fully slide the top dishwasher rack out.	robocasa_panda_omron/SlideDishwasherRack_PandaOmron_Env	100985	1300001	0	0			5		1	0	0.0	0.1	9	9	left	Fully slide the top dishwasher rack out.	0	all_token_full	groot_n15_dit_block_residual_full_tokens_denoise	["layer","denoise_step","model_token","feature_dim"]	[7,4,49,1536]	[0,2,4,8,10,12,15]	n15_grid_v6_scene_jitter	grid_coord	meta	meta_json	375e3c46c962/worker1/DishwasherRack/out-left/s1/j2/n1/base
375e3c46c962	worker1	DishwasherRack/out-left	1	2	2	base	activation	28c474529192d454	28c474529192d4546cc268e234b4d34ddf2293dfb3b8039b0fad1b96bb275bc4	lerobot_groot_n15	n15	lerobot_groot_n15__robocasa365_ckpt120000		0	Fully slide the top dishwasher rack out.	robocasa_panda_omron/SlideDishwasherRack_PandaOmron_Env	100985	1300002	0	0			5		1	0	0.0	0.1	9	9	left	Fully slide the top dishwasher rack out.	0	all_token_full	groot_n15_dit_block_residual_full_tokens_denoise	["layer","denoise_step","model_token","feature_dim"]	[7,4,49,1536]	[0,2,4,8,10,12,15]	n15_grid_v6_scene_jitter	grid_coord	meta	meta_json	375e3c46c962/worker1/DishwasherRack/out-left/s1/j2/n2/base
375e3c46c962	worker1	DishwasherRack/out-left	1	2	3	base	activation	da5ca2430907de01	da5ca2430907de010a93f2fc53f2328fe4389d6c592b1c347c1601a736f4a304	lerobot_groot_n15	n15	lerobot_groot_n15__robocasa365_ckpt120000		0	Fully slide the top dishwasher rack out.	robocasa_panda_omron/SlideDishwasherRack_PandaOmron_Env	100985	1300003	0	0			5		1	0	0.0	0.1	9	9	left	Fully slide the top dishwasher rack out.	0	all_token_full	groot_n15_dit_block_residual_full_tokens_denoise	["layer","denoise_step","model_token","feature_dim"]	[7,4,49,1536]	[0,2,4,8,10,12,15]	n15_grid_v6_scene_jitter	grid_coord	meta	meta_json	375e3c46c962/worker1/DishwasherRack/out-left/s1/j2/n3/base
375e3c46c962	worker1	DishwasherRack/out-left	1	2	4	base	activation	bdb4d6e8afcdd1e4	bdb4d6e8afcdd1e48028a1b7331a29ab13898513d0e6f998a40e94a22cb3fb03	lerobot_groot_n15	n15	lerobot_groot_n15__robocasa365_ckpt120000		0	Fully slide the top dishwasher rack out.	robocasa_panda_omron/SlideDishwasherRack_PandaOmron_Env	100985	1300004	0	0			5		1	0	0.0	0.1	9	9	left	Fully slide the top dishwasher rack out.	0	all_token_full	groot_n15_dit_block_residual_full_tokens_denoise	["layer","denoise_step","model_token","feature_dim"]	[7,4,49,1536]	[0,2,4,8,10,12,15]	n15_grid_v6_scene_jitter	grid_coord	meta	meta_json	375e3c46c962/worker1/DishwasherRack/out-left/s1/j2/n4/base
375e3c46c962	worker1	DishwasherRack/out-left	1	3	0	base	activation	b650b1d56f63c673	b650b1d56f63c67368ab5bbb4c4bf8244aba1d17549163a7eaea0ff2e1ebff32	lerobot_groot_n15	n15	lerobot_groot_n15__robocasa365_ckpt120000		0	Fully slide the top dishwasher rack out.	robocasa_panda_omron/SlideDishwasherRack_PandaOmron_Env	100985	1300000	0	0			5		1	0	0.05	0.1	9	9	left	Fully slide the top dishwasher rack out.	0	all_token_full	groot_n15_dit_block_residual_full_tokens_denoise	["layer","denoise_step","model_token","feature_dim"]	[7,4,49,1536]	[0,2,4,8,10,12,15]	n15_grid_v6_scene_jitter	grid_coord	meta	meta_json	375e3c46c962/worker1/DishwasherRack/out-left/s1/j3/n0/base
375e3c46c962	worker1	DishwasherRack/out-left	1	3	1	base	activation	10f3d37ea0b99da4	10f3d37ea0b99da4006820089924ad820d67dd1287cd49d2e8ca26f0d7a8bfe4	lerobot_groot_n15	n15	lerobot_groot_n15__robocasa365_ckpt120000		0	Fully slide the top dishwasher rack out.	robocasa_panda_omron/SlideDishwasherRack_PandaOmron_Env	100985	1300001	0	0			5		1	0	0.05	0.1	9	9	left	Fully slide the top dishwasher rack out.	0	all_token_full	groot_n15_dit_block_residual_full_tokens_denoise	["layer","denoise_step","model_token","feature_dim"]	[7,4,49,1536]	[0,2,4,8,10,12,15]	n15_grid_v6_scene_jitter	grid_coord	meta	meta_json	375e3c46c962/worker1/DishwasherRack/out-left/s1/j3/n1/base
375e3c46c962	worker1	DishwasherRack/out-left	1	3	2	base	activation	a411ff422d5abebd	a411ff422d5abebda868594b05ffa90f1a936af3b7ec650991721948aa31f532	lerobot_groot_n15	n15	lerobot_groot_n15__robocasa365_ckpt120000		0	Fully slide the top dishwasher rack out.	robocasa_panda_omron/SlideDishwasherRack_PandaOmron_Env	100985	1300002	0	0			5		1	0	0.05	0.1	9	9	left	Fully slide the top dishwasher rack out.	0	all_token_full	groot_n15_dit_block_residual_full_tokens_denoise	["layer","denoise_step","model_token","feature_dim"]	[7,4,49,1536]	[0,2,4,8,10,12,15]	n15_grid_v6_scene_jitter	grid_coord	meta	meta_json	375e3c46c962/worker1/DishwasherRack/out-left/s1/j3/n2/base
375e3c46c962	worker1	DishwasherRack/out-left	1	3	3	base	activation	ab26929f43d3a2b7	ab26929f43d3a2b7b84153080513e3b8825ed3b2ddd776a8b8d783b445023008	lerobot_groot_n15	n15	lerobot_groot_n15__robocasa365_ckpt120000		0	Fully slide the top dishwasher rack out.	robocasa_panda_omron/SlideDishwasherRack_PandaOmron_Env	100985	1300003	0	0			5		1	0	0.05	0.1	9	9	left	Fully slide the top dishwasher rack out.	0	all_token_full	groot_n15_dit_block_residual_full_tokens_denoise	["layer","denoise_step","model_token","feature_dim"]	[7,4,49,1536]	[0,2,4,8,10,12,15]	n15_grid_v6_scene_jitter	grid_coord	meta	meta_json	375e3c46c962/worker1/DishwasherRack/out-left/s1/j3/n3/base
375e3c46c962	worker1	DishwasherRack/out-left	1	3	4	base	activation	bbc13cc85edecd3b	bbc13cc85edecd3bf287c8497f006d220a5dbcfd5eeee51bb5386e1645d6946a	lerobot_groot_n15	n15	lerobot_groot_n15__robocasa365_ckpt120000		0	Fully slide the top dishwasher rack out.	robocasa_panda_omron/SlideDishwasherRack_PandaOmron_Env	100985	1300004	0	0			5		1	0	0.05	0.1	9	9	left	Fully slide the top dishwasher rack out.	0	all_token_full	groot_n15_dit_block_residual_full_tokens_denoise	["layer","denoise_step","model_token","feature_dim"]	[7,4,49,1536]	[0,2,4,8,10,12,15]	n15_grid_v6_scene_jitter	grid_coord	meta	meta_json	375e3c46c962/worker1/DishwasherRack/out-left/s1/j3/n4/base
375e3c46c962	worker1	DishwasherRack/out-left	1	4	0	base	activation	6c3e7d8b29c8cac8	6c3e7d8b29c8cac8796975319f0fd54eafed1f895256be3864c39599d6a82c20	lerobot_groot_n15	n15	lerobot_groot_n15__robocasa365_ckpt120000		0	Fully slide the top dishwasher rack out.	robocasa_panda_omron/SlideDishwasherRack_PandaOmron_Env	100985	1300000	0	0			5		1	0	0.05	0.15	9	9	left	Fully slide the top dishwasher rack out.	0	all_token_full	groot_n15_dit_block_residual_full_tokens_denoise	["layer","denoise_step","model_token","feature_dim"]	[7,4,49,1536]	[0,2,4,8,10,12,15]	n15_grid_v6_scene_jitter	grid_coord	meta	meta_json	375e3c46c962/worker1/DishwasherRack/out-left/s1/j4/n0/base
375e3c46c962	worker1	DishwasherRack/out-left	1	4	1	base	activation	477de2a58aa76064	477de2a58aa7606498d41d7be87b171230fe0374d57bf7ff1e9fd43213639187	lerobot_groot_n15	n15	lerobot_groot_n15__robocasa365_ckpt120000		0	Fully slide the top dishwasher rack out.	robocasa_panda_omron/SlideDishwasherRack_PandaOmron_Env	100985	1300001	0	0			5		1	0	0.05	0.15	9	9	left	Fully slide the top dishwasher rack out.	0	all_token_full	groot_n15_dit_block_residual_full_tokens_denoise	["layer","denoise_step","model_token","feature_dim"]	[7,4,49,1536]	[0,2,4,8,10,12,15]	n15_grid_v6_scene_jitter	grid_coord	meta	meta_json	375e3c46c962/worker1/DishwasherRack/out-left/s1/j4/n1/base
375e3c46c962	worker1	DishwasherRack/out-left	1	4	2	base	activation	862fee9260292523	862fee9260292523aac2077ee76c189a5f139b8583588ec9fc06dbfb170a0932	lerobot_groot_n15	n15	lerobot_groot_n15__robocasa365_ckpt120000		0	Fully slide the top dishwasher rack out.	robocasa_panda_omron/SlideDishwasherRack_PandaOmron_Env	100985	1300002	0	0			5		1	0	0.05	0.15	9	9	left	Fully slide the top dishwasher rack out.	0	all_token_full	groot_n15_dit_block_residual_full_tokens_denoise	["layer","denoise_step","model_token","feature_dim"]	[7,4,49,1536]	[0,2,4,8,10,12,15]	n15_grid_v6_scene_jitter	grid_coord	meta	meta_json	375e3c46c962/worker1/DishwasherRack/out-left/s1/j4/n2/base
375e3c46c962	worker1	DishwasherRack/out-left	1	4	3	base	activation	cb75fd2c52d8a476	cb75fd2c52d8a4761c4fd354e90911449fb8f59b3c3379df4b61c7aa0952b400	lerobot_groot_n15	n15	lerobot_groot_n15__robocasa365_ckpt120000		0	Fully slide the top dishwasher rack out.	robocasa_panda_omron/SlideDishwasherRack_PandaOmron_Env	100985	1300003	0	0			5		1	0	0.05	0.15	9	9	left	Fully slide the top dishwasher rack out.	0	all_token_full	groot_n15_dit_block_residual_full_tokens_denoise	["layer","denoise_step","model_token","feature_dim"]	[7,4,49,1536]	[0,2,4,8,10,12,15]	n15_grid_v6_scene_jitter	grid_coord	meta	meta_json	375e3c46c962/worker1/DishwasherRack/out-left/s1/j4/n3/base
375e3c46c962	worker1	DishwasherRack/out-left	1	4	4	base	activation	4d0d9f73c2452389	4d0d9f73c2452389da7fc9db95f0c69525a7858c8e875f27f6bc1efcf93ad1ec	lerobot_groot_n15	n15	lerobot_groot_n15__robocasa365_ckpt120000		0	Fully slide the top dishwasher rack out.	robocasa_panda_omron/SlideDishwasherRack_PandaOmron_Env	100985	1300004	0	0			5		1	0	0.05	0.15	9	9	left	Fully slide the top dishwasher rack out.	0	all_token_full	groot_n15_dit_block_residual_full_tokens_denoise	["layer","denoise_step","model_token","feature_dim"]	[7,4,49,1536]	[0,2,4,8,10,12,15]	n15_grid_v6_scene_jitter	grid_coord	meta	meta_json	375e3c46c962/worker1/DishwasherRack/out-left/s1/j4/n4/base
375e3c46c962	worker1	DishwasherRack/out-left	2	0	0	base	activation	41ff113142d938cb	41ff113142d938cb1ae5ffa8a9ca95d58268e83b3b7799c879f938ed23b4175c	lerobot_groot_n15	n15	lerobot_groot_n15__robocasa365_ckpt120000		0	Fully slide the top dishwasher rack out.	robocasa_panda_omron/SlideDishwasherRack_PandaOmron_Env	100162	1300000	0	0			5		1	0	0.0	0.0	5	5	left	Fully slide the top dishwasher rack out.	0	all_token_full	groot_n15_dit_block_residual_full_tokens_denoise	["layer","denoise_step","model_token","feature_dim"]	[7,4,49,1536]	[0,2,4,8,10,12,15]	n15_grid_v6_scene_jitter	grid_coord	meta	meta_json	375e3c46c962/worker1/DishwasherRack/out-left/s2/j0/n0/base
375e3c46c962	worker1	DishwasherRack/out-left	2	0	1	base	activation	5c3d96c282bdf6f7	5c3d96c282bdf6f7f95e4d084fa4a95e3e2c787c18b7293192a76fefb6c86def	lerobot_groot_n15	n15	lerobot_groot_n15__robocasa365_ckpt120000		0	Fully slide the top dishwasher rack out.	robocasa_panda_omron/SlideDishwasherRack_PandaOmron_Env	100162	1300001	0	0			5		1	0	0.0	0.0	5	5	left	Fully slide the top dishwasher rack out.	0	all_token_full	groot_n15_dit_block_residual_full_tokens_denoise	["layer","denoise_step","model_token","feature_dim"]	[7,4,49,1536]	[0,2,4,8,10,12,15]	n15_grid_v6_scene_jitter	grid_coord	meta	meta_json	375e3c46c962/worker1/DishwasherRack/out-left/s2/j0/n1/base
375e3c46c962	worker1	DishwasherRack/out-left	2	0	2	base	activation	854342fdfbe8be6b	854342fdfbe8be6bbef17ca78683b260b60987c1dcc30315608e349cf83caa9d	lerobot_groot_n15	n15	lerobot_groot_n15__robocasa365_ckpt120000		0	Fully slide the top dishwasher rack out.	robocasa_panda_omron/SlideDishwasherRack_PandaOmron_Env	100162	1300002	0	0			5		1	0	0.0	0.0	5	5	left	Fully slide the top dishwasher rack out.	0	all_token_full	groot_n15_dit_block_residual_full_tokens_denoise	["layer","denoise_step","model_token","feature_dim"]	[7,4,49,1536]	[0,2,4,8,10,12,15]	n15_grid_v6_scene_jitter	grid_coord	meta	meta_json	375e3c46c962/worker1/DishwasherRack/out-left/s2/j0/n2/base
375e3c46c962	worker1	DishwasherRack/out-left	2	0	3	base	activation	f245801fd8090e8d	f245801fd8090e8d070424fc3eb30a9303eaf8698f2a725a9589427690d1122a	lerobot_groot_n15	n15	lerobot_groot_n15__robocasa365_ckpt120000		0	Fully slide the top dishwasher rack out.	robocasa_panda_omron/SlideDishwasherRack_PandaOmron_Env	100162	1300003	0	0			5		1	0	0.0	0.0	5	5	left	Fully slide the top dishwasher rack out.	0	all_token_full	groot_n15_dit_block_residual_full_tokens_denoise	["layer","denoise_step","model_token","feature_dim"]	[7,4,49,1536]	[0,2,4,8,10,12,15]	n15_grid_v6_scene_jitter	grid_coord	meta	meta_json	375e3c46c962/worker1/DishwasherRack/out-left/s2/j0/n3/base
375e3c46c962	worker1	DishwasherRack/out-left	2	0	4	base	activation	ccbde625b363734c	ccbde625b363734c742b326a33052e4c89d6f9d62b9ec0b6595bd6d8596af5e5	lerobot_groot_n15	n15	lerobot_groot_n15__robocasa365_ckpt120000		0	Fully slide the top dishwasher rack out.	robocasa_panda_omron/SlideDishwasherRack_PandaOmron_Env	100162	1300004	0	0			5		1	0	0.0	0.0	5	5	left	Fully slide the top dishwasher rack out.	0	all_token_full	groot_n15_dit_block_residual_full_tokens_denoise	["layer","denoise_step","model_token","feature_dim"]	[7,4,49,1536]	[0,2,4,8,10,12,15]	n15_grid_v6_scene_jitter	grid_coord	meta	meta_json	375e3c46c962/worker1/DishwasherRack/out-left/s2/j0/n4/base
375e3c46c962	worker1	DishwasherRack/out-left	2	1	0	base	activation	2d4f5da4075253e4	2d4f5da4075253e49e791425f3c0947e5486e31ca552cb604455c6dee1db96bc	lerobot_groot_n15	n15	lerobot_groot_n15__robocasa365_ckpt120000		0	Fully slide the top dishwasher rack out.	robocasa_panda_omron/SlideDishwasherRack_PandaOmron_Env	100162	1300000	0	0			5		1	0	0.0	0.05	5	5	left	Fully slide the top dishwasher rack out.	0	all_token_full	groot_n15_dit_block_residual_full_tokens_denoise	["layer","denoise_step","model_token","feature_dim"]	[7,4,49,1536]	[0,2,4,8,10,12,15]	n15_grid_v6_scene_jitter	grid_coord	meta	meta_json	375e3c46c962/worker1/DishwasherRack/out-left/s2/j1/n0/base
375e3c46c962	worker1	DishwasherRack/out-left	2	1	1	base	activation	85d1a06907549b6f	85d1a06907549b6fbf25efd58d9637937896e8e5de49ad01dbb825ac85588e2d	lerobot_groot_n15	n15	lerobot_groot_n15__robocasa365_ckpt120000		0	Fully slide the top dishwasher rack out.	robocasa_panda_omron/SlideDishwasherRack_PandaOmron_Env	100162	1300001	0	0			5		1	0	0.0	0.05	5	5	left	Fully slide the top dishwasher rack out.	0	all_token_full	groot_n15_dit_block_residual_full_tokens_denoise	["layer","denoise_step","model_token","feature_dim"]	[7,4,49,1536]	[0,2,4,8,10,12,15]	n15_grid_v6_scene_jitter	grid_coord	meta	meta_json	375e3c46c962/worker1/DishwasherRack/out-left/s2/j1/n1/base
375e3c46c962	worker1	DishwasherRack/out-left	2	1	2	base	activation	1842026a1bfba9c7	1842026a1bfba9c7c96309fddef774cdaf340ceff045477b37d2594731fc8d26	lerobot_groot_n15	n15	lerobot_groot_n15__robocasa365_ckpt120000		0	Fully slide the top dishwasher rack out.	robocasa_panda_omron/SlideDishwasherRack_PandaOmron_Env	100162	1300002	0	0			5		1	0	0.0	0.05	5	5	left	Fully slide the top dishwasher rack out.	0	all_token_full	groot_n15_dit_block_residual_full_tokens_denoise	["layer","denoise_step","model_token","feature_dim"]	[7,4,49,1536]	[0,2,4,8,10,12,15]	n15_grid_v6_scene_jitter	grid_coord	meta	meta_json	375e3c46c962/worker1/DishwasherRack/out-left/s2/j1/n2/base
375e3c46c962	worker1	DishwasherRack/out-left	2	1	3	base	activation	be9d15b0426bbb99	be9d15b0426bbb999657ab255c9061ee3385b1c93d2a8022c6c9316a092df8c9	lerobot_groot_n15	n15	lerobot_groot_n15__robocasa365_ckpt120000		0	Fully slide the top dishwasher rack out.	robocasa_panda_omron/SlideDishwasherRack_PandaOmron_Env	100162	1300003	0	0			5		1	0	0.0	0.05	5	5	left	Fully slide the top dishwasher rack out.	0	all_token_full	groot_n15_dit_block_residual_full_tokens_denoise	["layer","denoise_step","model_token","feature_dim"]	[7,4,49,1536]	[0,2,4,8,10,12,15]	n15_grid_v6_scene_jitter	grid_coord	meta	meta_json	375e3c46c962/worker1/DishwasherRack/out-left/s2/j1/n3/base
375e3c46c962	worker1	DishwasherRack/out-left	2	1	4	base	activation	d5990200a13889a4	d5990200a13889a4a0b3ee06d4905b344e1fd47b5c380d3b671a3192cfee4212	lerobot_groot_n15	n15	lerobot_groot_n15__robocasa365_ckpt120000		0	Fully slide the top dishwasher rack out.	robocasa_panda_omron/SlideDishwasherRack_PandaOmron_Env	100162	1300004	0	0			5		1	0	0.0	0.05	5	5	left	Fully slide the top dishwasher rack out.	0	all_token_full	groot_n15_dit_block_residual_full_tokens_denoise	["layer","denoise_step","model_token","feature_dim"]	[7,4,49,1536]	[0,2,4,8,10,12,15]	n15_grid_v6_scene_jitter	grid_coord	meta	meta_json	375e3c46c962/worker1/DishwasherRack/out-left/s2/j1/n4/base
375e3c46c962	worker1	DishwasherRack/out-left	2	2	0	base	activation	17d941ccdacd5ff0	17d941ccdacd5ff0f2075de87bbc0098c57eac2e10171dfa7fc1b27af7aaada1	lerobot_groot_n15	n15	lerobot_groot_n15__robocasa365_ckpt120000		0	Fully slide the top dishwasher rack out.	robocasa_panda_omron/SlideDishwasherRack_PandaOmron_Env	100162	1300000	0	0			5		1	0	0.0	0.1	5	5	left	Fully slide the top dishwasher rack out.	0	all_token_full	groot_n15_dit_block_residual_full_tokens_denoise	["layer","denoise_step","model_token","feature_dim"]	[7,4,49,1536]	[0,2,4,8,10,12,15]	n15_grid_v6_scene_jitter	grid_coord	meta	meta_json	375e3c46c962/worker1/DishwasherRack/out-left/s2/j2/n0/base
375e3c46c962	worker1	DishwasherRack/out-left	2	2	1	base	activation	2c4a3d65c40423ff	2c4a3d65c40423ff1d6c968841ba97ce65bef3abbed0aba62bec95f7b2431790	lerobot_groot_n15	n15	lerobot_groot_n15__robocasa365_ckpt120000		0	Fully slide the top dishwasher rack out.	robocasa_panda_omron/SlideDishwasherRack_PandaOmron_Env	100162	1300001	0	0			5		1	0	0.0	0.1	5	5	left	Fully slide the top dishwasher rack out.	0	all_token_full	groot_n15_dit_block_residual_full_tokens_denoise	["layer","denoise_step","model_token","feature_dim"]	[7,4,49,1536]	[0,2,4,8,10,12,15]	n15_grid_v6_scene_jitter	grid_coord	meta	meta_json	375e3c46c962/worker1/DishwasherRack/out-left/s2/j2/n1/base
375e3c46c962	worker1	DishwasherRack/out-left	2	2	2	base	activation	75eb04f161615760	75eb04f161615760339ad2b79996fed2e370ffdd898d96fd745da123a861476d	lerobot_groot_n15	n15	lerobot_groot_n15__robocasa365_ckpt120000		0	Fully slide the top dishwasher rack out.	robocasa_panda_omron/SlideDishwasherRack_PandaOmron_Env	100162	1300002	0	0			5		1	0	0.0	0.1	5	5	left	Fully slide the top dishwasher rack out.	0	all_token_full	groot_n15_dit_block_residual_full_tokens_denoise	["layer","denoise_step","model_token","feature_dim"]	[7,4,49,1536]	[0,2,4,8,10,12,15]	n15_grid_v6_scene_jitter	grid_coord	meta	meta_json	375e3c46c962/worker1/DishwasherRack/out-left/s2/j2/n2/base
375e3c46c962	worker1	DishwasherRack/out-left	2	2	3	base	activation	0a3b9ff963f96383	0a3b9ff963f96383d0236ccd3a4d45397502ee4bef6f474dee11e17212d6b965	lerobot_groot_n15	n15	lerobot_groot_n15__robocasa365_ckpt120000		0	Fully slide the top dishwasher rack out.	robocasa_panda_omron/SlideDishwasherRack_PandaOmron_Env	100162	1300003	0	0			5		1	0	0.0	0.1	5	5	left	Fully slide the top dishwasher rack out.	0	all_token_full	groot_n15_dit_block_residual_full_tokens_denoise	["layer","denoise_step","model_token","feature_dim"]	[7,4,49,1536]	[0,2,4,8,10,12,15]	n15_grid_v6_scene_jitter	grid_coord	meta	meta_json	375e3c46c962/worker1/DishwasherRack/out-left/s2/j2/n3/base
375e3c46c962	worker1	DishwasherRack/out-left	2	2	4	base	activation	4c923caee7562afc	4c923caee7562afc949c5f65ef2e309e5908b06defe31532fdfdd53606658e95	lerobot_groot_n15	n15	lerobot_groot_n15__robocasa365_ckpt120000		0	Fully slide the top dishwasher rack out.	robocasa_panda_omron/SlideDishwasherRack_PandaOmron_Env	100162	1300004	0	0			5		1	0	0.0	0.1	5	5	left	Fully slide the top dishwasher rack out.	0	all_token_full	groot_n15_dit_block_residual_full_tokens_denoise	["layer","denoise_step","model_token","feature_dim"]	[7,4,49,1536]	[0,2,4,8,10,12,15]	n15_grid_v6_scene_jitter	grid_coord	meta	meta_json	375e3c46c962/worker1/DishwasherRack/out-left/s2/j2/n4/base
375e3c46c962	worker1	DishwasherRack/out-left	2	3	0	base	activation	645f969fbeb82140	645f969fbeb821406d66968fe6c7cbef27f70e3b0b99008c66a8c64f344ddad0	lerobot_groot_n15	n15	lerobot_groot_n15__robocasa365_ckpt120000		0	Fully slide the top dishwasher rack out.	robocasa_panda_omron/SlideDishwasherRack_PandaOmron_Env	100162	1300000	0	0			5		1	0	0.05	0.1	5	5	left	Fully slide the top dishwasher rack out.	0	all_token_full	groot_n15_dit_block_residual_full_tokens_denoise	["layer","denoise_step","model_token","feature_dim"]	[7,4,49,1536]	[0,2,4,8,10,12,15]	n15_grid_v6_scene_jitter	grid_coord	meta	meta_json	375e3c46c962/worker1/DishwasherRack/out-left/s2/j3/n0/base
375e3c46c962	worker1	DishwasherRack/out-left	2	3	1	base	activation	15a822d2ed375daa	15a822d2ed375daa75bd7abee0b2c6de474925a5a19a320817b375421f920052	lerobot_groot_n15	n15	lerobot_groot_n15__robocasa365_ckpt120000		0	Fully slide the top dishwasher rack out.	robocasa_panda_omron/SlideDishwasherRack_PandaOmron_Env	100162	1300001	0	0			5		1	0	0.05	0.1	5	5	left	Fully slide the top dishwasher rack out.	0	all_token_full	groot_n15_dit_block_residual_full_tokens_denoise	["layer","denoise_step","model_token","feature_dim"]	[7,4,49,1536]	[0,2,4,8,10,12,15]	n15_grid_v6_scene_jitter	grid_coord	meta	meta_json	375e3c46c962/worker1/DishwasherRack/out-left/s2/j3/n1/base
375e3c46c962	worker1	DishwasherRack/out-left	2	3	2	base	activation	e08e1aa419d8ff25	e08e1aa419d8ff2590ccbc52ff74ff669873c6e2b618f8efa6356a4fd6cf7f2b	lerobot_groot_n15	n15	lerobot_groot_n15__robocasa365_ckpt120000		0	Fully slide the top dishwasher rack out.	robocasa_panda_omron/SlideDishwasherRack_PandaOmron_Env	100162	1300002	0	0			5		1	0	0.05	0.1	5	5	left	Fully slide the top dishwasher rack out.	0	all_token_full	groot_n15_dit_block_residual_full_tokens_denoise	["layer","denoise_step","model_token","feature_dim"]	[7,4,49,1536]	[0,2,4,8,10,12,15]	n15_grid_v6_scene_jitter	grid_coord	meta	meta_json	375e3c46c962/worker1/DishwasherRack/out-left/s2/j3/n2/base
375e3c46c962	worker1	DishwasherRack/out-left	2	3	3	base	activation	d64caf32affcdb53	d64caf32affcdb53dae59954e5f9e093b0c805389ff662d29647492051379188	lerobot_groot_n15	n15	lerobot_groot_n15__robocasa365_ckpt120000		0	Fully slide the top dishwasher rack out.	robocasa_panda_omron/SlideDishwasherRack_PandaOmron_Env	100162	1300003	0	0			5		1	0	0.05	0.1	5	5	left	Fully slide the top dishwasher rack out.	0	all_token_full	groot_n15_dit_block_residual_full_tokens_denoise	["layer","denoise_step","model_token","feature_dim"]	[7,4,49,1536]	[0,2,4,8,10,12,15]	n15_grid_v6_scene_jitter	grid_coord	meta	meta_json	375e3c46c962/worker1/DishwasherRack/out-left/s2/j3/n3/base
375e3c46c962	worker1	DishwasherRack/out-left	2	3	4	base	activation	c5ab6f16420e4c08	c5ab6f16420e4c0882f6be73eef45f891bd91e6464ab65e32df5a1a5cd2ab03c	lerobot_groot_n15	n15	lerobot_groot_n15__robocasa365_ckpt120000		0	Fully slide the top dishwasher rack out.	robocasa_panda_omron/SlideDishwasherRack_PandaOmron_Env	100162	1300004	0	0			5		1	0	0.05	0.1	5	5	left	Fully slide the top dishwasher rack out.	0	all_token_full	groot_n15_dit_block_residual_full_tokens_denoise	["layer","denoise_step","model_token","feature_dim"]	[7,4,49,1536]	[0,2,4,8,10,12,15]	n15_grid_v6_scene_jitter	grid_coord	meta	meta_json	375e3c46c962/worker1/DishwasherRack/out-left/s2/j3/n4/base
375e3c46c962	worker1	DishwasherRack/out-left	2	4	0	base	activation	266f95a06f0c6e34	266f95a06f0c6e34f1b20f4aedffc66c73bc7c78e245da5f0438933e3daefa7a	lerobot_groot_n15	n15	lerobot_groot_n15__robocasa365_ckpt120000		0	Fully slide the top dishwasher rack out.	robocasa_panda_omron/SlideDishwasherRack_PandaOmron_Env	100162	1300000	0	0			5		1	0	0.05	0.15	5	5	left	Fully slide the top dishwasher rack out.	0	all_token_full	groot_n15_dit_block_residual_full_tokens_denoise	["layer","denoise_step","model_token","feature_dim"]	[7,4,49,1536]	[0,2,4,8,10,12,15]	n15_grid_v6_scene_jitter	grid_coord	meta	meta_json	375e3c46c962/worker1/DishwasherRack/out-left/s2/j4/n0/base
375e3c46c962	worker1	DishwasherRack/out-left	2	4	1	base	activation	10caf99f9318ea97	10caf99f9318ea97e9557185cb1807b1cfdc922c91809a2f73ad98fc7f7d8946	lerobot_groot_n15	n15	lerobot_groot_n15__robocasa365_ckpt120000		0	Fully slide the top dishwasher rack out.	robocasa_panda_omron/SlideDishwasherRack_PandaOmron_Env	100162	1300001	0	0			5		1	0	0.05	0.15	5	5	left	Fully slide the top dishwasher rack out.	0	all_token_full	groot_n15_dit_block_residual_full_tokens_denoise	["layer","denoise_step","model_token","feature_dim"]	[7,4,49,1536]	[0,2,4,8,10,12,15]	n15_grid_v6_scene_jitter	grid_coord	meta	meta_json	375e3c46c962/worker1/DishwasherRack/out-left/s2/j4/n1/base
375e3c46c962	worker1	DishwasherRack/out-left	2	4	2	base	activation	93efc7da8f45e0e9	93efc7da8f45e0e9cb075a62ee9734e9b225abb83822af7cc53dd48f55eb6e39	lerobot_groot_n15	n15	lerobot_groot_n15__robocasa365_ckpt120000		0	Fully slide the top dishwasher rack out.	robocasa_panda_omron/SlideDishwasherRack_PandaOmron_Env	100162	1300002	0	0			5		1	0	0.05	0.15	5	5	left	Fully slide the top dishwasher rack out.	0	all_token_full	groot_n15_dit_block_residual_full_tokens_denoise	["layer","denoise_step","model_token","feature_dim"]	[7,4,49,1536]	[0,2,4,8,10,12,15]	n15_grid_v6_scene_jitter	grid_coord	meta	meta_json	375e3c46c962/worker1/DishwasherRack/out-left/s2/j4/n2/base
375e3c46c962	worker1	DishwasherRack/out-left	2	4	3	base	activation	c276639c9269b4df	c276639c9269b4df5e00a20cdbe5000dcf73b2258ee981b14bc17010f75f4be2	lerobot_groot_n15	n15	lerobot_groot_n15__robocasa365_ckpt120000		0	Fully slide the top dishwasher rack out.	robocasa_panda_omron/SlideDishwasherRack_PandaOmron_Env	100162	1300003	0	0			5		1	0	0.05	0.15	5	5	left	Fully slide the top dishwasher rack out.	0	all_token_full	groot_n15_dit_block_residual_full_tokens_denoise	["layer","denoise_step","model_token","feature_dim"]	[7,4,49,1536]	[0,2,4,8,10,12,15]	n15_grid_v6_scene_jitter	grid_coord	meta	meta_json	375e3c46c962/worker1/DishwasherRack/out-left/s2/j4/n3/base
375e3c46c962	worker1	DishwasherRack/out-left	2	4	4	base	activation	87bdb505bb204db2	87bdb505bb204db21e510e0bc876ba29df958d5c863440687f9704c432a9e83f	lerobot_groot_n15	n15	lerobot_groot_n15__robocasa365_ckpt120000		0	Fully slide the top dishwasher rack out.	robocasa_panda_omron/SlideDishwasherRack_PandaOmron_Env	100162	1300004	0	0			5		1	0	0.05	0.15	5	5	left	Fully slide the top dishwasher rack out.	0	all_token_full	groot_n15_dit_block_residual_full_tokens_denoise	["layer","denoise_step","model_token","feature_dim"]	[7,4,49,1536]	[0,2,4,8,10,12,15]	n15_grid_v6_scene_jitter	grid_coord	meta	meta_json	375e3c46c962/worker1/DishwasherRack/out-left/s2/j4/n4/base
375e3c46c962	worker1	DishwasherRack/out-right	0	0	0	base	activation	9fccb0e7cce5c590	9fccb0e7cce5c5905e86e4dadd0a631b66375872a23e96f484523e8cca3d8cc5	lerobot_groot_n15	n15	lerobot_groot_n15__robocasa365_ckpt120000		0	Fully slide the top dishwasher rack out.	robocasa_panda_omron/SlideDishwasherRack_PandaOmron_Env	100387	1300000	0	0			5		1	0	0.0	0.0	4	4	right	Fully slide the top dishwasher rack out.	0	all_token_full	groot_n15_dit_block_residual_full_tokens_denoise	["layer","denoise_step","model_token","feature_dim"]	[7,4,49,1536]	[0,2,4,8,10,12,15]	n15_grid_v6_scene_jitter	grid_coord	meta	meta_json	375e3c46c962/worker1/DishwasherRack/out-right/s0/j0/n0/base
375e3c46c962	worker1	DishwasherRack/out-right	0	0	1	base	activation	33cf85e75c81bcc8	33cf85e75c81bcc8612db2b568cf4a4d9d11cadc8593d2de48881b8d9180816e	lerobot_groot_n15	n15	lerobot_groot_n15__robocasa365_ckpt120000		0	Fully slide the top dishwasher rack out.	robocasa_panda_omron/SlideDishwasherRack_PandaOmron_Env	100387	1300001	0	0			5		1	0	0.0	0.0	4	4	right	Fully slide the top dishwasher rack out.	0	all_token_full	groot_n15_dit_block_residual_full_tokens_denoise	["layer","denoise_step","model_token","feature_dim"]	[7,4,49,1536]	[0,2,4,8,10,12,15]	n15_grid_v6_scene_jitter	grid_coord	meta	meta_json	375e3c46c962/worker1/DishwasherRack/out-right/s0/j0/n1/base
375e3c46c962	worker1	DishwasherRack/out-right	0	0	2	base	activation	56bd4e49c93b9445	56bd4e49c93b944553465ba550a39ea36af0a730d7a00b535ddbede56cfdd4d3	lerobot_groot_n15	n15	lerobot_groot_n15__robocasa365_ckpt120000		0	Fully slide the top dishwasher rack out.	robocasa_panda_omron/SlideDishwasherRack_PandaOmron_Env	100387	1300002	0	0			5		1	0	0.0	0.0	4	4	right	Fully slide the top dishwasher rack out.	0	all_token_full	groot_n15_dit_block_residual_full_tokens_denoise	["layer","denoise_step","model_token","feature_dim"]	[7,4,49,1536]	[0,2,4,8,10,12,15]	n15_grid_v6_scene_jitter	grid_coord	meta	meta_json	375e3c46c962/worker1/DishwasherRack/out-right/s0/j0/n2/base
375e3c46c962	worker1	DishwasherRack/out-right	0	0	3	base	activation	680bfb6d66fa1ccd	680bfb6d66fa1ccd6561df881effaa807dd11ba70a276c409488c77d13c91232	lerobot_groot_n15	n15	lerobot_groot_n15__robocasa365_ckpt120000		0	Fully slide the top dishwasher rack out.	robocasa_panda_omron/SlideDishwasherRack_PandaOmron_Env	100387	1300003	0	0			5		1	0	0.0	0.0	4	4	right	Fully slide the top dishwasher rack out.	0	all_token_full	groot_n15_dit_block_residual_full_tokens_denoise	["layer","denoise_step","model_token","feature_dim"]	[7,4,49,1536]	[0,2,4,8,10,12,15]	n15_grid_v6_scene_jitter	grid_coord	meta	meta_json	375e3c46c962/worker1/DishwasherRack/out-right/s0/j0/n3/base
375e3c46c962	worker1	DishwasherRack/out-right	0	0	4	base	activation	370cfb325e089ecd	370cfb325e089ecd5d35a5dae292a7eb6b4789039e297c075afcb7c2bcc7f19b	lerobot_groot_n15	n15	lerobot_groot_n15__robocasa365_ckpt120000		0	Fully slide the top dishwasher rack out.	robocasa_panda_omron/SlideDishwasherRack_PandaOmron_Env	100387	1300004	0	0			5		1	0	0.0	0.0	4	4	right	Fully slide the top dishwasher rack out.	0	all_token_full	groot_n15_dit_block_residual_full_tokens_denoise	["layer","denoise_step","model_token","feature_dim"]	[7,4,49,1536]	[0,2,4,8,10,12,15]	n15_grid_v6_scene_jitter	grid_coord	meta	meta_json	375e3c46c962/worker1/DishwasherRack/out-right/s0/j0/n4/base
375e3c46c962	worker1	DishwasherRack/out-right	0	1	0	base	activation	80d4a14852097ec5	80d4a14852097ec5b850e0359ab762508a6b7323a82343ea9f1639c320ea0e18	lerobot_groot_n15	n15	lerobot_groot_n15__robocasa365_ckpt120000		0	Fully slide the top dishwasher rack out.	robocasa_panda_omron/SlideDishwasherRack_PandaOmron_Env	100387	1300000	0	0			5		1	0	0.0	0.05	4	4	right	Fully slide the top dishwasher rack out.	0	all_token_full	groot_n15_dit_block_residual_full_tokens_denoise	["layer","denoise_step","model_token","feature_dim"]	[7,4,49,1536]	[0,2,4,8,10,12,15]	n15_grid_v6_scene_jitter	grid_coord	meta	meta_json	375e3c46c962/worker1/DishwasherRack/out-right/s0/j1/n0/base
375e3c46c962	worker1	DishwasherRack/out-right	0	1	1	base	activation	a5b52175fcdd5bf3	a5b52175fcdd5bf3ab91842fda5bf7c323b2b5e98fbcbd8e905a8d3a5733432e	lerobot_groot_n15	n15	lerobot_groot_n15__robocasa365_ckpt120000		0	Fully slide the top dishwasher rack out.	robocasa_panda_omron/SlideDishwasherRack_PandaOmron_Env	100387	1300001	0	0			5		1	0	0.0	0.05	4	4	right	Fully slide the top dishwasher rack out.	0	all_token_full	groot_n15_dit_block_residual_full_tokens_denoise	["layer","denoise_step","model_token","feature_dim"]	[7,4,49,1536]	[0,2,4,8,10,12,15]	n15_grid_v6_scene_jitter	grid_coord	meta	meta_json	375e3c46c962/worker1/DishwasherRack/out-right/s0/j1/n1/base
375e3c46c962	worker1	DishwasherRack/out-right	0	1	2	base	activation	ea24213356e8244f	ea24213356e8244fc7c2b41e77cffceb7f1d1eb3202d0886bb54a4d8e142c409	lerobot_groot_n15	n15	lerobot_groot_n15__robocasa365_ckpt120000		0	Fully slide the top dishwasher rack out.	robocasa_panda_omron/SlideDishwasherRack_PandaOmron_Env	100387	1300002	0	0			5		1	0	0.0	0.05	4	4	right	Fully slide the top dishwasher rack out.	0	all_token_full	groot_n15_dit_block_residual_full_tokens_denoise	["layer","denoise_step","model_token","feature_dim"]	[7,4,49,1536]	[0,2,4,8,10,12,15]	n15_grid_v6_scene_jitter	grid_coord	meta	meta_json	375e3c46c962/worker1/DishwasherRack/out-right/s0/j1/n2/base
375e3c46c962	worker1	DishwasherRack/out-right	0	1	3	base	activation	763b68eb10dea5d0	763b68eb10dea5d0cdcd5f69d16de9406010ce2980cbd2b80b785ae1f53c8293	lerobot_groot_n15	n15	lerobot_groot_n15__robocasa365_ckpt120000		0	Fully slide the top dishwasher rack out.	robocasa_panda_omron/SlideDishwasherRack_PandaOmron_Env	100387	1300003	0	0			5		1	0	0.0	0.05	4	4	right	Fully slide the top dishwasher rack out.	0	all_token_full	groot_n15_dit_block_residual_full_tokens_denoise	["layer","denoise_step","model_token","feature_dim"]	[7,4,49,1536]	[0,2,4,8,10,12,15]	n15_grid_v6_scene_jitter	grid_coord	meta	meta_json	375e3c46c962/worker1/DishwasherRack/out-right/s0/j1/n3/base
375e3c46c962	worker1	DishwasherRack/out-right	0	1	4	base	activation	cbcb5567ff6e22d7	cbcb5567ff6e22d795441dc5d465ebef81218a8d5cfc3d99ff9f1669e6340ee5	lerobot_groot_n15	n15	lerobot_groot_n15__robocasa365_ckpt120000		0	Fully slide the top dishwasher rack out.	robocasa_panda_omron/SlideDishwasherRack_PandaOmron_Env	100387	1300004	0	0			5		1	0	0.0	0.05	4	4	right	Fully slide the top dishwasher rack out.	0	all_token_full	groot_n15_dit_block_residual_full_tokens_denoise	["layer","denoise_step","model_token","feature_dim"]	[7,4,49,1536]	[0,2,4,8,10,12,15]	n15_grid_v6_scene_jitter	grid_coord	meta	meta_json	375e3c46c962/worker1/DishwasherRack/out-right/s0/j1/n4/base
375e3c46c962	worker1	DishwasherRack/out-right	0	2	0	base	activation	9acc4680659b2f1a	9acc4680659b2f1a77b5824600b21ff33a83fdb9e46671d2bbe69d60e380f678	lerobot_groot_n15	n15	lerobot_groot_n15__robocasa365_ckpt120000		0	Fully slide the top dishwasher rack out.	robocasa_panda_omron/SlideDishwasherRack_PandaOmron_Env	100387	1300000	0	0			5		1	0	0.0	0.1	4	4	right	Fully slide the top dishwasher rack out.	0	all_token_full	groot_n15_dit_block_residual_full_tokens_denoise	["layer","denoise_step","model_token","feature_dim"]	[7,4,49,1536]	[0,2,4,8,10,12,15]	n15_grid_v6_scene_jitter	grid_coord	meta	meta_json	375e3c46c962/worker1/DishwasherRack/out-right/s0/j2/n0/base
375e3c46c962	worker1	DishwasherRack/out-right	0	2	1	base	activation	bfe54724d5a8d338	bfe54724d5a8d338fa63d96dbe36eab2343ff51e81ecfec7b6b3800e2d29ec8e	lerobot_groot_n15	n15	lerobot_groot_n15__robocasa365_ckpt120000		0	Fully slide the top dishwasher rack out.	robocasa_panda_omron/SlideDishwasherRack_PandaOmron_Env	100387	1300001	0	0			5		1	0	0.0	0.1	4	4	right	Fully slide the top dishwasher rack out.	0	all_token_full	groot_n15_dit_block_residual_full_tokens_denoise	["layer","denoise_step","model_token","feature_dim"]	[7,4,49,1536]	[0,2,4,8,10,12,15]	n15_grid_v6_scene_jitter	grid_coord	meta	meta_json	375e3c46c962/worker1/DishwasherRack/out-right/s0/j2/n1/base
375e3c46c962	worker1	DishwasherRack/out-right	0	2	2	base	activation	3e38a58593a0f57a	3e38a58593a0f57a67b94b0188949e48dafa67a9af573dedd45df0b9523e60ac	lerobot_groot_n15	n15	lerobot_groot_n15__robocasa365_ckpt120000		0	Fully slide the top dishwasher rack out.	robocasa_panda_omron/SlideDishwasherRack_PandaOmron_Env	100387	1300002	0	0			5		1	0	0.0	0.1	4	4	right	Fully slide the top dishwasher rack out.	0	all_token_full	groot_n15_dit_block_residual_full_tokens_denoise	["layer","denoise_step","model_token","feature_dim"]	[7,4,49,1536]	[0,2,4,8,10,12,15]	n15_grid_v6_scene_jitter	grid_coord	meta	meta_json	375e3c46c962/worker1/DishwasherRack/out-right/s0/j2/n2/base
375e3c46c962	worker1	DishwasherRack/out-right	0	2	3	base	activation	456df87377d77328	456df87377d77328b59fb01088ffa1d2b6c59d287f23e00504f82628fdef785b	lerobot_groot_n15	n15	lerobot_groot_n15__robocasa365_ckpt120000		0	Fully slide the top dishwasher rack out.	robocasa_panda_omron/SlideDishwasherRack_PandaOmron_Env	100387	1300003	0	0			5		1	0	0.0	0.1	4	4	right	Fully slide the top dishwasher rack out.	0	all_token_full	groot_n15_dit_block_residual_full_tokens_denoise	["layer","denoise_step","model_token","feature_dim"]	[7,4,49,1536]	[0,2,4,8,10,12,15]	n15_grid_v6_scene_jitter	grid_coord	meta	meta_json	375e3c46c962/worker1/DishwasherRack/out-right/s0/j2/n3/base
375e3c46c962	worker1	DishwasherRack/out-right	0	2	4	base	activation	7d1a598541ee70dc	7d1a598541ee70dca9ac677a30ec5f59ed189868e34dce0b6d1a34ea76e47d99	lerobot_groot_n15	n15	lerobot_groot_n15__robocasa365_ckpt120000		0	Fully slide the top dishwasher rack out.	robocasa_panda_omron/SlideDishwasherRack_PandaOmron_Env	100387	1300004	0	0			5		1	0	0.0	0.1	4	4	right	Fully slide the top dishwasher rack out.	0	all_token_full	groot_n15_dit_block_residual_full_tokens_denoise	["layer","denoise_step","model_token","feature_dim"]	[7,4,49,1536]	[0,2,4,8,10,12,15]	n15_grid_v6_scene_jitter	grid_coord	meta	meta_json	375e3c46c962/worker1/DishwasherRack/out-right/s0/j2/n4/base
375e3c46c962	worker1	DishwasherRack/out-right	0	3	0	base	activation	9f478a9defbac034	9f478a9defbac034507d0e4861160d24c90a1da080779608bd949faa0d715e28	lerobot_groot_n15	n15	lerobot_groot_n15__robocasa365_ckpt120000		0	Fully slide the top dishwasher rack out.	robocasa_panda_omron/SlideDishwasherRack_PandaOmron_Env	100387	1300000	0	0			5		1	0	0.05	0.1	4	4	right	Fully slide the top dishwasher rack out.	0	all_token_full	groot_n15_dit_block_residual_full_tokens_denoise	["layer","denoise_step","model_token","feature_dim"]	[7,4,49,1536]	[0,2,4,8,10,12,15]	n15_grid_v6_scene_jitter	grid_coord	meta	meta_json	375e3c46c962/worker1/DishwasherRack/out-right/s0/j3/n0/base
375e3c46c962	worker1	DishwasherRack/out-right	0	3	1	base	activation	e370bbbf7854bae9	e370bbbf7854bae9fa9f63c7c6a777abb4e9114e7fd66ca2efcc519776fb376e	lerobot_groot_n15	n15	lerobot_groot_n15__robocasa365_ckpt120000		0	Fully slide the top dishwasher rack out.	robocasa_panda_omron/SlideDishwasherRack_PandaOmron_Env	100387	1300001	0	0			5		1	0	0.05	0.1	4	4	right	Fully slide the top dishwasher rack out.	0	all_token_full	groot_n15_dit_block_residual_full_tokens_denoise	["layer","denoise_step","model_token","feature_dim"]	[7,4,49,1536]	[0,2,4,8,10,12,15]	n15_grid_v6_scene_jitter	grid_coord	meta	meta_json	375e3c46c962/worker1/DishwasherRack/out-right/s0/j3/n1/base
375e3c46c962	worker1	DishwasherRack/out-right	0	3	2	base	activation	19c8d2ed5872f7f0	19c8d2ed5872f7f0145a81bcd68daf5292a396d0457cc385083065289700a048	lerobot_groot_n15	n15	lerobot_groot_n15__robocasa365_ckpt120000		0	Fully slide the top dishwasher rack out.	robocasa_panda_omron/SlideDishwasherRack_PandaOmron_Env	100387	1300002	0	0			5		1	0	0.05	0.1	4	4	right	Fully slide the top dishwasher rack out.	0	all_token_full	groot_n15_dit_block_residual_full_tokens_denoise	["layer","denoise_step","model_token","feature_dim"]	[7,4,49,1536]	[0,2,4,8,10,12,15]	n15_grid_v6_scene_jitter	grid_coord	meta	meta_json	375e3c46c962/worker1/DishwasherRack/out-right/s0/j3/n2/base
375e3c46c962	worker1	DishwasherRack/out-right	0	3	3	base	activation	ff2ad9dabfe0df0f	ff2ad9dabfe0df0f0f1369dca788e096f61675d8cbf29afe5b9056dd1203d7be	lerobot_groot_n15	n15	lerobot_groot_n15__robocasa365_ckpt120000		0	Fully slide the top dishwasher rack out.	robocasa_panda_omron/SlideDishwasherRack_PandaOmron_Env	100387	1300003	0	0			5		1	0	0.05	0.1	4	4	right	Fully slide the top dishwasher rack out.	0	all_token_full	groot_n15_dit_block_residual_full_tokens_denoise	["layer","denoise_step","model_token","feature_dim"]	[7,4,49,1536]	[0,2,4,8,10,12,15]	n15_grid_v6_scene_jitter	grid_coord	meta	meta_json	375e3c46c962/worker1/DishwasherRack/out-right/s0/j3/n3/base
375e3c46c962	worker1	DishwasherRack/out-right	0	3	4	base	activation	57cbe3f7aa90ad28	57cbe3f7aa90ad287f80a0c95dedd480ea583c374de89fe5948a736eb89ba5c5	lerobot_groot_n15	n15	lerobot_groot_n15__robocasa365_ckpt120000		0	Fully slide the top dishwasher rack out.	robocasa_panda_omron/SlideDishwasherRack_PandaOmron_Env	100387	1300004	0	0			5		1	0	0.05	0.1	4	4	right	Fully slide the top dishwasher rack out.	0	all_token_full	groot_n15_dit_block_residual_full_tokens_denoise	["layer","denoise_step","model_token","feature_dim"]	[7,4,49,1536]	[0,2,4,8,10,12,15]	n15_grid_v6_scene_jitter	grid_coord	meta	meta_json	375e3c46c962/worker1/DishwasherRack/out-right/s0/j3/n4/base
375e3c46c962	worker1	DishwasherRack/out-right	0	4	0	base	activation	a502a9ddb9c84cce	a502a9ddb9c84cced928aadb7328699ef0bedfc5f783e337928e43f2444ee6a3	lerobot_groot_n15	n15	lerobot_groot_n15__robocasa365_ckpt120000		0	Fully slide the top dishwasher rack out.	robocasa_panda_omron/SlideDishwasherRack_PandaOmron_Env	100387	1300000	0	0			5		1	0	0.05	0.15	4	4	right	Fully slide the top dishwasher rack out.	0	all_token_full	groot_n15_dit_block_residual_full_tokens_denoise	["layer","denoise_step","model_token","feature_dim"]	[7,4,49,1536]	[0,2,4,8,10,12,15]	n15_grid_v6_scene_jitter	grid_coord	meta	meta_json	375e3c46c962/worker1/DishwasherRack/out-right/s0/j4/n0/base
375e3c46c962	worker1	DishwasherRack/out-right	0	4	1	base	activation	3e57dae56c42144e	3e57dae56c42144eff6c344925aeede46e7c466bf6f01aafb57c4d0eb33df5e3	lerobot_groot_n15	n15	lerobot_groot_n15__robocasa365_ckpt120000		0	Fully slide the top dishwasher rack out.	robocasa_panda_omron/SlideDishwasherRack_PandaOmron_Env	100387	1300001	0	0			5		1	0	0.05	0.15	4	4	right	Fully slide the top dishwasher rack out.	0	all_token_full	groot_n15_dit_block_residual_full_tokens_denoise	["layer","denoise_step","model_token","feature_dim"]	[7,4,49,1536]	[0,2,4,8,10,12,15]	n15_grid_v6_scene_jitter	grid_coord	meta	meta_json	375e3c46c962/worker1/DishwasherRack/out-right/s0/j4/n1/base
375e3c46c962	worker1	DishwasherRack/out-right	0	4	2	base	activation	aad41d782b6a6c51	aad41d782b6a6c5110838007a992f4ad1428bec7077a44c32385dd00c3cfe47b	lerobot_groot_n15	n15	lerobot_groot_n15__robocasa365_ckpt120000		0	Fully slide the top dishwasher rack out.	robocasa_panda_omron/SlideDishwasherRack_PandaOmron_Env	100387	1300002	0	0			5		1	0	0.05	0.15	4	4	right	Fully slide the top dishwasher rack out.	0	all_token_full	groot_n15_dit_block_residual_full_tokens_denoise	["layer","denoise_step","model_token","feature_dim"]	[7,4,49,1536]	[0,2,4,8,10,12,15]	n15_grid_v6_scene_jitter	grid_coord	meta	meta_json	375e3c46c962/worker1/DishwasherRack/out-right/s0/j4/n2/base
375e3c46c962	worker1	DishwasherRack/out-right	0	4	3	base	activation	ea1bd118f993cebc	ea1bd118f993cebc52fff96a926132d6674f65dbf8e1f51be927a869857a94b6	lerobot_groot_n15	n15	lerobot_groot_n15__robocasa365_ckpt120000		0	Fully slide the top dishwasher rack out.	robocasa_panda_omron/SlideDishwasherRack_PandaOmron_Env	100387	1300003	0	0			5		1	0	0.05	0.15	4	4	right	Fully slide the top dishwasher rack out.	0	all_token_full	groot_n15_dit_block_residual_full_tokens_denoise	["layer","denoise_step","model_token","feature_dim"]	[7,4,49,1536]	[0,2,4,8,10,12,15]	n15_grid_v6_scene_jitter	grid_coord	meta	meta_json	375e3c46c962/worker1/DishwasherRack/out-right/s0/j4/n3/base
375e3c46c962	worker1	DishwasherRack/out-right	0	4	4	base	activation	2b40175c87b63eb7	2b40175c87b63eb7bc31df27910761ff0986365f51b3f353f3eee47f354d228c	lerobot_groot_n15	n15	lerobot_groot_n15__robocasa365_ckpt120000		0	Fully slide the top dishwasher rack out.	robocasa_panda_omron/SlideDishwasherRack_PandaOmron_Env	100387	1300004	0	0			5		1	0	0.05	0.15	4	4	right	Fully slide the top dishwasher rack out.	0	all_token_full	groot_n15_dit_block_residual_full_tokens_denoise	["layer","denoise_step","model_token","feature_dim"]	[7,4,49,1536]	[0,2,4,8,10,12,15]	n15_grid_v6_scene_jitter	grid_coord	meta	meta_json	375e3c46c962/worker1/DishwasherRack/out-right/s0/j4/n4/base
375e3c46c962	worker1	DishwasherRack/out-right	1	0	0	base	activation	9bf9e198bef337a3	9bf9e198bef337a3bd684ae0ff5eb7089edd623fc5ac4154e94c053e62bfa98c	lerobot_groot_n15	n15	lerobot_groot_n15__robocasa365_ckpt120000		0	Fully slide the top dishwasher rack out.	robocasa_panda_omron/SlideDishwasherRack_PandaOmron_Env	100448	1300000	0	1			5		1	0	0.0	0.0	9	9	right	Fully slide the top dishwasher rack out.	0	all_token_full	groot_n15_dit_block_residual_full_tokens_denoise	["layer","denoise_step","model_token","feature_dim"]	[7,4,49,1536]	[0,2,4,8,10,12,15]	n15_grid_v6_scene_jitter	grid_coord	meta	meta_json	375e3c46c962/worker1/DishwasherRack/out-right/s1/j0/n0/base
375e3c46c962	worker1	DishwasherRack/out-right	1	0	1	base	activation	23751041515c6e5a	23751041515c6e5a21c1fe4820c73ab447549cee0519efe5c76977e815c23efa	lerobot_groot_n15	n15	lerobot_groot_n15__robocasa365_ckpt120000		0	Fully slide the top dishwasher rack out.	robocasa_panda_omron/SlideDishwasherRack_PandaOmron_Env	100448	1300001	0	1			5		1	0	0.0	0.0	9	9	right	Fully slide the top dishwasher rack out.	0	all_token_full	groot_n15_dit_block_residual_full_tokens_denoise	["layer","denoise_step","model_token","feature_dim"]	[7,4,49,1536]	[0,2,4,8,10,12,15]	n15_grid_v6_scene_jitter	grid_coord	meta	meta_json	375e3c46c962/worker1/DishwasherRack/out-right/s1/j0/n1/base
375e3c46c962	worker1	DishwasherRack/out-right	1	0	2	base	activation	51d66cbd74501e79	51d66cbd74501e7991ee9aef2330a0b08ab6c21132e6c7dbdf53c8cc0be331a6	lerobot_groot_n15	n15	lerobot_groot_n15__robocasa365_ckpt120000		0	Fully slide the top dishwasher rack out.	robocasa_panda_omron/SlideDishwasherRack_PandaOmron_Env	100448	1300002	0	1			5		1	0	0.0	0.0	9	9	right	Fully slide the top dishwasher rack out.	0	all_token_full	groot_n15_dit_block_residual_full_tokens_denoise	["layer","denoise_step","model_token","feature_dim"]	[7,4,49,1536]	[0,2,4,8,10,12,15]	n15_grid_v6_scene_jitter	grid_coord	meta	meta_json	375e3c46c962/worker1/DishwasherRack/out-right/s1/j0/n2/base
375e3c46c962	worker1	DishwasherRack/out-right	1	0	3	base	activation	f99ee992426bdc97	f99ee992426bdc97dd23986ac95c9d6295898f4dae387143cb314ede0fe25047	lerobot_groot_n15	n15	lerobot_groot_n15__robocasa365_ckpt120000		0	Fully slide the top dishwasher rack out.	robocasa_panda_omron/SlideDishwasherRack_PandaOmron_Env	100448	1300003	0	1			5		1	0	0.0	0.0	9	9	right	Fully slide the top dishwasher rack out.	0	all_token_full	groot_n15_dit_block_residual_full_tokens_denoise	["layer","denoise_step","model_token","feature_dim"]	[7,4,49,1536]	[0,2,4,8,10,12,15]	n15_grid_v6_scene_jitter	grid_coord	meta	meta_json	375e3c46c962/worker1/DishwasherRack/out-right/s1/j0/n3/base
375e3c46c962	worker1	DishwasherRack/out-right	1	0	4	base	activation	461bd7ec5d96b0c8	461bd7ec5d96b0c834efd5a17962ad923683e8a12e66110c2a1df81ee58b3ee3	lerobot_groot_n15	n15	lerobot_groot_n15__robocasa365_ckpt120000		0	Fully slide the top dishwasher rack out.	robocasa_panda_omron/SlideDishwasherRack_PandaOmron_Env	100448	1300004	0	1			5		1	0	0.0	0.0	9	9	right	Fully slide the top dishwasher rack out.	0	all_token_full	groot_n15_dit_block_residual_full_tokens_denoise	["layer","denoise_step","model_token","feature_dim"]	[7,4,49,1536]	[0,2,4,8,10,12,15]	n15_grid_v6_scene_jitter	grid_coord	meta	meta_json	375e3c46c962/worker1/DishwasherRack/out-right/s1/j0/n4/base
375e3c46c962	worker1	DishwasherRack/out-right	1	1	0	base	activation	30fddaea3d479d07	30fddaea3d479d072e0cceebb0c809e9f4552c1c7e9ecc4060124ffb3291faa8	lerobot_groot_n15	n15	lerobot_groot_n15__robocasa365_ckpt120000		0	Fully slide the top dishwasher rack out.	robocasa_panda_omron/SlideDishwasherRack_PandaOmron_Env	100448	1300000	0	1			5		1	0	0.0	0.05	9	9	right	Fully slide the top dishwasher rack out.	0	all_token_full	groot_n15_dit_block_residual_full_tokens_denoise	["layer","denoise_step","model_token","feature_dim"]	[7,4,49,1536]	[0,2,4,8,10,12,15]	n15_grid_v6_scene_jitter	grid_coord	meta	meta_json	375e3c46c962/worker1/DishwasherRack/out-right/s1/j1/n0/base
375e3c46c962	worker1	DishwasherRack/out-right	1	1	1	base	activation	216aa0bb39b44eb9	216aa0bb39b44eb95c778049a9bca1c67f53ecdcbb242688b96b5c60b4e52cb8	lerobot_groot_n15	n15	lerobot_groot_n15__robocasa365_ckpt120000		0	Fully slide the top dishwasher rack out.	robocasa_panda_omron/SlideDishwasherRack_PandaOmron_Env	100448	1300001	0	1			5		1	0	0.0	0.05	9	9	right	Fully slide the top dishwasher rack out.	0	all_token_full	groot_n15_dit_block_residual_full_tokens_denoise	["layer","denoise_step","model_token","feature_dim"]	[7,4,49,1536]	[0,2,4,8,10,12,15]	n15_grid_v6_scene_jitter	grid_coord	meta	meta_json	375e3c46c962/worker1/DishwasherRack/out-right/s1/j1/n1/base
375e3c46c962	worker1	DishwasherRack/out-right	1	1	2	base	activation	5fe9a4e03ad981ca	5fe9a4e03ad981ca6c75e0e307458ddb162054066540f842dabf3c52246cf9a5	lerobot_groot_n15	n15	lerobot_groot_n15__robocasa365_ckpt120000		0	Fully slide the top dishwasher rack out.	robocasa_panda_omron/SlideDishwasherRack_PandaOmron_Env	100448	1300002	0	1			5		1	0	0.0	0.05	9	9	right	Fully slide the top dishwasher rack out.	0	all_token_full	groot_n15_dit_block_residual_full_tokens_denoise	["layer","denoise_step","model_token","feature_dim"]	[7,4,49,1536]	[0,2,4,8,10,12,15]	n15_grid_v6_scene_jitter	grid_coord	meta	meta_json	375e3c46c962/worker1/DishwasherRack/out-right/s1/j1/n2/base
375e3c46c962	worker1	DishwasherRack/out-right	1	1	3	base	activation	9a93b58ded05f564	9a93b58ded05f564b61c2d458b952eac6c8f05166ff4fb946788d7e37525a3b2	lerobot_groot_n15	n15	lerobot_groot_n15__robocasa365_ckpt120000		0	Fully slide the top dishwasher rack out.	robocasa_panda_omron/SlideDishwasherRack_PandaOmron_Env	100448	1300003	0	1			5		1	0	0.0	0.05	9	9	right	Fully slide the top dishwasher rack out.	0	all_token_full	groot_n15_dit_block_residual_full_tokens_denoise	["layer","denoise_step","model_token","feature_dim"]	[7,4,49,1536]	[0,2,4,8,10,12,15]	n15_grid_v6_scene_jitter	grid_coord	meta	meta_json	375e3c46c962/worker1/DishwasherRack/out-right/s1/j1/n3/base
375e3c46c962	worker1	DishwasherRack/out-right	1	1	4	base	activation	adfe316f3d02b924	adfe316f3d02b924a05bae768b3875424478f4ee5906d1ccacc53dc1c9c35d19	lerobot_groot_n15	n15	lerobot_groot_n15__robocasa365_ckpt120000		0	Fully slide the top dishwasher rack out.	robocasa_panda_omron/SlideDishwasherRack_PandaOmron_Env	100448	1300004	0	1			5		1	0	0.0	0.05	9	9	right	Fully slide the top dishwasher rack out.	0	all_token_full	groot_n15_dit_block_residual_full_tokens_denoise	["layer","denoise_step","model_token","feature_dim"]	[7,4,49,1536]	[0,2,4,8,10,12,15]	n15_grid_v6_scene_jitter	grid_coord	meta	meta_json	375e3c46c962/worker1/DishwasherRack/out-right/s1/j1/n4/base
375e3c46c962	worker1	DishwasherRack/out-right	1	2	0	base	activation	4897a726dbe484ad	4897a726dbe484ad2a618d30105b64a763422a12a65c72cb372d54d6661dec73	lerobot_groot_n15	n15	lerobot_groot_n15__robocasa365_ckpt120000		0	Fully slide the top dishwasher rack out.	robocasa_panda_omron/SlideDishwasherRack_PandaOmron_Env	100448	1300000	0	0			5		1	0	0.0	0.1	9	9	right	Fully slide the top dishwasher rack out.	0	all_token_full	groot_n15_dit_block_residual_full_tokens_denoise	["layer","denoise_step","model_token","feature_dim"]	[7,4,49,1536]	[0,2,4,8,10,12,15]	n15_grid_v6_scene_jitter	grid_coord	meta	meta_json	375e3c46c962/worker1/DishwasherRack/out-right/s1/j2/n0/base
375e3c46c962	worker1	DishwasherRack/out-right	1	2	1	base	activation	725d974cbf28d234	725d974cbf28d234614bd04b136dd15fcf5f1b286db84ecf681a0a75030f033c	lerobot_groot_n15	n15	lerobot_groot_n15__robocasa365_ckpt120000		0	Fully slide the top dishwasher rack out.	robocasa_panda_omron/SlideDishwasherRack_PandaOmron_Env	100448	1300001	0	1			5		1	0	0.0	0.1	9	9	right	Fully slide the top dishwasher rack out.	0	all_token_full	groot_n15_dit_block_residual_full_tokens_denoise	["layer","denoise_step","model_token","feature_dim"]	[7,4,49,1536]	[0,2,4,8,10,12,15]	n15_grid_v6_scene_jitter	grid_coord	meta	meta_json	375e3c46c962/worker1/DishwasherRack/out-right/s1/j2/n1/base
375e3c46c962	worker1	DishwasherRack/out-right	1	2	2	base	activation	06424a676e3e67ea	06424a676e3e67ea1c7e0c68ebf587cc9966b1cdc390acf3489cfd3d22ebb8b1	lerobot_groot_n15	n15	lerobot_groot_n15__robocasa365_ckpt120000		0	Fully slide the top dishwasher rack out.	robocasa_panda_omron/SlideDishwasherRack_PandaOmron_Env	100448	1300002	0	1			5		1	0	0.0	0.1	9	9	right	Fully slide the top dishwasher rack out.	0	all_token_full	groot_n15_dit_block_residual_full_tokens_denoise	["layer","denoise_step","model_token","feature_dim"]	[7,4,49,1536]	[0,2,4,8,10,12,15]	n15_grid_v6_scene_jitter	grid_coord	meta	meta_json	375e3c46c962/worker1/DishwasherRack/out-right/s1/j2/n2/base
375e3c46c962	worker1	DishwasherRack/out-right	1	2	3	base	activation	8d77894f80070728	8d77894f80070728f871619d5303987097dddcc3c726ed1cfa742cac5f22a3cf	lerobot_groot_n15	n15	lerobot_groot_n15__robocasa365_ckpt120000		0	Fully slide the top dishwasher rack out.	robocasa_panda_omron/SlideDishwasherRack_PandaOmron_Env	100448	1300003	0	1			5		1	0	0.0	0.1	9	9	right	Fully slide the top dishwasher rack out.	0	all_token_full	groot_n15_dit_block_residual_full_tokens_denoise	["layer","denoise_step","model_token","feature_dim"]	[7,4,49,1536]	[0,2,4,8,10,12,15]	n15_grid_v6_scene_jitter	grid_coord	meta	meta_json	375e3c46c962/worker1/DishwasherRack/out-right/s1/j2/n3/base
375e3c46c962	worker1	DishwasherRack/out-right	1	2	4	base	activation	217220a784dfa84a	217220a784dfa84a382d2c6ba8f76e07a343eb14f4ce08c899acd58a2f6ad913	lerobot_groot_n15	n15	lerobot_groot_n15__robocasa365_ckpt120000		0	Fully slide the top dishwasher rack out.	robocasa_panda_omron/SlideDishwasherRack_PandaOmron_Env	100448	1300004	0	1			5		1	0	0.0	0.1	9	9	right	Fully slide the top dishwasher rack out.	0	all_token_full	groot_n15_dit_block_residual_full_tokens_denoise	["layer","denoise_step","model_token","feature_dim"]	[7,4,49,1536]	[0,2,4,8,10,12,15]	n15_grid_v6_scene_jitter	grid_coord	meta	meta_json	375e3c46c962/worker1/DishwasherRack/out-right/s1/j2/n4/base
375e3c46c962	worker1	DishwasherRack/out-right	1	3	0	base	activation	cfa05ac0a0b8c7f1	cfa05ac0a0b8c7f1179442cfc5575c4bc0de27b619207fc6fd53d777fe64d92f	lerobot_groot_n15	n15	lerobot_groot_n15__robocasa365_ckpt120000		0	Fully slide the top dishwasher rack out.	robocasa_panda_omron/SlideDishwasherRack_PandaOmron_Env	100448	1300000	0	1			5		1	0	0.05	0.1	9	9	right	Fully slide the top dishwasher rack out.	0	all_token_full	groot_n15_dit_block_residual_full_tokens_denoise	["layer","denoise_step","model_token","feature_dim"]	[7,4,49,1536]	[0,2,4,8,10,12,15]	n15_grid_v6_scene_jitter	grid_coord	meta	meta_json	375e3c46c962/worker1/DishwasherRack/out-right/s1/j3/n0/base
375e3c46c962	worker1	DishwasherRack/out-right	1	3	1	base	activation	054a4e621d5757cb	054a4e621d5757cb5055f9050597d8571b461fa0ced364403dd9b9356909a254	lerobot_groot_n15	n15	lerobot_groot_n15__robocasa365_ckpt120000		0	Fully slide the top dishwasher rack out.	robocasa_panda_omron/SlideDishwasherRack_PandaOmron_Env	100448	1300001	0	0			5		1	0	0.05	0.1	9	9	right	Fully slide the top dishwasher rack out.	0	all_token_full	groot_n15_dit_block_residual_full_tokens_denoise	["layer","denoise_step","model_token","feature_dim"]	[7,4,49,1536]	[0,2,4,8,10,12,15]	n15_grid_v6_scene_jitter	grid_coord	meta	meta_json	375e3c46c962/worker1/DishwasherRack/out-right/s1/j3/n1/base
375e3c46c962	worker1	DishwasherRack/out-right	1	3	2	base	activation	183dce98a0f2d2d8	183dce98a0f2d2d8a974d8515b8f6527db14d96e7c7dc0501306ff33e68516af	lerobot_groot_n15	n15	lerobot_groot_n15__robocasa365_ckpt120000		0	Fully slide the top dishwasher rack out.	robocasa_panda_omron/SlideDishwasherRack_PandaOmron_Env	100448	1300002	0	1			5		1	0	0.05	0.1	9	9	right	Fully slide the top dishwasher rack out.	0	all_token_full	groot_n15_dit_block_residual_full_tokens_denoise	["layer","denoise_step","model_token","feature_dim"]	[7,4,49,1536]	[0,2,4,8,10,12,15]	n15_grid_v6_scene_jitter	grid_coord	meta	meta_json	375e3c46c962/worker1/DishwasherRack/out-right/s1/j3/n2/base
375e3c46c962	worker1	DishwasherRack/out-right	1	3	3	base	activation	92f961009ea880a1	92f961009ea880a1e45bae028f276f6c50133b56e3d3342da34f4b823449dff3	lerobot_groot_n15	n15	lerobot_groot_n15__robocasa365_ckpt120000		0	Fully slide the top dishwasher rack out.	robocasa_panda_omron/SlideDishwasherRack_PandaOmron_Env	100448	1300003	0	1			5		1	0	0.05	0.1	9	9	right	Fully slide the top dishwasher rack out.	0	all_token_full	groot_n15_dit_block_residual_full_tokens_denoise	["layer","denoise_step","model_token","feature_dim"]	[7,4,49,1536]	[0,2,4,8,10,12,15]	n15_grid_v6_scene_jitter	grid_coord	meta	meta_json	375e3c46c962/worker1/DishwasherRack/out-right/s1/j3/n3/base
375e3c46c962	worker1	DishwasherRack/out-right	1	3	4	base	activation	e1f883f6d2f7fd6c	e1f883f6d2f7fd6c36cc609e5b034379e6625c75de1e575c1da140c43f79a170	lerobot_groot_n15	n15	lerobot_groot_n15__robocasa365_ckpt120000		0	Fully slide the top dishwasher rack out.	robocasa_panda_omron/SlideDishwasherRack_PandaOmron_Env	100448	1300004	0	1			5		1	0	0.05	0.1	9	9	right	Fully slide the top dishwasher rack out.	0	all_token_full	groot_n15_dit_block_residual_full_tokens_denoise	["layer","denoise_step","model_token","feature_dim"]	[7,4,49,1536]	[0,2,4,8,10,12,15]	n15_grid_v6_scene_jitter	grid_coord	meta	meta_json	375e3c46c962/worker1/DishwasherRack/out-right/s1/j3/n4/base
375e3c46c962	worker1	DishwasherRack/out-right	1	4	0	base	activation	0e3fc48471289cf6	0e3fc48471289cf6719436e2e5d9f13f9c5d65a821cf62814287f0920ea6ca17	lerobot_groot_n15	n15	lerobot_groot_n15__robocasa365_ckpt120000		0	Fully slide the top dishwasher rack out.	robocasa_panda_omron/SlideDishwasherRack_PandaOmron_Env	100448	1300000	0	0			5		1	0	0.05	0.15	9	9	right	Fully slide the top dishwasher rack out.	0	all_token_full	groot_n15_dit_block_residual_full_tokens_denoise	["layer","denoise_step","model_token","feature_dim"]	[7,4,49,1536]	[0,2,4,8,10,12,15]	n15_grid_v6_scene_jitter	grid_coord	meta	meta_json	375e3c46c962/worker1/DishwasherRack/out-right/s1/j4/n0/base
375e3c46c962	worker1	DishwasherRack/out-right	1	4	1	base	activation	7897492e8fa4c9e0	7897492e8fa4c9e00e78050fef7897a71ee1310606d7e22b31972f162bce976f	lerobot_groot_n15	n15	lerobot_groot_n15__robocasa365_ckpt120000		0	Fully slide the top dishwasher rack out.	robocasa_panda_omron/SlideDishwasherRack_PandaOmron_Env	100448	1300001	0	0			5		1	0	0.05	0.15	9	9	right	Fully slide the top dishwasher rack out.	0	all_token_full	groot_n15_dit_block_residual_full_tokens_denoise	["layer","denoise_step","model_token","feature_dim"]	[7,4,49,1536]	[0,2,4,8,10,12,15]	n15_grid_v6_scene_jitter	grid_coord	meta	meta_json	375e3c46c962/worker1/DishwasherRack/out-right/s1/j4/n1/base
375e3c46c962	worker1	DishwasherRack/out-right	1	4	2	base	activation	0460be697babce8c	0460be697babce8c94200298bf2937e88ace736cebbcb8e0a004ebc43aa4f91d	lerobot_groot_n15	n15	lerobot_groot_n15__robocasa365_ckpt120000		0	Fully slide the top dishwasher rack out.	robocasa_panda_omron/SlideDishwasherRack_PandaOmron_Env	100448	1300002	0	1			5		1	0	0.05	0.15	9	9	right	Fully slide the top dishwasher rack out.	0	all_token_full	groot_n15_dit_block_residual_full_tokens_denoise	["layer","denoise_step","model_token","feature_dim"]	[7,4,49,1536]	[0,2,4,8,10,12,15]	n15_grid_v6_scene_jitter	grid_coord	meta	meta_json	375e3c46c962/worker1/DishwasherRack/out-right/s1/j4/n2/base
375e3c46c962	worker1	DishwasherRack/out-right	1	4	3	base	activation	cd67b98f47355d49	cd67b98f47355d49133d5bd3b714539a8e3fe6c2f7ac6094c42502858b54fef0	lerobot_groot_n15	n15	lerobot_groot_n15__robocasa365_ckpt120000		0	Fully slide the top dishwasher rack out.	robocasa_panda_omron/SlideDishwasherRack_PandaOmron_Env	100448	1300003	0	0			5		1	0	0.05	0.15	9	9	right	Fully slide the top dishwasher rack out.	0	all_token_full	groot_n15_dit_block_residual_full_tokens_denoise	["layer","denoise_step","model_token","feature_dim"]	[7,4,49,1536]	[0,2,4,8,10,12,15]	n15_grid_v6_scene_jitter	grid_coord	meta	meta_json	375e3c46c962/worker1/DishwasherRack/out-right/s1/j4/n3/base
375e3c46c962	worker1	DishwasherRack/out-right	1	4	4	base	activation	edf42d72c2dcfda3	edf42d72c2dcfda3ff8b5b3817873f9ce61bc344ece4087e8e7e01648e736e6c	lerobot_groot_n15	n15	lerobot_groot_n15__robocasa365_ckpt120000		0	Fully slide the top dishwasher rack out.	robocasa_panda_omron/SlideDishwasherRack_PandaOmron_Env	100448	1300004	0	0			5		1	0	0.05	0.15	9	9	right	Fully slide the top dishwasher rack out.	0	all_token_full	groot_n15_dit_block_residual_full_tokens_denoise	["layer","denoise_step","model_token","feature_dim"]	[7,4,49,1536]	[0,2,4,8,10,12,15]	n15_grid_v6_scene_jitter	grid_coord	meta	meta_json	375e3c46c962/worker1/DishwasherRack/out-right/s1/j4/n4/base
375e3c46c962	worker1	DishwasherRack/out-right	2	0	0	base	activation	dcd3397fc6f32da1	dcd3397fc6f32da190517cd0c90a86968981debfe3701e69a8bf70533b8789cc	lerobot_groot_n15	n15	lerobot_groot_n15__robocasa365_ckpt120000		0	Fully slide the top dishwasher rack out.	robocasa_panda_omron/SlideDishwasherRack_PandaOmron_Env	100081	1300000	0	1			5		1	0	0.0	0.0	5	5	right	Fully slide the top dishwasher rack out.	0	all_token_full	groot_n15_dit_block_residual_full_tokens_denoise	["layer","denoise_step","model_token","feature_dim"]	[7,4,49,1536]	[0,2,4,8,10,12,15]	n15_grid_v6_scene_jitter	grid_coord	meta	meta_json	375e3c46c962/worker1/DishwasherRack/out-right/s2/j0/n0/base
375e3c46c962	worker1	DishwasherRack/out-right	2	0	1	base	activation	f33c0ff30a9ed85b	f33c0ff30a9ed85b2a996ed5ae86a0dae2a7d7a982828281071395568f80f46f	lerobot_groot_n15	n15	lerobot_groot_n15__robocasa365_ckpt120000		0	Fully slide the top dishwasher rack out.	robocasa_panda_omron/SlideDishwasherRack_PandaOmron_Env	100081	1300001	0	1			5		1	0	0.0	0.0	5	5	right	Fully slide the top dishwasher rack out.	0	all_token_full	groot_n15_dit_block_residual_full_tokens_denoise	["layer","denoise_step","model_token","feature_dim"]	[7,4,49,1536]	[0,2,4,8,10,12,15]	n15_grid_v6_scene_jitter	grid_coord	meta	meta_json	375e3c46c962/worker1/DishwasherRack/out-right/s2/j0/n1/base
375e3c46c962	worker1	DishwasherRack/out-right	2	0	2	base	activation	306064181827ef70	306064181827ef70edf0886fde61d188a5f0575aea86f184643c8d2b0cceeb68	lerobot_groot_n15	n15	lerobot_groot_n15__robocasa365_ckpt120000		0	Fully slide the top dishwasher rack out.	robocasa_panda_omron/SlideDishwasherRack_PandaOmron_Env	100081	1300002	0	1			5		1	0	0.0	0.0	5	5	right	Fully slide the top dishwasher rack out.	0	all_token_full	groot_n15_dit_block_residual_full_tokens_denoise	["layer","denoise_step","model_token","feature_dim"]	[7,4,49,1536]	[0,2,4,8,10,12,15]	n15_grid_v6_scene_jitter	grid_coord	meta	meta_json	375e3c46c962/worker1/DishwasherRack/out-right/s2/j0/n2/base
375e3c46c962	worker1	DishwasherRack/out-right	2	0	3	base	activation	932a00d2422a25d4	932a00d2422a25d4841224dccb5a591318078cdc8d7af525c7f7efdbe564dafc	lerobot_groot_n15	n15	lerobot_groot_n15__robocasa365_ckpt120000		0	Fully slide the top dishwasher rack out.	robocasa_panda_omron/SlideDishwasherRack_PandaOmron_Env	100081	1300003	0	1			5		1	0	0.0	0.0	5	5	right	Fully slide the top dishwasher rack out.	0	all_token_full	groot_n15_dit_block_residual_full_tokens_denoise	["layer","denoise_step","model_token","feature_dim"]	[7,4,49,1536]	[0,2,4,8,10,12,15]	n15_grid_v6_scene_jitter	grid_coord	meta	meta_json	375e3c46c962/worker1/DishwasherRack/out-right/s2/j0/n3/base
375e3c46c962	worker1	DishwasherRack/out-right	2	0	4	base	activation	ce13a624758bcea8	ce13a624758bcea8d5afc9bf1efda764ed1e308f1552d57058e7432936f819ca	lerobot_groot_n15	n15	lerobot_groot_n15__robocasa365_ckpt120000		0	Fully slide the top dishwasher rack out.	robocasa_panda_omron/SlideDishwasherRack_PandaOmron_Env	100081	1300004	0	1			5		1	0	0.0	0.0	5	5	right	Fully slide the top dishwasher rack out.	0	all_token_full	groot_n15_dit_block_residual_full_tokens_denoise	["layer","denoise_step","model_token","feature_dim"]	[7,4,49,1536]	[0,2,4,8,10,12,15]	n15_grid_v6_scene_jitter	grid_coord	meta	meta_json	375e3c46c962/worker1/DishwasherRack/out-right/s2/j0/n4/base
375e3c46c962	worker1	DishwasherRack/out-right	2	1	0	base	activation	0a7503bd311a457e	0a7503bd311a457e0fc573b638d82eb8ea4d96c28b37f4ac1da2f98f364ca913	lerobot_groot_n15	n15	lerobot_groot_n15__robocasa365_ckpt120000		0	Fully slide the top dishwasher rack out.	robocasa_panda_omron/SlideDishwasherRack_PandaOmron_Env	100081	1300000	0	1			5		1	0	0.0	0.05	5	5	right	Fully slide the top dishwasher rack out.	0	all_token_full	groot_n15_dit_block_residual_full_tokens_denoise	["layer","denoise_step","model_token","feature_dim"]	[7,4,49,1536]	[0,2,4,8,10,12,15]	n15_grid_v6_scene_jitter	grid_coord	meta	meta_json	375e3c46c962/worker1/DishwasherRack/out-right/s2/j1/n0/base
375e3c46c962	worker1	DishwasherRack/out-right	2	1	1	base	activation	8c22a56224b17e6e	8c22a56224b17e6e3fdad555f1ad01ec52a88277d447b422cbd8e997cef01782	lerobot_groot_n15	n15	lerobot_groot_n15__robocasa365_ckpt120000		0	Fully slide the top dishwasher rack out.	robocasa_panda_omron/SlideDishwasherRack_PandaOmron_Env	100081	1300001	0	1			5		1	0	0.0	0.05	5	5	right	Fully slide the top dishwasher rack out.	0	all_token_full	groot_n15_dit_block_residual_full_tokens_denoise	["layer","denoise_step","model_token","feature_dim"]	[7,4,49,1536]	[0,2,4,8,10,12,15]	n15_grid_v6_scene_jitter	grid_coord	meta	meta_json	375e3c46c962/worker1/DishwasherRack/out-right/s2/j1/n1/base
375e3c46c962	worker1	DishwasherRack/out-right	2	1	2	base	activation	e41daa4650ae2508	e41daa4650ae2508b8bdb82587bcad202e7501f437a5db7ac5907a5c7b1e115a	lerobot_groot_n15	n15	lerobot_groot_n15__robocasa365_ckpt120000		0	Fully slide the top dishwasher rack out.	robocasa_panda_omron/SlideDishwasherRack_PandaOmron_Env	100081	1300002	0	1			5		1	0	0.0	0.05	5	5	right	Fully slide the top dishwasher rack out.	0	all_token_full	groot_n15_dit_block_residual_full_tokens_denoise	["layer","denoise_step","model_token","feature_dim"]	[7,4,49,1536]	[0,2,4,8,10,12,15]	n15_grid_v6_scene_jitter	grid_coord	meta	meta_json	375e3c46c962/worker1/DishwasherRack/out-right/s2/j1/n2/base
375e3c46c962	worker1	DishwasherRack/out-right	2	1	3	base	activation	72a76578b551b75f	72a76578b551b75f8f1b6161e3c9cbaac9c71604e394b7c4a57b68bbb9c833db	lerobot_groot_n15	n15	lerobot_groot_n15__robocasa365_ckpt120000		0	Fully slide the top dishwasher rack out.	robocasa_panda_omron/SlideDishwasherRack_PandaOmron_Env	100081	1300003	0	1			5		1	0	0.0	0.05	5	5	right	Fully slide the top dishwasher rack out.	0	all_token_full	groot_n15_dit_block_residual_full_tokens_denoise	["layer","denoise_step","model_token","feature_dim"]	[7,4,49,1536]	[0,2,4,8,10,12,15]	n15_grid_v6_scene_jitter	grid_coord	meta	meta_json	375e3c46c962/worker1/DishwasherRack/out-right/s2/j1/n3/base
375e3c46c962	worker1	DishwasherRack/out-right	2	1	4	base	activation	d3ef392d73b66aba	d3ef392d73b66aba93d707dbcec6310a9d33e0becd350b713952b89057381b45	lerobot_groot_n15	n15	lerobot_groot_n15__robocasa365_ckpt120000		0	Fully slide the top dishwasher rack out.	robocasa_panda_omron/SlideDishwasherRack_PandaOmron_Env	100081	1300004	0	1			5		1	0	0.0	0.05	5	5	right	Fully slide the top dishwasher rack out.	0	all_token_full	groot_n15_dit_block_residual_full_tokens_denoise	["layer","denoise_step","model_token","feature_dim"]	[7,4,49,1536]	[0,2,4,8,10,12,15]	n15_grid_v6_scene_jitter	grid_coord	meta	meta_json	375e3c46c962/worker1/DishwasherRack/out-right/s2/j1/n4/base
375e3c46c962	worker1	DishwasherRack/out-right	2	2	0	base	activation	e438a20576c6ed2e	e438a20576c6ed2ece87101b07b59eab6c27d1bb706ff15d5ffdf6a78b3e6327	lerobot_groot_n15	n15	lerobot_groot_n15__robocasa365_ckpt120000		0	Fully slide the top dishwasher rack out.	robocasa_panda_omron/SlideDishwasherRack_PandaOmron_Env	100081	1300000	0	1			5		1	0	0.0	0.1	5	5	right	Fully slide the top dishwasher rack out.	0	all_token_full	groot_n15_dit_block_residual_full_tokens_denoise	["layer","denoise_step","model_token","feature_dim"]	[7,4,49,1536]	[0,2,4,8,10,12,15]	n15_grid_v6_scene_jitter	grid_coord	meta	meta_json	375e3c46c962/worker1/DishwasherRack/out-right/s2/j2/n0/base
375e3c46c962	worker1	DishwasherRack/out-right	2	2	1	base	activation	05e3f5da5edee078	05e3f5da5edee078db5b83d97aeb0f3f86f4ea233d3f189848863635d83dcfb1	lerobot_groot_n15	n15	lerobot_groot_n15__robocasa365_ckpt120000		0	Fully slide the top dishwasher rack out.	robocasa_panda_omron/SlideDishwasherRack_PandaOmron_Env	100081	1300001	0	1			5		1	0	0.0	0.1	5	5	right	Fully slide the top dishwasher rack out.	0	all_token_full	groot_n15_dit_block_residual_full_tokens_denoise	["layer","denoise_step","model_token","feature_dim"]	[7,4,49,1536]	[0,2,4,8,10,12,15]	n15_grid_v6_scene_jitter	grid_coord	meta	meta_json	375e3c46c962/worker1/DishwasherRack/out-right/s2/j2/n1/base
375e3c46c962	worker1	DishwasherRack/out-right	2	2	2	base	activation	f1ae1e5be9d2fa4d	f1ae1e5be9d2fa4d9c6250c467e792fc9bafd5cad44ac5a2b4d6a8db7e0c9b52	lerobot_groot_n15	n15	lerobot_groot_n15__robocasa365_ckpt120000		0	Fully slide the top dishwasher rack out.	robocasa_panda_omron/SlideDishwasherRack_PandaOmron_Env	100081	1300002	0	1			5		1	0	0.0	0.1	5	5	right	Fully slide the top dishwasher rack out.	0	all_token_full	groot_n15_dit_block_residual_full_tokens_denoise	["layer","denoise_step","model_token","feature_dim"]	[7,4,49,1536]	[0,2,4,8,10,12,15]	n15_grid_v6_scene_jitter	grid_coord	meta	meta_json	375e3c46c962/worker1/DishwasherRack/out-right/s2/j2/n2/base
375e3c46c962	worker1	DishwasherRack/out-right	2	2	3	base	activation	a0c8590955f854e3	a0c8590955f854e3bc92748c70e3b628fd742250f07588c1f260a5d70d79a21f	lerobot_groot_n15	n15	lerobot_groot_n15__robocasa365_ckpt120000		0	Fully slide the top dishwasher rack out.	robocasa_panda_omron/SlideDishwasherRack_PandaOmron_Env	100081	1300003	0	1			5		1	0	0.0	0.1	5	5	right	Fully slide the top dishwasher rack out.	0	all_token_full	groot_n15_dit_block_residual_full_tokens_denoise	["layer","denoise_step","model_token","feature_dim"]	[7,4,49,1536]	[0,2,4,8,10,12,15]	n15_grid_v6_scene_jitter	grid_coord	meta	meta_json	375e3c46c962/worker1/DishwasherRack/out-right/s2/j2/n3/base
375e3c46c962	worker1	DishwasherRack/out-right	2	2	4	base	activation	b2d8737bad8640b2	b2d8737bad8640b26b9554ef85792def85ee11c5800eedac9d610edb5ba659a3	lerobot_groot_n15	n15	lerobot_groot_n15__robocasa365_ckpt120000		0	Fully slide the top dishwasher rack out.	robocasa_panda_omron/SlideDishwasherRack_PandaOmron_Env	100081	1300004	0	1			5		1	0	0.0	0.1	5	5	right	Fully slide the top dishwasher rack out.	0	all_token_full	groot_n15_dit_block_residual_full_tokens_denoise	["layer","denoise_step","model_token","feature_dim"]	[7,4,49,1536]	[0,2,4,8,10,12,15]	n15_grid_v6_scene_jitter	grid_coord	meta	meta_json	375e3c46c962/worker1/DishwasherRack/out-right/s2/j2/n4/base
375e3c46c962	worker1	DishwasherRack/out-right	2	3	0	base	activation	4c9404f42932c042	4c9404f42932c0424ea019246855d89c19ec7a7e04a4ab572932c1d7256c06e8	lerobot_groot_n15	n15	lerobot_groot_n15__robocasa365_ckpt120000		0	Fully slide the top dishwasher rack out.	robocasa_panda_omron/SlideDishwasherRack_PandaOmron_Env	100081	1300000	0	0			5		1	0	0.05	0.1	5	5	right	Fully slide the top dishwasher rack out.	0	all_token_full	groot_n15_dit_block_residual_full_tokens_denoise	["layer","denoise_step","model_token","feature_dim"]	[7,4,49,1536]	[0,2,4,8,10,12,15]	n15_grid_v6_scene_jitter	grid_coord	meta	meta_json	375e3c46c962/worker1/DishwasherRack/out-right/s2/j3/n0/base
375e3c46c962	worker1	DishwasherRack/out-right	2	3	1	base	activation	570af4fb0f33259a	570af4fb0f33259a38243c7fb52bea5006ac1686b00097d67b8a219f3befc3a0	lerobot_groot_n15	n15	lerobot_groot_n15__robocasa365_ckpt120000		0	Fully slide the top dishwasher rack out.	robocasa_panda_omron/SlideDishwasherRack_PandaOmron_Env	100081	1300001	0	1			5		1	0	0.05	0.1	5	5	right	Fully slide the top dishwasher rack out.	0	all_token_full	groot_n15_dit_block_residual_full_tokens_denoise	["layer","denoise_step","model_token","feature_dim"]	[7,4,49,1536]	[0,2,4,8,10,12,15]	n15_grid_v6_scene_jitter	grid_coord	meta	meta_json	375e3c46c962/worker1/DishwasherRack/out-right/s2/j3/n1/base
375e3c46c962	worker1	DishwasherRack/out-right	2	3	2	base	activation	2c25d97f004daa95	2c25d97f004daa953f07ead4be0292882a255923294075bf7c6ff712eddf5b65	lerobot_groot_n15	n15	lerobot_groot_n15__robocasa365_ckpt120000		0	Fully slide the top dishwasher rack out.	robocasa_panda_omron/SlideDishwasherRack_PandaOmron_Env	100081	1300002	0	1			5		1	0	0.05	0.1	5	5	right	Fully slide the top dishwasher rack out.	0	all_token_full	groot_n15_dit_block_residual_full_tokens_denoise	["layer","denoise_step","model_token","feature_dim"]	[7,4,49,1536]	[0,2,4,8,10,12,15]	n15_grid_v6_scene_jitter	grid_coord	meta	meta_json	375e3c46c962/worker1/DishwasherRack/out-right/s2/j3/n2/base
375e3c46c962	worker1	DishwasherRack/out-right	2	3	3	base	activation	4deb3fb0015ba3aa	4deb3fb0015ba3aaffec126e3cfe991dcffa5716c04322039d999d91823d7003	lerobot_groot_n15	n15	lerobot_groot_n15__robocasa365_ckpt120000		0	Fully slide the top dishwasher rack out.	robocasa_panda_omron/SlideDishwasherRack_PandaOmron_Env	100081	1300003	0	1			5		1	0	0.05	0.1	5	5	right	Fully slide the top dishwasher rack out.	0	all_token_full	groot_n15_dit_block_residual_full_tokens_denoise	["layer","denoise_step","model_token","feature_dim"]	[7,4,49,1536]	[0,2,4,8,10,12,15]	n15_grid_v6_scene_jitter	grid_coord	meta	meta_json	375e3c46c962/worker1/DishwasherRack/out-right/s2/j3/n3/base
375e3c46c962	worker1	DishwasherRack/out-right	2	3	4	base	activation	2142a0183de21b99	2142a0183de21b99271a1f7b0cd5c014aaf86fee3c1618d0bbd3a6298f29b809	lerobot_groot_n15	n15	lerobot_groot_n15__robocasa365_ckpt120000		0	Fully slide the top dishwasher rack out.	robocasa_panda_omron/SlideDishwasherRack_PandaOmron_Env	100081	1300004	0	0			5		1	0	0.05	0.1	5	5	right	Fully slide the top dishwasher rack out.	0	all_token_full	groot_n15_dit_block_residual_full_tokens_denoise	["layer","denoise_step","model_token","feature_dim"]	[7,4,49,1536]	[0,2,4,8,10,12,15]	n15_grid_v6_scene_jitter	grid_coord	meta	meta_json	375e3c46c962/worker1/DishwasherRack/out-right/s2/j3/n4/base
375e3c46c962	worker1	DishwasherRack/out-right	2	4	0	base	activation	85a64975558eb2cf	85a64975558eb2cfae24691c3add5f32209657d60b271d7ab6eb95c03393e7f2	lerobot_groot_n15	n15	lerobot_groot_n15__robocasa365_ckpt120000		0	Fully slide the top dishwasher rack out.	robocasa_panda_omron/SlideDishwasherRack_PandaOmron_Env	100081	1300000	0	1			5		1	0	0.05	0.15	5	5	right	Fully slide the top dishwasher rack out.	0	all_token_full	groot_n15_dit_block_residual_full_tokens_denoise	["layer","denoise_step","model_token","feature_dim"]	[7,4,49,1536]	[0,2,4,8,10,12,15]	n15_grid_v6_scene_jitter	grid_coord	meta	meta_json	375e3c46c962/worker1/DishwasherRack/out-right/s2/j4/n0/base
375e3c46c962	worker1	DishwasherRack/out-right	2	4	1	base	activation	31242d7d2bc24b40	31242d7d2bc24b40fce9ad18e93cc8c5afbf7e3383c34b2500dfc168c018cba5	lerobot_groot_n15	n15	lerobot_groot_n15__robocasa365_ckpt120000		0	Fully slide the top dishwasher rack out.	robocasa_panda_omron/SlideDishwasherRack_PandaOmron_Env	100081	1300001	0	1			5		1	0	0.05	0.15	5	5	right	Fully slide the top dishwasher rack out.	0	all_token_full	groot_n15_dit_block_residual_full_tokens_denoise	["layer","denoise_step","model_token","feature_dim"]	[7,4,49,1536]	[0,2,4,8,10,12,15]	n15_grid_v6_scene_jitter	grid_coord	meta	meta_json	375e3c46c962/worker1/DishwasherRack/out-right/s2/j4/n1/base
375e3c46c962	worker1	DishwasherRack/out-right	2	4	2	base	activation	b6b31f7ac5177685	b6b31f7ac5177685fbee8fe614df58f5708990457548ac35f73dbe7a26ae398a	lerobot_groot_n15	n15	lerobot_groot_n15__robocasa365_ckpt120000		0	Fully slide the top dishwasher rack out.	robocasa_panda_omron/SlideDishwasherRack_PandaOmron_Env	100081	1300002	0	1			5		1	0	0.05	0.15	5	5	right	Fully slide the top dishwasher rack out.	0	all_token_full	groot_n15_dit_block_residual_full_tokens_denoise	["layer","denoise_step","model_token","feature_dim"]	[7,4,49,1536]	[0,2,4,8,10,12,15]	n15_grid_v6_scene_jitter	grid_coord	meta	meta_json	375e3c46c962/worker1/DishwasherRack/out-right/s2/j4/n2/base
375e3c46c962	worker1	DishwasherRack/out-right	2	4	3	base	activation	85904f5ca162c39b	85904f5ca162c39b7bf8c1ec68f2b7f1fd8aae177d7d3294ef560010398307c2	lerobot_groot_n15	n15	lerobot_groot_n15__robocasa365_ckpt120000		0	Fully slide the top dishwasher rack out.	robocasa_panda_omron/SlideDishwasherRack_PandaOmron_Env	100081	1300003	0	0			5		1	0	0.05	0.15	5	5	right	Fully slide the top dishwasher rack out.	0	all_token_full	groot_n15_dit_block_residual_full_tokens_denoise	["layer","denoise_step","model_token","feature_dim"]	[7,4,49,1536]	[0,2,4,8,10,12,15]	n15_grid_v6_scene_jitter	grid_coord	meta	meta_json	375e3c46c962/worker1/DishwasherRack/out-right/s2/j4/n3/base
375e3c46c962	worker1	DishwasherRack/out-right	2	4	4	base	activation	84a83431e4770dbd	84a83431e4770dbd2a5a5369140c8e708799ffb5b7c1ae56e8cd43261290b1e7	lerobot_groot_n15	n15	lerobot_groot_n15__robocasa365_ckpt120000		0	Fully slide the top dishwasher rack out.	robocasa_panda_omron/SlideDishwasherRack_PandaOmron_Env	100081	1300004	0	1			5		1	0	0.05	0.15	5	5	right	Fully slide the top dishwasher rack out.	0	all_token_full	groot_n15_dit_block_residual_full_tokens_denoise	["layer","denoise_step","model_token","feature_dim"]	[7,4,49,1536]	[0,2,4,8,10,12,15]	n15_grid_v6_scene_jitter	grid_coord	meta	meta_json	375e3c46c962/worker1/DishwasherRack/out-right/s2/j4/n4/base
375e3c46c962	worker1	OvenRack/out-left	0	0	0	base	activation	ed9c9cefda7a69d1	ed9c9cefda7a69d14fce841cea03ff998d8cacecdec52ce5a3f8ccfcc9dab75b	lerobot_groot_n15	n15	lerobot_groot_n15__robocasa365_ckpt120000		0	Fully slide the oven rack out.	robocasa_panda_omron/SlideOvenRack_PandaOmron_Env	100017	1300000	0	1			5		1	0	0.0	0.0	4	4	left	Fully slide the oven rack out.	0	all_token_full	groot_n15_dit_block_residual_full_tokens_denoise	["layer","denoise_step","model_token","feature_dim"]	[7,4,49,1536]	[0,2,4,8,10,12,15]	n15_grid_v6_scene_jitter	grid_coord	meta	meta_json	375e3c46c962/worker1/OvenRack/out-left/s0/j0/n0/base
375e3c46c962	worker1	OvenRack/out-left	0	0	1	base	activation	cdd936529cc2e55d	cdd936529cc2e55dcdd51bd952700ac914f5e3e433e32036808ab96ecea6a88f	lerobot_groot_n15	n15	lerobot_groot_n15__robocasa365_ckpt120000		0	Fully slide the oven rack out.	robocasa_panda_omron/SlideOvenRack_PandaOmron_Env	100017	1300001	0	0			5		1	0	0.0	0.0	4	4	left	Fully slide the oven rack out.	0	all_token_full	groot_n15_dit_block_residual_full_tokens_denoise	["layer","denoise_step","model_token","feature_dim"]	[7,4,49,1536]	[0,2,4,8,10,12,15]	n15_grid_v6_scene_jitter	grid_coord	meta	meta_json	375e3c46c962/worker1/OvenRack/out-left/s0/j0/n1/base
375e3c46c962	worker1	OvenRack/out-left	0	0	2	base	activation	0950bdb912477290	0950bdb912477290ca9f560222b41ba33364c86c80c4a0491f495a17b79650cb	lerobot_groot_n15	n15	lerobot_groot_n15__robocasa365_ckpt120000		0	Fully slide the oven rack out.	robocasa_panda_omron/SlideOvenRack_PandaOmron_Env	100017	1300002	0	1			5		1	0	0.0	0.0	4	4	left	Fully slide the oven rack out.	0	all_token_full	groot_n15_dit_block_residual_full_tokens_denoise	["layer","denoise_step","model_token","feature_dim"]	[7,4,49,1536]	[0,2,4,8,10,12,15]	n15_grid_v6_scene_jitter	grid_coord	meta	meta_json	375e3c46c962/worker1/OvenRack/out-left/s0/j0/n2/base
375e3c46c962	worker1	OvenRack/out-left	0	0	3	base	activation	4ac858b36802d717	4ac858b36802d717f805a8a4516c5d73e352f8269190351ac5ee96e714728c5c	lerobot_groot_n15	n15	lerobot_groot_n15__robocasa365_ckpt120000		0	Fully slide the oven rack out.	robocasa_panda_omron/SlideOvenRack_PandaOmron_Env	100017	1300003	0	1			5		1	0	0.0	0.0	4	4	left	Fully slide the oven rack out.	0	all_token_full	groot_n15_dit_block_residual_full_tokens_denoise	["layer","denoise_step","model_token","feature_dim"]	[7,4,49,1536]	[0,2,4,8,10,12,15]	n15_grid_v6_scene_jitter	grid_coord	meta	meta_json	375e3c46c962/worker1/OvenRack/out-left/s0/j0/n3/base
375e3c46c962	worker1	OvenRack/out-left	0	0	4	base	activation	18bf4077dd34eb0d	18bf4077dd34eb0dbaee99d50bf683d35bdd915f2c38c9a77b194e8f4cf9ca05	lerobot_groot_n15	n15	lerobot_groot_n15__robocasa365_ckpt120000		0	Fully slide the oven rack out.	robocasa_panda_omron/SlideOvenRack_PandaOmron_Env	100017	1300004	0	1			5		1	0	0.0	0.0	4	4	left	Fully slide the oven rack out.	0	all_token_full	groot_n15_dit_block_residual_full_tokens_denoise	["layer","denoise_step","model_token","feature_dim"]	[7,4,49,1536]	[0,2,4,8,10,12,15]	n15_grid_v6_scene_jitter	grid_coord	meta	meta_json	375e3c46c962/worker1/OvenRack/out-left/s0/j0/n4/base
375e3c46c962	worker1	OvenRack/out-left	0	1	0	base	activation	6a83903756f3863b	6a83903756f3863b3195e265f783a55c83fff210d9693313528ee237ca7f4dac	lerobot_groot_n15	n15	lerobot_groot_n15__robocasa365_ckpt120000		0	Fully slide the oven rack out.	robocasa_panda_omron/SlideOvenRack_PandaOmron_Env	100017	1300000	0	1			5		1	0	0.0	0.05	4	4	left	Fully slide the oven rack out.	0	all_token_full	groot_n15_dit_block_residual_full_tokens_denoise	["layer","denoise_step","model_token","feature_dim"]	[7,4,49,1536]	[0,2,4,8,10,12,15]	n15_grid_v6_scene_jitter	grid_coord	meta	meta_json	375e3c46c962/worker1/OvenRack/out-left/s0/j1/n0/base
375e3c46c962	worker1	OvenRack/out-left	0	1	1	base	activation	37cb77091aba9a74	37cb77091aba9a747a203d2201db5f603142850a5a28cd8d40ea98ecf6b59d37	lerobot_groot_n15	n15	lerobot_groot_n15__robocasa365_ckpt120000		0	Fully slide the oven rack out.	robocasa_panda_omron/SlideOvenRack_PandaOmron_Env	100017	1300001	0	1			5		1	0	0.0	0.05	4	4	left	Fully slide the oven rack out.	0	all_token_full	groot_n15_dit_block_residual_full_tokens_denoise	["layer","denoise_step","model_token","feature_dim"]	[7,4,49,1536]	[0,2,4,8,10,12,15]	n15_grid_v6_scene_jitter	grid_coord	meta	meta_json	375e3c46c962/worker1/OvenRack/out-left/s0/j1/n1/base
375e3c46c962	worker1	OvenRack/out-left	0	1	2	base	activation	78553a3c1bf8694b	78553a3c1bf8694b869b51113a36856a2a61505bc1e209b4bdd7fe68680aa250	lerobot_groot_n15	n15	lerobot_groot_n15__robocasa365_ckpt120000		0	Fully slide the oven rack out.	robocasa_panda_omron/SlideOvenRack_PandaOmron_Env	100017	1300002	0	1			5		1	0	0.0	0.05	4	4	left	Fully slide the oven rack out.	0	all_token_full	groot_n15_dit_block_residual_full_tokens_denoise	["layer","denoise_step","model_token","feature_dim"]	[7,4,49,1536]	[0,2,4,8,10,12,15]	n15_grid_v6_scene_jitter	grid_coord	meta	meta_json	375e3c46c962/worker1/OvenRack/out-left/s0/j1/n2/base
375e3c46c962	worker1	OvenRack/out-left	0	1	3	base	activation	a232be06cd49d5cd	a232be06cd49d5cdc8f03d72621177fcc464d6934de8ca2312dcc6d5fe6ee91e	lerobot_groot_n15	n15	lerobot_groot_n15__robocasa365_ckpt120000		0	Fully slide the oven rack out.	robocasa_panda_omron/SlideOvenRack_PandaOmron_Env	100017	1300003	0	1			5		1	0	0.0	0.05	4	4	left	Fully slide the oven rack out.	0	all_token_full	groot_n15_dit_block_residual_full_tokens_denoise	["layer","denoise_step","model_token","feature_dim"]	[7,4,49,1536]	[0,2,4,8,10,12,15]	n15_grid_v6_scene_jitter	grid_coord	meta	meta_json	375e3c46c962/worker1/OvenRack/out-left/s0/j1/n3/base
375e3c46c962	worker1	OvenRack/out-left	0	1	4	base	activation	3c1a1fa4bcbaf5a9	3c1a1fa4bcbaf5a992cef12d3f506471494247d5a1ce6085570ae641a250238e	lerobot_groot_n15	n15	lerobot_groot_n15__robocasa365_ckpt120000		0	Fully slide the oven rack out.	robocasa_panda_omron/SlideOvenRack_PandaOmron_Env	100017	1300004	0	1			5		1	0	0.0	0.05	4	4	left	Fully slide the oven rack out.	0	all_token_full	groot_n15_dit_block_residual_full_tokens_denoise	["layer","denoise_step","model_token","feature_dim"]	[7,4,49,1536]	[0,2,4,8,10,12,15]	n15_grid_v6_scene_jitter	grid_coord	meta	meta_json	375e3c46c962/worker1/OvenRack/out-left/s0/j1/n4/base
375e3c46c962	worker1	OvenRack/out-left	0	2	0	base	activation	492e08a862794012	492e08a8627940127fe1eeadc045cf01b25608cf2da1214731938fcf31eb8fd8	lerobot_groot_n15	n15	lerobot_groot_n15__robocasa365_ckpt120000		0	Fully slide the oven rack out.	robocasa_panda_omron/SlideOvenRack_PandaOmron_Env	100017	1300000	0	1			5		1	0	0.0	0.1	4	4	left	Fully slide the oven rack out.	0	all_token_full	groot_n15_dit_block_residual_full_tokens_denoise	["layer","denoise_step","model_token","feature_dim"]	[7,4,49,1536]	[0,2,4,8,10,12,15]	n15_grid_v6_scene_jitter	grid_coord	meta	meta_json	375e3c46c962/worker1/OvenRack/out-left/s0/j2/n0/base
375e3c46c962	worker1	OvenRack/out-left	0	2	1	base	activation	810f11302bf50efd	810f11302bf50efd5c63a19cea57343cca048b5705ca9e69a89fa36ec28aa2ad	lerobot_groot_n15	n15	lerobot_groot_n15__robocasa365_ckpt120000		0	Fully slide the oven rack out.	robocasa_panda_omron/SlideOvenRack_PandaOmron_Env	100017	1300001	0	1			5		1	0	0.0	0.1	4	4	left	Fully slide the oven rack out.	0	all_token_full	groot_n15_dit_block_residual_full_tokens_denoise	["layer","denoise_step","model_token","feature_dim"]	[7,4,49,1536]	[0,2,4,8,10,12,15]	n15_grid_v6_scene_jitter	grid_coord	meta	meta_json	375e3c46c962/worker1/OvenRack/out-left/s0/j2/n1/base
375e3c46c962	worker1	OvenRack/out-left	0	2	2	base	activation	433bb7920140251b	433bb7920140251bbb1c7c44648e40c853531c5b1a5fdcdcdd68d3d170081fc3	lerobot_groot_n15	n15	lerobot_groot_n15__robocasa365_ckpt120000		0	Fully slide the oven rack out.	robocasa_panda_omron/SlideOvenRack_PandaOmron_Env	100017	1300002	0	1			5		1	0	0.0	0.1	4	4	left	Fully slide the oven rack out.	0	all_token_full	groot_n15_dit_block_residual_full_tokens_denoise	["layer","denoise_step","model_token","feature_dim"]	[7,4,49,1536]	[0,2,4,8,10,12,15]	n15_grid_v6_scene_jitter	grid_coord	meta	meta_json	375e3c46c962/worker1/OvenRack/out-left/s0/j2/n2/base
375e3c46c962	worker1	OvenRack/out-left	0	2	3	base	activation	fd307b0f075f1a74	fd307b0f075f1a74983564c20f3e8d1cf45fe423ef046451dfebaa169a590224	lerobot_groot_n15	n15	lerobot_groot_n15__robocasa365_ckpt120000		0	Fully slide the oven rack out.	robocasa_panda_omron/SlideOvenRack_PandaOmron_Env	100017	1300003	0	1			5		1	0	0.0	0.1	4	4	left	Fully slide the oven rack out.	0	all_token_full	groot_n15_dit_block_residual_full_tokens_denoise	["layer","denoise_step","model_token","feature_dim"]	[7,4,49,1536]	[0,2,4,8,10,12,15]	n15_grid_v6_scene_jitter	grid_coord	meta	meta_json	375e3c46c962/worker1/OvenRack/out-left/s0/j2/n3/base
375e3c46c962	worker1	OvenRack/out-left	0	2	4	base	activation	8b243f90753ec4e4	8b243f90753ec4e4e323c67105b3936b6e61cc370fd161de35ebc36cef9d8fe6	lerobot_groot_n15	n15	lerobot_groot_n15__robocasa365_ckpt120000		0	Fully slide the oven rack out.	robocasa_panda_omron/SlideOvenRack_PandaOmron_Env	100017	1300004	0	1			5		1	0	0.0	0.1	4	4	left	Fully slide the oven rack out.	0	all_token_full	groot_n15_dit_block_residual_full_tokens_denoise	["layer","denoise_step","model_token","feature_dim"]	[7,4,49,1536]	[0,2,4,8,10,12,15]	n15_grid_v6_scene_jitter	grid_coord	meta	meta_json	375e3c46c962/worker1/OvenRack/out-left/s0/j2/n4/base
375e3c46c962	worker1	OvenRack/out-left	0	3	0	base	activation	2c23709e9eb7e3a9	2c23709e9eb7e3a90ce8aec907524db2cd7ae2ea74388f6ac5375c270fce4f71	lerobot_groot_n15	n15	lerobot_groot_n15__robocasa365_ckpt120000		0	Fully slide the oven rack out.	robocasa_panda_omron/SlideOvenRack_PandaOmron_Env	100017	1300000	0	1			5		1	0	0.05	0.1	4	4	left	Fully slide the oven rack out.	0	all_token_full	groot_n15_dit_block_residual_full_tokens_denoise	["layer","denoise_step","model_token","feature_dim"]	[7,4,49,1536]	[0,2,4,8,10,12,15]	n15_grid_v6_scene_jitter	grid_coord	meta	meta_json	375e3c46c962/worker1/OvenRack/out-left/s0/j3/n0/base
375e3c46c962	worker1	OvenRack/out-left	0	3	1	base	activation	98b310f09afcf967	98b310f09afcf9674ef22b906357246d3c2fb718ea1949b3c30e4cf8d7fb1d5a	lerobot_groot_n15	n15	lerobot_groot_n15__robocasa365_ckpt120000		0	Fully slide the oven rack out.	robocasa_panda_omron/SlideOvenRack_PandaOmron_Env	100017	1300001	0	1			5		1	0	0.05	0.1	4	4	left	Fully slide the oven rack out.	0	all_token_full	groot_n15_dit_block_residual_full_tokens_denoise	["layer","denoise_step","model_token","feature_dim"]	[7,4,49,1536]	[0,2,4,8,10,12,15]	n15_grid_v6_scene_jitter	grid_coord	meta	meta_json	375e3c46c962/worker1/OvenRack/out-left/s0/j3/n1/base
375e3c46c962	worker1	OvenRack/out-left	0	3	2	base	activation	08684b774cccd8eb	08684b774cccd8ebeaebf2a288f09097d8f2858582418c20d68fffa4368a7a9f	lerobot_groot_n15	n15	lerobot_groot_n15__robocasa365_ckpt120000		0	Fully slide the oven rack out.	robocasa_panda_omron/SlideOvenRack_PandaOmron_Env	100017	1300002	0	1			5		1	0	0.05	0.1	4	4	left	Fully slide the oven rack out.	0	all_token_full	groot_n15_dit_block_residual_full_tokens_denoise	["layer","denoise_step","model_token","feature_dim"]	[7,4,49,1536]	[0,2,4,8,10,12,15]	n15_grid_v6_scene_jitter	grid_coord	meta	meta_json	375e3c46c962/worker1/OvenRack/out-left/s0/j3/n2/base
375e3c46c962	worker1	OvenRack/out-left	0	3	3	base	activation	cd4a19c4191e8588	cd4a19c4191e8588d3a94e7908d5ba02f5f46244b34edf79d6c7a86e2cc1ccb4	lerobot_groot_n15	n15	lerobot_groot_n15__robocasa365_ckpt120000		0	Fully slide the oven rack out.	robocasa_panda_omron/SlideOvenRack_PandaOmron_Env	100017	1300003	0	1			5		1	0	0.05	0.1	4	4	left	Fully slide the oven rack out.	0	all_token_full	groot_n15_dit_block_residual_full_tokens_denoise	["layer","denoise_step","model_token","feature_dim"]	[7,4,49,1536]	[0,2,4,8,10,12,15]	n15_grid_v6_scene_jitter	grid_coord	meta	meta_json	375e3c46c962/worker1/OvenRack/out-left/s0/j3/n3/base
375e3c46c962	worker1	OvenRack/out-left	0	3	4	base	activation	09410cb93b44de4d	09410cb93b44de4d43ed625633dd612fe80cc54e1261b3b314074190f81b5b3e	lerobot_groot_n15	n15	lerobot_groot_n15__robocasa365_ckpt120000		0	Fully slide the oven rack out.	robocasa_panda_omron/SlideOvenRack_PandaOmron_Env	100017	1300004	0	1			5		1	0	0.05	0.1	4	4	left	Fully slide the oven rack out.	0	all_token_full	groot_n15_dit_block_residual_full_tokens_denoise	["layer","denoise_step","model_token","feature_dim"]	[7,4,49,1536]	[0,2,4,8,10,12,15]	n15_grid_v6_scene_jitter	grid_coord	meta	meta_json	375e3c46c962/worker1/OvenRack/out-left/s0/j3/n4/base
375e3c46c962	worker1	OvenRack/out-left	0	4	0	base	activation	84f70d4a218d32d3	84f70d4a218d32d3714157f67c8876c077fdcdd3c8388defa028eead2bb7b779	lerobot_groot_n15	n15	lerobot_groot_n15__robocasa365_ckpt120000		0	Fully slide the oven rack out.	robocasa_panda_omron/SlideOvenRack_PandaOmron_Env	100017	1300000	0	1			5		1	0	0.05	0.15	4	4	left	Fully slide the oven rack out.	0	all_token_full	groot_n15_dit_block_residual_full_tokens_denoise	["layer","denoise_step","model_token","feature_dim"]	[7,4,49,1536]	[0,2,4,8,10,12,15]	n15_grid_v6_scene_jitter	grid_coord	meta	meta_json	375e3c46c962/worker1/OvenRack/out-left/s0/j4/n0/base
375e3c46c962	worker1	OvenRack/out-left	0	4	1	base	activation	62150f5408a60726	62150f5408a60726bbad1af3b224b74a9bc995beee4b61f6bbd6df2eedac7dd8	lerobot_groot_n15	n15	lerobot_groot_n15__robocasa365_ckpt120000		0	Fully slide the oven rack out.	robocasa_panda_omron/SlideOvenRack_PandaOmron_Env	100017	1300001	0	1			5		1	0	0.05	0.15	4	4	left	Fully slide the oven rack out.	0	all_token_full	groot_n15_dit_block_residual_full_tokens_denoise	["layer","denoise_step","model_token","feature_dim"]	[7,4,49,1536]	[0,2,4,8,10,12,15]	n15_grid_v6_scene_jitter	grid_coord	meta	meta_json	375e3c46c962/worker1/OvenRack/out-left/s0/j4/n1/base
375e3c46c962	worker1	OvenRack/out-left	0	4	2	base	activation	dae5c89baf37775d	dae5c89baf37775df1f231dbe46364e68137245822dd0b0b0ca38f48f0cd5b23	lerobot_groot_n15	n15	lerobot_groot_n15__robocasa365_ckpt120000		0	Fully slide the oven rack out.	robocasa_panda_omron/SlideOvenRack_PandaOmron_Env	100017	1300002	0	1			5		1	0	0.05	0.15	4	4	left	Fully slide the oven rack out.	0	all_token_full	groot_n15_dit_block_residual_full_tokens_denoise	["layer","denoise_step","model_token","feature_dim"]	[7,4,49,1536]	[0,2,4,8,10,12,15]	n15_grid_v6_scene_jitter	grid_coord	meta	meta_json	375e3c46c962/worker1/OvenRack/out-left/s0/j4/n2/base
375e3c46c962	worker1	OvenRack/out-left	0	4	3	base	activation	a8825220fac1e45b	a8825220fac1e45b69e8bf6382673183462dfe142c8d50250b20c167f485019d	lerobot_groot_n15	n15	lerobot_groot_n15__robocasa365_ckpt120000		0	Fully slide the oven rack out.	robocasa_panda_omron/SlideOvenRack_PandaOmron_Env	100017	1300003	0	0			5		1	0	0.05	0.15	4	4	left	Fully slide the oven rack out.	0	all_token_full	groot_n15_dit_block_residual_full_tokens_denoise	["layer","denoise_step","model_token","feature_dim"]	[7,4,49,1536]	[0,2,4,8,10,12,15]	n15_grid_v6_scene_jitter	grid_coord	meta	meta_json	375e3c46c962/worker1/OvenRack/out-left/s0/j4/n3/base
375e3c46c962	worker1	OvenRack/out-left	0	4	4	base	activation	4a47961616e23947	4a47961616e23947b93a6a98491d5a61de8a5ebaf2e917d2d14172662cd1d34a	lerobot_groot_n15	n15	lerobot_groot_n15__robocasa365_ckpt120000		0	Fully slide the oven rack out.	robocasa_panda_omron/SlideOvenRack_PandaOmron_Env	100017	1300004	0	1			5		1	0	0.05	0.15	4	4	left	Fully slide the oven rack out.	0	all_token_full	groot_n15_dit_block_residual_full_tokens_denoise	["layer","denoise_step","model_token","feature_dim"]	[7,4,49,1536]	[0,2,4,8,10,12,15]	n15_grid_v6_scene_jitter	grid_coord	meta	meta_json	375e3c46c962/worker1/OvenRack/out-left/s0/j4/n4/base
375e3c46c962	worker1	OvenRack/out-left	1	0	0	base	activation	2343f12e55ba5836	2343f12e55ba583682210c3d10047dfad29765c15f8478c4763b848892a2bef2	lerobot_groot_n15	n15	lerobot_groot_n15__robocasa365_ckpt120000		0	Fully slide the bottom oven rack out.	robocasa_panda_omron/SlideOvenRack_PandaOmron_Env	100754	1300000	0	0			5		1	0	0.0	0.0	9	9	left	Fully slide the bottom oven rack out.	0	all_token_full	groot_n15_dit_block_residual_full_tokens_denoise	["layer","denoise_step","model_token","feature_dim"]	[7,4,49,1536]	[0,2,4,8,10,12,15]	n15_grid_v6_scene_jitter	grid_coord	meta	meta_json	375e3c46c962/worker1/OvenRack/out-left/s1/j0/n0/base
375e3c46c962	worker1	OvenRack/out-left	1	0	1	base	activation	7d3b5da8a66d0028	7d3b5da8a66d00289920f142f18429900cab589ef29d3d86a55b9795c9950aad	lerobot_groot_n15	n15	lerobot_groot_n15__robocasa365_ckpt120000		0	Fully slide the bottom oven rack out.	robocasa_panda_omron/SlideOvenRack_PandaOmron_Env	100754	1300001	0	0			5		1	0	0.0	0.0	9	9	left	Fully slide the bottom oven rack out.	0	all_token_full	groot_n15_dit_block_residual_full_tokens_denoise	["layer","denoise_step","model_token","feature_dim"]	[7,4,49,1536]	[0,2,4,8,10,12,15]	n15_grid_v6_scene_jitter	grid_coord	meta	meta_json	375e3c46c962/worker1/OvenRack/out-left/s1/j0/n1/base
375e3c46c962	worker1	OvenRack/out-left	1	0	2	base	activation	3256a25f02712817	3256a25f02712817988c515b001d2763123accefb8df7cbe43ae4607dc2b1089	lerobot_groot_n15	n15	lerobot_groot_n15__robocasa365_ckpt120000		0	Fully slide the bottom oven rack out.	robocasa_panda_omron/SlideOvenRack_PandaOmron_Env	100754	1300002	0	0			5		1	0	0.0	0.0	9	9	left	Fully slide the bottom oven rack out.	0	all_token_full	groot_n15_dit_block_residual_full_tokens_denoise	["layer","denoise_step","model_token","feature_dim"]	[7,4,49,1536]	[0,2,4,8,10,12,15]	n15_grid_v6_scene_jitter	grid_coord	meta	meta_json	375e3c46c962/worker1/OvenRack/out-left/s1/j0/n2/base
375e3c46c962	worker1	OvenRack/out-left	1	0	3	base	activation	2ea55d298aad66c3	2ea55d298aad66c322eb90c8d701a9581d6e6c2012e1456c6310fa6e3aa020c4	lerobot_groot_n15	n15	lerobot_groot_n15__robocasa365_ckpt120000		0	Fully slide the bottom oven rack out.	robocasa_panda_omron/SlideOvenRack_PandaOmron_Env	100754	1300003	0	0			5		1	0	0.0	0.0	9	9	left	Fully slide the bottom oven rack out.	0	all_token_full	groot_n15_dit_block_residual_full_tokens_denoise	["layer","denoise_step","model_token","feature_dim"]	[7,4,49,1536]	[0,2,4,8,10,12,15]	n15_grid_v6_scene_jitter	grid_coord	meta	meta_json	375e3c46c962/worker1/OvenRack/out-left/s1/j0/n3/base
375e3c46c962	worker1	OvenRack/out-left	1	0	4	base	activation	db3e87ba8127b919	db3e87ba8127b919566e54da8556ed9f1c8d134fc3d9bb9230666b3912aff41e	lerobot_groot_n15	n15	lerobot_groot_n15__robocasa365_ckpt120000		0	Fully slide the bottom oven rack out.	robocasa_panda_omron/SlideOvenRack_PandaOmron_Env	100754	1300004	0	0			5		1	0	0.0	0.0	9	9	left	Fully slide the bottom oven rack out.	0	all_token_full	groot_n15_dit_block_residual_full_tokens_denoise	["layer","denoise_step","model_token","feature_dim"]	[7,4,49,1536]	[0,2,4,8,10,12,15]	n15_grid_v6_scene_jitter	grid_coord	meta	meta_json	375e3c46c962/worker1/OvenRack/out-left/s1/j0/n4/base
375e3c46c962	worker1	OvenRack/out-left	1	1	0	base	activation	08f44518ed79ddda	08f44518ed79dddaa516e5d8e30b7b1727cb599d9d982c805c079965af625a2a	lerobot_groot_n15	n15	lerobot_groot_n15__robocasa365_ckpt120000		0	Fully slide the bottom oven rack out.	robocasa_panda_omron/SlideOvenRack_PandaOmron_Env	100754	1300000	0	1			5		1	0	0.0	0.05	9	9	left	Fully slide the bottom oven rack out.	0	all_token_full	groot_n15_dit_block_residual_full_tokens_denoise	["layer","denoise_step","model_token","feature_dim"]	[7,4,49,1536]	[0,2,4,8,10,12,15]	n15_grid_v6_scene_jitter	grid_coord	meta	meta_json	375e3c46c962/worker1/OvenRack/out-left/s1/j1/n0/base
375e3c46c962	worker1	OvenRack/out-left	1	1	1	base	activation	2fd602fd9ce1aace	2fd602fd9ce1aaced59db26da4eda146d1ff7691e83a498ad788d6905ca4dc30	lerobot_groot_n15	n15	lerobot_groot_n15__robocasa365_ckpt120000		0	Fully slide the bottom oven rack out.	robocasa_panda_omron/SlideOvenRack_PandaOmron_Env	100754	1300001	0	0			5		1	0	0.0	0.05	9	9	left	Fully slide the bottom oven rack out.	0	all_token_full	groot_n15_dit_block_residual_full_tokens_denoise	["layer","denoise_step","model_token","feature_dim"]	[7,4,49,1536]	[0,2,4,8,10,12,15]	n15_grid_v6_scene_jitter	grid_coord	meta	meta_json	375e3c46c962/worker1/OvenRack/out-left/s1/j1/n1/base
375e3c46c962	worker1	OvenRack/out-left	1	1	2	base	activation	8d981b41f2141d81	8d981b41f2141d81214830514c82837a496914d05c447a0624c9314df1d03733	lerobot_groot_n15	n15	lerobot_groot_n15__robocasa365_ckpt120000		0	Fully slide the bottom oven rack out.	robocasa_panda_omron/SlideOvenRack_PandaOmron_Env	100754	1300002	0	1			5		1	0	0.0	0.05	9	9	left	Fully slide the bottom oven rack out.	0	all_token_full	groot_n15_dit_block_residual_full_tokens_denoise	["layer","denoise_step","model_token","feature_dim"]	[7,4,49,1536]	[0,2,4,8,10,12,15]	n15_grid_v6_scene_jitter	grid_coord	meta	meta_json	375e3c46c962/worker1/OvenRack/out-left/s1/j1/n2/base
375e3c46c962	worker1	OvenRack/out-left	1	1	3	base	activation	7c18da22fdfb8892	7c18da22fdfb889257525516d7e774deead4c7d355491b360a70108aaa380fce	lerobot_groot_n15	n15	lerobot_groot_n15__robocasa365_ckpt120000		0	Fully slide the bottom oven rack out.	robocasa_panda_omron/SlideOvenRack_PandaOmron_Env	100754	1300003	0	1			5		1	0	0.0	0.05	9	9	left	Fully slide the bottom oven rack out.	0	all_token_full	groot_n15_dit_block_residual_full_tokens_denoise	["layer","denoise_step","model_token","feature_dim"]	[7,4,49,1536]	[0,2,4,8,10,12,15]	n15_grid_v6_scene_jitter	grid_coord	meta	meta_json	375e3c46c962/worker1/OvenRack/out-left/s1/j1/n3/base
375e3c46c962	worker1	OvenRack/out-left	1	1	4	base	activation	2bccc3014e44d9a7	2bccc3014e44d9a71f99c4a069bf76281433953f9a3523d3eeb81029cf37c0c5	lerobot_groot_n15	n15	lerobot_groot_n15__robocasa365_ckpt120000		0	Fully slide the bottom oven rack out.	robocasa_panda_omron/SlideOvenRack_PandaOmron_Env	100754	1300004	0	1			5		1	0	0.0	0.05	9	9	left	Fully slide the bottom oven rack out.	0	all_token_full	groot_n15_dit_block_residual_full_tokens_denoise	["layer","denoise_step","model_token","feature_dim"]	[7,4,49,1536]	[0,2,4,8,10,12,15]	n15_grid_v6_scene_jitter	grid_coord	meta	meta_json	375e3c46c962/worker1/OvenRack/out-left/s1/j1/n4/base
375e3c46c962	worker1	OvenRack/out-left	1	2	0	base	activation	6b74ad40f015aa69	6b74ad40f015aa697fcbc73035d3712657626945545a503e3807cc335f1896a5	lerobot_groot_n15	n15	lerobot_groot_n15__robocasa365_ckpt120000		0	Fully slide the bottom oven rack out.	robocasa_panda_omron/SlideOvenRack_PandaOmron_Env	100754	1300000	0	0			5		1	0	0.0	0.1	9	9	left	Fully slide the bottom oven rack out.	0	all_token_full	groot_n15_dit_block_residual_full_tokens_denoise	["layer","denoise_step","model_token","feature_dim"]	[7,4,49,1536]	[0,2,4,8,10,12,15]	n15_grid_v6_scene_jitter	grid_coord	meta	meta_json	375e3c46c962/worker1/OvenRack/out-left/s1/j2/n0/base
375e3c46c962	worker1	OvenRack/out-left	1	2	1	base	activation	364b47e4184905ac	364b47e4184905acce0281afb0c65b3c5093306c024658ab50ca79a6ca739394	lerobot_groot_n15	n15	lerobot_groot_n15__robocasa365_ckpt120000		0	Fully slide the bottom oven rack out.	robocasa_panda_omron/SlideOvenRack_PandaOmron_Env	100754	1300001	0	0			5		1	0	0.0	0.1	9	9	left	Fully slide the bottom oven rack out.	0	all_token_full	groot_n15_dit_block_residual_full_tokens_denoise	["layer","denoise_step","model_token","feature_dim"]	[7,4,49,1536]	[0,2,4,8,10,12,15]	n15_grid_v6_scene_jitter	grid_coord	meta	meta_json	375e3c46c962/worker1/OvenRack/out-left/s1/j2/n1/base
375e3c46c962	worker1	OvenRack/out-left	1	2	2	base	activation	9e9305d54fb19a9a	9e9305d54fb19a9aeeaf56db69a542cbdcf6a6ab38b5d021a575594958c2ee90	lerobot_groot_n15	n15	lerobot_groot_n15__robocasa365_ckpt120000		0	Fully slide the bottom oven rack out.	robocasa_panda_omron/SlideOvenRack_PandaOmron_Env	100754	1300002	0	1			5		1	0	0.0	0.1	9	9	left	Fully slide the bottom oven rack out.	0	all_token_full	groot_n15_dit_block_residual_full_tokens_denoise	["layer","denoise_step","model_token","feature_dim"]	[7,4,49,1536]	[0,2,4,8,10,12,15]	n15_grid_v6_scene_jitter	grid_coord	meta	meta_json	375e3c46c962/worker1/OvenRack/out-left/s1/j2/n2/base
375e3c46c962	worker1	OvenRack/out-left	1	2	3	base	activation	afe48396eeed6bfc	afe48396eeed6bfcb32cb96455a47abd85482ca17a8398812f2288577b6038da	lerobot_groot_n15	n15	lerobot_groot_n15__robocasa365_ckpt120000		0	Fully slide the bottom oven rack out.	robocasa_panda_omron/SlideOvenRack_PandaOmron_Env	100754	1300003	0	1			5		1	0	0.0	0.1	9	9	left	Fully slide the bottom oven rack out.	0	all_token_full	groot_n15_dit_block_residual_full_tokens_denoise	["layer","denoise_step","model_token","feature_dim"]	[7,4,49,1536]	[0,2,4,8,10,12,15]	n15_grid_v6_scene_jitter	grid_coord	meta	meta_json	375e3c46c962/worker1/OvenRack/out-left/s1/j2/n3/base
375e3c46c962	worker1	OvenRack/out-left	1	2	4	base	activation	5f069b9cb503c79a	5f069b9cb503c79adecd57d72d5ffc801c0209255f09cc712b2b4f4c21a8c3c6	lerobot_groot_n15	n15	lerobot_groot_n15__robocasa365_ckpt120000		0	Fully slide the bottom oven rack out.	robocasa_panda_omron/SlideOvenRack_PandaOmron_Env	100754	1300004	0	0			5		1	0	0.0	0.1	9	9	left	Fully slide the bottom oven rack out.	0	all_token_full	groot_n15_dit_block_residual_full_tokens_denoise	["layer","denoise_step","model_token","feature_dim"]	[7,4,49,1536]	[0,2,4,8,10,12,15]	n15_grid_v6_scene_jitter	grid_coord	meta	meta_json	375e3c46c962/worker1/OvenRack/out-left/s1/j2/n4/base
375e3c46c962	worker1	OvenRack/out-left	1	3	0	base	activation	1f97a5f9170fb73f	1f97a5f9170fb73f28b728105f6cb6bea38cc91bbfcd64574c946654697aec19	lerobot_groot_n15	n15	lerobot_groot_n15__robocasa365_ckpt120000		0	Fully slide the bottom oven rack out.	robocasa_panda_omron/SlideOvenRack_PandaOmron_Env	100754	1300000	0	1			5		1	0	0.05	0.1	9	9	left	Fully slide the bottom oven rack out.	0	all_token_full	groot_n15_dit_block_residual_full_tokens_denoise	["layer","denoise_step","model_token","feature_dim"]	[7,4,49,1536]	[0,2,4,8,10,12,15]	n15_grid_v6_scene_jitter	grid_coord	meta	meta_json	375e3c46c962/worker1/OvenRack/out-left/s1/j3/n0/base
375e3c46c962	worker1	OvenRack/out-left	1	3	1	base	activation	1f7d8986d5616e79	1f7d8986d5616e79af8fd8ddfe7e324850f2741d5a313bd533bf55d7d792c1a8	lerobot_groot_n15	n15	lerobot_groot_n15__robocasa365_ckpt120000		0	Fully slide the bottom oven rack out.	robocasa_panda_omron/SlideOvenRack_PandaOmron_Env	100754	1300001	0	1			5		1	0	0.05	0.1	9	9	left	Fully slide the bottom oven rack out.	0	all_token_full	groot_n15_dit_block_residual_full_tokens_denoise	["layer","denoise_step","model_token","feature_dim"]	[7,4,49,1536]	[0,2,4,8,10,12,15]	n15_grid_v6_scene_jitter	grid_coord	meta	meta_json	375e3c46c962/worker1/OvenRack/out-left/s1/j3/n1/base
375e3c46c962	worker1	OvenRack/out-left	1	3	2	base	activation	cb630fc4c2480b3f	cb630fc4c2480b3f33e3f34da01168cb97a5c6ef6fb8e2724691a2995053f1a9	lerobot_groot_n15	n15	lerobot_groot_n15__robocasa365_ckpt120000		0	Fully slide the bottom oven rack out.	robocasa_panda_omron/SlideOvenRack_PandaOmron_Env	100754	1300002	0	1			5		1	0	0.05	0.1	9	9	left	Fully slide the bottom oven rack out.	0	all_token_full	groot_n15_dit_block_residual_full_tokens_denoise	["layer","denoise_step","model_token","feature_dim"]	[7,4,49,1536]	[0,2,4,8,10,12,15]	n15_grid_v6_scene_jitter	grid_coord	meta	meta_json	375e3c46c962/worker1/OvenRack/out-left/s1/j3/n2/base
375e3c46c962	worker1	OvenRack/out-left	1	3	3	base	activation	6ebcddee6ee43d44	6ebcddee6ee43d44ee3b7869b9cafa866a49dffdb662806d119a033cf3c7336e	lerobot_groot_n15	n15	lerobot_groot_n15__robocasa365_ckpt120000		0	Fully slide the bottom oven rack out.	robocasa_panda_omron/SlideOvenRack_PandaOmron_Env	100754	1300003	0	1			5		1	0	0.05	0.1	9	9	left	Fully slide the bottom oven rack out.	0	all_token_full	groot_n15_dit_block_residual_full_tokens_denoise	["layer","denoise_step","model_token","feature_dim"]	[7,4,49,1536]	[0,2,4,8,10,12,15]	n15_grid_v6_scene_jitter	grid_coord	meta	meta_json	375e3c46c962/worker1/OvenRack/out-left/s1/j3/n3/base
375e3c46c962	worker1	OvenRack/out-left	1	3	4	base	activation	43c86d9a16c8f0b3	43c86d9a16c8f0b3ebb79d60b98ecd4416408b44c08e085972a359d6494fb9a8	lerobot_groot_n15	n15	lerobot_groot_n15__robocasa365_ckpt120000		0	Fully slide the bottom oven rack out.	robocasa_panda_omron/SlideOvenRack_PandaOmron_Env	100754	1300004	0	1			5		1	0	0.05	0.1	9	9	left	Fully slide the bottom oven rack out.	0	all_token_full	groot_n15_dit_block_residual_full_tokens_denoise	["layer","denoise_step","model_token","feature_dim"]	[7,4,49,1536]	[0,2,4,8,10,12,15]	n15_grid_v6_scene_jitter	grid_coord	meta	meta_json	375e3c46c962/worker1/OvenRack/out-left/s1/j3/n4/base
375e3c46c962	worker1	OvenRack/out-left	1	4	0	base	activation	ce29f41a8e2add58	ce29f41a8e2add58db3eeb596742d4a4f8bce28bc7ed43d5f61d14a9f907cc23	lerobot_groot_n15	n15	lerobot_groot_n15__robocasa365_ckpt120000		0	Fully slide the bottom oven rack out.	robocasa_panda_omron/SlideOvenRack_PandaOmron_Env	100754	1300000	0	0			5		1	0	0.05	0.15	9	9	left	Fully slide the bottom oven rack out.	0	all_token_full	groot_n15_dit_block_residual_full_tokens_denoise	["layer","denoise_step","model_token","feature_dim"]	[7,4,49,1536]	[0,2,4,8,10,12,15]	n15_grid_v6_scene_jitter	grid_coord	meta	meta_json	375e3c46c962/worker1/OvenRack/out-left/s1/j4/n0/base
375e3c46c962	worker1	OvenRack/out-left	1	4	1	base	activation	f76c1d1e88b0fbb9	f76c1d1e88b0fbb98472089cf1aa95884366f18831b3db93fdd5177998148e0a	lerobot_groot_n15	n15	lerobot_groot_n15__robocasa365_ckpt120000		0	Fully slide the bottom oven rack out.	robocasa_panda_omron/SlideOvenRack_PandaOmron_Env	100754	1300001	0	0			5		1	0	0.05	0.15	9	9	left	Fully slide the bottom oven rack out.	0	all_token_full	groot_n15_dit_block_residual_full_tokens_denoise	["layer","denoise_step","model_token","feature_dim"]	[7,4,49,1536]	[0,2,4,8,10,12,15]	n15_grid_v6_scene_jitter	grid_coord	meta	meta_json	375e3c46c962/worker1/OvenRack/out-left/s1/j4/n1/base
375e3c46c962	worker1	OvenRack/out-left	1	4	2	base	activation	d3e5af4fe6bbb7c3	d3e5af4fe6bbb7c3019d187c9f81f2306b30f1b636f505720da7ccef6a00b78f	lerobot_groot_n15	n15	lerobot_groot_n15__robocasa365_ckpt120000		0	Fully slide the bottom oven rack out.	robocasa_panda_omron/SlideOvenRack_PandaOmron_Env	100754	1300002	0	0			5		1	0	0.05	0.15	9	9	left	Fully slide the bottom oven rack out.	0	all_token_full	groot_n15_dit_block_residual_full_tokens_denoise	["layer","denoise_step","model_token","feature_dim"]	[7,4,49,1536]	[0,2,4,8,10,12,15]	n15_grid_v6_scene_jitter	grid_coord	meta	meta_json	375e3c46c962/worker1/OvenRack/out-left/s1/j4/n2/base
375e3c46c962	worker1	OvenRack/out-left	1	4	3	base	activation	9881532caa0f0264	9881532caa0f0264448d03a71d46d34ceb791dad6b0adb9abb59740f5b3ebd9b	lerobot_groot_n15	n15	lerobot_groot_n15__robocasa365_ckpt120000		0	Fully slide the bottom oven rack out.	robocasa_panda_omron/SlideOvenRack_PandaOmron_Env	100754	1300003	0	1			5		1	0	0.05	0.15	9	9	left	Fully slide the bottom oven rack out.	0	all_token_full	groot_n15_dit_block_residual_full_tokens_denoise	["layer","denoise_step","model_token","feature_dim"]	[7,4,49,1536]	[0,2,4,8,10,12,15]	n15_grid_v6_scene_jitter	grid_coord	meta	meta_json	375e3c46c962/worker1/OvenRack/out-left/s1/j4/n3/base
375e3c46c962	worker1	OvenRack/out-left	1	4	4	base	activation	893d1a975785a83f	893d1a975785a83f565bb1bafaa0b4c1876b4e24bef0c1cc1976c94a156067fe	lerobot_groot_n15	n15	lerobot_groot_n15__robocasa365_ckpt120000		0	Fully slide the bottom oven rack out.	robocasa_panda_omron/SlideOvenRack_PandaOmron_Env	100754	1300004	0	1			5		1	0	0.05	0.15	9	9	left	Fully slide the bottom oven rack out.	0	all_token_full	groot_n15_dit_block_residual_full_tokens_denoise	["layer","denoise_step","model_token","feature_dim"]	[7,4,49,1536]	[0,2,4,8,10,12,15]	n15_grid_v6_scene_jitter	grid_coord	meta	meta_json	375e3c46c962/worker1/OvenRack/out-left/s1/j4/n4/base
375e3c46c962	worker1	OvenRack/out-left	2	0	0	base	activation	74ba17f67313701d	74ba17f67313701d58b8717a891eda61b1109da7723d878bdfbc85b4647e4891	lerobot_groot_n15	n15	lerobot_groot_n15__robocasa365_ckpt120000		0	Fully slide the bottom oven rack out.	robocasa_panda_omron/SlideOvenRack_PandaOmron_Env	100166	1300000	0	1			5		1	0	0.0	0.0	7	7	left	Fully slide the bottom oven rack out.	0	all_token_full	groot_n15_dit_block_residual_full_tokens_denoise	["layer","denoise_step","model_token","feature_dim"]	[7,4,49,1536]	[0,2,4,8,10,12,15]	n15_grid_v6_scene_jitter	grid_coord	meta	meta_json	375e3c46c962/worker1/OvenRack/out-left/s2/j0/n0/base
375e3c46c962	worker1	OvenRack/out-left	2	0	1	base	activation	d30eebfa61fc134c	d30eebfa61fc134c5a4d1de0f53f84352bd289e2490eeb53d72b3beb2b3cddba	lerobot_groot_n15	n15	lerobot_groot_n15__robocasa365_ckpt120000		0	Fully slide the bottom oven rack out.	robocasa_panda_omron/SlideOvenRack_PandaOmron_Env	100166	1300001	0	1			5		1	0	0.0	0.0	7	7	left	Fully slide the bottom oven rack out.	0	all_token_full	groot_n15_dit_block_residual_full_tokens_denoise	["layer","denoise_step","model_token","feature_dim"]	[7,4,49,1536]	[0,2,4,8,10,12,15]	n15_grid_v6_scene_jitter	grid_coord	meta	meta_json	375e3c46c962/worker1/OvenRack/out-left/s2/j0/n1/base
375e3c46c962	worker1	OvenRack/out-left	2	0	2	base	activation	1b9a9a8098f55846	1b9a9a8098f5584629d2e029bc1f3464330acc3db290f5e591cdfefe32302055	lerobot_groot_n15	n15	lerobot_groot_n15__robocasa365_ckpt120000		0	Fully slide the bottom oven rack out.	robocasa_panda_omron/SlideOvenRack_PandaOmron_Env	100166	1300002	0	1			5		1	0	0.0	0.0	7	7	left	Fully slide the bottom oven rack out.	0	all_token_full	groot_n15_dit_block_residual_full_tokens_denoise	["layer","denoise_step","model_token","feature_dim"]	[7,4,49,1536]	[0,2,4,8,10,12,15]	n15_grid_v6_scene_jitter	grid_coord	meta	meta_json	375e3c46c962/worker1/OvenRack/out-left/s2/j0/n2/base
375e3c46c962	worker1	OvenRack/out-left	2	0	3	base	activation	4505a98ac85fa8b1	4505a98ac85fa8b10f2bd6721114ad72979793319413747135cf945b902317ed	lerobot_groot_n15	n15	lerobot_groot_n15__robocasa365_ckpt120000		0	Fully slide the bottom oven rack out.	robocasa_panda_omron/SlideOvenRack_PandaOmron_Env	100166	1300003	0	1			5		1	0	0.0	0.0	7	7	left	Fully slide the bottom oven rack out.	0	all_token_full	groot_n15_dit_block_residual_full_tokens_denoise	["layer","denoise_step","model_token","feature_dim"]	[7,4,49,1536]	[0,2,4,8,10,12,15]	n15_grid_v6_scene_jitter	grid_coord	meta	meta_json	375e3c46c962/worker1/OvenRack/out-left/s2/j0/n3/base
375e3c46c962	worker1	OvenRack/out-left	2	0	4	base	activation	bff0e59b7c4d8b8a	bff0e59b7c4d8b8afca2d1ceb5427909299d2366c871feb463915c14c0cdcddf	lerobot_groot_n15	n15	lerobot_groot_n15__robocasa365_ckpt120000		0	Fully slide the bottom oven rack out.	robocasa_panda_omron/SlideOvenRack_PandaOmron_Env	100166	1300004	0	1			5		1	0	0.0	0.0	7	7	left	Fully slide the bottom oven rack out.	0	all_token_full	groot_n15_dit_block_residual_full_tokens_denoise	["layer","denoise_step","model_token","feature_dim"]	[7,4,49,1536]	[0,2,4,8,10,12,15]	n15_grid_v6_scene_jitter	grid_coord	meta	meta_json	375e3c46c962/worker1/OvenRack/out-left/s2/j0/n4/base
375e3c46c962	worker1	OvenRack/out-left	2	1	0	base	activation	63a05bb2a304d90f	63a05bb2a304d90fb341a57f9cf895696832ded7972cc81d6931f066aafdde67	lerobot_groot_n15	n15	lerobot_groot_n15__robocasa365_ckpt120000		0	Fully slide the bottom oven rack out.	robocasa_panda_omron/SlideOvenRack_PandaOmron_Env	100166	1300000	0	1			5		1	0	0.0	0.05	7	7	left	Fully slide the bottom oven rack out.	0	all_token_full	groot_n15_dit_block_residual_full_tokens_denoise	["layer","denoise_step","model_token","feature_dim"]	[7,4,49,1536]	[0,2,4,8,10,12,15]	n15_grid_v6_scene_jitter	grid_coord	meta	meta_json	375e3c46c962/worker1/OvenRack/out-left/s2/j1/n0/base
375e3c46c962	worker1	OvenRack/out-left	2	1	1	base	activation	abb4171a187f10cf	abb4171a187f10cf8bf8f268928bb40e8c6e188f778657f2fb03ebd263101343	lerobot_groot_n15	n15	lerobot_groot_n15__robocasa365_ckpt120000		0	Fully slide the bottom oven rack out.	robocasa_panda_omron/SlideOvenRack_PandaOmron_Env	100166	1300001	0	1			5		1	0	0.0	0.05	7	7	left	Fully slide the bottom oven rack out.	0	all_token_full	groot_n15_dit_block_residual_full_tokens_denoise	["layer","denoise_step","model_token","feature_dim"]	[7,4,49,1536]	[0,2,4,8,10,12,15]	n15_grid_v6_scene_jitter	grid_coord	meta	meta_json	375e3c46c962/worker1/OvenRack/out-left/s2/j1/n1/base
375e3c46c962	worker1	OvenRack/out-left	2	1	2	base	activation	a65e9cb6b3f086ae	a65e9cb6b3f086ae875a0fdc0be2b2b679b7f2a6e02bb2fc4a77132ebef877c3	lerobot_groot_n15	n15	lerobot_groot_n15__robocasa365_ckpt120000		0	Fully slide the bottom oven rack out.	robocasa_panda_omron/SlideOvenRack_PandaOmron_Env	100166	1300002	0	1			5		1	0	0.0	0.05	7	7	left	Fully slide the bottom oven rack out.	0	all_token_full	groot_n15_dit_block_residual_full_tokens_denoise	["layer","denoise_step","model_token","feature_dim"]	[7,4,49,1536]	[0,2,4,8,10,12,15]	n15_grid_v6_scene_jitter	grid_coord	meta	meta_json	375e3c46c962/worker1/OvenRack/out-left/s2/j1/n2/base
375e3c46c962	worker1	OvenRack/out-left	2	1	3	base	activation	946115f70abb2810	946115f70abb2810981c4cb204ea376d2b58cff8ab0fe90ca3fb2ec6f35311df	lerobot_groot_n15	n15	lerobot_groot_n15__robocasa365_ckpt120000		0	Fully slide the bottom oven rack out.	robocasa_panda_omron/SlideOvenRack_PandaOmron_Env	100166	1300003	0	1			5		1	0	0.0	0.05	7	7	left	Fully slide the bottom oven rack out.	0	all_token_full	groot_n15_dit_block_residual_full_tokens_denoise	["layer","denoise_step","model_token","feature_dim"]	[7,4,49,1536]	[0,2,4,8,10,12,15]	n15_grid_v6_scene_jitter	grid_coord	meta	meta_json	375e3c46c962/worker1/OvenRack/out-left/s2/j1/n3/base
375e3c46c962	worker1	OvenRack/out-left	2	1	4	base	activation	b81225091bf5539a	b81225091bf5539ac9b0f85b8e55862f1342391076feb1e4bbcaa04d68306e23	lerobot_groot_n15	n15	lerobot_groot_n15__robocasa365_ckpt120000		0	Fully slide the bottom oven rack out.	robocasa_panda_omron/SlideOvenRack_PandaOmron_Env	100166	1300004	0	1			5		1	0	0.0	0.05	7	7	left	Fully slide the bottom oven rack out.	0	all_token_full	groot_n15_dit_block_residual_full_tokens_denoise	["layer","denoise_step","model_token","feature_dim"]	[7,4,49,1536]	[0,2,4,8,10,12,15]	n15_grid_v6_scene_jitter	grid_coord	meta	meta_json	375e3c46c962/worker1/OvenRack/out-left/s2/j1/n4/base
375e3c46c962	worker1	OvenRack/out-left	2	2	0	base	activation	c8cd2361ffe25af3	c8cd2361ffe25af360710f77d4902cc6582eaa671391adeb647d06190eeb863d	lerobot_groot_n15	n15	lerobot_groot_n15__robocasa365_ckpt120000		0	Fully slide the bottom oven rack out.	robocasa_panda_omron/SlideOvenRack_PandaOmron_Env	100166	1300000	0	1			5		1	0	0.0	0.1	7	7	left	Fully slide the bottom oven rack out.	0	all_token_full	groot_n15_dit_block_residual_full_tokens_denoise	["layer","denoise_step","model_token","feature_dim"]	[7,4,49,1536]	[0,2,4,8,10,12,15]	n15_grid_v6_scene_jitter	grid_coord	meta	meta_json	375e3c46c962/worker1/OvenRack/out-left/s2/j2/n0/base
375e3c46c962	worker1	OvenRack/out-left	2	2	1	base	activation	629fa03dedf1a888	629fa03dedf1a888d11d24453e72efd20be1cdf40127b16edf704fc3beb1225b	lerobot_groot_n15	n15	lerobot_groot_n15__robocasa365_ckpt120000		0	Fully slide the bottom oven rack out.	robocasa_panda_omron/SlideOvenRack_PandaOmron_Env	100166	1300001	0	1			5		1	0	0.0	0.1	7	7	left	Fully slide the bottom oven rack out.	0	all_token_full	groot_n15_dit_block_residual_full_tokens_denoise	["layer","denoise_step","model_token","feature_dim"]	[7,4,49,1536]	[0,2,4,8,10,12,15]	n15_grid_v6_scene_jitter	grid_coord	meta	meta_json	375e3c46c962/worker1/OvenRack/out-left/s2/j2/n1/base
375e3c46c962	worker1	OvenRack/out-left	2	2	2	base	activation	b98c3b0d3c489c8e	b98c3b0d3c489c8e137a0cf4575e39a4b668fe9fed3721ff9b77039325d7d352	lerobot_groot_n15	n15	lerobot_groot_n15__robocasa365_ckpt120000		0	Fully slide the bottom oven rack out.	robocasa_panda_omron/SlideOvenRack_PandaOmron_Env	100166	1300002	0	1			5		1	0	0.0	0.1	7	7	left	Fully slide the bottom oven rack out.	0	all_token_full	groot_n15_dit_block_residual_full_tokens_denoise	["layer","denoise_step","model_token","feature_dim"]	[7,4,49,1536]	[0,2,4,8,10,12,15]	n15_grid_v6_scene_jitter	grid_coord	meta	meta_json	375e3c46c962/worker1/OvenRack/out-left/s2/j2/n2/base
375e3c46c962	worker1	OvenRack/out-left	2	2	3	base	activation	5fedc0125d4f305c	5fedc0125d4f305c21637b310b7b46d65104985ea606a137c485fe1d37b27763	lerobot_groot_n15	n15	lerobot_groot_n15__robocasa365_ckpt120000		0	Fully slide the bottom oven rack out.	robocasa_panda_omron/SlideOvenRack_PandaOmron_Env	100166	1300003	0	1			5		1	0	0.0	0.1	7	7	left	Fully slide the bottom oven rack out.	0	all_token_full	groot_n15_dit_block_residual_full_tokens_denoise	["layer","denoise_step","model_token","feature_dim"]	[7,4,49,1536]	[0,2,4,8,10,12,15]	n15_grid_v6_scene_jitter	grid_coord	meta	meta_json	375e3c46c962/worker1/OvenRack/out-left/s2/j2/n3/base
375e3c46c962	worker1	OvenRack/out-left	2	2	4	base	activation	fcc8df5c01a0449d	fcc8df5c01a0449d2bfed68ae2a16834c1d9cd3ffdbcefb71e51f8b29a9f1778	lerobot_groot_n15	n15	lerobot_groot_n15__robocasa365_ckpt120000		0	Fully slide the bottom oven rack out.	robocasa_panda_omron/SlideOvenRack_PandaOmron_Env	100166	1300004	0	1			5		1	0	0.0	0.1	7	7	left	Fully slide the bottom oven rack out.	0	all_token_full	groot_n15_dit_block_residual_full_tokens_denoise	["layer","denoise_step","model_token","feature_dim"]	[7,4,49,1536]	[0,2,4,8,10,12,15]	n15_grid_v6_scene_jitter	grid_coord	meta	meta_json	375e3c46c962/worker1/OvenRack/out-left/s2/j2/n4/base
375e3c46c962	worker1	OvenRack/out-left	2	3	0	base	activation	8b415d8ffea15b60	8b415d8ffea15b606f71712b610956e9416f806cb27e9bca9bc8a5d273263193	lerobot_groot_n15	n15	lerobot_groot_n15__robocasa365_ckpt120000		0	Fully slide the bottom oven rack out.	robocasa_panda_omron/SlideOvenRack_PandaOmron_Env	100166	1300000	0	1			5		1	0	0.05	0.1	7	7	left	Fully slide the bottom oven rack out.	0	all_token_full	groot_n15_dit_block_residual_full_tokens_denoise	["layer","denoise_step","model_token","feature_dim"]	[7,4,49,1536]	[0,2,4,8,10,12,15]	n15_grid_v6_scene_jitter	grid_coord	meta	meta_json	375e3c46c962/worker1/OvenRack/out-left/s2/j3/n0/base
375e3c46c962	worker1	OvenRack/out-left	2	3	1	base	activation	d8910318c8010db5	d8910318c8010db55fcb55b01269706fd9e648763fa08327ffe34a8515861af8	lerobot_groot_n15	n15	lerobot_groot_n15__robocasa365_ckpt120000		0	Fully slide the bottom oven rack out.	robocasa_panda_omron/SlideOvenRack_PandaOmron_Env	100166	1300001	0	1			5		1	0	0.05	0.1	7	7	left	Fully slide the bottom oven rack out.	0	all_token_full	groot_n15_dit_block_residual_full_tokens_denoise	["layer","denoise_step","model_token","feature_dim"]	[7,4,49,1536]	[0,2,4,8,10,12,15]	n15_grid_v6_scene_jitter	grid_coord	meta	meta_json	375e3c46c962/worker1/OvenRack/out-left/s2/j3/n1/base
375e3c46c962	worker1	OvenRack/out-left	2	3	2	base	activation	63676cc4b4b33d0f	63676cc4b4b33d0f57b1ab987f094e954988c244f42ecee031a737bc2a1ebbf9	lerobot_groot_n15	n15	lerobot_groot_n15__robocasa365_ckpt120000		0	Fully slide the bottom oven rack out.	robocasa_panda_omron/SlideOvenRack_PandaOmron_Env	100166	1300002	0	1			5		1	0	0.05	0.1	7	7	left	Fully slide the bottom oven rack out.	0	all_token_full	groot_n15_dit_block_residual_full_tokens_denoise	["layer","denoise_step","model_token","feature_dim"]	[7,4,49,1536]	[0,2,4,8,10,12,15]	n15_grid_v6_scene_jitter	grid_coord	meta	meta_json	375e3c46c962/worker1/OvenRack/out-left/s2/j3/n2/base
375e3c46c962	worker1	OvenRack/out-left	2	3	3	base	activation	9de2ad7fb8a4e817	9de2ad7fb8a4e8174357bad1e9251a9bb1b3e9a0f4d7e1231c5a64a897e4f5d8	lerobot_groot_n15	n15	lerobot_groot_n15__robocasa365_ckpt120000		0	Fully slide the bottom oven rack out.	robocasa_panda_omron/SlideOvenRack_PandaOmron_Env	100166	1300003	0	1			5		1	0	0.05	0.1	7	7	left	Fully slide the bottom oven rack out.	0	all_token_full	groot_n15_dit_block_residual_full_tokens_denoise	["layer","denoise_step","model_token","feature_dim"]	[7,4,49,1536]	[0,2,4,8,10,12,15]	n15_grid_v6_scene_jitter	grid_coord	meta	meta_json	375e3c46c962/worker1/OvenRack/out-left/s2/j3/n3/base
375e3c46c962	worker1	OvenRack/out-left	2	3	4	base	activation	cba8ab358dfea59b	cba8ab358dfea59b7b5afb1baca766f47a8802aa365031ff8ae702256183983a	lerobot_groot_n15	n15	lerobot_groot_n15__robocasa365_ckpt120000		0	Fully slide the bottom oven rack out.	robocasa_panda_omron/SlideOvenRack_PandaOmron_Env	100166	1300004	0	1			5		1	0	0.05	0.1	7	7	left	Fully slide the bottom oven rack out.	0	all_token_full	groot_n15_dit_block_residual_full_tokens_denoise	["layer","denoise_step","model_token","feature_dim"]	[7,4,49,1536]	[0,2,4,8,10,12,15]	n15_grid_v6_scene_jitter	grid_coord	meta	meta_json	375e3c46c962/worker1/OvenRack/out-left/s2/j3/n4/base
375e3c46c962	worker1	OvenRack/out-left	2	4	0	base	activation	1d3594ca6c3c3969	1d3594ca6c3c39690b8ab269879f6a035df2cb70c658fbd739de652d340b61eb	lerobot_groot_n15	n15	lerobot_groot_n15__robocasa365_ckpt120000		0	Fully slide the bottom oven rack out.	robocasa_panda_omron/SlideOvenRack_PandaOmron_Env	100166	1300000	0	1			5		1	0	0.05	0.15	7	7	left	Fully slide the bottom oven rack out.	0	all_token_full	groot_n15_dit_block_residual_full_tokens_denoise	["layer","denoise_step","model_token","feature_dim"]	[7,4,49,1536]	[0,2,4,8,10,12,15]	n15_grid_v6_scene_jitter	grid_coord	meta	meta_json	375e3c46c962/worker1/OvenRack/out-left/s2/j4/n0/base
375e3c46c962	worker1	OvenRack/out-left	2	4	1	base	activation	f8d072670d44ed69	f8d072670d44ed69e02cae9e3dcd97df9691bf502505911ae520ce442813c572	lerobot_groot_n15	n15	lerobot_groot_n15__robocasa365_ckpt120000		0	Fully slide the bottom oven rack out.	robocasa_panda_omron/SlideOvenRack_PandaOmron_Env	100166	1300001	0	1			5		1	0	0.05	0.15	7	7	left	Fully slide the bottom oven rack out.	0	all_token_full	groot_n15_dit_block_residual_full_tokens_denoise	["layer","denoise_step","model_token","feature_dim"]	[7,4,49,1536]	[0,2,4,8,10,12,15]	n15_grid_v6_scene_jitter	grid_coord	meta	meta_json	375e3c46c962/worker1/OvenRack/out-left/s2/j4/n1/base
375e3c46c962	worker1	OvenRack/out-left	2	4	2	base	activation	52fd0db8383b4503	52fd0db8383b4503d07766b3b5b1ee1a257e8a3ba969c09f4960eccc40077c0d	lerobot_groot_n15	n15	lerobot_groot_n15__robocasa365_ckpt120000		0	Fully slide the bottom oven rack out.	robocasa_panda_omron/SlideOvenRack_PandaOmron_Env	100166	1300002	0	1			5		1	0	0.05	0.15	7	7	left	Fully slide the bottom oven rack out.	0	all_token_full	groot_n15_dit_block_residual_full_tokens_denoise	["layer","denoise_step","model_token","feature_dim"]	[7,4,49,1536]	[0,2,4,8,10,12,15]	n15_grid_v6_scene_jitter	grid_coord	meta	meta_json	375e3c46c962/worker1/OvenRack/out-left/s2/j4/n2/base
375e3c46c962	worker1	OvenRack/out-left	2	4	3	base	activation	67dfcf6097b5474b	67dfcf6097b5474b714d06bc2c1455acc17f5d5c50995c9cf888d10313eb06f8	lerobot_groot_n15	n15	lerobot_groot_n15__robocasa365_ckpt120000		0	Fully slide the bottom oven rack out.	robocasa_panda_omron/SlideOvenRack_PandaOmron_Env	100166	1300003	0	1			5		1	0	0.05	0.15	7	7	left	Fully slide the bottom oven rack out.	0	all_token_full	groot_n15_dit_block_residual_full_tokens_denoise	["layer","denoise_step","model_token","feature_dim"]	[7,4,49,1536]	[0,2,4,8,10,12,15]	n15_grid_v6_scene_jitter	grid_coord	meta	meta_json	375e3c46c962/worker1/OvenRack/out-left/s2/j4/n3/base
375e3c46c962	worker1	OvenRack/out-left	2	4	4	base	activation	17ba9a0767f75d4a	17ba9a0767f75d4a552426ed6a5b0c1ddefb0078e6a9ea5fbf0dd13bee638728	lerobot_groot_n15	n15	lerobot_groot_n15__robocasa365_ckpt120000		0	Fully slide the bottom oven rack out.	robocasa_panda_omron/SlideOvenRack_PandaOmron_Env	100166	1300004	0	1			5		1	0	0.05	0.15	7	7	left	Fully slide the bottom oven rack out.	0	all_token_full	groot_n15_dit_block_residual_full_tokens_denoise	["layer","denoise_step","model_token","feature_dim"]	[7,4,49,1536]	[0,2,4,8,10,12,15]	n15_grid_v6_scene_jitter	grid_coord	meta	meta_json	375e3c46c962/worker1/OvenRack/out-left/s2/j4/n4/base
375e3c46c962	worker1	OvenRack/out-right	0	0	0	base	activation	cc06637a042bf6f7	cc06637a042bf6f706bfa229c935ecaab626996c8b29cd935a56197082ff0adc	lerobot_groot_n15	n15	lerobot_groot_n15__robocasa365_ckpt120000		0	Fully slide the oven rack out.	robocasa_panda_omron/SlideOvenRack_PandaOmron_Env	100690	1300000	0	0			5		1	0	0.0	0.0	4	4	right	Fully slide the oven rack out.	0	all_token_full	groot_n15_dit_block_residual_full_tokens_denoise	["layer","denoise_step","model_token","feature_dim"]	[7,4,49,1536]	[0,2,4,8,10,12,15]	n15_grid_v6_scene_jitter	grid_coord	meta	meta_json	375e3c46c962/worker1/OvenRack/out-right/s0/j0/n0/base
375e3c46c962	worker1	OvenRack/out-right	0	0	1	base	activation	06d2540be0e1ead1	06d2540be0e1ead1f518106d1ef07d1f842e1511f3f536fb9417cea5f7997d18	lerobot_groot_n15	n15	lerobot_groot_n15__robocasa365_ckpt120000		0	Fully slide the oven rack out.	robocasa_panda_omron/SlideOvenRack_PandaOmron_Env	100690	1300001	0	0			5		1	0	0.0	0.0	4	4	right	Fully slide the oven rack out.	0	all_token_full	groot_n15_dit_block_residual_full_tokens_denoise	["layer","denoise_step","model_token","feature_dim"]	[7,4,49,1536]	[0,2,4,8,10,12,15]	n15_grid_v6_scene_jitter	grid_coord	meta	meta_json	375e3c46c962/worker1/OvenRack/out-right/s0/j0/n1/base
375e3c46c962	worker1	OvenRack/out-right	0	0	2	base	activation	fc2835d611774913	fc2835d6117749130fcecc4e5560fba64b2817f22f67c2bc231cf7006813179f	lerobot_groot_n15	n15	lerobot_groot_n15__robocasa365_ckpt120000		0	Fully slide the oven rack out.	robocasa_panda_omron/SlideOvenRack_PandaOmron_Env	100690	1300002	0	0			5		1	0	0.0	0.0	4	4	right	Fully slide the oven rack out.	0	all_token_full	groot_n15_dit_block_residual_full_tokens_denoise	["layer","denoise_step","model_token","feature_dim"]	[7,4,49,1536]	[0,2,4,8,10,12,15]	n15_grid_v6_scene_jitter	grid_coord	meta	meta_json	375e3c46c962/worker1/OvenRack/out-right/s0/j0/n2/base
375e3c46c962	worker1	OvenRack/out-right	0	0	3	base	activation	d64112cb4b18e4d3	d64112cb4b18e4d30c421b8a28d97ca1ddfd24ca430eed3a2d76e0ef154c5f17	lerobot_groot_n15	n15	lerobot_groot_n15__robocasa365_ckpt120000		0	Fully slide the oven rack out.	robocasa_panda_omron/SlideOvenRack_PandaOmron_Env	100690	1300003	0	0			5		1	0	0.0	0.0	4	4	right	Fully slide the oven rack out.	0	all_token_full	groot_n15_dit_block_residual_full_tokens_denoise	["layer","denoise_step","model_token","feature_dim"]	[7,4,49,1536]	[0,2,4,8,10,12,15]	n15_grid_v6_scene_jitter	grid_coord	meta	meta_json	375e3c46c962/worker1/OvenRack/out-right/s0/j0/n3/base
375e3c46c962	worker1	OvenRack/out-right	0	0	4	base	activation	03fb926f0505e38c	03fb926f0505e38c2ee64c3cb9ca9e7bc173b54f9bb570ae1c21518c1eb9de76	lerobot_groot_n15	n15	lerobot_groot_n15__robocasa365_ckpt120000		0	Fully slide the oven rack out.	robocasa_panda_omron/SlideOvenRack_PandaOmron_Env	100690	1300004	0	0			5		1	0	0.0	0.0	4	4	right	Fully slide the oven rack out.	0	all_token_full	groot_n15_dit_block_residual_full_tokens_denoise	["layer","denoise_step","model_token","feature_dim"]	[7,4,49,1536]	[0,2,4,8,10,12,15]	n15_grid_v6_scene_jitter	grid_coord	meta	meta_json	375e3c46c962/worker1/OvenRack/out-right/s0/j0/n4/base
375e3c46c962	worker1	OvenRack/out-right	0	1	0	base	activation	fc747ef31e2b41f6	fc747ef31e2b41f630c593d38d84d1116bc6c0d7155794ebec3c4ab038f05821	lerobot_groot_n15	n15	lerobot_groot_n15__robocasa365_ckpt120000		0	Fully slide the oven rack out.	robocasa_panda_omron/SlideOvenRack_PandaOmron_Env	100690	1300000	0	0			5		1	0	0.0	0.05	4	4	right	Fully slide the oven rack out.	0	all_token_full	groot_n15_dit_block_residual_full_tokens_denoise	["layer","denoise_step","model_token","feature_dim"]	[7,4,49,1536]	[0,2,4,8,10,12,15]	n15_grid_v6_scene_jitter	grid_coord	meta	meta_json	375e3c46c962/worker1/OvenRack/out-right/s0/j1/n0/base
375e3c46c962	worker1	OvenRack/out-right	0	1	1	base	activation	d46d9aeb1ad309f0	d46d9aeb1ad309f0f9c457df6ef61c868f60fb742542216c98af4428b23c8942	lerobot_groot_n15	n15	lerobot_groot_n15__robocasa365_ckpt120000		0	Fully slide the oven rack out.	robocasa_panda_omron/SlideOvenRack_PandaOmron_Env	100690	1300001	0	0			5		1	0	0.0	0.05	4	4	right	Fully slide the oven rack out.	0	all_token_full	groot_n15_dit_block_residual_full_tokens_denoise	["layer","denoise_step","model_token","feature_dim"]	[7,4,49,1536]	[0,2,4,8,10,12,15]	n15_grid_v6_scene_jitter	grid_coord	meta	meta_json	375e3c46c962/worker1/OvenRack/out-right/s0/j1/n1/base
375e3c46c962	worker1	OvenRack/out-right	0	1	2	base	activation	f1ae2cd5722c2695	f1ae2cd5722c2695bfa71d66c8679257c2e180d2f09fbb3a68fddc08c56568cd	lerobot_groot_n15	n15	lerobot_groot_n15__robocasa365_ckpt120000		0	Fully slide the oven rack out.	robocasa_panda_omron/SlideOvenRack_PandaOmron_Env	100690	1300002	0	0			5		1	0	0.0	0.05	4	4	right	Fully slide the oven rack out.	0	all_token_full	groot_n15_dit_block_residual_full_tokens_denoise	["layer","denoise_step","model_token","feature_dim"]	[7,4,49,1536]	[0,2,4,8,10,12,15]	n15_grid_v6_scene_jitter	grid_coord	meta	meta_json	375e3c46c962/worker1/OvenRack/out-right/s0/j1/n2/base
375e3c46c962	worker1	OvenRack/out-right	0	1	3	base	activation	c9b6da8d78fc9a3d	c9b6da8d78fc9a3d7ee10726c80b9f86618c85a0449b9d984db0413acfc0c2ef	lerobot_groot_n15	n15	lerobot_groot_n15__robocasa365_ckpt120000		0	Fully slide the oven rack out.	robocasa_panda_omron/SlideOvenRack_PandaOmron_Env	100690	1300003	0	0			5		1	0	0.0	0.05	4	4	right	Fully slide the oven rack out.	0	all_token_full	groot_n15_dit_block_residual_full_tokens_denoise	["layer","denoise_step","model_token","feature_dim"]	[7,4,49,1536]	[0,2,4,8,10,12,15]	n15_grid_v6_scene_jitter	grid_coord	meta	meta_json	375e3c46c962/worker1/OvenRack/out-right/s0/j1/n3/base
375e3c46c962	worker1	OvenRack/out-right	0	1	4	base	activation	661c14c63030addd	661c14c63030adddc9763e90733f0edf9ee0ee771637dbcaedb3311310b2b7a4	lerobot_groot_n15	n15	lerobot_groot_n15__robocasa365_ckpt120000		0	Fully slide the oven rack out.	robocasa_panda_omron/SlideOvenRack_PandaOmron_Env	100690	1300004	0	0			5		1	0	0.0	0.05	4	4	right	Fully slide the oven rack out.	0	all_token_full	groot_n15_dit_block_residual_full_tokens_denoise	["layer","denoise_step","model_token","feature_dim"]	[7,4,49,1536]	[0,2,4,8,10,12,15]	n15_grid_v6_scene_jitter	grid_coord	meta	meta_json	375e3c46c962/worker1/OvenRack/out-right/s0/j1/n4/base
375e3c46c962	worker1	OvenRack/out-right	0	2	0	base	activation	98ea7bc0e17e9884	98ea7bc0e17e988455f9fc6ae29f66f75b28c8fa0a151e3592104d4f60ed82c6	lerobot_groot_n15	n15	lerobot_groot_n15__robocasa365_ckpt120000		0	Fully slide the oven rack out.	robocasa_panda_omron/SlideOvenRack_PandaOmron_Env	100690	1300000	0	0			5		1	0	0.0	0.1	4	4	right	Fully slide the oven rack out.	0	all_token_full	groot_n15_dit_block_residual_full_tokens_denoise	["layer","denoise_step","model_token","feature_dim"]	[7,4,49,1536]	[0,2,4,8,10,12,15]	n15_grid_v6_scene_jitter	grid_coord	meta	meta_json	375e3c46c962/worker1/OvenRack/out-right/s0/j2/n0/base
375e3c46c962	worker1	OvenRack/out-right	0	2	1	base	activation	efa45f4a83c8fc11	efa45f4a83c8fc112201e7b97f1a0302447c67d3b411252250cb84feaf50777b	lerobot_groot_n15	n15	lerobot_groot_n15__robocasa365_ckpt120000		0	Fully slide the oven rack out.	robocasa_panda_omron/SlideOvenRack_PandaOmron_Env	100690	1300001	0	0			5		1	0	0.0	0.1	4	4	right	Fully slide the oven rack out.	0	all_token_full	groot_n15_dit_block_residual_full_tokens_denoise	["layer","denoise_step","model_token","feature_dim"]	[7,4,49,1536]	[0,2,4,8,10,12,15]	n15_grid_v6_scene_jitter	grid_coord	meta	meta_json	375e3c46c962/worker1/OvenRack/out-right/s0/j2/n1/base
375e3c46c962	worker1	OvenRack/out-right	0	2	2	base	activation	a5969982afb02239	a5969982afb0223976c45387044610d21bf34a73a2653bee561370d2de431405	lerobot_groot_n15	n15	lerobot_groot_n15__robocasa365_ckpt120000		0	Fully slide the oven rack out.	robocasa_panda_omron/SlideOvenRack_PandaOmron_Env	100690	1300002	0	0			5		1	0	0.0	0.1	4	4	right	Fully slide the oven rack out.	0	all_token_full	groot_n15_dit_block_residual_full_tokens_denoise	["layer","denoise_step","model_token","feature_dim"]	[7,4,49,1536]	[0,2,4,8,10,12,15]	n15_grid_v6_scene_jitter	grid_coord	meta	meta_json	375e3c46c962/worker1/OvenRack/out-right/s0/j2/n2/base
375e3c46c962	worker1	OvenRack/out-right	0	2	3	base	activation	3519e9fb8016b8fa	3519e9fb8016b8fa3aba6f93d80c7bdca6c08ce0f16b21554de05359d7ae11f8	lerobot_groot_n15	n15	lerobot_groot_n15__robocasa365_ckpt120000		0	Fully slide the oven rack out.	robocasa_panda_omron/SlideOvenRack_PandaOmron_Env	100690	1300003	0	0			5		1	0	0.0	0.1	4	4	right	Fully slide the oven rack out.	0	all_token_full	groot_n15_dit_block_residual_full_tokens_denoise	["layer","denoise_step","model_token","feature_dim"]	[7,4,49,1536]	[0,2,4,8,10,12,15]	n15_grid_v6_scene_jitter	grid_coord	meta	meta_json	375e3c46c962/worker1/OvenRack/out-right/s0/j2/n3/base
375e3c46c962	worker1	OvenRack/out-right	0	2	4	base	activation	c6100a8d1e3dc83a	c6100a8d1e3dc83afde2707078d0e0011a27257337fd545c4230075e06f06bdf	lerobot_groot_n15	n15	lerobot_groot_n15__robocasa365_ckpt120000		0	Fully slide the oven rack out.	robocasa_panda_omron/SlideOvenRack_PandaOmron_Env	100690	1300004	0	0			5		1	0	0.0	0.1	4	4	right	Fully slide the oven rack out.	0	all_token_full	groot_n15_dit_block_residual_full_tokens_denoise	["layer","denoise_step","model_token","feature_dim"]	[7,4,49,1536]	[0,2,4,8,10,12,15]	n15_grid_v6_scene_jitter	grid_coord	meta	meta_json	375e3c46c962/worker1/OvenRack/out-right/s0/j2/n4/base
375e3c46c962	worker1	OvenRack/out-right	0	3	0	base	activation	eb918f39d5d056b1	eb918f39d5d056b1c02ac08f9a1d8a75305d25c5ff32b70509c2fb5c0c586ac7	lerobot_groot_n15	n15	lerobot_groot_n15__robocasa365_ckpt120000		0	Fully slide the oven rack out.	robocasa_panda_omron/SlideOvenRack_PandaOmron_Env	100690	1300000	0	0			5		1	0	0.05	0.1	4	4	right	Fully slide the oven rack out.	0	all_token_full	groot_n15_dit_block_residual_full_tokens_denoise	["layer","denoise_step","model_token","feature_dim"]	[7,4,49,1536]	[0,2,4,8,10,12,15]	n15_grid_v6_scene_jitter	grid_coord	meta	meta_json	375e3c46c962/worker1/OvenRack/out-right/s0/j3/n0/base
375e3c46c962	worker1	OvenRack/out-right	0	3	1	base	activation	cf7afc93f2b8c32a	cf7afc93f2b8c32ae407ea4b2e0dcd2ac1acbcb66c7359314400d82b28b1c60b	lerobot_groot_n15	n15	lerobot_groot_n15__robocasa365_ckpt120000		0	Fully slide the oven rack out.	robocasa_panda_omron/SlideOvenRack_PandaOmron_Env	100690	1300001	0	0			5		1	0	0.05	0.1	4	4	right	Fully slide the oven rack out.	0	all_token_full	groot_n15_dit_block_residual_full_tokens_denoise	["layer","denoise_step","model_token","feature_dim"]	[7,4,49,1536]	[0,2,4,8,10,12,15]	n15_grid_v6_scene_jitter	grid_coord	meta	meta_json	375e3c46c962/worker1/OvenRack/out-right/s0/j3/n1/base
375e3c46c962	worker1	OvenRack/out-right	0	3	2	base	activation	f1d12ecfbb41e4f5	f1d12ecfbb41e4f5d0370a6f2d93f187f2b73dce8a414be77dd908da9a1fcfad	lerobot_groot_n15	n15	lerobot_groot_n15__robocasa365_ckpt120000		0	Fully slide the oven rack out.	robocasa_panda_omron/SlideOvenRack_PandaOmron_Env	100690	1300002	0	0			5		1	0	0.05	0.1	4	4	right	Fully slide the oven rack out.	0	all_token_full	groot_n15_dit_block_residual_full_tokens_denoise	["layer","denoise_step","model_token","feature_dim"]	[7,4,49,1536]	[0,2,4,8,10,12,15]	n15_grid_v6_scene_jitter	grid_coord	meta	meta_json	375e3c46c962/worker1/OvenRack/out-right/s0/j3/n2/base
375e3c46c962	worker1	OvenRack/out-right	0	3	3	base	activation	9ad441a2ba1686f6	9ad441a2ba1686f63400cec5dfdafb1b6e8f82581a0f9eb3eca3e9c1d9e6a2f4	lerobot_groot_n15	n15	lerobot_groot_n15__robocasa365_ckpt120000		0	Fully slide the oven rack out.	robocasa_panda_omron/SlideOvenRack_PandaOmron_Env	100690	1300003	0	0			5		1	0	0.05	0.1	4	4	right	Fully slide the oven rack out.	0	all_token_full	groot_n15_dit_block_residual_full_tokens_denoise	["layer","denoise_step","model_token","feature_dim"]	[7,4,49,1536]	[0,2,4,8,10,12,15]	n15_grid_v6_scene_jitter	grid_coord	meta	meta_json	375e3c46c962/worker1/OvenRack/out-right/s0/j3/n3/base
375e3c46c962	worker1	OvenRack/out-right	0	3	4	base	activation	203aa8185d28f6b9	203aa8185d28f6b9b430393248548d9bdda26d433349659a3682588a0b8309c7	lerobot_groot_n15	n15	lerobot_groot_n15__robocasa365_ckpt120000		0	Fully slide the oven rack out.	robocasa_panda_omron/SlideOvenRack_PandaOmron_Env	100690	1300004	0	0			5		1	0	0.05	0.1	4	4	right	Fully slide the oven rack out.	0	all_token_full	groot_n15_dit_block_residual_full_tokens_denoise	["layer","denoise_step","model_token","feature_dim"]	[7,4,49,1536]	[0,2,4,8,10,12,15]	n15_grid_v6_scene_jitter	grid_coord	meta	meta_json	375e3c46c962/worker1/OvenRack/out-right/s0/j3/n4/base
375e3c46c962	worker1	OvenRack/out-right	0	4	0	base	activation	6cb2e00ec5018cc0	6cb2e00ec5018cc0bf16c9ed48b9c52abf6e8109b9a091dfd027ef407a6143cb	lerobot_groot_n15	n15	lerobot_groot_n15__robocasa365_ckpt120000		0	Fully slide the oven rack out.	robocasa_panda_omron/SlideOvenRack_PandaOmron_Env	100690	1300000	0	0			5		1	0	0.05	0.15	4	4	right	Fully slide the oven rack out.	0	all_token_full	groot_n15_dit_block_residual_full_tokens_denoise	["layer","denoise_step","model_token","feature_dim"]	[7,4,49,1536]	[0,2,4,8,10,12,15]	n15_grid_v6_scene_jitter	grid_coord	meta	meta_json	375e3c46c962/worker1/OvenRack/out-right/s0/j4/n0/base
375e3c46c962	worker1	OvenRack/out-right	0	4	1	base	activation	6c9a5f11939f56ff	6c9a5f11939f56ff2d417d931aa27a3714c963997f9f338e322002dcb732c55a	lerobot_groot_n15	n15	lerobot_groot_n15__robocasa365_ckpt120000		0	Fully slide the oven rack out.	robocasa_panda_omron/SlideOvenRack_PandaOmron_Env	100690	1300001	0	0			5		1	0	0.05	0.15	4	4	right	Fully slide the oven rack out.	0	all_token_full	groot_n15_dit_block_residual_full_tokens_denoise	["layer","denoise_step","model_token","feature_dim"]	[7,4,49,1536]	[0,2,4,8,10,12,15]	n15_grid_v6_scene_jitter	grid_coord	meta	meta_json	375e3c46c962/worker1/OvenRack/out-right/s0/j4/n1/base
375e3c46c962	worker1	OvenRack/out-right	0	4	2	base	activation	829bb545e30c72c8	829bb545e30c72c809c1dcef035deef4e879222b4e2c5286a28f263302a3e512	lerobot_groot_n15	n15	lerobot_groot_n15__robocasa365_ckpt120000		0	Fully slide the oven rack out.	robocasa_panda_omron/SlideOvenRack_PandaOmron_Env	100690	1300002	0	0			5		1	0	0.05	0.15	4	4	right	Fully slide the oven rack out.	0	all_token_full	groot_n15_dit_block_residual_full_tokens_denoise	["layer","denoise_step","model_token","feature_dim"]	[7,4,49,1536]	[0,2,4,8,10,12,15]	n15_grid_v6_scene_jitter	grid_coord	meta	meta_json	375e3c46c962/worker1/OvenRack/out-right/s0/j4/n2/base
375e3c46c962	worker1	OvenRack/out-right	0	4	3	base	activation	8be6caaf17ff2124	8be6caaf17ff2124a4c80506c9135fb26eee4d1a5642247c81e5c8b7297406f1	lerobot_groot_n15	n15	lerobot_groot_n15__robocasa365_ckpt120000		0	Fully slide the oven rack out.	robocasa_panda_omron/SlideOvenRack_PandaOmron_Env	100690	1300003	0	0			5		1	0	0.05	0.15	4	4	right	Fully slide the oven rack out.	0	all_token_full	groot_n15_dit_block_residual_full_tokens_denoise	["layer","denoise_step","model_token","feature_dim"]	[7,4,49,1536]	[0,2,4,8,10,12,15]	n15_grid_v6_scene_jitter	grid_coord	meta	meta_json	375e3c46c962/worker1/OvenRack/out-right/s0/j4/n3/base
375e3c46c962	worker1	OvenRack/out-right	0	4	4	base	activation	02cba208516e0c77	02cba208516e0c777cb20a94792801df07d687e13db61c5a725e2c1370489edd	lerobot_groot_n15	n15	lerobot_groot_n15__robocasa365_ckpt120000		0	Fully slide the oven rack out.	robocasa_panda_omron/SlideOvenRack_PandaOmron_Env	100690	1300004	0	0			5		1	0	0.05	0.15	4	4	right	Fully slide the oven rack out.	0	all_token_full	groot_n15_dit_block_residual_full_tokens_denoise	["layer","denoise_step","model_token","feature_dim"]	[7,4,49,1536]	[0,2,4,8,10,12,15]	n15_grid_v6_scene_jitter	grid_coord	meta	meta_json	375e3c46c962/worker1/OvenRack/out-right/s0/j4/n4/base
375e3c46c962	worker1	OvenRack/out-right	1	0	0	base	activation	8a369fafb3e0b1d9	8a369fafb3e0b1d9e8e3c4b1e9df6d12f5b76b6b26f5be5d85a02d62c984e150	lerobot_groot_n15	n15	lerobot_groot_n15__robocasa365_ckpt120000		0	Fully slide the bottom oven rack out.	robocasa_panda_omron/SlideOvenRack_PandaOmron_Env	100188	1300000	0	1			5		1	0	0.0	0.0	9	9	right	Fully slide the bottom oven rack out.	0	all_token_full	groot_n15_dit_block_residual_full_tokens_denoise	["layer","denoise_step","model_token","feature_dim"]	[7,4,49,1536]	[0,2,4,8,10,12,15]	n15_grid_v6_scene_jitter	grid_coord	meta	meta_json	375e3c46c962/worker1/OvenRack/out-right/s1/j0/n0/base
375e3c46c962	worker1	OvenRack/out-right	1	0	1	base	activation	f86f2c07fc5baaa2	f86f2c07fc5baaa2e7c1f580b69860a6fe09501e2fe0e4ffbdc86b491fe3ef0c	lerobot_groot_n15	n15	lerobot_groot_n15__robocasa365_ckpt120000		0	Fully slide the bottom oven rack out.	robocasa_panda_omron/SlideOvenRack_PandaOmron_Env	100188	1300001	0	1			5		1	0	0.0	0.0	9	9	right	Fully slide the bottom oven rack out.	0	all_token_full	groot_n15_dit_block_residual_full_tokens_denoise	["layer","denoise_step","model_token","feature_dim"]	[7,4,49,1536]	[0,2,4,8,10,12,15]	n15_grid_v6_scene_jitter	grid_coord	meta	meta_json	375e3c46c962/worker1/OvenRack/out-right/s1/j0/n1/base
375e3c46c962	worker1	OvenRack/out-right	1	0	2	base	activation	33f5f77b32558c73	33f5f77b32558c73585d9bb142b154502d488d72e1d0efa92ddd00039972fdfc	lerobot_groot_n15	n15	lerobot_groot_n15__robocasa365_ckpt120000		0	Fully slide the bottom oven rack out.	robocasa_panda_omron/SlideOvenRack_PandaOmron_Env	100188	1300002	0	1			5		1	0	0.0	0.0	9	9	right	Fully slide the bottom oven rack out.	0	all_token_full	groot_n15_dit_block_residual_full_tokens_denoise	["layer","denoise_step","model_token","feature_dim"]	[7,4,49,1536]	[0,2,4,8,10,12,15]	n15_grid_v6_scene_jitter	grid_coord	meta	meta_json	375e3c46c962/worker1/OvenRack/out-right/s1/j0/n2/base
375e3c46c962	worker1	OvenRack/out-right	1	0	3	base	activation	6b6d7fe8925e86ac	6b6d7fe8925e86acd3d1d7d345cb5ee7116535088f9bdb162f69147ebc00f4df	lerobot_groot_n15	n15	lerobot_groot_n15__robocasa365_ckpt120000		0	Fully slide the bottom oven rack out.	robocasa_panda_omron/SlideOvenRack_PandaOmron_Env	100188	1300003	0	1			5		1	0	0.0	0.0	9	9	right	Fully slide the bottom oven rack out.	0	all_token_full	groot_n15_dit_block_residual_full_tokens_denoise	["layer","denoise_step","model_token","feature_dim"]	[7,4,49,1536]	[0,2,4,8,10,12,15]	n15_grid_v6_scene_jitter	grid_coord	meta	meta_json	375e3c46c962/worker1/OvenRack/out-right/s1/j0/n3/base
375e3c46c962	worker1	OvenRack/out-right	1	0	4	base	activation	d042009f61c98831	d042009f61c988319023065c9b9946a7e9ff8d218cf946ecc64852e358655df4	lerobot_groot_n15	n15	lerobot_groot_n15__robocasa365_ckpt120000		0	Fully slide the bottom oven rack out.	robocasa_panda_omron/SlideOvenRack_PandaOmron_Env	100188	1300004	0	1			5		1	0	0.0	0.0	9	9	right	Fully slide the bottom oven rack out.	0	all_token_full	groot_n15_dit_block_residual_full_tokens_denoise	["layer","denoise_step","model_token","feature_dim"]	[7,4,49,1536]	[0,2,4,8,10,12,15]	n15_grid_v6_scene_jitter	grid_coord	meta	meta_json	375e3c46c962/worker1/OvenRack/out-right/s1/j0/n4/base
375e3c46c962	worker1	OvenRack/out-right	1	1	0	base	activation	1bd20d8364b11bcc	1bd20d8364b11bcc6ee252183ce31ef8fb0524b78cb9e7a8243a9ff221d1e333	lerobot_groot_n15	n15	lerobot_groot_n15__robocasa365_ckpt120000		0	Fully slide the bottom oven rack out.	robocasa_panda_omron/SlideOvenRack_PandaOmron_Env	100188	1300000	0	1			5		1	0	0.0	0.05	9	9	right	Fully slide the bottom oven rack out.	0	all_token_full	groot_n15_dit_block_residual_full_tokens_denoise	["layer","denoise_step","model_token","feature_dim"]	[7,4,49,1536]	[0,2,4,8,10,12,15]	n15_grid_v6_scene_jitter	grid_coord	meta	meta_json	375e3c46c962/worker1/OvenRack/out-right/s1/j1/n0/base
375e3c46c962	worker1	OvenRack/out-right	1	1	1	base	activation	e40d51e0a1d84ceb	e40d51e0a1d84cebe9e62118dd8cbdabb33c33769b5b75a1839ddb744353109b	lerobot_groot_n15	n15	lerobot_groot_n15__robocasa365_ckpt120000		0	Fully slide the bottom oven rack out.	robocasa_panda_omron/SlideOvenRack_PandaOmron_Env	100188	1300001	0	1			5		1	0	0.0	0.05	9	9	right	Fully slide the bottom oven rack out.	0	all_token_full	groot_n15_dit_block_residual_full_tokens_denoise	["layer","denoise_step","model_token","feature_dim"]	[7,4,49,1536]	[0,2,4,8,10,12,15]	n15_grid_v6_scene_jitter	grid_coord	meta	meta_json	375e3c46c962/worker1/OvenRack/out-right/s1/j1/n1/base
375e3c46c962	worker1	OvenRack/out-right	1	1	2	base	activation	60b5b7abe831852f	60b5b7abe831852fd7044d8eea9b63c97a395759bcc807b7f21347b7723c9fd6	lerobot_groot_n15	n15	lerobot_groot_n15__robocasa365_ckpt120000		0	Fully slide the bottom oven rack out.	robocasa_panda_omron/SlideOvenRack_PandaOmron_Env	100188	1300002	0	1			5		1	0	0.0	0.05	9	9	right	Fully slide the bottom oven rack out.	0	all_token_full	groot_n15_dit_block_residual_full_tokens_denoise	["layer","denoise_step","model_token","feature_dim"]	[7,4,49,1536]	[0,2,4,8,10,12,15]	n15_grid_v6_scene_jitter	grid_coord	meta	meta_json	375e3c46c962/worker1/OvenRack/out-right/s1/j1/n2/base
375e3c46c962	worker1	OvenRack/out-right	1	1	3	base	activation	b4d1d2c9d415170e	b4d1d2c9d415170eb5d519958d019457d42fd809df35944a63c9d1742a856916	lerobot_groot_n15	n15	lerobot_groot_n15__robocasa365_ckpt120000		0	Fully slide the bottom oven rack out.	robocasa_panda_omron/SlideOvenRack_PandaOmron_Env	100188	1300003	0	1			5		1	0	0.0	0.05	9	9	right	Fully slide the bottom oven rack out.	0	all_token_full	groot_n15_dit_block_residual_full_tokens_denoise	["layer","denoise_step","model_token","feature_dim"]	[7,4,49,1536]	[0,2,4,8,10,12,15]	n15_grid_v6_scene_jitter	grid_coord	meta	meta_json	375e3c46c962/worker1/OvenRack/out-right/s1/j1/n3/base
375e3c46c962	worker1	OvenRack/out-right	1	1	4	base	activation	6c3afbff4f91b52c	6c3afbff4f91b52c05441dc75a30ce229e581df967dd192355141cd7dffdb934	lerobot_groot_n15	n15	lerobot_groot_n15__robocasa365_ckpt120000		0	Fully slide the bottom oven rack out.	robocasa_panda_omron/SlideOvenRack_PandaOmron_Env	100188	1300004	0	1			5		1	0	0.0	0.05	9	9	right	Fully slide the bottom oven rack out.	0	all_token_full	groot_n15_dit_block_residual_full_tokens_denoise	["layer","denoise_step","model_token","feature_dim"]	[7,4,49,1536]	[0,2,4,8,10,12,15]	n15_grid_v6_scene_jitter	grid_coord	meta	meta_json	375e3c46c962/worker1/OvenRack/out-right/s1/j1/n4/base
375e3c46c962	worker1	OvenRack/out-right	1	2	0	base	activation	7ad4dfe3796c9ea8	7ad4dfe3796c9ea881cefed6139ebf5ea5038f691861e3cd459b95a2bf5e3949	lerobot_groot_n15	n15	lerobot_groot_n15__robocasa365_ckpt120000		0	Fully slide the bottom oven rack out.	robocasa_panda_omron/SlideOvenRack_PandaOmron_Env	100188	1300000	0	1			5		1	0	0.0	0.1	9	9	right	Fully slide the bottom oven rack out.	0	all_token_full	groot_n15_dit_block_residual_full_tokens_denoise	["layer","denoise_step","model_token","feature_dim"]	[7,4,49,1536]	[0,2,4,8,10,12,15]	n15_grid_v6_scene_jitter	grid_coord	meta	meta_json	375e3c46c962/worker1/OvenRack/out-right/s1/j2/n0/base
375e3c46c962	worker1	OvenRack/out-right	1	2	1	base	activation	0ae80795f465d385	0ae80795f465d3857ae6eb70322a5767830a1cab84fcaedf3eba0b924c63c931	lerobot_groot_n15	n15	lerobot_groot_n15__robocasa365_ckpt120000		0	Fully slide the bottom oven rack out.	robocasa_panda_omron/SlideOvenRack_PandaOmron_Env	100188	1300001	0	1			5		1	0	0.0	0.1	9	9	right	Fully slide the bottom oven rack out.	0	all_token_full	groot_n15_dit_block_residual_full_tokens_denoise	["layer","denoise_step","model_token","feature_dim"]	[7,4,49,1536]	[0,2,4,8,10,12,15]	n15_grid_v6_scene_jitter	grid_coord	meta	meta_json	375e3c46c962/worker1/OvenRack/out-right/s1/j2/n1/base
375e3c46c962	worker1	OvenRack/out-right	1	2	2	base	activation	590697d6e952fc8a	590697d6e952fc8a19ed99dfbaccc1eb6d559481ba9b4e8a703e23e7f3dbc0a4	lerobot_groot_n15	n15	lerobot_groot_n15__robocasa365_ckpt120000		0	Fully slide the bottom oven rack out.	robocasa_panda_omron/SlideOvenRack_PandaOmron_Env	100188	1300002	0	1			5		1	0	0.0	0.1	9	9	right	Fully slide the bottom oven rack out.	0	all_token_full	groot_n15_dit_block_residual_full_tokens_denoise	["layer","denoise_step","model_token","feature_dim"]	[7,4,49,1536]	[0,2,4,8,10,12,15]	n15_grid_v6_scene_jitter	grid_coord	meta	meta_json	375e3c46c962/worker1/OvenRack/out-right/s1/j2/n2/base
375e3c46c962	worker1	OvenRack/out-right	1	2	3	base	activation	7071ad8628b96238	7071ad8628b9623820f19080deb387c00ac3d29e36dd3d1cf0219a58d0de5f50	lerobot_groot_n15	n15	lerobot_groot_n15__robocasa365_ckpt120000		0	Fully slide the bottom oven rack out.	robocasa_panda_omron/SlideOvenRack_PandaOmron_Env	100188	1300003	0	1			5		1	0	0.0	0.1	9	9	right	Fully slide the bottom oven rack out.	0	all_token_full	groot_n15_dit_block_residual_full_tokens_denoise	["layer","denoise_step","model_token","feature_dim"]	[7,4,49,1536]	[0,2,4,8,10,12,15]	n15_grid_v6_scene_jitter	grid_coord	meta	meta_json	375e3c46c962/worker1/OvenRack/out-right/s1/j2/n3/base
375e3c46c962	worker1	OvenRack/out-right	1	2	4	base	activation	3d47f4e726a3a868	3d47f4e726a3a868786a7083e9fff634873359c11e3350a3dae6a7851dcd3981	lerobot_groot_n15	n15	lerobot_groot_n15__robocasa365_ckpt120000		0	Fully slide the bottom oven rack out.	robocasa_panda_omron/SlideOvenRack_PandaOmron_Env	100188	1300004	0	1			5		1	0	0.0	0.1	9	9	right	Fully slide the bottom oven rack out.	0	all_token_full	groot_n15_dit_block_residual_full_tokens_denoise	["layer","denoise_step","model_token","feature_dim"]	[7,4,49,1536]	[0,2,4,8,10,12,15]	n15_grid_v6_scene_jitter	grid_coord	meta	meta_json	375e3c46c962/worker1/OvenRack/out-right/s1/j2/n4/base
375e3c46c962	worker1	OvenRack/out-right	1	3	0	base	activation	1c83f342c8446ad0	1c83f342c8446ad04125de85963cc368af9a9b874a4e86b93b51d976dce7a037	lerobot_groot_n15	n15	lerobot_groot_n15__robocasa365_ckpt120000		0	Fully slide the bottom oven rack out.	robocasa_panda_omron/SlideOvenRack_PandaOmron_Env	100188	1300000	0	1			5		1	0	0.05	0.1	9	9	right	Fully slide the bottom oven rack out.	0	all_token_full	groot_n15_dit_block_residual_full_tokens_denoise	["layer","denoise_step","model_token","feature_dim"]	[7,4,49,1536]	[0,2,4,8,10,12,15]	n15_grid_v6_scene_jitter	grid_coord	meta	meta_json	375e3c46c962/worker1/OvenRack/out-right/s1/j3/n0/base
375e3c46c962	worker1	OvenRack/out-right	1	3	1	base	activation	894fd53ea7a1edeb	894fd53ea7a1edebeb963ec722f4cb29cb5de32c06fa2d81d8deceee2497b386	lerobot_groot_n15	n15	lerobot_groot_n15__robocasa365_ckpt120000		0	Fully slide the bottom oven rack out.	robocasa_panda_omron/SlideOvenRack_PandaOmron_Env	100188	1300001	0	1			5		1	0	0.05	0.1	9	9	right	Fully slide the bottom oven rack out.	0	all_token_full	groot_n15_dit_block_residual_full_tokens_denoise	["layer","denoise_step","model_token","feature_dim"]	[7,4,49,1536]	[0,2,4,8,10,12,15]	n15_grid_v6_scene_jitter	grid_coord	meta	meta_json	375e3c46c962/worker1/OvenRack/out-right/s1/j3/n1/base
375e3c46c962	worker1	OvenRack/out-right	1	3	2	base	activation	ecdede5959e44a97	ecdede5959e44a97738f775cff6dc38e4c10ac00f64027785e858a16aea59124	lerobot_groot_n15	n15	lerobot_groot_n15__robocasa365_ckpt120000		0	Fully slide the bottom oven rack out.	robocasa_panda_omron/SlideOvenRack_PandaOmron_Env	100188	1300002	0	1			5		1	0	0.05	0.1	9	9	right	Fully slide the bottom oven rack out.	0	all_token_full	groot_n15_dit_block_residual_full_tokens_denoise	["layer","denoise_step","model_token","feature_dim"]	[7,4,49,1536]	[0,2,4,8,10,12,15]	n15_grid_v6_scene_jitter	grid_coord	meta	meta_json	375e3c46c962/worker1/OvenRack/out-right/s1/j3/n2/base
375e3c46c962	worker1	OvenRack/out-right	1	3	3	base	activation	7b8b4c8249558b3a	7b8b4c8249558b3a209499d73f2253d994ff35791162c589ec14ed767ba6811c	lerobot_groot_n15	n15	lerobot_groot_n15__robocasa365_ckpt120000		0	Fully slide the bottom oven rack out.	robocasa_panda_omron/SlideOvenRack_PandaOmron_Env	100188	1300003	0	1			5		1	0	0.05	0.1	9	9	right	Fully slide the bottom oven rack out.	0	all_token_full	groot_n15_dit_block_residual_full_tokens_denoise	["layer","denoise_step","model_token","feature_dim"]	[7,4,49,1536]	[0,2,4,8,10,12,15]	n15_grid_v6_scene_jitter	grid_coord	meta	meta_json	375e3c46c962/worker1/OvenRack/out-right/s1/j3/n3/base
375e3c46c962	worker1	OvenRack/out-right	1	3	4	base	activation	4c9acdecd8304dff	4c9acdecd8304dff2f8908be7a2714f72fa9a264eaa43c578c6d935a40002122	lerobot_groot_n15	n15	lerobot_groot_n15__robocasa365_ckpt120000		0	Fully slide the bottom oven rack out.	robocasa_panda_omron/SlideOvenRack_PandaOmron_Env	100188	1300004	0	1			5		1	0	0.05	0.1	9	9	right	Fully slide the bottom oven rack out.	0	all_token_full	groot_n15_dit_block_residual_full_tokens_denoise	["layer","denoise_step","model_token","feature_dim"]	[7,4,49,1536]	[0,2,4,8,10,12,15]	n15_grid_v6_scene_jitter	grid_coord	meta	meta_json	375e3c46c962/worker1/OvenRack/out-right/s1/j3/n4/base
375e3c46c962	worker1	OvenRack/out-right	1	4	0	base	activation	b6d0e13148fd1084	b6d0e13148fd10846dbf54480f351d73fc089ffadcca4257af1f927aec574487	lerobot_groot_n15	n15	lerobot_groot_n15__robocasa365_ckpt120000		0	Fully slide the bottom oven rack out.	robocasa_panda_omron/SlideOvenRack_PandaOmron_Env	100188	1300000	0	1			5		1	0	0.05	0.15	9	9	right	Fully slide the bottom oven rack out.	0	all_token_full	groot_n15_dit_block_residual_full_tokens_denoise	["layer","denoise_step","model_token","feature_dim"]	[7,4,49,1536]	[0,2,4,8,10,12,15]	n15_grid_v6_scene_jitter	grid_coord	meta	meta_json	375e3c46c962/worker1/OvenRack/out-right/s1/j4/n0/base
375e3c46c962	worker1	OvenRack/out-right	1	4	1	base	activation	3ae7a65dbaea9fca	3ae7a65dbaea9fcaaffd6c48311d16aca9b7e9758d564b88ac5acd0d2cf9968a	lerobot_groot_n15	n15	lerobot_groot_n15__robocasa365_ckpt120000		0	Fully slide the bottom oven rack out.	robocasa_panda_omron/SlideOvenRack_PandaOmron_Env	100188	1300001	0	1			5		1	0	0.05	0.15	9	9	right	Fully slide the bottom oven rack out.	0	all_token_full	groot_n15_dit_block_residual_full_tokens_denoise	["layer","denoise_step","model_token","feature_dim"]	[7,4,49,1536]	[0,2,4,8,10,12,15]	n15_grid_v6_scene_jitter	grid_coord	meta	meta_json	375e3c46c962/worker1/OvenRack/out-right/s1/j4/n1/base
375e3c46c962	worker1	OvenRack/out-right	1	4	2	base	activation	db150d51a5bd4302	db150d51a5bd430267814602bb62f59e605eb349f8326cd14ffaa8f66ac48266	lerobot_groot_n15	n15	lerobot_groot_n15__robocasa365_ckpt120000		0	Fully slide the bottom oven rack out.	robocasa_panda_omron/SlideOvenRack_PandaOmron_Env	100188	1300002	0	1			5		1	0	0.05	0.15	9	9	right	Fully slide the bottom oven rack out.	0	all_token_full	groot_n15_dit_block_residual_full_tokens_denoise	["layer","denoise_step","model_token","feature_dim"]	[7,4,49,1536]	[0,2,4,8,10,12,15]	n15_grid_v6_scene_jitter	grid_coord	meta	meta_json	375e3c46c962/worker1/OvenRack/out-right/s1/j4/n2/base
375e3c46c962	worker1	OvenRack/out-right	1	4	3	base	activation	670c01bf4cb0629d	670c01bf4cb0629d5ce839ef754d3723a86c39260f1315bf8108fb84de0ba1b9	lerobot_groot_n15	n15	lerobot_groot_n15__robocasa365_ckpt120000		0	Fully slide the bottom oven rack out.	robocasa_panda_omron/SlideOvenRack_PandaOmron_Env	100188	1300003	0	1			5		1	0	0.05	0.15	9	9	right	Fully slide the bottom oven rack out.	0	all_token_full	groot_n15_dit_block_residual_full_tokens_denoise	["layer","denoise_step","model_token","feature_dim"]	[7,4,49,1536]	[0,2,4,8,10,12,15]	n15_grid_v6_scene_jitter	grid_coord	meta	meta_json	375e3c46c962/worker1/OvenRack/out-right/s1/j4/n3/base
375e3c46c962	worker1	OvenRack/out-right	1	4	4	base	activation	8ecde401d1c673f3	8ecde401d1c673f31d931cd088b8bf87731843c3fede5df0fd99df7d5ebead2b	lerobot_groot_n15	n15	lerobot_groot_n15__robocasa365_ckpt120000		0	Fully slide the bottom oven rack out.	robocasa_panda_omron/SlideOvenRack_PandaOmron_Env	100188	1300004	0	1			5		1	0	0.05	0.15	9	9	right	Fully slide the bottom oven rack out.	0	all_token_full	groot_n15_dit_block_residual_full_tokens_denoise	["layer","denoise_step","model_token","feature_dim"]	[7,4,49,1536]	[0,2,4,8,10,12,15]	n15_grid_v6_scene_jitter	grid_coord	meta	meta_json	375e3c46c962/worker1/OvenRack/out-right/s1/j4/n4/base
375e3c46c962	worker1	OvenRack/out-right	2	0	0	base	activation	09df7e3b34d26093	09df7e3b34d26093b1e30b96c033c3ae88471dc17a35ed0da1ea6c6c49501f39	lerobot_groot_n15	n15	lerobot_groot_n15__robocasa365_ckpt120000		0	Fully slide the bottom oven rack out.	robocasa_panda_omron/SlideOvenRack_PandaOmron_Env	100458	1300000	0	1			5		1	0	0.0	0.0	7	7	right	Fully slide the bottom oven rack out.	0	all_token_full	groot_n15_dit_block_residual_full_tokens_denoise	["layer","denoise_step","model_token","feature_dim"]	[7,4,49,1536]	[0,2,4,8,10,12,15]	n15_grid_v6_scene_jitter	grid_coord	meta	meta_json	375e3c46c962/worker1/OvenRack/out-right/s2/j0/n0/base
375e3c46c962	worker1	OvenRack/out-right	2	0	1	base	activation	dd26f46329cbcea9	dd26f46329cbcea926eff5234414651cab254990e20103e343881cb6173ffa7f	lerobot_groot_n15	n15	lerobot_groot_n15__robocasa365_ckpt120000		0	Fully slide the bottom oven rack out.	robocasa_panda_omron/SlideOvenRack_PandaOmron_Env	100458	1300001	0	1			5		1	0	0.0	0.0	7	7	right	Fully slide the bottom oven rack out.	0	all_token_full	groot_n15_dit_block_residual_full_tokens_denoise	["layer","denoise_step","model_token","feature_dim"]	[7,4,49,1536]	[0,2,4,8,10,12,15]	n15_grid_v6_scene_jitter	grid_coord	meta	meta_json	375e3c46c962/worker1/OvenRack/out-right/s2/j0/n1/base
375e3c46c962	worker1	OvenRack/out-right	2	0	2	base	activation	8799ed87c793a4be	8799ed87c793a4be9c5c216f93288ffce92c5161dd064b2a9a5913ca167c280b	lerobot_groot_n15	n15	lerobot_groot_n15__robocasa365_ckpt120000		0	Fully slide the bottom oven rack out.	robocasa_panda_omron/SlideOvenRack_PandaOmron_Env	100458	1300002	0	1			5		1	0	0.0	0.0	7	7	right	Fully slide the bottom oven rack out.	0	all_token_full	groot_n15_dit_block_residual_full_tokens_denoise	["layer","denoise_step","model_token","feature_dim"]	[7,4,49,1536]	[0,2,4,8,10,12,15]	n15_grid_v6_scene_jitter	grid_coord	meta	meta_json	375e3c46c962/worker1/OvenRack/out-right/s2/j0/n2/base
375e3c46c962	worker1	OvenRack/out-right	2	0	3	base	activation	1aab1da019b5e03b	1aab1da019b5e03ba9db7c412a7acdda18adfd5ad75d4452cff5e2a5b6952834	lerobot_groot_n15	n15	lerobot_groot_n15__robocasa365_ckpt120000		0	Fully slide the bottom oven rack out.	robocasa_panda_omron/SlideOvenRack_PandaOmron_Env	100458	1300003	0	1			5		1	0	0.0	0.0	7	7	right	Fully slide the bottom oven rack out.	0	all_token_full	groot_n15_dit_block_residual_full_tokens_denoise	["layer","denoise_step","model_token","feature_dim"]	[7,4,49,1536]	[0,2,4,8,10,12,15]	n15_grid_v6_scene_jitter	grid_coord	meta	meta_json	375e3c46c962/worker1/OvenRack/out-right/s2/j0/n3/base
375e3c46c962	worker1	OvenRack/out-right	2	0	4	base	activation	fbad977e8d0ffaa3	fbad977e8d0ffaa306240c0c1d958be4eba0acfe0d802c4b7ab80603c36e9462	lerobot_groot_n15	n15	lerobot_groot_n15__robocasa365_ckpt120000		0	Fully slide the bottom oven rack out.	robocasa_panda_omron/SlideOvenRack_PandaOmron_Env	100458	1300004	0	1			5		1	0	0.0	0.0	7	7	right	Fully slide the bottom oven rack out.	0	all_token_full	groot_n15_dit_block_residual_full_tokens_denoise	["layer","denoise_step","model_token","feature_dim"]	[7,4,49,1536]	[0,2,4,8,10,12,15]	n15_grid_v6_scene_jitter	grid_coord	meta	meta_json	375e3c46c962/worker1/OvenRack/out-right/s2/j0/n4/base
375e3c46c962	worker1	OvenRack/out-right	2	1	0	base	activation	ebafe1237f8420d2	ebafe1237f8420d2e6bac4e5ba4651371ac679fd531999d5fe27a6d929c6b445	lerobot_groot_n15	n15	lerobot_groot_n15__robocasa365_ckpt120000		0	Fully slide the bottom oven rack out.	robocasa_panda_omron/SlideOvenRack_PandaOmron_Env	100458	1300000	0	1			5		1	0	0.0	0.05	7	7	right	Fully slide the bottom oven rack out.	0	all_token_full	groot_n15_dit_block_residual_full_tokens_denoise	["layer","denoise_step","model_token","feature_dim"]	[7,4,49,1536]	[0,2,4,8,10,12,15]	n15_grid_v6_scene_jitter	grid_coord	meta	meta_json	375e3c46c962/worker1/OvenRack/out-right/s2/j1/n0/base
375e3c46c962	worker1	OvenRack/out-right	2	1	1	base	activation	0113608ebc5ce1ff	0113608ebc5ce1ff94481782eb91ac57cde9b7593b2dadefa6c2b05d753a2095	lerobot_groot_n15	n15	lerobot_groot_n15__robocasa365_ckpt120000		0	Fully slide the bottom oven rack out.	robocasa_panda_omron/SlideOvenRack_PandaOmron_Env	100458	1300001	0	1			5		1	0	0.0	0.05	7	7	right	Fully slide the bottom oven rack out.	0	all_token_full	groot_n15_dit_block_residual_full_tokens_denoise	["layer","denoise_step","model_token","feature_dim"]	[7,4,49,1536]	[0,2,4,8,10,12,15]	n15_grid_v6_scene_jitter	grid_coord	meta	meta_json	375e3c46c962/worker1/OvenRack/out-right/s2/j1/n1/base
375e3c46c962	worker1	OvenRack/out-right	2	1	2	base	activation	d672ecd9d39a0481	d672ecd9d39a04817b80ebb0329d68b1958df2f4ae5885e64f983de438ee7291	lerobot_groot_n15	n15	lerobot_groot_n15__robocasa365_ckpt120000		0	Fully slide the bottom oven rack out.	robocasa_panda_omron/SlideOvenRack_PandaOmron_Env	100458	1300002	0	1			5		1	0	0.0	0.05	7	7	right	Fully slide the bottom oven rack out.	0	all_token_full	groot_n15_dit_block_residual_full_tokens_denoise	["layer","denoise_step","model_token","feature_dim"]	[7,4,49,1536]	[0,2,4,8,10,12,15]	n15_grid_v6_scene_jitter	grid_coord	meta	meta_json	375e3c46c962/worker1/OvenRack/out-right/s2/j1/n2/base
375e3c46c962	worker1	OvenRack/out-right	2	1	3	base	activation	7796fa5ed0a85eea	7796fa5ed0a85eea9328f50fca4df48434abaf30d2fa7ac5b0a73f61761402f5	lerobot_groot_n15	n15	lerobot_groot_n15__robocasa365_ckpt120000		0	Fully slide the bottom oven rack out.	robocasa_panda_omron/SlideOvenRack_PandaOmron_Env	100458	1300003	0	1			5		1	0	0.0	0.05	7	7	right	Fully slide the bottom oven rack out.	0	all_token_full	groot_n15_dit_block_residual_full_tokens_denoise	["layer","denoise_step","model_token","feature_dim"]	[7,4,49,1536]	[0,2,4,8,10,12,15]	n15_grid_v6_scene_jitter	grid_coord	meta	meta_json	375e3c46c962/worker1/OvenRack/out-right/s2/j1/n3/base
375e3c46c962	worker1	OvenRack/out-right	2	1	4	base	activation	01563dcf976477ba	01563dcf976477ba397d1194a0635ec140d05eb7ca85d1ecca1230429806e52a	lerobot_groot_n15	n15	lerobot_groot_n15__robocasa365_ckpt120000		0	Fully slide the bottom oven rack out.	robocasa_panda_omron/SlideOvenRack_PandaOmron_Env	100458	1300004	0	1			5		1	0	0.0	0.05	7	7	right	Fully slide the bottom oven rack out.	0	all_token_full	groot_n15_dit_block_residual_full_tokens_denoise	["layer","denoise_step","model_token","feature_dim"]	[7,4,49,1536]	[0,2,4,8,10,12,15]	n15_grid_v6_scene_jitter	grid_coord	meta	meta_json	375e3c46c962/worker1/OvenRack/out-right/s2/j1/n4/base
375e3c46c962	worker1	OvenRack/out-right	2	2	0	base	activation	3bfa3c07a87bb650	3bfa3c07a87bb65019a2735b91657b1a7c41c9765eff7824996a371854c7b054	lerobot_groot_n15	n15	lerobot_groot_n15__robocasa365_ckpt120000		0	Fully slide the bottom oven rack out.	robocasa_panda_omron/SlideOvenRack_PandaOmron_Env	100458	1300000	0	1			5		1	0	0.0	0.1	7	7	right	Fully slide the bottom oven rack out.	0	all_token_full	groot_n15_dit_block_residual_full_tokens_denoise	["layer","denoise_step","model_token","feature_dim"]	[7,4,49,1536]	[0,2,4,8,10,12,15]	n15_grid_v6_scene_jitter	grid_coord	meta	meta_json	375e3c46c962/worker1/OvenRack/out-right/s2/j2/n0/base
375e3c46c962	worker1	OvenRack/out-right	2	2	1	base	activation	c2af8d95687b08d4	c2af8d95687b08d440bb1dbc21f73ffe246ddbb6827a30582fd7f478db2f074c	lerobot_groot_n15	n15	lerobot_groot_n15__robocasa365_ckpt120000		0	Fully slide the bottom oven rack out.	robocasa_panda_omron/SlideOvenRack_PandaOmron_Env	100458	1300001	0	1			5		1	0	0.0	0.1	7	7	right	Fully slide the bottom oven rack out.	0	all_token_full	groot_n15_dit_block_residual_full_tokens_denoise	["layer","denoise_step","model_token","feature_dim"]	[7,4,49,1536]	[0,2,4,8,10,12,15]	n15_grid_v6_scene_jitter	grid_coord	meta	meta_json	375e3c46c962/worker1/OvenRack/out-right/s2/j2/n1/base
375e3c46c962	worker1	OvenRack/out-right	2	2	2	base	activation	c82c2076be8bb688	c82c2076be8bb68895b8bec983b12758d57bc344381da066333b11a1b479a29a	lerobot_groot_n15	n15	lerobot_groot_n15__robocasa365_ckpt120000		0	Fully slide the bottom oven rack out.	robocasa_panda_omron/SlideOvenRack_PandaOmron_Env	100458	1300002	0	1			5		1	0	0.0	0.1	7	7	right	Fully slide the bottom oven rack out.	0	all_token_full	groot_n15_dit_block_residual_full_tokens_denoise	["layer","denoise_step","model_token","feature_dim"]	[7,4,49,1536]	[0,2,4,8,10,12,15]	n15_grid_v6_scene_jitter	grid_coord	meta	meta_json	375e3c46c962/worker1/OvenRack/out-right/s2/j2/n2/base
375e3c46c962	worker1	OvenRack/out-right	2	2	3	base	activation	f8f367ec2ecb7d38	f8f367ec2ecb7d38748f203a92c37ef5d9c392c18f3de68990bd3f388ab69dac	lerobot_groot_n15	n15	lerobot_groot_n15__robocasa365_ckpt120000		0	Fully slide the bottom oven rack out.	robocasa_panda_omron/SlideOvenRack_PandaOmron_Env	100458	1300003	0	1			5		1	0	0.0	0.1	7	7	right	Fully slide the bottom oven rack out.	0	all_token_full	groot_n15_dit_block_residual_full_tokens_denoise	["layer","denoise_step","model_token","feature_dim"]	[7,4,49,1536]	[0,2,4,8,10,12,15]	n15_grid_v6_scene_jitter	grid_coord	meta	meta_json	375e3c46c962/worker1/OvenRack/out-right/s2/j2/n3/base
375e3c46c962	worker1	OvenRack/out-right	2	2	4	base	activation	3b31fa667002d91f	3b31fa667002d91f6c99bd20f7b3c0bb936385c4a9b5c487e35280c924d8a4d9	lerobot_groot_n15	n15	lerobot_groot_n15__robocasa365_ckpt120000		0	Fully slide the bottom oven rack out.	robocasa_panda_omron/SlideOvenRack_PandaOmron_Env	100458	1300004	0	1			5		1	0	0.0	0.1	7	7	right	Fully slide the bottom oven rack out.	0	all_token_full	groot_n15_dit_block_residual_full_tokens_denoise	["layer","denoise_step","model_token","feature_dim"]	[7,4,49,1536]	[0,2,4,8,10,12,15]	n15_grid_v6_scene_jitter	grid_coord	meta	meta_json	375e3c46c962/worker1/OvenRack/out-right/s2/j2/n4/base
375e3c46c962	worker1	OvenRack/out-right	2	3	0	base	activation	87258df447b43f5a	87258df447b43f5a279aaf6f767a914d695f3312be64006ffd020e415d568751	lerobot_groot_n15	n15	lerobot_groot_n15__robocasa365_ckpt120000		0	Fully slide the bottom oven rack out.	robocasa_panda_omron/SlideOvenRack_PandaOmron_Env	100458	1300000	0	1			5		1	0	0.05	0.1	7	7	right	Fully slide the bottom oven rack out.	0	all_token_full	groot_n15_dit_block_residual_full_tokens_denoise	["layer","denoise_step","model_token","feature_dim"]	[7,4,49,1536]	[0,2,4,8,10,12,15]	n15_grid_v6_scene_jitter	grid_coord	meta	meta_json	375e3c46c962/worker1/OvenRack/out-right/s2/j3/n0/base
375e3c46c962	worker1	OvenRack/out-right	2	3	1	base	activation	ee4629d91ccfa9bf	ee4629d91ccfa9bf5142caaefe78769d397134b98280b8b9f62e6876984ba8c2	lerobot_groot_n15	n15	lerobot_groot_n15__robocasa365_ckpt120000		0	Fully slide the bottom oven rack out.	robocasa_panda_omron/SlideOvenRack_PandaOmron_Env	100458	1300001	0	1			5		1	0	0.05	0.1	7	7	right	Fully slide the bottom oven rack out.	0	all_token_full	groot_n15_dit_block_residual_full_tokens_denoise	["layer","denoise_step","model_token","feature_dim"]	[7,4,49,1536]	[0,2,4,8,10,12,15]	n15_grid_v6_scene_jitter	grid_coord	meta	meta_json	375e3c46c962/worker1/OvenRack/out-right/s2/j3/n1/base
375e3c46c962	worker1	OvenRack/out-right	2	3	2	base	activation	5f82cb341064f61f	5f82cb341064f61f7edd1156acbefa2ddd260656b115713328dbadee3cad24f9	lerobot_groot_n15	n15	lerobot_groot_n15__robocasa365_ckpt120000		0	Fully slide the bottom oven rack out.	robocasa_panda_omron/SlideOvenRack_PandaOmron_Env	100458	1300002	0	1			5		1	0	0.05	0.1	7	7	right	Fully slide the bottom oven rack out.	0	all_token_full	groot_n15_dit_block_residual_full_tokens_denoise	["layer","denoise_step","model_token","feature_dim"]	[7,4,49,1536]	[0,2,4,8,10,12,15]	n15_grid_v6_scene_jitter	grid_coord	meta	meta_json	375e3c46c962/worker1/OvenRack/out-right/s2/j3/n2/base
375e3c46c962	worker1	OvenRack/out-right	2	3	3	base	activation	e6a85894e0a2e713	e6a85894e0a2e713f1918b87578232e3cd8896580d3bf5543cbc69730e12b0e6	lerobot_groot_n15	n15	lerobot_groot_n15__robocasa365_ckpt120000		0	Fully slide the bottom oven rack out.	robocasa_panda_omron/SlideOvenRack_PandaOmron_Env	100458	1300003	0	1			5		1	0	0.05	0.1	7	7	right	Fully slide the bottom oven rack out.	0	all_token_full	groot_n15_dit_block_residual_full_tokens_denoise	["layer","denoise_step","model_token","feature_dim"]	[7,4,49,1536]	[0,2,4,8,10,12,15]	n15_grid_v6_scene_jitter	grid_coord	meta	meta_json	375e3c46c962/worker1/OvenRack/out-right/s2/j3/n3/base
375e3c46c962	worker1	OvenRack/out-right	2	3	4	base	activation	6686cc58e7221be5	6686cc58e7221be5339a67392b7b0540288eac2da640a075dd4dddbed269d93f	lerobot_groot_n15	n15	lerobot_groot_n15__robocasa365_ckpt120000		0	Fully slide the bottom oven rack out.	robocasa_panda_omron/SlideOvenRack_PandaOmron_Env	100458	1300004	0	1			5		1	0	0.05	0.1	7	7	right	Fully slide the bottom oven rack out.	0	all_token_full	groot_n15_dit_block_residual_full_tokens_denoise	["layer","denoise_step","model_token","feature_dim"]	[7,4,49,1536]	[0,2,4,8,10,12,15]	n15_grid_v6_scene_jitter	grid_coord	meta	meta_json	375e3c46c962/worker1/OvenRack/out-right/s2/j3/n4/base
375e3c46c962	worker1	OvenRack/out-right	2	4	0	base	activation	775e933f170a5ae7	775e933f170a5ae7d0df2c8917f12af8ba1c78a321188a6ecb67be78f0571e69	lerobot_groot_n15	n15	lerobot_groot_n15__robocasa365_ckpt120000		0	Fully slide the bottom oven rack out.	robocasa_panda_omron/SlideOvenRack_PandaOmron_Env	100458	1300000	0	0			5		1	0	0.05	0.15	7	7	right	Fully slide the bottom oven rack out.	0	all_token_full	groot_n15_dit_block_residual_full_tokens_denoise	["layer","denoise_step","model_token","feature_dim"]	[7,4,49,1536]	[0,2,4,8,10,12,15]	n15_grid_v6_scene_jitter	grid_coord	meta	meta_json	375e3c46c962/worker1/OvenRack/out-right/s2/j4/n0/base
375e3c46c962	worker1	OvenRack/out-right	2	4	1	base	activation	7941fa7c84c20908	7941fa7c84c20908d1bc63c770e3db4bc1c464f8a1e5617ddc6f91db2dfeee39	lerobot_groot_n15	n15	lerobot_groot_n15__robocasa365_ckpt120000		0	Fully slide the bottom oven rack out.	robocasa_panda_omron/SlideOvenRack_PandaOmron_Env	100458	1300001	0	0			5		1	0	0.05	0.15	7	7	right	Fully slide the bottom oven rack out.	0	all_token_full	groot_n15_dit_block_residual_full_tokens_denoise	["layer","denoise_step","model_token","feature_dim"]	[7,4,49,1536]	[0,2,4,8,10,12,15]	n15_grid_v6_scene_jitter	grid_coord	meta	meta_json	375e3c46c962/worker1/OvenRack/out-right/s2/j4/n1/base
375e3c46c962	worker1	OvenRack/out-right	2	4	2	base	activation	04be5c6ffd2ab697	04be5c6ffd2ab6970c4fd60e02764f49decd1f55bf828f9eae8b01d74749239d	lerobot_groot_n15	n15	lerobot_groot_n15__robocasa365_ckpt120000		0	Fully slide the bottom oven rack out.	robocasa_panda_omron/SlideOvenRack_PandaOmron_Env	100458	1300002	0	0			5		1	0	0.05	0.15	7	7	right	Fully slide the bottom oven rack out.	0	all_token_full	groot_n15_dit_block_residual_full_tokens_denoise	["layer","denoise_step","model_token","feature_dim"]	[7,4,49,1536]	[0,2,4,8,10,12,15]	n15_grid_v6_scene_jitter	grid_coord	meta	meta_json	375e3c46c962/worker1/OvenRack/out-right/s2/j4/n2/base
375e3c46c962	worker1	OvenRack/out-right	2	4	3	base	activation	7dd44774ab030acb	7dd44774ab030acb20cbc29c0520dd6ca56514e28c39f6e4a2f6aed9666e6696	lerobot_groot_n15	n15	lerobot_groot_n15__robocasa365_ckpt120000		0	Fully slide the bottom oven rack out.	robocasa_panda_omron/SlideOvenRack_PandaOmron_Env	100458	1300003	0	0			5		1	0	0.05	0.15	7	7	right	Fully slide the bottom oven rack out.	0	all_token_full	groot_n15_dit_block_residual_full_tokens_denoise	["layer","denoise_step","model_token","feature_dim"]	[7,4,49,1536]	[0,2,4,8,10,12,15]	n15_grid_v6_scene_jitter	grid_coord	meta	meta_json	375e3c46c962/worker1/OvenRack/out-right/s2/j4/n3/base
375e3c46c962	worker1	OvenRack/out-right	2	4	4	base	activation	02e9fc84a241d97f	02e9fc84a241d97fc191de687a58f3f5b5819eba6b1e58b98dcdbd1e0fb70343	lerobot_groot_n15	n15	lerobot_groot_n15__robocasa365_ckpt120000		0	Fully slide the bottom oven rack out.	robocasa_panda_omron/SlideOvenRack_PandaOmron_Env	100458	1300004	0	0			5		1	0	0.05	0.15	7	7	right	Fully slide the bottom oven rack out.	0	all_token_full	groot_n15_dit_block_residual_full_tokens_denoise	["layer","denoise_step","model_token","feature_dim"]	[7,4,49,1536]	[0,2,4,8,10,12,15]	n15_grid_v6_scene_jitter	grid_coord	meta	meta_json	375e3c46c962/worker1/OvenRack/out-right/s2/j4/n4/base
375e3c46c962	worker2	PPCC/apple	0	0	0	base	activation	437ace2d3fa424c8	437ace2d3fa424c868fdb191164e18ff187c47f62bc57a0081a3a94976e3d881	lerobot_groot_n15	n15	lerobot_groot_n15__robocasa365_ckpt120000		0	Pick the apple from the counter and place it in the cabinet.	robocasa_panda_omron/PickPlaceCounterToCabinet_PandaOmron_Env	100521	1300000	0	1			5		1	0	0.0	0.0	4	4		Pick the apple from the counter and place it in the cabinet.	0	all_token_full	groot_n15_dit_block_residual_full_tokens_denoise	["layer","denoise_step","model_token","feature_dim"]	[7,4,49,1536]	[0,2,4,8,10,12,15]	n15_grid_v6_scene_jitter	grid_coord	meta	meta_json	375e3c46c962/worker2/PPCC/apple/s0/j0/n0/base
375e3c46c962	worker2	PPCC/apple	0	0	1	base	activation	49a427e743db99ab	49a427e743db99ab30a76da0845e3a9fbb75309398641cf918dd4713b20f7868	lerobot_groot_n15	n15	lerobot_groot_n15__robocasa365_ckpt120000		0	Pick the apple from the counter and place it in the cabinet.	robocasa_panda_omron/PickPlaceCounterToCabinet_PandaOmron_Env	100521	1300001	0	1			5		1	0	0.0	0.0	4	4		Pick the apple from the counter and place it in the cabinet.	0	all_token_full	groot_n15_dit_block_residual_full_tokens_denoise	["layer","denoise_step","model_token","feature_dim"]	[7,4,49,1536]	[0,2,4,8,10,12,15]	n15_grid_v6_scene_jitter	grid_coord	meta	meta_json	375e3c46c962/worker2/PPCC/apple/s0/j0/n1/base
375e3c46c962	worker2	PPCC/apple	0	0	2	base	activation	295e9a26fc83a673	295e9a26fc83a673ee933107eae381a9fed7b306610b2b7479c1b53804fb6c51	lerobot_groot_n15	n15	lerobot_groot_n15__robocasa365_ckpt120000		0	Pick the apple from the counter and place it in the cabinet.	robocasa_panda_omron/PickPlaceCounterToCabinet_PandaOmron_Env	100521	1300002	0	1			5		1	0	0.0	0.0	4	4		Pick the apple from the counter and place it in the cabinet.	0	all_token_full	groot_n15_dit_block_residual_full_tokens_denoise	["layer","denoise_step","model_token","feature_dim"]	[7,4,49,1536]	[0,2,4,8,10,12,15]	n15_grid_v6_scene_jitter	grid_coord	meta	meta_json	375e3c46c962/worker2/PPCC/apple/s0/j0/n2/base
375e3c46c962	worker2	PPCC/apple	0	0	3	base	activation	6011beb3969c721e	6011beb3969c721e0214beaa3c8d3ac6e6711032390df88f4b1c6463a37480a0	lerobot_groot_n15	n15	lerobot_groot_n15__robocasa365_ckpt120000		0	Pick the apple from the counter and place it in the cabinet.	robocasa_panda_omron/PickPlaceCounterToCabinet_PandaOmron_Env	100521	1300003	0	1			5		1	0	0.0	0.0	4	4		Pick the apple from the counter and place it in the cabinet.	0	all_token_full	groot_n15_dit_block_residual_full_tokens_denoise	["layer","denoise_step","model_token","feature_dim"]	[7,4,49,1536]	[0,2,4,8,10,12,15]	n15_grid_v6_scene_jitter	grid_coord	meta	meta_json	375e3c46c962/worker2/PPCC/apple/s0/j0/n3/base
375e3c46c962	worker2	PPCC/apple	0	0	4	base	activation	6ba47539b52b5c8d	6ba47539b52b5c8d4c6a4f723f50b960cd8ba44b908c9056925f21d69cbc3efd	lerobot_groot_n15	n15	lerobot_groot_n15__robocasa365_ckpt120000		0	Pick the apple from the counter and place it in the cabinet.	robocasa_panda_omron/PickPlaceCounterToCabinet_PandaOmron_Env	100521	1300004	0	1			5		1	0	0.0	0.0	4	4		Pick the apple from the counter and place it in the cabinet.	0	all_token_full	groot_n15_dit_block_residual_full_tokens_denoise	["layer","denoise_step","model_token","feature_dim"]	[7,4,49,1536]	[0,2,4,8,10,12,15]	n15_grid_v6_scene_jitter	grid_coord	meta	meta_json	375e3c46c962/worker2/PPCC/apple/s0/j0/n4/base
375e3c46c962	worker2	PPCC/apple	0	1	0	base	activation	c054400c5bced11b	c054400c5bced11be4689e2d04f82957866491dcd169a21fa8a1be6c56c846e0	lerobot_groot_n15	n15	lerobot_groot_n15__robocasa365_ckpt120000		0	Pick the apple from the counter and place it in the cabinet.	robocasa_panda_omron/PickPlaceCounterToCabinet_PandaOmron_Env	100521	1300000	0	1			5		1	1	0.0	0.0	4	4		Pick the apple from the counter and place it in the cabinet.	0	all_token_full	groot_n15_dit_block_residual_full_tokens_denoise	["layer","denoise_step","model_token","feature_dim"]	[7,4,49,1536]	[0,2,4,8,10,12,15]	n15_grid_v6_scene_jitter	grid_coord	meta	meta_json	375e3c46c962/worker2/PPCC/apple/s0/j1/n0/base
375e3c46c962	worker2	PPCC/apple	0	1	1	base	activation	21c599019da0a560	21c599019da0a560abf6f61e488a620058baaf45abedae240f30e6ed9f01c629	lerobot_groot_n15	n15	lerobot_groot_n15__robocasa365_ckpt120000		0	Pick the apple from the counter and place it in the cabinet.	robocasa_panda_omron/PickPlaceCounterToCabinet_PandaOmron_Env	100521	1300001	0	1			5		1	1	0.0	0.0	4	4		Pick the apple from the counter and place it in the cabinet.	0	all_token_full	groot_n15_dit_block_residual_full_tokens_denoise	["layer","denoise_step","model_token","feature_dim"]	[7,4,49,1536]	[0,2,4,8,10,12,15]	n15_grid_v6_scene_jitter	grid_coord	meta	meta_json	375e3c46c962/worker2/PPCC/apple/s0/j1/n1/base
375e3c46c962	worker2	PPCC/apple	0	1	2	base	activation	0335e13add2c1828	0335e13add2c18289218c384ab21397dadfce5268d23c65636c984076f904e76	lerobot_groot_n15	n15	lerobot_groot_n15__robocasa365_ckpt120000		0	Pick the apple from the counter and place it in the cabinet.	robocasa_panda_omron/PickPlaceCounterToCabinet_PandaOmron_Env	100521	1300002	0	1			5		1	1	0.0	0.0	4	4		Pick the apple from the counter and place it in the cabinet.	0	all_token_full	groot_n15_dit_block_residual_full_tokens_denoise	["layer","denoise_step","model_token","feature_dim"]	[7,4,49,1536]	[0,2,4,8,10,12,15]	n15_grid_v6_scene_jitter	grid_coord	meta	meta_json	375e3c46c962/worker2/PPCC/apple/s0/j1/n2/base
375e3c46c962	worker2	PPCC/apple	0	1	3	base	activation	a419d4c1b14d92cd	a419d4c1b14d92cd997503eb6fae4ddaeb6265546c2823431fee7e71873c2856	lerobot_groot_n15	n15	lerobot_groot_n15__robocasa365_ckpt120000		0	Pick the apple from the counter and place it in the cabinet.	robocasa_panda_omron/PickPlaceCounterToCabinet_PandaOmron_Env	100521	1300003	0	1			5		1	1	0.0	0.0	4	4		Pick the apple from the counter and place it in the cabinet.	0	all_token_full	groot_n15_dit_block_residual_full_tokens_denoise	["layer","denoise_step","model_token","feature_dim"]	[7,4,49,1536]	[0,2,4,8,10,12,15]	n15_grid_v6_scene_jitter	grid_coord	meta	meta_json	375e3c46c962/worker2/PPCC/apple/s0/j1/n3/base
375e3c46c962	worker2	PPCC/apple	0	1	4	base	activation	57d9cef82cae00be	57d9cef82cae00be9d556ce8a844029cfd2296ee436df7c895c9ed8d12430a10	lerobot_groot_n15	n15	lerobot_groot_n15__robocasa365_ckpt120000		0	Pick the apple from the counter and place it in the cabinet.	robocasa_panda_omron/PickPlaceCounterToCabinet_PandaOmron_Env	100521	1300004	0	1			5		1	1	0.0	0.0	4	4		Pick the apple from the counter and place it in the cabinet.	0	all_token_full	groot_n15_dit_block_residual_full_tokens_denoise	["layer","denoise_step","model_token","feature_dim"]	[7,4,49,1536]	[0,2,4,8,10,12,15]	n15_grid_v6_scene_jitter	grid_coord	meta	meta_json	375e3c46c962/worker2/PPCC/apple/s0/j1/n4/base
375e3c46c962	worker2	PPCC/apple	0	2	0	base	activation	d94723c718f7db92	d94723c718f7db92e67542a0f4657e3b379dd71b43564e8a696d71d98e1562a3	lerobot_groot_n15	n15	lerobot_groot_n15__robocasa365_ckpt120000		0	Pick the apple from the counter and place it in the cabinet.	robocasa_panda_omron/PickPlaceCounterToCabinet_PandaOmron_Env	100521	1300000	0	1			5		1	2	0.0	0.0	4	4		Pick the apple from the counter and place it in the cabinet.	0	all_token_full	groot_n15_dit_block_residual_full_tokens_denoise	["layer","denoise_step","model_token","feature_dim"]	[7,4,49,1536]	[0,2,4,8,10,12,15]	n15_grid_v6_scene_jitter	grid_coord	meta	meta_json	375e3c46c962/worker2/PPCC/apple/s0/j2/n0/base
375e3c46c962	worker2	PPCC/apple	0	2	1	base	activation	6afe32a29559beaf	6afe32a29559beaf418539c1a9009656b878fea703cc4fcd261f33d8e3c9f6a5	lerobot_groot_n15	n15	lerobot_groot_n15__robocasa365_ckpt120000		0	Pick the apple from the counter and place it in the cabinet.	robocasa_panda_omron/PickPlaceCounterToCabinet_PandaOmron_Env	100521	1300001	0	1			5		1	2	0.0	0.0	4	4		Pick the apple from the counter and place it in the cabinet.	0	all_token_full	groot_n15_dit_block_residual_full_tokens_denoise	["layer","denoise_step","model_token","feature_dim"]	[7,4,49,1536]	[0,2,4,8,10,12,15]	n15_grid_v6_scene_jitter	grid_coord	meta	meta_json	375e3c46c962/worker2/PPCC/apple/s0/j2/n1/base
375e3c46c962	worker2	PPCC/apple	0	2	2	base	activation	fa04a22d88958e0f	fa04a22d88958e0f0ff0a79286a0a9e57f3b82594c4d65345b2ad05de30e6359	lerobot_groot_n15	n15	lerobot_groot_n15__robocasa365_ckpt120000		0	Pick the apple from the counter and place it in the cabinet.	robocasa_panda_omron/PickPlaceCounterToCabinet_PandaOmron_Env	100521	1300002	0	1			5		1	2	0.0	0.0	4	4		Pick the apple from the counter and place it in the cabinet.	0	all_token_full	groot_n15_dit_block_residual_full_tokens_denoise	["layer","denoise_step","model_token","feature_dim"]	[7,4,49,1536]	[0,2,4,8,10,12,15]	n15_grid_v6_scene_jitter	grid_coord	meta	meta_json	375e3c46c962/worker2/PPCC/apple/s0/j2/n2/base
375e3c46c962	worker2	PPCC/apple	0	2	3	base	activation	f08d2ddd17589654	f08d2ddd17589654472523d60ee21429a8d017c12ff433cf4a62d9b5f582f769	lerobot_groot_n15	n15	lerobot_groot_n15__robocasa365_ckpt120000		0	Pick the apple from the counter and place it in the cabinet.	robocasa_panda_omron/PickPlaceCounterToCabinet_PandaOmron_Env	100521	1300003	0	1			5		1	2	0.0	0.0	4	4		Pick the apple from the counter and place it in the cabinet.	0	all_token_full	groot_n15_dit_block_residual_full_tokens_denoise	["layer","denoise_step","model_token","feature_dim"]	[7,4,49,1536]	[0,2,4,8,10,12,15]	n15_grid_v6_scene_jitter	grid_coord	meta	meta_json	375e3c46c962/worker2/PPCC/apple/s0/j2/n3/base
375e3c46c962	worker2	PPCC/apple	0	2	4	base	activation	ebb0649981e40fe8	ebb0649981e40fe8116ea769798e87ff07d0c9e9a61b3a1435480f2817d8fbc6	lerobot_groot_n15	n15	lerobot_groot_n15__robocasa365_ckpt120000		0	Pick the apple from the counter and place it in the cabinet.	robocasa_panda_omron/PickPlaceCounterToCabinet_PandaOmron_Env	100521	1300004	0	1			5		1	2	0.0	0.0	4	4		Pick the apple from the counter and place it in the cabinet.	0	all_token_full	groot_n15_dit_block_residual_full_tokens_denoise	["layer","denoise_step","model_token","feature_dim"]	[7,4,49,1536]	[0,2,4,8,10,12,15]	n15_grid_v6_scene_jitter	grid_coord	meta	meta_json	375e3c46c962/worker2/PPCC/apple/s0/j2/n4/base
375e3c46c962	worker2	PPCC/apple	0	3	0	base	activation	c4d0d5301e921762	c4d0d5301e921762da6358bab51d3e198adbe145ae821be1e1efd0ae74263758	lerobot_groot_n15	n15	lerobot_groot_n15__robocasa365_ckpt120000		0	Pick the apple from the counter and place it in the cabinet.	robocasa_panda_omron/PickPlaceCounterToCabinet_PandaOmron_Env	100521	1300000	0	1			5		1	3	0.0	0.0	4	4		Pick the apple from the counter and place it in the cabinet.	0	all_token_full	groot_n15_dit_block_residual_full_tokens_denoise	["layer","denoise_step","model_token","feature_dim"]	[7,4,49,1536]	[0,2,4,8,10,12,15]	n15_grid_v6_scene_jitter	grid_coord	meta	meta_json	375e3c46c962/worker2/PPCC/apple/s0/j3/n0/base
375e3c46c962	worker2	PPCC/apple	0	3	1	base	activation	3d04ed26d50fcd12	3d04ed26d50fcd12a1c0b58938afebd84fcc327d33033e15d81ad0a9d011da20	lerobot_groot_n15	n15	lerobot_groot_n15__robocasa365_ckpt120000		0	Pick the apple from the counter and place it in the cabinet.	robocasa_panda_omron/PickPlaceCounterToCabinet_PandaOmron_Env	100521	1300001	0	1			5		1	3	0.0	0.0	4	4		Pick the apple from the counter and place it in the cabinet.	0	all_token_full	groot_n15_dit_block_residual_full_tokens_denoise	["layer","denoise_step","model_token","feature_dim"]	[7,4,49,1536]	[0,2,4,8,10,12,15]	n15_grid_v6_scene_jitter	grid_coord	meta	meta_json	375e3c46c962/worker2/PPCC/apple/s0/j3/n1/base
375e3c46c962	worker2	PPCC/apple	0	3	2	base	activation	d21b1fe4c114c1c0	d21b1fe4c114c1c02aac3d6d4d3f82240c998435163961ca85f031bf2f090ed8	lerobot_groot_n15	n15	lerobot_groot_n15__robocasa365_ckpt120000		0	Pick the apple from the counter and place it in the cabinet.	robocasa_panda_omron/PickPlaceCounterToCabinet_PandaOmron_Env	100521	1300002	0	1			5		1	3	0.0	0.0	4	4		Pick the apple from the counter and place it in the cabinet.	0	all_token_full	groot_n15_dit_block_residual_full_tokens_denoise	["layer","denoise_step","model_token","feature_dim"]	[7,4,49,1536]	[0,2,4,8,10,12,15]	n15_grid_v6_scene_jitter	grid_coord	meta	meta_json	375e3c46c962/worker2/PPCC/apple/s0/j3/n2/base
375e3c46c962	worker2	PPCC/apple	0	3	3	base	activation	65dd262755681f0d	65dd262755681f0db6b381b980037248626d11593f630bc90481bb738afdec29	lerobot_groot_n15	n15	lerobot_groot_n15__robocasa365_ckpt120000		0	Pick the apple from the counter and place it in the cabinet.	robocasa_panda_omron/PickPlaceCounterToCabinet_PandaOmron_Env	100521	1300003	0	1			5		1	3	0.0	0.0	4	4		Pick the apple from the counter and place it in the cabinet.	0	all_token_full	groot_n15_dit_block_residual_full_tokens_denoise	["layer","denoise_step","model_token","feature_dim"]	[7,4,49,1536]	[0,2,4,8,10,12,15]	n15_grid_v6_scene_jitter	grid_coord	meta	meta_json	375e3c46c962/worker2/PPCC/apple/s0/j3/n3/base
375e3c46c962	worker2	PPCC/apple	0	3	4	base	activation	1f4b70c3be24960c	1f4b70c3be24960c34b617fe07e58d6509ce612748fcb33df4751e61c9ee967f	lerobot_groot_n15	n15	lerobot_groot_n15__robocasa365_ckpt120000		0	Pick the apple from the counter and place it in the cabinet.	robocasa_panda_omron/PickPlaceCounterToCabinet_PandaOmron_Env	100521	1300004	0	1			5		1	3	0.0	0.0	4	4		Pick the apple from the counter and place it in the cabinet.	0	all_token_full	groot_n15_dit_block_residual_full_tokens_denoise	["layer","denoise_step","model_token","feature_dim"]	[7,4,49,1536]	[0,2,4,8,10,12,15]	n15_grid_v6_scene_jitter	grid_coord	meta	meta_json	375e3c46c962/worker2/PPCC/apple/s0/j3/n4/base
375e3c46c962	worker2	PPCC/apple	0	4	0	base	activation	824a9792a3d38182	824a9792a3d38182f2610f77552b9dc7158a32345602cd1a634b500b1211917e	lerobot_groot_n15	n15	lerobot_groot_n15__robocasa365_ckpt120000		0	Pick the apple from the counter and place it in the cabinet.	robocasa_panda_omron/PickPlaceCounterToCabinet_PandaOmron_Env	100521	1300000	0	1			5		1	4	0.0	0.0	4	4		Pick the apple from the counter and place it in the cabinet.	0	all_token_full	groot_n15_dit_block_residual_full_tokens_denoise	["layer","denoise_step","model_token","feature_dim"]	[7,4,49,1536]	[0,2,4,8,10,12,15]	n15_grid_v6_scene_jitter	grid_coord	meta	meta_json	375e3c46c962/worker2/PPCC/apple/s0/j4/n0/base
375e3c46c962	worker2	PPCC/apple	0	4	1	base	activation	c552f59720d719ad	c552f59720d719adbb12af9801a11c2749d800f7197cc3f3f0f019e846dd7385	lerobot_groot_n15	n15	lerobot_groot_n15__robocasa365_ckpt120000		0	Pick the apple from the counter and place it in the cabinet.	robocasa_panda_omron/PickPlaceCounterToCabinet_PandaOmron_Env	100521	1300001	0	1			5		1	4	0.0	0.0	4	4		Pick the apple from the counter and place it in the cabinet.	0	all_token_full	groot_n15_dit_block_residual_full_tokens_denoise	["layer","denoise_step","model_token","feature_dim"]	[7,4,49,1536]	[0,2,4,8,10,12,15]	n15_grid_v6_scene_jitter	grid_coord	meta	meta_json	375e3c46c962/worker2/PPCC/apple/s0/j4/n1/base
375e3c46c962	worker2	PPCC/apple	0	4	2	base	activation	60a56b6ad60957ae	60a56b6ad60957aebcff6f914a0463d7a8ee06641d554ef3f935ec524b98479c	lerobot_groot_n15	n15	lerobot_groot_n15__robocasa365_ckpt120000		0	Pick the apple from the counter and place it in the cabinet.	robocasa_panda_omron/PickPlaceCounterToCabinet_PandaOmron_Env	100521	1300002	0	1			5		1	4	0.0	0.0	4	4		Pick the apple from the counter and place it in the cabinet.	0	all_token_full	groot_n15_dit_block_residual_full_tokens_denoise	["layer","denoise_step","model_token","feature_dim"]	[7,4,49,1536]	[0,2,4,8,10,12,15]	n15_grid_v6_scene_jitter	grid_coord	meta	meta_json	375e3c46c962/worker2/PPCC/apple/s0/j4/n2/base
375e3c46c962	worker2	PPCC/apple	0	4	3	base	activation	e9f187a33bfe97a7	e9f187a33bfe97a746875e6480cfd4ceebed48fe46402793b2f744af0a33c87e	lerobot_groot_n15	n15	lerobot_groot_n15__robocasa365_ckpt120000		0	Pick the apple from the counter and place it in the cabinet.	robocasa_panda_omron/PickPlaceCounterToCabinet_PandaOmron_Env	100521	1300003	0	1			5		1	4	0.0	0.0	4	4		Pick the apple from the counter and place it in the cabinet.	0	all_token_full	groot_n15_dit_block_residual_full_tokens_denoise	["layer","denoise_step","model_token","feature_dim"]	[7,4,49,1536]	[0,2,4,8,10,12,15]	n15_grid_v6_scene_jitter	grid_coord	meta	meta_json	375e3c46c962/worker2/PPCC/apple/s0/j4/n3/base
375e3c46c962	worker2	PPCC/apple	0	4	4	base	activation	f89c7cb7d8fae914	f89c7cb7d8fae914181e1faf146a62b5da5610b347c3425971c83f8d1e38861e	lerobot_groot_n15	n15	lerobot_groot_n15__robocasa365_ckpt120000		0	Pick the apple from the counter and place it in the cabinet.	robocasa_panda_omron/PickPlaceCounterToCabinet_PandaOmron_Env	100521	1300004	0	1			5		1	4	0.0	0.0	4	4		Pick the apple from the counter and place it in the cabinet.	0	all_token_full	groot_n15_dit_block_residual_full_tokens_denoise	["layer","denoise_step","model_token","feature_dim"]	[7,4,49,1536]	[0,2,4,8,10,12,15]	n15_grid_v6_scene_jitter	grid_coord	meta	meta_json	375e3c46c962/worker2/PPCC/apple/s0/j4/n4/base
375e3c46c962	worker2	PPCC/apple	1	0	0	base	activation	23d49e0917c64d3a	23d49e0917c64d3ae7dccbaa10460dd43eced7b8c18496fbecfc0733dceba2b2	lerobot_groot_n15	n15	lerobot_groot_n15__robocasa365_ckpt120000		0	Pick the apple from the counter and place it in the cabinet.	robocasa_panda_omron/PickPlaceCounterToCabinet_PandaOmron_Env	100401	1300000	0	1			5		1	0	0.0	0.0	9	9		Pick the apple from the counter and place it in the cabinet.	0	all_token_full	groot_n15_dit_block_residual_full_tokens_denoise	["layer","denoise_step","model_token","feature_dim"]	[7,4,49,1536]	[0,2,4,8,10,12,15]	n15_grid_v6_scene_jitter	grid_coord	meta	meta_json	375e3c46c962/worker2/PPCC/apple/s1/j0/n0/base
375e3c46c962	worker2	PPCC/apple	1	0	1	base	activation	fc0180b531d3b566	fc0180b531d3b566ad46a77ea6ea9ee6d2bf3a697fefbe002a1b0a842deb2494	lerobot_groot_n15	n15	lerobot_groot_n15__robocasa365_ckpt120000		0	Pick the apple from the counter and place it in the cabinet.	robocasa_panda_omron/PickPlaceCounterToCabinet_PandaOmron_Env	100401	1300001	0	1			5		1	0	0.0	0.0	9	9		Pick the apple from the counter and place it in the cabinet.	0	all_token_full	groot_n15_dit_block_residual_full_tokens_denoise	["layer","denoise_step","model_token","feature_dim"]	[7,4,49,1536]	[0,2,4,8,10,12,15]	n15_grid_v6_scene_jitter	grid_coord	meta	meta_json	375e3c46c962/worker2/PPCC/apple/s1/j0/n1/base
375e3c46c962	worker2	PPCC/apple	1	0	2	base	activation	ba2e46320d3bbaec	ba2e46320d3bbaecde4d450cefc68ec3b070c222fb0fee406f3f208f4b59d3bf	lerobot_groot_n15	n15	lerobot_groot_n15__robocasa365_ckpt120000		0	Pick the apple from the counter and place it in the cabinet.	robocasa_panda_omron/PickPlaceCounterToCabinet_PandaOmron_Env	100401	1300002	0	1			5		1	0	0.0	0.0	9	9		Pick the apple from the counter and place it in the cabinet.	0	all_token_full	groot_n15_dit_block_residual_full_tokens_denoise	["layer","denoise_step","model_token","feature_dim"]	[7,4,49,1536]	[0,2,4,8,10,12,15]	n15_grid_v6_scene_jitter	grid_coord	meta	meta_json	375e3c46c962/worker2/PPCC/apple/s1/j0/n2/base
375e3c46c962	worker2	PPCC/apple	1	0	3	base	activation	57937c3a58d61669	57937c3a58d61669ddcfb12c385b06a7ff756f1d70a58a5b3731c187ef9cee4c	lerobot_groot_n15	n15	lerobot_groot_n15__robocasa365_ckpt120000		0	Pick the apple from the counter and place it in the cabinet.	robocasa_panda_omron/PickPlaceCounterToCabinet_PandaOmron_Env	100401	1300003	0	1			5		1	0	0.0	0.0	9	9		Pick the apple from the counter and place it in the cabinet.	0	all_token_full	groot_n15_dit_block_residual_full_tokens_denoise	["layer","denoise_step","model_token","feature_dim"]	[7,4,49,1536]	[0,2,4,8,10,12,15]	n15_grid_v6_scene_jitter	grid_coord	meta	meta_json	375e3c46c962/worker2/PPCC/apple/s1/j0/n3/base
375e3c46c962	worker2	PPCC/apple	1	0	4	base	activation	1c65952cb565c44e	1c65952cb565c44efb7f977598cb259fdaabe3e6661ac2f3a21968278fd793a6	lerobot_groot_n15	n15	lerobot_groot_n15__robocasa365_ckpt120000		0	Pick the apple from the counter and place it in the cabinet.	robocasa_panda_omron/PickPlaceCounterToCabinet_PandaOmron_Env	100401	1300004	0	1			5		1	0	0.0	0.0	9	9		Pick the apple from the counter and place it in the cabinet.	0	all_token_full	groot_n15_dit_block_residual_full_tokens_denoise	["layer","denoise_step","model_token","feature_dim"]	[7,4,49,1536]	[0,2,4,8,10,12,15]	n15_grid_v6_scene_jitter	grid_coord	meta	meta_json	375e3c46c962/worker2/PPCC/apple/s1/j0/n4/base
375e3c46c962	worker2	PPCC/apple	1	1	0	base	activation	8f93a920bfb36ba8	8f93a920bfb36ba8406063f729b2d845849f050e8e7a478e1fe3c4fbf58ca043	lerobot_groot_n15	n15	lerobot_groot_n15__robocasa365_ckpt120000		0	Pick the apple from the counter and place it in the cabinet.	robocasa_panda_omron/PickPlaceCounterToCabinet_PandaOmron_Env	100401	1300000	0	1			5		1	1	0.0	0.0	9	9		Pick the apple from the counter and place it in the cabinet.	0	all_token_full	groot_n15_dit_block_residual_full_tokens_denoise	["layer","denoise_step","model_token","feature_dim"]	[7,4,49,1536]	[0,2,4,8,10,12,15]	n15_grid_v6_scene_jitter	grid_coord	meta	meta_json	375e3c46c962/worker2/PPCC/apple/s1/j1/n0/base
375e3c46c962	worker2	PPCC/apple	1	1	1	base	activation	3da5b7048d54f194	3da5b7048d54f19401d11e6edc5e78797709a17284b77665bc0ad19cf74cd8a7	lerobot_groot_n15	n15	lerobot_groot_n15__robocasa365_ckpt120000		0	Pick the apple from the counter and place it in the cabinet.	robocasa_panda_omron/PickPlaceCounterToCabinet_PandaOmron_Env	100401	1300001	0	1			5		1	1	0.0	0.0	9	9		Pick the apple from the counter and place it in the cabinet.	0	all_token_full	groot_n15_dit_block_residual_full_tokens_denoise	["layer","denoise_step","model_token","feature_dim"]	[7,4,49,1536]	[0,2,4,8,10,12,15]	n15_grid_v6_scene_jitter	grid_coord	meta	meta_json	375e3c46c962/worker2/PPCC/apple/s1/j1/n1/base
375e3c46c962	worker2	PPCC/apple	1	1	2	base	activation	9d06eda162c0c6fe	9d06eda162c0c6febfde8f1830400dd08b8331e8a4ff0cec0bb123c76968e418	lerobot_groot_n15	n15	lerobot_groot_n15__robocasa365_ckpt120000		0	Pick the apple from the counter and place it in the cabinet.	robocasa_panda_omron/PickPlaceCounterToCabinet_PandaOmron_Env	100401	1300002	0	1			5		1	1	0.0	0.0	9	9		Pick the apple from the counter and place it in the cabinet.	0	all_token_full	groot_n15_dit_block_residual_full_tokens_denoise	["layer","denoise_step","model_token","feature_dim"]	[7,4,49,1536]	[0,2,4,8,10,12,15]	n15_grid_v6_scene_jitter	grid_coord	meta	meta_json	375e3c46c962/worker2/PPCC/apple/s1/j1/n2/base
375e3c46c962	worker2	PPCC/apple	1	1	3	base	activation	452498eee26df1b1	452498eee26df1b1be40ec2c2e505256ad2f8d50cca222697f96b3bab4b763c0	lerobot_groot_n15	n15	lerobot_groot_n15__robocasa365_ckpt120000		0	Pick the apple from the counter and place it in the cabinet.	robocasa_panda_omron/PickPlaceCounterToCabinet_PandaOmron_Env	100401	1300003	0	1			5		1	1	0.0	0.0	9	9		Pick the apple from the counter and place it in the cabinet.	0	all_token_full	groot_n15_dit_block_residual_full_tokens_denoise	["layer","denoise_step","model_token","feature_dim"]	[7,4,49,1536]	[0,2,4,8,10,12,15]	n15_grid_v6_scene_jitter	grid_coord	meta	meta_json	375e3c46c962/worker2/PPCC/apple/s1/j1/n3/base
375e3c46c962	worker2	PPCC/apple	1	1	4	base	activation	a540e7b6128de1be	a540e7b6128de1be31c5cdc4f4b0a3acc148ffae878539969114f2819cd4d150	lerobot_groot_n15	n15	lerobot_groot_n15__robocasa365_ckpt120000		0	Pick the apple from the counter and place it in the cabinet.	robocasa_panda_omron/PickPlaceCounterToCabinet_PandaOmron_Env	100401	1300004	0	1			5		1	1	0.0	0.0	9	9		Pick the apple from the counter and place it in the cabinet.	0	all_token_full	groot_n15_dit_block_residual_full_tokens_denoise	["layer","denoise_step","model_token","feature_dim"]	[7,4,49,1536]	[0,2,4,8,10,12,15]	n15_grid_v6_scene_jitter	grid_coord	meta	meta_json	375e3c46c962/worker2/PPCC/apple/s1/j1/n4/base
375e3c46c962	worker2	PPCC/apple	1	2	0	base	activation	b770533d2bfafdbe	b770533d2bfafdbe12b098db2dfd948ac1bccc50c2d7b8cb45294d7fc417ceb2	lerobot_groot_n15	n15	lerobot_groot_n15__robocasa365_ckpt120000		0	Pick the apple from the counter and place it in the cabinet.	robocasa_panda_omron/PickPlaceCounterToCabinet_PandaOmron_Env	100401	1300000	0	1			5		1	2	0.0	0.0	9	9		Pick the apple from the counter and place it in the cabinet.	0	all_token_full	groot_n15_dit_block_residual_full_tokens_denoise	["layer","denoise_step","model_token","feature_dim"]	[7,4,49,1536]	[0,2,4,8,10,12,15]	n15_grid_v6_scene_jitter	grid_coord	meta	meta_json	375e3c46c962/worker2/PPCC/apple/s1/j2/n0/base
375e3c46c962	worker2	PPCC/apple	1	2	1	base	activation	1acd9ad812bf2b0e	1acd9ad812bf2b0e847435f2bab5782cd01d7c1f77c88bd2062deec46a46ba3b	lerobot_groot_n15	n15	lerobot_groot_n15__robocasa365_ckpt120000		0	Pick the apple from the counter and place it in the cabinet.	robocasa_panda_omron/PickPlaceCounterToCabinet_PandaOmron_Env	100401	1300001	0	1			5		1	2	0.0	0.0	9	9		Pick the apple from the counter and place it in the cabinet.	0	all_token_full	groot_n15_dit_block_residual_full_tokens_denoise	["layer","denoise_step","model_token","feature_dim"]	[7,4,49,1536]	[0,2,4,8,10,12,15]	n15_grid_v6_scene_jitter	grid_coord	meta	meta_json	375e3c46c962/worker2/PPCC/apple/s1/j2/n1/base
375e3c46c962	worker2	PPCC/apple	1	2	2	base	activation	7eed80394829d3dc	7eed80394829d3dc8cda6aa0c8256d0a80eb2e1b15f6c4bf07aaf9a21cae825e	lerobot_groot_n15	n15	lerobot_groot_n15__robocasa365_ckpt120000		0	Pick the apple from the counter and place it in the cabinet.	robocasa_panda_omron/PickPlaceCounterToCabinet_PandaOmron_Env	100401	1300002	0	1			5		1	2	0.0	0.0	9	9		Pick the apple from the counter and place it in the cabinet.	0	all_token_full	groot_n15_dit_block_residual_full_tokens_denoise	["layer","denoise_step","model_token","feature_dim"]	[7,4,49,1536]	[0,2,4,8,10,12,15]	n15_grid_v6_scene_jitter	grid_coord	meta	meta_json	375e3c46c962/worker2/PPCC/apple/s1/j2/n2/base
375e3c46c962	worker2	PPCC/apple	1	2	3	base	activation	de70dbd3e6768fb3	de70dbd3e6768fb3087b4fce2e63bdecd1e51e6ba25b5de8e3f740912cceb2ed	lerobot_groot_n15	n15	lerobot_groot_n15__robocasa365_ckpt120000		0	Pick the apple from the counter and place it in the cabinet.	robocasa_panda_omron/PickPlaceCounterToCabinet_PandaOmron_Env	100401	1300003	0	1			5		1	2	0.0	0.0	9	9		Pick the apple from the counter and place it in the cabinet.	0	all_token_full	groot_n15_dit_block_residual_full_tokens_denoise	["layer","denoise_step","model_token","feature_dim"]	[7,4,49,1536]	[0,2,4,8,10,12,15]	n15_grid_v6_scene_jitter	grid_coord	meta	meta_json	375e3c46c962/worker2/PPCC/apple/s1/j2/n3/base
375e3c46c962	worker2	PPCC/apple	1	2	4	base	activation	349d0adb16333f76	349d0adb16333f76c8b30f260f54738cb54e5a007af021e0e5323791d3a7e30c	lerobot_groot_n15	n15	lerobot_groot_n15__robocasa365_ckpt120000		0	Pick the apple from the counter and place it in the cabinet.	robocasa_panda_omron/PickPlaceCounterToCabinet_PandaOmron_Env	100401	1300004	0	1			5		1	2	0.0	0.0	9	9		Pick the apple from the counter and place it in the cabinet.	0	all_token_full	groot_n15_dit_block_residual_full_tokens_denoise	["layer","denoise_step","model_token","feature_dim"]	[7,4,49,1536]	[0,2,4,8,10,12,15]	n15_grid_v6_scene_jitter	grid_coord	meta	meta_json	375e3c46c962/worker2/PPCC/apple/s1/j2/n4/base
375e3c46c962	worker2	PPCC/apple	1	3	0	base	activation	55d082e276c7eb2f	55d082e276c7eb2ffd1db4effbc0c2e12ad7c7467c6630774897cf6999e1d5cf	lerobot_groot_n15	n15	lerobot_groot_n15__robocasa365_ckpt120000		0	Pick the apple from the counter and place it in the cabinet.	robocasa_panda_omron/PickPlaceCounterToCabinet_PandaOmron_Env	100401	1300000	0	1			5		1	3	0.0	0.0	9	9		Pick the apple from the counter and place it in the cabinet.	0	all_token_full	groot_n15_dit_block_residual_full_tokens_denoise	["layer","denoise_step","model_token","feature_dim"]	[7,4,49,1536]	[0,2,4,8,10,12,15]	n15_grid_v6_scene_jitter	grid_coord	meta	meta_json	375e3c46c962/worker2/PPCC/apple/s1/j3/n0/base
375e3c46c962	worker2	PPCC/apple	1	3	1	base	activation	791ae8ac63bb256c	791ae8ac63bb256cb9b8302145f472d1781dba4fd539df57a7d69c4b6d4e853d	lerobot_groot_n15	n15	lerobot_groot_n15__robocasa365_ckpt120000		0	Pick the apple from the counter and place it in the cabinet.	robocasa_panda_omron/PickPlaceCounterToCabinet_PandaOmron_Env	100401	1300001	0	1			5		1	3	0.0	0.0	9	9		Pick the apple from the counter and place it in the cabinet.	0	all_token_full	groot_n15_dit_block_residual_full_tokens_denoise	["layer","denoise_step","model_token","feature_dim"]	[7,4,49,1536]	[0,2,4,8,10,12,15]	n15_grid_v6_scene_jitter	grid_coord	meta	meta_json	375e3c46c962/worker2/PPCC/apple/s1/j3/n1/base
375e3c46c962	worker2	PPCC/apple	1	3	2	base	activation	dc8a6f3cc23eb53e	dc8a6f3cc23eb53ed30313c00d9e68c84262b76d55acba74b17d88d249f99a9b	lerobot_groot_n15	n15	lerobot_groot_n15__robocasa365_ckpt120000		0	Pick the apple from the counter and place it in the cabinet.	robocasa_panda_omron/PickPlaceCounterToCabinet_PandaOmron_Env	100401	1300002	0	1			5		1	3	0.0	0.0	9	9		Pick the apple from the counter and place it in the cabinet.	0	all_token_full	groot_n15_dit_block_residual_full_tokens_denoise	["layer","denoise_step","model_token","feature_dim"]	[7,4,49,1536]	[0,2,4,8,10,12,15]	n15_grid_v6_scene_jitter	grid_coord	meta	meta_json	375e3c46c962/worker2/PPCC/apple/s1/j3/n2/base
375e3c46c962	worker2	PPCC/apple	1	3	3	base	activation	0447f33b537c0338	0447f33b537c03386a42cf700a025c6b892790ff9a365409af815f44d3f1736f	lerobot_groot_n15	n15	lerobot_groot_n15__robocasa365_ckpt120000		0	Pick the apple from the counter and place it in the cabinet.	robocasa_panda_omron/PickPlaceCounterToCabinet_PandaOmron_Env	100401	1300003	0	1			5		1	3	0.0	0.0	9	9		Pick the apple from the counter and place it in the cabinet.	0	all_token_full	groot_n15_dit_block_residual_full_tokens_denoise	["layer","denoise_step","model_token","feature_dim"]	[7,4,49,1536]	[0,2,4,8,10,12,15]	n15_grid_v6_scene_jitter	grid_coord	meta	meta_json	375e3c46c962/worker2/PPCC/apple/s1/j3/n3/base
375e3c46c962	worker2	PPCC/apple	1	3	4	base	activation	ac8d6e858576f344	ac8d6e858576f34433b4a39a005d7b4bd111f5fbb24b8196bcf88c30538ce278	lerobot_groot_n15	n15	lerobot_groot_n15__robocasa365_ckpt120000		0	Pick the apple from the counter and place it in the cabinet.	robocasa_panda_omron/PickPlaceCounterToCabinet_PandaOmron_Env	100401	1300004	0	1			5		1	3	0.0	0.0	9	9		Pick the apple from the counter and place it in the cabinet.	0	all_token_full	groot_n15_dit_block_residual_full_tokens_denoise	["layer","denoise_step","model_token","feature_dim"]	[7,4,49,1536]	[0,2,4,8,10,12,15]	n15_grid_v6_scene_jitter	grid_coord	meta	meta_json	375e3c46c962/worker2/PPCC/apple/s1/j3/n4/base
375e3c46c962	worker2	PPCC/apple	1	4	0	base	activation	b2de38d104a3fb0e	b2de38d104a3fb0e7dc9a67d6c88a6a5eb2e411d90c4ccebcd06e85e40d6acb8	lerobot_groot_n15	n15	lerobot_groot_n15__robocasa365_ckpt120000		0	Pick the apple from the counter and place it in the cabinet.	robocasa_panda_omron/PickPlaceCounterToCabinet_PandaOmron_Env	100401	1300000	0	1			5		1	4	0.0	0.0	9	9		Pick the apple from the counter and place it in the cabinet.	0	all_token_full	groot_n15_dit_block_residual_full_tokens_denoise	["layer","denoise_step","model_token","feature_dim"]	[7,4,49,1536]	[0,2,4,8,10,12,15]	n15_grid_v6_scene_jitter	grid_coord	meta	meta_json	375e3c46c962/worker2/PPCC/apple/s1/j4/n0/base
375e3c46c962	worker2	PPCC/apple	1	4	1	base	activation	4e306cb29422f9bb	4e306cb29422f9bb5d4a71f61766c2424a4a2e92dcc52ccbbb2d25672c75a9eb	lerobot_groot_n15	n15	lerobot_groot_n15__robocasa365_ckpt120000		0	Pick the apple from the counter and place it in the cabinet.	robocasa_panda_omron/PickPlaceCounterToCabinet_PandaOmron_Env	100401	1300001	0	1			5		1	4	0.0	0.0	9	9		Pick the apple from the counter and place it in the cabinet.	0	all_token_full	groot_n15_dit_block_residual_full_tokens_denoise	["layer","denoise_step","model_token","feature_dim"]	[7,4,49,1536]	[0,2,4,8,10,12,15]	n15_grid_v6_scene_jitter	grid_coord	meta	meta_json	375e3c46c962/worker2/PPCC/apple/s1/j4/n1/base
375e3c46c962	worker2	PPCC/apple	1	4	2	base	activation	808032fcac32e5e8	808032fcac32e5e8243b4c12cbbff255b2c5d806cd86b72a18606f5183577a97	lerobot_groot_n15	n15	lerobot_groot_n15__robocasa365_ckpt120000		0	Pick the apple from the counter and place it in the cabinet.	robocasa_panda_omron/PickPlaceCounterToCabinet_PandaOmron_Env	100401	1300002	0	1			5		1	4	0.0	0.0	9	9		Pick the apple from the counter and place it in the cabinet.	0	all_token_full	groot_n15_dit_block_residual_full_tokens_denoise	["layer","denoise_step","model_token","feature_dim"]	[7,4,49,1536]	[0,2,4,8,10,12,15]	n15_grid_v6_scene_jitter	grid_coord	meta	meta_json	375e3c46c962/worker2/PPCC/apple/s1/j4/n2/base
375e3c46c962	worker2	PPCC/apple	1	4	3	base	activation	bc8a9b40de2c88d9	bc8a9b40de2c88d9cc5b4a43e95a180d403f4efcc94b9a4a915d046bdafb8c39	lerobot_groot_n15	n15	lerobot_groot_n15__robocasa365_ckpt120000		0	Pick the apple from the counter and place it in the cabinet.	robocasa_panda_omron/PickPlaceCounterToCabinet_PandaOmron_Env	100401	1300003	0	1			5		1	4	0.0	0.0	9	9		Pick the apple from the counter and place it in the cabinet.	0	all_token_full	groot_n15_dit_block_residual_full_tokens_denoise	["layer","denoise_step","model_token","feature_dim"]	[7,4,49,1536]	[0,2,4,8,10,12,15]	n15_grid_v6_scene_jitter	grid_coord	meta	meta_json	375e3c46c962/worker2/PPCC/apple/s1/j4/n3/base
375e3c46c962	worker2	PPCC/apple	1	4	4	base	activation	b65de1e72164a2e0	b65de1e72164a2e0e4c77b770f219f89e2a09cbe9a3bbf7d851b64eb9428b29e	lerobot_groot_n15	n15	lerobot_groot_n15__robocasa365_ckpt120000		0	Pick the apple from the counter and place it in the cabinet.	robocasa_panda_omron/PickPlaceCounterToCabinet_PandaOmron_Env	100401	1300004	0	1			5		1	4	0.0	0.0	9	9		Pick the apple from the counter and place it in the cabinet.	0	all_token_full	groot_n15_dit_block_residual_full_tokens_denoise	["layer","denoise_step","model_token","feature_dim"]	[7,4,49,1536]	[0,2,4,8,10,12,15]	n15_grid_v6_scene_jitter	grid_coord	meta	meta_json	375e3c46c962/worker2/PPCC/apple/s1/j4/n4/base
375e3c46c962	worker2	PPCC/apple	2	0	0	base	activation	be2e03fab33f02de	be2e03fab33f02de34b0ad791345fefd428f62f1f2498c784582a49f6df7c5ac	lerobot_groot_n15	n15	lerobot_groot_n15__robocasa365_ckpt120000		0	Pick the apple from the counter and place it in the cabinet.	robocasa_panda_omron/PickPlaceCounterToCabinet_PandaOmron_Env	100113	1300000	0	1			5		1	0	0.0	0.0	5	5		Pick the apple from the counter and place it in the cabinet.	0	all_token_full	groot_n15_dit_block_residual_full_tokens_denoise	["layer","denoise_step","model_token","feature_dim"]	[7,4,49,1536]	[0,2,4,8,10,12,15]	n15_grid_v6_scene_jitter	grid_coord	meta	meta_json	375e3c46c962/worker2/PPCC/apple/s2/j0/n0/base
375e3c46c962	worker2	PPCC/apple	2	0	1	base	activation	3bd8c0570517febb	3bd8c0570517febb388965fe484738286036790199ede7571eefbea79222a454	lerobot_groot_n15	n15	lerobot_groot_n15__robocasa365_ckpt120000		0	Pick the apple from the counter and place it in the cabinet.	robocasa_panda_omron/PickPlaceCounterToCabinet_PandaOmron_Env	100113	1300001	0	1			5		1	0	0.0	0.0	5	5		Pick the apple from the counter and place it in the cabinet.	0	all_token_full	groot_n15_dit_block_residual_full_tokens_denoise	["layer","denoise_step","model_token","feature_dim"]	[7,4,49,1536]	[0,2,4,8,10,12,15]	n15_grid_v6_scene_jitter	grid_coord	meta	meta_json	375e3c46c962/worker2/PPCC/apple/s2/j0/n1/base
375e3c46c962	worker2	PPCC/apple	2	0	2	base	activation	d3b590fcef2b3e10	d3b590fcef2b3e10958bd9a86058513b72c2ea29a63ef4bdf105f5a365e38255	lerobot_groot_n15	n15	lerobot_groot_n15__robocasa365_ckpt120000		0	Pick the apple from the counter and place it in the cabinet.	robocasa_panda_omron/PickPlaceCounterToCabinet_PandaOmron_Env	100113	1300002	0	1			5		1	0	0.0	0.0	5	5		Pick the apple from the counter and place it in the cabinet.	0	all_token_full	groot_n15_dit_block_residual_full_tokens_denoise	["layer","denoise_step","model_token","feature_dim"]	[7,4,49,1536]	[0,2,4,8,10,12,15]	n15_grid_v6_scene_jitter	grid_coord	meta	meta_json	375e3c46c962/worker2/PPCC/apple/s2/j0/n2/base
375e3c46c962	worker2	PPCC/apple	2	0	3	base	activation	1865a864010f5d13	1865a864010f5d13bb84b5bf17d6ed618870d6c7462e70894b85e47efdc47f0a	lerobot_groot_n15	n15	lerobot_groot_n15__robocasa365_ckpt120000		0	Pick the apple from the counter and place it in the cabinet.	robocasa_panda_omron/PickPlaceCounterToCabinet_PandaOmron_Env	100113	1300003	0	1			5		1	0	0.0	0.0	5	5		Pick the apple from the counter and place it in the cabinet.	0	all_token_full	groot_n15_dit_block_residual_full_tokens_denoise	["layer","denoise_step","model_token","feature_dim"]	[7,4,49,1536]	[0,2,4,8,10,12,15]	n15_grid_v6_scene_jitter	grid_coord	meta	meta_json	375e3c46c962/worker2/PPCC/apple/s2/j0/n3/base
375e3c46c962	worker2	PPCC/apple	2	0	4	base	activation	73b1a602a5fef4a6	73b1a602a5fef4a68bd2d6bf0a4cecc0e383f29b0e59432fe69dd478327afcbb	lerobot_groot_n15	n15	lerobot_groot_n15__robocasa365_ckpt120000		0	Pick the apple from the counter and place it in the cabinet.	robocasa_panda_omron/PickPlaceCounterToCabinet_PandaOmron_Env	100113	1300004	0	1			5		1	0	0.0	0.0	5	5		Pick the apple from the counter and place it in the cabinet.	0	all_token_full	groot_n15_dit_block_residual_full_tokens_denoise	["layer","denoise_step","model_token","feature_dim"]	[7,4,49,1536]	[0,2,4,8,10,12,15]	n15_grid_v6_scene_jitter	grid_coord	meta	meta_json	375e3c46c962/worker2/PPCC/apple/s2/j0/n4/base
375e3c46c962	worker2	PPCC/apple	2	1	0	base	activation	b3d07f7680d86533	b3d07f7680d86533d2b4624e0dee783e4c508114265e78356699d86917e0ed07	lerobot_groot_n15	n15	lerobot_groot_n15__robocasa365_ckpt120000		0	Pick the apple from the counter and place it in the cabinet.	robocasa_panda_omron/PickPlaceCounterToCabinet_PandaOmron_Env	100113	1300000	0	1			5		1	1	0.0	0.0	5	5		Pick the apple from the counter and place it in the cabinet.	0	all_token_full	groot_n15_dit_block_residual_full_tokens_denoise	["layer","denoise_step","model_token","feature_dim"]	[7,4,49,1536]	[0,2,4,8,10,12,15]	n15_grid_v6_scene_jitter	grid_coord	meta	meta_json	375e3c46c962/worker2/PPCC/apple/s2/j1/n0/base
375e3c46c962	worker2	PPCC/apple	2	1	1	base	activation	819c23eed3ce0025	819c23eed3ce00257a8f58f0ea9b15a708323c5415694c2717c5f673c6b24ae5	lerobot_groot_n15	n15	lerobot_groot_n15__robocasa365_ckpt120000		0	Pick the apple from the counter and place it in the cabinet.	robocasa_panda_omron/PickPlaceCounterToCabinet_PandaOmron_Env	100113	1300001	0	1			5		1	1	0.0	0.0	5	5		Pick the apple from the counter and place it in the cabinet.	0	all_token_full	groot_n15_dit_block_residual_full_tokens_denoise	["layer","denoise_step","model_token","feature_dim"]	[7,4,49,1536]	[0,2,4,8,10,12,15]	n15_grid_v6_scene_jitter	grid_coord	meta	meta_json	375e3c46c962/worker2/PPCC/apple/s2/j1/n1/base
375e3c46c962	worker2	PPCC/apple	2	1	2	base	activation	67ee0a1e52dacede	67ee0a1e52dacedeb23a3e92589538da971b00cc1d27dce4c8f0cb47a547bb4c	lerobot_groot_n15	n15	lerobot_groot_n15__robocasa365_ckpt120000		0	Pick the apple from the counter and place it in the cabinet.	robocasa_panda_omron/PickPlaceCounterToCabinet_PandaOmron_Env	100113	1300002	0	1			5		1	1	0.0	0.0	5	5		Pick the apple from the counter and place it in the cabinet.	0	all_token_full	groot_n15_dit_block_residual_full_tokens_denoise	["layer","denoise_step","model_token","feature_dim"]	[7,4,49,1536]	[0,2,4,8,10,12,15]	n15_grid_v6_scene_jitter	grid_coord	meta	meta_json	375e3c46c962/worker2/PPCC/apple/s2/j1/n2/base
375e3c46c962	worker2	PPCC/apple	2	1	3	base	activation	7a77d92d8ca3833c	7a77d92d8ca3833ceb7c4c5ec23eef52b4086038baba11312fa7e8600d733193	lerobot_groot_n15	n15	lerobot_groot_n15__robocasa365_ckpt120000		0	Pick the apple from the counter and place it in the cabinet.	robocasa_panda_omron/PickPlaceCounterToCabinet_PandaOmron_Env	100113	1300003	0	1			5		1	1	0.0	0.0	5	5		Pick the apple from the counter and place it in the cabinet.	0	all_token_full	groot_n15_dit_block_residual_full_tokens_denoise	["layer","denoise_step","model_token","feature_dim"]	[7,4,49,1536]	[0,2,4,8,10,12,15]	n15_grid_v6_scene_jitter	grid_coord	meta	meta_json	375e3c46c962/worker2/PPCC/apple/s2/j1/n3/base
375e3c46c962	worker2	PPCC/apple	2	1	4	base	activation	9055f6171b60f3f4	9055f6171b60f3f4c3342bf7fd2f62c77a29bb8998756059e53695c0dae0b40d	lerobot_groot_n15	n15	lerobot_groot_n15__robocasa365_ckpt120000		0	Pick the apple from the counter and place it in the cabinet.	robocasa_panda_omron/PickPlaceCounterToCabinet_PandaOmron_Env	100113	1300004	0	1			5		1	1	0.0	0.0	5	5		Pick the apple from the counter and place it in the cabinet.	0	all_token_full	groot_n15_dit_block_residual_full_tokens_denoise	["layer","denoise_step","model_token","feature_dim"]	[7,4,49,1536]	[0,2,4,8,10,12,15]	n15_grid_v6_scene_jitter	grid_coord	meta	meta_json	375e3c46c962/worker2/PPCC/apple/s2/j1/n4/base
375e3c46c962	worker2	PPCC/apple	2	2	0	base	activation	7750966145ea8aad	7750966145ea8aade284ec58d2788380054e2f0b22732c03c2be6c0f5c0c8448	lerobot_groot_n15	n15	lerobot_groot_n15__robocasa365_ckpt120000		0	Pick the apple from the counter and place it in the cabinet.	robocasa_panda_omron/PickPlaceCounterToCabinet_PandaOmron_Env	100113	1300000	0	1			5		1	2	0.0	0.0	5	5		Pick the apple from the counter and place it in the cabinet.	0	all_token_full	groot_n15_dit_block_residual_full_tokens_denoise	["layer","denoise_step","model_token","feature_dim"]	[7,4,49,1536]	[0,2,4,8,10,12,15]	n15_grid_v6_scene_jitter	grid_coord	meta	meta_json	375e3c46c962/worker2/PPCC/apple/s2/j2/n0/base
375e3c46c962	worker2	PPCC/apple	2	2	1	base	activation	39e5fc9e50796f7a	39e5fc9e50796f7a8834bf07fcc120c6648f20c7e13417633a873e99a0881ac2	lerobot_groot_n15	n15	lerobot_groot_n15__robocasa365_ckpt120000		0	Pick the apple from the counter and place it in the cabinet.	robocasa_panda_omron/PickPlaceCounterToCabinet_PandaOmron_Env	100113	1300001	0	1			5		1	2	0.0	0.0	5	5		Pick the apple from the counter and place it in the cabinet.	0	all_token_full	groot_n15_dit_block_residual_full_tokens_denoise	["layer","denoise_step","model_token","feature_dim"]	[7,4,49,1536]	[0,2,4,8,10,12,15]	n15_grid_v6_scene_jitter	grid_coord	meta	meta_json	375e3c46c962/worker2/PPCC/apple/s2/j2/n1/base
375e3c46c962	worker2	PPCC/apple	2	2	2	base	activation	4d1fa09898b0d232	4d1fa09898b0d232415adc53cc525ecfc26d9f7ab20ee4cf113840a0d2c2ed77	lerobot_groot_n15	n15	lerobot_groot_n15__robocasa365_ckpt120000		0	Pick the apple from the counter and place it in the cabinet.	robocasa_panda_omron/PickPlaceCounterToCabinet_PandaOmron_Env	100113	1300002	0	1			5		1	2	0.0	0.0	5	5		Pick the apple from the counter and place it in the cabinet.	0	all_token_full	groot_n15_dit_block_residual_full_tokens_denoise	["layer","denoise_step","model_token","feature_dim"]	[7,4,49,1536]	[0,2,4,8,10,12,15]	n15_grid_v6_scene_jitter	grid_coord	meta	meta_json	375e3c46c962/worker2/PPCC/apple/s2/j2/n2/base
375e3c46c962	worker2	PPCC/apple	2	2	3	base	activation	45fc1c9a0cd97156	45fc1c9a0cd97156eb6ecf8b99849365e1a32ade5b664e281aef71ad63007f29	lerobot_groot_n15	n15	lerobot_groot_n15__robocasa365_ckpt120000		0	Pick the apple from the counter and place it in the cabinet.	robocasa_panda_omron/PickPlaceCounterToCabinet_PandaOmron_Env	100113	1300003	0	1			5		1	2	0.0	0.0	5	5		Pick the apple from the counter and place it in the cabinet.	0	all_token_full	groot_n15_dit_block_residual_full_tokens_denoise	["layer","denoise_step","model_token","feature_dim"]	[7,4,49,1536]	[0,2,4,8,10,12,15]	n15_grid_v6_scene_jitter	grid_coord	meta	meta_json	375e3c46c962/worker2/PPCC/apple/s2/j2/n3/base
375e3c46c962	worker2	PPCC/apple	2	2	4	base	activation	a11074e3cb3e8023	a11074e3cb3e802360dd3e598ef69eaf8deeb2776a28b2b8f6778a2d133ab1c2	lerobot_groot_n15	n15	lerobot_groot_n15__robocasa365_ckpt120000		0	Pick the apple from the counter and place it in the cabinet.	robocasa_panda_omron/PickPlaceCounterToCabinet_PandaOmron_Env	100113	1300004	0	1			5		1	2	0.0	0.0	5	5		Pick the apple from the counter and place it in the cabinet.	0	all_token_full	groot_n15_dit_block_residual_full_tokens_denoise	["layer","denoise_step","model_token","feature_dim"]	[7,4,49,1536]	[0,2,4,8,10,12,15]	n15_grid_v6_scene_jitter	grid_coord	meta	meta_json	375e3c46c962/worker2/PPCC/apple/s2/j2/n4/base
375e3c46c962	worker2	PPCC/apple	2	3	0	base	activation	d040fb88f4f1742e	d040fb88f4f1742e0ca5ebdc9bfedfb8e77fdfce8d562a13a35af122e9b6b036	lerobot_groot_n15	n15	lerobot_groot_n15__robocasa365_ckpt120000		0	Pick the apple from the counter and place it in the cabinet.	robocasa_panda_omron/PickPlaceCounterToCabinet_PandaOmron_Env	100113	1300000	0	1			5		1	3	0.0	0.0	5	5		Pick the apple from the counter and place it in the cabinet.	0	all_token_full	groot_n15_dit_block_residual_full_tokens_denoise	["layer","denoise_step","model_token","feature_dim"]	[7,4,49,1536]	[0,2,4,8,10,12,15]	n15_grid_v6_scene_jitter	grid_coord	meta	meta_json	375e3c46c962/worker2/PPCC/apple/s2/j3/n0/base
375e3c46c962	worker2	PPCC/apple	2	3	1	base	activation	992a3e5d9d2f681c	992a3e5d9d2f681c8de9f8c838f8710d14923b5827389c299090a6ddeb74596b	lerobot_groot_n15	n15	lerobot_groot_n15__robocasa365_ckpt120000		0	Pick the apple from the counter and place it in the cabinet.	robocasa_panda_omron/PickPlaceCounterToCabinet_PandaOmron_Env	100113	1300001	0	1			5		1	3	0.0	0.0	5	5		Pick the apple from the counter and place it in the cabinet.	0	all_token_full	groot_n15_dit_block_residual_full_tokens_denoise	["layer","denoise_step","model_token","feature_dim"]	[7,4,49,1536]	[0,2,4,8,10,12,15]	n15_grid_v6_scene_jitter	grid_coord	meta	meta_json	375e3c46c962/worker2/PPCC/apple/s2/j3/n1/base
375e3c46c962	worker2	PPCC/apple	2	3	2	base	activation	b2a0557cf608c1fc	b2a0557cf608c1fc79ebd86aa23af6bf259d6921a9be91135e226c349687f54f	lerobot_groot_n15	n15	lerobot_groot_n15__robocasa365_ckpt120000		0	Pick the apple from the counter and place it in the cabinet.	robocasa_panda_omron/PickPlaceCounterToCabinet_PandaOmron_Env	100113	1300002	0	1			5		1	3	0.0	0.0	5	5		Pick the apple from the counter and place it in the cabinet.	0	all_token_full	groot_n15_dit_block_residual_full_tokens_denoise	["layer","denoise_step","model_token","feature_dim"]	[7,4,49,1536]	[0,2,4,8,10,12,15]	n15_grid_v6_scene_jitter	grid_coord	meta	meta_json	375e3c46c962/worker2/PPCC/apple/s2/j3/n2/base
375e3c46c962	worker2	PPCC/apple	2	3	3	base	activation	1cbdaab45e8f871c	1cbdaab45e8f871c29ad20f9436f5354b7f84f8b0dc370bddc04a7e8271a8d95	lerobot_groot_n15	n15	lerobot_groot_n15__robocasa365_ckpt120000		0	Pick the apple from the counter and place it in the cabinet.	robocasa_panda_omron/PickPlaceCounterToCabinet_PandaOmron_Env	100113	1300003	0	1			5		1	3	0.0	0.0	5	5		Pick the apple from the counter and place it in the cabinet.	0	all_token_full	groot_n15_dit_block_residual_full_tokens_denoise	["layer","denoise_step","model_token","feature_dim"]	[7,4,49,1536]	[0,2,4,8,10,12,15]	n15_grid_v6_scene_jitter	grid_coord	meta	meta_json	375e3c46c962/worker2/PPCC/apple/s2/j3/n3/base
375e3c46c962	worker2	PPCC/apple	2	3	4	base	activation	ef9a903384ca83e7	ef9a903384ca83e7b31d6e92a21173da1409c93a98267dc87f90148d53e6ac92	lerobot_groot_n15	n15	lerobot_groot_n15__robocasa365_ckpt120000		0	Pick the apple from the counter and place it in the cabinet.	robocasa_panda_omron/PickPlaceCounterToCabinet_PandaOmron_Env	100113	1300004	0	1			5		1	3	0.0	0.0	5	5		Pick the apple from the counter and place it in the cabinet.	0	all_token_full	groot_n15_dit_block_residual_full_tokens_denoise	["layer","denoise_step","model_token","feature_dim"]	[7,4,49,1536]	[0,2,4,8,10,12,15]	n15_grid_v6_scene_jitter	grid_coord	meta	meta_json	375e3c46c962/worker2/PPCC/apple/s2/j3/n4/base
375e3c46c962	worker2	PPCC/apple	2	4	0	base	activation	7f553e7b9009f9f8	7f553e7b9009f9f808c2d9d07150b2c8286f252f42b9a2b89bc5502251250326	lerobot_groot_n15	n15	lerobot_groot_n15__robocasa365_ckpt120000		0	Pick the apple from the counter and place it in the cabinet.	robocasa_panda_omron/PickPlaceCounterToCabinet_PandaOmron_Env	100113	1300000	0	1			5		1	4	0.0	0.0	5	5		Pick the apple from the counter and place it in the cabinet.	0	all_token_full	groot_n15_dit_block_residual_full_tokens_denoise	["layer","denoise_step","model_token","feature_dim"]	[7,4,49,1536]	[0,2,4,8,10,12,15]	n15_grid_v6_scene_jitter	grid_coord	meta	meta_json	375e3c46c962/worker2/PPCC/apple/s2/j4/n0/base
375e3c46c962	worker2	PPCC/apple	2	4	1	base	activation	9dd72847e958e513	9dd72847e958e513aa439ac11072e24ccf17177af84c51be85dfa7c0eb7dd5be	lerobot_groot_n15	n15	lerobot_groot_n15__robocasa365_ckpt120000		0	Pick the apple from the counter and place it in the cabinet.	robocasa_panda_omron/PickPlaceCounterToCabinet_PandaOmron_Env	100113	1300001	0	1			5		1	4	0.0	0.0	5	5		Pick the apple from the counter and place it in the cabinet.	0	all_token_full	groot_n15_dit_block_residual_full_tokens_denoise	["layer","denoise_step","model_token","feature_dim"]	[7,4,49,1536]	[0,2,4,8,10,12,15]	n15_grid_v6_scene_jitter	grid_coord	meta	meta_json	375e3c46c962/worker2/PPCC/apple/s2/j4/n1/base
375e3c46c962	worker2	PPCC/apple	2	4	2	base	activation	f77fae5f34a64696	f77fae5f34a64696811ef8b25c26725364bb38939b02862fe6362c08aed8ff87	lerobot_groot_n15	n15	lerobot_groot_n15__robocasa365_ckpt120000		0	Pick the apple from the counter and place it in the cabinet.	robocasa_panda_omron/PickPlaceCounterToCabinet_PandaOmron_Env	100113	1300002	0	1			5		1	4	0.0	0.0	5	5		Pick the apple from the counter and place it in the cabinet.	0	all_token_full	groot_n15_dit_block_residual_full_tokens_denoise	["layer","denoise_step","model_token","feature_dim"]	[7,4,49,1536]	[0,2,4,8,10,12,15]	n15_grid_v6_scene_jitter	grid_coord	meta	meta_json	375e3c46c962/worker2/PPCC/apple/s2/j4/n2/base
375e3c46c962	worker2	PPCC/apple	2	4	3	base	activation	48654a84412e9822	48654a84412e98221f3a4a4be043916f43e687919f815cc33e6cca0afab17c66	lerobot_groot_n15	n15	lerobot_groot_n15__robocasa365_ckpt120000		0	Pick the apple from the counter and place it in the cabinet.	robocasa_panda_omron/PickPlaceCounterToCabinet_PandaOmron_Env	100113	1300003	0	1			5		1	4	0.0	0.0	5	5		Pick the apple from the counter and place it in the cabinet.	0	all_token_full	groot_n15_dit_block_residual_full_tokens_denoise	["layer","denoise_step","model_token","feature_dim"]	[7,4,49,1536]	[0,2,4,8,10,12,15]	n15_grid_v6_scene_jitter	grid_coord	meta	meta_json	375e3c46c962/worker2/PPCC/apple/s2/j4/n3/base
375e3c46c962	worker2	PPCC/apple	2	4	4	base	activation	ee3550ba14bebda6	ee3550ba14bebda63bae519fdaaefc6f424f6b767b6eee590b2f77db77e1c5ca	lerobot_groot_n15	n15	lerobot_groot_n15__robocasa365_ckpt120000		0	Pick the apple from the counter and place it in the cabinet.	robocasa_panda_omron/PickPlaceCounterToCabinet_PandaOmron_Env	100113	1300004	0	1			5		1	4	0.0	0.0	5	5		Pick the apple from the counter and place it in the cabinet.	0	all_token_full	groot_n15_dit_block_residual_full_tokens_denoise	["layer","denoise_step","model_token","feature_dim"]	[7,4,49,1536]	[0,2,4,8,10,12,15]	n15_grid_v6_scene_jitter	grid_coord	meta	meta_json	375e3c46c962/worker2/PPCC/apple/s2/j4/n4/base
375e3c46c962	worker2	PPCC/bread	0	0	0	base	activation	9bd59bbaf327def1	9bd59bbaf327def156f03ab0acc1b295d0bc54c6d5525df68d2e3abf9dd84bc7	lerobot_groot_n15	n15	lerobot_groot_n15__robocasa365_ckpt120000		0	Pick the bread from the counter and place it in the cabinet.	robocasa_panda_omron/PickPlaceCounterToCabinet_PandaOmron_Env	100466	1300000	0	1			5		1	0	0.0	0.0	4	4		Pick the bread from the counter and place it in the cabinet.	0	all_token_full	groot_n15_dit_block_residual_full_tokens_denoise	["layer","denoise_step","model_token","feature_dim"]	[7,4,49,1536]	[0,2,4,8,10,12,15]	n15_grid_v6_scene_jitter	grid_coord	meta	meta_json	375e3c46c962/worker2/PPCC/bread/s0/j0/n0/base
375e3c46c962	worker2	PPCC/bread	0	0	1	base	activation	3df6ce98f693a995	3df6ce98f693a9953759e6a65e9c22e5821eefb214a5cb30e57de63963397a4d	lerobot_groot_n15	n15	lerobot_groot_n15__robocasa365_ckpt120000		0	Pick the bread from the counter and place it in the cabinet.	robocasa_panda_omron/PickPlaceCounterToCabinet_PandaOmron_Env	100466	1300001	0	1			5		1	0	0.0	0.0	4	4		Pick the bread from the counter and place it in the cabinet.	0	all_token_full	groot_n15_dit_block_residual_full_tokens_denoise	["layer","denoise_step","model_token","feature_dim"]	[7,4,49,1536]	[0,2,4,8,10,12,15]	n15_grid_v6_scene_jitter	grid_coord	meta	meta_json	375e3c46c962/worker2/PPCC/bread/s0/j0/n1/base
375e3c46c962	worker2	PPCC/bread	0	0	2	base	activation	bd403835f9539220	bd403835f95392201aa2ff750ab81b4d652d7ea911b7d5807c67edaa054159a4	lerobot_groot_n15	n15	lerobot_groot_n15__robocasa365_ckpt120000		0	Pick the bread from the counter and place it in the cabinet.	robocasa_panda_omron/PickPlaceCounterToCabinet_PandaOmron_Env	100466	1300002	0	1			5		1	0	0.0	0.0	4	4		Pick the bread from the counter and place it in the cabinet.	0	all_token_full	groot_n15_dit_block_residual_full_tokens_denoise	["layer","denoise_step","model_token","feature_dim"]	[7,4,49,1536]	[0,2,4,8,10,12,15]	n15_grid_v6_scene_jitter	grid_coord	meta	meta_json	375e3c46c962/worker2/PPCC/bread/s0/j0/n2/base
375e3c46c962	worker2	PPCC/bread	0	0	3	base	activation	9c4c827f3db5fe8e	9c4c827f3db5fe8e7c730fa5a624b768021978310fbac8142f707a162a224d64	lerobot_groot_n15	n15	lerobot_groot_n15__robocasa365_ckpt120000		0	Pick the bread from the counter and place it in the cabinet.	robocasa_panda_omron/PickPlaceCounterToCabinet_PandaOmron_Env	100466	1300003	0	0			5		1	0	0.0	0.0	4	4		Pick the bread from the counter and place it in the cabinet.	0	all_token_full	groot_n15_dit_block_residual_full_tokens_denoise	["layer","denoise_step","model_token","feature_dim"]	[7,4,49,1536]	[0,2,4,8,10,12,15]	n15_grid_v6_scene_jitter	grid_coord	meta	meta_json	375e3c46c962/worker2/PPCC/bread/s0/j0/n3/base
375e3c46c962	worker2	PPCC/bread	0	0	4	base	activation	829f5938532e176e	829f5938532e176e09660e2b2533d3b6dcfe4bb4499cbeb1440509a49c29c493	lerobot_groot_n15	n15	lerobot_groot_n15__robocasa365_ckpt120000		0	Pick the bread from the counter and place it in the cabinet.	robocasa_panda_omron/PickPlaceCounterToCabinet_PandaOmron_Env	100466	1300004	0	0			5		1	0	0.0	0.0	4	4		Pick the bread from the counter and place it in the cabinet.	0	all_token_full	groot_n15_dit_block_residual_full_tokens_denoise	["layer","denoise_step","model_token","feature_dim"]	[7,4,49,1536]	[0,2,4,8,10,12,15]	n15_grid_v6_scene_jitter	grid_coord	meta	meta_json	375e3c46c962/worker2/PPCC/bread/s0/j0/n4/base
375e3c46c962	worker2	PPCC/bread	0	1	0	base	activation	169e3c02308c0d68	169e3c02308c0d68f4fab655689bfd589bb4e6cb72691dd4c566ba7e04259677	lerobot_groot_n15	n15	lerobot_groot_n15__robocasa365_ckpt120000		0	Pick the bread from the counter and place it in the cabinet.	robocasa_panda_omron/PickPlaceCounterToCabinet_PandaOmron_Env	100466	1300000	0	1			5		1	1	0.0	0.0	4	4		Pick the bread from the counter and place it in the cabinet.	0	all_token_full	groot_n15_dit_block_residual_full_tokens_denoise	["layer","denoise_step","model_token","feature_dim"]	[7,4,49,1536]	[0,2,4,8,10,12,15]	n15_grid_v6_scene_jitter	grid_coord	meta	meta_json	375e3c46c962/worker2/PPCC/bread/s0/j1/n0/base
375e3c46c962	worker2	PPCC/bread	0	1	1	base	activation	e3fbca47f4c9e3e4	e3fbca47f4c9e3e4dc50ec51c494010311b89deb8bb203b68440f2fe25adeb2f	lerobot_groot_n15	n15	lerobot_groot_n15__robocasa365_ckpt120000		0	Pick the bread from the counter and place it in the cabinet.	robocasa_panda_omron/PickPlaceCounterToCabinet_PandaOmron_Env	100466	1300001	0	1			5		1	1	0.0	0.0	4	4		Pick the bread from the counter and place it in the cabinet.	0	all_token_full	groot_n15_dit_block_residual_full_tokens_denoise	["layer","denoise_step","model_token","feature_dim"]	[7,4,49,1536]	[0,2,4,8,10,12,15]	n15_grid_v6_scene_jitter	grid_coord	meta	meta_json	375e3c46c962/worker2/PPCC/bread/s0/j1/n1/base
375e3c46c962	worker2	PPCC/bread	0	1	2	base	activation	ae568ecc39fffbcb	ae568ecc39fffbcb60744a78e561ba90cc29ab72f0c3e5a03d56035713310c22	lerobot_groot_n15	n15	lerobot_groot_n15__robocasa365_ckpt120000		0	Pick the bread from the counter and place it in the cabinet.	robocasa_panda_omron/PickPlaceCounterToCabinet_PandaOmron_Env	100466	1300002	0	1			5		1	1	0.0	0.0	4	4		Pick the bread from the counter and place it in the cabinet.	0	all_token_full	groot_n15_dit_block_residual_full_tokens_denoise	["layer","denoise_step","model_token","feature_dim"]	[7,4,49,1536]	[0,2,4,8,10,12,15]	n15_grid_v6_scene_jitter	grid_coord	meta	meta_json	375e3c46c962/worker2/PPCC/bread/s0/j1/n2/base
375e3c46c962	worker2	PPCC/bread	0	1	3	base	activation	f5ae3ecf93bf5d8c	f5ae3ecf93bf5d8c589360b9e2ee2add6bc11741b00aea40177d43ddac024548	lerobot_groot_n15	n15	lerobot_groot_n15__robocasa365_ckpt120000		0	Pick the bread from the counter and place it in the cabinet.	robocasa_panda_omron/PickPlaceCounterToCabinet_PandaOmron_Env	100466	1300003	0	1			5		1	1	0.0	0.0	4	4		Pick the bread from the counter and place it in the cabinet.	0	all_token_full	groot_n15_dit_block_residual_full_tokens_denoise	["layer","denoise_step","model_token","feature_dim"]	[7,4,49,1536]	[0,2,4,8,10,12,15]	n15_grid_v6_scene_jitter	grid_coord	meta	meta_json	375e3c46c962/worker2/PPCC/bread/s0/j1/n3/base
375e3c46c962	worker2	PPCC/bread	0	1	4	base	activation	06860cc5ed02fd9d	06860cc5ed02fd9d5ba408a017ba589591c06c9fb5ef53a3d5000d1d66e35310	lerobot_groot_n15	n15	lerobot_groot_n15__robocasa365_ckpt120000		0	Pick the bread from the counter and place it in the cabinet.	robocasa_panda_omron/PickPlaceCounterToCabinet_PandaOmron_Env	100466	1300004	0	0			5		1	1	0.0	0.0	4	4		Pick the bread from the counter and place it in the cabinet.	0	all_token_full	groot_n15_dit_block_residual_full_tokens_denoise	["layer","denoise_step","model_token","feature_dim"]	[7,4,49,1536]	[0,2,4,8,10,12,15]	n15_grid_v6_scene_jitter	grid_coord	meta	meta_json	375e3c46c962/worker2/PPCC/bread/s0/j1/n4/base
375e3c46c962	worker2	PPCC/bread	0	2	0	base	activation	cb5bebf425ad6bfd	cb5bebf425ad6bfdf6441b95c69c21687229a63df0dc76d3c7bb31b5b07a4d2c	lerobot_groot_n15	n15	lerobot_groot_n15__robocasa365_ckpt120000		0	Pick the bread from the counter and place it in the cabinet.	robocasa_panda_omron/PickPlaceCounterToCabinet_PandaOmron_Env	100466	1300000	0	0			5		1	2	0.0	0.0	4	4		Pick the bread from the counter and place it in the cabinet.	0	all_token_full	groot_n15_dit_block_residual_full_tokens_denoise	["layer","denoise_step","model_token","feature_dim"]	[7,4,49,1536]	[0,2,4,8,10,12,15]	n15_grid_v6_scene_jitter	grid_coord	meta	meta_json	375e3c46c962/worker2/PPCC/bread/s0/j2/n0/base
375e3c46c962	worker2	PPCC/bread	0	2	1	base	activation	8a297b42c2fa44dc	8a297b42c2fa44dcdbbdf2e7ba4992aca5d182d77f2a91c1913f9318e6045b40	lerobot_groot_n15	n15	lerobot_groot_n15__robocasa365_ckpt120000		0	Pick the bread from the counter and place it in the cabinet.	robocasa_panda_omron/PickPlaceCounterToCabinet_PandaOmron_Env	100466	1300001	0	1			5		1	2	0.0	0.0	4	4		Pick the bread from the counter and place it in the cabinet.	0	all_token_full	groot_n15_dit_block_residual_full_tokens_denoise	["layer","denoise_step","model_token","feature_dim"]	[7,4,49,1536]	[0,2,4,8,10,12,15]	n15_grid_v6_scene_jitter	grid_coord	meta	meta_json	375e3c46c962/worker2/PPCC/bread/s0/j2/n1/base
375e3c46c962	worker2	PPCC/bread	0	2	2	base	activation	c7d026073e7cb861	c7d026073e7cb861f269ae2cb353ef0ab047d75ae5db350cdc240361c4968f1e	lerobot_groot_n15	n15	lerobot_groot_n15__robocasa365_ckpt120000		0	Pick the bread from the counter and place it in the cabinet.	robocasa_panda_omron/PickPlaceCounterToCabinet_PandaOmron_Env	100466	1300002	0	1			5		1	2	0.0	0.0	4	4		Pick the bread from the counter and place it in the cabinet.	0	all_token_full	groot_n15_dit_block_residual_full_tokens_denoise	["layer","denoise_step","model_token","feature_dim"]	[7,4,49,1536]	[0,2,4,8,10,12,15]	n15_grid_v6_scene_jitter	grid_coord	meta	meta_json	375e3c46c962/worker2/PPCC/bread/s0/j2/n2/base
375e3c46c962	worker2	PPCC/bread	0	2	3	base	activation	0c0024cae5ed9245	0c0024cae5ed9245509768d09e6382890766e71a1b216ac8fa41ef67afcc03cc	lerobot_groot_n15	n15	lerobot_groot_n15__robocasa365_ckpt120000		0	Pick the bread from the counter and place it in the cabinet.	robocasa_panda_omron/PickPlaceCounterToCabinet_PandaOmron_Env	100466	1300003	0	1			5		1	2	0.0	0.0	4	4		Pick the bread from the counter and place it in the cabinet.	0	all_token_full	groot_n15_dit_block_residual_full_tokens_denoise	["layer","denoise_step","model_token","feature_dim"]	[7,4,49,1536]	[0,2,4,8,10,12,15]	n15_grid_v6_scene_jitter	grid_coord	meta	meta_json	375e3c46c962/worker2/PPCC/bread/s0/j2/n3/base
375e3c46c962	worker2	PPCC/bread	0	2	4	base	activation	d6fe21009c8fe031	d6fe21009c8fe031e04bcce5501fe0356615b46cec1553b215c673abf77ded3c	lerobot_groot_n15	n15	lerobot_groot_n15__robocasa365_ckpt120000		0	Pick the bread from the counter and place it in the cabinet.	robocasa_panda_omron/PickPlaceCounterToCabinet_PandaOmron_Env	100466	1300004	0	1			5		1	2	0.0	0.0	4	4		Pick the bread from the counter and place it in the cabinet.	0	all_token_full	groot_n15_dit_block_residual_full_tokens_denoise	["layer","denoise_step","model_token","feature_dim"]	[7,4,49,1536]	[0,2,4,8,10,12,15]	n15_grid_v6_scene_jitter	grid_coord	meta	meta_json	375e3c46c962/worker2/PPCC/bread/s0/j2/n4/base
375e3c46c962	worker2	PPCC/bread	0	3	0	base	activation	6afcb35fbb9eb0d7	6afcb35fbb9eb0d798f4b8bc044802b67dedfe82bd9c14bafb96b32cc2347c23	lerobot_groot_n15	n15	lerobot_groot_n15__robocasa365_ckpt120000		0	Pick the bread from the counter and place it in the cabinet.	robocasa_panda_omron/PickPlaceCounterToCabinet_PandaOmron_Env	100466	1300000	0	0			5		1	3	0.0	0.0	4	4		Pick the bread from the counter and place it in the cabinet.	0	all_token_full	groot_n15_dit_block_residual_full_tokens_denoise	["layer","denoise_step","model_token","feature_dim"]	[7,4,49,1536]	[0,2,4,8,10,12,15]	n15_grid_v6_scene_jitter	grid_coord	meta	meta_json	375e3c46c962/worker2/PPCC/bread/s0/j3/n0/base
375e3c46c962	worker2	PPCC/bread	0	3	1	base	activation	a3af57fd35392b38	a3af57fd35392b3804120e288b31af8ba309646d9af938ebfbfb579be0286908	lerobot_groot_n15	n15	lerobot_groot_n15__robocasa365_ckpt120000		0	Pick the bread from the counter and place it in the cabinet.	robocasa_panda_omron/PickPlaceCounterToCabinet_PandaOmron_Env	100466	1300001	0	0			5		1	3	0.0	0.0	4	4		Pick the bread from the counter and place it in the cabinet.	0	all_token_full	groot_n15_dit_block_residual_full_tokens_denoise	["layer","denoise_step","model_token","feature_dim"]	[7,4,49,1536]	[0,2,4,8,10,12,15]	n15_grid_v6_scene_jitter	grid_coord	meta	meta_json	375e3c46c962/worker2/PPCC/bread/s0/j3/n1/base
375e3c46c962	worker2	PPCC/bread	0	3	2	base	activation	9d054633da5e617d	9d054633da5e617dcd86c3c7648cc03fccd1a18db5f3c01fc4b4bb212edf9e5b	lerobot_groot_n15	n15	lerobot_groot_n15__robocasa365_ckpt120000		0	Pick the bread from the counter and place it in the cabinet.	robocasa_panda_omron/PickPlaceCounterToCabinet_PandaOmron_Env	100466	1300002	0	0			5		1	3	0.0	0.0	4	4		Pick the bread from the counter and place it in the cabinet.	0	all_token_full	groot_n15_dit_block_residual_full_tokens_denoise	["layer","denoise_step","model_token","feature_dim"]	[7,4,49,1536]	[0,2,4,8,10,12,15]	n15_grid_v6_scene_jitter	grid_coord	meta	meta_json	375e3c46c962/worker2/PPCC/bread/s0/j3/n2/base
375e3c46c962	worker2	PPCC/bread	0	3	3	base	activation	4a3eccfddf4ea147	4a3eccfddf4ea147fc64f922ba604cf762eddd764ff2a81a08467614bd456a99	lerobot_groot_n15	n15	lerobot_groot_n15__robocasa365_ckpt120000		0	Pick the bread from the counter and place it in the cabinet.	robocasa_panda_omron/PickPlaceCounterToCabinet_PandaOmron_Env	100466	1300003	0	0			5		1	3	0.0	0.0	4	4		Pick the bread from the counter and place it in the cabinet.	0	all_token_full	groot_n15_dit_block_residual_full_tokens_denoise	["layer","denoise_step","model_token","feature_dim"]	[7,4,49,1536]	[0,2,4,8,10,12,15]	n15_grid_v6_scene_jitter	grid_coord	meta	meta_json	375e3c46c962/worker2/PPCC/bread/s0/j3/n3/base
375e3c46c962	worker2	PPCC/bread	0	3	4	base	activation	a75ed936068edbb7	a75ed936068edbb7973782d6569a70b184ca185c6a53bbeb77b8bf2848cfaaf1	lerobot_groot_n15	n15	lerobot_groot_n15__robocasa365_ckpt120000		0	Pick the bread from the counter and place it in the cabinet.	robocasa_panda_omron/PickPlaceCounterToCabinet_PandaOmron_Env	100466	1300004	0	0			5		1	3	0.0	0.0	4	4		Pick the bread from the counter and place it in the cabinet.	0	all_token_full	groot_n15_dit_block_residual_full_tokens_denoise	["layer","denoise_step","model_token","feature_dim"]	[7,4,49,1536]	[0,2,4,8,10,12,15]	n15_grid_v6_scene_jitter	grid_coord	meta	meta_json	375e3c46c962/worker2/PPCC/bread/s0/j3/n4/base
375e3c46c962	worker2	PPCC/bread	0	4	0	base	activation	c43f81398a547853	c43f81398a5478533c3d4be5c9f548112e1b9c45d8a63304d71941ff45d8f41c	lerobot_groot_n15	n15	lerobot_groot_n15__robocasa365_ckpt120000		0	Pick the bread from the counter and place it in the cabinet.	robocasa_panda_omron/PickPlaceCounterToCabinet_PandaOmron_Env	100466	1300000	0	1			5		1	4	0.0	0.0	4	4		Pick the bread from the counter and place it in the cabinet.	0	all_token_full	groot_n15_dit_block_residual_full_tokens_denoise	["layer","denoise_step","model_token","feature_dim"]	[7,4,49,1536]	[0,2,4,8,10,12,15]	n15_grid_v6_scene_jitter	grid_coord	meta	meta_json	375e3c46c962/worker2/PPCC/bread/s0/j4/n0/base
375e3c46c962	worker2	PPCC/bread	0	4	1	base	activation	69de39d38d6240c6	69de39d38d6240c6053c2f35606c0f4778cae928a12f1fe66ab7f620d3a28e16	lerobot_groot_n15	n15	lerobot_groot_n15__robocasa365_ckpt120000		0	Pick the bread from the counter and place it in the cabinet.	robocasa_panda_omron/PickPlaceCounterToCabinet_PandaOmron_Env	100466	1300001	0	1			5		1	4	0.0	0.0	4	4		Pick the bread from the counter and place it in the cabinet.	0	all_token_full	groot_n15_dit_block_residual_full_tokens_denoise	["layer","denoise_step","model_token","feature_dim"]	[7,4,49,1536]	[0,2,4,8,10,12,15]	n15_grid_v6_scene_jitter	grid_coord	meta	meta_json	375e3c46c962/worker2/PPCC/bread/s0/j4/n1/base
375e3c46c962	worker2	PPCC/bread	0	4	2	base	activation	c97ffb962239c021	c97ffb962239c021dcdd1a9726a95317cdf8ecee9ec2699183f1b12129512004	lerobot_groot_n15	n15	lerobot_groot_n15__robocasa365_ckpt120000		0	Pick the bread from the counter and place it in the cabinet.	robocasa_panda_omron/PickPlaceCounterToCabinet_PandaOmron_Env	100466	1300002	0	1			5		1	4	0.0	0.0	4	4		Pick the bread from the counter and place it in the cabinet.	0	all_token_full	groot_n15_dit_block_residual_full_tokens_denoise	["layer","denoise_step","model_token","feature_dim"]	[7,4,49,1536]	[0,2,4,8,10,12,15]	n15_grid_v6_scene_jitter	grid_coord	meta	meta_json	375e3c46c962/worker2/PPCC/bread/s0/j4/n2/base
375e3c46c962	worker2	PPCC/bread	0	4	3	base	activation	18f8b4987910544a	18f8b4987910544af05ed3d6185be92983b1b0cab752d27434c1547fdaab1ddf	lerobot_groot_n15	n15	lerobot_groot_n15__robocasa365_ckpt120000		0	Pick the bread from the counter and place it in the cabinet.	robocasa_panda_omron/PickPlaceCounterToCabinet_PandaOmron_Env	100466	1300003	0	1			5		1	4	0.0	0.0	4	4		Pick the bread from the counter and place it in the cabinet.	0	all_token_full	groot_n15_dit_block_residual_full_tokens_denoise	["layer","denoise_step","model_token","feature_dim"]	[7,4,49,1536]	[0,2,4,8,10,12,15]	n15_grid_v6_scene_jitter	grid_coord	meta	meta_json	375e3c46c962/worker2/PPCC/bread/s0/j4/n3/base
375e3c46c962	worker2	PPCC/bread	0	4	4	base	activation	13415a481aa81856	13415a481aa818566cd6a1fc1b260a82667179c541b4468a9e5f2c37065cfe9f	lerobot_groot_n15	n15	lerobot_groot_n15__robocasa365_ckpt120000		0	Pick the bread from the counter and place it in the cabinet.	robocasa_panda_omron/PickPlaceCounterToCabinet_PandaOmron_Env	100466	1300004	0	0			5		1	4	0.0	0.0	4	4		Pick the bread from the counter and place it in the cabinet.	0	all_token_full	groot_n15_dit_block_residual_full_tokens_denoise	["layer","denoise_step","model_token","feature_dim"]	[7,4,49,1536]	[0,2,4,8,10,12,15]	n15_grid_v6_scene_jitter	grid_coord	meta	meta_json	375e3c46c962/worker2/PPCC/bread/s0/j4/n4/base
375e3c46c962	worker2	PPCC/bread	1	0	0	base	activation	c5e2b7e0c3ace358	c5e2b7e0c3ace358a5a3b343b84dbc787f869c67860d641e32ee719668e7e85e	lerobot_groot_n15	n15	lerobot_groot_n15__robocasa365_ckpt120000		0	Pick the bread from the counter and place it in the cabinet.	robocasa_panda_omron/PickPlaceCounterToCabinet_PandaOmron_Env	100200	1300000	0	1			5		1	0	0.0	0.0	9	9		Pick the bread from the counter and place it in the cabinet.	0	all_token_full	groot_n15_dit_block_residual_full_tokens_denoise	["layer","denoise_step","model_token","feature_dim"]	[7,4,49,1536]	[0,2,4,8,10,12,15]	n15_grid_v6_scene_jitter	grid_coord	meta	meta_json	375e3c46c962/worker2/PPCC/bread/s1/j0/n0/base
375e3c46c962	worker2	PPCC/bread	1	0	1	base	activation	0cad4c8955ccaae1	0cad4c8955ccaae15427fa24f35ad6a8b7160031073f8314c90bef69c73f4f3e	lerobot_groot_n15	n15	lerobot_groot_n15__robocasa365_ckpt120000		0	Pick the bread from the counter and place it in the cabinet.	robocasa_panda_omron/PickPlaceCounterToCabinet_PandaOmron_Env	100200	1300001	0	1			5		1	0	0.0	0.0	9	9		Pick the bread from the counter and place it in the cabinet.	0	all_token_full	groot_n15_dit_block_residual_full_tokens_denoise	["layer","denoise_step","model_token","feature_dim"]	[7,4,49,1536]	[0,2,4,8,10,12,15]	n15_grid_v6_scene_jitter	grid_coord	meta	meta_json	375e3c46c962/worker2/PPCC/bread/s1/j0/n1/base
375e3c46c962	worker2	PPCC/bread	1	0	2	base	activation	1940569a5c6c78fc	1940569a5c6c78fc39e202edeca29d2fab501f44418eeece251e3904c68db5ab	lerobot_groot_n15	n15	lerobot_groot_n15__robocasa365_ckpt120000		0	Pick the bread from the counter and place it in the cabinet.	robocasa_panda_omron/PickPlaceCounterToCabinet_PandaOmron_Env	100200	1300002	0	1			5		1	0	0.0	0.0	9	9		Pick the bread from the counter and place it in the cabinet.	0	all_token_full	groot_n15_dit_block_residual_full_tokens_denoise	["layer","denoise_step","model_token","feature_dim"]	[7,4,49,1536]	[0,2,4,8,10,12,15]	n15_grid_v6_scene_jitter	grid_coord	meta	meta_json	375e3c46c962/worker2/PPCC/bread/s1/j0/n2/base
375e3c46c962	worker2	PPCC/bread	1	0	3	base	activation	6e9b537f7961dff4	6e9b537f7961dff4d5434ff217f4496fb524821376e04651144da6c3d2f16d1d	lerobot_groot_n15	n15	lerobot_groot_n15__robocasa365_ckpt120000		0	Pick the bread from the counter and place it in the cabinet.	robocasa_panda_omron/PickPlaceCounterToCabinet_PandaOmron_Env	100200	1300003	0	1			5		1	0	0.0	0.0	9	9		Pick the bread from the counter and place it in the cabinet.	0	all_token_full	groot_n15_dit_block_residual_full_tokens_denoise	["layer","denoise_step","model_token","feature_dim"]	[7,4,49,1536]	[0,2,4,8,10,12,15]	n15_grid_v6_scene_jitter	grid_coord	meta	meta_json	375e3c46c962/worker2/PPCC/bread/s1/j0/n3/base
375e3c46c962	worker2	PPCC/bread	1	0	4	base	activation	e2a65fcdd28f6b27	e2a65fcdd28f6b272c477ead30a348434db0890d49e61ca81f452a8c931c1c38	lerobot_groot_n15	n15	lerobot_groot_n15__robocasa365_ckpt120000		0	Pick the bread from the counter and place it in the cabinet.	robocasa_panda_omron/PickPlaceCounterToCabinet_PandaOmron_Env	100200	1300004	0	1			5		1	0	0.0	0.0	9	9		Pick the bread from the counter and place it in the cabinet.	0	all_token_full	groot_n15_dit_block_residual_full_tokens_denoise	["layer","denoise_step","model_token","feature_dim"]	[7,4,49,1536]	[0,2,4,8,10,12,15]	n15_grid_v6_scene_jitter	grid_coord	meta	meta_json	375e3c46c962/worker2/PPCC/bread/s1/j0/n4/base
375e3c46c962	worker2	PPCC/bread	1	1	0	base	activation	56a74cc745db49ad	56a74cc745db49ad8c908a1faabaf86f111de60c7dddf7ab380b7f867bb67019	lerobot_groot_n15	n15	lerobot_groot_n15__robocasa365_ckpt120000		0	Pick the bread from the counter and place it in the cabinet.	robocasa_panda_omron/PickPlaceCounterToCabinet_PandaOmron_Env	100200	1300000	0	1			5		1	1	0.0	0.0	9	9		Pick the bread from the counter and place it in the cabinet.	0	all_token_full	groot_n15_dit_block_residual_full_tokens_denoise	["layer","denoise_step","model_token","feature_dim"]	[7,4,49,1536]	[0,2,4,8,10,12,15]	n15_grid_v6_scene_jitter	grid_coord	meta	meta_json	375e3c46c962/worker2/PPCC/bread/s1/j1/n0/base
375e3c46c962	worker2	PPCC/bread	1	1	1	base	activation	995ef19389ba3a4b	995ef19389ba3a4b7275aee97b7d0c60787ac5ab4026f341317624fefb9ac3ce	lerobot_groot_n15	n15	lerobot_groot_n15__robocasa365_ckpt120000		0	Pick the bread from the counter and place it in the cabinet.	robocasa_panda_omron/PickPlaceCounterToCabinet_PandaOmron_Env	100200	1300001	0	1			5		1	1	0.0	0.0	9	9		Pick the bread from the counter and place it in the cabinet.	0	all_token_full	groot_n15_dit_block_residual_full_tokens_denoise	["layer","denoise_step","model_token","feature_dim"]	[7,4,49,1536]	[0,2,4,8,10,12,15]	n15_grid_v6_scene_jitter	grid_coord	meta	meta_json	375e3c46c962/worker2/PPCC/bread/s1/j1/n1/base
375e3c46c962	worker2	PPCC/bread	1	1	2	base	activation	923d74babd9b05b7	923d74babd9b05b7a52ca51373231d346fd142737ebee307cd6e1d2fc40a7de1	lerobot_groot_n15	n15	lerobot_groot_n15__robocasa365_ckpt120000		0	Pick the bread from the counter and place it in the cabinet.	robocasa_panda_omron/PickPlaceCounterToCabinet_PandaOmron_Env	100200	1300002	0	1			5		1	1	0.0	0.0	9	9		Pick the bread from the counter and place it in the cabinet.	0	all_token_full	groot_n15_dit_block_residual_full_tokens_denoise	["layer","denoise_step","model_token","feature_dim"]	[7,4,49,1536]	[0,2,4,8,10,12,15]	n15_grid_v6_scene_jitter	grid_coord	meta	meta_json	375e3c46c962/worker2/PPCC/bread/s1/j1/n2/base
375e3c46c962	worker2	PPCC/bread	1	1	3	base	activation	3bb487ceb5576c4d	3bb487ceb5576c4d90b46eef39879583259adb8e35a146f4785086a3f5c5399b	lerobot_groot_n15	n15	lerobot_groot_n15__robocasa365_ckpt120000		0	Pick the bread from the counter and place it in the cabinet.	robocasa_panda_omron/PickPlaceCounterToCabinet_PandaOmron_Env	100200	1300003	0	1			5		1	1	0.0	0.0	9	9		Pick the bread from the counter and place it in the cabinet.	0	all_token_full	groot_n15_dit_block_residual_full_tokens_denoise	["layer","denoise_step","model_token","feature_dim"]	[7,4,49,1536]	[0,2,4,8,10,12,15]	n15_grid_v6_scene_jitter	grid_coord	meta	meta_json	375e3c46c962/worker2/PPCC/bread/s1/j1/n3/base
375e3c46c962	worker2	PPCC/bread	1	1	4	base	activation	2db728424c409f69	2db728424c409f69e097644d433e7c4d730c833c77060df73420be24c7cad58f	lerobot_groot_n15	n15	lerobot_groot_n15__robocasa365_ckpt120000		0	Pick the bread from the counter and place it in the cabinet.	robocasa_panda_omron/PickPlaceCounterToCabinet_PandaOmron_Env	100200	1300004	0	1			5		1	1	0.0	0.0	9	9		Pick the bread from the counter and place it in the cabinet.	0	all_token_full	groot_n15_dit_block_residual_full_tokens_denoise	["layer","denoise_step","model_token","feature_dim"]	[7,4,49,1536]	[0,2,4,8,10,12,15]	n15_grid_v6_scene_jitter	grid_coord	meta	meta_json	375e3c46c962/worker2/PPCC/bread/s1/j1/n4/base
375e3c46c962	worker2	PPCC/bread	1	2	0	base	activation	61666dbb0da10be2	61666dbb0da10be2be3997def1fbbde95e2d77233f24e81b1f1805bd649b7b05	lerobot_groot_n15	n15	lerobot_groot_n15__robocasa365_ckpt120000		0	Pick the bread from the counter and place it in the cabinet.	robocasa_panda_omron/PickPlaceCounterToCabinet_PandaOmron_Env	100200	1300000	0	1			5		1	2	0.0	0.0	9	9		Pick the bread from the counter and place it in the cabinet.	0	all_token_full	groot_n15_dit_block_residual_full_tokens_denoise	["layer","denoise_step","model_token","feature_dim"]	[7,4,49,1536]	[0,2,4,8,10,12,15]	n15_grid_v6_scene_jitter	grid_coord	meta	meta_json	375e3c46c962/worker2/PPCC/bread/s1/j2/n0/base
375e3c46c962	worker2	PPCC/bread	1	2	1	base	activation	6a77cb767d4a9bde	6a77cb767d4a9bdea3018e70869e507d9eaa0a40289a063590663a6b8e316416	lerobot_groot_n15	n15	lerobot_groot_n15__robocasa365_ckpt120000		0	Pick the bread from the counter and place it in the cabinet.	robocasa_panda_omron/PickPlaceCounterToCabinet_PandaOmron_Env	100200	1300001	0	1			5		1	2	0.0	0.0	9	9		Pick the bread from the counter and place it in the cabinet.	0	all_token_full	groot_n15_dit_block_residual_full_tokens_denoise	["layer","denoise_step","model_token","feature_dim"]	[7,4,49,1536]	[0,2,4,8,10,12,15]	n15_grid_v6_scene_jitter	grid_coord	meta	meta_json	375e3c46c962/worker2/PPCC/bread/s1/j2/n1/base
375e3c46c962	worker2	PPCC/bread	1	2	2	base	activation	960ba39e0b2e2744	960ba39e0b2e2744ee3772337c0033a5098f2f2e80d60a7c0efe53f3cd288815	lerobot_groot_n15	n15	lerobot_groot_n15__robocasa365_ckpt120000		0	Pick the bread from the counter and place it in the cabinet.	robocasa_panda_omron/PickPlaceCounterToCabinet_PandaOmron_Env	100200	1300002	0	1			5		1	2	0.0	0.0	9	9		Pick the bread from the counter and place it in the cabinet.	0	all_token_full	groot_n15_dit_block_residual_full_tokens_denoise	["layer","denoise_step","model_token","feature_dim"]	[7,4,49,1536]	[0,2,4,8,10,12,15]	n15_grid_v6_scene_jitter	grid_coord	meta	meta_json	375e3c46c962/worker2/PPCC/bread/s1/j2/n2/base
375e3c46c962	worker2	PPCC/bread	1	2	3	base	activation	07c177bed6bcd0ee	07c177bed6bcd0ee47b6bf0ce0d492a69226f243fc0810f32dccadf2f62ba83b	lerobot_groot_n15	n15	lerobot_groot_n15__robocasa365_ckpt120000		0	Pick the bread from the counter and place it in the cabinet.	robocasa_panda_omron/PickPlaceCounterToCabinet_PandaOmron_Env	100200	1300003	0	1			5		1	2	0.0	0.0	9	9		Pick the bread from the counter and place it in the cabinet.	0	all_token_full	groot_n15_dit_block_residual_full_tokens_denoise	["layer","denoise_step","model_token","feature_dim"]	[7,4,49,1536]	[0,2,4,8,10,12,15]	n15_grid_v6_scene_jitter	grid_coord	meta	meta_json	375e3c46c962/worker2/PPCC/bread/s1/j2/n3/base
375e3c46c962	worker2	PPCC/bread	1	2	4	base	activation	70468e63f22966ae	70468e63f22966aecc09a8b2282bd778dc560299420cdfeaf41d5c415c1e33cf	lerobot_groot_n15	n15	lerobot_groot_n15__robocasa365_ckpt120000		0	Pick the bread from the counter and place it in the cabinet.	robocasa_panda_omron/PickPlaceCounterToCabinet_PandaOmron_Env	100200	1300004	0	1			5		1	2	0.0	0.0	9	9		Pick the bread from the counter and place it in the cabinet.	0	all_token_full	groot_n15_dit_block_residual_full_tokens_denoise	["layer","denoise_step","model_token","feature_dim"]	[7,4,49,1536]	[0,2,4,8,10,12,15]	n15_grid_v6_scene_jitter	grid_coord	meta	meta_json	375e3c46c962/worker2/PPCC/bread/s1/j2/n4/base
375e3c46c962	worker2	PPCC/bread	1	3	0	base	activation	78f3388b2f17445c	78f3388b2f17445cdedb50ca987dfe52edd0268838dc11af9ea62b32a088cb07	lerobot_groot_n15	n15	lerobot_groot_n15__robocasa365_ckpt120000		0	Pick the bread from the counter and place it in the cabinet.	robocasa_panda_omron/PickPlaceCounterToCabinet_PandaOmron_Env	100200	1300000	0	1			5		1	3	0.0	0.0	9	9		Pick the bread from the counter and place it in the cabinet.	0	all_token_full	groot_n15_dit_block_residual_full_tokens_denoise	["layer","denoise_step","model_token","feature_dim"]	[7,4,49,1536]	[0,2,4,8,10,12,15]	n15_grid_v6_scene_jitter	grid_coord	meta	meta_json	375e3c46c962/worker2/PPCC/bread/s1/j3/n0/base
375e3c46c962	worker2	PPCC/bread	1	3	1	base	activation	89346189176f423e	89346189176f423ef650a351074af98e60340b4ec2b49677e3d77324a6ec6cf4	lerobot_groot_n15	n15	lerobot_groot_n15__robocasa365_ckpt120000		0	Pick the bread from the counter and place it in the cabinet.	robocasa_panda_omron/PickPlaceCounterToCabinet_PandaOmron_Env	100200	1300001	0	1			5		1	3	0.0	0.0	9	9		Pick the bread from the counter and place it in the cabinet.	0	all_token_full	groot_n15_dit_block_residual_full_tokens_denoise	["layer","denoise_step","model_token","feature_dim"]	[7,4,49,1536]	[0,2,4,8,10,12,15]	n15_grid_v6_scene_jitter	grid_coord	meta	meta_json	375e3c46c962/worker2/PPCC/bread/s1/j3/n1/base
375e3c46c962	worker2	PPCC/bread	1	3	2	base	activation	f5e253f457352d1b	f5e253f457352d1b715cfb0aa458cc5a04fa2bed810336c4e981fd5b70131390	lerobot_groot_n15	n15	lerobot_groot_n15__robocasa365_ckpt120000		0	Pick the bread from the counter and place it in the cabinet.	robocasa_panda_omron/PickPlaceCounterToCabinet_PandaOmron_Env	100200	1300002	0	1			5		1	3	0.0	0.0	9	9		Pick the bread from the counter and place it in the cabinet.	0	all_token_full	groot_n15_dit_block_residual_full_tokens_denoise	["layer","denoise_step","model_token","feature_dim"]	[7,4,49,1536]	[0,2,4,8,10,12,15]	n15_grid_v6_scene_jitter	grid_coord	meta	meta_json	375e3c46c962/worker2/PPCC/bread/s1/j3/n2/base
375e3c46c962	worker2	PPCC/bread	1	3	3	base	activation	57659b5f00249bfa	57659b5f00249bfa6f3f37811154ec7748563b48c3116f3d1e29a3673a1a2fbb	lerobot_groot_n15	n15	lerobot_groot_n15__robocasa365_ckpt120000		0	Pick the bread from the counter and place it in the cabinet.	robocasa_panda_omron/PickPlaceCounterToCabinet_PandaOmron_Env	100200	1300003	0	1			5		1	3	0.0	0.0	9	9		Pick the bread from the counter and place it in the cabinet.	0	all_token_full	groot_n15_dit_block_residual_full_tokens_denoise	["layer","denoise_step","model_token","feature_dim"]	[7,4,49,1536]	[0,2,4,8,10,12,15]	n15_grid_v6_scene_jitter	grid_coord	meta	meta_json	375e3c46c962/worker2/PPCC/bread/s1/j3/n3/base
375e3c46c962	worker2	PPCC/bread	1	3	4	base	activation	7fbdf739ec25a974	7fbdf739ec25a97405cb7fe22f110c8bb34dba5546cfcb930b7d9a0e18a00e63	lerobot_groot_n15	n15	lerobot_groot_n15__robocasa365_ckpt120000		0	Pick the bread from the counter and place it in the cabinet.	robocasa_panda_omron/PickPlaceCounterToCabinet_PandaOmron_Env	100200	1300004	0	1			5		1	3	0.0	0.0	9	9		Pick the bread from the counter and place it in the cabinet.	0	all_token_full	groot_n15_dit_block_residual_full_tokens_denoise	["layer","denoise_step","model_token","feature_dim"]	[7,4,49,1536]	[0,2,4,8,10,12,15]	n15_grid_v6_scene_jitter	grid_coord	meta	meta_json	375e3c46c962/worker2/PPCC/bread/s1/j3/n4/base
375e3c46c962	worker2	PPCC/bread	1	4	0	base	activation	4f54883528d03eaf	4f54883528d03eaffcda57cc64029dfa34b6c982dd98d20edba7820a1cfccd0c	lerobot_groot_n15	n15	lerobot_groot_n15__robocasa365_ckpt120000		0	Pick the bread from the counter and place it in the cabinet.	robocasa_panda_omron/PickPlaceCounterToCabinet_PandaOmron_Env	100200	1300000	0	1			5		1	4	0.0	0.0	9	9		Pick the bread from the counter and place it in the cabinet.	0	all_token_full	groot_n15_dit_block_residual_full_tokens_denoise	["layer","denoise_step","model_token","feature_dim"]	[7,4,49,1536]	[0,2,4,8,10,12,15]	n15_grid_v6_scene_jitter	grid_coord	meta	meta_json	375e3c46c962/worker2/PPCC/bread/s1/j4/n0/base
375e3c46c962	worker2	PPCC/bread	1	4	1	base	activation	75d8999cf990b62c	75d8999cf990b62cbccaac539c3cce6cbba50098ad1159d82d4779ade79a5c21	lerobot_groot_n15	n15	lerobot_groot_n15__robocasa365_ckpt120000		0	Pick the bread from the counter and place it in the cabinet.	robocasa_panda_omron/PickPlaceCounterToCabinet_PandaOmron_Env	100200	1300001	0	1			5		1	4	0.0	0.0	9	9		Pick the bread from the counter and place it in the cabinet.	0	all_token_full	groot_n15_dit_block_residual_full_tokens_denoise	["layer","denoise_step","model_token","feature_dim"]	[7,4,49,1536]	[0,2,4,8,10,12,15]	n15_grid_v6_scene_jitter	grid_coord	meta	meta_json	375e3c46c962/worker2/PPCC/bread/s1/j4/n1/base
375e3c46c962	worker2	PPCC/bread	1	4	2	base	activation	df7e2d1918574174	df7e2d1918574174962403c840f0a40984322c51745e3fb695254fe27be9410f	lerobot_groot_n15	n15	lerobot_groot_n15__robocasa365_ckpt120000		0	Pick the bread from the counter and place it in the cabinet.	robocasa_panda_omron/PickPlaceCounterToCabinet_PandaOmron_Env	100200	1300002	0	1			5		1	4	0.0	0.0	9	9		Pick the bread from the counter and place it in the cabinet.	0	all_token_full	groot_n15_dit_block_residual_full_tokens_denoise	["layer","denoise_step","model_token","feature_dim"]	[7,4,49,1536]	[0,2,4,8,10,12,15]	n15_grid_v6_scene_jitter	grid_coord	meta	meta_json	375e3c46c962/worker2/PPCC/bread/s1/j4/n2/base
375e3c46c962	worker2	PPCC/bread	1	4	3	base	activation	bf8f95ebe6925045	bf8f95ebe6925045a6cd6dccd97d68d2e140d62c69d898c93f28a8986087f355	lerobot_groot_n15	n15	lerobot_groot_n15__robocasa365_ckpt120000		0	Pick the bread from the counter and place it in the cabinet.	robocasa_panda_omron/PickPlaceCounterToCabinet_PandaOmron_Env	100200	1300003	0	1			5		1	4	0.0	0.0	9	9		Pick the bread from the counter and place it in the cabinet.	0	all_token_full	groot_n15_dit_block_residual_full_tokens_denoise	["layer","denoise_step","model_token","feature_dim"]	[7,4,49,1536]	[0,2,4,8,10,12,15]	n15_grid_v6_scene_jitter	grid_coord	meta	meta_json	375e3c46c962/worker2/PPCC/bread/s1/j4/n3/base
375e3c46c962	worker2	PPCC/bread	1	4	4	base	activation	f1374c7af9b7995a	f1374c7af9b7995ad8cab185bcb9f9987caf7be32e77d5b647a2f39a7cde6482	lerobot_groot_n15	n15	lerobot_groot_n15__robocasa365_ckpt120000		0	Pick the bread from the counter and place it in the cabinet.	robocasa_panda_omron/PickPlaceCounterToCabinet_PandaOmron_Env	100200	1300004	0	1			5		1	4	0.0	0.0	9	9		Pick the bread from the counter and place it in the cabinet.	0	all_token_full	groot_n15_dit_block_residual_full_tokens_denoise	["layer","denoise_step","model_token","feature_dim"]	[7,4,49,1536]	[0,2,4,8,10,12,15]	n15_grid_v6_scene_jitter	grid_coord	meta	meta_json	375e3c46c962/worker2/PPCC/bread/s1/j4/n4/base
375e3c46c962	worker2	PPCC/bread	2	0	0	base	activation	884f977d06422fbf	884f977d06422fbfb504b700b2efc64946ac6c2fc86dafc3d1ed8cf227a920ef	lerobot_groot_n15	n15	lerobot_groot_n15__robocasa365_ckpt120000		0	Pick the bread from the counter and place it in the cabinet.	robocasa_panda_omron/PickPlaceCounterToCabinet_PandaOmron_Env	101048	1300000	0	1			5		1	0	0.0	0.0	5	5		Pick the bread from the counter and place it in the cabinet.	0	all_token_full	groot_n15_dit_block_residual_full_tokens_denoise	["layer","denoise_step","model_token","feature_dim"]	[7,4,49,1536]	[0,2,4,8,10,12,15]	n15_grid_v6_scene_jitter	grid_coord	meta	meta_json	375e3c46c962/worker2/PPCC/bread/s2/j0/n0/base
375e3c46c962	worker2	PPCC/bread	2	0	1	base	activation	09eb934df1134ee0	09eb934df1134ee08491b4f3dd5141c6e90de47ad310d41d663d37045f43b2ff	lerobot_groot_n15	n15	lerobot_groot_n15__robocasa365_ckpt120000		0	Pick the bread from the counter and place it in the cabinet.	robocasa_panda_omron/PickPlaceCounterToCabinet_PandaOmron_Env	101048	1300001	0	1			5		1	0	0.0	0.0	5	5		Pick the bread from the counter and place it in the cabinet.	0	all_token_full	groot_n15_dit_block_residual_full_tokens_denoise	["layer","denoise_step","model_token","feature_dim"]	[7,4,49,1536]	[0,2,4,8,10,12,15]	n15_grid_v6_scene_jitter	grid_coord	meta	meta_json	375e3c46c962/worker2/PPCC/bread/s2/j0/n1/base
375e3c46c962	worker2	PPCC/bread	2	0	2	base	activation	533f2bab6c12d6b1	533f2bab6c12d6b1288350527ff5fbbe8cf82553b8231a02831f055805b09f25	lerobot_groot_n15	n15	lerobot_groot_n15__robocasa365_ckpt120000		0	Pick the bread from the counter and place it in the cabinet.	robocasa_panda_omron/PickPlaceCounterToCabinet_PandaOmron_Env	101048	1300002	0	1			5		1	0	0.0	0.0	5	5		Pick the bread from the counter and place it in the cabinet.	0	all_token_full	groot_n15_dit_block_residual_full_tokens_denoise	["layer","denoise_step","model_token","feature_dim"]	[7,4,49,1536]	[0,2,4,8,10,12,15]	n15_grid_v6_scene_jitter	grid_coord	meta	meta_json	375e3c46c962/worker2/PPCC/bread/s2/j0/n2/base
375e3c46c962	worker2	PPCC/bread	2	0	3	base	activation	1b4661ccd2424449	1b4661ccd24244496c9c66f1e59a17baaf9fd48544e58eddd073d4900f399802	lerobot_groot_n15	n15	lerobot_groot_n15__robocasa365_ckpt120000		0	Pick the bread from the counter and place it in the cabinet.	robocasa_panda_omron/PickPlaceCounterToCabinet_PandaOmron_Env	101048	1300003	0	1			5		1	0	0.0	0.0	5	5		Pick the bread from the counter and place it in the cabinet.	0	all_token_full	groot_n15_dit_block_residual_full_tokens_denoise	["layer","denoise_step","model_token","feature_dim"]	[7,4,49,1536]	[0,2,4,8,10,12,15]	n15_grid_v6_scene_jitter	grid_coord	meta	meta_json	375e3c46c962/worker2/PPCC/bread/s2/j0/n3/base
375e3c46c962	worker2	PPCC/bread	2	0	4	base	activation	46619e76a8ba6a67	46619e76a8ba6a67fec6f2e663bfbfa9a7b558b2f0a62cb5797b6aad83a638bc	lerobot_groot_n15	n15	lerobot_groot_n15__robocasa365_ckpt120000		0	Pick the bread from the counter and place it in the cabinet.	robocasa_panda_omron/PickPlaceCounterToCabinet_PandaOmron_Env	101048	1300004	0	1			5		1	0	0.0	0.0	5	5		Pick the bread from the counter and place it in the cabinet.	0	all_token_full	groot_n15_dit_block_residual_full_tokens_denoise	["layer","denoise_step","model_token","feature_dim"]	[7,4,49,1536]	[0,2,4,8,10,12,15]	n15_grid_v6_scene_jitter	grid_coord	meta	meta_json	375e3c46c962/worker2/PPCC/bread/s2/j0/n4/base
375e3c46c962	worker2	PPCC/bread	2	1	0	base	activation	2bcfa5dffeaae747	2bcfa5dffeaae7473a34e84cbd512bad7e2087c6e41a436900ba169d0d21eabd	lerobot_groot_n15	n15	lerobot_groot_n15__robocasa365_ckpt120000		0	Pick the bread from the counter and place it in the cabinet.	robocasa_panda_omron/PickPlaceCounterToCabinet_PandaOmron_Env	101048	1300000	0	1			5		1	1	0.0	0.0	5	5		Pick the bread from the counter and place it in the cabinet.	0	all_token_full	groot_n15_dit_block_residual_full_tokens_denoise	["layer","denoise_step","model_token","feature_dim"]	[7,4,49,1536]	[0,2,4,8,10,12,15]	n15_grid_v6_scene_jitter	grid_coord	meta	meta_json	375e3c46c962/worker2/PPCC/bread/s2/j1/n0/base
375e3c46c962	worker2	PPCC/bread	2	1	1	base	activation	3eff488c68a6eefd	3eff488c68a6eefd9e407474d90623048f8cec88053a7e50f7709a1977585490	lerobot_groot_n15	n15	lerobot_groot_n15__robocasa365_ckpt120000		0	Pick the bread from the counter and place it in the cabinet.	robocasa_panda_omron/PickPlaceCounterToCabinet_PandaOmron_Env	101048	1300001	0	1			5		1	1	0.0	0.0	5	5		Pick the bread from the counter and place it in the cabinet.	0	all_token_full	groot_n15_dit_block_residual_full_tokens_denoise	["layer","denoise_step","model_token","feature_dim"]	[7,4,49,1536]	[0,2,4,8,10,12,15]	n15_grid_v6_scene_jitter	grid_coord	meta	meta_json	375e3c46c962/worker2/PPCC/bread/s2/j1/n1/base
375e3c46c962	worker2	PPCC/bread	2	1	2	base	activation	d383c70c178fa8e9	d383c70c178fa8e9073233536a60528f685b3d8068efedc27744033a34f9d921	lerobot_groot_n15	n15	lerobot_groot_n15__robocasa365_ckpt120000		0	Pick the bread from the counter and place it in the cabinet.	robocasa_panda_omron/PickPlaceCounterToCabinet_PandaOmron_Env	101048	1300002	0	1			5		1	1	0.0	0.0	5	5		Pick the bread from the counter and place it in the cabinet.	0	all_token_full	groot_n15_dit_block_residual_full_tokens_denoise	["layer","denoise_step","model_token","feature_dim"]	[7,4,49,1536]	[0,2,4,8,10,12,15]	n15_grid_v6_scene_jitter	grid_coord	meta	meta_json	375e3c46c962/worker2/PPCC/bread/s2/j1/n2/base
375e3c46c962	worker2	PPCC/bread	2	1	3	base	activation	e04c68d2eeedad32	e04c68d2eeedad32abbcb5da595e381b1beb468a6d9f8400a39ffdba0eb021db	lerobot_groot_n15	n15	lerobot_groot_n15__robocasa365_ckpt120000		0	Pick the bread from the counter and place it in the cabinet.	robocasa_panda_omron/PickPlaceCounterToCabinet_PandaOmron_Env	101048	1300003	0	1			5		1	1	0.0	0.0	5	5		Pick the bread from the counter and place it in the cabinet.	0	all_token_full	groot_n15_dit_block_residual_full_tokens_denoise	["layer","denoise_step","model_token","feature_dim"]	[7,4,49,1536]	[0,2,4,8,10,12,15]	n15_grid_v6_scene_jitter	grid_coord	meta	meta_json	375e3c46c962/worker2/PPCC/bread/s2/j1/n3/base
375e3c46c962	worker2	PPCC/bread	2	1	4	base	activation	3f8c5fb0c82c160d	3f8c5fb0c82c160dae16c1166166a28987f04fe3fbfd3d4c0149d7c4a6aeace8	lerobot_groot_n15	n15	lerobot_groot_n15__robocasa365_ckpt120000		0	Pick the bread from the counter and place it in the cabinet.	robocasa_panda_omron/PickPlaceCounterToCabinet_PandaOmron_Env	101048	1300004	0	1			5		1	1	0.0	0.0	5	5		Pick the bread from the counter and place it in the cabinet.	0	all_token_full	groot_n15_dit_block_residual_full_tokens_denoise	["layer","denoise_step","model_token","feature_dim"]	[7,4,49,1536]	[0,2,4,8,10,12,15]	n15_grid_v6_scene_jitter	grid_coord	meta	meta_json	375e3c46c962/worker2/PPCC/bread/s2/j1/n4/base
375e3c46c962	worker2	PPCC/bread	2	2	0	base	activation	e4f5de6d9e37b8c7	e4f5de6d9e37b8c7ff87ae296b3dc18916671f326ebaab48e43f463e40174904	lerobot_groot_n15	n15	lerobot_groot_n15__robocasa365_ckpt120000		0	Pick the bread from the counter and place it in the cabinet.	robocasa_panda_omron/PickPlaceCounterToCabinet_PandaOmron_Env	101048	1300000	0	1			5		1	2	0.0	0.0	5	5		Pick the bread from the counter and place it in the cabinet.	0	all_token_full	groot_n15_dit_block_residual_full_tokens_denoise	["layer","denoise_step","model_token","feature_dim"]	[7,4,49,1536]	[0,2,4,8,10,12,15]	n15_grid_v6_scene_jitter	grid_coord	meta	meta_json	375e3c46c962/worker2/PPCC/bread/s2/j2/n0/base
375e3c46c962	worker2	PPCC/bread	2	2	1	base	activation	f246b552a6f558f1	f246b552a6f558f19a03725043dac150abc51168f0f2587a5c2d8eddc3347326	lerobot_groot_n15	n15	lerobot_groot_n15__robocasa365_ckpt120000		0	Pick the bread from the counter and place it in the cabinet.	robocasa_panda_omron/PickPlaceCounterToCabinet_PandaOmron_Env	101048	1300001	0	1			5		1	2	0.0	0.0	5	5		Pick the bread from the counter and place it in the cabinet.	0	all_token_full	groot_n15_dit_block_residual_full_tokens_denoise	["layer","denoise_step","model_token","feature_dim"]	[7,4,49,1536]	[0,2,4,8,10,12,15]	n15_grid_v6_scene_jitter	grid_coord	meta	meta_json	375e3c46c962/worker2/PPCC/bread/s2/j2/n1/base
375e3c46c962	worker2	PPCC/bread	2	2	2	base	activation	b684af1d4eca77d5	b684af1d4eca77d52e76858871441e5ae1c5e5b4523959a4be5327af500d2e2e	lerobot_groot_n15	n15	lerobot_groot_n15__robocasa365_ckpt120000		0	Pick the bread from the counter and place it in the cabinet.	robocasa_panda_omron/PickPlaceCounterToCabinet_PandaOmron_Env	101048	1300002	0	1			5		1	2	0.0	0.0	5	5		Pick the bread from the counter and place it in the cabinet.	0	all_token_full	groot_n15_dit_block_residual_full_tokens_denoise	["layer","denoise_step","model_token","feature_dim"]	[7,4,49,1536]	[0,2,4,8,10,12,15]	n15_grid_v6_scene_jitter	grid_coord	meta	meta_json	375e3c46c962/worker2/PPCC/bread/s2/j2/n2/base
375e3c46c962	worker2	PPCC/bread	2	2	3	base	activation	6b07c33a1ba50e6a	6b07c33a1ba50e6a7bd3e752daefebe0c6f5be82125d93959e10c5d780278f4a	lerobot_groot_n15	n15	lerobot_groot_n15__robocasa365_ckpt120000		0	Pick the bread from the counter and place it in the cabinet.	robocasa_panda_omron/PickPlaceCounterToCabinet_PandaOmron_Env	101048	1300003	0	1			5		1	2	0.0	0.0	5	5		Pick the bread from the counter and place it in the cabinet.	0	all_token_full	groot_n15_dit_block_residual_full_tokens_denoise	["layer","denoise_step","model_token","feature_dim"]	[7,4,49,1536]	[0,2,4,8,10,12,15]	n15_grid_v6_scene_jitter	grid_coord	meta	meta_json	375e3c46c962/worker2/PPCC/bread/s2/j2/n3/base
375e3c46c962	worker2	PPCC/bread	2	2	4	base	activation	b3ac6518d05f6e70	b3ac6518d05f6e70e50d180e66e6db465e32a1f5fc649af909584e22061e4284	lerobot_groot_n15	n15	lerobot_groot_n15__robocasa365_ckpt120000		0	Pick the bread from the counter and place it in the cabinet.	robocasa_panda_omron/PickPlaceCounterToCabinet_PandaOmron_Env	101048	1300004	0	1			5		1	2	0.0	0.0	5	5		Pick the bread from the counter and place it in the cabinet.	0	all_token_full	groot_n15_dit_block_residual_full_tokens_denoise	["layer","denoise_step","model_token","feature_dim"]	[7,4,49,1536]	[0,2,4,8,10,12,15]	n15_grid_v6_scene_jitter	grid_coord	meta	meta_json	375e3c46c962/worker2/PPCC/bread/s2/j2/n4/base
375e3c46c962	worker2	PPCC/bread	2	3	0	base	activation	293a71973fadf768	293a71973fadf7681b5bbe7bda7eee55a3dc8cb442eed630715080d32500b281	lerobot_groot_n15	n15	lerobot_groot_n15__robocasa365_ckpt120000		0	Pick the bread from the counter and place it in the cabinet.	robocasa_panda_omron/PickPlaceCounterToCabinet_PandaOmron_Env	101048	1300000	0	1			5		1	3	0.0	0.0	5	5		Pick the bread from the counter and place it in the cabinet.	0	all_token_full	groot_n15_dit_block_residual_full_tokens_denoise	["layer","denoise_step","model_token","feature_dim"]	[7,4,49,1536]	[0,2,4,8,10,12,15]	n15_grid_v6_scene_jitter	grid_coord	meta	meta_json	375e3c46c962/worker2/PPCC/bread/s2/j3/n0/base
375e3c46c962	worker2	PPCC/bread	2	3	1	base	activation	2ac5b2db8286d999	2ac5b2db8286d999972513a1f14473f390c79ce91ac3f208957d05a8a5937e70	lerobot_groot_n15	n15	lerobot_groot_n15__robocasa365_ckpt120000		0	Pick the bread from the counter and place it in the cabinet.	robocasa_panda_omron/PickPlaceCounterToCabinet_PandaOmron_Env	101048	1300001	0	1			5		1	3	0.0	0.0	5	5		Pick the bread from the counter and place it in the cabinet.	0	all_token_full	groot_n15_dit_block_residual_full_tokens_denoise	["layer","denoise_step","model_token","feature_dim"]	[7,4,49,1536]	[0,2,4,8,10,12,15]	n15_grid_v6_scene_jitter	grid_coord	meta	meta_json	375e3c46c962/worker2/PPCC/bread/s2/j3/n1/base
375e3c46c962	worker2	PPCC/bread	2	3	2	base	activation	909341d640a281da	909341d640a281da73e94b6908c24c02506693387727b4e714be5b628a17d257	lerobot_groot_n15	n15	lerobot_groot_n15__robocasa365_ckpt120000		0	Pick the bread from the counter and place it in the cabinet.	robocasa_panda_omron/PickPlaceCounterToCabinet_PandaOmron_Env	101048	1300002	0	1			5		1	3	0.0	0.0	5	5		Pick the bread from the counter and place it in the cabinet.	0	all_token_full	groot_n15_dit_block_residual_full_tokens_denoise	["layer","denoise_step","model_token","feature_dim"]	[7,4,49,1536]	[0,2,4,8,10,12,15]	n15_grid_v6_scene_jitter	grid_coord	meta	meta_json	375e3c46c962/worker2/PPCC/bread/s2/j3/n2/base
375e3c46c962	worker2	PPCC/bread	2	3	3	base	activation	59908650e33c9228	59908650e33c92288a514b6fb22ee9bad3a26fb57b3d2a9ff0b82e7577371b13	lerobot_groot_n15	n15	lerobot_groot_n15__robocasa365_ckpt120000		0	Pick the bread from the counter and place it in the cabinet.	robocasa_panda_omron/PickPlaceCounterToCabinet_PandaOmron_Env	101048	1300003	0	1			5		1	3	0.0	0.0	5	5		Pick the bread from the counter and place it in the cabinet.	0	all_token_full	groot_n15_dit_block_residual_full_tokens_denoise	["layer","denoise_step","model_token","feature_dim"]	[7,4,49,1536]	[0,2,4,8,10,12,15]	n15_grid_v6_scene_jitter	grid_coord	meta	meta_json	375e3c46c962/worker2/PPCC/bread/s2/j3/n3/base
375e3c46c962	worker2	PPCC/bread	2	3	4	base	activation	f6805bc6d8a544ec	f6805bc6d8a544ec5225ce3601637fa562b999c4dd3d7e79e60af554852f7e7e	lerobot_groot_n15	n15	lerobot_groot_n15__robocasa365_ckpt120000		0	Pick the bread from the counter and place it in the cabinet.	robocasa_panda_omron/PickPlaceCounterToCabinet_PandaOmron_Env	101048	1300004	0	1			5		1	3	0.0	0.0	5	5		Pick the bread from the counter and place it in the cabinet.	0	all_token_full	groot_n15_dit_block_residual_full_tokens_denoise	["layer","denoise_step","model_token","feature_dim"]	[7,4,49,1536]	[0,2,4,8,10,12,15]	n15_grid_v6_scene_jitter	grid_coord	meta	meta_json	375e3c46c962/worker2/PPCC/bread/s2/j3/n4/base
375e3c46c962	worker2	PPCC/bread	2	4	0	base	activation	d3835219573628a1	d3835219573628a1d5755338ff8801e1e212687add64fb940ecb1141b497ecd1	lerobot_groot_n15	n15	lerobot_groot_n15__robocasa365_ckpt120000		0	Pick the bread from the counter and place it in the cabinet.	robocasa_panda_omron/PickPlaceCounterToCabinet_PandaOmron_Env	101048	1300000	0	1			5		1	4	0.0	0.0	5	5		Pick the bread from the counter and place it in the cabinet.	0	all_token_full	groot_n15_dit_block_residual_full_tokens_denoise	["layer","denoise_step","model_token","feature_dim"]	[7,4,49,1536]	[0,2,4,8,10,12,15]	n15_grid_v6_scene_jitter	grid_coord	meta	meta_json	375e3c46c962/worker2/PPCC/bread/s2/j4/n0/base
375e3c46c962	worker2	PPCC/bread	2	4	1	base	activation	de57039d4acc99cb	de57039d4acc99cba4a28131e3887903693c253849337d707fc64689033df7d8	lerobot_groot_n15	n15	lerobot_groot_n15__robocasa365_ckpt120000		0	Pick the bread from the counter and place it in the cabinet.	robocasa_panda_omron/PickPlaceCounterToCabinet_PandaOmron_Env	101048	1300001	0	1			5		1	4	0.0	0.0	5	5		Pick the bread from the counter and place it in the cabinet.	0	all_token_full	groot_n15_dit_block_residual_full_tokens_denoise	["layer","denoise_step","model_token","feature_dim"]	[7,4,49,1536]	[0,2,4,8,10,12,15]	n15_grid_v6_scene_jitter	grid_coord	meta	meta_json	375e3c46c962/worker2/PPCC/bread/s2/j4/n1/base
375e3c46c962	worker2	PPCC/bread	2	4	2	base	activation	067afd2cc6c5ce55	067afd2cc6c5ce5507ce8c353247ada7f05eeef1c65cc5a36477d045edcd07f0	lerobot_groot_n15	n15	lerobot_groot_n15__robocasa365_ckpt120000		0	Pick the bread from the counter and place it in the cabinet.	robocasa_panda_omron/PickPlaceCounterToCabinet_PandaOmron_Env	101048	1300002	0	1			5		1	4	0.0	0.0	5	5		Pick the bread from the counter and place it in the cabinet.	0	all_token_full	groot_n15_dit_block_residual_full_tokens_denoise	["layer","denoise_step","model_token","feature_dim"]	[7,4,49,1536]	[0,2,4,8,10,12,15]	n15_grid_v6_scene_jitter	grid_coord	meta	meta_json	375e3c46c962/worker2/PPCC/bread/s2/j4/n2/base
375e3c46c962	worker2	PPCC/bread	2	4	3	base	activation	19599773da2874e0	19599773da2874e052a86e623d5b48dd8bac1249a0530e38b1f9d3c30796b972	lerobot_groot_n15	n15	lerobot_groot_n15__robocasa365_ckpt120000		0	Pick the bread from the counter and place it in the cabinet.	robocasa_panda_omron/PickPlaceCounterToCabinet_PandaOmron_Env	101048	1300003	0	1			5		1	4	0.0	0.0	5	5		Pick the bread from the counter and place it in the cabinet.	0	all_token_full	groot_n15_dit_block_residual_full_tokens_denoise	["layer","denoise_step","model_token","feature_dim"]	[7,4,49,1536]	[0,2,4,8,10,12,15]	n15_grid_v6_scene_jitter	grid_coord	meta	meta_json	375e3c46c962/worker2/PPCC/bread/s2/j4/n3/base
375e3c46c962	worker2	PPCC/bread	2	4	4	base	activation	0d35ee003db62c2d	0d35ee003db62c2d0b0ae039194927955054a9b20918344b504fa5002052d52c	lerobot_groot_n15	n15	lerobot_groot_n15__robocasa365_ckpt120000		0	Pick the bread from the counter and place it in the cabinet.	robocasa_panda_omron/PickPlaceCounterToCabinet_PandaOmron_Env	101048	1300004	0	1			5		1	4	0.0	0.0	5	5		Pick the bread from the counter and place it in the cabinet.	0	all_token_full	groot_n15_dit_block_residual_full_tokens_denoise	["layer","denoise_step","model_token","feature_dim"]	[7,4,49,1536]	[0,2,4,8,10,12,15]	n15_grid_v6_scene_jitter	grid_coord	meta	meta_json	375e3c46c962/worker2/PPCC/bread/s2/j4/n4/base
375e3c46c962	worker2	PPCC/candle	0	0	0	base	activation	8a2f5d9aa5bf33fc	8a2f5d9aa5bf33fc1de0b4af1772d155fbc8008de0dee821bb17c5482422e7b9	lerobot_groot_n15	n15	lerobot_groot_n15__robocasa365_ckpt120000		0	Pick the candle from the counter and place it in the cabinet.	robocasa_panda_omron/PickPlaceCounterToCabinet_PandaOmron_Env	100477	1300000	0	0			5		1	0	0.0	0.0	4	4		Pick the candle from the counter and place it in the cabinet.	0	all_token_full	groot_n15_dit_block_residual_full_tokens_denoise	["layer","denoise_step","model_token","feature_dim"]	[7,4,49,1536]	[0,2,4,8,10,12,15]	n15_grid_v6_scene_jitter	grid_coord	meta	meta_json	375e3c46c962/worker2/PPCC/candle/s0/j0/n0/base
375e3c46c962	worker2	PPCC/candle	0	0	1	base	activation	25151d2339da44f1	25151d2339da44f1431f844b0adb412dbe5a298bb32fcf52c6e1be7d7f338b81	lerobot_groot_n15	n15	lerobot_groot_n15__robocasa365_ckpt120000		0	Pick the candle from the counter and place it in the cabinet.	robocasa_panda_omron/PickPlaceCounterToCabinet_PandaOmron_Env	100477	1300001	0	0			5		1	0	0.0	0.0	4	4		Pick the candle from the counter and place it in the cabinet.	0	all_token_full	groot_n15_dit_block_residual_full_tokens_denoise	["layer","denoise_step","model_token","feature_dim"]	[7,4,49,1536]	[0,2,4,8,10,12,15]	n15_grid_v6_scene_jitter	grid_coord	meta	meta_json	375e3c46c962/worker2/PPCC/candle/s0/j0/n1/base
375e3c46c962	worker2	PPCC/candle	0	0	2	base	activation	f35cc18e670a1f27	f35cc18e670a1f27304235a6651250d3ea2ab608b1d6526b6560c249e0e734d4	lerobot_groot_n15	n15	lerobot_groot_n15__robocasa365_ckpt120000		0	Pick the candle from the counter and place it in the cabinet.	robocasa_panda_omron/PickPlaceCounterToCabinet_PandaOmron_Env	100477	1300002	0	1			5		1	0	0.0	0.0	4	4		Pick the candle from the counter and place it in the cabinet.	0	all_token_full	groot_n15_dit_block_residual_full_tokens_denoise	["layer","denoise_step","model_token","feature_dim"]	[7,4,49,1536]	[0,2,4,8,10,12,15]	n15_grid_v6_scene_jitter	grid_coord	meta	meta_json	375e3c46c962/worker2/PPCC/candle/s0/j0/n2/base
375e3c46c962	worker2	PPCC/candle	0	0	3	base	activation	cf107e083e107f61	cf107e083e107f6174bdc6708ed8ab134e5319c8f8dc2a59bfbb8dbf5e9472c9	lerobot_groot_n15	n15	lerobot_groot_n15__robocasa365_ckpt120000		0	Pick the candle from the counter and place it in the cabinet.	robocasa_panda_omron/PickPlaceCounterToCabinet_PandaOmron_Env	100477	1300003	0	1			5		1	0	0.0	0.0	4	4		Pick the candle from the counter and place it in the cabinet.	0	all_token_full	groot_n15_dit_block_residual_full_tokens_denoise	["layer","denoise_step","model_token","feature_dim"]	[7,4,49,1536]	[0,2,4,8,10,12,15]	n15_grid_v6_scene_jitter	grid_coord	meta	meta_json	375e3c46c962/worker2/PPCC/candle/s0/j0/n3/base
375e3c46c962	worker2	PPCC/candle	0	0	4	base	activation	8c572d98c6210a21	8c572d98c6210a21054d020715d062bfb2292aa47966e0810f674ade326ed297	lerobot_groot_n15	n15	lerobot_groot_n15__robocasa365_ckpt120000		0	Pick the candle from the counter and place it in the cabinet.	robocasa_panda_omron/PickPlaceCounterToCabinet_PandaOmron_Env	100477	1300004	0	1			5		1	0	0.0	0.0	4	4		Pick the candle from the counter and place it in the cabinet.	0	all_token_full	groot_n15_dit_block_residual_full_tokens_denoise	["layer","denoise_step","model_token","feature_dim"]	[7,4,49,1536]	[0,2,4,8,10,12,15]	n15_grid_v6_scene_jitter	grid_coord	meta	meta_json	375e3c46c962/worker2/PPCC/candle/s0/j0/n4/base
375e3c46c962	worker2	PPCC/candle	0	1	0	base	activation	f42b6dba76b22002	f42b6dba76b220028033df4611416f7babd9659bbdcf2ff5883f1fb8d5a22baa	lerobot_groot_n15	n15	lerobot_groot_n15__robocasa365_ckpt120000		0	Pick the candle from the counter and place it in the cabinet.	robocasa_panda_omron/PickPlaceCounterToCabinet_PandaOmron_Env	100477	1300000	0	0			5		1	1	0.0	0.0	4	4		Pick the candle from the counter and place it in the cabinet.	0	all_token_full	groot_n15_dit_block_residual_full_tokens_denoise	["layer","denoise_step","model_token","feature_dim"]	[7,4,49,1536]	[0,2,4,8,10,12,15]	n15_grid_v6_scene_jitter	grid_coord	meta	meta_json	375e3c46c962/worker2/PPCC/candle/s0/j1/n0/base
375e3c46c962	worker2	PPCC/candle	0	1	1	base	activation	7c63ca962718dcde	7c63ca962718dcde45be57c7a09c0f8e1a4ba96c53aecbba46d47f44198c08f4	lerobot_groot_n15	n15	lerobot_groot_n15__robocasa365_ckpt120000		0	Pick the candle from the counter and place it in the cabinet.	robocasa_panda_omron/PickPlaceCounterToCabinet_PandaOmron_Env	100477	1300001	0	1			5		1	1	0.0	0.0	4	4		Pick the candle from the counter and place it in the cabinet.	0	all_token_full	groot_n15_dit_block_residual_full_tokens_denoise	["layer","denoise_step","model_token","feature_dim"]	[7,4,49,1536]	[0,2,4,8,10,12,15]	n15_grid_v6_scene_jitter	grid_coord	meta	meta_json	375e3c46c962/worker2/PPCC/candle/s0/j1/n1/base
375e3c46c962	worker2	PPCC/candle	0	1	2	base	activation	ff216e53e16a0615	ff216e53e16a06151cdbc712e42bcd278394098cb6ae7bdf275a8a52da9a34c8	lerobot_groot_n15	n15	lerobot_groot_n15__robocasa365_ckpt120000		0	Pick the candle from the counter and place it in the cabinet.	robocasa_panda_omron/PickPlaceCounterToCabinet_PandaOmron_Env	100477	1300002	0	1			5		1	1	0.0	0.0	4	4		Pick the candle from the counter and place it in the cabinet.	0	all_token_full	groot_n15_dit_block_residual_full_tokens_denoise	["layer","denoise_step","model_token","feature_dim"]	[7,4,49,1536]	[0,2,4,8,10,12,15]	n15_grid_v6_scene_jitter	grid_coord	meta	meta_json	375e3c46c962/worker2/PPCC/candle/s0/j1/n2/base
375e3c46c962	worker2	PPCC/candle	0	1	3	base	activation	b3e7ace3e620ef8e	b3e7ace3e620ef8e619cef6a73bf29eda11ae47e8bd4f61c349c5522522063ad	lerobot_groot_n15	n15	lerobot_groot_n15__robocasa365_ckpt120000		0	Pick the candle from the counter and place it in the cabinet.	robocasa_panda_omron/PickPlaceCounterToCabinet_PandaOmron_Env	100477	1300003	0	0			5		1	1	0.0	0.0	4	4		Pick the candle from the counter and place it in the cabinet.	0	all_token_full	groot_n15_dit_block_residual_full_tokens_denoise	["layer","denoise_step","model_token","feature_dim"]	[7,4,49,1536]	[0,2,4,8,10,12,15]	n15_grid_v6_scene_jitter	grid_coord	meta	meta_json	375e3c46c962/worker2/PPCC/candle/s0/j1/n3/base
375e3c46c962	worker2	PPCC/candle	0	1	4	base	activation	988d6b641d130b9e	988d6b641d130b9e2b902bcf278affa992fce75df2a1f29edf75b9e750714ecb	lerobot_groot_n15	n15	lerobot_groot_n15__robocasa365_ckpt120000		0	Pick the candle from the counter and place it in the cabinet.	robocasa_panda_omron/PickPlaceCounterToCabinet_PandaOmron_Env	100477	1300004	0	1			5		1	1	0.0	0.0	4	4		Pick the candle from the counter and place it in the cabinet.	0	all_token_full	groot_n15_dit_block_residual_full_tokens_denoise	["layer","denoise_step","model_token","feature_dim"]	[7,4,49,1536]	[0,2,4,8,10,12,15]	n15_grid_v6_scene_jitter	grid_coord	meta	meta_json	375e3c46c962/worker2/PPCC/candle/s0/j1/n4/base
375e3c46c962	worker2	PPCC/candle	0	2	0	base	activation	5f8e521ee3222003	5f8e521ee3222003a402769ccb7db6b7e9d3ecc81d3fb98b458d138bae2451bf	lerobot_groot_n15	n15	lerobot_groot_n15__robocasa365_ckpt120000		0	Pick the candle from the counter and place it in the cabinet.	robocasa_panda_omron/PickPlaceCounterToCabinet_PandaOmron_Env	100477	1300000	0	1			5		1	2	0.0	0.0	4	4		Pick the candle from the counter and place it in the cabinet.	0	all_token_full	groot_n15_dit_block_residual_full_tokens_denoise	["layer","denoise_step","model_token","feature_dim"]	[7,4,49,1536]	[0,2,4,8,10,12,15]	n15_grid_v6_scene_jitter	grid_coord	meta	meta_json	375e3c46c962/worker2/PPCC/candle/s0/j2/n0/base
375e3c46c962	worker2	PPCC/candle	0	2	1	base	activation	cd188dd90cc8257f	cd188dd90cc8257f054b71c7776fa9f4404446654f15af310625423186050297	lerobot_groot_n15	n15	lerobot_groot_n15__robocasa365_ckpt120000		0	Pick the candle from the counter and place it in the cabinet.	robocasa_panda_omron/PickPlaceCounterToCabinet_PandaOmron_Env	100477	1300001	0	1			5		1	2	0.0	0.0	4	4		Pick the candle from the counter and place it in the cabinet.	0	all_token_full	groot_n15_dit_block_residual_full_tokens_denoise	["layer","denoise_step","model_token","feature_dim"]	[7,4,49,1536]	[0,2,4,8,10,12,15]	n15_grid_v6_scene_jitter	grid_coord	meta	meta_json	375e3c46c962/worker2/PPCC/candle/s0/j2/n1/base
375e3c46c962	worker2	PPCC/candle	0	2	2	base	activation	aab16477f865a935	aab16477f865a9355286dc76ba1299c6f4b7fe7e810013b028bfe3454cda9ce5	lerobot_groot_n15	n15	lerobot_groot_n15__robocasa365_ckpt120000		0	Pick the candle from the counter and place it in the cabinet.	robocasa_panda_omron/PickPlaceCounterToCabinet_PandaOmron_Env	100477	1300002	0	1			5		1	2	0.0	0.0	4	4		Pick the candle from the counter and place it in the cabinet.	0	all_token_full	groot_n15_dit_block_residual_full_tokens_denoise	["layer","denoise_step","model_token","feature_dim"]	[7,4,49,1536]	[0,2,4,8,10,12,15]	n15_grid_v6_scene_jitter	grid_coord	meta	meta_json	375e3c46c962/worker2/PPCC/candle/s0/j2/n2/base
375e3c46c962	worker2	PPCC/candle	0	2	3	base	activation	976ab0f12a0fefa1	976ab0f12a0fefa1635527aa35b8d9c2fe20068c5e6d26812e78a1c70d908834	lerobot_groot_n15	n15	lerobot_groot_n15__robocasa365_ckpt120000		0	Pick the candle from the counter and place it in the cabinet.	robocasa_panda_omron/PickPlaceCounterToCabinet_PandaOmron_Env	100477	1300003	0	1			5		1	2	0.0	0.0	4	4		Pick the candle from the counter and place it in the cabinet.	0	all_token_full	groot_n15_dit_block_residual_full_tokens_denoise	["layer","denoise_step","model_token","feature_dim"]	[7,4,49,1536]	[0,2,4,8,10,12,15]	n15_grid_v6_scene_jitter	grid_coord	meta	meta_json	375e3c46c962/worker2/PPCC/candle/s0/j2/n3/base
375e3c46c962	worker2	PPCC/candle	0	2	4	base	activation	9fb0c5a253a6bd0c	9fb0c5a253a6bd0ceca572940f6167780d4fcfaee9c9ccf23d77d6f5422e4711	lerobot_groot_n15	n15	lerobot_groot_n15__robocasa365_ckpt120000		0	Pick the candle from the counter and place it in the cabinet.	robocasa_panda_omron/PickPlaceCounterToCabinet_PandaOmron_Env	100477	1300004	0	1			5		1	2	0.0	0.0	4	4		Pick the candle from the counter and place it in the cabinet.	0	all_token_full	groot_n15_dit_block_residual_full_tokens_denoise	["layer","denoise_step","model_token","feature_dim"]	[7,4,49,1536]	[0,2,4,8,10,12,15]	n15_grid_v6_scene_jitter	grid_coord	meta	meta_json	375e3c46c962/worker2/PPCC/candle/s0/j2/n4/base
375e3c46c962	worker2	PPCC/candle	0	3	0	base	activation	8611f59f00bca03c	8611f59f00bca03c87af8c24ce553f5c3170d43b836c3af90a88330a29d19332	lerobot_groot_n15	n15	lerobot_groot_n15__robocasa365_ckpt120000		0	Pick the candle from the counter and place it in the cabinet.	robocasa_panda_omron/PickPlaceCounterToCabinet_PandaOmron_Env	100477	1300000	0	0			5		1	3	0.0	0.0	4	4		Pick the candle from the counter and place it in the cabinet.	0	all_token_full	groot_n15_dit_block_residual_full_tokens_denoise	["layer","denoise_step","model_token","feature_dim"]	[7,4,49,1536]	[0,2,4,8,10,12,15]	n15_grid_v6_scene_jitter	grid_coord	meta	meta_json	375e3c46c962/worker2/PPCC/candle/s0/j3/n0/base
375e3c46c962	worker2	PPCC/candle	0	3	1	base	activation	ac3f111a11de8900	ac3f111a11de8900610fe89931a76402df700c54a33ab6c4102a95f8809b4153	lerobot_groot_n15	n15	lerobot_groot_n15__robocasa365_ckpt120000		0	Pick the candle from the counter and place it in the cabinet.	robocasa_panda_omron/PickPlaceCounterToCabinet_PandaOmron_Env	100477	1300001	0	0			5		1	3	0.0	0.0	4	4		Pick the candle from the counter and place it in the cabinet.	0	all_token_full	groot_n15_dit_block_residual_full_tokens_denoise	["layer","denoise_step","model_token","feature_dim"]	[7,4,49,1536]	[0,2,4,8,10,12,15]	n15_grid_v6_scene_jitter	grid_coord	meta	meta_json	375e3c46c962/worker2/PPCC/candle/s0/j3/n1/base
375e3c46c962	worker2	PPCC/candle	0	3	2	base	activation	8a775f2ca7864db9	8a775f2ca7864db936127813cfacaf0d7e529c5d71fb36d6bb5f9f97069ad0c9	lerobot_groot_n15	n15	lerobot_groot_n15__robocasa365_ckpt120000		0	Pick the candle from the counter and place it in the cabinet.	robocasa_panda_omron/PickPlaceCounterToCabinet_PandaOmron_Env	100477	1300002	0	0			5		1	3	0.0	0.0	4	4		Pick the candle from the counter and place it in the cabinet.	0	all_token_full	groot_n15_dit_block_residual_full_tokens_denoise	["layer","denoise_step","model_token","feature_dim"]	[7,4,49,1536]	[0,2,4,8,10,12,15]	n15_grid_v6_scene_jitter	grid_coord	meta	meta_json	375e3c46c962/worker2/PPCC/candle/s0/j3/n2/base
375e3c46c962	worker2	PPCC/candle	0	3	3	base	activation	189280d7102ceca5	189280d7102ceca5691ba1d0534d32bc59d58079a8cc1255ab7c1de0fd6aa402	lerobot_groot_n15	n15	lerobot_groot_n15__robocasa365_ckpt120000		0	Pick the candle from the counter and place it in the cabinet.	robocasa_panda_omron/PickPlaceCounterToCabinet_PandaOmron_Env	100477	1300003	0	0			5		1	3	0.0	0.0	4	4		Pick the candle from the counter and place it in the cabinet.	0	all_token_full	groot_n15_dit_block_residual_full_tokens_denoise	["layer","denoise_step","model_token","feature_dim"]	[7,4,49,1536]	[0,2,4,8,10,12,15]	n15_grid_v6_scene_jitter	grid_coord	meta	meta_json	375e3c46c962/worker2/PPCC/candle/s0/j3/n3/base
375e3c46c962	worker2	PPCC/candle	0	3	4	base	activation	ec4bcdea02072f8d	ec4bcdea02072f8d6fad8b8556bc4e1dc4a34177dc670086688eff8ea435fad2	lerobot_groot_n15	n15	lerobot_groot_n15__robocasa365_ckpt120000		0	Pick the candle from the counter and place it in the cabinet.	robocasa_panda_omron/PickPlaceCounterToCabinet_PandaOmron_Env	100477	1300004	0	0			5		1	3	0.0	0.0	4	4		Pick the candle from the counter and place it in the cabinet.	0	all_token_full	groot_n15_dit_block_residual_full_tokens_denoise	["layer","denoise_step","model_token","feature_dim"]	[7,4,49,1536]	[0,2,4,8,10,12,15]	n15_grid_v6_scene_jitter	grid_coord	meta	meta_json	375e3c46c962/worker2/PPCC/candle/s0/j3/n4/base
375e3c46c962	worker2	PPCC/candle	0	4	0	base	activation	b85ee4d9e71029e4	b85ee4d9e71029e42d86aaa0bf74833061f222baa2a6e9a2584db89218b07846	lerobot_groot_n15	n15	lerobot_groot_n15__robocasa365_ckpt120000		0	Pick the candle from the counter and place it in the cabinet.	robocasa_panda_omron/PickPlaceCounterToCabinet_PandaOmron_Env	100477	1300000	0	1			5		1	4	0.0	0.0	4	4		Pick the candle from the counter and place it in the cabinet.	0	all_token_full	groot_n15_dit_block_residual_full_tokens_denoise	["layer","denoise_step","model_token","feature_dim"]	[7,4,49,1536]	[0,2,4,8,10,12,15]	n15_grid_v6_scene_jitter	grid_coord	meta	meta_json	375e3c46c962/worker2/PPCC/candle/s0/j4/n0/base
375e3c46c962	worker2	PPCC/candle	0	4	1	base	activation	94f3159fbc58f184	94f3159fbc58f1841a2d8af21283fcd8d7882d7d0a7bba91b396c9a9859b6965	lerobot_groot_n15	n15	lerobot_groot_n15__robocasa365_ckpt120000		0	Pick the candle from the counter and place it in the cabinet.	robocasa_panda_omron/PickPlaceCounterToCabinet_PandaOmron_Env	100477	1300001	0	1			5		1	4	0.0	0.0	4	4		Pick the candle from the counter and place it in the cabinet.	0	all_token_full	groot_n15_dit_block_residual_full_tokens_denoise	["layer","denoise_step","model_token","feature_dim"]	[7,4,49,1536]	[0,2,4,8,10,12,15]	n15_grid_v6_scene_jitter	grid_coord	meta	meta_json	375e3c46c962/worker2/PPCC/candle/s0/j4/n1/base
375e3c46c962	worker2	PPCC/candle	0	4	2	base	activation	e47fa64aba74f7b4	e47fa64aba74f7b49851cdc24833db4746fdd108af851cea6a1d62b00eb980ac	lerobot_groot_n15	n15	lerobot_groot_n15__robocasa365_ckpt120000		0	Pick the candle from the counter and place it in the cabinet.	robocasa_panda_omron/PickPlaceCounterToCabinet_PandaOmron_Env	100477	1300002	0	1			5		1	4	0.0	0.0	4	4		Pick the candle from the counter and place it in the cabinet.	0	all_token_full	groot_n15_dit_block_residual_full_tokens_denoise	["layer","denoise_step","model_token","feature_dim"]	[7,4,49,1536]	[0,2,4,8,10,12,15]	n15_grid_v6_scene_jitter	grid_coord	meta	meta_json	375e3c46c962/worker2/PPCC/candle/s0/j4/n2/base
375e3c46c962	worker2	PPCC/candle	0	4	3	base	activation	7ddbe6e4bc2adcee	7ddbe6e4bc2adcee743190910f6fd2f7f562572bf2d85054bc3960ac894795a4	lerobot_groot_n15	n15	lerobot_groot_n15__robocasa365_ckpt120000		0	Pick the candle from the counter and place it in the cabinet.	robocasa_panda_omron/PickPlaceCounterToCabinet_PandaOmron_Env	100477	1300003	0	1			5		1	4	0.0	0.0	4	4		Pick the candle from the counter and place it in the cabinet.	0	all_token_full	groot_n15_dit_block_residual_full_tokens_denoise	["layer","denoise_step","model_token","feature_dim"]	[7,4,49,1536]	[0,2,4,8,10,12,15]	n15_grid_v6_scene_jitter	grid_coord	meta	meta_json	375e3c46c962/worker2/PPCC/candle/s0/j4/n3/base
375e3c46c962	worker2	PPCC/candle	0	4	4	base	activation	9a25039e17620c45	9a25039e17620c45790605157aaebf325dd5495fc1f53e8b71893dbe462f3a8f	lerobot_groot_n15	n15	lerobot_groot_n15__robocasa365_ckpt120000		0	Pick the candle from the counter and place it in the cabinet.	robocasa_panda_omron/PickPlaceCounterToCabinet_PandaOmron_Env	100477	1300004	0	1			5		1	4	0.0	0.0	4	4		Pick the candle from the counter and place it in the cabinet.	0	all_token_full	groot_n15_dit_block_residual_full_tokens_denoise	["layer","denoise_step","model_token","feature_dim"]	[7,4,49,1536]	[0,2,4,8,10,12,15]	n15_grid_v6_scene_jitter	grid_coord	meta	meta_json	375e3c46c962/worker2/PPCC/candle/s0/j4/n4/base
375e3c46c962	worker2	PPCC/candle	1	0	0	base	activation	070a36317a8d600f	070a36317a8d600fed29a333f8a79674264c6ca2a931520ac5e669240edd33d8	lerobot_groot_n15	n15	lerobot_groot_n15__robocasa365_ckpt120000		0	Pick the candle from the counter and place it in the cabinet.	robocasa_panda_omron/PickPlaceCounterToCabinet_PandaOmron_Env	102074	1300000	0	0			5		1	0	0.0	0.0	9	9		Pick the candle from the counter and place it in the cabinet.	0	all_token_full	groot_n15_dit_block_residual_full_tokens_denoise	["layer","denoise_step","model_token","feature_dim"]	[7,4,49,1536]	[0,2,4,8,10,12,15]	n15_grid_v6_scene_jitter	grid_coord	meta	meta_json	375e3c46c962/worker2/PPCC/candle/s1/j0/n0/base
375e3c46c962	worker2	PPCC/candle	1	0	1	base	activation	823241a724760cf4	823241a724760cf46fe0cb5b95530fc8c74ad5d3accc2bc3a015b0ca89a3ad91	lerobot_groot_n15	n15	lerobot_groot_n15__robocasa365_ckpt120000		0	Pick the candle from the counter and place it in the cabinet.	robocasa_panda_omron/PickPlaceCounterToCabinet_PandaOmron_Env	102074	1300001	0	1			5		1	0	0.0	0.0	9	9		Pick the candle from the counter and place it in the cabinet.	0	all_token_full	groot_n15_dit_block_residual_full_tokens_denoise	["layer","denoise_step","model_token","feature_dim"]	[7,4,49,1536]	[0,2,4,8,10,12,15]	n15_grid_v6_scene_jitter	grid_coord	meta	meta_json	375e3c46c962/worker2/PPCC/candle/s1/j0/n1/base
375e3c46c962	worker2	PPCC/candle	1	0	2	base	activation	cebc1b029a90a50b	cebc1b029a90a50b2c9e9c2c4d518d631dc6ba66d502da9135155e233a3ca248	lerobot_groot_n15	n15	lerobot_groot_n15__robocasa365_ckpt120000		0	Pick the candle from the counter and place it in the cabinet.	robocasa_panda_omron/PickPlaceCounterToCabinet_PandaOmron_Env	102074	1300002	0	0			5		1	0	0.0	0.0	9	9		Pick the candle from the counter and place it in the cabinet.	0	all_token_full	groot_n15_dit_block_residual_full_tokens_denoise	["layer","denoise_step","model_token","feature_dim"]	[7,4,49,1536]	[0,2,4,8,10,12,15]	n15_grid_v6_scene_jitter	grid_coord	meta	meta_json	375e3c46c962/worker2/PPCC/candle/s1/j0/n2/base
375e3c46c962	worker2	PPCC/candle	1	0	3	base	activation	73e7788500cb1743	73e7788500cb1743f55234addb8aef4b5e8ab2d053c823b8f17509a5cffa6654	lerobot_groot_n15	n15	lerobot_groot_n15__robocasa365_ckpt120000		0	Pick the candle from the counter and place it in the cabinet.	robocasa_panda_omron/PickPlaceCounterToCabinet_PandaOmron_Env	102074	1300003	0	0			5		1	0	0.0	0.0	9	9		Pick the candle from the counter and place it in the cabinet.	0	all_token_full	groot_n15_dit_block_residual_full_tokens_denoise	["layer","denoise_step","model_token","feature_dim"]	[7,4,49,1536]	[0,2,4,8,10,12,15]	n15_grid_v6_scene_jitter	grid_coord	meta	meta_json	375e3c46c962/worker2/PPCC/candle/s1/j0/n3/base
375e3c46c962	worker2	PPCC/candle	1	0	4	base	activation	f2e1865f6776bbc8	f2e1865f6776bbc843071c526e5efc2d7b32e90d2bc2bd1f53e570f985855c43	lerobot_groot_n15	n15	lerobot_groot_n15__robocasa365_ckpt120000		0	Pick the candle from the counter and place it in the cabinet.	robocasa_panda_omron/PickPlaceCounterToCabinet_PandaOmron_Env	102074	1300004	0	0			5		1	0	0.0	0.0	9	9		Pick the candle from the counter and place it in the cabinet.	0	all_token_full	groot_n15_dit_block_residual_full_tokens_denoise	["layer","denoise_step","model_token","feature_dim"]	[7,4,49,1536]	[0,2,4,8,10,12,15]	n15_grid_v6_scene_jitter	grid_coord	meta	meta_json	375e3c46c962/worker2/PPCC/candle/s1/j0/n4/base
375e3c46c962	worker2	PPCC/candle	1	1	0	base	activation	84209cdc106951c2	84209cdc106951c2e25cf4a08035f250866589c06a058172dc0f8e5b44cace22	lerobot_groot_n15	n15	lerobot_groot_n15__robocasa365_ckpt120000		0	Pick the candle from the counter and place it in the cabinet.	robocasa_panda_omron/PickPlaceCounterToCabinet_PandaOmron_Env	102074	1300000	0	1			5		1	1	0.0	0.0	9	9		Pick the candle from the counter and place it in the cabinet.	0	all_token_full	groot_n15_dit_block_residual_full_tokens_denoise	["layer","denoise_step","model_token","feature_dim"]	[7,4,49,1536]	[0,2,4,8,10,12,15]	n15_grid_v6_scene_jitter	grid_coord	meta	meta_json	375e3c46c962/worker2/PPCC/candle/s1/j1/n0/base
375e3c46c962	worker2	PPCC/candle	1	1	1	base	activation	0b4d98674dbfccbe	0b4d98674dbfccbe3f85f390aaa29a7955116dee3993f00e5f643a8f12d48c58	lerobot_groot_n15	n15	lerobot_groot_n15__robocasa365_ckpt120000		0	Pick the candle from the counter and place it in the cabinet.	robocasa_panda_omron/PickPlaceCounterToCabinet_PandaOmron_Env	102074	1300001	0	1			5		1	1	0.0	0.0	9	9		Pick the candle from the counter and place it in the cabinet.	0	all_token_full	groot_n15_dit_block_residual_full_tokens_denoise	["layer","denoise_step","model_token","feature_dim"]	[7,4,49,1536]	[0,2,4,8,10,12,15]	n15_grid_v6_scene_jitter	grid_coord	meta	meta_json	375e3c46c962/worker2/PPCC/candle/s1/j1/n1/base
375e3c46c962	worker2	PPCC/candle	1	1	2	base	activation	a2b1dbea84af1e75	a2b1dbea84af1e754fd204769fa7cb0f657a09cd13cbf9da6076f5962f5c3f9d	lerobot_groot_n15	n15	lerobot_groot_n15__robocasa365_ckpt120000		0	Pick the candle from the counter and place it in the cabinet.	robocasa_panda_omron/PickPlaceCounterToCabinet_PandaOmron_Env	102074	1300002	0	1			5		1	1	0.0	0.0	9	9		Pick the candle from the counter and place it in the cabinet.	0	all_token_full	groot_n15_dit_block_residual_full_tokens_denoise	["layer","denoise_step","model_token","feature_dim"]	[7,4,49,1536]	[0,2,4,8,10,12,15]	n15_grid_v6_scene_jitter	grid_coord	meta	meta_json	375e3c46c962/worker2/PPCC/candle/s1/j1/n2/base
375e3c46c962	worker2	PPCC/candle	1	1	3	base	activation	0f889ad4391186d1	0f889ad4391186d1fa7a15a28ae536a0268a102bba07bd231442e48356322071	lerobot_groot_n15	n15	lerobot_groot_n15__robocasa365_ckpt120000		0	Pick the candle from the counter and place it in the cabinet.	robocasa_panda_omron/PickPlaceCounterToCabinet_PandaOmron_Env	102074	1300003	0	1			5		1	1	0.0	0.0	9	9		Pick the candle from the counter and place it in the cabinet.	0	all_token_full	groot_n15_dit_block_residual_full_tokens_denoise	["layer","denoise_step","model_token","feature_dim"]	[7,4,49,1536]	[0,2,4,8,10,12,15]	n15_grid_v6_scene_jitter	grid_coord	meta	meta_json	375e3c46c962/worker2/PPCC/candle/s1/j1/n3/base
375e3c46c962	worker2	PPCC/candle	1	1	4	base	activation	2966a4263d3ba91e	2966a4263d3ba91ebb0408f0c69434ef6cf4f6b8eb58405d7b1eb30e5d944f24	lerobot_groot_n15	n15	lerobot_groot_n15__robocasa365_ckpt120000		0	Pick the candle from the counter and place it in the cabinet.	robocasa_panda_omron/PickPlaceCounterToCabinet_PandaOmron_Env	102074	1300004	0	0			5		1	1	0.0	0.0	9	9		Pick the candle from the counter and place it in the cabinet.	0	all_token_full	groot_n15_dit_block_residual_full_tokens_denoise	["layer","denoise_step","model_token","feature_dim"]	[7,4,49,1536]	[0,2,4,8,10,12,15]	n15_grid_v6_scene_jitter	grid_coord	meta	meta_json	375e3c46c962/worker2/PPCC/candle/s1/j1/n4/base
375e3c46c962	worker2	PPCC/candle	1	2	0	base	activation	9e07253ca13169d2	9e07253ca13169d24614d3da45a3a80c78ff6c35dc7fedd8ecfa29e8e55d320c	lerobot_groot_n15	n15	lerobot_groot_n15__robocasa365_ckpt120000		0	Pick the candle from the counter and place it in the cabinet.	robocasa_panda_omron/PickPlaceCounterToCabinet_PandaOmron_Env	102074	1300000	0	1			5		1	2	0.0	0.0	9	9		Pick the candle from the counter and place it in the cabinet.	0	all_token_full	groot_n15_dit_block_residual_full_tokens_denoise	["layer","denoise_step","model_token","feature_dim"]	[7,4,49,1536]	[0,2,4,8,10,12,15]	n15_grid_v6_scene_jitter	grid_coord	meta	meta_json	375e3c46c962/worker2/PPCC/candle/s1/j2/n0/base
375e3c46c962	worker2	PPCC/candle	1	2	1	base	activation	6275f2096a7b7ac8	6275f2096a7b7ac8af9018d986fbe35c3ccb300b334a0124c865391dffe2a4d8	lerobot_groot_n15	n15	lerobot_groot_n15__robocasa365_ckpt120000		0	Pick the candle from the counter and place it in the cabinet.	robocasa_panda_omron/PickPlaceCounterToCabinet_PandaOmron_Env	102074	1300001	0	1			5		1	2	0.0	0.0	9	9		Pick the candle from the counter and place it in the cabinet.	0	all_token_full	groot_n15_dit_block_residual_full_tokens_denoise	["layer","denoise_step","model_token","feature_dim"]	[7,4,49,1536]	[0,2,4,8,10,12,15]	n15_grid_v6_scene_jitter	grid_coord	meta	meta_json	375e3c46c962/worker2/PPCC/candle/s1/j2/n1/base
375e3c46c962	worker2	PPCC/candle	1	2	2	base	activation	1277128f1c0a815e	1277128f1c0a815eebe30586080ddbf9be08642938352ff27de61d7d7e8694b7	lerobot_groot_n15	n15	lerobot_groot_n15__robocasa365_ckpt120000		0	Pick the candle from the counter and place it in the cabinet.	robocasa_panda_omron/PickPlaceCounterToCabinet_PandaOmron_Env	102074	1300002	0	1			5		1	2	0.0	0.0	9	9		Pick the candle from the counter and place it in the cabinet.	0	all_token_full	groot_n15_dit_block_residual_full_tokens_denoise	["layer","denoise_step","model_token","feature_dim"]	[7,4,49,1536]	[0,2,4,8,10,12,15]	n15_grid_v6_scene_jitter	grid_coord	meta	meta_json	375e3c46c962/worker2/PPCC/candle/s1/j2/n2/base
375e3c46c962	worker2	PPCC/candle	1	2	3	base	activation	0be5f41956e82fa8	0be5f41956e82fa89739884db6cc709988c3ada1132f4a68340ac00437493f90	lerobot_groot_n15	n15	lerobot_groot_n15__robocasa365_ckpt120000		0	Pick the candle from the counter and place it in the cabinet.	robocasa_panda_omron/PickPlaceCounterToCabinet_PandaOmron_Env	102074	1300003	0	1			5		1	2	0.0	0.0	9	9		Pick the candle from the counter and place it in the cabinet.	0	all_token_full	groot_n15_dit_block_residual_full_tokens_denoise	["layer","denoise_step","model_token","feature_dim"]	[7,4,49,1536]	[0,2,4,8,10,12,15]	n15_grid_v6_scene_jitter	grid_coord	meta	meta_json	375e3c46c962/worker2/PPCC/candle/s1/j2/n3/base
375e3c46c962	worker2	PPCC/candle	1	2	4	base	activation	a9bb8fd413713630	a9bb8fd413713630cbc7101a32e58cd97ec45f2a42969069a98137b5d030ed55	lerobot_groot_n15	n15	lerobot_groot_n15__robocasa365_ckpt120000		0	Pick the candle from the counter and place it in the cabinet.	robocasa_panda_omron/PickPlaceCounterToCabinet_PandaOmron_Env	102074	1300004	0	0			5		1	2	0.0	0.0	9	9		Pick the candle from the counter and place it in the cabinet.	0	all_token_full	groot_n15_dit_block_residual_full_tokens_denoise	["layer","denoise_step","model_token","feature_dim"]	[7,4,49,1536]	[0,2,4,8,10,12,15]	n15_grid_v6_scene_jitter	grid_coord	meta	meta_json	375e3c46c962/worker2/PPCC/candle/s1/j2/n4/base
375e3c46c962	worker2	PPCC/candle	1	3	0	base	activation	364afa2d8dfe972d	364afa2d8dfe972de0d1a86b65e6db80bd30424b5c04bae777b0f4bc1eabf761	lerobot_groot_n15	n15	lerobot_groot_n15__robocasa365_ckpt120000		0	Pick the candle from the counter and place it in the cabinet.	robocasa_panda_omron/PickPlaceCounterToCabinet_PandaOmron_Env	102074	1300000	0	1			5		1	3	0.0	0.0	9	9		Pick the candle from the counter and place it in the cabinet.	0	all_token_full	groot_n15_dit_block_residual_full_tokens_denoise	["layer","denoise_step","model_token","feature_dim"]	[7,4,49,1536]	[0,2,4,8,10,12,15]	n15_grid_v6_scene_jitter	grid_coord	meta	meta_json	375e3c46c962/worker2/PPCC/candle/s1/j3/n0/base
375e3c46c962	worker2	PPCC/candle	1	3	1	base	activation	70729fef41e4c104	70729fef41e4c10404725fe7804baeafbd5562f6fd46d85b9ad24f8d4f211ad5	lerobot_groot_n15	n15	lerobot_groot_n15__robocasa365_ckpt120000		0	Pick the candle from the counter and place it in the cabinet.	robocasa_panda_omron/PickPlaceCounterToCabinet_PandaOmron_Env	102074	1300001	0	1			5		1	3	0.0	0.0	9	9		Pick the candle from the counter and place it in the cabinet.	0	all_token_full	groot_n15_dit_block_residual_full_tokens_denoise	["layer","denoise_step","model_token","feature_dim"]	[7,4,49,1536]	[0,2,4,8,10,12,15]	n15_grid_v6_scene_jitter	grid_coord	meta	meta_json	375e3c46c962/worker2/PPCC/candle/s1/j3/n1/base
375e3c46c962	worker2	PPCC/candle	1	3	2	base	activation	bb0f65c0220c0667	bb0f65c0220c066732770b346603fe233857ede5e266cbdf3dabb3a81cc1ce57	lerobot_groot_n15	n15	lerobot_groot_n15__robocasa365_ckpt120000		0	Pick the candle from the counter and place it in the cabinet.	robocasa_panda_omron/PickPlaceCounterToCabinet_PandaOmron_Env	102074	1300002	0	1			5		1	3	0.0	0.0	9	9		Pick the candle from the counter and place it in the cabinet.	0	all_token_full	groot_n15_dit_block_residual_full_tokens_denoise	["layer","denoise_step","model_token","feature_dim"]	[7,4,49,1536]	[0,2,4,8,10,12,15]	n15_grid_v6_scene_jitter	grid_coord	meta	meta_json	375e3c46c962/worker2/PPCC/candle/s1/j3/n2/base
375e3c46c962	worker2	PPCC/candle	1	3	3	base	activation	46c8e8dbbe6b3c21	46c8e8dbbe6b3c21faabbf0f642b951e19ffd19ab0fa90d5f35d63035e9105f0	lerobot_groot_n15	n15	lerobot_groot_n15__robocasa365_ckpt120000		0	Pick the candle from the counter and place it in the cabinet.	robocasa_panda_omron/PickPlaceCounterToCabinet_PandaOmron_Env	102074	1300003	0	1			5		1	3	0.0	0.0	9	9		Pick the candle from the counter and place it in the cabinet.	0	all_token_full	groot_n15_dit_block_residual_full_tokens_denoise	["layer","denoise_step","model_token","feature_dim"]	[7,4,49,1536]	[0,2,4,8,10,12,15]	n15_grid_v6_scene_jitter	grid_coord	meta	meta_json	375e3c46c962/worker2/PPCC/candle/s1/j3/n3/base
375e3c46c962	worker2	PPCC/candle	1	3	4	base	activation	247c28a7cf8b6b3a	247c28a7cf8b6b3a85db916aa3ad5247e3fef41b7219605418a46e0ab2b501a0	lerobot_groot_n15	n15	lerobot_groot_n15__robocasa365_ckpt120000		0	Pick the candle from the counter and place it in the cabinet.	robocasa_panda_omron/PickPlaceCounterToCabinet_PandaOmron_Env	102074	1300004	0	1			5		1	3	0.0	0.0	9	9		Pick the candle from the counter and place it in the cabinet.	0	all_token_full	groot_n15_dit_block_residual_full_tokens_denoise	["layer","denoise_step","model_token","feature_dim"]	[7,4,49,1536]	[0,2,4,8,10,12,15]	n15_grid_v6_scene_jitter	grid_coord	meta	meta_json	375e3c46c962/worker2/PPCC/candle/s1/j3/n4/base
375e3c46c962	worker2	PPCC/candle	1	4	0	base	activation	a17dc2ca49f45983	a17dc2ca49f45983427b0363ce8247915de0dc75cb5dca0a141b6ed0d5d7346f	lerobot_groot_n15	n15	lerobot_groot_n15__robocasa365_ckpt120000		0	Pick the candle from the counter and place it in the cabinet.	robocasa_panda_omron/PickPlaceCounterToCabinet_PandaOmron_Env	102074	1300000	0	1			5		1	4	0.0	0.0	9	9		Pick the candle from the counter and place it in the cabinet.	0	all_token_full	groot_n15_dit_block_residual_full_tokens_denoise	["layer","denoise_step","model_token","feature_dim"]	[7,4,49,1536]	[0,2,4,8,10,12,15]	n15_grid_v6_scene_jitter	grid_coord	meta	meta_json	375e3c46c962/worker2/PPCC/candle/s1/j4/n0/base
375e3c46c962	worker2	PPCC/candle	1	4	1	base	activation	607e58ebba0cce8f	607e58ebba0cce8f27ed77d9d9293fc20c070d1a0e45d5199b0959425c4a4052	lerobot_groot_n15	n15	lerobot_groot_n15__robocasa365_ckpt120000		0	Pick the candle from the counter and place it in the cabinet.	robocasa_panda_omron/PickPlaceCounterToCabinet_PandaOmron_Env	102074	1300001	0	1			5		1	4	0.0	0.0	9	9		Pick the candle from the counter and place it in the cabinet.	0	all_token_full	groot_n15_dit_block_residual_full_tokens_denoise	["layer","denoise_step","model_token","feature_dim"]	[7,4,49,1536]	[0,2,4,8,10,12,15]	n15_grid_v6_scene_jitter	grid_coord	meta	meta_json	375e3c46c962/worker2/PPCC/candle/s1/j4/n1/base
375e3c46c962	worker2	PPCC/candle	1	4	2	base	activation	4604632f49043bfe	4604632f49043bfe969617983bbb75a47c35975a39b77f5e02b174fc449863e9	lerobot_groot_n15	n15	lerobot_groot_n15__robocasa365_ckpt120000		0	Pick the candle from the counter and place it in the cabinet.	robocasa_panda_omron/PickPlaceCounterToCabinet_PandaOmron_Env	102074	1300002	0	1			5		1	4	0.0	0.0	9	9		Pick the candle from the counter and place it in the cabinet.	0	all_token_full	groot_n15_dit_block_residual_full_tokens_denoise	["layer","denoise_step","model_token","feature_dim"]	[7,4,49,1536]	[0,2,4,8,10,12,15]	n15_grid_v6_scene_jitter	grid_coord	meta	meta_json	375e3c46c962/worker2/PPCC/candle/s1/j4/n2/base
375e3c46c962	worker2	PPCC/candle	1	4	3	base	activation	005d550650fe941e	005d550650fe941e6758951d657a0659ef74ee9c93f89f4958d78bab326cb5da	lerobot_groot_n15	n15	lerobot_groot_n15__robocasa365_ckpt120000		0	Pick the candle from the counter and place it in the cabinet.	robocasa_panda_omron/PickPlaceCounterToCabinet_PandaOmron_Env	102074	1300003	0	0			5		1	4	0.0	0.0	9	9		Pick the candle from the counter and place it in the cabinet.	0	all_token_full	groot_n15_dit_block_residual_full_tokens_denoise	["layer","denoise_step","model_token","feature_dim"]	[7,4,49,1536]	[0,2,4,8,10,12,15]	n15_grid_v6_scene_jitter	grid_coord	meta	meta_json	375e3c46c962/worker2/PPCC/candle/s1/j4/n3/base
375e3c46c962	worker2	PPCC/candle	1	4	4	base	activation	b37c6a843c0d859e	b37c6a843c0d859e996ae94190f3a357fa3be7a2355f6ff9bd48babd2e45574d	lerobot_groot_n15	n15	lerobot_groot_n15__robocasa365_ckpt120000		0	Pick the candle from the counter and place it in the cabinet.	robocasa_panda_omron/PickPlaceCounterToCabinet_PandaOmron_Env	102074	1300004	0	0			5		1	4	0.0	0.0	9	9		Pick the candle from the counter and place it in the cabinet.	0	all_token_full	groot_n15_dit_block_residual_full_tokens_denoise	["layer","denoise_step","model_token","feature_dim"]	[7,4,49,1536]	[0,2,4,8,10,12,15]	n15_grid_v6_scene_jitter	grid_coord	meta	meta_json	375e3c46c962/worker2/PPCC/candle/s1/j4/n4/base
375e3c46c962	worker2	PPCC/candle	2	0	0	base	activation	e243c736fc3f4b13	e243c736fc3f4b1379b707e9ed95d886231dcf9aa34f1f46a317ba2c32cf8473	lerobot_groot_n15	n15	lerobot_groot_n15__robocasa365_ckpt120000		0	Pick the candle from the counter and place it in the cabinet.	robocasa_panda_omron/PickPlaceCounterToCabinet_PandaOmron_Env	100376	1300000	0	0			5		1	0	0.0	0.0	5	5		Pick the candle from the counter and place it in the cabinet.	0	all_token_full	groot_n15_dit_block_residual_full_tokens_denoise	["layer","denoise_step","model_token","feature_dim"]	[7,4,49,1536]	[0,2,4,8,10,12,15]	n15_grid_v6_scene_jitter	grid_coord	meta	meta_json	375e3c46c962/worker2/PPCC/candle/s2/j0/n0/base
375e3c46c962	worker2	PPCC/candle	2	0	1	base	activation	0b9a67318b41ef60	0b9a67318b41ef60db3bed06be90abf045feeacd4581421ef749dc864dd2a363	lerobot_groot_n15	n15	lerobot_groot_n15__robocasa365_ckpt120000		0	Pick the candle from the counter and place it in the cabinet.	robocasa_panda_omron/PickPlaceCounterToCabinet_PandaOmron_Env	100376	1300001	0	0			5		1	0	0.0	0.0	5	5		Pick the candle from the counter and place it in the cabinet.	0	all_token_full	groot_n15_dit_block_residual_full_tokens_denoise	["layer","denoise_step","model_token","feature_dim"]	[7,4,49,1536]	[0,2,4,8,10,12,15]	n15_grid_v6_scene_jitter	grid_coord	meta	meta_json	375e3c46c962/worker2/PPCC/candle/s2/j0/n1/base
375e3c46c962	worker2	PPCC/candle	2	0	2	base	activation	ccfad4086126b228	ccfad4086126b2281184af71dffa6907b106dc6619830d2ebf34cddec7776acd	lerobot_groot_n15	n15	lerobot_groot_n15__robocasa365_ckpt120000		0	Pick the candle from the counter and place it in the cabinet.	robocasa_panda_omron/PickPlaceCounterToCabinet_PandaOmron_Env	100376	1300002	0	1			5		1	0	0.0	0.0	5	5		Pick the candle from the counter and place it in the cabinet.	0	all_token_full	groot_n15_dit_block_residual_full_tokens_denoise	["layer","denoise_step","model_token","feature_dim"]	[7,4,49,1536]	[0,2,4,8,10,12,15]	n15_grid_v6_scene_jitter	grid_coord	meta	meta_json	375e3c46c962/worker2/PPCC/candle/s2/j0/n2/base
375e3c46c962	worker2	PPCC/candle	2	0	3	base	activation	21df282dfb58bfc9	21df282dfb58bfc9944d6a41c5194ea5f2f75d17064703f691c3639a9d16831e	lerobot_groot_n15	n15	lerobot_groot_n15__robocasa365_ckpt120000		0	Pick the candle from the counter and place it in the cabinet.	robocasa_panda_omron/PickPlaceCounterToCabinet_PandaOmron_Env	100376	1300003	0	0			5		1	0	0.0	0.0	5	5		Pick the candle from the counter and place it in the cabinet.	0	all_token_full	groot_n15_dit_block_residual_full_tokens_denoise	["layer","denoise_step","model_token","feature_dim"]	[7,4,49,1536]	[0,2,4,8,10,12,15]	n15_grid_v6_scene_jitter	grid_coord	meta	meta_json	375e3c46c962/worker2/PPCC/candle/s2/j0/n3/base
375e3c46c962	worker2	PPCC/candle	2	0	4	base	activation	3a868304e1f0b804	3a868304e1f0b804e65cdafd0f1272dbecfc0d8cfa1ed597c8527511084addff	lerobot_groot_n15	n15	lerobot_groot_n15__robocasa365_ckpt120000		0	Pick the candle from the counter and place it in the cabinet.	robocasa_panda_omron/PickPlaceCounterToCabinet_PandaOmron_Env	100376	1300004	0	1			5		1	0	0.0	0.0	5	5		Pick the candle from the counter and place it in the cabinet.	0	all_token_full	groot_n15_dit_block_residual_full_tokens_denoise	["layer","denoise_step","model_token","feature_dim"]	[7,4,49,1536]	[0,2,4,8,10,12,15]	n15_grid_v6_scene_jitter	grid_coord	meta	meta_json	375e3c46c962/worker2/PPCC/candle/s2/j0/n4/base
375e3c46c962	worker2	PPCC/candle	2	1	0	base	activation	1c0639bda6409778	1c0639bda64097789e409e3d3fe34752ad5b5210f2e67a42d11a7915e5eebba8	lerobot_groot_n15	n15	lerobot_groot_n15__robocasa365_ckpt120000		0	Pick the candle from the counter and place it in the cabinet.	robocasa_panda_omron/PickPlaceCounterToCabinet_PandaOmron_Env	100376	1300000	0	1			5		1	1	0.0	0.0	5	5		Pick the candle from the counter and place it in the cabinet.	0	all_token_full	groot_n15_dit_block_residual_full_tokens_denoise	["layer","denoise_step","model_token","feature_dim"]	[7,4,49,1536]	[0,2,4,8,10,12,15]	n15_grid_v6_scene_jitter	grid_coord	meta	meta_json	375e3c46c962/worker2/PPCC/candle/s2/j1/n0/base
375e3c46c962	worker2	PPCC/candle	2	1	1	base	activation	180e3fc5b2f90813	180e3fc5b2f90813633ed623a582442aa5d5bf124218a5df1acc9949a5b0bd73	lerobot_groot_n15	n15	lerobot_groot_n15__robocasa365_ckpt120000		0	Pick the candle from the counter and place it in the cabinet.	robocasa_panda_omron/PickPlaceCounterToCabinet_PandaOmron_Env	100376	1300001	0	1			5		1	1	0.0	0.0	5	5		Pick the candle from the counter and place it in the cabinet.	0	all_token_full	groot_n15_dit_block_residual_full_tokens_denoise	["layer","denoise_step","model_token","feature_dim"]	[7,4,49,1536]	[0,2,4,8,10,12,15]	n15_grid_v6_scene_jitter	grid_coord	meta	meta_json	375e3c46c962/worker2/PPCC/candle/s2/j1/n1/base
375e3c46c962	worker2	PPCC/candle	2	1	2	base	activation	b24b9335edff2079	b24b9335edff20793976b851440e0f4daf27401338c77edf6bfbab045d53ed39	lerobot_groot_n15	n15	lerobot_groot_n15__robocasa365_ckpt120000		0	Pick the candle from the counter and place it in the cabinet.	robocasa_panda_omron/PickPlaceCounterToCabinet_PandaOmron_Env	100376	1300002	0	1			5		1	1	0.0	0.0	5	5		Pick the candle from the counter and place it in the cabinet.	0	all_token_full	groot_n15_dit_block_residual_full_tokens_denoise	["layer","denoise_step","model_token","feature_dim"]	[7,4,49,1536]	[0,2,4,8,10,12,15]	n15_grid_v6_scene_jitter	grid_coord	meta	meta_json	375e3c46c962/worker2/PPCC/candle/s2/j1/n2/base
375e3c46c962	worker2	PPCC/candle	2	1	3	base	activation	19cb1d76330c22d0	19cb1d76330c22d00c127f195293ff1e5e1ad4c07b979945861f1afce96cdeba	lerobot_groot_n15	n15	lerobot_groot_n15__robocasa365_ckpt120000		0	Pick the candle from the counter and place it in the cabinet.	robocasa_panda_omron/PickPlaceCounterToCabinet_PandaOmron_Env	100376	1300003	0	1			5		1	1	0.0	0.0	5	5		Pick the candle from the counter and place it in the cabinet.	0	all_token_full	groot_n15_dit_block_residual_full_tokens_denoise	["layer","denoise_step","model_token","feature_dim"]	[7,4,49,1536]	[0,2,4,8,10,12,15]	n15_grid_v6_scene_jitter	grid_coord	meta	meta_json	375e3c46c962/worker2/PPCC/candle/s2/j1/n3/base
375e3c46c962	worker2	PPCC/candle	2	1	4	base	activation	36f12ead08612570	36f12ead08612570e372d9e5b865ee52fb93ce71b87a2dcdc739859f4baf4fcf	lerobot_groot_n15	n15	lerobot_groot_n15__robocasa365_ckpt120000		0	Pick the candle from the counter and place it in the cabinet.	robocasa_panda_omron/PickPlaceCounterToCabinet_PandaOmron_Env	100376	1300004	0	1			5		1	1	0.0	0.0	5	5		Pick the candle from the counter and place it in the cabinet.	0	all_token_full	groot_n15_dit_block_residual_full_tokens_denoise	["layer","denoise_step","model_token","feature_dim"]	[7,4,49,1536]	[0,2,4,8,10,12,15]	n15_grid_v6_scene_jitter	grid_coord	meta	meta_json	375e3c46c962/worker2/PPCC/candle/s2/j1/n4/base
375e3c46c962	worker2	PPCC/candle	2	2	0	base	activation	1aab6d42f5fd8cd1	1aab6d42f5fd8cd121d91de08a22d59215c3fe074eb9acddbdd699d3773926e4	lerobot_groot_n15	n15	lerobot_groot_n15__robocasa365_ckpt120000		0	Pick the candle from the counter and place it in the cabinet.	robocasa_panda_omron/PickPlaceCounterToCabinet_PandaOmron_Env	100376	1300000	0	1			5		1	2	0.0	0.0	5	5		Pick the candle from the counter and place it in the cabinet.	0	all_token_full	groot_n15_dit_block_residual_full_tokens_denoise	["layer","denoise_step","model_token","feature_dim"]	[7,4,49,1536]	[0,2,4,8,10,12,15]	n15_grid_v6_scene_jitter	grid_coord	meta	meta_json	375e3c46c962/worker2/PPCC/candle/s2/j2/n0/base
375e3c46c962	worker2	PPCC/candle	2	2	1	base	activation	94b8aa5ef33d6ef7	94b8aa5ef33d6ef794e19da4cb7f07e1574ce9b02cd10f9ec518fdbb7aa88907	lerobot_groot_n15	n15	lerobot_groot_n15__robocasa365_ckpt120000		0	Pick the candle from the counter and place it in the cabinet.	robocasa_panda_omron/PickPlaceCounterToCabinet_PandaOmron_Env	100376	1300001	0	0			5		1	2	0.0	0.0	5	5		Pick the candle from the counter and place it in the cabinet.	0	all_token_full	groot_n15_dit_block_residual_full_tokens_denoise	["layer","denoise_step","model_token","feature_dim"]	[7,4,49,1536]	[0,2,4,8,10,12,15]	n15_grid_v6_scene_jitter	grid_coord	meta	meta_json	375e3c46c962/worker2/PPCC/candle/s2/j2/n1/base
375e3c46c962	worker2	PPCC/candle	2	2	2	base	activation	952a4e59b5dba607	952a4e59b5dba60703b3af4771791b18b1376e96ba2a9996eb07226d524a91ad	lerobot_groot_n15	n15	lerobot_groot_n15__robocasa365_ckpt120000		0	Pick the candle from the counter and place it in the cabinet.	robocasa_panda_omron/PickPlaceCounterToCabinet_PandaOmron_Env	100376	1300002	0	0			5		1	2	0.0	0.0	5	5		Pick the candle from the counter and place it in the cabinet.	0	all_token_full	groot_n15_dit_block_residual_full_tokens_denoise	["layer","denoise_step","model_token","feature_dim"]	[7,4,49,1536]	[0,2,4,8,10,12,15]	n15_grid_v6_scene_jitter	grid_coord	meta	meta_json	375e3c46c962/worker2/PPCC/candle/s2/j2/n2/base
375e3c46c962	worker2	PPCC/candle	2	2	3	base	activation	372cc35a2b3c0dc2	372cc35a2b3c0dc2199a2271db188fa06658afacbd207e1bfc2e4566eb750616	lerobot_groot_n15	n15	lerobot_groot_n15__robocasa365_ckpt120000		0	Pick the candle from the counter and place it in the cabinet.	robocasa_panda_omron/PickPlaceCounterToCabinet_PandaOmron_Env	100376	1300003	0	1			5		1	2	0.0	0.0	5	5		Pick the candle from the counter and place it in the cabinet.	0	all_token_full	groot_n15_dit_block_residual_full_tokens_denoise	["layer","denoise_step","model_token","feature_dim"]	[7,4,49,1536]	[0,2,4,8,10,12,15]	n15_grid_v6_scene_jitter	grid_coord	meta	meta_json	375e3c46c962/worker2/PPCC/candle/s2/j2/n3/base
375e3c46c962	worker2	PPCC/candle	2	2	4	base	activation	d776ccc99dbb53a7	d776ccc99dbb53a738584aa205f884a145ef0ca4e14c8e4fcfa9e1a15d2ec0e1	lerobot_groot_n15	n15	lerobot_groot_n15__robocasa365_ckpt120000		0	Pick the candle from the counter and place it in the cabinet.	robocasa_panda_omron/PickPlaceCounterToCabinet_PandaOmron_Env	100376	1300004	0	1			5		1	2	0.0	0.0	5	5		Pick the candle from the counter and place it in the cabinet.	0	all_token_full	groot_n15_dit_block_residual_full_tokens_denoise	["layer","denoise_step","model_token","feature_dim"]	[7,4,49,1536]	[0,2,4,8,10,12,15]	n15_grid_v6_scene_jitter	grid_coord	meta	meta_json	375e3c46c962/worker2/PPCC/candle/s2/j2/n4/base
375e3c46c962	worker2	PPCC/candle	2	3	0	base	activation	1e274828f8a8ebc9	1e274828f8a8ebc9f52480d715ff0c8114431097b4cbfd2c897d710f5848fe88	lerobot_groot_n15	n15	lerobot_groot_n15__robocasa365_ckpt120000		0	Pick the candle from the counter and place it in the cabinet.	robocasa_panda_omron/PickPlaceCounterToCabinet_PandaOmron_Env	100376	1300000	0	0			5		1	3	0.0	0.0	5	5		Pick the candle from the counter and place it in the cabinet.	0	all_token_full	groot_n15_dit_block_residual_full_tokens_denoise	["layer","denoise_step","model_token","feature_dim"]	[7,4,49,1536]	[0,2,4,8,10,12,15]	n15_grid_v6_scene_jitter	grid_coord	meta	meta_json	375e3c46c962/worker2/PPCC/candle/s2/j3/n0/base
375e3c46c962	worker2	PPCC/candle	2	3	1	base	activation	b1d56240723372ae	b1d56240723372aefb32ef367e4717083830e5a893684e4e216b6481dc21f356	lerobot_groot_n15	n15	lerobot_groot_n15__robocasa365_ckpt120000		0	Pick the candle from the counter and place it in the cabinet.	robocasa_panda_omron/PickPlaceCounterToCabinet_PandaOmron_Env	100376	1300001	0	1			5		1	3	0.0	0.0	5	5		Pick the candle from the counter and place it in the cabinet.	0	all_token_full	groot_n15_dit_block_residual_full_tokens_denoise	["layer","denoise_step","model_token","feature_dim"]	[7,4,49,1536]	[0,2,4,8,10,12,15]	n15_grid_v6_scene_jitter	grid_coord	meta	meta_json	375e3c46c962/worker2/PPCC/candle/s2/j3/n1/base
375e3c46c962	worker2	PPCC/candle	2	3	2	base	activation	c60921cee73e02d4	c60921cee73e02d47e315ed44b44eb2c4276fba54fefaed1bac41ae81b56cf2c	lerobot_groot_n15	n15	lerobot_groot_n15__robocasa365_ckpt120000		0	Pick the candle from the counter and place it in the cabinet.	robocasa_panda_omron/PickPlaceCounterToCabinet_PandaOmron_Env	100376	1300002	0	0			5		1	3	0.0	0.0	5	5		Pick the candle from the counter and place it in the cabinet.	0	all_token_full	groot_n15_dit_block_residual_full_tokens_denoise	["layer","denoise_step","model_token","feature_dim"]	[7,4,49,1536]	[0,2,4,8,10,12,15]	n15_grid_v6_scene_jitter	grid_coord	meta	meta_json	375e3c46c962/worker2/PPCC/candle/s2/j3/n2/base
375e3c46c962	worker2	PPCC/candle	2	3	3	base	activation	2dd37d91a60b13e5	2dd37d91a60b13e520e0505a17e0f6e8f6cf7b7e8d84e33e7ecab99fb4d004e8	lerobot_groot_n15	n15	lerobot_groot_n15__robocasa365_ckpt120000		0	Pick the candle from the counter and place it in the cabinet.	robocasa_panda_omron/PickPlaceCounterToCabinet_PandaOmron_Env	100376	1300003	0	1			5		1	3	0.0	0.0	5	5		Pick the candle from the counter and place it in the cabinet.	0	all_token_full	groot_n15_dit_block_residual_full_tokens_denoise	["layer","denoise_step","model_token","feature_dim"]	[7,4,49,1536]	[0,2,4,8,10,12,15]	n15_grid_v6_scene_jitter	grid_coord	meta	meta_json	375e3c46c962/worker2/PPCC/candle/s2/j3/n3/base
375e3c46c962	worker2	PPCC/candle	2	3	4	base	activation	d0ceac008f970432	d0ceac008f97043213a131b14507670835a7c3a765ad97e9bff3c23164b53337	lerobot_groot_n15	n15	lerobot_groot_n15__robocasa365_ckpt120000		0	Pick the candle from the counter and place it in the cabinet.	robocasa_panda_omron/PickPlaceCounterToCabinet_PandaOmron_Env	100376	1300004	0	1			5		1	3	0.0	0.0	5	5		Pick the candle from the counter and place it in the cabinet.	0	all_token_full	groot_n15_dit_block_residual_full_tokens_denoise	["layer","denoise_step","model_token","feature_dim"]	[7,4,49,1536]	[0,2,4,8,10,12,15]	n15_grid_v6_scene_jitter	grid_coord	meta	meta_json	375e3c46c962/worker2/PPCC/candle/s2/j3/n4/base
375e3c46c962	worker2	PPCC/candle	2	4	0	base	activation	54f2f74e9ea2e3cc	54f2f74e9ea2e3cc1afe02a1b0c5ffc9c7e250775061967d92c39c91e2f75ec4	lerobot_groot_n15	n15	lerobot_groot_n15__robocasa365_ckpt120000		0	Pick the candle from the counter and place it in the cabinet.	robocasa_panda_omron/PickPlaceCounterToCabinet_PandaOmron_Env	100376	1300000	0	0			5		1	4	0.0	0.0	5	5		Pick the candle from the counter and place it in the cabinet.	0	all_token_full	groot_n15_dit_block_residual_full_tokens_denoise	["layer","denoise_step","model_token","feature_dim"]	[7,4,49,1536]	[0,2,4,8,10,12,15]	n15_grid_v6_scene_jitter	grid_coord	meta	meta_json	375e3c46c962/worker2/PPCC/candle/s2/j4/n0/base
375e3c46c962	worker2	PPCC/candle	2	4	1	base	activation	408c3f871d6a43ca	408c3f871d6a43caa11108849f686a846ce48c71a4f3b588d874329208b751df	lerobot_groot_n15	n15	lerobot_groot_n15__robocasa365_ckpt120000		0	Pick the candle from the counter and place it in the cabinet.	robocasa_panda_omron/PickPlaceCounterToCabinet_PandaOmron_Env	100376	1300001	0	1			5		1	4	0.0	0.0	5	5		Pick the candle from the counter and place it in the cabinet.	0	all_token_full	groot_n15_dit_block_residual_full_tokens_denoise	["layer","denoise_step","model_token","feature_dim"]	[7,4,49,1536]	[0,2,4,8,10,12,15]	n15_grid_v6_scene_jitter	grid_coord	meta	meta_json	375e3c46c962/worker2/PPCC/candle/s2/j4/n1/base
375e3c46c962	worker2	PPCC/candle	2	4	2	base	activation	2bc7ff423cb1a62b	2bc7ff423cb1a62be5eb754179ccc712c616bcb149ad334962ead7f63f4afd1f	lerobot_groot_n15	n15	lerobot_groot_n15__robocasa365_ckpt120000		0	Pick the candle from the counter and place it in the cabinet.	robocasa_panda_omron/PickPlaceCounterToCabinet_PandaOmron_Env	100376	1300002	0	1			5		1	4	0.0	0.0	5	5		Pick the candle from the counter and place it in the cabinet.	0	all_token_full	groot_n15_dit_block_residual_full_tokens_denoise	["layer","denoise_step","model_token","feature_dim"]	[7,4,49,1536]	[0,2,4,8,10,12,15]	n15_grid_v6_scene_jitter	grid_coord	meta	meta_json	375e3c46c962/worker2/PPCC/candle/s2/j4/n2/base
375e3c46c962	worker2	PPCC/candle	2	4	3	base	activation	bb0246e1e13df94c	bb0246e1e13df94caaad8decf29c7a3944379f425dd9abc294fb4129496d889e	lerobot_groot_n15	n15	lerobot_groot_n15__robocasa365_ckpt120000		0	Pick the candle from the counter and place it in the cabinet.	robocasa_panda_omron/PickPlaceCounterToCabinet_PandaOmron_Env	100376	1300003	0	1			5		1	4	0.0	0.0	5	5		Pick the candle from the counter and place it in the cabinet.	0	all_token_full	groot_n15_dit_block_residual_full_tokens_denoise	["layer","denoise_step","model_token","feature_dim"]	[7,4,49,1536]	[0,2,4,8,10,12,15]	n15_grid_v6_scene_jitter	grid_coord	meta	meta_json	375e3c46c962/worker2/PPCC/candle/s2/j4/n3/base
375e3c46c962	worker2	PPCC/candle	2	4	4	base	activation	19d0734350eaf969	19d0734350eaf969349b31fa57b78bdcd7c25a6dac10faf8d23c8141c9d61179	lerobot_groot_n15	n15	lerobot_groot_n15__robocasa365_ckpt120000		0	Pick the candle from the counter and place it in the cabinet.	robocasa_panda_omron/PickPlaceCounterToCabinet_PandaOmron_Env	100376	1300004	0	1			5		1	4	0.0	0.0	5	5		Pick the candle from the counter and place it in the cabinet.	0	all_token_full	groot_n15_dit_block_residual_full_tokens_denoise	["layer","denoise_step","model_token","feature_dim"]	[7,4,49,1536]	[0,2,4,8,10,12,15]	n15_grid_v6_scene_jitter	grid_coord	meta	meta_json	375e3c46c962/worker2/PPCC/candle/s2/j4/n4/base
375e3c46c962	worker2	PPCC/jug	0	0	0	base	activation	24189661bbae9e19	24189661bbae9e19c9f044b5a5240367932d2a73f89b0edaacf77a47f3cab5ac	lerobot_groot_n15	n15	lerobot_groot_n15__robocasa365_ckpt120000		0	Pick the jug from the counter and place it in the cabinet.	robocasa_panda_omron/PickPlaceCounterToCabinet_PandaOmron_Env	101250	1300000	0	0			5		1	0	0.0	0.0	4	4		Pick the jug from the counter and place it in the cabinet.	0	all_token_full	groot_n15_dit_block_residual_full_tokens_denoise	["layer","denoise_step","model_token","feature_dim"]	[7,4,49,1536]	[0,2,4,8,10,12,15]	n15_grid_v6_scene_jitter	grid_coord	meta	meta_json	375e3c46c962/worker2/PPCC/jug/s0/j0/n0/base
375e3c46c962	worker2	PPCC/jug	0	0	1	base	activation	1b5b3a635c3a22ce	1b5b3a635c3a22cefa7dd74f648ce4b00a2df5cd95ffdae35da354584d557ccb	lerobot_groot_n15	n15	lerobot_groot_n15__robocasa365_ckpt120000		0	Pick the jug from the counter and place it in the cabinet.	robocasa_panda_omron/PickPlaceCounterToCabinet_PandaOmron_Env	101250	1300001	0	0			5		1	0	0.0	0.0	4	4		Pick the jug from the counter and place it in the cabinet.	0	all_token_full	groot_n15_dit_block_residual_full_tokens_denoise	["layer","denoise_step","model_token","feature_dim"]	[7,4,49,1536]	[0,2,4,8,10,12,15]	n15_grid_v6_scene_jitter	grid_coord	meta	meta_json	375e3c46c962/worker2/PPCC/jug/s0/j0/n1/base
375e3c46c962	worker2	PPCC/jug	0	0	2	base	activation	771f1ae511df59d4	771f1ae511df59d4f6f6acf7e2a9d8443b19bf0b37205734656c738f61e5da65	lerobot_groot_n15	n15	lerobot_groot_n15__robocasa365_ckpt120000		0	Pick the jug from the counter and place it in the cabinet.	robocasa_panda_omron/PickPlaceCounterToCabinet_PandaOmron_Env	101250	1300002	0	0			5		1	0	0.0	0.0	4	4		Pick the jug from the counter and place it in the cabinet.	0	all_token_full	groot_n15_dit_block_residual_full_tokens_denoise	["layer","denoise_step","model_token","feature_dim"]	[7,4,49,1536]	[0,2,4,8,10,12,15]	n15_grid_v6_scene_jitter	grid_coord	meta	meta_json	375e3c46c962/worker2/PPCC/jug/s0/j0/n2/base
375e3c46c962	worker2	PPCC/jug	0	0	3	base	activation	c5c999f0dc4f1bed	c5c999f0dc4f1bed11e5754ad0a2911d10354317287bcb32da57df9fe29d7b8a	lerobot_groot_n15	n15	lerobot_groot_n15__robocasa365_ckpt120000		0	Pick the jug from the counter and place it in the cabinet.	robocasa_panda_omron/PickPlaceCounterToCabinet_PandaOmron_Env	101250	1300003	0	0			5		1	0	0.0	0.0	4	4		Pick the jug from the counter and place it in the cabinet.	0	all_token_full	groot_n15_dit_block_residual_full_tokens_denoise	["layer","denoise_step","model_token","feature_dim"]	[7,4,49,1536]	[0,2,4,8,10,12,15]	n15_grid_v6_scene_jitter	grid_coord	meta	meta_json	375e3c46c962/worker2/PPCC/jug/s0/j0/n3/base
375e3c46c962	worker2	PPCC/jug	0	0	4	base	activation	acd30881db0a1917	acd30881db0a19173763160e26ce09e274dcc7f9b2d75fad32f1a38a5d54c4d4	lerobot_groot_n15	n15	lerobot_groot_n15__robocasa365_ckpt120000		0	Pick the jug from the counter and place it in the cabinet.	robocasa_panda_omron/PickPlaceCounterToCabinet_PandaOmron_Env	101250	1300004	0	0			5		1	0	0.0	0.0	4	4		Pick the jug from the counter and place it in the cabinet.	0	all_token_full	groot_n15_dit_block_residual_full_tokens_denoise	["layer","denoise_step","model_token","feature_dim"]	[7,4,49,1536]	[0,2,4,8,10,12,15]	n15_grid_v6_scene_jitter	grid_coord	meta	meta_json	375e3c46c962/worker2/PPCC/jug/s0/j0/n4/base
375e3c46c962	worker2	PPCC/jug	0	1	0	base	activation	b476fb31858ec387	b476fb31858ec387b18daae5425061b1a251ce936146c0c4496f5ce3fc82cd9e	lerobot_groot_n15	n15	lerobot_groot_n15__robocasa365_ckpt120000		0	Pick the jug from the counter and place it in the cabinet.	robocasa_panda_omron/PickPlaceCounterToCabinet_PandaOmron_Env	101250	1300000	0	0			5		1	1	0.0	0.0	4	4		Pick the jug from the counter and place it in the cabinet.	0	all_token_full	groot_n15_dit_block_residual_full_tokens_denoise	["layer","denoise_step","model_token","feature_dim"]	[7,4,49,1536]	[0,2,4,8,10,12,15]	n15_grid_v6_scene_jitter	grid_coord	meta	meta_json	375e3c46c962/worker2/PPCC/jug/s0/j1/n0/base
375e3c46c962	worker2	PPCC/jug	0	1	1	base	activation	7bee5bc7ff916a31	7bee5bc7ff916a3131ace7f4252e08a15e24d2eb676bb1b72d7fe37e7683d19b	lerobot_groot_n15	n15	lerobot_groot_n15__robocasa365_ckpt120000		0	Pick the jug from the counter and place it in the cabinet.	robocasa_panda_omron/PickPlaceCounterToCabinet_PandaOmron_Env	101250	1300001	0	0			5		1	1	0.0	0.0	4	4		Pick the jug from the counter and place it in the cabinet.	0	all_token_full	groot_n15_dit_block_residual_full_tokens_denoise	["layer","denoise_step","model_token","feature_dim"]	[7,4,49,1536]	[0,2,4,8,10,12,15]	n15_grid_v6_scene_jitter	grid_coord	meta	meta_json	375e3c46c962/worker2/PPCC/jug/s0/j1/n1/base
375e3c46c962	worker2	PPCC/jug	0	1	2	base	activation	122f13eec4dfea90	122f13eec4dfea90e191a9e77aa9a3fdb35df6d5d1dec8f89a45c07cd09ed053	lerobot_groot_n15	n15	lerobot_groot_n15__robocasa365_ckpt120000		0	Pick the jug from the counter and place it in the cabinet.	robocasa_panda_omron/PickPlaceCounterToCabinet_PandaOmron_Env	101250	1300002	0	0			5		1	1	0.0	0.0	4	4		Pick the jug from the counter and place it in the cabinet.	0	all_token_full	groot_n15_dit_block_residual_full_tokens_denoise	["layer","denoise_step","model_token","feature_dim"]	[7,4,49,1536]	[0,2,4,8,10,12,15]	n15_grid_v6_scene_jitter	grid_coord	meta	meta_json	375e3c46c962/worker2/PPCC/jug/s0/j1/n2/base
375e3c46c962	worker2	PPCC/jug	0	1	3	base	activation	e70821cfca49cd56	e70821cfca49cd560e7c81528b29c32302529c644860f5091beb9ff4ddeb8060	lerobot_groot_n15	n15	lerobot_groot_n15__robocasa365_ckpt120000		0	Pick the jug from the counter and place it in the cabinet.	robocasa_panda_omron/PickPlaceCounterToCabinet_PandaOmron_Env	101250	1300003	0	0			5		1	1	0.0	0.0	4	4		Pick the jug from the counter and place it in the cabinet.	0	all_token_full	groot_n15_dit_block_residual_full_tokens_denoise	["layer","denoise_step","model_token","feature_dim"]	[7,4,49,1536]	[0,2,4,8,10,12,15]	n15_grid_v6_scene_jitter	grid_coord	meta	meta_json	375e3c46c962/worker2/PPCC/jug/s0/j1/n3/base
375e3c46c962	worker2	PPCC/jug	0	1	4	base	activation	b75fe01696135a81	b75fe01696135a812260120421908827c7c0c38a769e9b6205e430b3a6cd1ab3	lerobot_groot_n15	n15	lerobot_groot_n15__robocasa365_ckpt120000		0	Pick the jug from the counter and place it in the cabinet.	robocasa_panda_omron/PickPlaceCounterToCabinet_PandaOmron_Env	101250	1300004	0	0			5		1	1	0.0	0.0	4	4		Pick the jug from the counter and place it in the cabinet.	0	all_token_full	groot_n15_dit_block_residual_full_tokens_denoise	["layer","denoise_step","model_token","feature_dim"]	[7,4,49,1536]	[0,2,4,8,10,12,15]	n15_grid_v6_scene_jitter	grid_coord	meta	meta_json	375e3c46c962/worker2/PPCC/jug/s0/j1/n4/base
375e3c46c962	worker2	PPCC/jug	0	2	0	base	activation	efd5f7de6484bebe	efd5f7de6484bebe2b1312a3beb58162b074eabc2f7c98606dd4abeb94b7f249	lerobot_groot_n15	n15	lerobot_groot_n15__robocasa365_ckpt120000		0	Pick the jug from the counter and place it in the cabinet.	robocasa_panda_omron/PickPlaceCounterToCabinet_PandaOmron_Env	101250	1300000	0	0			5		1	2	0.0	0.0	4	4		Pick the jug from the counter and place it in the cabinet.	0	all_token_full	groot_n15_dit_block_residual_full_tokens_denoise	["layer","denoise_step","model_token","feature_dim"]	[7,4,49,1536]	[0,2,4,8,10,12,15]	n15_grid_v6_scene_jitter	grid_coord	meta	meta_json	375e3c46c962/worker2/PPCC/jug/s0/j2/n0/base
375e3c46c962	worker2	PPCC/jug	0	2	1	base	activation	3cedddd4f9246208	3cedddd4f9246208dce61aa73f89d143e82f4d95f3a71ad18824862319d9781e	lerobot_groot_n15	n15	lerobot_groot_n15__robocasa365_ckpt120000		0	Pick the jug from the counter and place it in the cabinet.	robocasa_panda_omron/PickPlaceCounterToCabinet_PandaOmron_Env	101250	1300001	0	0			5		1	2	0.0	0.0	4	4		Pick the jug from the counter and place it in the cabinet.	0	all_token_full	groot_n15_dit_block_residual_full_tokens_denoise	["layer","denoise_step","model_token","feature_dim"]	[7,4,49,1536]	[0,2,4,8,10,12,15]	n15_grid_v6_scene_jitter	grid_coord	meta	meta_json	375e3c46c962/worker2/PPCC/jug/s0/j2/n1/base
375e3c46c962	worker2	PPCC/jug	0	2	2	base	activation	a3624a9d5b66cc83	a3624a9d5b66cc830bd524b0cb78724dc3702993aea60a80cb3ce63a8b1ba259	lerobot_groot_n15	n15	lerobot_groot_n15__robocasa365_ckpt120000		0	Pick the jug from the counter and place it in the cabinet.	robocasa_panda_omron/PickPlaceCounterToCabinet_PandaOmron_Env	101250	1300002	0	0			5		1	2	0.0	0.0	4	4		Pick the jug from the counter and place it in the cabinet.	0	all_token_full	groot_n15_dit_block_residual_full_tokens_denoise	["layer","denoise_step","model_token","feature_dim"]	[7,4,49,1536]	[0,2,4,8,10,12,15]	n15_grid_v6_scene_jitter	grid_coord	meta	meta_json	375e3c46c962/worker2/PPCC/jug/s0/j2/n2/base
375e3c46c962	worker2	PPCC/jug	0	2	3	base	activation	6c222273f4ebe083	6c222273f4ebe083a2c91eb4c49bdb018803641a551c496dd7a8666e722e8351	lerobot_groot_n15	n15	lerobot_groot_n15__robocasa365_ckpt120000		0	Pick the jug from the counter and place it in the cabinet.	robocasa_panda_omron/PickPlaceCounterToCabinet_PandaOmron_Env	101250	1300003	0	0			5		1	2	0.0	0.0	4	4		Pick the jug from the counter and place it in the cabinet.	0	all_token_full	groot_n15_dit_block_residual_full_tokens_denoise	["layer","denoise_step","model_token","feature_dim"]	[7,4,49,1536]	[0,2,4,8,10,12,15]	n15_grid_v6_scene_jitter	grid_coord	meta	meta_json	375e3c46c962/worker2/PPCC/jug/s0/j2/n3/base
375e3c46c962	worker2	PPCC/jug	0	2	4	base	activation	928c248eabd462c3	928c248eabd462c3bb6b58f8de041c820e93f319ec7eee909d0b6b7610277d92	lerobot_groot_n15	n15	lerobot_groot_n15__robocasa365_ckpt120000		0	Pick the jug from the counter and place it in the cabinet.	robocasa_panda_omron/PickPlaceCounterToCabinet_PandaOmron_Env	101250	1300004	0	0			5		1	2	0.0	0.0	4	4		Pick the jug from the counter and place it in the cabinet.	0	all_token_full	groot_n15_dit_block_residual_full_tokens_denoise	["layer","denoise_step","model_token","feature_dim"]	[7,4,49,1536]	[0,2,4,8,10,12,15]	n15_grid_v6_scene_jitter	grid_coord	meta	meta_json	375e3c46c962/worker2/PPCC/jug/s0/j2/n4/base
375e3c46c962	worker2	PPCC/jug	0	3	0	base	activation	8b1fe75d69722c0e	8b1fe75d69722c0ee8f5ec4110bdeb671864b084f3c5b181fd10508d237f5125	lerobot_groot_n15	n15	lerobot_groot_n15__robocasa365_ckpt120000		0	Pick the jug from the counter and place it in the cabinet.	robocasa_panda_omron/PickPlaceCounterToCabinet_PandaOmron_Env	101250	1300000	0	0			5		1	3	0.0	0.0	4	4		Pick the jug from the counter and place it in the cabinet.	0	all_token_full	groot_n15_dit_block_residual_full_tokens_denoise	["layer","denoise_step","model_token","feature_dim"]	[7,4,49,1536]	[0,2,4,8,10,12,15]	n15_grid_v6_scene_jitter	grid_coord	meta	meta_json	375e3c46c962/worker2/PPCC/jug/s0/j3/n0/base
375e3c46c962	worker2	PPCC/jug	0	3	1	base	activation	0f1f0e41d1ad9892	0f1f0e41d1ad9892d111bf51f18a5eaaa23087a2267e660f48c4b158920fc46b	lerobot_groot_n15	n15	lerobot_groot_n15__robocasa365_ckpt120000		0	Pick the jug from the counter and place it in the cabinet.	robocasa_panda_omron/PickPlaceCounterToCabinet_PandaOmron_Env	101250	1300001	0	0			5		1	3	0.0	0.0	4	4		Pick the jug from the counter and place it in the cabinet.	0	all_token_full	groot_n15_dit_block_residual_full_tokens_denoise	["layer","denoise_step","model_token","feature_dim"]	[7,4,49,1536]	[0,2,4,8,10,12,15]	n15_grid_v6_scene_jitter	grid_coord	meta	meta_json	375e3c46c962/worker2/PPCC/jug/s0/j3/n1/base
375e3c46c962	worker2	PPCC/jug	0	3	2	base	activation	318c860c88ecd4b6	318c860c88ecd4b673a208013315ba7dea9ba7faf84a7ffea8c1789f38cf9062	lerobot_groot_n15	n15	lerobot_groot_n15__robocasa365_ckpt120000		0	Pick the jug from the counter and place it in the cabinet.	robocasa_panda_omron/PickPlaceCounterToCabinet_PandaOmron_Env	101250	1300002	0	1			5		1	3	0.0	0.0	4	4		Pick the jug from the counter and place it in the cabinet.	0	all_token_full	groot_n15_dit_block_residual_full_tokens_denoise	["layer","denoise_step","model_token","feature_dim"]	[7,4,49,1536]	[0,2,4,8,10,12,15]	n15_grid_v6_scene_jitter	grid_coord	meta	meta_json	375e3c46c962/worker2/PPCC/jug/s0/j3/n2/base
375e3c46c962	worker2	PPCC/jug	0	3	3	base	activation	60b0ba57f32bfafd	60b0ba57f32bfafd3ca2a36f076cf9d74976f38b97ff9528ea24898e358b2c4e	lerobot_groot_n15	n15	lerobot_groot_n15__robocasa365_ckpt120000		0	Pick the jug from the counter and place it in the cabinet.	robocasa_panda_omron/PickPlaceCounterToCabinet_PandaOmron_Env	101250	1300003	0	0			5		1	3	0.0	0.0	4	4		Pick the jug from the counter and place it in the cabinet.	0	all_token_full	groot_n15_dit_block_residual_full_tokens_denoise	["layer","denoise_step","model_token","feature_dim"]	[7,4,49,1536]	[0,2,4,8,10,12,15]	n15_grid_v6_scene_jitter	grid_coord	meta	meta_json	375e3c46c962/worker2/PPCC/jug/s0/j3/n3/base
375e3c46c962	worker2	PPCC/jug	0	3	4	base	activation	6e4c882b8186d673	6e4c882b8186d6738bd3c688d2bb5e971bf3df93ca9039b4d9a56827749a8e28	lerobot_groot_n15	n15	lerobot_groot_n15__robocasa365_ckpt120000		0	Pick the jug from the counter and place it in the cabinet.	robocasa_panda_omron/PickPlaceCounterToCabinet_PandaOmron_Env	101250	1300004	0	0			5		1	3	0.0	0.0	4	4		Pick the jug from the counter and place it in the cabinet.	0	all_token_full	groot_n15_dit_block_residual_full_tokens_denoise	["layer","denoise_step","model_token","feature_dim"]	[7,4,49,1536]	[0,2,4,8,10,12,15]	n15_grid_v6_scene_jitter	grid_coord	meta	meta_json	375e3c46c962/worker2/PPCC/jug/s0/j3/n4/base
375e3c46c962	worker2	PPCC/jug	0	4	0	base	activation	2851d6bbcce94e2a	2851d6bbcce94e2a19c1bf4b359f96a392a0dcb622494a3099ebe7b8ea76af1e	lerobot_groot_n15	n15	lerobot_groot_n15__robocasa365_ckpt120000		0	Pick the jug from the counter and place it in the cabinet.	robocasa_panda_omron/PickPlaceCounterToCabinet_PandaOmron_Env	101250	1300000	0	0			5		1	4	0.0	0.0	4	4		Pick the jug from the counter and place it in the cabinet.	0	all_token_full	groot_n15_dit_block_residual_full_tokens_denoise	["layer","denoise_step","model_token","feature_dim"]	[7,4,49,1536]	[0,2,4,8,10,12,15]	n15_grid_v6_scene_jitter	grid_coord	meta	meta_json	375e3c46c962/worker2/PPCC/jug/s0/j4/n0/base
375e3c46c962	worker2	PPCC/jug	0	4	1	base	activation	1bd9abecc6ff87ad	1bd9abecc6ff87adce25e2e3b0e0cb6983a59eb600a78c2acceb0c8ebbe06657	lerobot_groot_n15	n15	lerobot_groot_n15__robocasa365_ckpt120000		0	Pick the jug from the counter and place it in the cabinet.	robocasa_panda_omron/PickPlaceCounterToCabinet_PandaOmron_Env	101250	1300001	0	0			5		1	4	0.0	0.0	4	4		Pick the jug from the counter and place it in the cabinet.	0	all_token_full	groot_n15_dit_block_residual_full_tokens_denoise	["layer","denoise_step","model_token","feature_dim"]	[7,4,49,1536]	[0,2,4,8,10,12,15]	n15_grid_v6_scene_jitter	grid_coord	meta	meta_json	375e3c46c962/worker2/PPCC/jug/s0/j4/n1/base
375e3c46c962	worker2	PPCC/jug	0	4	2	base	activation	9dcee1c06628808b	9dcee1c06628808be3316ae2271dc425e1d51a8fae5dee96b9354ca2aed0f76c	lerobot_groot_n15	n15	lerobot_groot_n15__robocasa365_ckpt120000		0	Pick the jug from the counter and place it in the cabinet.	robocasa_panda_omron/PickPlaceCounterToCabinet_PandaOmron_Env	101250	1300002	0	0			5		1	4	0.0	0.0	4	4		Pick the jug from the counter and place it in the cabinet.	0	all_token_full	groot_n15_dit_block_residual_full_tokens_denoise	["layer","denoise_step","model_token","feature_dim"]	[7,4,49,1536]	[0,2,4,8,10,12,15]	n15_grid_v6_scene_jitter	grid_coord	meta	meta_json	375e3c46c962/worker2/PPCC/jug/s0/j4/n2/base
375e3c46c962	worker2	PPCC/jug	0	4	3	base	activation	c3db41def6679744	c3db41def66797445b0c91e62b689b78a7b3d7a0b67645b74e971bbbe6bc0b57	lerobot_groot_n15	n15	lerobot_groot_n15__robocasa365_ckpt120000		0	Pick the jug from the counter and place it in the cabinet.	robocasa_panda_omron/PickPlaceCounterToCabinet_PandaOmron_Env	101250	1300003	0	0			5		1	4	0.0	0.0	4	4		Pick the jug from the counter and place it in the cabinet.	0	all_token_full	groot_n15_dit_block_residual_full_tokens_denoise	["layer","denoise_step","model_token","feature_dim"]	[7,4,49,1536]	[0,2,4,8,10,12,15]	n15_grid_v6_scene_jitter	grid_coord	meta	meta_json	375e3c46c962/worker2/PPCC/jug/s0/j4/n3/base
375e3c46c962	worker2	PPCC/jug	0	4	4	base	activation	f197e0667d7cbbd2	f197e0667d7cbbd21917cbdbc85e278edb753d9c846f241e9a81d7f624739917	lerobot_groot_n15	n15	lerobot_groot_n15__robocasa365_ckpt120000		0	Pick the jug from the counter and place it in the cabinet.	robocasa_panda_omron/PickPlaceCounterToCabinet_PandaOmron_Env	101250	1300004	0	1			5		1	4	0.0	0.0	4	4		Pick the jug from the counter and place it in the cabinet.	0	all_token_full	groot_n15_dit_block_residual_full_tokens_denoise	["layer","denoise_step","model_token","feature_dim"]	[7,4,49,1536]	[0,2,4,8,10,12,15]	n15_grid_v6_scene_jitter	grid_coord	meta	meta_json	375e3c46c962/worker2/PPCC/jug/s0/j4/n4/base
375e3c46c962	worker2	PPCC/jug	1	0	0	base	activation	f5607060c2ac983d	f5607060c2ac983dcb99743941c7a03750da09e02a80cb9ba9be4acd9418070a	lerobot_groot_n15	n15	lerobot_groot_n15__robocasa365_ckpt120000		0	Pick the jug from the counter and place it in the cabinet.	robocasa_panda_omron/PickPlaceCounterToCabinet_PandaOmron_Env	100192	1300000	0	0			5		1	0	0.0	0.0	9	9		Pick the jug from the counter and place it in the cabinet.	0	all_token_full	groot_n15_dit_block_residual_full_tokens_denoise	["layer","denoise_step","model_token","feature_dim"]	[7,4,49,1536]	[0,2,4,8,10,12,15]	n15_grid_v6_scene_jitter	grid_coord	meta	meta_json	375e3c46c962/worker2/PPCC/jug/s1/j0/n0/base
375e3c46c962	worker2	PPCC/jug	1	0	1	base	activation	0dc16d2b969e778c	0dc16d2b969e778c72f2a5c729e9d844a70d37c51ea5ea361b386032636825a2	lerobot_groot_n15	n15	lerobot_groot_n15__robocasa365_ckpt120000		0	Pick the jug from the counter and place it in the cabinet.	robocasa_panda_omron/PickPlaceCounterToCabinet_PandaOmron_Env	100192	1300001	0	0			5		1	0	0.0	0.0	9	9		Pick the jug from the counter and place it in the cabinet.	0	all_token_full	groot_n15_dit_block_residual_full_tokens_denoise	["layer","denoise_step","model_token","feature_dim"]	[7,4,49,1536]	[0,2,4,8,10,12,15]	n15_grid_v6_scene_jitter	grid_coord	meta	meta_json	375e3c46c962/worker2/PPCC/jug/s1/j0/n1/base
375e3c46c962	worker2	PPCC/jug	1	0	2	base	activation	ce10910a27b415a3	ce10910a27b415a3db4941a84a50267ff67a2dec5dc2c6c75c0e5aaa585af3f2	lerobot_groot_n15	n15	lerobot_groot_n15__robocasa365_ckpt120000		0	Pick the jug from the counter and place it in the cabinet.	robocasa_panda_omron/PickPlaceCounterToCabinet_PandaOmron_Env	100192	1300002	0	0			5		1	0	0.0	0.0	9	9		Pick the jug from the counter and place it in the cabinet.	0	all_token_full	groot_n15_dit_block_residual_full_tokens_denoise	["layer","denoise_step","model_token","feature_dim"]	[7,4,49,1536]	[0,2,4,8,10,12,15]	n15_grid_v6_scene_jitter	grid_coord	meta	meta_json	375e3c46c962/worker2/PPCC/jug/s1/j0/n2/base
375e3c46c962	worker2	PPCC/jug	1	0	3	base	activation	9389ec7d8dfcfdf7	9389ec7d8dfcfdf77ff39a011ad1bf7f2f84b50af5354971061be7f8ca58022b	lerobot_groot_n15	n15	lerobot_groot_n15__robocasa365_ckpt120000		0	Pick the jug from the counter and place it in the cabinet.	robocasa_panda_omron/PickPlaceCounterToCabinet_PandaOmron_Env	100192	1300003	0	0			5		1	0	0.0	0.0	9	9		Pick the jug from the counter and place it in the cabinet.	0	all_token_full	groot_n15_dit_block_residual_full_tokens_denoise	["layer","denoise_step","model_token","feature_dim"]	[7,4,49,1536]	[0,2,4,8,10,12,15]	n15_grid_v6_scene_jitter	grid_coord	meta	meta_json	375e3c46c962/worker2/PPCC/jug/s1/j0/n3/base
375e3c46c962	worker2	PPCC/jug	1	0	4	base	activation	65d2666f3a9b1cf2	65d2666f3a9b1cf22ef06a0b54255a565de6d6c749794f6d045dd5645207793a	lerobot_groot_n15	n15	lerobot_groot_n15__robocasa365_ckpt120000		0	Pick the jug from the counter and place it in the cabinet.	robocasa_panda_omron/PickPlaceCounterToCabinet_PandaOmron_Env	100192	1300004	0	0			5		1	0	0.0	0.0	9	9		Pick the jug from the counter and place it in the cabinet.	0	all_token_full	groot_n15_dit_block_residual_full_tokens_denoise	["layer","denoise_step","model_token","feature_dim"]	[7,4,49,1536]	[0,2,4,8,10,12,15]	n15_grid_v6_scene_jitter	grid_coord	meta	meta_json	375e3c46c962/worker2/PPCC/jug/s1/j0/n4/base
375e3c46c962	worker2	PPCC/jug	1	1	0	base	activation	ae292b02367206c4	ae292b02367206c4df36ecabf5a4cbb27dd1c72ed30b279a74c4cd3ea9002e14	lerobot_groot_n15	n15	lerobot_groot_n15__robocasa365_ckpt120000		0	Pick the jug from the counter and place it in the cabinet.	robocasa_panda_omron/PickPlaceCounterToCabinet_PandaOmron_Env	100192	1300000	0	0			5		1	1	0.0	0.0	9	9		Pick the jug from the counter and place it in the cabinet.	0	all_token_full	groot_n15_dit_block_residual_full_tokens_denoise	["layer","denoise_step","model_token","feature_dim"]	[7,4,49,1536]	[0,2,4,8,10,12,15]	n15_grid_v6_scene_jitter	grid_coord	meta	meta_json	375e3c46c962/worker2/PPCC/jug/s1/j1/n0/base
375e3c46c962	worker2	PPCC/jug	1	1	1	base	activation	a95198c373af583c	a95198c373af583c5ad5a25f2242828c1099648784d0eab01c302cc32cbb615a	lerobot_groot_n15	n15	lerobot_groot_n15__robocasa365_ckpt120000		0	Pick the jug from the counter and place it in the cabinet.	robocasa_panda_omron/PickPlaceCounterToCabinet_PandaOmron_Env	100192	1300001	0	0			5		1	1	0.0	0.0	9	9		Pick the jug from the counter and place it in the cabinet.	0	all_token_full	groot_n15_dit_block_residual_full_tokens_denoise	["layer","denoise_step","model_token","feature_dim"]	[7,4,49,1536]	[0,2,4,8,10,12,15]	n15_grid_v6_scene_jitter	grid_coord	meta	meta_json	375e3c46c962/worker2/PPCC/jug/s1/j1/n1/base
375e3c46c962	worker2	PPCC/jug	1	1	2	base	activation	a5bd73a53f0ccb70	a5bd73a53f0ccb7047bc4bce431f8bfed5208fcabef38698137b4f030b332025	lerobot_groot_n15	n15	lerobot_groot_n15__robocasa365_ckpt120000		0	Pick the jug from the counter and place it in the cabinet.	robocasa_panda_omron/PickPlaceCounterToCabinet_PandaOmron_Env	100192	1300002	0	0			5		1	1	0.0	0.0	9	9		Pick the jug from the counter and place it in the cabinet.	0	all_token_full	groot_n15_dit_block_residual_full_tokens_denoise	["layer","denoise_step","model_token","feature_dim"]	[7,4,49,1536]	[0,2,4,8,10,12,15]	n15_grid_v6_scene_jitter	grid_coord	meta	meta_json	375e3c46c962/worker2/PPCC/jug/s1/j1/n2/base
375e3c46c962	worker2	PPCC/jug	1	1	3	base	activation	805efe21f23137b3	805efe21f23137b32c0fd881b811c5b2a31398a345ff6a68e48240ed823c7383	lerobot_groot_n15	n15	lerobot_groot_n15__robocasa365_ckpt120000		0	Pick the jug from the counter and place it in the cabinet.	robocasa_panda_omron/PickPlaceCounterToCabinet_PandaOmron_Env	100192	1300003	0	0			5		1	1	0.0	0.0	9	9		Pick the jug from the counter and place it in the cabinet.	0	all_token_full	groot_n15_dit_block_residual_full_tokens_denoise	["layer","denoise_step","model_token","feature_dim"]	[7,4,49,1536]	[0,2,4,8,10,12,15]	n15_grid_v6_scene_jitter	grid_coord	meta	meta_json	375e3c46c962/worker2/PPCC/jug/s1/j1/n3/base
375e3c46c962	worker2	PPCC/jug	1	1	4	base	activation	bcf0430938e489d4	bcf0430938e489d474c882a76ec0c534563c74df7392862f3dbbb63909326fea	lerobot_groot_n15	n15	lerobot_groot_n15__robocasa365_ckpt120000		0	Pick the jug from the counter and place it in the cabinet.	robocasa_panda_omron/PickPlaceCounterToCabinet_PandaOmron_Env	100192	1300004	0	1			5		1	1	0.0	0.0	9	9		Pick the jug from the counter and place it in the cabinet.	0	all_token_full	groot_n15_dit_block_residual_full_tokens_denoise	["layer","denoise_step","model_token","feature_dim"]	[7,4,49,1536]	[0,2,4,8,10,12,15]	n15_grid_v6_scene_jitter	grid_coord	meta	meta_json	375e3c46c962/worker2/PPCC/jug/s1/j1/n4/base
375e3c46c962	worker2	PPCC/jug	1	2	0	base	activation	ceece777a8b41f48	ceece777a8b41f48ea2d8d7405ae9f5e575ddacd4ca653a89bc0d8fc65e77eba	lerobot_groot_n15	n15	lerobot_groot_n15__robocasa365_ckpt120000		0	Pick the jug from the counter and place it in the cabinet.	robocasa_panda_omron/PickPlaceCounterToCabinet_PandaOmron_Env	100192	1300000	0	0			5		1	2	0.0	0.0	9	9		Pick the jug from the counter and place it in the cabinet.	0	all_token_full	groot_n15_dit_block_residual_full_tokens_denoise	["layer","denoise_step","model_token","feature_dim"]	[7,4,49,1536]	[0,2,4,8,10,12,15]	n15_grid_v6_scene_jitter	grid_coord	meta	meta_json	375e3c46c962/worker2/PPCC/jug/s1/j2/n0/base
375e3c46c962	worker2	PPCC/jug	1	2	1	base	activation	5b755613080798be	5b755613080798bec2e87e36d42b62c9a3b326d1870d2c0fc3a0d535c6164f3c	lerobot_groot_n15	n15	lerobot_groot_n15__robocasa365_ckpt120000		0	Pick the jug from the counter and place it in the cabinet.	robocasa_panda_omron/PickPlaceCounterToCabinet_PandaOmron_Env	100192	1300001	0	0			5		1	2	0.0	0.0	9	9		Pick the jug from the counter and place it in the cabinet.	0	all_token_full	groot_n15_dit_block_residual_full_tokens_denoise	["layer","denoise_step","model_token","feature_dim"]	[7,4,49,1536]	[0,2,4,8,10,12,15]	n15_grid_v6_scene_jitter	grid_coord	meta	meta_json	375e3c46c962/worker2/PPCC/jug/s1/j2/n1/base
375e3c46c962	worker2	PPCC/jug	1	2	2	base	activation	4e093ff4f7d12efa	4e093ff4f7d12efa549d217cf07f88bdcb07ef0f5aacdd5154afaf885cf6cb37	lerobot_groot_n15	n15	lerobot_groot_n15__robocasa365_ckpt120000		0	Pick the jug from the counter and place it in the cabinet.	robocasa_panda_omron/PickPlaceCounterToCabinet_PandaOmron_Env	100192	1300002	0	0			5		1	2	0.0	0.0	9	9		Pick the jug from the counter and place it in the cabinet.	0	all_token_full	groot_n15_dit_block_residual_full_tokens_denoise	["layer","denoise_step","model_token","feature_dim"]	[7,4,49,1536]	[0,2,4,8,10,12,15]	n15_grid_v6_scene_jitter	grid_coord	meta	meta_json	375e3c46c962/worker2/PPCC/jug/s1/j2/n2/base
375e3c46c962	worker2	PPCC/jug	1	2	3	base	activation	2ae390042729e33f	2ae390042729e33f360bc6ae8806e25064503134bef6c83d633791b406a0b007	lerobot_groot_n15	n15	lerobot_groot_n15__robocasa365_ckpt120000		0	Pick the jug from the counter and place it in the cabinet.	robocasa_panda_omron/PickPlaceCounterToCabinet_PandaOmron_Env	100192	1300003	0	0			5		1	2	0.0	0.0	9	9		Pick the jug from the counter and place it in the cabinet.	0	all_token_full	groot_n15_dit_block_residual_full_tokens_denoise	["layer","denoise_step","model_token","feature_dim"]	[7,4,49,1536]	[0,2,4,8,10,12,15]	n15_grid_v6_scene_jitter	grid_coord	meta	meta_json	375e3c46c962/worker2/PPCC/jug/s1/j2/n3/base
375e3c46c962	worker2	PPCC/jug	1	2	4	base	activation	eb2761e9b0522bf8	eb2761e9b0522bf887e465e37a73d527f654cf9c48c8213e4c6b4c7deee87edc	lerobot_groot_n15	n15	lerobot_groot_n15__robocasa365_ckpt120000		0	Pick the jug from the counter and place it in the cabinet.	robocasa_panda_omron/PickPlaceCounterToCabinet_PandaOmron_Env	100192	1300004	0	0			5		1	2	0.0	0.0	9	9		Pick the jug from the counter and place it in the cabinet.	0	all_token_full	groot_n15_dit_block_residual_full_tokens_denoise	["layer","denoise_step","model_token","feature_dim"]	[7,4,49,1536]	[0,2,4,8,10,12,15]	n15_grid_v6_scene_jitter	grid_coord	meta	meta_json	375e3c46c962/worker2/PPCC/jug/s1/j2/n4/base
375e3c46c962	worker2	PPCC/jug	1	3	0	base	activation	6ea06b8e019a1fd0	6ea06b8e019a1fd0469cc30b75f147c3120c23b9428f1d48d466538b4f903625	lerobot_groot_n15	n15	lerobot_groot_n15__robocasa365_ckpt120000		0	Pick the jug from the counter and place it in the cabinet.	robocasa_panda_omron/PickPlaceCounterToCabinet_PandaOmron_Env	100192	1300000	0	1			5		1	3	0.0	0.0	9	9		Pick the jug from the counter and place it in the cabinet.	0	all_token_full	groot_n15_dit_block_residual_full_tokens_denoise	["layer","denoise_step","model_token","feature_dim"]	[7,4,49,1536]	[0,2,4,8,10,12,15]	n15_grid_v6_scene_jitter	grid_coord	meta	meta_json	375e3c46c962/worker2/PPCC/jug/s1/j3/n0/base
375e3c46c962	worker2	PPCC/jug	1	3	1	base	activation	f643a2913e9ffb05	f643a2913e9ffb0552e86fb15083794893a32c8e049d3230f5f1c6095c2843b5	lerobot_groot_n15	n15	lerobot_groot_n15__robocasa365_ckpt120000		0	Pick the jug from the counter and place it in the cabinet.	robocasa_panda_omron/PickPlaceCounterToCabinet_PandaOmron_Env	100192	1300001	0	1			5		1	3	0.0	0.0	9	9		Pick the jug from the counter and place it in the cabinet.	0	all_token_full	groot_n15_dit_block_residual_full_tokens_denoise	["layer","denoise_step","model_token","feature_dim"]	[7,4,49,1536]	[0,2,4,8,10,12,15]	n15_grid_v6_scene_jitter	grid_coord	meta	meta_json	375e3c46c962/worker2/PPCC/jug/s1/j3/n1/base
375e3c46c962	worker2	PPCC/jug	1	3	2	base	activation	1107fc56d1bd643e	1107fc56d1bd643ea303abbde2d09f7a989366113c9fe267b999e4cc7b12fc0e	lerobot_groot_n15	n15	lerobot_groot_n15__robocasa365_ckpt120000		0	Pick the jug from the counter and place it in the cabinet.	robocasa_panda_omron/PickPlaceCounterToCabinet_PandaOmron_Env	100192	1300002	0	0			5		1	3	0.0	0.0	9	9		Pick the jug from the counter and place it in the cabinet.	0	all_token_full	groot_n15_dit_block_residual_full_tokens_denoise	["layer","denoise_step","model_token","feature_dim"]	[7,4,49,1536]	[0,2,4,8,10,12,15]	n15_grid_v6_scene_jitter	grid_coord	meta	meta_json	375e3c46c962/worker2/PPCC/jug/s1/j3/n2/base
375e3c46c962	worker2	PPCC/jug	1	3	3	base	activation	36c109df4f797366	36c109df4f797366d2beecd09b1b2807e183f1102afdeada28abf7127a9e40f5	lerobot_groot_n15	n15	lerobot_groot_n15__robocasa365_ckpt120000		0	Pick the jug from the counter and place it in the cabinet.	robocasa_panda_omron/PickPlaceCounterToCabinet_PandaOmron_Env	100192	1300003	0	0			5		1	3	0.0	0.0	9	9		Pick the jug from the counter and place it in the cabinet.	0	all_token_full	groot_n15_dit_block_residual_full_tokens_denoise	["layer","denoise_step","model_token","feature_dim"]	[7,4,49,1536]	[0,2,4,8,10,12,15]	n15_grid_v6_scene_jitter	grid_coord	meta	meta_json	375e3c46c962/worker2/PPCC/jug/s1/j3/n3/base
375e3c46c962	worker2	PPCC/jug	1	3	4	base	activation	fb112b464bf5cee5	fb112b464bf5cee51c7ea1b980a6cae5136d3a331b2a72e703a0d3f6ba988202	lerobot_groot_n15	n15	lerobot_groot_n15__robocasa365_ckpt120000		0	Pick the jug from the counter and place it in the cabinet.	robocasa_panda_omron/PickPlaceCounterToCabinet_PandaOmron_Env	100192	1300004	0	1			5		1	3	0.0	0.0	9	9		Pick the jug from the counter and place it in the cabinet.	0	all_token_full	groot_n15_dit_block_residual_full_tokens_denoise	["layer","denoise_step","model_token","feature_dim"]	[7,4,49,1536]	[0,2,4,8,10,12,15]	n15_grid_v6_scene_jitter	grid_coord	meta	meta_json	375e3c46c962/worker2/PPCC/jug/s1/j3/n4/base
375e3c46c962	worker2	PPCC/jug	1	4	0	base	activation	6f0613ead7a6b1ec	6f0613ead7a6b1ecc19f6833fcfef8624f01865e4c69aad457a3a50b0c25ac14	lerobot_groot_n15	n15	lerobot_groot_n15__robocasa365_ckpt120000		0	Pick the jug from the counter and place it in the cabinet.	robocasa_panda_omron/PickPlaceCounterToCabinet_PandaOmron_Env	100192	1300000	0	1			5		1	4	0.0	0.0	9	9		Pick the jug from the counter and place it in the cabinet.	0	all_token_full	groot_n15_dit_block_residual_full_tokens_denoise	["layer","denoise_step","model_token","feature_dim"]	[7,4,49,1536]	[0,2,4,8,10,12,15]	n15_grid_v6_scene_jitter	grid_coord	meta	meta_json	375e3c46c962/worker2/PPCC/jug/s1/j4/n0/base
375e3c46c962	worker2	PPCC/jug	1	4	1	base	activation	880f9acb6c1ed967	880f9acb6c1ed9673bb86fca25a31a492a4397051ae41e3120ea5abca2f33d88	lerobot_groot_n15	n15	lerobot_groot_n15__robocasa365_ckpt120000		0	Pick the jug from the counter and place it in the cabinet.	robocasa_panda_omron/PickPlaceCounterToCabinet_PandaOmron_Env	100192	1300001	0	1			5		1	4	0.0	0.0	9	9		Pick the jug from the counter and place it in the cabinet.	0	all_token_full	groot_n15_dit_block_residual_full_tokens_denoise	["layer","denoise_step","model_token","feature_dim"]	[7,4,49,1536]	[0,2,4,8,10,12,15]	n15_grid_v6_scene_jitter	grid_coord	meta	meta_json	375e3c46c962/worker2/PPCC/jug/s1/j4/n1/base
375e3c46c962	worker2	PPCC/jug	1	4	2	base	activation	0c3085d509fb8269	0c3085d509fb82697ba1b571dd3381321b5e65161a6d88e3aab2c9ffbf81b540	lerobot_groot_n15	n15	lerobot_groot_n15__robocasa365_ckpt120000		0	Pick the jug from the counter and place it in the cabinet.	robocasa_panda_omron/PickPlaceCounterToCabinet_PandaOmron_Env	100192	1300002	0	1			5		1	4	0.0	0.0	9	9		Pick the jug from the counter and place it in the cabinet.	0	all_token_full	groot_n15_dit_block_residual_full_tokens_denoise	["layer","denoise_step","model_token","feature_dim"]	[7,4,49,1536]	[0,2,4,8,10,12,15]	n15_grid_v6_scene_jitter	grid_coord	meta	meta_json	375e3c46c962/worker2/PPCC/jug/s1/j4/n2/base
375e3c46c962	worker2	PPCC/jug	1	4	3	base	activation	e62f54669377a956	e62f54669377a9560811513caee20d59a3557f5967aea4c8e014ecd9a6315c3c	lerobot_groot_n15	n15	lerobot_groot_n15__robocasa365_ckpt120000		0	Pick the jug from the counter and place it in the cabinet.	robocasa_panda_omron/PickPlaceCounterToCabinet_PandaOmron_Env	100192	1300003	0	1			5		1	4	0.0	0.0	9	9		Pick the jug from the counter and place it in the cabinet.	0	all_token_full	groot_n15_dit_block_residual_full_tokens_denoise	["layer","denoise_step","model_token","feature_dim"]	[7,4,49,1536]	[0,2,4,8,10,12,15]	n15_grid_v6_scene_jitter	grid_coord	meta	meta_json	375e3c46c962/worker2/PPCC/jug/s1/j4/n3/base
375e3c46c962	worker2	PPCC/jug	1	4	4	base	activation	80ce7c51ccf048f5	80ce7c51ccf048f560853f18bbc84f86e1cf8ebdd96bd45080e6d5de1a767606	lerobot_groot_n15	n15	lerobot_groot_n15__robocasa365_ckpt120000		0	Pick the jug from the counter and place it in the cabinet.	robocasa_panda_omron/PickPlaceCounterToCabinet_PandaOmron_Env	100192	1300004	0	1			5		1	4	0.0	0.0	9	9		Pick the jug from the counter and place it in the cabinet.	0	all_token_full	groot_n15_dit_block_residual_full_tokens_denoise	["layer","denoise_step","model_token","feature_dim"]	[7,4,49,1536]	[0,2,4,8,10,12,15]	n15_grid_v6_scene_jitter	grid_coord	meta	meta_json	375e3c46c962/worker2/PPCC/jug/s1/j4/n4/base
375e3c46c962	worker2	PPCC/jug	2	0	0	base	activation	da50fef0eb170752	da50fef0eb1707526853b0d907eb1d50ad8b6d70eaead5621f43a202980e484d	lerobot_groot_n15	n15	lerobot_groot_n15__robocasa365_ckpt120000		0	Pick the jug from the counter and place it in the cabinet.	robocasa_panda_omron/PickPlaceCounterToCabinet_PandaOmron_Env	101057	1300000	0	0			5		1	0	0.0	0.0	5	5		Pick the jug from the counter and place it in the cabinet.	0	all_token_full	groot_n15_dit_block_residual_full_tokens_denoise	["layer","denoise_step","model_token","feature_dim"]	[7,4,49,1536]	[0,2,4,8,10,12,15]	n15_grid_v6_scene_jitter	grid_coord	meta	meta_json	375e3c46c962/worker2/PPCC/jug/s2/j0/n0/base
375e3c46c962	worker2	PPCC/jug	2	0	1	base	activation	c1442c3fe405d694	c1442c3fe405d69451ddf3b8e43fbc3e5c5adf1100aff4064876f23153537bb3	lerobot_groot_n15	n15	lerobot_groot_n15__robocasa365_ckpt120000		0	Pick the jug from the counter and place it in the cabinet.	robocasa_panda_omron/PickPlaceCounterToCabinet_PandaOmron_Env	101057	1300001	0	0			5		1	0	0.0	0.0	5	5		Pick the jug from the counter and place it in the cabinet.	0	all_token_full	groot_n15_dit_block_residual_full_tokens_denoise	["layer","denoise_step","model_token","feature_dim"]	[7,4,49,1536]	[0,2,4,8,10,12,15]	n15_grid_v6_scene_jitter	grid_coord	meta	meta_json	375e3c46c962/worker2/PPCC/jug/s2/j0/n1/base
375e3c46c962	worker2	PPCC/jug	2	0	2	base	activation	7574e4be1bf54256	7574e4be1bf542561219ecfcf80be06786ad1f735be280e722c22cf549007552	lerobot_groot_n15	n15	lerobot_groot_n15__robocasa365_ckpt120000		0	Pick the jug from the counter and place it in the cabinet.	robocasa_panda_omron/PickPlaceCounterToCabinet_PandaOmron_Env	101057	1300002	0	0			5		1	0	0.0	0.0	5	5		Pick the jug from the counter and place it in the cabinet.	0	all_token_full	groot_n15_dit_block_residual_full_tokens_denoise	["layer","denoise_step","model_token","feature_dim"]	[7,4,49,1536]	[0,2,4,8,10,12,15]	n15_grid_v6_scene_jitter	grid_coord	meta	meta_json	375e3c46c962/worker2/PPCC/jug/s2/j0/n2/base
375e3c46c962	worker2	PPCC/jug	2	0	3	base	activation	827cf8207f8ae439	827cf8207f8ae4390690789a9bf647e786f270649d1b06769c6640016bf972ae	lerobot_groot_n15	n15	lerobot_groot_n15__robocasa365_ckpt120000		0	Pick the jug from the counter and place it in the cabinet.	robocasa_panda_omron/PickPlaceCounterToCabinet_PandaOmron_Env	101057	1300003	0	0			5		1	0	0.0	0.0	5	5		Pick the jug from the counter and place it in the cabinet.	0	all_token_full	groot_n15_dit_block_residual_full_tokens_denoise	["layer","denoise_step","model_token","feature_dim"]	[7,4,49,1536]	[0,2,4,8,10,12,15]	n15_grid_v6_scene_jitter	grid_coord	meta	meta_json	375e3c46c962/worker2/PPCC/jug/s2/j0/n3/base
375e3c46c962	worker2	PPCC/jug	2	0	4	base	activation	6f0aa3f3e20a13dd	6f0aa3f3e20a13ddce2256deb0f661a3e46bee5c984b65e64557d4277bb2baf0	lerobot_groot_n15	n15	lerobot_groot_n15__robocasa365_ckpt120000		0	Pick the jug from the counter and place it in the cabinet.	robocasa_panda_omron/PickPlaceCounterToCabinet_PandaOmron_Env	101057	1300004	0	0			5		1	0	0.0	0.0	5	5		Pick the jug from the counter and place it in the cabinet.	0	all_token_full	groot_n15_dit_block_residual_full_tokens_denoise	["layer","denoise_step","model_token","feature_dim"]	[7,4,49,1536]	[0,2,4,8,10,12,15]	n15_grid_v6_scene_jitter	grid_coord	meta	meta_json	375e3c46c962/worker2/PPCC/jug/s2/j0/n4/base
375e3c46c962	worker2	PPCC/jug	2	1	0	base	activation	037352bd75657a6a	037352bd75657a6a62da7240d7e7262c9c2b07fa2bebd80fe63560056ec44b31	lerobot_groot_n15	n15	lerobot_groot_n15__robocasa365_ckpt120000		0	Pick the jug from the counter and place it in the cabinet.	robocasa_panda_omron/PickPlaceCounterToCabinet_PandaOmron_Env	101057	1300000	0	0			5		1	1	0.0	0.0	5	5		Pick the jug from the counter and place it in the cabinet.	0	all_token_full	groot_n15_dit_block_residual_full_tokens_denoise	["layer","denoise_step","model_token","feature_dim"]	[7,4,49,1536]	[0,2,4,8,10,12,15]	n15_grid_v6_scene_jitter	grid_coord	meta	meta_json	375e3c46c962/worker2/PPCC/jug/s2/j1/n0/base
375e3c46c962	worker2	PPCC/jug	2	1	1	base	activation	68e98ca5bfecc284	68e98ca5bfecc284ce82460482f4f03a76cdb45cda5de2fbae61602a62eef0ac	lerobot_groot_n15	n15	lerobot_groot_n15__robocasa365_ckpt120000		0	Pick the jug from the counter and place it in the cabinet.	robocasa_panda_omron/PickPlaceCounterToCabinet_PandaOmron_Env	101057	1300001	0	0			5		1	1	0.0	0.0	5	5		Pick the jug from the counter and place it in the cabinet.	0	all_token_full	groot_n15_dit_block_residual_full_tokens_denoise	["layer","denoise_step","model_token","feature_dim"]	[7,4,49,1536]	[0,2,4,8,10,12,15]	n15_grid_v6_scene_jitter	grid_coord	meta	meta_json	375e3c46c962/worker2/PPCC/jug/s2/j1/n1/base
375e3c46c962	worker2	PPCC/jug	2	1	2	base	activation	ddfc2fd08a1f7f25	ddfc2fd08a1f7f254bbbb2bc30b9c580b54193d978f81ee47dfea0f7efa0bee6	lerobot_groot_n15	n15	lerobot_groot_n15__robocasa365_ckpt120000		0	Pick the jug from the counter and place it in the cabinet.	robocasa_panda_omron/PickPlaceCounterToCabinet_PandaOmron_Env	101057	1300002	0	0			5		1	1	0.0	0.0	5	5		Pick the jug from the counter and place it in the cabinet.	0	all_token_full	groot_n15_dit_block_residual_full_tokens_denoise	["layer","denoise_step","model_token","feature_dim"]	[7,4,49,1536]	[0,2,4,8,10,12,15]	n15_grid_v6_scene_jitter	grid_coord	meta	meta_json	375e3c46c962/worker2/PPCC/jug/s2/j1/n2/base
375e3c46c962	worker2	PPCC/jug	2	1	3	base	activation	380d14bd0f2732f9	380d14bd0f2732f967edfbb40ef91c071378ffe5c175f54d8078db6464783ac3	lerobot_groot_n15	n15	lerobot_groot_n15__robocasa365_ckpt120000		0	Pick the jug from the counter and place it in the cabinet.	robocasa_panda_omron/PickPlaceCounterToCabinet_PandaOmron_Env	101057	1300003	0	0			5		1	1	0.0	0.0	5	5		Pick the jug from the counter and place it in the cabinet.	0	all_token_full	groot_n15_dit_block_residual_full_tokens_denoise	["layer","denoise_step","model_token","feature_dim"]	[7,4,49,1536]	[0,2,4,8,10,12,15]	n15_grid_v6_scene_jitter	grid_coord	meta	meta_json	375e3c46c962/worker2/PPCC/jug/s2/j1/n3/base
375e3c46c962	worker2	PPCC/jug	2	1	4	base	activation	7347808a1dac385b	7347808a1dac385bbd0c31cb97e7ea8c3feea2768b0974b7eb3429c02c2d5b92	lerobot_groot_n15	n15	lerobot_groot_n15__robocasa365_ckpt120000		0	Pick the jug from the counter and place it in the cabinet.	robocasa_panda_omron/PickPlaceCounterToCabinet_PandaOmron_Env	101057	1300004	0	0			5		1	1	0.0	0.0	5	5		Pick the jug from the counter and place it in the cabinet.	0	all_token_full	groot_n15_dit_block_residual_full_tokens_denoise	["layer","denoise_step","model_token","feature_dim"]	[7,4,49,1536]	[0,2,4,8,10,12,15]	n15_grid_v6_scene_jitter	grid_coord	meta	meta_json	375e3c46c962/worker2/PPCC/jug/s2/j1/n4/base
375e3c46c962	worker2	PPCC/jug	2	2	0	base	activation	0195fc90e471b7d2	0195fc90e471b7d2aa986cd5e3307d7a116817cec2ab4d98a9b2918e04808098	lerobot_groot_n15	n15	lerobot_groot_n15__robocasa365_ckpt120000		0	Pick the jug from the counter and place it in the cabinet.	robocasa_panda_omron/PickPlaceCounterToCabinet_PandaOmron_Env	101057	1300000	0	0			5		1	2	0.0	0.0	5	5		Pick the jug from the counter and place it in the cabinet.	0	all_token_full	groot_n15_dit_block_residual_full_tokens_denoise	["layer","denoise_step","model_token","feature_dim"]	[7,4,49,1536]	[0,2,4,8,10,12,15]	n15_grid_v6_scene_jitter	grid_coord	meta	meta_json	375e3c46c962/worker2/PPCC/jug/s2/j2/n0/base
375e3c46c962	worker2	PPCC/jug	2	2	1	base	activation	12aed029ec3baf93	12aed029ec3baf934c0b1499c67d7c03f6d6ba55b34f5cff9b640097d31fbb23	lerobot_groot_n15	n15	lerobot_groot_n15__robocasa365_ckpt120000		0	Pick the jug from the counter and place it in the cabinet.	robocasa_panda_omron/PickPlaceCounterToCabinet_PandaOmron_Env	101057	1300001	0	1			5		1	2	0.0	0.0	5	5		Pick the jug from the counter and place it in the cabinet.	0	all_token_full	groot_n15_dit_block_residual_full_tokens_denoise	["layer","denoise_step","model_token","feature_dim"]	[7,4,49,1536]	[0,2,4,8,10,12,15]	n15_grid_v6_scene_jitter	grid_coord	meta	meta_json	375e3c46c962/worker2/PPCC/jug/s2/j2/n1/base
375e3c46c962	worker2	PPCC/jug	2	2	2	base	activation	bf9f5c19207e7891	bf9f5c19207e78919f97357c754baf38275db9d6a7e7e06935088fa8eeb53d97	lerobot_groot_n15	n15	lerobot_groot_n15__robocasa365_ckpt120000		0	Pick the jug from the counter and place it in the cabinet.	robocasa_panda_omron/PickPlaceCounterToCabinet_PandaOmron_Env	101057	1300002	0	0			5		1	2	0.0	0.0	5	5		Pick the jug from the counter and place it in the cabinet.	0	all_token_full	groot_n15_dit_block_residual_full_tokens_denoise	["layer","denoise_step","model_token","feature_dim"]	[7,4,49,1536]	[0,2,4,8,10,12,15]	n15_grid_v6_scene_jitter	grid_coord	meta	meta_json	375e3c46c962/worker2/PPCC/jug/s2/j2/n2/base
375e3c46c962	worker2	PPCC/jug	2	2	3	base	activation	ed9c331519bf8483	ed9c331519bf848338a7df8e3243a23fb79bd16d22e6939744f49cdad044bb57	lerobot_groot_n15	n15	lerobot_groot_n15__robocasa365_ckpt120000		0	Pick the jug from the counter and place it in the cabinet.	robocasa_panda_omron/PickPlaceCounterToCabinet_PandaOmron_Env	101057	1300003	0	1			5		1	2	0.0	0.0	5	5		Pick the jug from the counter and place it in the cabinet.	0	all_token_full	groot_n15_dit_block_residual_full_tokens_denoise	["layer","denoise_step","model_token","feature_dim"]	[7,4,49,1536]	[0,2,4,8,10,12,15]	n15_grid_v6_scene_jitter	grid_coord	meta	meta_json	375e3c46c962/worker2/PPCC/jug/s2/j2/n3/base
375e3c46c962	worker2	PPCC/jug	2	2	4	base	activation	5a8b405387ebc3fa	5a8b405387ebc3faedfced6d446b330080aceb8363bc0654cdd85459c3443788	lerobot_groot_n15	n15	lerobot_groot_n15__robocasa365_ckpt120000		0	Pick the jug from the counter and place it in the cabinet.	robocasa_panda_omron/PickPlaceCounterToCabinet_PandaOmron_Env	101057	1300004	0	0			5		1	2	0.0	0.0	5	5		Pick the jug from the counter and place it in the cabinet.	0	all_token_full	groot_n15_dit_block_residual_full_tokens_denoise	["layer","denoise_step","model_token","feature_dim"]	[7,4,49,1536]	[0,2,4,8,10,12,15]	n15_grid_v6_scene_jitter	grid_coord	meta	meta_json	375e3c46c962/worker2/PPCC/jug/s2/j2/n4/base
375e3c46c962	worker2	PPCC/jug	2	3	0	base	activation	2ebe901720b0ebb8	2ebe901720b0ebb885dd97c0a61c8ae3a60ce0d265ed1c376889b68f1943ae1e	lerobot_groot_n15	n15	lerobot_groot_n15__robocasa365_ckpt120000		0	Pick the jug from the counter and place it in the cabinet.	robocasa_panda_omron/PickPlaceCounterToCabinet_PandaOmron_Env	101057	1300000	0	0			5		1	3	0.0	0.0	5	5		Pick the jug from the counter and place it in the cabinet.	0	all_token_full	groot_n15_dit_block_residual_full_tokens_denoise	["layer","denoise_step","model_token","feature_dim"]	[7,4,49,1536]	[0,2,4,8,10,12,15]	n15_grid_v6_scene_jitter	grid_coord	meta	meta_json	375e3c46c962/worker2/PPCC/jug/s2/j3/n0/base
375e3c46c962	worker2	PPCC/jug	2	3	1	base	activation	bdcfa66f0e8b68bb	bdcfa66f0e8b68bb43ee5d5fb19c921d10521a52ccb20a7619302376f425aa31	lerobot_groot_n15	n15	lerobot_groot_n15__robocasa365_ckpt120000		0	Pick the jug from the counter and place it in the cabinet.	robocasa_panda_omron/PickPlaceCounterToCabinet_PandaOmron_Env	101057	1300001	0	0			5		1	3	0.0	0.0	5	5		Pick the jug from the counter and place it in the cabinet.	0	all_token_full	groot_n15_dit_block_residual_full_tokens_denoise	["layer","denoise_step","model_token","feature_dim"]	[7,4,49,1536]	[0,2,4,8,10,12,15]	n15_grid_v6_scene_jitter	grid_coord	meta	meta_json	375e3c46c962/worker2/PPCC/jug/s2/j3/n1/base
375e3c46c962	worker2	PPCC/jug	2	3	2	base	activation	0f2c9f0bff359a0a	0f2c9f0bff359a0a0567f935941d004a8aa1b804f3ccf534ac0be10370c6bc6e	lerobot_groot_n15	n15	lerobot_groot_n15__robocasa365_ckpt120000		0	Pick the jug from the counter and place it in the cabinet.	robocasa_panda_omron/PickPlaceCounterToCabinet_PandaOmron_Env	101057	1300002	0	0			5		1	3	0.0	0.0	5	5		Pick the jug from the counter and place it in the cabinet.	0	all_token_full	groot_n15_dit_block_residual_full_tokens_denoise	["layer","denoise_step","model_token","feature_dim"]	[7,4,49,1536]	[0,2,4,8,10,12,15]	n15_grid_v6_scene_jitter	grid_coord	meta	meta_json	375e3c46c962/worker2/PPCC/jug/s2/j3/n2/base
375e3c46c962	worker2	PPCC/jug	2	3	3	base	activation	df8933fb361f167d	df8933fb361f167d784c082af21eae35780c60dfaa18de6fa998aef709fd901b	lerobot_groot_n15	n15	lerobot_groot_n15__robocasa365_ckpt120000		0	Pick the jug from the counter and place it in the cabinet.	robocasa_panda_omron/PickPlaceCounterToCabinet_PandaOmron_Env	101057	1300003	0	0			5		1	3	0.0	0.0	5	5		Pick the jug from the counter and place it in the cabinet.	0	all_token_full	groot_n15_dit_block_residual_full_tokens_denoise	["layer","denoise_step","model_token","feature_dim"]	[7,4,49,1536]	[0,2,4,8,10,12,15]	n15_grid_v6_scene_jitter	grid_coord	meta	meta_json	375e3c46c962/worker2/PPCC/jug/s2/j3/n3/base
375e3c46c962	worker2	PPCC/jug	2	3	4	base	activation	1b8fb13498a6bbfd	1b8fb13498a6bbfd208ef7806fddeab4bc0b8f59594a60d5a837c475263d1620	lerobot_groot_n15	n15	lerobot_groot_n15__robocasa365_ckpt120000		0	Pick the jug from the counter and place it in the cabinet.	robocasa_panda_omron/PickPlaceCounterToCabinet_PandaOmron_Env	101057	1300004	0	0			5		1	3	0.0	0.0	5	5		Pick the jug from the counter and place it in the cabinet.	0	all_token_full	groot_n15_dit_block_residual_full_tokens_denoise	["layer","denoise_step","model_token","feature_dim"]	[7,4,49,1536]	[0,2,4,8,10,12,15]	n15_grid_v6_scene_jitter	grid_coord	meta	meta_json	375e3c46c962/worker2/PPCC/jug/s2/j3/n4/base
375e3c46c962	worker2	PPCC/jug	2	4	0	base	activation	b026f5a2436122b0	b026f5a2436122b024176f5a10da9d1c4a1aad36a95188cf5964ebdafe942bd9	lerobot_groot_n15	n15	lerobot_groot_n15__robocasa365_ckpt120000		0	Pick the jug from the counter and place it in the cabinet.	robocasa_panda_omron/PickPlaceCounterToCabinet_PandaOmron_Env	101057	1300000	0	0			5		1	4	0.0	0.0	5	5		Pick the jug from the counter and place it in the cabinet.	0	all_token_full	groot_n15_dit_block_residual_full_tokens_denoise	["layer","denoise_step","model_token","feature_dim"]	[7,4,49,1536]	[0,2,4,8,10,12,15]	n15_grid_v6_scene_jitter	grid_coord	meta	meta_json	375e3c46c962/worker2/PPCC/jug/s2/j4/n0/base
375e3c46c962	worker2	PPCC/jug	2	4	1	base	activation	67018068af810027	67018068af810027890d8380ba861044b20b424bf95b7752b1f5f89fd92e1196	lerobot_groot_n15	n15	lerobot_groot_n15__robocasa365_ckpt120000		0	Pick the jug from the counter and place it in the cabinet.	robocasa_panda_omron/PickPlaceCounterToCabinet_PandaOmron_Env	101057	1300001	0	0			5		1	4	0.0	0.0	5	5		Pick the jug from the counter and place it in the cabinet.	0	all_token_full	groot_n15_dit_block_residual_full_tokens_denoise	["layer","denoise_step","model_token","feature_dim"]	[7,4,49,1536]	[0,2,4,8,10,12,15]	n15_grid_v6_scene_jitter	grid_coord	meta	meta_json	375e3c46c962/worker2/PPCC/jug/s2/j4/n1/base
375e3c46c962	worker2	PPCC/jug	2	4	2	base	activation	74fd0c749b09b6d3	74fd0c749b09b6d3aaa02f223df017cb29925408c896119c304d4b5227bc1ceb	lerobot_groot_n15	n15	lerobot_groot_n15__robocasa365_ckpt120000		0	Pick the jug from the counter and place it in the cabinet.	robocasa_panda_omron/PickPlaceCounterToCabinet_PandaOmron_Env	101057	1300002	0	0			5		1	4	0.0	0.0	5	5		Pick the jug from the counter and place it in the cabinet.	0	all_token_full	groot_n15_dit_block_residual_full_tokens_denoise	["layer","denoise_step","model_token","feature_dim"]	[7,4,49,1536]	[0,2,4,8,10,12,15]	n15_grid_v6_scene_jitter	grid_coord	meta	meta_json	375e3c46c962/worker2/PPCC/jug/s2/j4/n2/base
375e3c46c962	worker2	PPCC/jug	2	4	3	base	activation	d8cbc801f7bde4ec	d8cbc801f7bde4ec886f0175308ae98bb1793845f2c41f1a992555d5f4574ab2	lerobot_groot_n15	n15	lerobot_groot_n15__robocasa365_ckpt120000		0	Pick the jug from the counter and place it in the cabinet.	robocasa_panda_omron/PickPlaceCounterToCabinet_PandaOmron_Env	101057	1300003	0	0			5		1	4	0.0	0.0	5	5		Pick the jug from the counter and place it in the cabinet.	0	all_token_full	groot_n15_dit_block_residual_full_tokens_denoise	["layer","denoise_step","model_token","feature_dim"]	[7,4,49,1536]	[0,2,4,8,10,12,15]	n15_grid_v6_scene_jitter	grid_coord	meta	meta_json	375e3c46c962/worker2/PPCC/jug/s2/j4/n3/base
375e3c46c962	worker2	PPCC/jug	2	4	4	base	activation	fcabf3b43548e712	fcabf3b43548e7124358c4c590c48b633f498ccca1adc85d430f75cbd4a5ea7f	lerobot_groot_n15	n15	lerobot_groot_n15__robocasa365_ckpt120000		0	Pick the jug from the counter and place it in the cabinet.	robocasa_panda_omron/PickPlaceCounterToCabinet_PandaOmron_Env	101057	1300004	0	0			5		1	4	0.0	0.0	5	5		Pick the jug from the counter and place it in the cabinet.	0	all_token_full	groot_n15_dit_block_residual_full_tokens_denoise	["layer","denoise_step","model_token","feature_dim"]	[7,4,49,1536]	[0,2,4,8,10,12,15]	n15_grid_v6_scene_jitter	grid_coord	meta	meta_json	375e3c46c962/worker2/PPCC/jug/s2/j4/n4/base
375e3c46c962	worker2	PPCC/marshmallow	0	0	0	base	activation	849b1eb4818be1a6	849b1eb4818be1a6256f4e3ebdbec4df22b43514b39c95ab57ea1ed537b125cb	lerobot_groot_n15	n15	lerobot_groot_n15__robocasa365_ckpt120000		0	Pick the marshmallow from the counter and place it in the cabinet.	robocasa_panda_omron/PickPlaceCounterToCabinet_PandaOmron_Env	100943	1300000	0	1			5		1	0	0.0	0.0	4	4		Pick the marshmallow from the counter and place it in the cabinet.	0	all_token_full	groot_n15_dit_block_residual_full_tokens_denoise	["layer","denoise_step","model_token","feature_dim"]	[7,4,49,1536]	[0,2,4,8,10,12,15]	n15_grid_v6_scene_jitter	grid_coord	meta	meta_json	375e3c46c962/worker2/PPCC/marshmallow/s0/j0/n0/base
375e3c46c962	worker2	PPCC/marshmallow	0	0	1	base	activation	d2d8285f6490bd23	d2d8285f6490bd230321221b21cb840b2e6dd42b7c0168c65fa27597ae67ace4	lerobot_groot_n15	n15	lerobot_groot_n15__robocasa365_ckpt120000		0	Pick the marshmallow from the counter and place it in the cabinet.	robocasa_panda_omron/PickPlaceCounterToCabinet_PandaOmron_Env	100943	1300001	0	1			5		1	0	0.0	0.0	4	4		Pick the marshmallow from the counter and place it in the cabinet.	0	all_token_full	groot_n15_dit_block_residual_full_tokens_denoise	["layer","denoise_step","model_token","feature_dim"]	[7,4,49,1536]	[0,2,4,8,10,12,15]	n15_grid_v6_scene_jitter	grid_coord	meta	meta_json	375e3c46c962/worker2/PPCC/marshmallow/s0/j0/n1/base
375e3c46c962	worker2	PPCC/marshmallow	0	0	2	base	activation	0d84386c3497cb14	0d84386c3497cb14dc7279ffb92d43e502334bce7ee25d1c4ffe408322c662ae	lerobot_groot_n15	n15	lerobot_groot_n15__robocasa365_ckpt120000		0	Pick the marshmallow from the counter and place it in the cabinet.	robocasa_panda_omron/PickPlaceCounterToCabinet_PandaOmron_Env	100943	1300002	0	1			5		1	0	0.0	0.0	4	4		Pick the marshmallow from the counter and place it in the cabinet.	0	all_token_full	groot_n15_dit_block_residual_full_tokens_denoise	["layer","denoise_step","model_token","feature_dim"]	[7,4,49,1536]	[0,2,4,8,10,12,15]	n15_grid_v6_scene_jitter	grid_coord	meta	meta_json	375e3c46c962/worker2/PPCC/marshmallow/s0/j0/n2/base
375e3c46c962	worker2	PPCC/marshmallow	0	0	3	base	activation	2f8f6f6bf79a3de5	2f8f6f6bf79a3de5357fc937059066f066692dd84f96931b264817663e1b46d1	lerobot_groot_n15	n15	lerobot_groot_n15__robocasa365_ckpt120000		0	Pick the marshmallow from the counter and place it in the cabinet.	robocasa_panda_omron/PickPlaceCounterToCabinet_PandaOmron_Env	100943	1300003	0	1			5		1	0	0.0	0.0	4	4		Pick the marshmallow from the counter and place it in the cabinet.	0	all_token_full	groot_n15_dit_block_residual_full_tokens_denoise	["layer","denoise_step","model_token","feature_dim"]	[7,4,49,1536]	[0,2,4,8,10,12,15]	n15_grid_v6_scene_jitter	grid_coord	meta	meta_json	375e3c46c962/worker2/PPCC/marshmallow/s0/j0/n3/base
375e3c46c962	worker2	PPCC/marshmallow	0	0	4	base	activation	da49502db943da31	da49502db943da31386a2970dece51da2e940805e953ce4ee00ce82e4c57e540	lerobot_groot_n15	n15	lerobot_groot_n15__robocasa365_ckpt120000		0	Pick the marshmallow from the counter and place it in the cabinet.	robocasa_panda_omron/PickPlaceCounterToCabinet_PandaOmron_Env	100943	1300004	0	1			5		1	0	0.0	0.0	4	4		Pick the marshmallow from the counter and place it in the cabinet.	0	all_token_full	groot_n15_dit_block_residual_full_tokens_denoise	["layer","denoise_step","model_token","feature_dim"]	[7,4,49,1536]	[0,2,4,8,10,12,15]	n15_grid_v6_scene_jitter	grid_coord	meta	meta_json	375e3c46c962/worker2/PPCC/marshmallow/s0/j0/n4/base
375e3c46c962	worker2	PPCC/marshmallow	0	1	0	base	activation	e54d9d8e956bd605	e54d9d8e956bd605e2bd1dd6b78df02d8c237b38cf29893c2a46463ab6ecf50f	lerobot_groot_n15	n15	lerobot_groot_n15__robocasa365_ckpt120000		0	Pick the marshmallow from the counter and place it in the cabinet.	robocasa_panda_omron/PickPlaceCounterToCabinet_PandaOmron_Env	100943	1300000	0	1			5		1	1	0.0	0.0	4	4		Pick the marshmallow from the counter and place it in the cabinet.	0	all_token_full	groot_n15_dit_block_residual_full_tokens_denoise	["layer","denoise_step","model_token","feature_dim"]	[7,4,49,1536]	[0,2,4,8,10,12,15]	n15_grid_v6_scene_jitter	grid_coord	meta	meta_json	375e3c46c962/worker2/PPCC/marshmallow/s0/j1/n0/base
375e3c46c962	worker2	PPCC/marshmallow	0	1	1	base	activation	a519d6a81958cf90	a519d6a81958cf908f3976431067737c4b524b6f1e033af8a5af79f7373d585f	lerobot_groot_n15	n15	lerobot_groot_n15__robocasa365_ckpt120000		0	Pick the marshmallow from the counter and place it in the cabinet.	robocasa_panda_omron/PickPlaceCounterToCabinet_PandaOmron_Env	100943	1300001	0	1			5		1	1	0.0	0.0	4	4		Pick the marshmallow from the counter and place it in the cabinet.	0	all_token_full	groot_n15_dit_block_residual_full_tokens_denoise	["layer","denoise_step","model_token","feature_dim"]	[7,4,49,1536]	[0,2,4,8,10,12,15]	n15_grid_v6_scene_jitter	grid_coord	meta	meta_json	375e3c46c962/worker2/PPCC/marshmallow/s0/j1/n1/base
375e3c46c962	worker2	PPCC/marshmallow	0	1	2	base	activation	0bcd3aa49a5c662d	0bcd3aa49a5c662d9dfe90150193da864708b76beec4c74e5861bb810fddba7b	lerobot_groot_n15	n15	lerobot_groot_n15__robocasa365_ckpt120000		0	Pick the marshmallow from the counter and place it in the cabinet.	robocasa_panda_omron/PickPlaceCounterToCabinet_PandaOmron_Env	100943	1300002	0	1			5		1	1	0.0	0.0	4	4		Pick the marshmallow from the counter and place it in the cabinet.	0	all_token_full	groot_n15_dit_block_residual_full_tokens_denoise	["layer","denoise_step","model_token","feature_dim"]	[7,4,49,1536]	[0,2,4,8,10,12,15]	n15_grid_v6_scene_jitter	grid_coord	meta	meta_json	375e3c46c962/worker2/PPCC/marshmallow/s0/j1/n2/base
375e3c46c962	worker2	PPCC/marshmallow	0	1	3	base	activation	aab12eb323ef351f	aab12eb323ef351f9c36edc17488be207672620d9fb5aef4544ed635f1f08a31	lerobot_groot_n15	n15	lerobot_groot_n15__robocasa365_ckpt120000		0	Pick the marshmallow from the counter and place it in the cabinet.	robocasa_panda_omron/PickPlaceCounterToCabinet_PandaOmron_Env	100943	1300003	0	1			5		1	1	0.0	0.0	4	4		Pick the marshmallow from the counter and place it in the cabinet.	0	all_token_full	groot_n15_dit_block_residual_full_tokens_denoise	["layer","denoise_step","model_token","feature_dim"]	[7,4,49,1536]	[0,2,4,8,10,12,15]	n15_grid_v6_scene_jitter	grid_coord	meta	meta_json	375e3c46c962/worker2/PPCC/marshmallow/s0/j1/n3/base
375e3c46c962	worker2	PPCC/marshmallow	0	1	4	base	activation	be1944841dc27415	be1944841dc27415bb55eeba25296625cd679569f955c09cd0fdc5a3659f9327	lerobot_groot_n15	n15	lerobot_groot_n15__robocasa365_ckpt120000		0	Pick the marshmallow from the counter and place it in the cabinet.	robocasa_panda_omron/PickPlaceCounterToCabinet_PandaOmron_Env	100943	1300004	0	1			5		1	1	0.0	0.0	4	4		Pick the marshmallow from the counter and place it in the cabinet.	0	all_token_full	groot_n15_dit_block_residual_full_tokens_denoise	["layer","denoise_step","model_token","feature_dim"]	[7,4,49,1536]	[0,2,4,8,10,12,15]	n15_grid_v6_scene_jitter	grid_coord	meta	meta_json	375e3c46c962/worker2/PPCC/marshmallow/s0/j1/n4/base
375e3c46c962	worker2	PPCC/marshmallow	0	2	0	base	activation	c4646599f6aec51d	c4646599f6aec51d37b3f5feb14f9fb6a2b48a69692919bd95560739af83b0ec	lerobot_groot_n15	n15	lerobot_groot_n15__robocasa365_ckpt120000		0	Pick the marshmallow from the counter and place it in the cabinet.	robocasa_panda_omron/PickPlaceCounterToCabinet_PandaOmron_Env	100943	1300000	0	1			5		1	2	0.0	0.0	4	4		Pick the marshmallow from the counter and place it in the cabinet.	0	all_token_full	groot_n15_dit_block_residual_full_tokens_denoise	["layer","denoise_step","model_token","feature_dim"]	[7,4,49,1536]	[0,2,4,8,10,12,15]	n15_grid_v6_scene_jitter	grid_coord	meta	meta_json	375e3c46c962/worker2/PPCC/marshmallow/s0/j2/n0/base
375e3c46c962	worker2	PPCC/marshmallow	0	2	1	base	activation	c2ed09704335b74d	c2ed09704335b74d602cf4f731eaaef0d2fb5dc99dcff0cefc61fd9e42d37857	lerobot_groot_n15	n15	lerobot_groot_n15__robocasa365_ckpt120000		0	Pick the marshmallow from the counter and place it in the cabinet.	robocasa_panda_omron/PickPlaceCounterToCabinet_PandaOmron_Env	100943	1300001	0	1			5		1	2	0.0	0.0	4	4		Pick the marshmallow from the counter and place it in the cabinet.	0	all_token_full	groot_n15_dit_block_residual_full_tokens_denoise	["layer","denoise_step","model_token","feature_dim"]	[7,4,49,1536]	[0,2,4,8,10,12,15]	n15_grid_v6_scene_jitter	grid_coord	meta	meta_json	375e3c46c962/worker2/PPCC/marshmallow/s0/j2/n1/base
375e3c46c962	worker2	PPCC/marshmallow	0	2	2	base	activation	0bd45bdaf82b3d63	0bd45bdaf82b3d630d7ce6c3993c89917a3536c87025f87e01c0f4dc6c133aa6	lerobot_groot_n15	n15	lerobot_groot_n15__robocasa365_ckpt120000		0	Pick the marshmallow from the counter and place it in the cabinet.	robocasa_panda_omron/PickPlaceCounterToCabinet_PandaOmron_Env	100943	1300002	0	1			5		1	2	0.0	0.0	4	4		Pick the marshmallow from the counter and place it in the cabinet.	0	all_token_full	groot_n15_dit_block_residual_full_tokens_denoise	["layer","denoise_step","model_token","feature_dim"]	[7,4,49,1536]	[0,2,4,8,10,12,15]	n15_grid_v6_scene_jitter	grid_coord	meta	meta_json	375e3c46c962/worker2/PPCC/marshmallow/s0/j2/n2/base
375e3c46c962	worker2	PPCC/marshmallow	0	2	3	base	activation	d9681556e3079887	d9681556e30798871a4ec4298236b2fc96edebd81fa62aa9d364e1618a30b06d	lerobot_groot_n15	n15	lerobot_groot_n15__robocasa365_ckpt120000		0	Pick the marshmallow from the counter and place it in the cabinet.	robocasa_panda_omron/PickPlaceCounterToCabinet_PandaOmron_Env	100943	1300003	0	1			5		1	2	0.0	0.0	4	4		Pick the marshmallow from the counter and place it in the cabinet.	0	all_token_full	groot_n15_dit_block_residual_full_tokens_denoise	["layer","denoise_step","model_token","feature_dim"]	[7,4,49,1536]	[0,2,4,8,10,12,15]	n15_grid_v6_scene_jitter	grid_coord	meta	meta_json	375e3c46c962/worker2/PPCC/marshmallow/s0/j2/n3/base
375e3c46c962	worker2	PPCC/marshmallow	0	2	4	base	activation	80cbc44915d2ff7c	80cbc44915d2ff7c11d4943286e0e55f5c655a3b2add682f7a384c22e36f1b27	lerobot_groot_n15	n15	lerobot_groot_n15__robocasa365_ckpt120000		0	Pick the marshmallow from the counter and place it in the cabinet.	robocasa_panda_omron/PickPlaceCounterToCabinet_PandaOmron_Env	100943	1300004	0	1			5		1	2	0.0	0.0	4	4		Pick the marshmallow from the counter and place it in the cabinet.	0	all_token_full	groot_n15_dit_block_residual_full_tokens_denoise	["layer","denoise_step","model_token","feature_dim"]	[7,4,49,1536]	[0,2,4,8,10,12,15]	n15_grid_v6_scene_jitter	grid_coord	meta	meta_json	375e3c46c962/worker2/PPCC/marshmallow/s0/j2/n4/base
375e3c46c962	worker2	PPCC/marshmallow	0	3	0	base	activation	adfc9cdec5059aa4	adfc9cdec5059aa44ce52cb010fa18c6b8fa3267f19f23ad60a3fdb579a77cd8	lerobot_groot_n15	n15	lerobot_groot_n15__robocasa365_ckpt120000		0	Pick the marshmallow from the counter and place it in the cabinet.	robocasa_panda_omron/PickPlaceCounterToCabinet_PandaOmron_Env	100943	1300000	0	1			5		1	3	0.0	0.0	4	4		Pick the marshmallow from the counter and place it in the cabinet.	0	all_token_full	groot_n15_dit_block_residual_full_tokens_denoise	["layer","denoise_step","model_token","feature_dim"]	[7,4,49,1536]	[0,2,4,8,10,12,15]	n15_grid_v6_scene_jitter	grid_coord	meta	meta_json	375e3c46c962/worker2/PPCC/marshmallow/s0/j3/n0/base
375e3c46c962	worker2	PPCC/marshmallow	0	3	1	base	activation	62f3feb1c6e0305d	62f3feb1c6e0305d0a155c45fcf1fe6c7cc6a676eedbea207d32d8875e19a3bb	lerobot_groot_n15	n15	lerobot_groot_n15__robocasa365_ckpt120000		0	Pick the marshmallow from the counter and place it in the cabinet.	robocasa_panda_omron/PickPlaceCounterToCabinet_PandaOmron_Env	100943	1300001	0	1			5		1	3	0.0	0.0	4	4		Pick the marshmallow from the counter and place it in the cabinet.	0	all_token_full	groot_n15_dit_block_residual_full_tokens_denoise	["layer","denoise_step","model_token","feature_dim"]	[7,4,49,1536]	[0,2,4,8,10,12,15]	n15_grid_v6_scene_jitter	grid_coord	meta	meta_json	375e3c46c962/worker2/PPCC/marshmallow/s0/j3/n1/base
375e3c46c962	worker2	PPCC/marshmallow	0	3	2	base	activation	f5868ffbc96c2a2a	f5868ffbc96c2a2ac3e7986e5cee74a2fa2cea368887304e5c19679effc514f8	lerobot_groot_n15	n15	lerobot_groot_n15__robocasa365_ckpt120000		0	Pick the marshmallow from the counter and place it in the cabinet.	robocasa_panda_omron/PickPlaceCounterToCabinet_PandaOmron_Env	100943	1300002	0	1			5		1	3	0.0	0.0	4	4		Pick the marshmallow from the counter and place it in the cabinet.	0	all_token_full	groot_n15_dit_block_residual_full_tokens_denoise	["layer","denoise_step","model_token","feature_dim"]	[7,4,49,1536]	[0,2,4,8,10,12,15]	n15_grid_v6_scene_jitter	grid_coord	meta	meta_json	375e3c46c962/worker2/PPCC/marshmallow/s0/j3/n2/base
375e3c46c962	worker2	PPCC/marshmallow	0	3	3	base	activation	1dea5a740365d8e1	1dea5a740365d8e179eeb968ce8e5212f2a27537f8e419802431d697bca612b3	lerobot_groot_n15	n15	lerobot_groot_n15__robocasa365_ckpt120000		0	Pick the marshmallow from the counter and place it in the cabinet.	robocasa_panda_omron/PickPlaceCounterToCabinet_PandaOmron_Env	100943	1300003	0	1			5		1	3	0.0	0.0	4	4		Pick the marshmallow from the counter and place it in the cabinet.	0	all_token_full	groot_n15_dit_block_residual_full_tokens_denoise	["layer","denoise_step","model_token","feature_dim"]	[7,4,49,1536]	[0,2,4,8,10,12,15]	n15_grid_v6_scene_jitter	grid_coord	meta	meta_json	375e3c46c962/worker2/PPCC/marshmallow/s0/j3/n3/base
375e3c46c962	worker2	PPCC/marshmallow	0	3	4	base	activation	66365b5b542d20ff	66365b5b542d20ff38c10a5aa59196604cec0d3f67671d82b2e2c8b003449986	lerobot_groot_n15	n15	lerobot_groot_n15__robocasa365_ckpt120000		0	Pick the marshmallow from the counter and place it in the cabinet.	robocasa_panda_omron/PickPlaceCounterToCabinet_PandaOmron_Env	100943	1300004	0	1			5		1	3	0.0	0.0	4	4		Pick the marshmallow from the counter and place it in the cabinet.	0	all_token_full	groot_n15_dit_block_residual_full_tokens_denoise	["layer","denoise_step","model_token","feature_dim"]	[7,4,49,1536]	[0,2,4,8,10,12,15]	n15_grid_v6_scene_jitter	grid_coord	meta	meta_json	375e3c46c962/worker2/PPCC/marshmallow/s0/j3/n4/base
375e3c46c962	worker2	PPCC/marshmallow	0	4	0	base	activation	adc9cd8a6c9bb873	adc9cd8a6c9bb8738c0ef19235bf7e389acaa751a66f7f50cd489022c36f2758	lerobot_groot_n15	n15	lerobot_groot_n15__robocasa365_ckpt120000		0	Pick the marshmallow from the counter and place it in the cabinet.	robocasa_panda_omron/PickPlaceCounterToCabinet_PandaOmron_Env	100943	1300000	0	1			5		1	4	0.0	0.0	4	4		Pick the marshmallow from the counter and place it in the cabinet.	0	all_token_full	groot_n15_dit_block_residual_full_tokens_denoise	["layer","denoise_step","model_token","feature_dim"]	[7,4,49,1536]	[0,2,4,8,10,12,15]	n15_grid_v6_scene_jitter	grid_coord	meta	meta_json	375e3c46c962/worker2/PPCC/marshmallow/s0/j4/n0/base
375e3c46c962	worker2	PPCC/marshmallow	0	4	1	base	activation	7013d35374d5010e	7013d35374d5010e4cd9a478d8864662c7bb26b13649d797167f7533c4c951fc	lerobot_groot_n15	n15	lerobot_groot_n15__robocasa365_ckpt120000		0	Pick the marshmallow from the counter and place it in the cabinet.	robocasa_panda_omron/PickPlaceCounterToCabinet_PandaOmron_Env	100943	1300001	0	1			5		1	4	0.0	0.0	4	4		Pick the marshmallow from the counter and place it in the cabinet.	0	all_token_full	groot_n15_dit_block_residual_full_tokens_denoise	["layer","denoise_step","model_token","feature_dim"]	[7,4,49,1536]	[0,2,4,8,10,12,15]	n15_grid_v6_scene_jitter	grid_coord	meta	meta_json	375e3c46c962/worker2/PPCC/marshmallow/s0/j4/n1/base
375e3c46c962	worker2	PPCC/marshmallow	0	4	2	base	activation	37841bc0d4b24ad4	37841bc0d4b24ad4a7b158010d9bf1e0f90bd7cd2b34a2f34660d3d340bfa8ab	lerobot_groot_n15	n15	lerobot_groot_n15__robocasa365_ckpt120000		0	Pick the marshmallow from the counter and place it in the cabinet.	robocasa_panda_omron/PickPlaceCounterToCabinet_PandaOmron_Env	100943	1300002	0	1			5		1	4	0.0	0.0	4	4		Pick the marshmallow from the counter and place it in the cabinet.	0	all_token_full	groot_n15_dit_block_residual_full_tokens_denoise	["layer","denoise_step","model_token","feature_dim"]	[7,4,49,1536]	[0,2,4,8,10,12,15]	n15_grid_v6_scene_jitter	grid_coord	meta	meta_json	375e3c46c962/worker2/PPCC/marshmallow/s0/j4/n2/base
375e3c46c962	worker2	PPCC/marshmallow	0	4	3	base	activation	d679e1260516b4d6	d679e1260516b4d67067a529004fc80d8a081629b0af0eee7c4dc8b86b5b33fd	lerobot_groot_n15	n15	lerobot_groot_n15__robocasa365_ckpt120000		0	Pick the marshmallow from the counter and place it in the cabinet.	robocasa_panda_omron/PickPlaceCounterToCabinet_PandaOmron_Env	100943	1300003	0	1			5		1	4	0.0	0.0	4	4		Pick the marshmallow from the counter and place it in the cabinet.	0	all_token_full	groot_n15_dit_block_residual_full_tokens_denoise	["layer","denoise_step","model_token","feature_dim"]	[7,4,49,1536]	[0,2,4,8,10,12,15]	n15_grid_v6_scene_jitter	grid_coord	meta	meta_json	375e3c46c962/worker2/PPCC/marshmallow/s0/j4/n3/base
375e3c46c962	worker2	PPCC/marshmallow	0	4	4	base	activation	abc0e65b3621bde0	abc0e65b3621bde0c4d19f8afd1a92c2098fb0f947b09388dc536af49b4b6ae0	lerobot_groot_n15	n15	lerobot_groot_n15__robocasa365_ckpt120000		0	Pick the marshmallow from the counter and place it in the cabinet.	robocasa_panda_omron/PickPlaceCounterToCabinet_PandaOmron_Env	100943	1300004	0	1			5		1	4	0.0	0.0	4	4		Pick the marshmallow from the counter and place it in the cabinet.	0	all_token_full	groot_n15_dit_block_residual_full_tokens_denoise	["layer","denoise_step","model_token","feature_dim"]	[7,4,49,1536]	[0,2,4,8,10,12,15]	n15_grid_v6_scene_jitter	grid_coord	meta	meta_json	375e3c46c962/worker2/PPCC/marshmallow/s0/j4/n4/base
375e3c46c962	worker2	PPCC/marshmallow	1	0	0	base	activation	5675a248ed701cb5	5675a248ed701cb548083702b9a2b64df117b4ab95ce4885d2551e8948dcc345	lerobot_groot_n15	n15	lerobot_groot_n15__robocasa365_ckpt120000		0	Pick the marshmallow from the counter and place it in the cabinet.	robocasa_panda_omron/PickPlaceCounterToCabinet_PandaOmron_Env	100204	1300000	0	0			5		1	0	0.0	0.0	9	9		Pick the marshmallow from the counter and place it in the cabinet.	0	all_token_full	groot_n15_dit_block_residual_full_tokens_denoise	["layer","denoise_step","model_token","feature_dim"]	[7,4,49,1536]	[0,2,4,8,10,12,15]	n15_grid_v6_scene_jitter	grid_coord	meta	meta_json	375e3c46c962/worker2/PPCC/marshmallow/s1/j0/n0/base
375e3c46c962	worker2	PPCC/marshmallow	1	0	1	base	activation	f54068637f0b512f	f54068637f0b512f5766c978a4465b51a6c638f43be17de12da1a3ba1f5b9128	lerobot_groot_n15	n15	lerobot_groot_n15__robocasa365_ckpt120000		0	Pick the marshmallow from the counter and place it in the cabinet.	robocasa_panda_omron/PickPlaceCounterToCabinet_PandaOmron_Env	100204	1300001	0	0			5		1	0	0.0	0.0	9	9		Pick the marshmallow from the counter and place it in the cabinet.	0	all_token_full	groot_n15_dit_block_residual_full_tokens_denoise	["layer","denoise_step","model_token","feature_dim"]	[7,4,49,1536]	[0,2,4,8,10,12,15]	n15_grid_v6_scene_jitter	grid_coord	meta	meta_json	375e3c46c962/worker2/PPCC/marshmallow/s1/j0/n1/base
375e3c46c962	worker2	PPCC/marshmallow	1	0	2	base	activation	d0c970fef90019e8	d0c970fef90019e8b515640d36078ce21b0f06fe1f6f18ec741308daff7b8c38	lerobot_groot_n15	n15	lerobot_groot_n15__robocasa365_ckpt120000		0	Pick the marshmallow from the counter and place it in the cabinet.	robocasa_panda_omron/PickPlaceCounterToCabinet_PandaOmron_Env	100204	1300002	0	0			5		1	0	0.0	0.0	9	9		Pick the marshmallow from the counter and place it in the cabinet.	0	all_token_full	groot_n15_dit_block_residual_full_tokens_denoise	["layer","denoise_step","model_token","feature_dim"]	[7,4,49,1536]	[0,2,4,8,10,12,15]	n15_grid_v6_scene_jitter	grid_coord	meta	meta_json	375e3c46c962/worker2/PPCC/marshmallow/s1/j0/n2/base
375e3c46c962	worker2	PPCC/marshmallow	1	0	3	base	activation	871129eb430bbaec	871129eb430bbaecb65a48bc3b2da74691958d64d9333ce428ed28aabb46c74e	lerobot_groot_n15	n15	lerobot_groot_n15__robocasa365_ckpt120000		0	Pick the marshmallow from the counter and place it in the cabinet.	robocasa_panda_omron/PickPlaceCounterToCabinet_PandaOmron_Env	100204	1300003	0	0			5		1	0	0.0	0.0	9	9		Pick the marshmallow from the counter and place it in the cabinet.	0	all_token_full	groot_n15_dit_block_residual_full_tokens_denoise	["layer","denoise_step","model_token","feature_dim"]	[7,4,49,1536]	[0,2,4,8,10,12,15]	n15_grid_v6_scene_jitter	grid_coord	meta	meta_json	375e3c46c962/worker2/PPCC/marshmallow/s1/j0/n3/base
375e3c46c962	worker2	PPCC/marshmallow	1	0	4	base	activation	e3be21ec1b7e105b	e3be21ec1b7e105b1b402eef3ba6b53fdd7fc295371780fefbc5ef8243da6c3b	lerobot_groot_n15	n15	lerobot_groot_n15__robocasa365_ckpt120000		0	Pick the marshmallow from the counter and place it in the cabinet.	robocasa_panda_omron/PickPlaceCounterToCabinet_PandaOmron_Env	100204	1300004	0	0			5		1	0	0.0	0.0	9	9		Pick the marshmallow from the counter and place it in the cabinet.	0	all_token_full	groot_n15_dit_block_residual_full_tokens_denoise	["layer","denoise_step","model_token","feature_dim"]	[7,4,49,1536]	[0,2,4,8,10,12,15]	n15_grid_v6_scene_jitter	grid_coord	meta	meta_json	375e3c46c962/worker2/PPCC/marshmallow/s1/j0/n4/base
375e3c46c962	worker2	PPCC/marshmallow	1	1	0	base	activation	bd7b5019bd8d160d	bd7b5019bd8d160d888c5acba1a8a1405ddef1e82a06872deaf7252fd6a8395a	lerobot_groot_n15	n15	lerobot_groot_n15__robocasa365_ckpt120000		0	Pick the marshmallow from the counter and place it in the cabinet.	robocasa_panda_omron/PickPlaceCounterToCabinet_PandaOmron_Env	100204	1300000	0	0			5		1	1	0.0	0.0	9	9		Pick the marshmallow from the counter and place it in the cabinet.	0	all_token_full	groot_n15_dit_block_residual_full_tokens_denoise	["layer","denoise_step","model_token","feature_dim"]	[7,4,49,1536]	[0,2,4,8,10,12,15]	n15_grid_v6_scene_jitter	grid_coord	meta	meta_json	375e3c46c962/worker2/PPCC/marshmallow/s1/j1/n0/base
375e3c46c962	worker2	PPCC/marshmallow	1	1	1	base	activation	921d2d26e163cd05	921d2d26e163cd05221335b6f5001d1b23c1754b01c620ba5eaa427422fa90d6	lerobot_groot_n15	n15	lerobot_groot_n15__robocasa365_ckpt120000		0	Pick the marshmallow from the counter and place it in the cabinet.	robocasa_panda_omron/PickPlaceCounterToCabinet_PandaOmron_Env	100204	1300001	0	0			5		1	1	0.0	0.0	9	9		Pick the marshmallow from the counter and place it in the cabinet.	0	all_token_full	groot_n15_dit_block_residual_full_tokens_denoise	["layer","denoise_step","model_token","feature_dim"]	[7,4,49,1536]	[0,2,4,8,10,12,15]	n15_grid_v6_scene_jitter	grid_coord	meta	meta_json	375e3c46c962/worker2/PPCC/marshmallow/s1/j1/n1/base
375e3c46c962	worker2	PPCC/marshmallow	1	1	2	base	activation	15c51e17c37e8fab	15c51e17c37e8fabfd224c237e320e481780cd9fbab913fefc5125d7c2f0379e	lerobot_groot_n15	n15	lerobot_groot_n15__robocasa365_ckpt120000		0	Pick the marshmallow from the counter and place it in the cabinet.	robocasa_panda_omron/PickPlaceCounterToCabinet_PandaOmron_Env	100204	1300002	0	0			5		1	1	0.0	0.0	9	9		Pick the marshmallow from the counter and place it in the cabinet.	0	all_token_full	groot_n15_dit_block_residual_full_tokens_denoise	["layer","denoise_step","model_token","feature_dim"]	[7,4,49,1536]	[0,2,4,8,10,12,15]	n15_grid_v6_scene_jitter	grid_coord	meta	meta_json	375e3c46c962/worker2/PPCC/marshmallow/s1/j1/n2/base
375e3c46c962	worker2	PPCC/marshmallow	1	1	3	base	activation	53013fc08cfecca9	53013fc08cfecca975ff51e33d6ab538feacb76e457f56fd4154dc2b9d0dd629	lerobot_groot_n15	n15	lerobot_groot_n15__robocasa365_ckpt120000		0	Pick the marshmallow from the counter and place it in the cabinet.	robocasa_panda_omron/PickPlaceCounterToCabinet_PandaOmron_Env	100204	1300003	0	0			5		1	1	0.0	0.0	9	9		Pick the marshmallow from the counter and place it in the cabinet.	0	all_token_full	groot_n15_dit_block_residual_full_tokens_denoise	["layer","denoise_step","model_token","feature_dim"]	[7,4,49,1536]	[0,2,4,8,10,12,15]	n15_grid_v6_scene_jitter	grid_coord	meta	meta_json	375e3c46c962/worker2/PPCC/marshmallow/s1/j1/n3/base
375e3c46c962	worker2	PPCC/marshmallow	1	1	4	base	activation	71b7912f01be44db	71b7912f01be44db22baaff964658df41269e2c8b8675e7c861a671378f8acab	lerobot_groot_n15	n15	lerobot_groot_n15__robocasa365_ckpt120000		0	Pick the marshmallow from the counter and place it in the cabinet.	robocasa_panda_omron/PickPlaceCounterToCabinet_PandaOmron_Env	100204	1300004	0	0			5		1	1	0.0	0.0	9	9		Pick the marshmallow from the counter and place it in the cabinet.	0	all_token_full	groot_n15_dit_block_residual_full_tokens_denoise	["layer","denoise_step","model_token","feature_dim"]	[7,4,49,1536]	[0,2,4,8,10,12,15]	n15_grid_v6_scene_jitter	grid_coord	meta	meta_json	375e3c46c962/worker2/PPCC/marshmallow/s1/j1/n4/base
375e3c46c962	worker2	PPCC/marshmallow	1	2	0	base	activation	9cb8a7ce083ed400	9cb8a7ce083ed4004e65a5ce5f136e637d9e8cddbff7a4fd1e4c8c74c8a47a4d	lerobot_groot_n15	n15	lerobot_groot_n15__robocasa365_ckpt120000		0	Pick the marshmallow from the counter and place it in the cabinet.	robocasa_panda_omron/PickPlaceCounterToCabinet_PandaOmron_Env	100204	1300000	0	0			5		1	2	0.0	0.0	9	9		Pick the marshmallow from the counter and place it in the cabinet.	0	all_token_full	groot_n15_dit_block_residual_full_tokens_denoise	["layer","denoise_step","model_token","feature_dim"]	[7,4,49,1536]	[0,2,4,8,10,12,15]	n15_grid_v6_scene_jitter	grid_coord	meta	meta_json	375e3c46c962/worker2/PPCC/marshmallow/s1/j2/n0/base
375e3c46c962	worker2	PPCC/marshmallow	1	2	1	base	activation	de22abd353e60a05	de22abd353e60a056c5738019067f3d783d5df8af931e2a8bacd92f2aed61186	lerobot_groot_n15	n15	lerobot_groot_n15__robocasa365_ckpt120000		0	Pick the marshmallow from the counter and place it in the cabinet.	robocasa_panda_omron/PickPlaceCounterToCabinet_PandaOmron_Env	100204	1300001	0	0			5		1	2	0.0	0.0	9	9		Pick the marshmallow from the counter and place it in the cabinet.	0	all_token_full	groot_n15_dit_block_residual_full_tokens_denoise	["layer","denoise_step","model_token","feature_dim"]	[7,4,49,1536]	[0,2,4,8,10,12,15]	n15_grid_v6_scene_jitter	grid_coord	meta	meta_json	375e3c46c962/worker2/PPCC/marshmallow/s1/j2/n1/base
375e3c46c962	worker2	PPCC/marshmallow	1	2	2	base	activation	8ae8e6510d820c92	8ae8e6510d820c925a1a59e1dad9a6b51b8d0de89fec6d85509ec7a3ee08e38e	lerobot_groot_n15	n15	lerobot_groot_n15__robocasa365_ckpt120000		0	Pick the marshmallow from the counter and place it in the cabinet.	robocasa_panda_omron/PickPlaceCounterToCabinet_PandaOmron_Env	100204	1300002	0	0			5		1	2	0.0	0.0	9	9		Pick the marshmallow from the counter and place it in the cabinet.	0	all_token_full	groot_n15_dit_block_residual_full_tokens_denoise	["layer","denoise_step","model_token","feature_dim"]	[7,4,49,1536]	[0,2,4,8,10,12,15]	n15_grid_v6_scene_jitter	grid_coord	meta	meta_json	375e3c46c962/worker2/PPCC/marshmallow/s1/j2/n2/base
375e3c46c962	worker2	PPCC/marshmallow	1	2	3	base	activation	0393241803626eea	0393241803626eea3203ab651d442662a10ebd1e5f3f493bdb572b03feac09d3	lerobot_groot_n15	n15	lerobot_groot_n15__robocasa365_ckpt120000		0	Pick the marshmallow from the counter and place it in the cabinet.	robocasa_panda_omron/PickPlaceCounterToCabinet_PandaOmron_Env	100204	1300003	0	0			5		1	2	0.0	0.0	9	9		Pick the marshmallow from the counter and place it in the cabinet.	0	all_token_full	groot_n15_dit_block_residual_full_tokens_denoise	["layer","denoise_step","model_token","feature_dim"]	[7,4,49,1536]	[0,2,4,8,10,12,15]	n15_grid_v6_scene_jitter	grid_coord	meta	meta_json	375e3c46c962/worker2/PPCC/marshmallow/s1/j2/n3/base
375e3c46c962	worker2	PPCC/marshmallow	1	2	4	base	activation	f0f72906e421c2b4	f0f72906e421c2b4f7553f163aa3c4db6385bf5e445102b65d4c845ab1d512ec	lerobot_groot_n15	n15	lerobot_groot_n15__robocasa365_ckpt120000		0	Pick the marshmallow from the counter and place it in the cabinet.	robocasa_panda_omron/PickPlaceCounterToCabinet_PandaOmron_Env	100204	1300004	0	0			5		1	2	0.0	0.0	9	9		Pick the marshmallow from the counter and place it in the cabinet.	0	all_token_full	groot_n15_dit_block_residual_full_tokens_denoise	["layer","denoise_step","model_token","feature_dim"]	[7,4,49,1536]	[0,2,4,8,10,12,15]	n15_grid_v6_scene_jitter	grid_coord	meta	meta_json	375e3c46c962/worker2/PPCC/marshmallow/s1/j2/n4/base
375e3c46c962	worker2	PPCC/marshmallow	1	3	0	base	activation	01484c6d7407afad	01484c6d7407afadaea9217cb231beb7868a03e687424ed0778ced9e7033cca7	lerobot_groot_n15	n15	lerobot_groot_n15__robocasa365_ckpt120000		0	Pick the marshmallow from the counter and place it in the cabinet.	robocasa_panda_omron/PickPlaceCounterToCabinet_PandaOmron_Env	100204	1300000	0	0			5		1	3	0.0	0.0	9	9		Pick the marshmallow from the counter and place it in the cabinet.	0	all_token_full	groot_n15_dit_block_residual_full_tokens_denoise	["layer","denoise_step","model_token","feature_dim"]	[7,4,49,1536]	[0,2,4,8,10,12,15]	n15_grid_v6_scene_jitter	grid_coord	meta	meta_json	375e3c46c962/worker2/PPCC/marshmallow/s1/j3/n0/base
375e3c46c962	worker2	PPCC/marshmallow	1	3	1	base	activation	6207fba555f2f6e5	6207fba555f2f6e5cf060cd9ef3f724f203efadb65b5f6bebe0503cb6fa1d248	lerobot_groot_n15	n15	lerobot_groot_n15__robocasa365_ckpt120000		0	Pick the marshmallow from the counter and place it in the cabinet.	robocasa_panda_omron/PickPlaceCounterToCabinet_PandaOmron_Env	100204	1300001	0	0			5		1	3	0.0	0.0	9	9		Pick the marshmallow from the counter and place it in the cabinet.	0	all_token_full	groot_n15_dit_block_residual_full_tokens_denoise	["layer","denoise_step","model_token","feature_dim"]	[7,4,49,1536]	[0,2,4,8,10,12,15]	n15_grid_v6_scene_jitter	grid_coord	meta	meta_json	375e3c46c962/worker2/PPCC/marshmallow/s1/j3/n1/base
375e3c46c962	worker2	PPCC/marshmallow	1	3	2	base	activation	9c4432ecc72297ea	9c4432ecc72297ead56b04a6ca9c77b9e9a827127fcb97c5bf43cfb35ce52cf1	lerobot_groot_n15	n15	lerobot_groot_n15__robocasa365_ckpt120000		0	Pick the marshmallow from the counter and place it in the cabinet.	robocasa_panda_omron/PickPlaceCounterToCabinet_PandaOmron_Env	100204	1300002	0	0			5		1	3	0.0	0.0	9	9		Pick the marshmallow from the counter and place it in the cabinet.	0	all_token_full	groot_n15_dit_block_residual_full_tokens_denoise	["layer","denoise_step","model_token","feature_dim"]	[7,4,49,1536]	[0,2,4,8,10,12,15]	n15_grid_v6_scene_jitter	grid_coord	meta	meta_json	375e3c46c962/worker2/PPCC/marshmallow/s1/j3/n2/base
375e3c46c962	worker2	PPCC/marshmallow	1	3	3	base	activation	044d07b5234f5cc6	044d07b5234f5cc66b5017129a8b0fd9785d891fd7b53cf804ef8a63fc2d4b23	lerobot_groot_n15	n15	lerobot_groot_n15__robocasa365_ckpt120000		0	Pick the marshmallow from the counter and place it in the cabinet.	robocasa_panda_omron/PickPlaceCounterToCabinet_PandaOmron_Env	100204	1300003	0	0			5		1	3	0.0	0.0	9	9		Pick the marshmallow from the counter and place it in the cabinet.	0	all_token_full	groot_n15_dit_block_residual_full_tokens_denoise	["layer","denoise_step","model_token","feature_dim"]	[7,4,49,1536]	[0,2,4,8,10,12,15]	n15_grid_v6_scene_jitter	grid_coord	meta	meta_json	375e3c46c962/worker2/PPCC/marshmallow/s1/j3/n3/base
375e3c46c962	worker2	PPCC/marshmallow	1	3	4	base	activation	86b8d6e0765a9c81	86b8d6e0765a9c81f8a9334d405562327c387b9bce828d9b9e5f7b9fd6328b3e	lerobot_groot_n15	n15	lerobot_groot_n15__robocasa365_ckpt120000		0	Pick the marshmallow from the counter and place it in the cabinet.	robocasa_panda_omron/PickPlaceCounterToCabinet_PandaOmron_Env	100204	1300004	0	0			5		1	3	0.0	0.0	9	9		Pick the marshmallow from the counter and place it in the cabinet.	0	all_token_full	groot_n15_dit_block_residual_full_tokens_denoise	["layer","denoise_step","model_token","feature_dim"]	[7,4,49,1536]	[0,2,4,8,10,12,15]	n15_grid_v6_scene_jitter	grid_coord	meta	meta_json	375e3c46c962/worker2/PPCC/marshmallow/s1/j3/n4/base
375e3c46c962	worker2	PPCC/marshmallow	1	4	0	base	activation	ca39f819e4c69b0b	ca39f819e4c69b0b7071e7de32c659eae0a3c4ee0269ffb28e06f7d810ef018e	lerobot_groot_n15	n15	lerobot_groot_n15__robocasa365_ckpt120000		0	Pick the marshmallow from the counter and place it in the cabinet.	robocasa_panda_omron/PickPlaceCounterToCabinet_PandaOmron_Env	100204	1300000	0	0			5		1	4	0.0	0.0	9	9		Pick the marshmallow from the counter and place it in the cabinet.	0	all_token_full	groot_n15_dit_block_residual_full_tokens_denoise	["layer","denoise_step","model_token","feature_dim"]	[7,4,49,1536]	[0,2,4,8,10,12,15]	n15_grid_v6_scene_jitter	grid_coord	meta	meta_json	375e3c46c962/worker2/PPCC/marshmallow/s1/j4/n0/base
375e3c46c962	worker2	PPCC/marshmallow	1	4	1	base	activation	7523d39dc8d89aff	7523d39dc8d89aff9870ba1f9fc89d7877cf633b9360ffcf91f214d94f635771	lerobot_groot_n15	n15	lerobot_groot_n15__robocasa365_ckpt120000		0	Pick the marshmallow from the counter and place it in the cabinet.	robocasa_panda_omron/PickPlaceCounterToCabinet_PandaOmron_Env	100204	1300001	0	0			5		1	4	0.0	0.0	9	9		Pick the marshmallow from the counter and place it in the cabinet.	0	all_token_full	groot_n15_dit_block_residual_full_tokens_denoise	["layer","denoise_step","model_token","feature_dim"]	[7,4,49,1536]	[0,2,4,8,10,12,15]	n15_grid_v6_scene_jitter	grid_coord	meta	meta_json	375e3c46c962/worker2/PPCC/marshmallow/s1/j4/n1/base
375e3c46c962	worker2	PPCC/marshmallow	1	4	2	base	activation	5ee454fb9d5f35d7	5ee454fb9d5f35d7cea542d572b07ff60211e80bfb142d7959463de02f552cfa	lerobot_groot_n15	n15	lerobot_groot_n15__robocasa365_ckpt120000		0	Pick the marshmallow from the counter and place it in the cabinet.	robocasa_panda_omron/PickPlaceCounterToCabinet_PandaOmron_Env	100204	1300002	0	0			5		1	4	0.0	0.0	9	9		Pick the marshmallow from the counter and place it in the cabinet.	0	all_token_full	groot_n15_dit_block_residual_full_tokens_denoise	["layer","denoise_step","model_token","feature_dim"]	[7,4,49,1536]	[0,2,4,8,10,12,15]	n15_grid_v6_scene_jitter	grid_coord	meta	meta_json	375e3c46c962/worker2/PPCC/marshmallow/s1/j4/n2/base
375e3c46c962	worker2	PPCC/marshmallow	1	4	3	base	activation	087c85bd8f28c53b	087c85bd8f28c53b9b3a678df372d24811b042184c128f4429ffeb6697d07a17	lerobot_groot_n15	n15	lerobot_groot_n15__robocasa365_ckpt120000		0	Pick the marshmallow from the counter and place it in the cabinet.	robocasa_panda_omron/PickPlaceCounterToCabinet_PandaOmron_Env	100204	1300003	0	0			5		1	4	0.0	0.0	9	9		Pick the marshmallow from the counter and place it in the cabinet.	0	all_token_full	groot_n15_dit_block_residual_full_tokens_denoise	["layer","denoise_step","model_token","feature_dim"]	[7,4,49,1536]	[0,2,4,8,10,12,15]	n15_grid_v6_scene_jitter	grid_coord	meta	meta_json	375e3c46c962/worker2/PPCC/marshmallow/s1/j4/n3/base
375e3c46c962	worker2	PPCC/marshmallow	1	4	4	base	activation	78e5dad131c54a9e	78e5dad131c54a9e879229c2d6e5a3c4fcbc9d99f44b736caa7532644328cd54	lerobot_groot_n15	n15	lerobot_groot_n15__robocasa365_ckpt120000		0	Pick the marshmallow from the counter and place it in the cabinet.	robocasa_panda_omron/PickPlaceCounterToCabinet_PandaOmron_Env	100204	1300004	0	0			5		1	4	0.0	0.0	9	9		Pick the marshmallow from the counter and place it in the cabinet.	0	all_token_full	groot_n15_dit_block_residual_full_tokens_denoise	["layer","denoise_step","model_token","feature_dim"]	[7,4,49,1536]	[0,2,4,8,10,12,15]	n15_grid_v6_scene_jitter	grid_coord	meta	meta_json	375e3c46c962/worker2/PPCC/marshmallow/s1/j4/n4/base
375e3c46c962	worker2	PPCC/marshmallow	2	0	0	base	activation	ce7f55d45a12e958	ce7f55d45a12e958801d9154112297590cd2929f05e67748e6e64c751cac516a	lerobot_groot_n15	n15	lerobot_groot_n15__robocasa365_ckpt120000		0	Pick the marshmallow from the counter and place it in the cabinet.	robocasa_panda_omron/PickPlaceCounterToCabinet_PandaOmron_Env	100186	1300000	0	1			5		1	0	0.0	0.0	5	5		Pick the marshmallow from the counter and place it in the cabinet.	0	all_token_full	groot_n15_dit_block_residual_full_tokens_denoise	["layer","denoise_step","model_token","feature_dim"]	[7,4,49,1536]	[0,2,4,8,10,12,15]	n15_grid_v6_scene_jitter	grid_coord	meta	meta_json	375e3c46c962/worker2/PPCC/marshmallow/s2/j0/n0/base
375e3c46c962	worker2	PPCC/marshmallow	2	0	1	base	activation	ea19a3b9c3c9c888	ea19a3b9c3c9c8883c3706e8d80e5534103e1821ef268d1a657f8beb7382f8b5	lerobot_groot_n15	n15	lerobot_groot_n15__robocasa365_ckpt120000		0	Pick the marshmallow from the counter and place it in the cabinet.	robocasa_panda_omron/PickPlaceCounterToCabinet_PandaOmron_Env	100186	1300001	0	1			5		1	0	0.0	0.0	5	5		Pick the marshmallow from the counter and place it in the cabinet.	0	all_token_full	groot_n15_dit_block_residual_full_tokens_denoise	["layer","denoise_step","model_token","feature_dim"]	[7,4,49,1536]	[0,2,4,8,10,12,15]	n15_grid_v6_scene_jitter	grid_coord	meta	meta_json	375e3c46c962/worker2/PPCC/marshmallow/s2/j0/n1/base
375e3c46c962	worker2	PPCC/marshmallow	2	0	2	base	activation	913de1a4b6721864	913de1a4b6721864ecff9b1de94c7c97fdb209201f27ea31afd8aac67d126bdd	lerobot_groot_n15	n15	lerobot_groot_n15__robocasa365_ckpt120000		0	Pick the marshmallow from the counter and place it in the cabinet.	robocasa_panda_omron/PickPlaceCounterToCabinet_PandaOmron_Env	100186	1300002	0	1			5		1	0	0.0	0.0	5	5		Pick the marshmallow from the counter and place it in the cabinet.	0	all_token_full	groot_n15_dit_block_residual_full_tokens_denoise	["layer","denoise_step","model_token","feature_dim"]	[7,4,49,1536]	[0,2,4,8,10,12,15]	n15_grid_v6_scene_jitter	grid_coord	meta	meta_json	375e3c46c962/worker2/PPCC/marshmallow/s2/j0/n2/base
375e3c46c962	worker2	PPCC/marshmallow	2	0	3	base	activation	eeb7d588082358ad	eeb7d588082358adc03eadb0dd9f1d252a5d5c8065e12712814398c710ba4edc	lerobot_groot_n15	n15	lerobot_groot_n15__robocasa365_ckpt120000		0	Pick the marshmallow from the counter and place it in the cabinet.	robocasa_panda_omron/PickPlaceCounterToCabinet_PandaOmron_Env	100186	1300003	0	1			5		1	0	0.0	0.0	5	5		Pick the marshmallow from the counter and place it in the cabinet.	0	all_token_full	groot_n15_dit_block_residual_full_tokens_denoise	["layer","denoise_step","model_token","feature_dim"]	[7,4,49,1536]	[0,2,4,8,10,12,15]	n15_grid_v6_scene_jitter	grid_coord	meta	meta_json	375e3c46c962/worker2/PPCC/marshmallow/s2/j0/n3/base
375e3c46c962	worker2	PPCC/marshmallow	2	0	4	base	activation	4daa091d68f66460	4daa091d68f664604495d6e16cb36a03f29dcad8c0a25fc93a2eb66454035ad9	lerobot_groot_n15	n15	lerobot_groot_n15__robocasa365_ckpt120000		0	Pick the marshmallow from the counter and place it in the cabinet.	robocasa_panda_omron/PickPlaceCounterToCabinet_PandaOmron_Env	100186	1300004	0	1			5		1	0	0.0	0.0	5	5		Pick the marshmallow from the counter and place it in the cabinet.	0	all_token_full	groot_n15_dit_block_residual_full_tokens_denoise	["layer","denoise_step","model_token","feature_dim"]	[7,4,49,1536]	[0,2,4,8,10,12,15]	n15_grid_v6_scene_jitter	grid_coord	meta	meta_json	375e3c46c962/worker2/PPCC/marshmallow/s2/j0/n4/base
375e3c46c962	worker2	PPCC/marshmallow	2	1	0	base	activation	1c8dfbaea4157676	1c8dfbaea4157676ecae2e74bfa75a6c97fb252ffb1ee382fbe7a09efb048a0f	lerobot_groot_n15	n15	lerobot_groot_n15__robocasa365_ckpt120000		0	Pick the marshmallow from the counter and place it in the cabinet.	robocasa_panda_omron/PickPlaceCounterToCabinet_PandaOmron_Env	100186	1300000	0	1			5		1	1	0.0	0.0	5	5		Pick the marshmallow from the counter and place it in the cabinet.	0	all_token_full	groot_n15_dit_block_residual_full_tokens_denoise	["layer","denoise_step","model_token","feature_dim"]	[7,4,49,1536]	[0,2,4,8,10,12,15]	n15_grid_v6_scene_jitter	grid_coord	meta	meta_json	375e3c46c962/worker2/PPCC/marshmallow/s2/j1/n0/base
375e3c46c962	worker2	PPCC/marshmallow	2	1	1	base	activation	c69d5f4e85ba51a0	c69d5f4e85ba51a0a8b4bb1e9af6b6989eeaf3a0e4bf16fedb3f71193fd1db18	lerobot_groot_n15	n15	lerobot_groot_n15__robocasa365_ckpt120000		0	Pick the marshmallow from the counter and place it in the cabinet.	robocasa_panda_omron/PickPlaceCounterToCabinet_PandaOmron_Env	100186	1300001	0	1			5		1	1	0.0	0.0	5	5		Pick the marshmallow from the counter and place it in the cabinet.	0	all_token_full	groot_n15_dit_block_residual_full_tokens_denoise	["layer","denoise_step","model_token","feature_dim"]	[7,4,49,1536]	[0,2,4,8,10,12,15]	n15_grid_v6_scene_jitter	grid_coord	meta	meta_json	375e3c46c962/worker2/PPCC/marshmallow/s2/j1/n1/base
375e3c46c962	worker2	PPCC/marshmallow	2	1	2	base	activation	f40d3c8ffcd0b403	f40d3c8ffcd0b4031066aac380e6a142a44e3a89030242d494b300354db7e536	lerobot_groot_n15	n15	lerobot_groot_n15__robocasa365_ckpt120000		0	Pick the marshmallow from the counter and place it in the cabinet.	robocasa_panda_omron/PickPlaceCounterToCabinet_PandaOmron_Env	100186	1300002	0	1			5		1	1	0.0	0.0	5	5		Pick the marshmallow from the counter and place it in the cabinet.	0	all_token_full	groot_n15_dit_block_residual_full_tokens_denoise	["layer","denoise_step","model_token","feature_dim"]	[7,4,49,1536]	[0,2,4,8,10,12,15]	n15_grid_v6_scene_jitter	grid_coord	meta	meta_json	375e3c46c962/worker2/PPCC/marshmallow/s2/j1/n2/base
375e3c46c962	worker2	PPCC/marshmallow	2	1	3	base	activation	88795ed534f8e42f	88795ed534f8e42ffd62f5db2513c4b02f99288a55d1d50c024d1f864381cf19	lerobot_groot_n15	n15	lerobot_groot_n15__robocasa365_ckpt120000		0	Pick the marshmallow from the counter and place it in the cabinet.	robocasa_panda_omron/PickPlaceCounterToCabinet_PandaOmron_Env	100186	1300003	0	1			5		1	1	0.0	0.0	5	5		Pick the marshmallow from the counter and place it in the cabinet.	0	all_token_full	groot_n15_dit_block_residual_full_tokens_denoise	["layer","denoise_step","model_token","feature_dim"]	[7,4,49,1536]	[0,2,4,8,10,12,15]	n15_grid_v6_scene_jitter	grid_coord	meta	meta_json	375e3c46c962/worker2/PPCC/marshmallow/s2/j1/n3/base
375e3c46c962	worker2	PPCC/marshmallow	2	1	4	base	activation	989763f8e7e26527	989763f8e7e265279239989885b1e5f2c1547cbfe3ea86a3a931818f53839c70	lerobot_groot_n15	n15	lerobot_groot_n15__robocasa365_ckpt120000		0	Pick the marshmallow from the counter and place it in the cabinet.	robocasa_panda_omron/PickPlaceCounterToCabinet_PandaOmron_Env	100186	1300004	0	1			5		1	1	0.0	0.0	5	5		Pick the marshmallow from the counter and place it in the cabinet.	0	all_token_full	groot_n15_dit_block_residual_full_tokens_denoise	["layer","denoise_step","model_token","feature_dim"]	[7,4,49,1536]	[0,2,4,8,10,12,15]	n15_grid_v6_scene_jitter	grid_coord	meta	meta_json	375e3c46c962/worker2/PPCC/marshmallow/s2/j1/n4/base
375e3c46c962	worker2	PPCC/marshmallow	2	2	0	base	activation	406f764a74fe3d2f	406f764a74fe3d2f8f5302d63644ccf30bac9d0daf35eb7f0622adf526c04fe4	lerobot_groot_n15	n15	lerobot_groot_n15__robocasa365_ckpt120000		0	Pick the marshmallow from the counter and place it in the cabinet.	robocasa_panda_omron/PickPlaceCounterToCabinet_PandaOmron_Env	100186	1300000	0	1			5		1	2	0.0	0.0	5	5		Pick the marshmallow from the counter and place it in the cabinet.	0	all_token_full	groot_n15_dit_block_residual_full_tokens_denoise	["layer","denoise_step","model_token","feature_dim"]	[7,4,49,1536]	[0,2,4,8,10,12,15]	n15_grid_v6_scene_jitter	grid_coord	meta	meta_json	375e3c46c962/worker2/PPCC/marshmallow/s2/j2/n0/base
375e3c46c962	worker2	PPCC/marshmallow	2	2	1	base	activation	528667eba95bc29b	528667eba95bc29be85ffa1b77f0d404eb1e19ba4ea172d2dfff709726769632	lerobot_groot_n15	n15	lerobot_groot_n15__robocasa365_ckpt120000		0	Pick the marshmallow from the counter and place it in the cabinet.	robocasa_panda_omron/PickPlaceCounterToCabinet_PandaOmron_Env	100186	1300001	0	1			5		1	2	0.0	0.0	5	5		Pick the marshmallow from the counter and place it in the cabinet.	0	all_token_full	groot_n15_dit_block_residual_full_tokens_denoise	["layer","denoise_step","model_token","feature_dim"]	[7,4,49,1536]	[0,2,4,8,10,12,15]	n15_grid_v6_scene_jitter	grid_coord	meta	meta_json	375e3c46c962/worker2/PPCC/marshmallow/s2/j2/n1/base
375e3c46c962	worker2	PPCC/marshmallow	2	2	2	base	activation	168a94db79329c1c	168a94db79329c1c2ccedd031b1e8154d8ae314d2d60781c11999880ef78bea6	lerobot_groot_n15	n15	lerobot_groot_n15__robocasa365_ckpt120000		0	Pick the marshmallow from the counter and place it in the cabinet.	robocasa_panda_omron/PickPlaceCounterToCabinet_PandaOmron_Env	100186	1300002	0	1			5		1	2	0.0	0.0	5	5		Pick the marshmallow from the counter and place it in the cabinet.	0	all_token_full	groot_n15_dit_block_residual_full_tokens_denoise	["layer","denoise_step","model_token","feature_dim"]	[7,4,49,1536]	[0,2,4,8,10,12,15]	n15_grid_v6_scene_jitter	grid_coord	meta	meta_json	375e3c46c962/worker2/PPCC/marshmallow/s2/j2/n2/base
375e3c46c962	worker2	PPCC/marshmallow	2	2	3	base	activation	8ebe6734b23b59e4	8ebe6734b23b59e4db0de42f91e4350efe25a85cd508e86b63dc9d853058e601	lerobot_groot_n15	n15	lerobot_groot_n15__robocasa365_ckpt120000		0	Pick the marshmallow from the counter and place it in the cabinet.	robocasa_panda_omron/PickPlaceCounterToCabinet_PandaOmron_Env	100186	1300003	0	1			5		1	2	0.0	0.0	5	5		Pick the marshmallow from the counter and place it in the cabinet.	0	all_token_full	groot_n15_dit_block_residual_full_tokens_denoise	["layer","denoise_step","model_token","feature_dim"]	[7,4,49,1536]	[0,2,4,8,10,12,15]	n15_grid_v6_scene_jitter	grid_coord	meta	meta_json	375e3c46c962/worker2/PPCC/marshmallow/s2/j2/n3/base
375e3c46c962	worker2	PPCC/marshmallow	2	2	4	base	activation	04adce09110759e1	04adce09110759e15cec69cf2afbd1aeaf61c85bd1f49edd8dd986e4d9a42ec6	lerobot_groot_n15	n15	lerobot_groot_n15__robocasa365_ckpt120000		0	Pick the marshmallow from the counter and place it in the cabinet.	robocasa_panda_omron/PickPlaceCounterToCabinet_PandaOmron_Env	100186	1300004	0	1			5		1	2	0.0	0.0	5	5		Pick the marshmallow from the counter and place it in the cabinet.	0	all_token_full	groot_n15_dit_block_residual_full_tokens_denoise	["layer","denoise_step","model_token","feature_dim"]	[7,4,49,1536]	[0,2,4,8,10,12,15]	n15_grid_v6_scene_jitter	grid_coord	meta	meta_json	375e3c46c962/worker2/PPCC/marshmallow/s2/j2/n4/base
375e3c46c962	worker2	PPCC/marshmallow	2	3	0	base	activation	f96a44f3328c5335	f96a44f3328c53354bcbff2a5a4886bdd451adac8d8fe7b80d25af3843246e57	lerobot_groot_n15	n15	lerobot_groot_n15__robocasa365_ckpt120000		0	Pick the marshmallow from the counter and place it in the cabinet.	robocasa_panda_omron/PickPlaceCounterToCabinet_PandaOmron_Env	100186	1300000	0	1			5		1	3	0.0	0.0	5	5		Pick the marshmallow from the counter and place it in the cabinet.	0	all_token_full	groot_n15_dit_block_residual_full_tokens_denoise	["layer","denoise_step","model_token","feature_dim"]	[7,4,49,1536]	[0,2,4,8,10,12,15]	n15_grid_v6_scene_jitter	grid_coord	meta	meta_json	375e3c46c962/worker2/PPCC/marshmallow/s2/j3/n0/base
375e3c46c962	worker2	PPCC/marshmallow	2	3	1	base	activation	27e2404f203227a6	27e2404f203227a6a8b329ae6277237f347df4bb26e2febd2ba01d0f0df30eb5	lerobot_groot_n15	n15	lerobot_groot_n15__robocasa365_ckpt120000		0	Pick the marshmallow from the counter and place it in the cabinet.	robocasa_panda_omron/PickPlaceCounterToCabinet_PandaOmron_Env	100186	1300001	0	1			5		1	3	0.0	0.0	5	5		Pick the marshmallow from the counter and place it in the cabinet.	0	all_token_full	groot_n15_dit_block_residual_full_tokens_denoise	["layer","denoise_step","model_token","feature_dim"]	[7,4,49,1536]	[0,2,4,8,10,12,15]	n15_grid_v6_scene_jitter	grid_coord	meta	meta_json	375e3c46c962/worker2/PPCC/marshmallow/s2/j3/n1/base
375e3c46c962	worker2	PPCC/marshmallow	2	3	2	base	activation	5b9cd6d60cefef11	5b9cd6d60cefef11933e3f018b6979bbd05ac26562b9b5e7330d17f4c5ef1744	lerobot_groot_n15	n15	lerobot_groot_n15__robocasa365_ckpt120000		0	Pick the marshmallow from the counter and place it in the cabinet.	robocasa_panda_omron/PickPlaceCounterToCabinet_PandaOmron_Env	100186	1300002	0	1			5		1	3	0.0	0.0	5	5		Pick the marshmallow from the counter and place it in the cabinet.	0	all_token_full	groot_n15_dit_block_residual_full_tokens_denoise	["layer","denoise_step","model_token","feature_dim"]	[7,4,49,1536]	[0,2,4,8,10,12,15]	n15_grid_v6_scene_jitter	grid_coord	meta	meta_json	375e3c46c962/worker2/PPCC/marshmallow/s2/j3/n2/base
375e3c46c962	worker2	PPCC/marshmallow	2	3	3	base	activation	0a62157651e80151	0a62157651e80151ec8a4b99e9e1c32c2b07f604000401dccb4925a0461450a6	lerobot_groot_n15	n15	lerobot_groot_n15__robocasa365_ckpt120000		0	Pick the marshmallow from the counter and place it in the cabinet.	robocasa_panda_omron/PickPlaceCounterToCabinet_PandaOmron_Env	100186	1300003	0	1			5		1	3	0.0	0.0	5	5		Pick the marshmallow from the counter and place it in the cabinet.	0	all_token_full	groot_n15_dit_block_residual_full_tokens_denoise	["layer","denoise_step","model_token","feature_dim"]	[7,4,49,1536]	[0,2,4,8,10,12,15]	n15_grid_v6_scene_jitter	grid_coord	meta	meta_json	375e3c46c962/worker2/PPCC/marshmallow/s2/j3/n3/base
375e3c46c962	worker2	PPCC/marshmallow	2	3	4	base	activation	642faf094545bc11	642faf094545bc11e4b22df6ca98ac2519d4e253e7b4c12cc8f21cf4b664d825	lerobot_groot_n15	n15	lerobot_groot_n15__robocasa365_ckpt120000		0	Pick the marshmallow from the counter and place it in the cabinet.	robocasa_panda_omron/PickPlaceCounterToCabinet_PandaOmron_Env	100186	1300004	0	1			5		1	3	0.0	0.0	5	5		Pick the marshmallow from the counter and place it in the cabinet.	0	all_token_full	groot_n15_dit_block_residual_full_tokens_denoise	["layer","denoise_step","model_token","feature_dim"]	[7,4,49,1536]	[0,2,4,8,10,12,15]	n15_grid_v6_scene_jitter	grid_coord	meta	meta_json	375e3c46c962/worker2/PPCC/marshmallow/s2/j3/n4/base
375e3c46c962	worker2	PPCC/marshmallow	2	4	0	base	activation	a00daf5138a69263	a00daf5138a692631bfe677d11ae7ffb0a4f49b5d4b0c6ff5238e42198bc56d2	lerobot_groot_n15	n15	lerobot_groot_n15__robocasa365_ckpt120000		0	Pick the marshmallow from the counter and place it in the cabinet.	robocasa_panda_omron/PickPlaceCounterToCabinet_PandaOmron_Env	100186	1300000	0	1			5		1	4	0.0	0.0	5	5		Pick the marshmallow from the counter and place it in the cabinet.	0	all_token_full	groot_n15_dit_block_residual_full_tokens_denoise	["layer","denoise_step","model_token","feature_dim"]	[7,4,49,1536]	[0,2,4,8,10,12,15]	n15_grid_v6_scene_jitter	grid_coord	meta	meta_json	375e3c46c962/worker2/PPCC/marshmallow/s2/j4/n0/base
375e3c46c962	worker2	PPCC/marshmallow	2	4	1	base	activation	69bd2fd62ab7f560	69bd2fd62ab7f560291a61444888eab0e384739eecfa01d17b04219e17d41b33	lerobot_groot_n15	n15	lerobot_groot_n15__robocasa365_ckpt120000		0	Pick the marshmallow from the counter and place it in the cabinet.	robocasa_panda_omron/PickPlaceCounterToCabinet_PandaOmron_Env	100186	1300001	0	1			5		1	4	0.0	0.0	5	5		Pick the marshmallow from the counter and place it in the cabinet.	0	all_token_full	groot_n15_dit_block_residual_full_tokens_denoise	["layer","denoise_step","model_token","feature_dim"]	[7,4,49,1536]	[0,2,4,8,10,12,15]	n15_grid_v6_scene_jitter	grid_coord	meta	meta_json	375e3c46c962/worker2/PPCC/marshmallow/s2/j4/n1/base
375e3c46c962	worker2	PPCC/marshmallow	2	4	2	base	activation	a4620c4dc8b2b56d	a4620c4dc8b2b56d9fcb729b825897518ca065847b3e0e62b052da2c8acc8cc1	lerobot_groot_n15	n15	lerobot_groot_n15__robocasa365_ckpt120000		0	Pick the marshmallow from the counter and place it in the cabinet.	robocasa_panda_omron/PickPlaceCounterToCabinet_PandaOmron_Env	100186	1300002	0	1			5		1	4	0.0	0.0	5	5		Pick the marshmallow from the counter and place it in the cabinet.	0	all_token_full	groot_n15_dit_block_residual_full_tokens_denoise	["layer","denoise_step","model_token","feature_dim"]	[7,4,49,1536]	[0,2,4,8,10,12,15]	n15_grid_v6_scene_jitter	grid_coord	meta	meta_json	375e3c46c962/worker2/PPCC/marshmallow/s2/j4/n2/base
375e3c46c962	worker2	PPCC/marshmallow	2	4	3	base	activation	896eb90f594af436	896eb90f594af43652e5b2c170f70473330c135bd2b7c997aecb179a12a26368	lerobot_groot_n15	n15	lerobot_groot_n15__robocasa365_ckpt120000		0	Pick the marshmallow from the counter and place it in the cabinet.	robocasa_panda_omron/PickPlaceCounterToCabinet_PandaOmron_Env	100186	1300003	0	1			5		1	4	0.0	0.0	5	5		Pick the marshmallow from the counter and place it in the cabinet.	0	all_token_full	groot_n15_dit_block_residual_full_tokens_denoise	["layer","denoise_step","model_token","feature_dim"]	[7,4,49,1536]	[0,2,4,8,10,12,15]	n15_grid_v6_scene_jitter	grid_coord	meta	meta_json	375e3c46c962/worker2/PPCC/marshmallow/s2/j4/n3/base
375e3c46c962	worker2	PPCC/marshmallow	2	4	4	base	activation	2964e174ba1a8842	2964e174ba1a88429382175b57fcee3b816b554f345ed028ff49d3264a063be7	lerobot_groot_n15	n15	lerobot_groot_n15__robocasa365_ckpt120000		0	Pick the marshmallow from the counter and place it in the cabinet.	robocasa_panda_omron/PickPlaceCounterToCabinet_PandaOmron_Env	100186	1300004	0	1			5		1	4	0.0	0.0	5	5		Pick the marshmallow from the counter and place it in the cabinet.	0	all_token_full	groot_n15_dit_block_residual_full_tokens_denoise	["layer","denoise_step","model_token","feature_dim"]	[7,4,49,1536]	[0,2,4,8,10,12,15]	n15_grid_v6_scene_jitter	grid_coord	meta	meta_json	375e3c46c962/worker2/PPCC/marshmallow/s2/j4/n4/base
