plan_id	machine	grid_instruction	scene_idx	jitter_idx	noise_idx	armsig	kind	sig	pkl_sha256	model	version	ckpt	task	task_id	instruction	env_name	env_seed	inference_seed	episode_idx	success	steps	n_inferences	n_action_steps	chunk_len	has_pkl	jitter_reset_idx	base_lat	base_back	layout_id	style_id	side	lang	legacy	capture_token_mode	feature_kind	feature_axes	record_shape	capture_layers	plan_name	machine_source	ckpt_source	meta_source	rel_path	artifact_slug	artifact_instruction
77e745c37b0f	kanu	OpenDrawer/left	0	1	0	base	activation	33e89d31f4e6be51	33e89d31f4e6be516138501fb20698588fe09b48a5e6dc57681b31273754322c	lerobot_groot_n15	n15	lerobot_groot_n15__robocasa365_ckpt120000		0	Open the left drawer.	robocasa_panda_omron/OpenDrawer_PandaOmron_Env	100245	1300000	0	0			5		1	1	0.0	0.05	4	4		Open the left drawer.	0	all_token_full	groot_n15_dit_block_residual_full_tokens_denoise	"[""layer"",""denoise_step"",""model_token"",""feature_dim""]"	[7,4,49,1536]	[0,2,4,8,10,12,15]	n15_grid_v6_scene_jitter	grid_coord	meta	meta_json	77e745c37b0f/kanu/OpenDrawer/left/s0/j1/n0/base	OpenDrawer_left	OpenDrawer/left
77e745c37b0f	kanu	OpenDrawer/left	0	1	1	base	activation	7d1958f1803706ba	7d1958f1803706ba0f7694fde969dcb71aa8614918e9aea4968e9cde4cf54995	lerobot_groot_n15	n15	lerobot_groot_n15__robocasa365_ckpt120000		0	Open the left drawer.	robocasa_panda_omron/OpenDrawer_PandaOmron_Env	100245	1300001	0	1			5		1	1	0.0	0.05	4	4		Open the left drawer.	0	all_token_full	groot_n15_dit_block_residual_full_tokens_denoise	"[""layer"",""denoise_step"",""model_token"",""feature_dim""]"	[7,4,49,1536]	[0,2,4,8,10,12,15]	n15_grid_v6_scene_jitter	grid_coord	meta	meta_json	77e745c37b0f/kanu/OpenDrawer/left/s0/j1/n1/base	OpenDrawer_left	OpenDrawer/left
77e745c37b0f	kanu	OpenDrawer/left	0	1	2	base	activation	7a82953b0ee787ae	7a82953b0ee787aebaaf13faa71925c86f6f942ebeb3227c02ee9c39cc72b729	lerobot_groot_n15	n15	lerobot_groot_n15__robocasa365_ckpt120000		0	Open the left drawer.	robocasa_panda_omron/OpenDrawer_PandaOmron_Env	100245	1300002	0	1			5		1	1	0.0	0.05	4	4		Open the left drawer.	0	all_token_full	groot_n15_dit_block_residual_full_tokens_denoise	"[""layer"",""denoise_step"",""model_token"",""feature_dim""]"	[7,4,49,1536]	[0,2,4,8,10,12,15]	n15_grid_v6_scene_jitter	grid_coord	meta	meta_json	77e745c37b0f/kanu/OpenDrawer/left/s0/j1/n2/base	OpenDrawer_left	OpenDrawer/left
77e745c37b0f	kanu	OpenDrawer/left	0	1	3	base	activation	369a5cfb42851e90	369a5cfb42851e9016a9b03f896468c66a8e38b1414a3608d6038a5be9e48dd2	lerobot_groot_n15	n15	lerobot_groot_n15__robocasa365_ckpt120000		0	Open the left drawer.	robocasa_panda_omron/OpenDrawer_PandaOmron_Env	100245	1300003	0	1			5		1	1	0.0	0.05	4	4		Open the left drawer.	0	all_token_full	groot_n15_dit_block_residual_full_tokens_denoise	"[""layer"",""denoise_step"",""model_token"",""feature_dim""]"	[7,4,49,1536]	[0,2,4,8,10,12,15]	n15_grid_v6_scene_jitter	grid_coord	meta	meta_json	77e745c37b0f/kanu/OpenDrawer/left/s0/j1/n3/base	OpenDrawer_left	OpenDrawer/left
77e745c37b0f	kanu	OpenDrawer/left	0	1	4	base	activation	a27ab858fa099e1b	a27ab858fa099e1bc9431be8344b33c3e3fb00961207b2e346223623678260a4	lerobot_groot_n15	n15	lerobot_groot_n15__robocasa365_ckpt120000		0	Open the left drawer.	robocasa_panda_omron/OpenDrawer_PandaOmron_Env	100245	1300004	0	1			5		1	1	0.0	0.05	4	4		Open the left drawer.	0	all_token_full	groot_n15_dit_block_residual_full_tokens_denoise	"[""layer"",""denoise_step"",""model_token"",""feature_dim""]"	[7,4,49,1536]	[0,2,4,8,10,12,15]	n15_grid_v6_scene_jitter	grid_coord	meta	meta_json	77e745c37b0f/kanu/OpenDrawer/left/s0/j1/n4/base	OpenDrawer_left	OpenDrawer/left
77e745c37b0f	kanu	OpenDrawer/left	0	1	5	base	activation	ab82408ef0721d83	ab82408ef0721d83a91c43e8db23002b54a2a3253fffd92e24242515398f19a1	lerobot_groot_n15	n15	lerobot_groot_n15__robocasa365_ckpt120000		0	Open the left drawer.	robocasa_panda_omron/OpenDrawer_PandaOmron_Env	100245	1300005	0	1			5		1	1	0.0	0.05	4	4		Open the left drawer.	0	all_token_full	groot_n15_dit_block_residual_full_tokens_denoise	"[""layer"",""denoise_step"",""model_token"",""feature_dim""]"	[7,4,49,1536]	[0,2,4,8,10,12,15]	n15_grid_v6_scene_jitter	grid_coord	meta	meta_json	77e745c37b0f/kanu/OpenDrawer/left/s0/j1/n5/base	OpenDrawer_left	OpenDrawer/left
77e745c37b0f	kanu	OpenDrawer/left	0	1	6	base	activation	479bd116def1db74	479bd116def1db74a952d576be85f951146f1b223c0e9e6414cf8405866b033a	lerobot_groot_n15	n15	lerobot_groot_n15__robocasa365_ckpt120000		0	Open the left drawer.	robocasa_panda_omron/OpenDrawer_PandaOmron_Env	100245	1300006	0	1			5		1	1	0.0	0.05	4	4		Open the left drawer.	0	all_token_full	groot_n15_dit_block_residual_full_tokens_denoise	"[""layer"",""denoise_step"",""model_token"",""feature_dim""]"	[7,4,49,1536]	[0,2,4,8,10,12,15]	n15_grid_v6_scene_jitter	grid_coord	meta	meta_json	77e745c37b0f/kanu/OpenDrawer/left/s0/j1/n6/base	OpenDrawer_left	OpenDrawer/left
77e745c37b0f	kanu	OpenDrawer/left	0	1	7	base	activation	1a446ca7736f2d41	1a446ca7736f2d41ce168dc619ad0553fb6b53f16c70117f295df06318dc1401	lerobot_groot_n15	n15	lerobot_groot_n15__robocasa365_ckpt120000		0	Open the left drawer.	robocasa_panda_omron/OpenDrawer_PandaOmron_Env	100245	1300007	0	1			5		1	1	0.0	0.05	4	4		Open the left drawer.	0	all_token_full	groot_n15_dit_block_residual_full_tokens_denoise	"[""layer"",""denoise_step"",""model_token"",""feature_dim""]"	[7,4,49,1536]	[0,2,4,8,10,12,15]	n15_grid_v6_scene_jitter	grid_coord	meta	meta_json	77e745c37b0f/kanu/OpenDrawer/left/s0/j1/n7/base	OpenDrawer_left	OpenDrawer/left
77e745c37b0f	kanu	OpenDrawer/left	0	1	8	base	activation	d62624445906b198	d62624445906b198e90ef61bf835c89485a2428e81052ca563d9bf9a8540a6f2	lerobot_groot_n15	n15	lerobot_groot_n15__robocasa365_ckpt120000		0	Open the left drawer.	robocasa_panda_omron/OpenDrawer_PandaOmron_Env	100245	1300008	0	1			5		1	1	0.0	0.05	4	4		Open the left drawer.	0	all_token_full	groot_n15_dit_block_residual_full_tokens_denoise	"[""layer"",""denoise_step"",""model_token"",""feature_dim""]"	[7,4,49,1536]	[0,2,4,8,10,12,15]	n15_grid_v6_scene_jitter	grid_coord	meta	meta_json	77e745c37b0f/kanu/OpenDrawer/left/s0/j1/n8/base	OpenDrawer_left	OpenDrawer/left
77e745c37b0f	kanu	OpenDrawer/left	0	1	9	base	activation	bf5bd8b4d8c2f7ac	bf5bd8b4d8c2f7ac92c4500e030fc74f0618724a0677ee95bee15e29ad31edf1	lerobot_groot_n15	n15	lerobot_groot_n15__robocasa365_ckpt120000		0	Open the left drawer.	robocasa_panda_omron/OpenDrawer_PandaOmron_Env	100245	1300009	0	1			5		1	1	0.0	0.05	4	4		Open the left drawer.	0	all_token_full	groot_n15_dit_block_residual_full_tokens_denoise	"[""layer"",""denoise_step"",""model_token"",""feature_dim""]"	[7,4,49,1536]	[0,2,4,8,10,12,15]	n15_grid_v6_scene_jitter	grid_coord	meta	meta_json	77e745c37b0f/kanu/OpenDrawer/left/s0/j1/n9/base	OpenDrawer_left	OpenDrawer/left
77e745c37b0f	kanu	OpenDrawer/left	1	3	0	base	activation	759d1a90218011a9	759d1a90218011a95f029c919347e7a875eb7bb3fa3b112eda3699b5290ce2de	lerobot_groot_n15	n15	lerobot_groot_n15__robocasa365_ckpt120000		0	Open the left drawer.	robocasa_panda_omron/OpenDrawer_PandaOmron_Env	100410	1300000	0	0			5		1	8	0.0	0.05	9	9		Open the left drawer.	0	all_token_full	groot_n15_dit_block_residual_full_tokens_denoise	"[""layer"",""denoise_step"",""model_token"",""feature_dim""]"	[7,4,49,1536]	[0,2,4,8,10,12,15]	n15_grid_v6_scene_jitter	grid_coord	meta	meta_json	77e745c37b0f/kanu/OpenDrawer/left/s1/j3/n0/base	OpenDrawer_left	OpenDrawer/left
77e745c37b0f	kanu	OpenDrawer/left	1	3	1	base	activation	f21efdd4e5a83797	f21efdd4e5a8379752c274d3f293a709940ca0a2a1cc155eefca43a39ddd6f8b	lerobot_groot_n15	n15	lerobot_groot_n15__robocasa365_ckpt120000		0	Open the left drawer.	robocasa_panda_omron/OpenDrawer_PandaOmron_Env	100410	1300001	0	0			5		1	8	0.0	0.05	9	9		Open the left drawer.	0	all_token_full	groot_n15_dit_block_residual_full_tokens_denoise	"[""layer"",""denoise_step"",""model_token"",""feature_dim""]"	[7,4,49,1536]	[0,2,4,8,10,12,15]	n15_grid_v6_scene_jitter	grid_coord	meta	meta_json	77e745c37b0f/kanu/OpenDrawer/left/s1/j3/n1/base	OpenDrawer_left	OpenDrawer/left
77e745c37b0f	kanu	OpenDrawer/left	1	3	2	base	activation	9abaabcb6102f150	9abaabcb6102f15015798981155f2d776fb463e1c05a5dfc6bdd75dcbae93298	lerobot_groot_n15	n15	lerobot_groot_n15__robocasa365_ckpt120000		0	Open the left drawer.	robocasa_panda_omron/OpenDrawer_PandaOmron_Env	100410	1300002	0	0			5		1	8	0.0	0.05	9	9		Open the left drawer.	0	all_token_full	groot_n15_dit_block_residual_full_tokens_denoise	"[""layer"",""denoise_step"",""model_token"",""feature_dim""]"	[7,4,49,1536]	[0,2,4,8,10,12,15]	n15_grid_v6_scene_jitter	grid_coord	meta	meta_json	77e745c37b0f/kanu/OpenDrawer/left/s1/j3/n2/base	OpenDrawer_left	OpenDrawer/left
77e745c37b0f	kanu	OpenDrawer/left	1	3	3	base	activation	487f03635dee7990	487f03635dee799002410ae2921acc1906ffe67c0bea585cf0eef429d3c236fc	lerobot_groot_n15	n15	lerobot_groot_n15__robocasa365_ckpt120000		0	Open the left drawer.	robocasa_panda_omron/OpenDrawer_PandaOmron_Env	100410	1300003	0	0			5		1	8	0.0	0.05	9	9		Open the left drawer.	0	all_token_full	groot_n15_dit_block_residual_full_tokens_denoise	"[""layer"",""denoise_step"",""model_token"",""feature_dim""]"	[7,4,49,1536]	[0,2,4,8,10,12,15]	n15_grid_v6_scene_jitter	grid_coord	meta	meta_json	77e745c37b0f/kanu/OpenDrawer/left/s1/j3/n3/base	OpenDrawer_left	OpenDrawer/left
77e745c37b0f	kanu	OpenDrawer/left	1	3	4	base	activation	822e278bd113adaf	822e278bd113adafcb22fa814b046f475ce7b04add56ace7e53140f934b84065	lerobot_groot_n15	n15	lerobot_groot_n15__robocasa365_ckpt120000		0	Open the left drawer.	robocasa_panda_omron/OpenDrawer_PandaOmron_Env	100410	1300004	0	0			5		1	8	0.0	0.05	9	9		Open the left drawer.	0	all_token_full	groot_n15_dit_block_residual_full_tokens_denoise	"[""layer"",""denoise_step"",""model_token"",""feature_dim""]"	[7,4,49,1536]	[0,2,4,8,10,12,15]	n15_grid_v6_scene_jitter	grid_coord	meta	meta_json	77e745c37b0f/kanu/OpenDrawer/left/s1/j3/n4/base	OpenDrawer_left	OpenDrawer/left
77e745c37b0f	kanu	OpenDrawer/left	1	3	5	base	activation	5e0a116bfc7f5ab1	5e0a116bfc7f5ab1bf9ec2f17bb1b39f1639e0ce79762a177613426ff01b0ab6	lerobot_groot_n15	n15	lerobot_groot_n15__robocasa365_ckpt120000		0	Open the left drawer.	robocasa_panda_omron/OpenDrawer_PandaOmron_Env	100410	1300005	0	1			5		1	8	0.0	0.05	9	9		Open the left drawer.	0	all_token_full	groot_n15_dit_block_residual_full_tokens_denoise	"[""layer"",""denoise_step"",""model_token"",""feature_dim""]"	[7,4,49,1536]	[0,2,4,8,10,12,15]	n15_grid_v6_scene_jitter	grid_coord	meta	meta_json	77e745c37b0f/kanu/OpenDrawer/left/s1/j3/n5/base	OpenDrawer_left	OpenDrawer/left
77e745c37b0f	kanu	OpenDrawer/left	1	3	6	base	activation	a964690b4faa1c6d	a964690b4faa1c6dfa5a16554447345dadb7c817a57c22b6aaf079f2706c903f	lerobot_groot_n15	n15	lerobot_groot_n15__robocasa365_ckpt120000		0	Open the left drawer.	robocasa_panda_omron/OpenDrawer_PandaOmron_Env	100410	1300006	0	1			5		1	8	0.0	0.05	9	9		Open the left drawer.	0	all_token_full	groot_n15_dit_block_residual_full_tokens_denoise	"[""layer"",""denoise_step"",""model_token"",""feature_dim""]"	[7,4,49,1536]	[0,2,4,8,10,12,15]	n15_grid_v6_scene_jitter	grid_coord	meta	meta_json	77e745c37b0f/kanu/OpenDrawer/left/s1/j3/n6/base	OpenDrawer_left	OpenDrawer/left
77e745c37b0f	kanu	OpenDrawer/left	1	3	7	base	activation	01f641776bbe8df2	01f641776bbe8df2133106b37a663b78bb6f79b7be087b6dda482672d583cae6	lerobot_groot_n15	n15	lerobot_groot_n15__robocasa365_ckpt120000		0	Open the left drawer.	robocasa_panda_omron/OpenDrawer_PandaOmron_Env	100410	1300007	0	1			5		1	8	0.0	0.05	9	9		Open the left drawer.	0	all_token_full	groot_n15_dit_block_residual_full_tokens_denoise	"[""layer"",""denoise_step"",""model_token"",""feature_dim""]"	[7,4,49,1536]	[0,2,4,8,10,12,15]	n15_grid_v6_scene_jitter	grid_coord	meta	meta_json	77e745c37b0f/kanu/OpenDrawer/left/s1/j3/n7/base	OpenDrawer_left	OpenDrawer/left
77e745c37b0f	kanu	OpenDrawer/left	1	3	8	base	activation	061930d48373a85d	061930d48373a85d70321681f5fe91d646cf62e0238b7d23662f19a0639fac53	lerobot_groot_n15	n15	lerobot_groot_n15__robocasa365_ckpt120000		0	Open the left drawer.	robocasa_panda_omron/OpenDrawer_PandaOmron_Env	100410	1300008	0	1			5		1	8	0.0	0.05	9	9		Open the left drawer.	0	all_token_full	groot_n15_dit_block_residual_full_tokens_denoise	"[""layer"",""denoise_step"",""model_token"",""feature_dim""]"	[7,4,49,1536]	[0,2,4,8,10,12,15]	n15_grid_v6_scene_jitter	grid_coord	meta	meta_json	77e745c37b0f/kanu/OpenDrawer/left/s1/j3/n8/base	OpenDrawer_left	OpenDrawer/left
77e745c37b0f	kanu	OpenDrawer/left	1	3	9	base	activation	86f61eda255ef800	86f61eda255ef800f39acbef2d11f89fe9e46e3311bd01288b967f7ee3525600	lerobot_groot_n15	n15	lerobot_groot_n15__robocasa365_ckpt120000		0	Open the left drawer.	robocasa_panda_omron/OpenDrawer_PandaOmron_Env	100410	1300009	0	0			5		1	8	0.0	0.05	9	9		Open the left drawer.	0	all_token_full	groot_n15_dit_block_residual_full_tokens_denoise	"[""layer"",""denoise_step"",""model_token"",""feature_dim""]"	[7,4,49,1536]	[0,2,4,8,10,12,15]	n15_grid_v6_scene_jitter	grid_coord	meta	meta_json	77e745c37b0f/kanu/OpenDrawer/left/s1/j3/n9/base	OpenDrawer_left	OpenDrawer/left
77e745c37b0f	kanu	OpenDrawer/left	2	4	0	base	activation	afc4a5b1197e0cac	afc4a5b1197e0cacb1364908ff2b6da3850baff18768e1e92852b9040fd5140c	lerobot_groot_n15	n15	lerobot_groot_n15__robocasa365_ckpt120000		0	Open the left drawer.	robocasa_panda_omron/OpenDrawer_PandaOmron_Env	100005	1300000	0	1			5		1	14	0.0	0.1	5	5		Open the left drawer.	0	all_token_full	groot_n15_dit_block_residual_full_tokens_denoise	"[""layer"",""denoise_step"",""model_token"",""feature_dim""]"	[7,4,49,1536]	[0,2,4,8,10,12,15]	n15_grid_v6_scene_jitter	grid_coord	meta	meta_json	77e745c37b0f/kanu/OpenDrawer/left/s2/j4/n0/base	OpenDrawer_left	OpenDrawer/left
77e745c37b0f	kanu	OpenDrawer/left	2	4	1	base	activation	e2391d8a91c9af10	e2391d8a91c9af1033667c65e780025d579af1a902dfe51f9fd29dc5b4f2ca61	lerobot_groot_n15	n15	lerobot_groot_n15__robocasa365_ckpt120000		0	Open the left drawer.	robocasa_panda_omron/OpenDrawer_PandaOmron_Env	100005	1300001	0	1			5		1	14	0.0	0.1	5	5		Open the left drawer.	0	all_token_full	groot_n15_dit_block_residual_full_tokens_denoise	"[""layer"",""denoise_step"",""model_token"",""feature_dim""]"	[7,4,49,1536]	[0,2,4,8,10,12,15]	n15_grid_v6_scene_jitter	grid_coord	meta	meta_json	77e745c37b0f/kanu/OpenDrawer/left/s2/j4/n1/base	OpenDrawer_left	OpenDrawer/left
77e745c37b0f	kanu	OpenDrawer/left	2	4	2	base	activation	08c9b98b3032384b	08c9b98b3032384b53c48a830c2333969460dfd3374af867f40eb8a90563542c	lerobot_groot_n15	n15	lerobot_groot_n15__robocasa365_ckpt120000		0	Open the left drawer.	robocasa_panda_omron/OpenDrawer_PandaOmron_Env	100005	1300002	0	1			5		1	14	0.0	0.1	5	5		Open the left drawer.	0	all_token_full	groot_n15_dit_block_residual_full_tokens_denoise	"[""layer"",""denoise_step"",""model_token"",""feature_dim""]"	[7,4,49,1536]	[0,2,4,8,10,12,15]	n15_grid_v6_scene_jitter	grid_coord	meta	meta_json	77e745c37b0f/kanu/OpenDrawer/left/s2/j4/n2/base	OpenDrawer_left	OpenDrawer/left
77e745c37b0f	kanu	OpenDrawer/left	2	4	3	base	activation	a467b6fa3c05f69b	a467b6fa3c05f69b2861c315af3f5f987afed4ed2f8161e95e19e81c4a6151d3	lerobot_groot_n15	n15	lerobot_groot_n15__robocasa365_ckpt120000		0	Open the left drawer.	robocasa_panda_omron/OpenDrawer_PandaOmron_Env	100005	1300003	0	1			5		1	14	0.0	0.1	5	5		Open the left drawer.	0	all_token_full	groot_n15_dit_block_residual_full_tokens_denoise	"[""layer"",""denoise_step"",""model_token"",""feature_dim""]"	[7,4,49,1536]	[0,2,4,8,10,12,15]	n15_grid_v6_scene_jitter	grid_coord	meta	meta_json	77e745c37b0f/kanu/OpenDrawer/left/s2/j4/n3/base	OpenDrawer_left	OpenDrawer/left
77e745c37b0f	kanu	OpenDrawer/left	2	4	4	base	activation	1370c16b614bc6d5	1370c16b614bc6d5e8aa243f44f50dbf96c88d9001a23742047ef5649e2a7a59	lerobot_groot_n15	n15	lerobot_groot_n15__robocasa365_ckpt120000		0	Open the left drawer.	robocasa_panda_omron/OpenDrawer_PandaOmron_Env	100005	1300004	0	1			5		1	14	0.0	0.1	5	5		Open the left drawer.	0	all_token_full	groot_n15_dit_block_residual_full_tokens_denoise	"[""layer"",""denoise_step"",""model_token"",""feature_dim""]"	[7,4,49,1536]	[0,2,4,8,10,12,15]	n15_grid_v6_scene_jitter	grid_coord	meta	meta_json	77e745c37b0f/kanu/OpenDrawer/left/s2/j4/n4/base	OpenDrawer_left	OpenDrawer/left
77e745c37b0f	kanu	OpenDrawer/left	2	4	5	base	activation	9d82f2b88a41570e	9d82f2b88a41570ead2308fc3892645833f4abfef4682b7eecede3d4f6cc7ef8	lerobot_groot_n15	n15	lerobot_groot_n15__robocasa365_ckpt120000		0	Open the left drawer.	robocasa_panda_omron/OpenDrawer_PandaOmron_Env	100005	1300005	0	1			5		1	14	0.0	0.1	5	5		Open the left drawer.	0	all_token_full	groot_n15_dit_block_residual_full_tokens_denoise	"[""layer"",""denoise_step"",""model_token"",""feature_dim""]"	[7,4,49,1536]	[0,2,4,8,10,12,15]	n15_grid_v6_scene_jitter	grid_coord	meta	meta_json	77e745c37b0f/kanu/OpenDrawer/left/s2/j4/n5/base	OpenDrawer_left	OpenDrawer/left
77e745c37b0f	kanu	OpenDrawer/left	2	4	6	base	activation	2b7688f27440ae4d	2b7688f27440ae4db7630e78343f00d9d79d5753a1d6ed1db716d8cd612e13b0	lerobot_groot_n15	n15	lerobot_groot_n15__robocasa365_ckpt120000		0	Open the left drawer.	robocasa_panda_omron/OpenDrawer_PandaOmron_Env	100005	1300006	0	1			5		1	14	0.0	0.1	5	5		Open the left drawer.	0	all_token_full	groot_n15_dit_block_residual_full_tokens_denoise	"[""layer"",""denoise_step"",""model_token"",""feature_dim""]"	[7,4,49,1536]	[0,2,4,8,10,12,15]	n15_grid_v6_scene_jitter	grid_coord	meta	meta_json	77e745c37b0f/kanu/OpenDrawer/left/s2/j4/n6/base	OpenDrawer_left	OpenDrawer/left
77e745c37b0f	kanu	OpenDrawer/left	2	4	7	base	activation	0dbf1dbf7c256e1e	0dbf1dbf7c256e1e666c60bf8f00ee3e6c3531e5ec36f4fcc1c8685e700934eb	lerobot_groot_n15	n15	lerobot_groot_n15__robocasa365_ckpt120000		0	Open the left drawer.	robocasa_panda_omron/OpenDrawer_PandaOmron_Env	100005	1300007	0	0			5		1	14	0.0	0.1	5	5		Open the left drawer.	0	all_token_full	groot_n15_dit_block_residual_full_tokens_denoise	"[""layer"",""denoise_step"",""model_token"",""feature_dim""]"	[7,4,49,1536]	[0,2,4,8,10,12,15]	n15_grid_v6_scene_jitter	grid_coord	meta	meta_json	77e745c37b0f/kanu/OpenDrawer/left/s2/j4/n7/base	OpenDrawer_left	OpenDrawer/left
77e745c37b0f	kanu	OpenDrawer/left	2	4	8	base	activation	6a4aed9d76076b25	6a4aed9d76076b253242fe5917684fc916abbc2bb09ecb29b4438a2f0e9ef676	lerobot_groot_n15	n15	lerobot_groot_n15__robocasa365_ckpt120000		0	Open the left drawer.	robocasa_panda_omron/OpenDrawer_PandaOmron_Env	100005	1300008	0	1			5		1	14	0.0	0.1	5	5		Open the left drawer.	0	all_token_full	groot_n15_dit_block_residual_full_tokens_denoise	"[""layer"",""denoise_step"",""model_token"",""feature_dim""]"	[7,4,49,1536]	[0,2,4,8,10,12,15]	n15_grid_v6_scene_jitter	grid_coord	meta	meta_json	77e745c37b0f/kanu/OpenDrawer/left/s2/j4/n8/base	OpenDrawer_left	OpenDrawer/left
77e745c37b0f	kanu	OpenDrawer/left	2	4	9	base	activation	8b40131a7c0daa06	8b40131a7c0daa06063296eb3bf15c90668625a8ef763e554b99998436138e80	lerobot_groot_n15	n15	lerobot_groot_n15__robocasa365_ckpt120000		0	Open the left drawer.	robocasa_panda_omron/OpenDrawer_PandaOmron_Env	100005	1300009	0	0			5		1	14	0.0	0.1	5	5		Open the left drawer.	0	all_token_full	groot_n15_dit_block_residual_full_tokens_denoise	"[""layer"",""denoise_step"",""model_token"",""feature_dim""]"	[7,4,49,1536]	[0,2,4,8,10,12,15]	n15_grid_v6_scene_jitter	grid_coord	meta	meta_json	77e745c37b0f/kanu/OpenDrawer/left/s2/j4/n9/base	OpenDrawer_left	OpenDrawer/left
77e745c37b0f	kanu	OpenDrawer/right	0	4	0	base	activation	c4c7c37d5c7dea92	c4c7c37d5c7dea9268da7a54135c217cb759dae2b49b837e85e83993e934c9a8	lerobot_groot_n15	n15	lerobot_groot_n15__robocasa365_ckpt120000		0	Open the right drawer.	robocasa_panda_omron/OpenDrawer_PandaOmron_Env	100311	1300000	0	1			5		1	10	0.0	0.1	4	4		Open the right drawer.	0	all_token_full	groot_n15_dit_block_residual_full_tokens_denoise	"[""layer"",""denoise_step"",""model_token"",""feature_dim""]"	[7,4,49,1536]	[0,2,4,8,10,12,15]	n15_grid_v6_scene_jitter	grid_coord	meta	meta_json	77e745c37b0f/kanu/OpenDrawer/right/s0/j4/n0/base	OpenDrawer_right	OpenDrawer/right
77e745c37b0f	kanu	OpenDrawer/right	0	4	1	base	activation	205a000f62f53a35	205a000f62f53a35e2decfc302e67e170b1679fcaef3f9c31211774b06a4a85d	lerobot_groot_n15	n15	lerobot_groot_n15__robocasa365_ckpt120000		0	Open the right drawer.	robocasa_panda_omron/OpenDrawer_PandaOmron_Env	100311	1300001	0	1			5		1	10	0.0	0.1	4	4		Open the right drawer.	0	all_token_full	groot_n15_dit_block_residual_full_tokens_denoise	"[""layer"",""denoise_step"",""model_token"",""feature_dim""]"	[7,4,49,1536]	[0,2,4,8,10,12,15]	n15_grid_v6_scene_jitter	grid_coord	meta	meta_json	77e745c37b0f/kanu/OpenDrawer/right/s0/j4/n1/base	OpenDrawer_right	OpenDrawer/right
77e745c37b0f	kanu	OpenDrawer/right	0	4	2	base	activation	34bb8e575401f564	34bb8e575401f564565bb0c408bb05fed58569bb2946af5b1e90aff108a7608e	lerobot_groot_n15	n15	lerobot_groot_n15__robocasa365_ckpt120000		0	Open the right drawer.	robocasa_panda_omron/OpenDrawer_PandaOmron_Env	100311	1300002	0	1			5		1	10	0.0	0.1	4	4		Open the right drawer.	0	all_token_full	groot_n15_dit_block_residual_full_tokens_denoise	"[""layer"",""denoise_step"",""model_token"",""feature_dim""]"	[7,4,49,1536]	[0,2,4,8,10,12,15]	n15_grid_v6_scene_jitter	grid_coord	meta	meta_json	77e745c37b0f/kanu/OpenDrawer/right/s0/j4/n2/base	OpenDrawer_right	OpenDrawer/right
77e745c37b0f	kanu	OpenDrawer/right	0	4	3	base	activation	c13974ffdd2ef5c0	c13974ffdd2ef5c09a6f93cbf987a33273ce97baea5c048b1320764856d73cca	lerobot_groot_n15	n15	lerobot_groot_n15__robocasa365_ckpt120000		0	Open the right drawer.	robocasa_panda_omron/OpenDrawer_PandaOmron_Env	100311	1300003	0	1			5		1	10	0.0	0.1	4	4		Open the right drawer.	0	all_token_full	groot_n15_dit_block_residual_full_tokens_denoise	"[""layer"",""denoise_step"",""model_token"",""feature_dim""]"	[7,4,49,1536]	[0,2,4,8,10,12,15]	n15_grid_v6_scene_jitter	grid_coord	meta	meta_json	77e745c37b0f/kanu/OpenDrawer/right/s0/j4/n3/base	OpenDrawer_right	OpenDrawer/right
77e745c37b0f	kanu	OpenDrawer/right	0	4	4	base	activation	560403dbf2a45d98	560403dbf2a45d98cf10d0d33fe996ff7cda5bcdec7bfe26c2b967468a5e9ad8	lerobot_groot_n15	n15	lerobot_groot_n15__robocasa365_ckpt120000		0	Open the right drawer.	robocasa_panda_omron/OpenDrawer_PandaOmron_Env	100311	1300004	0	1			5		1	10	0.0	0.1	4	4		Open the right drawer.	0	all_token_full	groot_n15_dit_block_residual_full_tokens_denoise	"[""layer"",""denoise_step"",""model_token"",""feature_dim""]"	[7,4,49,1536]	[0,2,4,8,10,12,15]	n15_grid_v6_scene_jitter	grid_coord	meta	meta_json	77e745c37b0f/kanu/OpenDrawer/right/s0/j4/n4/base	OpenDrawer_right	OpenDrawer/right
77e745c37b0f	kanu	OpenDrawer/right	0	4	5	base	activation	7bc14ebdd8be0737	7bc14ebdd8be0737c2835829a3467d0f8fa2ce2fef8695c75a73891cd74fb44f	lerobot_groot_n15	n15	lerobot_groot_n15__robocasa365_ckpt120000		0	Open the right drawer.	robocasa_panda_omron/OpenDrawer_PandaOmron_Env	100311	1300005	0	1			5		1	10	0.0	0.1	4	4		Open the right drawer.	0	all_token_full	groot_n15_dit_block_residual_full_tokens_denoise	"[""layer"",""denoise_step"",""model_token"",""feature_dim""]"	[7,4,49,1536]	[0,2,4,8,10,12,15]	n15_grid_v6_scene_jitter	grid_coord	meta	meta_json	77e745c37b0f/kanu/OpenDrawer/right/s0/j4/n5/base	OpenDrawer_right	OpenDrawer/right
77e745c37b0f	kanu	OpenDrawer/right	0	4	6	base	activation	4dac2135f74c70c4	4dac2135f74c70c4f46ad9436d66ec7e8ed2ea6c29638e3a8748b89928839da9	lerobot_groot_n15	n15	lerobot_groot_n15__robocasa365_ckpt120000		0	Open the right drawer.	robocasa_panda_omron/OpenDrawer_PandaOmron_Env	100311	1300006	0	1			5		1	10	0.0	0.1	4	4		Open the right drawer.	0	all_token_full	groot_n15_dit_block_residual_full_tokens_denoise	"[""layer"",""denoise_step"",""model_token"",""feature_dim""]"	[7,4,49,1536]	[0,2,4,8,10,12,15]	n15_grid_v6_scene_jitter	grid_coord	meta	meta_json	77e745c37b0f/kanu/OpenDrawer/right/s0/j4/n6/base	OpenDrawer_right	OpenDrawer/right
77e745c37b0f	kanu	OpenDrawer/right	0	4	7	base	activation	618a23f4993979da	618a23f4993979dae3cdf0b6a622ae33cbbf3c05a105b2204d5d6216fed1e9cd	lerobot_groot_n15	n15	lerobot_groot_n15__robocasa365_ckpt120000		0	Open the right drawer.	robocasa_panda_omron/OpenDrawer_PandaOmron_Env	100311	1300007	0	1			5		1	10	0.0	0.1	4	4		Open the right drawer.	0	all_token_full	groot_n15_dit_block_residual_full_tokens_denoise	"[""layer"",""denoise_step"",""model_token"",""feature_dim""]"	[7,4,49,1536]	[0,2,4,8,10,12,15]	n15_grid_v6_scene_jitter	grid_coord	meta	meta_json	77e745c37b0f/kanu/OpenDrawer/right/s0/j4/n7/base	OpenDrawer_right	OpenDrawer/right
77e745c37b0f	kanu	OpenDrawer/right	0	4	8	base	activation	8c428295e3a461dc	8c428295e3a461dcd49df2ab5a279a7d0f99082f50ee8fe57d1855892ab2c596	lerobot_groot_n15	n15	lerobot_groot_n15__robocasa365_ckpt120000		0	Open the right drawer.	robocasa_panda_omron/OpenDrawer_PandaOmron_Env	100311	1300008	0	1			5		1	10	0.0	0.1	4	4		Open the right drawer.	0	all_token_full	groot_n15_dit_block_residual_full_tokens_denoise	"[""layer"",""denoise_step"",""model_token"",""feature_dim""]"	[7,4,49,1536]	[0,2,4,8,10,12,15]	n15_grid_v6_scene_jitter	grid_coord	meta	meta_json	77e745c37b0f/kanu/OpenDrawer/right/s0/j4/n8/base	OpenDrawer_right	OpenDrawer/right
77e745c37b0f	kanu	OpenDrawer/right	0	4	9	base	activation	8e54b9519ef22223	8e54b9519ef22223de01d62c9f7d68f55da5b2806dcbc23bf61b4a74f7430e0d	lerobot_groot_n15	n15	lerobot_groot_n15__robocasa365_ckpt120000		0	Open the right drawer.	robocasa_panda_omron/OpenDrawer_PandaOmron_Env	100311	1300009	0	0			5		1	10	0.0	0.1	4	4		Open the right drawer.	0	all_token_full	groot_n15_dit_block_residual_full_tokens_denoise	"[""layer"",""denoise_step"",""model_token"",""feature_dim""]"	[7,4,49,1536]	[0,2,4,8,10,12,15]	n15_grid_v6_scene_jitter	grid_coord	meta	meta_json	77e745c37b0f/kanu/OpenDrawer/right/s0/j4/n9/base	OpenDrawer_right	OpenDrawer/right
77e745c37b0f	kanu	OpenDrawer/right	1	4	0	base	activation	a7cf1b1e1ac021c7	a7cf1b1e1ac021c71095ce5e77022f1e51dca36fb771710aaf41a58221c0b391	lerobot_groot_n15	n15	lerobot_groot_n15__robocasa365_ckpt120000		0	Open the right drawer.	robocasa_panda_omron/OpenDrawer_PandaOmron_Env	100149	1300000	0	0			5		1	11	0.0	0.1	9	9		Open the right drawer.	0	all_token_full	groot_n15_dit_block_residual_full_tokens_denoise	"[""layer"",""denoise_step"",""model_token"",""feature_dim""]"	[7,4,49,1536]	[0,2,4,8,10,12,15]	n15_grid_v6_scene_jitter	grid_coord	meta	meta_json	77e745c37b0f/kanu/OpenDrawer/right/s1/j4/n0/base	OpenDrawer_right	OpenDrawer/right
77e745c37b0f	kanu	OpenDrawer/right	1	4	1	base	activation	c2c462132830f14e	c2c462132830f14e0db5086e5497e7d369ce2b691fa57a8c8d2c1a4d02741743	lerobot_groot_n15	n15	lerobot_groot_n15__robocasa365_ckpt120000		0	Open the right drawer.	robocasa_panda_omron/OpenDrawer_PandaOmron_Env	100149	1300001	0	0			5		1	11	0.0	0.1	9	9		Open the right drawer.	0	all_token_full	groot_n15_dit_block_residual_full_tokens_denoise	"[""layer"",""denoise_step"",""model_token"",""feature_dim""]"	[7,4,49,1536]	[0,2,4,8,10,12,15]	n15_grid_v6_scene_jitter	grid_coord	meta	meta_json	77e745c37b0f/kanu/OpenDrawer/right/s1/j4/n1/base	OpenDrawer_right	OpenDrawer/right
77e745c37b0f	kanu	OpenDrawer/right	1	4	2	base	activation	9ff44f908163823f	9ff44f908163823fe7ad19a4a887314fdfa15dd361c7cbbb399563951d7278e7	lerobot_groot_n15	n15	lerobot_groot_n15__robocasa365_ckpt120000		0	Open the right drawer.	robocasa_panda_omron/OpenDrawer_PandaOmron_Env	100149	1300002	0	1			5		1	11	0.0	0.1	9	9		Open the right drawer.	0	all_token_full	groot_n15_dit_block_residual_full_tokens_denoise	"[""layer"",""denoise_step"",""model_token"",""feature_dim""]"	[7,4,49,1536]	[0,2,4,8,10,12,15]	n15_grid_v6_scene_jitter	grid_coord	meta	meta_json	77e745c37b0f/kanu/OpenDrawer/right/s1/j4/n2/base	OpenDrawer_right	OpenDrawer/right
77e745c37b0f	kanu	OpenDrawer/right	1	4	3	base	activation	048601b9b84c69a0	048601b9b84c69a0325309e22d110a6d90145ac41c68beef6f7b4a9d5fae6a32	lerobot_groot_n15	n15	lerobot_groot_n15__robocasa365_ckpt120000		0	Open the right drawer.	robocasa_panda_omron/OpenDrawer_PandaOmron_Env	100149	1300003	0	0			5		1	11	0.0	0.1	9	9		Open the right drawer.	0	all_token_full	groot_n15_dit_block_residual_full_tokens_denoise	"[""layer"",""denoise_step"",""model_token"",""feature_dim""]"	[7,4,49,1536]	[0,2,4,8,10,12,15]	n15_grid_v6_scene_jitter	grid_coord	meta	meta_json	77e745c37b0f/kanu/OpenDrawer/right/s1/j4/n3/base	OpenDrawer_right	OpenDrawer/right
77e745c37b0f	kanu	OpenDrawer/right	1	4	4	base	activation	78a4b4560f228d14	78a4b4560f228d14616a1c33478226513f50c2a6468227401c18777baf6db0c9	lerobot_groot_n15	n15	lerobot_groot_n15__robocasa365_ckpt120000		0	Open the right drawer.	robocasa_panda_omron/OpenDrawer_PandaOmron_Env	100149	1300004	0	1			5		1	11	0.0	0.1	9	9		Open the right drawer.	0	all_token_full	groot_n15_dit_block_residual_full_tokens_denoise	"[""layer"",""denoise_step"",""model_token"",""feature_dim""]"	[7,4,49,1536]	[0,2,4,8,10,12,15]	n15_grid_v6_scene_jitter	grid_coord	meta	meta_json	77e745c37b0f/kanu/OpenDrawer/right/s1/j4/n4/base	OpenDrawer_right	OpenDrawer/right
77e745c37b0f	kanu	OpenDrawer/right	1	4	5	base	activation	9a3084f17bd9750f	9a3084f17bd9750fdf33c1f4cd5874e98c5982441a9b1cd66df52455c26db052	lerobot_groot_n15	n15	lerobot_groot_n15__robocasa365_ckpt120000		0	Open the right drawer.	robocasa_panda_omron/OpenDrawer_PandaOmron_Env	100149	1300005	0	0			5		1	11	0.0	0.1	9	9		Open the right drawer.	0	all_token_full	groot_n15_dit_block_residual_full_tokens_denoise	"[""layer"",""denoise_step"",""model_token"",""feature_dim""]"	[7,4,49,1536]	[0,2,4,8,10,12,15]	n15_grid_v6_scene_jitter	grid_coord	meta	meta_json	77e745c37b0f/kanu/OpenDrawer/right/s1/j4/n5/base	OpenDrawer_right	OpenDrawer/right
77e745c37b0f	kanu	OpenDrawer/right	1	4	6	base	activation	6967dbd13ce0df7f	6967dbd13ce0df7fa600483153d4cda10fa2062b62f591f92fc0d7f8b57097b1	lerobot_groot_n15	n15	lerobot_groot_n15__robocasa365_ckpt120000		0	Open the right drawer.	robocasa_panda_omron/OpenDrawer_PandaOmron_Env	100149	1300006	0	0			5		1	11	0.0	0.1	9	9		Open the right drawer.	0	all_token_full	groot_n15_dit_block_residual_full_tokens_denoise	"[""layer"",""denoise_step"",""model_token"",""feature_dim""]"	[7,4,49,1536]	[0,2,4,8,10,12,15]	n15_grid_v6_scene_jitter	grid_coord	meta	meta_json	77e745c37b0f/kanu/OpenDrawer/right/s1/j4/n6/base	OpenDrawer_right	OpenDrawer/right
77e745c37b0f	kanu	OpenDrawer/right	1	4	7	base	activation	a42f1062977ca322	a42f1062977ca32276475ced1fdbcf0a0d02b5cecf3423693d1a653953d33df0	lerobot_groot_n15	n15	lerobot_groot_n15__robocasa365_ckpt120000		0	Open the right drawer.	robocasa_panda_omron/OpenDrawer_PandaOmron_Env	100149	1300007	0	0			5		1	11	0.0	0.1	9	9		Open the right drawer.	0	all_token_full	groot_n15_dit_block_residual_full_tokens_denoise	"[""layer"",""denoise_step"",""model_token"",""feature_dim""]"	[7,4,49,1536]	[0,2,4,8,10,12,15]	n15_grid_v6_scene_jitter	grid_coord	meta	meta_json	77e745c37b0f/kanu/OpenDrawer/right/s1/j4/n7/base	OpenDrawer_right	OpenDrawer/right
77e745c37b0f	kanu	OpenDrawer/right	1	4	8	base	activation	1599949253b74e2a	1599949253b74e2ab4761d296651b11ed18bb4143888a738db27c321ccebe3a6	lerobot_groot_n15	n15	lerobot_groot_n15__robocasa365_ckpt120000		0	Open the right drawer.	robocasa_panda_omron/OpenDrawer_PandaOmron_Env	100149	1300008	0	0			5		1	11	0.0	0.1	9	9		Open the right drawer.	0	all_token_full	groot_n15_dit_block_residual_full_tokens_denoise	"[""layer"",""denoise_step"",""model_token"",""feature_dim""]"	[7,4,49,1536]	[0,2,4,8,10,12,15]	n15_grid_v6_scene_jitter	grid_coord	meta	meta_json	77e745c37b0f/kanu/OpenDrawer/right/s1/j4/n8/base	OpenDrawer_right	OpenDrawer/right
77e745c37b0f	kanu	OpenDrawer/right	1	4	9	base	activation	8ece501ea54fdb1b	8ece501ea54fdb1bb12c5602da79feb7d7e19fab11ec07b3c29e021d4040b0b1	lerobot_groot_n15	n15	lerobot_groot_n15__robocasa365_ckpt120000		0	Open the right drawer.	robocasa_panda_omron/OpenDrawer_PandaOmron_Env	100149	1300009	0	0			5		1	11	0.0	0.1	9	9		Open the right drawer.	0	all_token_full	groot_n15_dit_block_residual_full_tokens_denoise	"[""layer"",""denoise_step"",""model_token"",""feature_dim""]"	[7,4,49,1536]	[0,2,4,8,10,12,15]	n15_grid_v6_scene_jitter	grid_coord	meta	meta_json	77e745c37b0f/kanu/OpenDrawer/right/s1/j4/n9/base	OpenDrawer_right	OpenDrawer/right
4fa6496cd684	kanu	PPCC/bread	4	3	0	base	activation	6a1525a376202490	6a1525a376202490a8ceb9cec3efc16b84ed641f0fb5e14ede565c983a5427e8	lerobot_groot_n15	n15	lerobot_groot_n15__robocasa365_ckpt120000		0	Pick the bread from the counter and place it in the cabinet.	robocasa_panda_omron/PickPlaceCounterToCabinet_PandaOmron_Env	101893	1300000	0	1			5		1	3	0.0	0.0	2	2		Pick the bread from the counter and place it in the cabinet.	0	all_token_full	groot_n15_dit_block_residual_full_tokens_denoise	"[""layer"",""denoise_step"",""model_token"",""feature_dim""]"	[7,4,49,1536]	[0,2,4,8,10,12,15]	n15_topup_ppcc_20260909	grid_coord	meta	meta_json	4fa6496cd684/kanu/PPCC/bread/s4/j3/n0/base	PPCC_bread	PPCC/bread
4fa6496cd684	kanu	PPCC/bread	4	3	1	base	activation	942c308ae0ad00ef	942c308ae0ad00ef0b8e6f89723f0e684de08c7dd472bbcfb32481e7cb74849b	lerobot_groot_n15	n15	lerobot_groot_n15__robocasa365_ckpt120000		0	Pick the bread from the counter and place it in the cabinet.	robocasa_panda_omron/PickPlaceCounterToCabinet_PandaOmron_Env	101893	1300001	0	1			5		1	3	0.0	0.0	2	2		Pick the bread from the counter and place it in the cabinet.	0	all_token_full	groot_n15_dit_block_residual_full_tokens_denoise	"[""layer"",""denoise_step"",""model_token"",""feature_dim""]"	[7,4,49,1536]	[0,2,4,8,10,12,15]	n15_topup_ppcc_20260909	grid_coord	meta	meta_json	4fa6496cd684/kanu/PPCC/bread/s4/j3/n1/base	PPCC_bread	PPCC/bread
4fa6496cd684	kanu	PPCC/bread	4	3	2	base	activation	a0a036d53da37277	a0a036d53da37277f5ba58454f0964127384ac9bf566c0ff8ce5222c77f06d4e	lerobot_groot_n15	n15	lerobot_groot_n15__robocasa365_ckpt120000		0	Pick the bread from the counter and place it in the cabinet.	robocasa_panda_omron/PickPlaceCounterToCabinet_PandaOmron_Env	101893	1300002	0	0			5		1	3	0.0	0.0	2	2		Pick the bread from the counter and place it in the cabinet.	0	all_token_full	groot_n15_dit_block_residual_full_tokens_denoise	"[""layer"",""denoise_step"",""model_token"",""feature_dim""]"	[7,4,49,1536]	[0,2,4,8,10,12,15]	n15_topup_ppcc_20260909	grid_coord	meta	meta_json	4fa6496cd684/kanu/PPCC/bread/s4/j3/n2/base	PPCC_bread	PPCC/bread
4fa6496cd684	kanu	PPCC/bread	4	3	3	base	activation	6263e45890862b30	6263e45890862b300fdf77c972cb998ff9f3aec7c5b9e5b3aafaeefd14fbddff	lerobot_groot_n15	n15	lerobot_groot_n15__robocasa365_ckpt120000		0	Pick the bread from the counter and place it in the cabinet.	robocasa_panda_omron/PickPlaceCounterToCabinet_PandaOmron_Env	101893	1300003	0	1			5		1	3	0.0	0.0	2	2		Pick the bread from the counter and place it in the cabinet.	0	all_token_full	groot_n15_dit_block_residual_full_tokens_denoise	"[""layer"",""denoise_step"",""model_token"",""feature_dim""]"	[7,4,49,1536]	[0,2,4,8,10,12,15]	n15_topup_ppcc_20260909	grid_coord	meta	meta_json	4fa6496cd684/kanu/PPCC/bread/s4/j3/n3/base	PPCC_bread	PPCC/bread
4fa6496cd684	kanu	PPCC/bread	4	3	4	base	activation	87ff0392db43de13	87ff0392db43de13ee6697830266dda5af2530158e96954239af82f25af35845	lerobot_groot_n15	n15	lerobot_groot_n15__robocasa365_ckpt120000		0	Pick the bread from the counter and place it in the cabinet.	robocasa_panda_omron/PickPlaceCounterToCabinet_PandaOmron_Env	101893	1300004	0	1			5		1	3	0.0	0.0	2	2		Pick the bread from the counter and place it in the cabinet.	0	all_token_full	groot_n15_dit_block_residual_full_tokens_denoise	"[""layer"",""denoise_step"",""model_token"",""feature_dim""]"	[7,4,49,1536]	[0,2,4,8,10,12,15]	n15_topup_ppcc_20260909	grid_coord	meta	meta_json	4fa6496cd684/kanu/PPCC/bread/s4/j3/n4/base	PPCC_bread	PPCC/bread
4fa6496cd684	kanu	PPCC/bread	4	3	5	base	activation	a8708ae86bde1fd3	a8708ae86bde1fd3d574cd4015e3dcb31770b5ca452af034a73b023b036cf99f	lerobot_groot_n15	n15	lerobot_groot_n15__robocasa365_ckpt120000		0	Pick the bread from the counter and place it in the cabinet.	robocasa_panda_omron/PickPlaceCounterToCabinet_PandaOmron_Env	101893	1300005	0	1			5		1	3	0.0	0.0	2	2		Pick the bread from the counter and place it in the cabinet.	0	all_token_full	groot_n15_dit_block_residual_full_tokens_denoise	"[""layer"",""denoise_step"",""model_token"",""feature_dim""]"	[7,4,49,1536]	[0,2,4,8,10,12,15]	n15_topup_ppcc_20260909	grid_coord	meta	meta_json	4fa6496cd684/kanu/PPCC/bread/s4/j3/n5/base	PPCC_bread	PPCC/bread
4fa6496cd684	kanu	PPCC/bread	4	3	6	base	activation	4811887505865ff6	4811887505865ff63deeb59d852402094e578dbcf128a0c2f1056a51a5a24879	lerobot_groot_n15	n15	lerobot_groot_n15__robocasa365_ckpt120000		0	Pick the bread from the counter and place it in the cabinet.	robocasa_panda_omron/PickPlaceCounterToCabinet_PandaOmron_Env	101893	1300006	0	1			5		1	3	0.0	0.0	2	2		Pick the bread from the counter and place it in the cabinet.	0	all_token_full	groot_n15_dit_block_residual_full_tokens_denoise	"[""layer"",""denoise_step"",""model_token"",""feature_dim""]"	[7,4,49,1536]	[0,2,4,8,10,12,15]	n15_topup_ppcc_20260909	grid_coord	meta	meta_json	4fa6496cd684/kanu/PPCC/bread/s4/j3/n6/base	PPCC_bread	PPCC/bread
4fa6496cd684	kanu	PPCC/bread	4	3	7	base	activation	bc06b1f607240fda	bc06b1f607240fda75d112c7e277bc4a278bd990c5c809b37836c74a98ab55b4	lerobot_groot_n15	n15	lerobot_groot_n15__robocasa365_ckpt120000		0	Pick the bread from the counter and place it in the cabinet.	robocasa_panda_omron/PickPlaceCounterToCabinet_PandaOmron_Env	101893	1300007	0	1			5		1	3	0.0	0.0	2	2		Pick the bread from the counter and place it in the cabinet.	0	all_token_full	groot_n15_dit_block_residual_full_tokens_denoise	"[""layer"",""denoise_step"",""model_token"",""feature_dim""]"	[7,4,49,1536]	[0,2,4,8,10,12,15]	n15_topup_ppcc_20260909	grid_coord	meta	meta_json	4fa6496cd684/kanu/PPCC/bread/s4/j3/n7/base	PPCC_bread	PPCC/bread
4fa6496cd684	kanu	PPCC/bread	4	3	8	base	activation	66b04fa5732441be	66b04fa5732441be2dd8c985b357541ff519a1b03fedd4e638f84474f085d74d	lerobot_groot_n15	n15	lerobot_groot_n15__robocasa365_ckpt120000		0	Pick the bread from the counter and place it in the cabinet.	robocasa_panda_omron/PickPlaceCounterToCabinet_PandaOmron_Env	101893	1300008	0	1			5		1	3	0.0	0.0	2	2		Pick the bread from the counter and place it in the cabinet.	0	all_token_full	groot_n15_dit_block_residual_full_tokens_denoise	"[""layer"",""denoise_step"",""model_token"",""feature_dim""]"	[7,4,49,1536]	[0,2,4,8,10,12,15]	n15_topup_ppcc_20260909	grid_coord	meta	meta_json	4fa6496cd684/kanu/PPCC/bread/s4/j3/n8/base	PPCC_bread	PPCC/bread
4fa6496cd684	kanu	PPCC/bread	4	3	9	base	activation	1116c8adb714d61f	1116c8adb714d61f70e7afa519864f0d16b0a72b65a9fd65d4a129a173e1f88f	lerobot_groot_n15	n15	lerobot_groot_n15__robocasa365_ckpt120000		0	Pick the bread from the counter and place it in the cabinet.	robocasa_panda_omron/PickPlaceCounterToCabinet_PandaOmron_Env	101893	1300009	0	0			5		1	3	0.0	0.0	2	2		Pick the bread from the counter and place it in the cabinet.	0	all_token_full	groot_n15_dit_block_residual_full_tokens_denoise	"[""layer"",""denoise_step"",""model_token"",""feature_dim""]"	[7,4,49,1536]	[0,2,4,8,10,12,15]	n15_topup_ppcc_20260909	grid_coord	meta	meta_json	4fa6496cd684/kanu/PPCC/bread/s4/j3/n9/base	PPCC_bread	PPCC/bread
4fa6496cd684	kanu	PPCC/marshmallow	3	4	0	base	activation	8cd6e72d34dd9cd4	8cd6e72d34dd9cd401b17cba314a75c206dc144d76a8ee317f794789449ab7aa	lerobot_groot_n15	n15	lerobot_groot_n15__robocasa365_ckpt120000		0	Pick the marshmallow from the counter and place it in the cabinet.	robocasa_panda_omron/PickPlaceCounterToCabinet_PandaOmron_Env	100498	1300000	0	0			5		1	4	0.0	0.0	1	1		Pick the marshmallow from the counter and place it in the cabinet.	0	all_token_full	groot_n15_dit_block_residual_full_tokens_denoise	"[""layer"",""denoise_step"",""model_token"",""feature_dim""]"	[7,4,49,1536]	[0,2,4,8,10,12,15]	n15_topup_ppcc_20260909	grid_coord	meta	meta_json	4fa6496cd684/kanu/PPCC/marshmallow/s3/j4/n0/base	PPCC_marshmallow	PPCC/marshmallow
4fa6496cd684	kanu	PPCC/marshmallow	3	4	1	base	activation	f6a65fe8f0e7ae62	f6a65fe8f0e7ae62a42ae45d64948cbeeb829bb37c41cc8eb469ca819f790400	lerobot_groot_n15	n15	lerobot_groot_n15__robocasa365_ckpt120000		0	Pick the marshmallow from the counter and place it in the cabinet.	robocasa_panda_omron/PickPlaceCounterToCabinet_PandaOmron_Env	100498	1300001	0	1			5		1	4	0.0	0.0	1	1		Pick the marshmallow from the counter and place it in the cabinet.	0	all_token_full	groot_n15_dit_block_residual_full_tokens_denoise	"[""layer"",""denoise_step"",""model_token"",""feature_dim""]"	[7,4,49,1536]	[0,2,4,8,10,12,15]	n15_topup_ppcc_20260909	grid_coord	meta	meta_json	4fa6496cd684/kanu/PPCC/marshmallow/s3/j4/n1/base	PPCC_marshmallow	PPCC/marshmallow
4fa6496cd684	kanu	PPCC/marshmallow	3	4	2	base	activation	1b15b3b0b10f65fe	1b15b3b0b10f65feae0f56f9824a2872e97748c0f30dfd1d9c3c31f15237b13b	lerobot_groot_n15	n15	lerobot_groot_n15__robocasa365_ckpt120000		0	Pick the marshmallow from the counter and place it in the cabinet.	robocasa_panda_omron/PickPlaceCounterToCabinet_PandaOmron_Env	100498	1300002	0	1			5		1	4	0.0	0.0	1	1		Pick the marshmallow from the counter and place it in the cabinet.	0	all_token_full	groot_n15_dit_block_residual_full_tokens_denoise	"[""layer"",""denoise_step"",""model_token"",""feature_dim""]"	[7,4,49,1536]	[0,2,4,8,10,12,15]	n15_topup_ppcc_20260909	grid_coord	meta	meta_json	4fa6496cd684/kanu/PPCC/marshmallow/s3/j4/n2/base	PPCC_marshmallow	PPCC/marshmallow
4fa6496cd684	kanu	PPCC/marshmallow	3	4	3	base	activation	9dca780a1df58196	9dca780a1df58196b02569e83721efd15b0c2cf167ae78434e8c5c1607fe9287	lerobot_groot_n15	n15	lerobot_groot_n15__robocasa365_ckpt120000		0	Pick the marshmallow from the counter and place it in the cabinet.	robocasa_panda_omron/PickPlaceCounterToCabinet_PandaOmron_Env	100498	1300003	0	1			5		1	4	0.0	0.0	1	1		Pick the marshmallow from the counter and place it in the cabinet.	0	all_token_full	groot_n15_dit_block_residual_full_tokens_denoise	"[""layer"",""denoise_step"",""model_token"",""feature_dim""]"	[7,4,49,1536]	[0,2,4,8,10,12,15]	n15_topup_ppcc_20260909	grid_coord	meta	meta_json	4fa6496cd684/kanu/PPCC/marshmallow/s3/j4/n3/base	PPCC_marshmallow	PPCC/marshmallow
4fa6496cd684	kanu	PPCC/marshmallow	3	4	4	base	activation	93c5972561327bf3	93c5972561327bf3a3262948505ea107d5a634248f558ee602cbb9a287183164	lerobot_groot_n15	n15	lerobot_groot_n15__robocasa365_ckpt120000		0	Pick the marshmallow from the counter and place it in the cabinet.	robocasa_panda_omron/PickPlaceCounterToCabinet_PandaOmron_Env	100498	1300004	0	1			5		1	4	0.0	0.0	1	1		Pick the marshmallow from the counter and place it in the cabinet.	0	all_token_full	groot_n15_dit_block_residual_full_tokens_denoise	"[""layer"",""denoise_step"",""model_token"",""feature_dim""]"	[7,4,49,1536]	[0,2,4,8,10,12,15]	n15_topup_ppcc_20260909	grid_coord	meta	meta_json	4fa6496cd684/kanu/PPCC/marshmallow/s3/j4/n4/base	PPCC_marshmallow	PPCC/marshmallow
4fa6496cd684	kanu	PPCC/marshmallow	3	4	5	base	activation	f6155fb75176d5df	f6155fb75176d5df53451c704a5190bc54b6e88585d640274906fbfe04dd3c9e	lerobot_groot_n15	n15	lerobot_groot_n15__robocasa365_ckpt120000		0	Pick the marshmallow from the counter and place it in the cabinet.	robocasa_panda_omron/PickPlaceCounterToCabinet_PandaOmron_Env	100498	1300005	0	0			5		1	4	0.0	0.0	1	1		Pick the marshmallow from the counter and place it in the cabinet.	0	all_token_full	groot_n15_dit_block_residual_full_tokens_denoise	"[""layer"",""denoise_step"",""model_token"",""feature_dim""]"	[7,4,49,1536]	[0,2,4,8,10,12,15]	n15_topup_ppcc_20260909	grid_coord	meta	meta_json	4fa6496cd684/kanu/PPCC/marshmallow/s3/j4/n5/base	PPCC_marshmallow	PPCC/marshmallow
4fa6496cd684	kanu	PPCC/marshmallow	3	4	6	base	activation	b9997de6765ae1e0	b9997de6765ae1e0d3be35505baf97199281f1f96d7745564d56ab7a75864d70	lerobot_groot_n15	n15	lerobot_groot_n15__robocasa365_ckpt120000		0	Pick the marshmallow from the counter and place it in the cabinet.	robocasa_panda_omron/PickPlaceCounterToCabinet_PandaOmron_Env	100498	1300006	0	1			5		1	4	0.0	0.0	1	1		Pick the marshmallow from the counter and place it in the cabinet.	0	all_token_full	groot_n15_dit_block_residual_full_tokens_denoise	"[""layer"",""denoise_step"",""model_token"",""feature_dim""]"	[7,4,49,1536]	[0,2,4,8,10,12,15]	n15_topup_ppcc_20260909	grid_coord	meta	meta_json	4fa6496cd684/kanu/PPCC/marshmallow/s3/j4/n6/base	PPCC_marshmallow	PPCC/marshmallow
4fa6496cd684	kanu	PPCC/marshmallow	3	4	7	base	activation	8bc7bc3949adf0f0	8bc7bc3949adf0f0b530bd4058f544255a17cea4455d41459306037ce9b4cc02	lerobot_groot_n15	n15	lerobot_groot_n15__robocasa365_ckpt120000		0	Pick the marshmallow from the counter and place it in the cabinet.	robocasa_panda_omron/PickPlaceCounterToCabinet_PandaOmron_Env	100498	1300007	0	0			5		1	4	0.0	0.0	1	1		Pick the marshmallow from the counter and place it in the cabinet.	0	all_token_full	groot_n15_dit_block_residual_full_tokens_denoise	"[""layer"",""denoise_step"",""model_token"",""feature_dim""]"	[7,4,49,1536]	[0,2,4,8,10,12,15]	n15_topup_ppcc_20260909	grid_coord	meta	meta_json	4fa6496cd684/kanu/PPCC/marshmallow/s3/j4/n7/base	PPCC_marshmallow	PPCC/marshmallow
4fa6496cd684	kanu	PPCC/marshmallow	3	4	8	base	eval	e8c29f5ebe46b627	e8c29f5ebe46b627b5a9ada55d7746c7f01c51c3e65d2dd9a80c7ce721100b10	lerobot_groot_n15	n15	lerobot_groot_n15__robocasa365_ckpt120000		0	Pick the marshmallow from the counter and place it in the cabinet.	robocasa_panda_omron/PickPlaceCounterToCabinet_PandaOmron_Env	100498	1300008	0	0			5		0	4	0.0	0.0	1	1		Pick the marshmallow from the counter and place it in the cabinet.	0	all_token_full	groot_n15_dit_block_residual_full_tokens_denoise	"[""layer"",""denoise_step"",""model_token"",""feature_dim""]"	[7,4,49,1536]	[0,2,4,8,10,12,15]	n15_topup_ppcc_20260909	grid_coord	meta	meta_json	4fa6496cd684/kanu/PPCC/marshmallow/s3/j4/n8/base	PPCC_marshmallow	PPCC/marshmallow
4fa6496cd684	kanu	PPCC/marshmallow	3	4	9	base	activation	15adff3a2e69a62c	15adff3a2e69a62c72b43039988f6e1459dc53c764ea5aa060736f5fdc4557b4	lerobot_groot_n15	n15	lerobot_groot_n15__robocasa365_ckpt120000		0	Pick the marshmallow from the counter and place it in the cabinet.	robocasa_panda_omron/PickPlaceCounterToCabinet_PandaOmron_Env	100498	1300009	0	1			5		1	4	0.0	0.0	1	1		Pick the marshmallow from the counter and place it in the cabinet.	0	all_token_full	groot_n15_dit_block_residual_full_tokens_denoise	"[""layer"",""denoise_step"",""model_token"",""feature_dim""]"	[7,4,49,1536]	[0,2,4,8,10,12,15]	n15_topup_ppcc_20260909	grid_coord	meta	meta_json	4fa6496cd684/kanu/PPCC/marshmallow/s3/j4/n9/base	PPCC_marshmallow	PPCC/marshmallow
4fa6496cd684	kanu	PPCC/marshmallow	4	2	0	base	activation	2c29543468d21d27	2c29543468d21d27ee40a6fd44f86ca0103360c2f7144dbc2c032ba7a1ca972c	lerobot_groot_n15	n15	lerobot_groot_n15__robocasa365_ckpt120000		0	Pick the marshmallow from the counter and place it in the cabinet.	robocasa_panda_omron/PickPlaceCounterToCabinet_PandaOmron_Env	100165	1300000	0	0			5		1	2	0.0	0.0	6	6		Pick the marshmallow from the counter and place it in the cabinet.	0	all_token_full	groot_n15_dit_block_residual_full_tokens_denoise	"[""layer"",""denoise_step"",""model_token"",""feature_dim""]"	[7,4,49,1536]	[0,2,4,8,10,12,15]	n15_topup_ppcc_20260909	grid_coord	meta	meta_json	4fa6496cd684/kanu/PPCC/marshmallow/s4/j2/n0/base	PPCC_marshmallow	PPCC/marshmallow
4fa6496cd684	kanu	PPCC/marshmallow	4	2	1	base	activation	2c9dbfd05ee6a208	2c9dbfd05ee6a2082d13b8bc444bf02e18f9026551c68dc65f4c7969ea1cf3f7	lerobot_groot_n15	n15	lerobot_groot_n15__robocasa365_ckpt120000		0	Pick the marshmallow from the counter and place it in the cabinet.	robocasa_panda_omron/PickPlaceCounterToCabinet_PandaOmron_Env	100165	1300001	0	0			5		1	2	0.0	0.0	6	6		Pick the marshmallow from the counter and place it in the cabinet.	0	all_token_full	groot_n15_dit_block_residual_full_tokens_denoise	"[""layer"",""denoise_step"",""model_token"",""feature_dim""]"	[7,4,49,1536]	[0,2,4,8,10,12,15]	n15_topup_ppcc_20260909	grid_coord	meta	meta_json	4fa6496cd684/kanu/PPCC/marshmallow/s4/j2/n1/base	PPCC_marshmallow	PPCC/marshmallow
4fa6496cd684	kanu	PPCC/marshmallow	4	2	2	base	activation	ce194e7a2ae41124	ce194e7a2ae41124aa4ec999430211d3349169b67194b9271f1bf879dbf11d32	lerobot_groot_n15	n15	lerobot_groot_n15__robocasa365_ckpt120000		0	Pick the marshmallow from the counter and place it in the cabinet.	robocasa_panda_omron/PickPlaceCounterToCabinet_PandaOmron_Env	100165	1300002	0	1			5		1	2	0.0	0.0	6	6		Pick the marshmallow from the counter and place it in the cabinet.	0	all_token_full	groot_n15_dit_block_residual_full_tokens_denoise	"[""layer"",""denoise_step"",""model_token"",""feature_dim""]"	[7,4,49,1536]	[0,2,4,8,10,12,15]	n15_topup_ppcc_20260909	grid_coord	meta	meta_json	4fa6496cd684/kanu/PPCC/marshmallow/s4/j2/n2/base	PPCC_marshmallow	PPCC/marshmallow
4fa6496cd684	kanu	PPCC/marshmallow	4	2	3	base	activation	7781286566fa1601	7781286566fa16011bb6f5a2145f3dbe3fe13e4be8598c2f0f11a5989c2662a6	lerobot_groot_n15	n15	lerobot_groot_n15__robocasa365_ckpt120000		0	Pick the marshmallow from the counter and place it in the cabinet.	robocasa_panda_omron/PickPlaceCounterToCabinet_PandaOmron_Env	100165	1300003	0	1			5		1	2	0.0	0.0	6	6		Pick the marshmallow from the counter and place it in the cabinet.	0	all_token_full	groot_n15_dit_block_residual_full_tokens_denoise	"[""layer"",""denoise_step"",""model_token"",""feature_dim""]"	[7,4,49,1536]	[0,2,4,8,10,12,15]	n15_topup_ppcc_20260909	grid_coord	meta	meta_json	4fa6496cd684/kanu/PPCC/marshmallow/s4/j2/n3/base	PPCC_marshmallow	PPCC/marshmallow
4fa6496cd684	kanu	PPCC/marshmallow	4	2	4	base	activation	1114d5b4d99e4d2d	1114d5b4d99e4d2df062c4e8399ea4a0ebb7fa8cee96dad49b7e398c9278fe4e	lerobot_groot_n15	n15	lerobot_groot_n15__robocasa365_ckpt120000		0	Pick the marshmallow from the counter and place it in the cabinet.	robocasa_panda_omron/PickPlaceCounterToCabinet_PandaOmron_Env	100165	1300004	0	1			5		1	2	0.0	0.0	6	6		Pick the marshmallow from the counter and place it in the cabinet.	0	all_token_full	groot_n15_dit_block_residual_full_tokens_denoise	"[""layer"",""denoise_step"",""model_token"",""feature_dim""]"	[7,4,49,1536]	[0,2,4,8,10,12,15]	n15_topup_ppcc_20260909	grid_coord	meta	meta_json	4fa6496cd684/kanu/PPCC/marshmallow/s4/j2/n4/base	PPCC_marshmallow	PPCC/marshmallow
4fa6496cd684	kanu	PPCC/marshmallow	4	2	5	base	activation	a55adefd722a9090	a55adefd722a909018c564a1c3a13277ed356eb6380eef6d3c21304570fc1961	lerobot_groot_n15	n15	lerobot_groot_n15__robocasa365_ckpt120000		0	Pick the marshmallow from the counter and place it in the cabinet.	robocasa_panda_omron/PickPlaceCounterToCabinet_PandaOmron_Env	100165	1300005	0	1			5		1	2	0.0	0.0	6	6		Pick the marshmallow from the counter and place it in the cabinet.	0	all_token_full	groot_n15_dit_block_residual_full_tokens_denoise	"[""layer"",""denoise_step"",""model_token"",""feature_dim""]"	[7,4,49,1536]	[0,2,4,8,10,12,15]	n15_topup_ppcc_20260909	grid_coord	meta	meta_json	4fa6496cd684/kanu/PPCC/marshmallow/s4/j2/n5/base	PPCC_marshmallow	PPCC/marshmallow
4fa6496cd684	kanu	PPCC/marshmallow	4	2	6	base	activation	e62ac08da0e56581	e62ac08da0e56581b594082f2cecee38f083de069320c3e0858efd50053b4fbb	lerobot_groot_n15	n15	lerobot_groot_n15__robocasa365_ckpt120000		0	Pick the marshmallow from the counter and place it in the cabinet.	robocasa_panda_omron/PickPlaceCounterToCabinet_PandaOmron_Env	100165	1300006	0	0			5		1	2	0.0	0.0	6	6		Pick the marshmallow from the counter and place it in the cabinet.	0	all_token_full	groot_n15_dit_block_residual_full_tokens_denoise	"[""layer"",""denoise_step"",""model_token"",""feature_dim""]"	[7,4,49,1536]	[0,2,4,8,10,12,15]	n15_topup_ppcc_20260909	grid_coord	meta	meta_json	4fa6496cd684/kanu/PPCC/marshmallow/s4/j2/n6/base	PPCC_marshmallow	PPCC/marshmallow
4fa6496cd684	kanu	PPCC/marshmallow	4	2	7	base	activation	49458be36c57fec9	49458be36c57fec9ef1314de36527a6c1813978dfc93decb645586e3a3bdbe3d	lerobot_groot_n15	n15	lerobot_groot_n15__robocasa365_ckpt120000		0	Pick the marshmallow from the counter and place it in the cabinet.	robocasa_panda_omron/PickPlaceCounterToCabinet_PandaOmron_Env	100165	1300007	0	0			5		1	2	0.0	0.0	6	6		Pick the marshmallow from the counter and place it in the cabinet.	0	all_token_full	groot_n15_dit_block_residual_full_tokens_denoise	"[""layer"",""denoise_step"",""model_token"",""feature_dim""]"	[7,4,49,1536]	[0,2,4,8,10,12,15]	n15_topup_ppcc_20260909	grid_coord	meta	meta_json	4fa6496cd684/kanu/PPCC/marshmallow/s4/j2/n7/base	PPCC_marshmallow	PPCC/marshmallow
4fa6496cd684	kanu	PPCC/marshmallow	4	2	8	base	activation	f7e409ee186ca724	f7e409ee186ca724c91b4d814aa58f1bdb6687986db8d5009b3bff83e714d202	lerobot_groot_n15	n15	lerobot_groot_n15__robocasa365_ckpt120000		0	Pick the marshmallow from the counter and place it in the cabinet.	robocasa_panda_omron/PickPlaceCounterToCabinet_PandaOmron_Env	100165	1300008	0	1			5		1	2	0.0	0.0	6	6		Pick the marshmallow from the counter and place it in the cabinet.	0	all_token_full	groot_n15_dit_block_residual_full_tokens_denoise	"[""layer"",""denoise_step"",""model_token"",""feature_dim""]"	[7,4,49,1536]	[0,2,4,8,10,12,15]	n15_topup_ppcc_20260909	grid_coord	meta	meta_json	4fa6496cd684/kanu/PPCC/marshmallow/s4/j2/n8/base	PPCC_marshmallow	PPCC/marshmallow
4fa6496cd684	kanu	PPCC/marshmallow	4	2	9	base	activation	d0a6a8ffac00327b	d0a6a8ffac00327b0eb469b471d9db6d4d7eae54bc3d158d626fcd8fd070df09	lerobot_groot_n15	n15	lerobot_groot_n15__robocasa365_ckpt120000		0	Pick the marshmallow from the counter and place it in the cabinet.	robocasa_panda_omron/PickPlaceCounterToCabinet_PandaOmron_Env	100165	1300009	0	0			5		1	2	0.0	0.0	6	6		Pick the marshmallow from the counter and place it in the cabinet.	0	all_token_full	groot_n15_dit_block_residual_full_tokens_denoise	"[""layer"",""denoise_step"",""model_token"",""feature_dim""]"	[7,4,49,1536]	[0,2,4,8,10,12,15]	n15_topup_ppcc_20260909	grid_coord	meta	meta_json	4fa6496cd684/kanu/PPCC/marshmallow/s4/j2/n9/base	PPCC_marshmallow	PPCC/marshmallow
77e745c37b0f	worker1	DishwasherRack/out-left	1	2	0	base	activation	922f5634838fbb09	922f5634838fbb0993ffbd7e0821b2dcf7690cc2793189162071a63b8080f557	lerobot_groot_n15	n15	lerobot_groot_n15__robocasa365_ckpt120000		0	Fully slide the top dishwasher rack out.	robocasa_panda_omron/SlideDishwasherRack_PandaOmron_Env	100985	1300000	0	0			5		1	0	0.0	0.1	9	9	left	Fully slide the top dishwasher rack out.	0	all_token_full	groot_n15_dit_block_residual_full_tokens_denoise	"[""layer"",""denoise_step"",""model_token"",""feature_dim""]"	[7,4,49,1536]	[0,2,4,8,10,12,15]	n15_grid_v6_scene_jitter	grid_coord	meta	meta_json	77e745c37b0f/worker1/DishwasherRack/out-left/s1/j2/n0/base	DishwasherRack_out-right	DishwasherRack/out-right
77e745c37b0f	worker1	DishwasherRack/out-left	1	2	1	base	activation	c28451c3654701c7	c28451c3654701c738d94fc78552e6755a6879f088cc3e0ba93e58ec12e1b363	lerobot_groot_n15	n15	lerobot_groot_n15__robocasa365_ckpt120000		0	Fully slide the top dishwasher rack out.	robocasa_panda_omron/SlideDishwasherRack_PandaOmron_Env	100985	1300001	0	0			5		1	0	0.0	0.1	9	9	left	Fully slide the top dishwasher rack out.	0	all_token_full	groot_n15_dit_block_residual_full_tokens_denoise	"[""layer"",""denoise_step"",""model_token"",""feature_dim""]"	[7,4,49,1536]	[0,2,4,8,10,12,15]	n15_grid_v6_scene_jitter	grid_coord	meta	meta_json	77e745c37b0f/worker1/DishwasherRack/out-left/s1/j2/n1/base	DishwasherRack_out-right	DishwasherRack/out-right
77e745c37b0f	worker1	DishwasherRack/out-left	1	2	2	base	activation	28c474529192d454	28c474529192d4546cc268e234b4d34ddf2293dfb3b8039b0fad1b96bb275bc4	lerobot_groot_n15	n15	lerobot_groot_n15__robocasa365_ckpt120000		0	Fully slide the top dishwasher rack out.	robocasa_panda_omron/SlideDishwasherRack_PandaOmron_Env	100985	1300002	0	0			5		1	0	0.0	0.1	9	9	left	Fully slide the top dishwasher rack out.	0	all_token_full	groot_n15_dit_block_residual_full_tokens_denoise	"[""layer"",""denoise_step"",""model_token"",""feature_dim""]"	[7,4,49,1536]	[0,2,4,8,10,12,15]	n15_grid_v6_scene_jitter	grid_coord	meta	meta_json	77e745c37b0f/worker1/DishwasherRack/out-left/s1/j2/n2/base	DishwasherRack_out-right	DishwasherRack/out-right
77e745c37b0f	worker1	DishwasherRack/out-left	1	2	3	base	activation	da5ca2430907de01	da5ca2430907de010a93f2fc53f2328fe4389d6c592b1c347c1601a736f4a304	lerobot_groot_n15	n15	lerobot_groot_n15__robocasa365_ckpt120000		0	Fully slide the top dishwasher rack out.	robocasa_panda_omron/SlideDishwasherRack_PandaOmron_Env	100985	1300003	0	0			5		1	0	0.0	0.1	9	9	left	Fully slide the top dishwasher rack out.	0	all_token_full	groot_n15_dit_block_residual_full_tokens_denoise	"[""layer"",""denoise_step"",""model_token"",""feature_dim""]"	[7,4,49,1536]	[0,2,4,8,10,12,15]	n15_grid_v6_scene_jitter	grid_coord	meta	meta_json	77e745c37b0f/worker1/DishwasherRack/out-left/s1/j2/n3/base	DishwasherRack_out-right	DishwasherRack/out-right
77e745c37b0f	worker1	DishwasherRack/out-left	1	2	4	base	activation	bdb4d6e8afcdd1e4	bdb4d6e8afcdd1e48028a1b7331a29ab13898513d0e6f998a40e94a22cb3fb03	lerobot_groot_n15	n15	lerobot_groot_n15__robocasa365_ckpt120000		0	Fully slide the top dishwasher rack out.	robocasa_panda_omron/SlideDishwasherRack_PandaOmron_Env	100985	1300004	0	0			5		1	0	0.0	0.1	9	9	left	Fully slide the top dishwasher rack out.	0	all_token_full	groot_n15_dit_block_residual_full_tokens_denoise	"[""layer"",""denoise_step"",""model_token"",""feature_dim""]"	[7,4,49,1536]	[0,2,4,8,10,12,15]	n15_grid_v6_scene_jitter	grid_coord	meta	meta_json	77e745c37b0f/worker1/DishwasherRack/out-left/s1/j2/n4/base	DishwasherRack_out-right	DishwasherRack/out-right
77e745c37b0f	worker1	DishwasherRack/out-left	1	2	5	base	activation	e33c96037bdda5ef	e33c96037bdda5ef46e886a21d7b10a93d434c9c9f5c16bfbd503f8e591b00cc	lerobot_groot_n15	n15	lerobot_groot_n15__robocasa365_ckpt120000		0	Fully slide the top dishwasher rack out.	robocasa_panda_omron/SlideDishwasherRack_PandaOmron_Env	100985	1300005	0	0			5		1	0	0.0	0.1	9	9	left	Fully slide the top dishwasher rack out.	0	all_token_full	groot_n15_dit_block_residual_full_tokens_denoise	"[""layer"",""denoise_step"",""model_token"",""feature_dim""]"	[7,4,49,1536]	[0,2,4,8,10,12,15]	n15_grid_v6_scene_jitter	grid_coord	meta	meta_json	77e745c37b0f/worker1/DishwasherRack/out-left/s1/j2/n5/base	DishwasherRack_out-right	DishwasherRack/out-right
77e745c37b0f	worker1	DishwasherRack/out-left	1	2	6	base	activation	e8d5d59006e8c1eb	e8d5d59006e8c1eb03d0a8005a52d62623d23e93a0034c30b5b4589eb0bf79ec	lerobot_groot_n15	n15	lerobot_groot_n15__robocasa365_ckpt120000		0	Fully slide the top dishwasher rack out.	robocasa_panda_omron/SlideDishwasherRack_PandaOmron_Env	100985	1300006	0	0			5		1	0	0.0	0.1	9	9	left	Fully slide the top dishwasher rack out.	0	all_token_full	groot_n15_dit_block_residual_full_tokens_denoise	"[""layer"",""denoise_step"",""model_token"",""feature_dim""]"	[7,4,49,1536]	[0,2,4,8,10,12,15]	n15_grid_v6_scene_jitter	grid_coord	meta	meta_json	77e745c37b0f/worker1/DishwasherRack/out-left/s1/j2/n6/base	DishwasherRack_out-right	DishwasherRack/out-right
77e745c37b0f	worker1	DishwasherRack/out-left	1	2	7	base	activation	da7266e95a9c205e	da7266e95a9c205ea4ab0558f678ec8514ddf65e0c68c492ec60579abe248a95	lerobot_groot_n15	n15	lerobot_groot_n15__robocasa365_ckpt120000		0	Fully slide the top dishwasher rack out.	robocasa_panda_omron/SlideDishwasherRack_PandaOmron_Env	100985	1300007	0	0			5		1	0	0.0	0.1	9	9	left	Fully slide the top dishwasher rack out.	0	all_token_full	groot_n15_dit_block_residual_full_tokens_denoise	"[""layer"",""denoise_step"",""model_token"",""feature_dim""]"	[7,4,49,1536]	[0,2,4,8,10,12,15]	n15_grid_v6_scene_jitter	grid_coord	meta	meta_json	77e745c37b0f/worker1/DishwasherRack/out-left/s1/j2/n7/base	DishwasherRack_out-right	DishwasherRack/out-right
77e745c37b0f	worker1	DishwasherRack/out-left	1	2	8	base	activation	c61638a66ab1adda	c61638a66ab1adda27f2fde58ad578f8acaa47928123e0454c505b5cb723b96b	lerobot_groot_n15	n15	lerobot_groot_n15__robocasa365_ckpt120000		0	Fully slide the top dishwasher rack out.	robocasa_panda_omron/SlideDishwasherRack_PandaOmron_Env	100985	1300008	0	1			5		1	0	0.0	0.1	9	9	left	Fully slide the top dishwasher rack out.	0	all_token_full	groot_n15_dit_block_residual_full_tokens_denoise	"[""layer"",""denoise_step"",""model_token"",""feature_dim""]"	[7,4,49,1536]	[0,2,4,8,10,12,15]	n15_grid_v6_scene_jitter	grid_coord	meta	meta_json	77e745c37b0f/worker1/DishwasherRack/out-left/s1/j2/n8/base	DishwasherRack_out-right	DishwasherRack/out-right
77e745c37b0f	worker1	DishwasherRack/out-left	1	2	9	base	activation	23eb49cfe72aca99	23eb49cfe72aca992f91e2ed8e375c4a7308fd76771c6f9c16e1f1bdb50d6695	lerobot_groot_n15	n15	lerobot_groot_n15__robocasa365_ckpt120000		0	Fully slide the top dishwasher rack out.	robocasa_panda_omron/SlideDishwasherRack_PandaOmron_Env	100985	1300009	0	0			5		1	0	0.0	0.1	9	9	left	Fully slide the top dishwasher rack out.	0	all_token_full	groot_n15_dit_block_residual_full_tokens_denoise	"[""layer"",""denoise_step"",""model_token"",""feature_dim""]"	[7,4,49,1536]	[0,2,4,8,10,12,15]	n15_grid_v6_scene_jitter	grid_coord	meta	meta_json	77e745c37b0f/worker1/DishwasherRack/out-left/s1/j2/n9/base	DishwasherRack_out-right	DishwasherRack/out-right
77e745c37b0f	worker1	DishwasherRack/out-right	1	3	0	base	activation	cfa05ac0a0b8c7f1	cfa05ac0a0b8c7f1179442cfc5575c4bc0de27b619207fc6fd53d777fe64d92f	lerobot_groot_n15	n15	lerobot_groot_n15__robocasa365_ckpt120000		0	Fully slide the top dishwasher rack out.	robocasa_panda_omron/SlideDishwasherRack_PandaOmron_Env	100448	1300000	0	1			5		1	0	0.05	0.1	9	9	right	Fully slide the top dishwasher rack out.	0	all_token_full	groot_n15_dit_block_residual_full_tokens_denoise	"[""layer"",""denoise_step"",""model_token"",""feature_dim""]"	[7,4,49,1536]	[0,2,4,8,10,12,15]	n15_grid_v6_scene_jitter	grid_coord	meta	meta_json	77e745c37b0f/worker1/DishwasherRack/out-right/s1/j3/n0/base	DishwasherRack_out-left	DishwasherRack/out-left
77e745c37b0f	worker1	DishwasherRack/out-right	1	3	1	base	activation	054a4e621d5757cb	054a4e621d5757cb5055f9050597d8571b461fa0ced364403dd9b9356909a254	lerobot_groot_n15	n15	lerobot_groot_n15__robocasa365_ckpt120000		0	Fully slide the top dishwasher rack out.	robocasa_panda_omron/SlideDishwasherRack_PandaOmron_Env	100448	1300001	0	0			5		1	0	0.05	0.1	9	9	right	Fully slide the top dishwasher rack out.	0	all_token_full	groot_n15_dit_block_residual_full_tokens_denoise	"[""layer"",""denoise_step"",""model_token"",""feature_dim""]"	[7,4,49,1536]	[0,2,4,8,10,12,15]	n15_grid_v6_scene_jitter	grid_coord	meta	meta_json	77e745c37b0f/worker1/DishwasherRack/out-right/s1/j3/n1/base	DishwasherRack_out-left	DishwasherRack/out-left
77e745c37b0f	worker1	DishwasherRack/out-right	1	3	2	base	activation	183dce98a0f2d2d8	183dce98a0f2d2d8a974d8515b8f6527db14d96e7c7dc0501306ff33e68516af	lerobot_groot_n15	n15	lerobot_groot_n15__robocasa365_ckpt120000		0	Fully slide the top dishwasher rack out.	robocasa_panda_omron/SlideDishwasherRack_PandaOmron_Env	100448	1300002	0	1			5		1	0	0.05	0.1	9	9	right	Fully slide the top dishwasher rack out.	0	all_token_full	groot_n15_dit_block_residual_full_tokens_denoise	"[""layer"",""denoise_step"",""model_token"",""feature_dim""]"	[7,4,49,1536]	[0,2,4,8,10,12,15]	n15_grid_v6_scene_jitter	grid_coord	meta	meta_json	77e745c37b0f/worker1/DishwasherRack/out-right/s1/j3/n2/base	DishwasherRack_out-left	DishwasherRack/out-left
77e745c37b0f	worker1	DishwasherRack/out-right	1	3	3	base	activation	92f961009ea880a1	92f961009ea880a1e45bae028f276f6c50133b56e3d3342da34f4b823449dff3	lerobot_groot_n15	n15	lerobot_groot_n15__robocasa365_ckpt120000		0	Fully slide the top dishwasher rack out.	robocasa_panda_omron/SlideDishwasherRack_PandaOmron_Env	100448	1300003	0	1			5		1	0	0.05	0.1	9	9	right	Fully slide the top dishwasher rack out.	0	all_token_full	groot_n15_dit_block_residual_full_tokens_denoise	"[""layer"",""denoise_step"",""model_token"",""feature_dim""]"	[7,4,49,1536]	[0,2,4,8,10,12,15]	n15_grid_v6_scene_jitter	grid_coord	meta	meta_json	77e745c37b0f/worker1/DishwasherRack/out-right/s1/j3/n3/base	DishwasherRack_out-left	DishwasherRack/out-left
77e745c37b0f	worker1	DishwasherRack/out-right	1	3	4	base	activation	e1f883f6d2f7fd6c	e1f883f6d2f7fd6c36cc609e5b034379e6625c75de1e575c1da140c43f79a170	lerobot_groot_n15	n15	lerobot_groot_n15__robocasa365_ckpt120000		0	Fully slide the top dishwasher rack out.	robocasa_panda_omron/SlideDishwasherRack_PandaOmron_Env	100448	1300004	0	1			5		1	0	0.05	0.1	9	9	right	Fully slide the top dishwasher rack out.	0	all_token_full	groot_n15_dit_block_residual_full_tokens_denoise	"[""layer"",""denoise_step"",""model_token"",""feature_dim""]"	[7,4,49,1536]	[0,2,4,8,10,12,15]	n15_grid_v6_scene_jitter	grid_coord	meta	meta_json	77e745c37b0f/worker1/DishwasherRack/out-right/s1/j3/n4/base	DishwasherRack_out-left	DishwasherRack/out-left
77e745c37b0f	worker1	DishwasherRack/out-right	1	3	5	base	activation	547b721f349c3e3c	547b721f349c3e3c04f554c9b6346fe014a26619e2d02214deed5a97963e4dac	lerobot_groot_n15	n15	lerobot_groot_n15__robocasa365_ckpt120000		0	Fully slide the top dishwasher rack out.	robocasa_panda_omron/SlideDishwasherRack_PandaOmron_Env	100448	1300005	0	0			5		1	0	0.05	0.1	9	9	right	Fully slide the top dishwasher rack out.	0	all_token_full	groot_n15_dit_block_residual_full_tokens_denoise	"[""layer"",""denoise_step"",""model_token"",""feature_dim""]"	[7,4,49,1536]	[0,2,4,8,10,12,15]	n15_grid_v6_scene_jitter	grid_coord	meta	meta_json	77e745c37b0f/worker1/DishwasherRack/out-right/s1/j3/n5/base	DishwasherRack_out-left	DishwasherRack/out-left
77e745c37b0f	worker1	DishwasherRack/out-right	1	3	6	base	activation	93e7463e66079913	93e7463e66079913e14d11e969ab89a0237855ca8a6f157e3c74293bb2f95448	lerobot_groot_n15	n15	lerobot_groot_n15__robocasa365_ckpt120000		0	Fully slide the top dishwasher rack out.	robocasa_panda_omron/SlideDishwasherRack_PandaOmron_Env	100448	1300006	0	1			5		1	0	0.05	0.1	9	9	right	Fully slide the top dishwasher rack out.	0	all_token_full	groot_n15_dit_block_residual_full_tokens_denoise	"[""layer"",""denoise_step"",""model_token"",""feature_dim""]"	[7,4,49,1536]	[0,2,4,8,10,12,15]	n15_grid_v6_scene_jitter	grid_coord	meta	meta_json	77e745c37b0f/worker1/DishwasherRack/out-right/s1/j3/n6/base	DishwasherRack_out-left	DishwasherRack/out-left
77e745c37b0f	worker1	DishwasherRack/out-right	1	3	7	base	activation	68864c3f3f1acacd	68864c3f3f1acacd51ed4c96349354ddb892431b87cdbcab5a37c577c7a68c9f	lerobot_groot_n15	n15	lerobot_groot_n15__robocasa365_ckpt120000		0	Fully slide the top dishwasher rack out.	robocasa_panda_omron/SlideDishwasherRack_PandaOmron_Env	100448	1300007	0	1			5		1	0	0.05	0.1	9	9	right	Fully slide the top dishwasher rack out.	0	all_token_full	groot_n15_dit_block_residual_full_tokens_denoise	"[""layer"",""denoise_step"",""model_token"",""feature_dim""]"	[7,4,49,1536]	[0,2,4,8,10,12,15]	n15_grid_v6_scene_jitter	grid_coord	meta	meta_json	77e745c37b0f/worker1/DishwasherRack/out-right/s1/j3/n7/base	DishwasherRack_out-left	DishwasherRack/out-left
77e745c37b0f	worker1	DishwasherRack/out-right	1	3	8	base	activation	3d8ca9dc5fb5d61a	3d8ca9dc5fb5d61abb40cb2982f7ad72bac7a49cfc22b10ce6002d29af97d178	lerobot_groot_n15	n15	lerobot_groot_n15__robocasa365_ckpt120000		0	Fully slide the top dishwasher rack out.	robocasa_panda_omron/SlideDishwasherRack_PandaOmron_Env	100448	1300008	0	1			5		1	0	0.05	0.1	9	9	right	Fully slide the top dishwasher rack out.	0	all_token_full	groot_n15_dit_block_residual_full_tokens_denoise	"[""layer"",""denoise_step"",""model_token"",""feature_dim""]"	[7,4,49,1536]	[0,2,4,8,10,12,15]	n15_grid_v6_scene_jitter	grid_coord	meta	meta_json	77e745c37b0f/worker1/DishwasherRack/out-right/s1/j3/n8/base	DishwasherRack_out-left	DishwasherRack/out-left
77e745c37b0f	worker1	DishwasherRack/out-right	1	3	9	base	activation	730864642404ca3a	730864642404ca3a3d7cfdbc02b32edd7f1c2b5874640ede35d819dd98ff2776	lerobot_groot_n15	n15	lerobot_groot_n15__robocasa365_ckpt120000		0	Fully slide the top dishwasher rack out.	robocasa_panda_omron/SlideDishwasherRack_PandaOmron_Env	100448	1300009	0	0			5		1	0	0.05	0.1	9	9	right	Fully slide the top dishwasher rack out.	0	all_token_full	groot_n15_dit_block_residual_full_tokens_denoise	"[""layer"",""denoise_step"",""model_token"",""feature_dim""]"	[7,4,49,1536]	[0,2,4,8,10,12,15]	n15_grid_v6_scene_jitter	grid_coord	meta	meta_json	77e745c37b0f/worker1/DishwasherRack/out-right/s1/j3/n9/base	DishwasherRack_out-left	DishwasherRack/out-left
77e745c37b0f	worker1	DishwasherRack/out-right	2	3	0	base	activation	4c9404f42932c042	4c9404f42932c0424ea019246855d89c19ec7a7e04a4ab572932c1d7256c06e8	lerobot_groot_n15	n15	lerobot_groot_n15__robocasa365_ckpt120000		0	Fully slide the top dishwasher rack out.	robocasa_panda_omron/SlideDishwasherRack_PandaOmron_Env	100081	1300000	0	0			5		1	0	0.05	0.1	5	5	right	Fully slide the top dishwasher rack out.	0	all_token_full	groot_n15_dit_block_residual_full_tokens_denoise	"[""layer"",""denoise_step"",""model_token"",""feature_dim""]"	[7,4,49,1536]	[0,2,4,8,10,12,15]	n15_grid_v6_scene_jitter	grid_coord	meta	meta_json	77e745c37b0f/worker1/DishwasherRack/out-right/s2/j3/n0/base	DishwasherRack_out-left	DishwasherRack/out-left
77e745c37b0f	worker1	DishwasherRack/out-right	2	3	1	base	activation	570af4fb0f33259a	570af4fb0f33259a38243c7fb52bea5006ac1686b00097d67b8a219f3befc3a0	lerobot_groot_n15	n15	lerobot_groot_n15__robocasa365_ckpt120000		0	Fully slide the top dishwasher rack out.	robocasa_panda_omron/SlideDishwasherRack_PandaOmron_Env	100081	1300001	0	1			5		1	0	0.05	0.1	5	5	right	Fully slide the top dishwasher rack out.	0	all_token_full	groot_n15_dit_block_residual_full_tokens_denoise	"[""layer"",""denoise_step"",""model_token"",""feature_dim""]"	[7,4,49,1536]	[0,2,4,8,10,12,15]	n15_grid_v6_scene_jitter	grid_coord	meta	meta_json	77e745c37b0f/worker1/DishwasherRack/out-right/s2/j3/n1/base	DishwasherRack_out-left	DishwasherRack/out-left
77e745c37b0f	worker1	DishwasherRack/out-right	2	3	2	base	activation	2c25d97f004daa95	2c25d97f004daa953f07ead4be0292882a255923294075bf7c6ff712eddf5b65	lerobot_groot_n15	n15	lerobot_groot_n15__robocasa365_ckpt120000		0	Fully slide the top dishwasher rack out.	robocasa_panda_omron/SlideDishwasherRack_PandaOmron_Env	100081	1300002	0	1			5		1	0	0.05	0.1	5	5	right	Fully slide the top dishwasher rack out.	0	all_token_full	groot_n15_dit_block_residual_full_tokens_denoise	"[""layer"",""denoise_step"",""model_token"",""feature_dim""]"	[7,4,49,1536]	[0,2,4,8,10,12,15]	n15_grid_v6_scene_jitter	grid_coord	meta	meta_json	77e745c37b0f/worker1/DishwasherRack/out-right/s2/j3/n2/base	DishwasherRack_out-left	DishwasherRack/out-left
77e745c37b0f	worker1	DishwasherRack/out-right	2	3	3	base	activation	4deb3fb0015ba3aa	4deb3fb0015ba3aaffec126e3cfe991dcffa5716c04322039d999d91823d7003	lerobot_groot_n15	n15	lerobot_groot_n15__robocasa365_ckpt120000		0	Fully slide the top dishwasher rack out.	robocasa_panda_omron/SlideDishwasherRack_PandaOmron_Env	100081	1300003	0	1			5		1	0	0.05	0.1	5	5	right	Fully slide the top dishwasher rack out.	0	all_token_full	groot_n15_dit_block_residual_full_tokens_denoise	"[""layer"",""denoise_step"",""model_token"",""feature_dim""]"	[7,4,49,1536]	[0,2,4,8,10,12,15]	n15_grid_v6_scene_jitter	grid_coord	meta	meta_json	77e745c37b0f/worker1/DishwasherRack/out-right/s2/j3/n3/base	DishwasherRack_out-left	DishwasherRack/out-left
77e745c37b0f	worker1	DishwasherRack/out-right	2	3	4	base	activation	2142a0183de21b99	2142a0183de21b99271a1f7b0cd5c014aaf86fee3c1618d0bbd3a6298f29b809	lerobot_groot_n15	n15	lerobot_groot_n15__robocasa365_ckpt120000		0	Fully slide the top dishwasher rack out.	robocasa_panda_omron/SlideDishwasherRack_PandaOmron_Env	100081	1300004	0	0			5		1	0	0.05	0.1	5	5	right	Fully slide the top dishwasher rack out.	0	all_token_full	groot_n15_dit_block_residual_full_tokens_denoise	"[""layer"",""denoise_step"",""model_token"",""feature_dim""]"	[7,4,49,1536]	[0,2,4,8,10,12,15]	n15_grid_v6_scene_jitter	grid_coord	meta	meta_json	77e745c37b0f/worker1/DishwasherRack/out-right/s2/j3/n4/base	DishwasherRack_out-left	DishwasherRack/out-left
77e745c37b0f	worker1	DishwasherRack/out-right	2	3	5	base	activation	fd1c15d664bbba39	fd1c15d664bbba3984a8d81535351a1809573813519bc0ab52d17adb83d5d49a	lerobot_groot_n15	n15	lerobot_groot_n15__robocasa365_ckpt120000		0	Fully slide the top dishwasher rack out.	robocasa_panda_omron/SlideDishwasherRack_PandaOmron_Env	100081	1300005	0	0			5		1	0	0.05	0.1	5	5	right	Fully slide the top dishwasher rack out.	0	all_token_full	groot_n15_dit_block_residual_full_tokens_denoise	"[""layer"",""denoise_step"",""model_token"",""feature_dim""]"	[7,4,49,1536]	[0,2,4,8,10,12,15]	n15_grid_v6_scene_jitter	grid_coord	meta	meta_json	77e745c37b0f/worker1/DishwasherRack/out-right/s2/j3/n5/base	DishwasherRack_out-left	DishwasherRack/out-left
77e745c37b0f	worker1	DishwasherRack/out-right	2	3	6	base	activation	beb63cf10525bd0a	beb63cf10525bd0a1b4ed4f87a2bc1b19bddcbbfc87cc55d1933598e277a6a92	lerobot_groot_n15	n15	lerobot_groot_n15__robocasa365_ckpt120000		0	Fully slide the top dishwasher rack out.	robocasa_panda_omron/SlideDishwasherRack_PandaOmron_Env	100081	1300006	0	1			5		1	0	0.05	0.1	5	5	right	Fully slide the top dishwasher rack out.	0	all_token_full	groot_n15_dit_block_residual_full_tokens_denoise	"[""layer"",""denoise_step"",""model_token"",""feature_dim""]"	[7,4,49,1536]	[0,2,4,8,10,12,15]	n15_grid_v6_scene_jitter	grid_coord	meta	meta_json	77e745c37b0f/worker1/DishwasherRack/out-right/s2/j3/n6/base	DishwasherRack_out-left	DishwasherRack/out-left
77e745c37b0f	worker1	DishwasherRack/out-right	2	3	7	base	activation	c42ebd46e588bc62	c42ebd46e588bc62017cc72ab458b4376682df47cdf41f45907c2f59ddfb74f6	lerobot_groot_n15	n15	lerobot_groot_n15__robocasa365_ckpt120000		0	Fully slide the top dishwasher rack out.	robocasa_panda_omron/SlideDishwasherRack_PandaOmron_Env	100081	1300007	0	1			5		1	0	0.05	0.1	5	5	right	Fully slide the top dishwasher rack out.	0	all_token_full	groot_n15_dit_block_residual_full_tokens_denoise	"[""layer"",""denoise_step"",""model_token"",""feature_dim""]"	[7,4,49,1536]	[0,2,4,8,10,12,15]	n15_grid_v6_scene_jitter	grid_coord	meta	meta_json	77e745c37b0f/worker1/DishwasherRack/out-right/s2/j3/n7/base	DishwasherRack_out-left	DishwasherRack/out-left
77e745c37b0f	worker1	DishwasherRack/out-right	2	3	8	base	activation	7e4370ea73d0865d	7e4370ea73d0865d1eba697b5901b7f267f2244ae1456c5276e8602e8383f375	lerobot_groot_n15	n15	lerobot_groot_n15__robocasa365_ckpt120000		0	Fully slide the top dishwasher rack out.	robocasa_panda_omron/SlideDishwasherRack_PandaOmron_Env	100081	1300008	0	0			5		1	0	0.05	0.1	5	5	right	Fully slide the top dishwasher rack out.	0	all_token_full	groot_n15_dit_block_residual_full_tokens_denoise	"[""layer"",""denoise_step"",""model_token"",""feature_dim""]"	[7,4,49,1536]	[0,2,4,8,10,12,15]	n15_grid_v6_scene_jitter	grid_coord	meta	meta_json	77e745c37b0f/worker1/DishwasherRack/out-right/s2/j3/n8/base	DishwasherRack_out-left	DishwasherRack/out-left
77e745c37b0f	worker1	DishwasherRack/out-right	2	3	9	base	activation	651d9ac42975fc35	651d9ac42975fc35696c4111008d629f282029f1f5d82e49cf4e5f67614204a0	lerobot_groot_n15	n15	lerobot_groot_n15__robocasa365_ckpt120000		0	Fully slide the top dishwasher rack out.	robocasa_panda_omron/SlideDishwasherRack_PandaOmron_Env	100081	1300009	0	1			5		1	0	0.05	0.1	5	5	right	Fully slide the top dishwasher rack out.	0	all_token_full	groot_n15_dit_block_residual_full_tokens_denoise	"[""layer"",""denoise_step"",""model_token"",""feature_dim""]"	[7,4,49,1536]	[0,2,4,8,10,12,15]	n15_grid_v6_scene_jitter	grid_coord	meta	meta_json	77e745c37b0f/worker1/DishwasherRack/out-right/s2/j3/n9/base	DishwasherRack_out-left	DishwasherRack/out-left
77e745c37b0f	worker1	OvenRack/out-left	0	0	0	base	activation	ed9c9cefda7a69d1	ed9c9cefda7a69d14fce841cea03ff998d8cacecdec52ce5a3f8ccfcc9dab75b	lerobot_groot_n15	n15	lerobot_groot_n15__robocasa365_ckpt120000		0	Fully slide the oven rack out.	robocasa_panda_omron/SlideOvenRack_PandaOmron_Env	100017	1300000	0	1			5		1	0	0.0	0.0	4	4	left	Fully slide the oven rack out.	0	all_token_full	groot_n15_dit_block_residual_full_tokens_denoise	"[""layer"",""denoise_step"",""model_token"",""feature_dim""]"	[7,4,49,1536]	[0,2,4,8,10,12,15]	n15_grid_v6_scene_jitter	grid_coord	meta	meta_json	77e745c37b0f/worker1/OvenRack/out-left/s0/j0/n0/base	OvenRack_out-right	OvenRack/out-right
77e745c37b0f	worker1	OvenRack/out-left	0	0	1	base	activation	cdd936529cc2e55d	cdd936529cc2e55dcdd51bd952700ac914f5e3e433e32036808ab96ecea6a88f	lerobot_groot_n15	n15	lerobot_groot_n15__robocasa365_ckpt120000		0	Fully slide the oven rack out.	robocasa_panda_omron/SlideOvenRack_PandaOmron_Env	100017	1300001	0	0			5		1	0	0.0	0.0	4	4	left	Fully slide the oven rack out.	0	all_token_full	groot_n15_dit_block_residual_full_tokens_denoise	"[""layer"",""denoise_step"",""model_token"",""feature_dim""]"	[7,4,49,1536]	[0,2,4,8,10,12,15]	n15_grid_v6_scene_jitter	grid_coord	meta	meta_json	77e745c37b0f/worker1/OvenRack/out-left/s0/j0/n1/base	OvenRack_out-right	OvenRack/out-right
77e745c37b0f	worker1	OvenRack/out-left	0	0	2	base	activation	0950bdb912477290	0950bdb912477290ca9f560222b41ba33364c86c80c4a0491f495a17b79650cb	lerobot_groot_n15	n15	lerobot_groot_n15__robocasa365_ckpt120000		0	Fully slide the oven rack out.	robocasa_panda_omron/SlideOvenRack_PandaOmron_Env	100017	1300002	0	1			5		1	0	0.0	0.0	4	4	left	Fully slide the oven rack out.	0	all_token_full	groot_n15_dit_block_residual_full_tokens_denoise	"[""layer"",""denoise_step"",""model_token"",""feature_dim""]"	[7,4,49,1536]	[0,2,4,8,10,12,15]	n15_grid_v6_scene_jitter	grid_coord	meta	meta_json	77e745c37b0f/worker1/OvenRack/out-left/s0/j0/n2/base	OvenRack_out-right	OvenRack/out-right
77e745c37b0f	worker1	OvenRack/out-left	0	0	3	base	activation	4ac858b36802d717	4ac858b36802d717f805a8a4516c5d73e352f8269190351ac5ee96e714728c5c	lerobot_groot_n15	n15	lerobot_groot_n15__robocasa365_ckpt120000		0	Fully slide the oven rack out.	robocasa_panda_omron/SlideOvenRack_PandaOmron_Env	100017	1300003	0	1			5		1	0	0.0	0.0	4	4	left	Fully slide the oven rack out.	0	all_token_full	groot_n15_dit_block_residual_full_tokens_denoise	"[""layer"",""denoise_step"",""model_token"",""feature_dim""]"	[7,4,49,1536]	[0,2,4,8,10,12,15]	n15_grid_v6_scene_jitter	grid_coord	meta	meta_json	77e745c37b0f/worker1/OvenRack/out-left/s0/j0/n3/base	OvenRack_out-right	OvenRack/out-right
77e745c37b0f	worker1	OvenRack/out-left	0	0	4	base	activation	18bf4077dd34eb0d	18bf4077dd34eb0dbaee99d50bf683d35bdd915f2c38c9a77b194e8f4cf9ca05	lerobot_groot_n15	n15	lerobot_groot_n15__robocasa365_ckpt120000		0	Fully slide the oven rack out.	robocasa_panda_omron/SlideOvenRack_PandaOmron_Env	100017	1300004	0	1			5		1	0	0.0	0.0	4	4	left	Fully slide the oven rack out.	0	all_token_full	groot_n15_dit_block_residual_full_tokens_denoise	"[""layer"",""denoise_step"",""model_token"",""feature_dim""]"	[7,4,49,1536]	[0,2,4,8,10,12,15]	n15_grid_v6_scene_jitter	grid_coord	meta	meta_json	77e745c37b0f/worker1/OvenRack/out-left/s0/j0/n4/base	OvenRack_out-right	OvenRack/out-right
77e745c37b0f	worker1	OvenRack/out-left	0	0	5	base	activation	1f39e03906a26441	1f39e03906a26441a7a0ad658fcc3bdfd9063654f2c66ccbd48ab63719e64063	lerobot_groot_n15	n15	lerobot_groot_n15__robocasa365_ckpt120000		0	Fully slide the oven rack out.	robocasa_panda_omron/SlideOvenRack_PandaOmron_Env	100017	1300005	0	1			5		1	0	0.0	0.0	4	4	left	Fully slide the oven rack out.	0	all_token_full	groot_n15_dit_block_residual_full_tokens_denoise	"[""layer"",""denoise_step"",""model_token"",""feature_dim""]"	[7,4,49,1536]	[0,2,4,8,10,12,15]	n15_grid_v6_scene_jitter	grid_coord	meta	meta_json	77e745c37b0f/worker1/OvenRack/out-left/s0/j0/n5/base	OvenRack_out-right	OvenRack/out-right
77e745c37b0f	worker1	OvenRack/out-left	0	0	6	base	activation	b1ca4a0069a6f8d9	b1ca4a0069a6f8d9db6d563bf474c1d09b8dc98da1cda0d6c28a278fbc90ef76	lerobot_groot_n15	n15	lerobot_groot_n15__robocasa365_ckpt120000		0	Fully slide the oven rack out.	robocasa_panda_omron/SlideOvenRack_PandaOmron_Env	100017	1300006	0	0			5		1	0	0.0	0.0	4	4	left	Fully slide the oven rack out.	0	all_token_full	groot_n15_dit_block_residual_full_tokens_denoise	"[""layer"",""denoise_step"",""model_token"",""feature_dim""]"	[7,4,49,1536]	[0,2,4,8,10,12,15]	n15_grid_v6_scene_jitter	grid_coord	meta	meta_json	77e745c37b0f/worker1/OvenRack/out-left/s0/j0/n6/base	OvenRack_out-right	OvenRack/out-right
77e745c37b0f	worker1	OvenRack/out-left	0	0	7	base	activation	a28eb599a63f7cbd	a28eb599a63f7cbdbca5bb8f0907919524839f32d3a6001c851454c644a559ff	lerobot_groot_n15	n15	lerobot_groot_n15__robocasa365_ckpt120000		0	Fully slide the oven rack out.	robocasa_panda_omron/SlideOvenRack_PandaOmron_Env	100017	1300007	0	1			5		1	0	0.0	0.0	4	4	left	Fully slide the oven rack out.	0	all_token_full	groot_n15_dit_block_residual_full_tokens_denoise	"[""layer"",""denoise_step"",""model_token"",""feature_dim""]"	[7,4,49,1536]	[0,2,4,8,10,12,15]	n15_grid_v6_scene_jitter	grid_coord	meta	meta_json	77e745c37b0f/worker1/OvenRack/out-left/s0/j0/n7/base	OvenRack_out-right	OvenRack/out-right
77e745c37b0f	worker1	OvenRack/out-left	0	0	8	base	activation	5d1335df2e4c9662	5d1335df2e4c9662c8b75aeba3feb2acb7accd1a47078f627a91a16b601afc05	lerobot_groot_n15	n15	lerobot_groot_n15__robocasa365_ckpt120000		0	Fully slide the oven rack out.	robocasa_panda_omron/SlideOvenRack_PandaOmron_Env	100017	1300008	0	0			5		1	0	0.0	0.0	4	4	left	Fully slide the oven rack out.	0	all_token_full	groot_n15_dit_block_residual_full_tokens_denoise	"[""layer"",""denoise_step"",""model_token"",""feature_dim""]"	[7,4,49,1536]	[0,2,4,8,10,12,15]	n15_grid_v6_scene_jitter	grid_coord	meta	meta_json	77e745c37b0f/worker1/OvenRack/out-left/s0/j0/n8/base	OvenRack_out-right	OvenRack/out-right
77e745c37b0f	worker1	OvenRack/out-left	0	0	9	base	activation	3c3ca3c12609be8d	3c3ca3c12609be8d0e26f28ab5c95489bbfb618481075860dcbef3ee4e6b20c9	lerobot_groot_n15	n15	lerobot_groot_n15__robocasa365_ckpt120000		0	Fully slide the oven rack out.	robocasa_panda_omron/SlideOvenRack_PandaOmron_Env	100017	1300009	0	0			5		1	0	0.0	0.0	4	4	left	Fully slide the oven rack out.	0	all_token_full	groot_n15_dit_block_residual_full_tokens_denoise	"[""layer"",""denoise_step"",""model_token"",""feature_dim""]"	[7,4,49,1536]	[0,2,4,8,10,12,15]	n15_grid_v6_scene_jitter	grid_coord	meta	meta_json	77e745c37b0f/worker1/OvenRack/out-left/s0/j0/n9/base	OvenRack_out-right	OvenRack/out-right
77e745c37b0f	worker1	OvenRack/out-left	1	0	0	base	activation	2343f12e55ba5836	2343f12e55ba583682210c3d10047dfad29765c15f8478c4763b848892a2bef2	lerobot_groot_n15	n15	lerobot_groot_n15__robocasa365_ckpt120000		0	Fully slide the bottom oven rack out.	robocasa_panda_omron/SlideOvenRack_PandaOmron_Env	100754	1300000	0	0			5		1	0	0.0	0.0	9	9	left	Fully slide the bottom oven rack out.	0	all_token_full	groot_n15_dit_block_residual_full_tokens_denoise	"[""layer"",""denoise_step"",""model_token"",""feature_dim""]"	[7,4,49,1536]	[0,2,4,8,10,12,15]	n15_grid_v6_scene_jitter	grid_coord	meta	meta_json	77e745c37b0f/worker1/OvenRack/out-left/s1/j0/n0/base	OvenRack_out-right	OvenRack/out-right
77e745c37b0f	worker1	OvenRack/out-left	1	0	1	base	activation	7d3b5da8a66d0028	7d3b5da8a66d00289920f142f18429900cab589ef29d3d86a55b9795c9950aad	lerobot_groot_n15	n15	lerobot_groot_n15__robocasa365_ckpt120000		0	Fully slide the bottom oven rack out.	robocasa_panda_omron/SlideOvenRack_PandaOmron_Env	100754	1300001	0	0			5		1	0	0.0	0.0	9	9	left	Fully slide the bottom oven rack out.	0	all_token_full	groot_n15_dit_block_residual_full_tokens_denoise	"[""layer"",""denoise_step"",""model_token"",""feature_dim""]"	[7,4,49,1536]	[0,2,4,8,10,12,15]	n15_grid_v6_scene_jitter	grid_coord	meta	meta_json	77e745c37b0f/worker1/OvenRack/out-left/s1/j0/n1/base	OvenRack_out-right	OvenRack/out-right
77e745c37b0f	worker1	OvenRack/out-left	1	0	2	base	activation	3256a25f02712817	3256a25f02712817988c515b001d2763123accefb8df7cbe43ae4607dc2b1089	lerobot_groot_n15	n15	lerobot_groot_n15__robocasa365_ckpt120000		0	Fully slide the bottom oven rack out.	robocasa_panda_omron/SlideOvenRack_PandaOmron_Env	100754	1300002	0	0			5		1	0	0.0	0.0	9	9	left	Fully slide the bottom oven rack out.	0	all_token_full	groot_n15_dit_block_residual_full_tokens_denoise	"[""layer"",""denoise_step"",""model_token"",""feature_dim""]"	[7,4,49,1536]	[0,2,4,8,10,12,15]	n15_grid_v6_scene_jitter	grid_coord	meta	meta_json	77e745c37b0f/worker1/OvenRack/out-left/s1/j0/n2/base	OvenRack_out-right	OvenRack/out-right
77e745c37b0f	worker1	OvenRack/out-left	1	0	3	base	activation	2ea55d298aad66c3	2ea55d298aad66c322eb90c8d701a9581d6e6c2012e1456c6310fa6e3aa020c4	lerobot_groot_n15	n15	lerobot_groot_n15__robocasa365_ckpt120000		0	Fully slide the bottom oven rack out.	robocasa_panda_omron/SlideOvenRack_PandaOmron_Env	100754	1300003	0	0			5		1	0	0.0	0.0	9	9	left	Fully slide the bottom oven rack out.	0	all_token_full	groot_n15_dit_block_residual_full_tokens_denoise	"[""layer"",""denoise_step"",""model_token"",""feature_dim""]"	[7,4,49,1536]	[0,2,4,8,10,12,15]	n15_grid_v6_scene_jitter	grid_coord	meta	meta_json	77e745c37b0f/worker1/OvenRack/out-left/s1/j0/n3/base	OvenRack_out-right	OvenRack/out-right
77e745c37b0f	worker1	OvenRack/out-left	1	0	4	base	activation	db3e87ba8127b919	db3e87ba8127b919566e54da8556ed9f1c8d134fc3d9bb9230666b3912aff41e	lerobot_groot_n15	n15	lerobot_groot_n15__robocasa365_ckpt120000		0	Fully slide the bottom oven rack out.	robocasa_panda_omron/SlideOvenRack_PandaOmron_Env	100754	1300004	0	0			5		1	0	0.0	0.0	9	9	left	Fully slide the bottom oven rack out.	0	all_token_full	groot_n15_dit_block_residual_full_tokens_denoise	"[""layer"",""denoise_step"",""model_token"",""feature_dim""]"	[7,4,49,1536]	[0,2,4,8,10,12,15]	n15_grid_v6_scene_jitter	grid_coord	meta	meta_json	77e745c37b0f/worker1/OvenRack/out-left/s1/j0/n4/base	OvenRack_out-right	OvenRack/out-right
77e745c37b0f	worker1	OvenRack/out-left	1	0	5	base	activation	0fddbf5e3128f4ff	0fddbf5e3128f4ff6468d4947ba98cb0ec2630b8f4cdb613f117d4f8c2b5f55b	lerobot_groot_n15	n15	lerobot_groot_n15__robocasa365_ckpt120000		0	Fully slide the bottom oven rack out.	robocasa_panda_omron/SlideOvenRack_PandaOmron_Env	100754	1300005	0	0			5		1	0	0.0	0.0	9	9	left	Fully slide the bottom oven rack out.	0	all_token_full	groot_n15_dit_block_residual_full_tokens_denoise	"[""layer"",""denoise_step"",""model_token"",""feature_dim""]"	[7,4,49,1536]	[0,2,4,8,10,12,15]	n15_grid_v6_scene_jitter	grid_coord	meta	meta_json	77e745c37b0f/worker1/OvenRack/out-left/s1/j0/n5/base	OvenRack_out-right	OvenRack/out-right
77e745c37b0f	worker1	OvenRack/out-left	1	0	6	base	activation	0ca718ef9ed8ba0c	0ca718ef9ed8ba0cfdd41ea79e26314e1617e211cb96dad6b06d9bdba2116562	lerobot_groot_n15	n15	lerobot_groot_n15__robocasa365_ckpt120000		0	Fully slide the bottom oven rack out.	robocasa_panda_omron/SlideOvenRack_PandaOmron_Env	100754	1300006	0	1			5		1	0	0.0	0.0	9	9	left	Fully slide the bottom oven rack out.	0	all_token_full	groot_n15_dit_block_residual_full_tokens_denoise	"[""layer"",""denoise_step"",""model_token"",""feature_dim""]"	[7,4,49,1536]	[0,2,4,8,10,12,15]	n15_grid_v6_scene_jitter	grid_coord	meta	meta_json	77e745c37b0f/worker1/OvenRack/out-left/s1/j0/n6/base	OvenRack_out-right	OvenRack/out-right
77e745c37b0f	worker1	OvenRack/out-left	1	0	7	base	activation	42f8e26eac76b0ea	42f8e26eac76b0ea289e85b4b22103ed9fb5fc776223bcfecf3e386a9a9cc72b	lerobot_groot_n15	n15	lerobot_groot_n15__robocasa365_ckpt120000		0	Fully slide the bottom oven rack out.	robocasa_panda_omron/SlideOvenRack_PandaOmron_Env	100754	1300007	0	1			5		1	0	0.0	0.0	9	9	left	Fully slide the bottom oven rack out.	0	all_token_full	groot_n15_dit_block_residual_full_tokens_denoise	"[""layer"",""denoise_step"",""model_token"",""feature_dim""]"	[7,4,49,1536]	[0,2,4,8,10,12,15]	n15_grid_v6_scene_jitter	grid_coord	meta	meta_json	77e745c37b0f/worker1/OvenRack/out-left/s1/j0/n7/base	OvenRack_out-right	OvenRack/out-right
77e745c37b0f	worker1	OvenRack/out-left	1	0	8	base	activation	508fdd36156d6730	508fdd36156d6730e37f79d50eaadf5c5a4fa41fa28500e259a9ef3e49b31798	lerobot_groot_n15	n15	lerobot_groot_n15__robocasa365_ckpt120000		0	Fully slide the bottom oven rack out.	robocasa_panda_omron/SlideOvenRack_PandaOmron_Env	100754	1300008	0	0			5		1	0	0.0	0.0	9	9	left	Fully slide the bottom oven rack out.	0	all_token_full	groot_n15_dit_block_residual_full_tokens_denoise	"[""layer"",""denoise_step"",""model_token"",""feature_dim""]"	[7,4,49,1536]	[0,2,4,8,10,12,15]	n15_grid_v6_scene_jitter	grid_coord	meta	meta_json	77e745c37b0f/worker1/OvenRack/out-left/s1/j0/n8/base	OvenRack_out-right	OvenRack/out-right
77e745c37b0f	worker1	OvenRack/out-left	1	0	9	base	activation	667899efa2968aaa	667899efa2968aaac38842ed407d786279fcb4af112862fc18c57af0cd006f83	lerobot_groot_n15	n15	lerobot_groot_n15__robocasa365_ckpt120000		0	Fully slide the bottom oven rack out.	robocasa_panda_omron/SlideOvenRack_PandaOmron_Env	100754	1300009	0	1			5		1	0	0.0	0.0	9	9	left	Fully slide the bottom oven rack out.	0	all_token_full	groot_n15_dit_block_residual_full_tokens_denoise	"[""layer"",""denoise_step"",""model_token"",""feature_dim""]"	[7,4,49,1536]	[0,2,4,8,10,12,15]	n15_grid_v6_scene_jitter	grid_coord	meta	meta_json	77e745c37b0f/worker1/OvenRack/out-left/s1/j0/n9/base	OvenRack_out-right	OvenRack/out-right
4ab360df2b71	worker1	DishwasherRack/out-left	3	0	0	base	activation	c8079b66273abe2a	c8079b66273abe2afa58452bdf2eb4625082b8ca5c1b0eb496edf59c9455aa59	lerobot_groot_n15	n15	lerobot_groot_n15__robocasa365_ckpt120000		0	Fully slide the top dishwasher rack out.	robocasa_panda_omron/SlideDishwasherRack_PandaOmron_Env	100031	1300000	0	0			5		1	0	0.0	0.0	8	8	left	Fully slide the top dishwasher rack out.	0	all_token_full	groot_n15_dit_block_residual_full_tokens_denoise	"[""layer"",""denoise_step"",""model_token"",""feature_dim""]"	[7,4,49,1536]	[0,2,4,8,10,12,15]	n15_topup_remaining_20260909	grid_coord	meta	meta_json	4ab360df2b71/worker1/DishwasherRack/out-left/s3/j0/n0/base	DishwasherRack_out-left	DishwasherRack/out-left
4ab360df2b71	worker1	DishwasherRack/out-left	3	0	1	base	activation	03013c6b1b408e8e	03013c6b1b408e8efdc09db74e285e96764629e94cae9219373122e6eb5d1523	lerobot_groot_n15	n15	lerobot_groot_n15__robocasa365_ckpt120000		0	Fully slide the top dishwasher rack out.	robocasa_panda_omron/SlideDishwasherRack_PandaOmron_Env	100031	1300001	0	1			5		1	0	0.0	0.0	8	8	left	Fully slide the top dishwasher rack out.	0	all_token_full	groot_n15_dit_block_residual_full_tokens_denoise	"[""layer"",""denoise_step"",""model_token"",""feature_dim""]"	[7,4,49,1536]	[0,2,4,8,10,12,15]	n15_topup_remaining_20260909	grid_coord	meta	meta_json	4ab360df2b71/worker1/DishwasherRack/out-left/s3/j0/n1/base	DishwasherRack_out-left	DishwasherRack/out-left
4ab360df2b71	worker1	DishwasherRack/out-left	3	0	2	base	activation	13d4c10d54a72959	13d4c10d54a729595629db3cd1d8d99e20f40c508683bfe5cce5a63e4f1c5778	lerobot_groot_n15	n15	lerobot_groot_n15__robocasa365_ckpt120000		0	Fully slide the top dishwasher rack out.	robocasa_panda_omron/SlideDishwasherRack_PandaOmron_Env	100031	1300002	0	1			5		1	0	0.0	0.0	8	8	left	Fully slide the top dishwasher rack out.	0	all_token_full	groot_n15_dit_block_residual_full_tokens_denoise	"[""layer"",""denoise_step"",""model_token"",""feature_dim""]"	[7,4,49,1536]	[0,2,4,8,10,12,15]	n15_topup_remaining_20260909	grid_coord	meta	meta_json	4ab360df2b71/worker1/DishwasherRack/out-left/s3/j0/n2/base	DishwasherRack_out-left	DishwasherRack/out-left
4ab360df2b71	worker1	DishwasherRack/out-left	3	0	3	base	activation	047201ae0c363cac	047201ae0c363cac6069d758060d7a6d9b2aa2b88380022bd43ea4ecb0af454d	lerobot_groot_n15	n15	lerobot_groot_n15__robocasa365_ckpt120000		0	Fully slide the top dishwasher rack out.	robocasa_panda_omron/SlideDishwasherRack_PandaOmron_Env	100031	1300003	0	0			5		1	0	0.0	0.0	8	8	left	Fully slide the top dishwasher rack out.	0	all_token_full	groot_n15_dit_block_residual_full_tokens_denoise	"[""layer"",""denoise_step"",""model_token"",""feature_dim""]"	[7,4,49,1536]	[0,2,4,8,10,12,15]	n15_topup_remaining_20260909	grid_coord	meta	meta_json	4ab360df2b71/worker1/DishwasherRack/out-left/s3/j0/n3/base	DishwasherRack_out-left	DishwasherRack/out-left
4ab360df2b71	worker1	DishwasherRack/out-left	3	0	4	base	activation	641cdd94970b0cce	641cdd94970b0ccee4ac09cab9998c3ffebebe4e3d6173e83a4000f47bba4b03	lerobot_groot_n15	n15	lerobot_groot_n15__robocasa365_ckpt120000		0	Fully slide the top dishwasher rack out.	robocasa_panda_omron/SlideDishwasherRack_PandaOmron_Env	100031	1300004	0	1			5		1	0	0.0	0.0	8	8	left	Fully slide the top dishwasher rack out.	0	all_token_full	groot_n15_dit_block_residual_full_tokens_denoise	"[""layer"",""denoise_step"",""model_token"",""feature_dim""]"	[7,4,49,1536]	[0,2,4,8,10,12,15]	n15_topup_remaining_20260909	grid_coord	meta	meta_json	4ab360df2b71/worker1/DishwasherRack/out-left/s3/j0/n4/base	DishwasherRack_out-left	DishwasherRack/out-left
4ab360df2b71	worker1	DishwasherRack/out-left	3	0	5	base	activation	cd00c7c3c0eb4139	cd00c7c3c0eb41398856d6899def4790106430865115ce485723773e5af45f75	lerobot_groot_n15	n15	lerobot_groot_n15__robocasa365_ckpt120000		0	Fully slide the top dishwasher rack out.	robocasa_panda_omron/SlideDishwasherRack_PandaOmron_Env	100031	1300005	0	1			5		1	0	0.0	0.0	8	8	left	Fully slide the top dishwasher rack out.	0	all_token_full	groot_n15_dit_block_residual_full_tokens_denoise	"[""layer"",""denoise_step"",""model_token"",""feature_dim""]"	[7,4,49,1536]	[0,2,4,8,10,12,15]	n15_topup_remaining_20260909	grid_coord	meta	meta_json	4ab360df2b71/worker1/DishwasherRack/out-left/s3/j0/n5/base	DishwasherRack_out-left	DishwasherRack/out-left
4ab360df2b71	worker1	DishwasherRack/out-left	3	0	6	base	activation	515717994c54d6a0	515717994c54d6a05152c578ac34fc23b6f1f25dff4ec1131a9d1eca98d3467d	lerobot_groot_n15	n15	lerobot_groot_n15__robocasa365_ckpt120000		0	Fully slide the top dishwasher rack out.	robocasa_panda_omron/SlideDishwasherRack_PandaOmron_Env	100031	1300006	0	1			5		1	0	0.0	0.0	8	8	left	Fully slide the top dishwasher rack out.	0	all_token_full	groot_n15_dit_block_residual_full_tokens_denoise	"[""layer"",""denoise_step"",""model_token"",""feature_dim""]"	[7,4,49,1536]	[0,2,4,8,10,12,15]	n15_topup_remaining_20260909	grid_coord	meta	meta_json	4ab360df2b71/worker1/DishwasherRack/out-left/s3/j0/n6/base	DishwasherRack_out-left	DishwasherRack/out-left
4ab360df2b71	worker1	DishwasherRack/out-left	3	0	7	base	activation	284f3f5c39d893d4	284f3f5c39d893d4c67feb5382854e8709adfac9d37a93303cdf8ddc9c1e0797	lerobot_groot_n15	n15	lerobot_groot_n15__robocasa365_ckpt120000		0	Fully slide the top dishwasher rack out.	robocasa_panda_omron/SlideDishwasherRack_PandaOmron_Env	100031	1300007	0	1			5		1	0	0.0	0.0	8	8	left	Fully slide the top dishwasher rack out.	0	all_token_full	groot_n15_dit_block_residual_full_tokens_denoise	"[""layer"",""denoise_step"",""model_token"",""feature_dim""]"	[7,4,49,1536]	[0,2,4,8,10,12,15]	n15_topup_remaining_20260909	grid_coord	meta	meta_json	4ab360df2b71/worker1/DishwasherRack/out-left/s3/j0/n7/base	DishwasherRack_out-left	DishwasherRack/out-left
4ab360df2b71	worker1	DishwasherRack/out-left	3	0	8	base	activation	2ebd3f7c9efb7e44	2ebd3f7c9efb7e447508c24aaedcec92563f2d93f82cf3dfd488c812225b9168	lerobot_groot_n15	n15	lerobot_groot_n15__robocasa365_ckpt120000		0	Fully slide the top dishwasher rack out.	robocasa_panda_omron/SlideDishwasherRack_PandaOmron_Env	100031	1300008	0	1			5		1	0	0.0	0.0	8	8	left	Fully slide the top dishwasher rack out.	0	all_token_full	groot_n15_dit_block_residual_full_tokens_denoise	"[""layer"",""denoise_step"",""model_token"",""feature_dim""]"	[7,4,49,1536]	[0,2,4,8,10,12,15]	n15_topup_remaining_20260909	grid_coord	meta	meta_json	4ab360df2b71/worker1/DishwasherRack/out-left/s3/j0/n8/base	DishwasherRack_out-left	DishwasherRack/out-left
4ab360df2b71	worker1	DishwasherRack/out-left	3	0	9	base	activation	2c4ee4d0f67a11bd	2c4ee4d0f67a11bd65d1debd1765ee77023460af5b7c2f6f5c94ffcca967933b	lerobot_groot_n15	n15	lerobot_groot_n15__robocasa365_ckpt120000		0	Fully slide the top dishwasher rack out.	robocasa_panda_omron/SlideDishwasherRack_PandaOmron_Env	100031	1300009	0	1			5		1	0	0.0	0.0	8	8	left	Fully slide the top dishwasher rack out.	0	all_token_full	groot_n15_dit_block_residual_full_tokens_denoise	"[""layer"",""denoise_step"",""model_token"",""feature_dim""]"	[7,4,49,1536]	[0,2,4,8,10,12,15]	n15_topup_remaining_20260909	grid_coord	meta	meta_json	4ab360df2b71/worker1/DishwasherRack/out-left/s3/j0/n9/base	DishwasherRack_out-left	DishwasherRack/out-left
4ab360df2b71	worker1	DishwasherRack/out-right	4	0	0	base	activation	37a07ed9b7efc131	37a07ed9b7efc131aade3fafbec70a70b498a21d25f1c42e319c5de06984ab01	lerobot_groot_n15	n15	lerobot_groot_n15__robocasa365_ckpt120000		0	Fully slide the top dishwasher rack out.	robocasa_panda_omron/SlideDishwasherRack_PandaOmron_Env	100280	1300000	0	0			5		1	0	0.0	0.0	2	2	right	Fully slide the top dishwasher rack out.	0	all_token_full	groot_n15_dit_block_residual_full_tokens_denoise	"[""layer"",""denoise_step"",""model_token"",""feature_dim""]"	[7,4,49,1536]	[0,2,4,8,10,12,15]	n15_topup_remaining_20260909	grid_coord	meta	meta_json	4ab360df2b71/worker1/DishwasherRack/out-right/s4/j0/n0/base	DishwasherRack_out-right	DishwasherRack/out-right
4ab360df2b71	worker1	DishwasherRack/out-right	4	0	1	base	activation	f6deb53a974ed8de	f6deb53a974ed8deaf3474d3a805fa1ddfdefbe7c917be50df96b1db71a01b75	lerobot_groot_n15	n15	lerobot_groot_n15__robocasa365_ckpt120000		0	Fully slide the top dishwasher rack out.	robocasa_panda_omron/SlideDishwasherRack_PandaOmron_Env	100280	1300001	0	0			5		1	0	0.0	0.0	2	2	right	Fully slide the top dishwasher rack out.	0	all_token_full	groot_n15_dit_block_residual_full_tokens_denoise	"[""layer"",""denoise_step"",""model_token"",""feature_dim""]"	[7,4,49,1536]	[0,2,4,8,10,12,15]	n15_topup_remaining_20260909	grid_coord	meta	meta_json	4ab360df2b71/worker1/DishwasherRack/out-right/s4/j0/n1/base	DishwasherRack_out-right	DishwasherRack/out-right
4ab360df2b71	worker1	DishwasherRack/out-right	4	0	2	base	activation	5e81c0418fa83fe7	5e81c0418fa83fe70007b3d1f286422dc75c7b3dc527ce617dbf5200b535cab4	lerobot_groot_n15	n15	lerobot_groot_n15__robocasa365_ckpt120000		0	Fully slide the top dishwasher rack out.	robocasa_panda_omron/SlideDishwasherRack_PandaOmron_Env	100280	1300002	0	0			5		1	0	0.0	0.0	2	2	right	Fully slide the top dishwasher rack out.	0	all_token_full	groot_n15_dit_block_residual_full_tokens_denoise	"[""layer"",""denoise_step"",""model_token"",""feature_dim""]"	[7,4,49,1536]	[0,2,4,8,10,12,15]	n15_topup_remaining_20260909	grid_coord	meta	meta_json	4ab360df2b71/worker1/DishwasherRack/out-right/s4/j0/n2/base	DishwasherRack_out-right	DishwasherRack/out-right
4ab360df2b71	worker1	DishwasherRack/out-right	4	0	3	base	activation	1c8bcc8de1b6a1e1	1c8bcc8de1b6a1e1c2a3462eae7133610f175e74a9f8e8580107ea981ab3227c	lerobot_groot_n15	n15	lerobot_groot_n15__robocasa365_ckpt120000		0	Fully slide the top dishwasher rack out.	robocasa_panda_omron/SlideDishwasherRack_PandaOmron_Env	100280	1300003	0	1			5		1	0	0.0	0.0	2	2	right	Fully slide the top dishwasher rack out.	0	all_token_full	groot_n15_dit_block_residual_full_tokens_denoise	"[""layer"",""denoise_step"",""model_token"",""feature_dim""]"	[7,4,49,1536]	[0,2,4,8,10,12,15]	n15_topup_remaining_20260909	grid_coord	meta	meta_json	4ab360df2b71/worker1/DishwasherRack/out-right/s4/j0/n3/base	DishwasherRack_out-right	DishwasherRack/out-right
4ab360df2b71	worker1	DishwasherRack/out-right	4	0	4	base	activation	29cb755e24fbb17f	29cb755e24fbb17fea90bdd2b074753c6378fd7aec46458d7034fc3b159f14a3	lerobot_groot_n15	n15	lerobot_groot_n15__robocasa365_ckpt120000		0	Fully slide the top dishwasher rack out.	robocasa_panda_omron/SlideDishwasherRack_PandaOmron_Env	100280	1300004	0	0			5		1	0	0.0	0.0	2	2	right	Fully slide the top dishwasher rack out.	0	all_token_full	groot_n15_dit_block_residual_full_tokens_denoise	"[""layer"",""denoise_step"",""model_token"",""feature_dim""]"	[7,4,49,1536]	[0,2,4,8,10,12,15]	n15_topup_remaining_20260909	grid_coord	meta	meta_json	4ab360df2b71/worker1/DishwasherRack/out-right/s4/j0/n4/base	DishwasherRack_out-right	DishwasherRack/out-right
4ab360df2b71	worker1	DishwasherRack/out-right	4	0	5	base	activation	a552de146d9f0e72	a552de146d9f0e72553b1bb0906fe5f576f93f12b6f860a98010a9635900a2b0	lerobot_groot_n15	n15	lerobot_groot_n15__robocasa365_ckpt120000		0	Fully slide the top dishwasher rack out.	robocasa_panda_omron/SlideDishwasherRack_PandaOmron_Env	100280	1300005	0	0			5		1	0	0.0	0.0	2	2	right	Fully slide the top dishwasher rack out.	0	all_token_full	groot_n15_dit_block_residual_full_tokens_denoise	"[""layer"",""denoise_step"",""model_token"",""feature_dim""]"	[7,4,49,1536]	[0,2,4,8,10,12,15]	n15_topup_remaining_20260909	grid_coord	meta	meta_json	4ab360df2b71/worker1/DishwasherRack/out-right/s4/j0/n5/base	DishwasherRack_out-right	DishwasherRack/out-right
4ab360df2b71	worker1	DishwasherRack/out-right	4	0	6	base	activation	d8cbfa5d99697ca2	d8cbfa5d99697ca2298809eb24330e3e6b2332c87efb0b822e9fa4ca30559efc	lerobot_groot_n15	n15	lerobot_groot_n15__robocasa365_ckpt120000		0	Fully slide the top dishwasher rack out.	robocasa_panda_omron/SlideDishwasherRack_PandaOmron_Env	100280	1300006	0	0			5		1	0	0.0	0.0	2	2	right	Fully slide the top dishwasher rack out.	0	all_token_full	groot_n15_dit_block_residual_full_tokens_denoise	"[""layer"",""denoise_step"",""model_token"",""feature_dim""]"	[7,4,49,1536]	[0,2,4,8,10,12,15]	n15_topup_remaining_20260909	grid_coord	meta	meta_json	4ab360df2b71/worker1/DishwasherRack/out-right/s4/j0/n6/base	DishwasherRack_out-right	DishwasherRack/out-right
4ab360df2b71	worker1	DishwasherRack/out-right	4	0	7	base	activation	622b3a33e6494f80	622b3a33e6494f80e4607ad899a0e1261368d702e64707e0e4d32db173f6d3e8	lerobot_groot_n15	n15	lerobot_groot_n15__robocasa365_ckpt120000		0	Fully slide the top dishwasher rack out.	robocasa_panda_omron/SlideDishwasherRack_PandaOmron_Env	100280	1300007	0	0			5		1	0	0.0	0.0	2	2	right	Fully slide the top dishwasher rack out.	0	all_token_full	groot_n15_dit_block_residual_full_tokens_denoise	"[""layer"",""denoise_step"",""model_token"",""feature_dim""]"	[7,4,49,1536]	[0,2,4,8,10,12,15]	n15_topup_remaining_20260909	grid_coord	meta	meta_json	4ab360df2b71/worker1/DishwasherRack/out-right/s4/j0/n7/base	DishwasherRack_out-right	DishwasherRack/out-right
4ab360df2b71	worker1	DishwasherRack/out-right	4	0	8	base	activation	c1b330d65a675574	c1b330d65a675574440c536181c3e11844da4a90f049f883b8924c34061ab34e	lerobot_groot_n15	n15	lerobot_groot_n15__robocasa365_ckpt120000		0	Fully slide the top dishwasher rack out.	robocasa_panda_omron/SlideDishwasherRack_PandaOmron_Env	100280	1300008	0	0			5		1	0	0.0	0.0	2	2	right	Fully slide the top dishwasher rack out.	0	all_token_full	groot_n15_dit_block_residual_full_tokens_denoise	"[""layer"",""denoise_step"",""model_token"",""feature_dim""]"	[7,4,49,1536]	[0,2,4,8,10,12,15]	n15_topup_remaining_20260909	grid_coord	meta	meta_json	4ab360df2b71/worker1/DishwasherRack/out-right/s4/j0/n8/base	DishwasherRack_out-right	DishwasherRack/out-right
4ab360df2b71	worker1	DishwasherRack/out-right	4	0	9	base	activation	5d51eefb68208f95	5d51eefb68208f9562ecb02889974b53f9d2b24e357a6dcd88e83b0b0285113a	lerobot_groot_n15	n15	lerobot_groot_n15__robocasa365_ckpt120000		0	Fully slide the top dishwasher rack out.	robocasa_panda_omron/SlideDishwasherRack_PandaOmron_Env	100280	1300009	0	0			5		1	0	0.0	0.0	2	2	right	Fully slide the top dishwasher rack out.	0	all_token_full	groot_n15_dit_block_residual_full_tokens_denoise	"[""layer"",""denoise_step"",""model_token"",""feature_dim""]"	[7,4,49,1536]	[0,2,4,8,10,12,15]	n15_topup_remaining_20260909	grid_coord	meta	meta_json	4ab360df2b71/worker1/DishwasherRack/out-right/s4/j0/n9/base	DishwasherRack_out-right	DishwasherRack/out-right
77e745c37b0f	worker2	PPCC/candle	0	0	0	base	activation	8a2f5d9aa5bf33fc	8a2f5d9aa5bf33fc1de0b4af1772d155fbc8008de0dee821bb17c5482422e7b9	lerobot_groot_n15	n15	lerobot_groot_n15__robocasa365_ckpt120000		0	Pick the candle from the counter and place it in the cabinet.	robocasa_panda_omron/PickPlaceCounterToCabinet_PandaOmron_Env	100477	1300000	0	0			5		1	0	0.0	0.0	4	4		Pick the candle from the counter and place it in the cabinet.	0	all_token_full	groot_n15_dit_block_residual_full_tokens_denoise	"[""layer"",""denoise_step"",""model_token"",""feature_dim""]"	[7,4,49,1536]	[0,2,4,8,10,12,15]	n15_grid_v6_scene_jitter	grid_coord	meta	meta_json	77e745c37b0f/worker2/PPCC/candle/s0/j0/n0/base	PPCC_candle	PPCC/candle
77e745c37b0f	worker2	PPCC/candle	0	0	1	base	activation	25151d2339da44f1	25151d2339da44f1431f844b0adb412dbe5a298bb32fcf52c6e1be7d7f338b81	lerobot_groot_n15	n15	lerobot_groot_n15__robocasa365_ckpt120000		0	Pick the candle from the counter and place it in the cabinet.	robocasa_panda_omron/PickPlaceCounterToCabinet_PandaOmron_Env	100477	1300001	0	0			5		1	0	0.0	0.0	4	4		Pick the candle from the counter and place it in the cabinet.	0	all_token_full	groot_n15_dit_block_residual_full_tokens_denoise	"[""layer"",""denoise_step"",""model_token"",""feature_dim""]"	[7,4,49,1536]	[0,2,4,8,10,12,15]	n15_grid_v6_scene_jitter	grid_coord	meta	meta_json	77e745c37b0f/worker2/PPCC/candle/s0/j0/n1/base	PPCC_candle	PPCC/candle
77e745c37b0f	worker2	PPCC/candle	0	0	2	base	activation	f35cc18e670a1f27	f35cc18e670a1f27304235a6651250d3ea2ab608b1d6526b6560c249e0e734d4	lerobot_groot_n15	n15	lerobot_groot_n15__robocasa365_ckpt120000		0	Pick the candle from the counter and place it in the cabinet.	robocasa_panda_omron/PickPlaceCounterToCabinet_PandaOmron_Env	100477	1300002	0	1			5		1	0	0.0	0.0	4	4		Pick the candle from the counter and place it in the cabinet.	0	all_token_full	groot_n15_dit_block_residual_full_tokens_denoise	"[""layer"",""denoise_step"",""model_token"",""feature_dim""]"	[7,4,49,1536]	[0,2,4,8,10,12,15]	n15_grid_v6_scene_jitter	grid_coord	meta	meta_json	77e745c37b0f/worker2/PPCC/candle/s0/j0/n2/base	PPCC_candle	PPCC/candle
77e745c37b0f	worker2	PPCC/candle	0	0	3	base	activation	cf107e083e107f61	cf107e083e107f6174bdc6708ed8ab134e5319c8f8dc2a59bfbb8dbf5e9472c9	lerobot_groot_n15	n15	lerobot_groot_n15__robocasa365_ckpt120000		0	Pick the candle from the counter and place it in the cabinet.	robocasa_panda_omron/PickPlaceCounterToCabinet_PandaOmron_Env	100477	1300003	0	1			5		1	0	0.0	0.0	4	4		Pick the candle from the counter and place it in the cabinet.	0	all_token_full	groot_n15_dit_block_residual_full_tokens_denoise	"[""layer"",""denoise_step"",""model_token"",""feature_dim""]"	[7,4,49,1536]	[0,2,4,8,10,12,15]	n15_grid_v6_scene_jitter	grid_coord	meta	meta_json	77e745c37b0f/worker2/PPCC/candle/s0/j0/n3/base	PPCC_candle	PPCC/candle
77e745c37b0f	worker2	PPCC/candle	0	0	4	base	activation	8c572d98c6210a21	8c572d98c6210a21054d020715d062bfb2292aa47966e0810f674ade326ed297	lerobot_groot_n15	n15	lerobot_groot_n15__robocasa365_ckpt120000		0	Pick the candle from the counter and place it in the cabinet.	robocasa_panda_omron/PickPlaceCounterToCabinet_PandaOmron_Env	100477	1300004	0	1			5		1	0	0.0	0.0	4	4		Pick the candle from the counter and place it in the cabinet.	0	all_token_full	groot_n15_dit_block_residual_full_tokens_denoise	"[""layer"",""denoise_step"",""model_token"",""feature_dim""]"	[7,4,49,1536]	[0,2,4,8,10,12,15]	n15_grid_v6_scene_jitter	grid_coord	meta	meta_json	77e745c37b0f/worker2/PPCC/candle/s0/j0/n4/base	PPCC_candle	PPCC/candle
77e745c37b0f	worker2	PPCC/candle	0	0	5	base	activation	1b56302f2b09e2a6	1b56302f2b09e2a66a348c735c74d15ea09f40c725908eb518c56a1d5dcf13ab	lerobot_groot_n15	n15	lerobot_groot_n15__robocasa365_ckpt120000		0	Pick the candle from the counter and place it in the cabinet.	robocasa_panda_omron/PickPlaceCounterToCabinet_PandaOmron_Env	100477	1300005	0	1			5		1	0	0.0	0.0	4	4		Pick the candle from the counter and place it in the cabinet.	0	all_token_full	groot_n15_dit_block_residual_full_tokens_denoise	"[""layer"",""denoise_step"",""model_token"",""feature_dim""]"	[7,4,49,1536]	[0,2,4,8,10,12,15]	n15_grid_v6_scene_jitter	grid_coord	meta	meta_json	77e745c37b0f/worker2/PPCC/candle/s0/j0/n5/base	PPCC_candle	PPCC/candle
77e745c37b0f	worker2	PPCC/candle	0	0	6	base	activation	9e7fe84cddd7af02	9e7fe84cddd7af0282b6a41300c4d3a876ea462b69194dc2b5981cd230bb7a76	lerobot_groot_n15	n15	lerobot_groot_n15__robocasa365_ckpt120000		0	Pick the candle from the counter and place it in the cabinet.	robocasa_panda_omron/PickPlaceCounterToCabinet_PandaOmron_Env	100477	1300006	0	1			5		1	0	0.0	0.0	4	4		Pick the candle from the counter and place it in the cabinet.	0	all_token_full	groot_n15_dit_block_residual_full_tokens_denoise	"[""layer"",""denoise_step"",""model_token"",""feature_dim""]"	[7,4,49,1536]	[0,2,4,8,10,12,15]	n15_grid_v6_scene_jitter	grid_coord	meta	meta_json	77e745c37b0f/worker2/PPCC/candle/s0/j0/n6/base	PPCC_candle	PPCC/candle
77e745c37b0f	worker2	PPCC/candle	0	0	7	base	activation	fca023c944ec562f	fca023c944ec562f444b800a53442c680b454e0f97483c42e2e81f4d69a9c9b7	lerobot_groot_n15	n15	lerobot_groot_n15__robocasa365_ckpt120000		0	Pick the candle from the counter and place it in the cabinet.	robocasa_panda_omron/PickPlaceCounterToCabinet_PandaOmron_Env	100477	1300007	0	1			5		1	0	0.0	0.0	4	4		Pick the candle from the counter and place it in the cabinet.	0	all_token_full	groot_n15_dit_block_residual_full_tokens_denoise	"[""layer"",""denoise_step"",""model_token"",""feature_dim""]"	[7,4,49,1536]	[0,2,4,8,10,12,15]	n15_grid_v6_scene_jitter	grid_coord	meta	meta_json	77e745c37b0f/worker2/PPCC/candle/s0/j0/n7/base	PPCC_candle	PPCC/candle
77e745c37b0f	worker2	PPCC/candle	0	0	8	base	activation	31d6c0881ada6084	31d6c0881ada60847ca1090a26b5c0a4dc6b04393fa6f7a37bb9c3a90c039350	lerobot_groot_n15	n15	lerobot_groot_n15__robocasa365_ckpt120000		0	Pick the candle from the counter and place it in the cabinet.	robocasa_panda_omron/PickPlaceCounterToCabinet_PandaOmron_Env	100477	1300008	0	1			5		1	0	0.0	0.0	4	4		Pick the candle from the counter and place it in the cabinet.	0	all_token_full	groot_n15_dit_block_residual_full_tokens_denoise	"[""layer"",""denoise_step"",""model_token"",""feature_dim""]"	[7,4,49,1536]	[0,2,4,8,10,12,15]	n15_grid_v6_scene_jitter	grid_coord	meta	meta_json	77e745c37b0f/worker2/PPCC/candle/s0/j0/n8/base	PPCC_candle	PPCC/candle
77e745c37b0f	worker2	PPCC/candle	0	0	9	base	activation	28ff44a2878c72ee	28ff44a2878c72eec22c92f8ddc38176a740b859e24d24d8f3bfdb9988e07eb5	lerobot_groot_n15	n15	lerobot_groot_n15__robocasa365_ckpt120000		0	Pick the candle from the counter and place it in the cabinet.	robocasa_panda_omron/PickPlaceCounterToCabinet_PandaOmron_Env	100477	1300009	0	1			5		1	0	0.0	0.0	4	4		Pick the candle from the counter and place it in the cabinet.	0	all_token_full	groot_n15_dit_block_residual_full_tokens_denoise	"[""layer"",""denoise_step"",""model_token"",""feature_dim""]"	[7,4,49,1536]	[0,2,4,8,10,12,15]	n15_grid_v6_scene_jitter	grid_coord	meta	meta_json	77e745c37b0f/worker2/PPCC/candle/s0/j0/n9/base	PPCC_candle	PPCC/candle
77e745c37b0f	worker2	PPCC/candle	1	1	0	base	activation	84209cdc106951c2	84209cdc106951c2e25cf4a08035f250866589c06a058172dc0f8e5b44cace22	lerobot_groot_n15	n15	lerobot_groot_n15__robocasa365_ckpt120000		0	Pick the candle from the counter and place it in the cabinet.	robocasa_panda_omron/PickPlaceCounterToCabinet_PandaOmron_Env	102074	1300000	0	1			5		1	1	0.0	0.0	9	9		Pick the candle from the counter and place it in the cabinet.	0	all_token_full	groot_n15_dit_block_residual_full_tokens_denoise	"[""layer"",""denoise_step"",""model_token"",""feature_dim""]"	[7,4,49,1536]	[0,2,4,8,10,12,15]	n15_grid_v6_scene_jitter	grid_coord	meta	meta_json	77e745c37b0f/worker2/PPCC/candle/s1/j1/n0/base	PPCC_candle	PPCC/candle
77e745c37b0f	worker2	PPCC/candle	1	1	1	base	activation	0b4d98674dbfccbe	0b4d98674dbfccbe3f85f390aaa29a7955116dee3993f00e5f643a8f12d48c58	lerobot_groot_n15	n15	lerobot_groot_n15__robocasa365_ckpt120000		0	Pick the candle from the counter and place it in the cabinet.	robocasa_panda_omron/PickPlaceCounterToCabinet_PandaOmron_Env	102074	1300001	0	1			5		1	1	0.0	0.0	9	9		Pick the candle from the counter and place it in the cabinet.	0	all_token_full	groot_n15_dit_block_residual_full_tokens_denoise	"[""layer"",""denoise_step"",""model_token"",""feature_dim""]"	[7,4,49,1536]	[0,2,4,8,10,12,15]	n15_grid_v6_scene_jitter	grid_coord	meta	meta_json	77e745c37b0f/worker2/PPCC/candle/s1/j1/n1/base	PPCC_candle	PPCC/candle
77e745c37b0f	worker2	PPCC/candle	1	1	2	base	activation	a2b1dbea84af1e75	a2b1dbea84af1e754fd204769fa7cb0f657a09cd13cbf9da6076f5962f5c3f9d	lerobot_groot_n15	n15	lerobot_groot_n15__robocasa365_ckpt120000		0	Pick the candle from the counter and place it in the cabinet.	robocasa_panda_omron/PickPlaceCounterToCabinet_PandaOmron_Env	102074	1300002	0	1			5		1	1	0.0	0.0	9	9		Pick the candle from the counter and place it in the cabinet.	0	all_token_full	groot_n15_dit_block_residual_full_tokens_denoise	"[""layer"",""denoise_step"",""model_token"",""feature_dim""]"	[7,4,49,1536]	[0,2,4,8,10,12,15]	n15_grid_v6_scene_jitter	grid_coord	meta	meta_json	77e745c37b0f/worker2/PPCC/candle/s1/j1/n2/base	PPCC_candle	PPCC/candle
77e745c37b0f	worker2	PPCC/candle	1	1	3	base	activation	0f889ad4391186d1	0f889ad4391186d1fa7a15a28ae536a0268a102bba07bd231442e48356322071	lerobot_groot_n15	n15	lerobot_groot_n15__robocasa365_ckpt120000		0	Pick the candle from the counter and place it in the cabinet.	robocasa_panda_omron/PickPlaceCounterToCabinet_PandaOmron_Env	102074	1300003	0	1			5		1	1	0.0	0.0	9	9		Pick the candle from the counter and place it in the cabinet.	0	all_token_full	groot_n15_dit_block_residual_full_tokens_denoise	"[""layer"",""denoise_step"",""model_token"",""feature_dim""]"	[7,4,49,1536]	[0,2,4,8,10,12,15]	n15_grid_v6_scene_jitter	grid_coord	meta	meta_json	77e745c37b0f/worker2/PPCC/candle/s1/j1/n3/base	PPCC_candle	PPCC/candle
77e745c37b0f	worker2	PPCC/candle	1	1	4	base	activation	2966a4263d3ba91e	2966a4263d3ba91ebb0408f0c69434ef6cf4f6b8eb58405d7b1eb30e5d944f24	lerobot_groot_n15	n15	lerobot_groot_n15__robocasa365_ckpt120000		0	Pick the candle from the counter and place it in the cabinet.	robocasa_panda_omron/PickPlaceCounterToCabinet_PandaOmron_Env	102074	1300004	0	0			5		1	1	0.0	0.0	9	9		Pick the candle from the counter and place it in the cabinet.	0	all_token_full	groot_n15_dit_block_residual_full_tokens_denoise	"[""layer"",""denoise_step"",""model_token"",""feature_dim""]"	[7,4,49,1536]	[0,2,4,8,10,12,15]	n15_grid_v6_scene_jitter	grid_coord	meta	meta_json	77e745c37b0f/worker2/PPCC/candle/s1/j1/n4/base	PPCC_candle	PPCC/candle
77e745c37b0f	worker2	PPCC/candle	1	1	5	base	activation	69b25aa6cafdaf91	69b25aa6cafdaf91cc964f5c317b0a6244ae3d227d0258f5425ff203984f73d8	lerobot_groot_n15	n15	lerobot_groot_n15__robocasa365_ckpt120000		0	Pick the candle from the counter and place it in the cabinet.	robocasa_panda_omron/PickPlaceCounterToCabinet_PandaOmron_Env	102074	1300005	0	1			5		1	1	0.0	0.0	9	9		Pick the candle from the counter and place it in the cabinet.	0	all_token_full	groot_n15_dit_block_residual_full_tokens_denoise	"[""layer"",""denoise_step"",""model_token"",""feature_dim""]"	[7,4,49,1536]	[0,2,4,8,10,12,15]	n15_grid_v6_scene_jitter	grid_coord	meta	meta_json	77e745c37b0f/worker2/PPCC/candle/s1/j1/n5/base	PPCC_candle	PPCC/candle
77e745c37b0f	worker2	PPCC/candle	1	1	6	base	activation	1e4177a46ee6d22e	1e4177a46ee6d22ee04010bd4d1251859619f5606b087e5686859e6d979f469b	lerobot_groot_n15	n15	lerobot_groot_n15__robocasa365_ckpt120000		0	Pick the candle from the counter and place it in the cabinet.	robocasa_panda_omron/PickPlaceCounterToCabinet_PandaOmron_Env	102074	1300006	0	1			5		1	1	0.0	0.0	9	9		Pick the candle from the counter and place it in the cabinet.	0	all_token_full	groot_n15_dit_block_residual_full_tokens_denoise	"[""layer"",""denoise_step"",""model_token"",""feature_dim""]"	[7,4,49,1536]	[0,2,4,8,10,12,15]	n15_grid_v6_scene_jitter	grid_coord	meta	meta_json	77e745c37b0f/worker2/PPCC/candle/s1/j1/n6/base	PPCC_candle	PPCC/candle
77e745c37b0f	worker2	PPCC/candle	1	1	7	base	activation	7545a6182567c069	7545a6182567c0699a88622afd4d726ddc7c3d2904e668ade48c97beb6cf0ff8	lerobot_groot_n15	n15	lerobot_groot_n15__robocasa365_ckpt120000		0	Pick the candle from the counter and place it in the cabinet.	robocasa_panda_omron/PickPlaceCounterToCabinet_PandaOmron_Env	102074	1300007	0	1			5		1	1	0.0	0.0	9	9		Pick the candle from the counter and place it in the cabinet.	0	all_token_full	groot_n15_dit_block_residual_full_tokens_denoise	"[""layer"",""denoise_step"",""model_token"",""feature_dim""]"	[7,4,49,1536]	[0,2,4,8,10,12,15]	n15_grid_v6_scene_jitter	grid_coord	meta	meta_json	77e745c37b0f/worker2/PPCC/candle/s1/j1/n7/base	PPCC_candle	PPCC/candle
77e745c37b0f	worker2	PPCC/candle	1	1	8	base	activation	773352d134f1bf1a	773352d134f1bf1ab8ca79a114524a1e9c3bc1099189f4d7994a1f1501ba7957	lerobot_groot_n15	n15	lerobot_groot_n15__robocasa365_ckpt120000		0	Pick the candle from the counter and place it in the cabinet.	robocasa_panda_omron/PickPlaceCounterToCabinet_PandaOmron_Env	102074	1300008	0	1			5		1	1	0.0	0.0	9	9		Pick the candle from the counter and place it in the cabinet.	0	all_token_full	groot_n15_dit_block_residual_full_tokens_denoise	"[""layer"",""denoise_step"",""model_token"",""feature_dim""]"	[7,4,49,1536]	[0,2,4,8,10,12,15]	n15_grid_v6_scene_jitter	grid_coord	meta	meta_json	77e745c37b0f/worker2/PPCC/candle/s1/j1/n8/base	PPCC_candle	PPCC/candle
77e745c37b0f	worker2	PPCC/candle	1	1	9	base	activation	ddcaf8d783f91fbd	ddcaf8d783f91fbdfda01d425ce61c44acf3925df332b1032078285938d2f198	lerobot_groot_n15	n15	lerobot_groot_n15__robocasa365_ckpt120000		0	Pick the candle from the counter and place it in the cabinet.	robocasa_panda_omron/PickPlaceCounterToCabinet_PandaOmron_Env	102074	1300009	0	1			5		1	1	0.0	0.0	9	9		Pick the candle from the counter and place it in the cabinet.	0	all_token_full	groot_n15_dit_block_residual_full_tokens_denoise	"[""layer"",""denoise_step"",""model_token"",""feature_dim""]"	[7,4,49,1536]	[0,2,4,8,10,12,15]	n15_grid_v6_scene_jitter	grid_coord	meta	meta_json	77e745c37b0f/worker2/PPCC/candle/s1/j1/n9/base	PPCC_candle	PPCC/candle
77e745c37b0f	worker2	PPCC/candle	2	2	0	base	activation	1aab6d42f5fd8cd1	1aab6d42f5fd8cd121d91de08a22d59215c3fe074eb9acddbdd699d3773926e4	lerobot_groot_n15	n15	lerobot_groot_n15__robocasa365_ckpt120000		0	Pick the candle from the counter and place it in the cabinet.	robocasa_panda_omron/PickPlaceCounterToCabinet_PandaOmron_Env	100376	1300000	0	1			5		1	2	0.0	0.0	5	5		Pick the candle from the counter and place it in the cabinet.	0	all_token_full	groot_n15_dit_block_residual_full_tokens_denoise	"[""layer"",""denoise_step"",""model_token"",""feature_dim""]"	[7,4,49,1536]	[0,2,4,8,10,12,15]	n15_grid_v6_scene_jitter	grid_coord	meta	meta_json	77e745c37b0f/worker2/PPCC/candle/s2/j2/n0/base	PPCC_candle	PPCC/candle
77e745c37b0f	worker2	PPCC/candle	2	2	1	base	activation	94b8aa5ef33d6ef7	94b8aa5ef33d6ef794e19da4cb7f07e1574ce9b02cd10f9ec518fdbb7aa88907	lerobot_groot_n15	n15	lerobot_groot_n15__robocasa365_ckpt120000		0	Pick the candle from the counter and place it in the cabinet.	robocasa_panda_omron/PickPlaceCounterToCabinet_PandaOmron_Env	100376	1300001	0	0			5		1	2	0.0	0.0	5	5		Pick the candle from the counter and place it in the cabinet.	0	all_token_full	groot_n15_dit_block_residual_full_tokens_denoise	"[""layer"",""denoise_step"",""model_token"",""feature_dim""]"	[7,4,49,1536]	[0,2,4,8,10,12,15]	n15_grid_v6_scene_jitter	grid_coord	meta	meta_json	77e745c37b0f/worker2/PPCC/candle/s2/j2/n1/base	PPCC_candle	PPCC/candle
77e745c37b0f	worker2	PPCC/candle	2	2	2	base	activation	952a4e59b5dba607	952a4e59b5dba60703b3af4771791b18b1376e96ba2a9996eb07226d524a91ad	lerobot_groot_n15	n15	lerobot_groot_n15__robocasa365_ckpt120000		0	Pick the candle from the counter and place it in the cabinet.	robocasa_panda_omron/PickPlaceCounterToCabinet_PandaOmron_Env	100376	1300002	0	0			5		1	2	0.0	0.0	5	5		Pick the candle from the counter and place it in the cabinet.	0	all_token_full	groot_n15_dit_block_residual_full_tokens_denoise	"[""layer"",""denoise_step"",""model_token"",""feature_dim""]"	[7,4,49,1536]	[0,2,4,8,10,12,15]	n15_grid_v6_scene_jitter	grid_coord	meta	meta_json	77e745c37b0f/worker2/PPCC/candle/s2/j2/n2/base	PPCC_candle	PPCC/candle
77e745c37b0f	worker2	PPCC/candle	2	2	3	base	activation	372cc35a2b3c0dc2	372cc35a2b3c0dc2199a2271db188fa06658afacbd207e1bfc2e4566eb750616	lerobot_groot_n15	n15	lerobot_groot_n15__robocasa365_ckpt120000		0	Pick the candle from the counter and place it in the cabinet.	robocasa_panda_omron/PickPlaceCounterToCabinet_PandaOmron_Env	100376	1300003	0	1			5		1	2	0.0	0.0	5	5		Pick the candle from the counter and place it in the cabinet.	0	all_token_full	groot_n15_dit_block_residual_full_tokens_denoise	"[""layer"",""denoise_step"",""model_token"",""feature_dim""]"	[7,4,49,1536]	[0,2,4,8,10,12,15]	n15_grid_v6_scene_jitter	grid_coord	meta	meta_json	77e745c37b0f/worker2/PPCC/candle/s2/j2/n3/base	PPCC_candle	PPCC/candle
77e745c37b0f	worker2	PPCC/candle	2	2	4	base	activation	d776ccc99dbb53a7	d776ccc99dbb53a738584aa205f884a145ef0ca4e14c8e4fcfa9e1a15d2ec0e1	lerobot_groot_n15	n15	lerobot_groot_n15__robocasa365_ckpt120000		0	Pick the candle from the counter and place it in the cabinet.	robocasa_panda_omron/PickPlaceCounterToCabinet_PandaOmron_Env	100376	1300004	0	1			5		1	2	0.0	0.0	5	5		Pick the candle from the counter and place it in the cabinet.	0	all_token_full	groot_n15_dit_block_residual_full_tokens_denoise	"[""layer"",""denoise_step"",""model_token"",""feature_dim""]"	[7,4,49,1536]	[0,2,4,8,10,12,15]	n15_grid_v6_scene_jitter	grid_coord	meta	meta_json	77e745c37b0f/worker2/PPCC/candle/s2/j2/n4/base	PPCC_candle	PPCC/candle
77e745c37b0f	worker2	PPCC/candle	2	2	5	base	activation	31a529451a96c545	31a529451a96c5454c63a6ddedfaa74ff9b9584989ae2b17de0a7cca92b5d61f	lerobot_groot_n15	n15	lerobot_groot_n15__robocasa365_ckpt120000		0	Pick the candle from the counter and place it in the cabinet.	robocasa_panda_omron/PickPlaceCounterToCabinet_PandaOmron_Env	100376	1300005	0	1			5		1	2	0.0	0.0	5	5		Pick the candle from the counter and place it in the cabinet.	0	all_token_full	groot_n15_dit_block_residual_full_tokens_denoise	"[""layer"",""denoise_step"",""model_token"",""feature_dim""]"	[7,4,49,1536]	[0,2,4,8,10,12,15]	n15_grid_v6_scene_jitter	grid_coord	meta	meta_json	77e745c37b0f/worker2/PPCC/candle/s2/j2/n5/base	PPCC_candle	PPCC/candle
77e745c37b0f	worker2	PPCC/candle	2	2	6	base	activation	153b8735765cfa3c	153b8735765cfa3cd1fb98a5ecf4d039c693414e396cad6824152aa1134de0a8	lerobot_groot_n15	n15	lerobot_groot_n15__robocasa365_ckpt120000		0	Pick the candle from the counter and place it in the cabinet.	robocasa_panda_omron/PickPlaceCounterToCabinet_PandaOmron_Env	100376	1300006	0	1			5		1	2	0.0	0.0	5	5		Pick the candle from the counter and place it in the cabinet.	0	all_token_full	groot_n15_dit_block_residual_full_tokens_denoise	"[""layer"",""denoise_step"",""model_token"",""feature_dim""]"	[7,4,49,1536]	[0,2,4,8,10,12,15]	n15_grid_v6_scene_jitter	grid_coord	meta	meta_json	77e745c37b0f/worker2/PPCC/candle/s2/j2/n6/base	PPCC_candle	PPCC/candle
77e745c37b0f	worker2	PPCC/candle	2	2	7	base	activation	1ca0178875d236af	1ca0178875d236afc2b3e8412ad8697d025edc01ae5e5128c29b17d35c01493b	lerobot_groot_n15	n15	lerobot_groot_n15__robocasa365_ckpt120000		0	Pick the candle from the counter and place it in the cabinet.	robocasa_panda_omron/PickPlaceCounterToCabinet_PandaOmron_Env	100376	1300007	0	1			5		1	2	0.0	0.0	5	5		Pick the candle from the counter and place it in the cabinet.	0	all_token_full	groot_n15_dit_block_residual_full_tokens_denoise	"[""layer"",""denoise_step"",""model_token"",""feature_dim""]"	[7,4,49,1536]	[0,2,4,8,10,12,15]	n15_grid_v6_scene_jitter	grid_coord	meta	meta_json	77e745c37b0f/worker2/PPCC/candle/s2/j2/n7/base	PPCC_candle	PPCC/candle
77e745c37b0f	worker2	PPCC/candle	2	2	8	base	activation	af2c64405174e07b	af2c64405174e07bdcf8613f0a25b6700d6b46587216ddf0daf6d02493e47eb9	lerobot_groot_n15	n15	lerobot_groot_n15__robocasa365_ckpt120000		0	Pick the candle from the counter and place it in the cabinet.	robocasa_panda_omron/PickPlaceCounterToCabinet_PandaOmron_Env	100376	1300008	0	1			5		1	2	0.0	0.0	5	5		Pick the candle from the counter and place it in the cabinet.	0	all_token_full	groot_n15_dit_block_residual_full_tokens_denoise	"[""layer"",""denoise_step"",""model_token"",""feature_dim""]"	[7,4,49,1536]	[0,2,4,8,10,12,15]	n15_grid_v6_scene_jitter	grid_coord	meta	meta_json	77e745c37b0f/worker2/PPCC/candle/s2/j2/n8/base	PPCC_candle	PPCC/candle
77e745c37b0f	worker2	PPCC/candle	2	2	9	base	activation	46c9da069651d8fb	46c9da069651d8fb8772b6bcba9eb54fea7b41b58320595c4bf6674b77ad9e7d	lerobot_groot_n15	n15	lerobot_groot_n15__robocasa365_ckpt120000		0	Pick the candle from the counter and place it in the cabinet.	robocasa_panda_omron/PickPlaceCounterToCabinet_PandaOmron_Env	100376	1300009	0	0			5		1	2	0.0	0.0	5	5		Pick the candle from the counter and place it in the cabinet.	0	all_token_full	groot_n15_dit_block_residual_full_tokens_denoise	"[""layer"",""denoise_step"",""model_token"",""feature_dim""]"	[7,4,49,1536]	[0,2,4,8,10,12,15]	n15_grid_v6_scene_jitter	grid_coord	meta	meta_json	77e745c37b0f/worker2/PPCC/candle/s2/j2/n9/base	PPCC_candle	PPCC/candle
77e745c37b0f	worker2	PPCC/bread	0	0	0	base	activation	9bd59bbaf327def1	9bd59bbaf327def156f03ab0acc1b295d0bc54c6d5525df68d2e3abf9dd84bc7	lerobot_groot_n15	n15	lerobot_groot_n15__robocasa365_ckpt120000		0	Pick the bread from the counter and place it in the cabinet.	robocasa_panda_omron/PickPlaceCounterToCabinet_PandaOmron_Env	100466	1300000	0	1			5		1	0	0.0	0.0	4	4		Pick the bread from the counter and place it in the cabinet.	0	all_token_full	groot_n15_dit_block_residual_full_tokens_denoise	"[""layer"",""denoise_step"",""model_token"",""feature_dim""]"	[7,4,49,1536]	[0,2,4,8,10,12,15]	n15_grid_v6_scene_jitter	grid_coord	meta	meta_json	77e745c37b0f/worker2/PPCC/bread/s0/j0/n0/base	PPCC_bread	PPCC/bread
77e745c37b0f	worker2	PPCC/bread	0	0	1	base	activation	3df6ce98f693a995	3df6ce98f693a9953759e6a65e9c22e5821eefb214a5cb30e57de63963397a4d	lerobot_groot_n15	n15	lerobot_groot_n15__robocasa365_ckpt120000		0	Pick the bread from the counter and place it in the cabinet.	robocasa_panda_omron/PickPlaceCounterToCabinet_PandaOmron_Env	100466	1300001	0	1			5		1	0	0.0	0.0	4	4		Pick the bread from the counter and place it in the cabinet.	0	all_token_full	groot_n15_dit_block_residual_full_tokens_denoise	"[""layer"",""denoise_step"",""model_token"",""feature_dim""]"	[7,4,49,1536]	[0,2,4,8,10,12,15]	n15_grid_v6_scene_jitter	grid_coord	meta	meta_json	77e745c37b0f/worker2/PPCC/bread/s0/j0/n1/base	PPCC_bread	PPCC/bread
77e745c37b0f	worker2	PPCC/bread	0	0	2	base	activation	bd403835f9539220	bd403835f95392201aa2ff750ab81b4d652d7ea911b7d5807c67edaa054159a4	lerobot_groot_n15	n15	lerobot_groot_n15__robocasa365_ckpt120000		0	Pick the bread from the counter and place it in the cabinet.	robocasa_panda_omron/PickPlaceCounterToCabinet_PandaOmron_Env	100466	1300002	0	1			5		1	0	0.0	0.0	4	4		Pick the bread from the counter and place it in the cabinet.	0	all_token_full	groot_n15_dit_block_residual_full_tokens_denoise	"[""layer"",""denoise_step"",""model_token"",""feature_dim""]"	[7,4,49,1536]	[0,2,4,8,10,12,15]	n15_grid_v6_scene_jitter	grid_coord	meta	meta_json	77e745c37b0f/worker2/PPCC/bread/s0/j0/n2/base	PPCC_bread	PPCC/bread
77e745c37b0f	worker2	PPCC/bread	0	0	3	base	activation	9c4c827f3db5fe8e	9c4c827f3db5fe8e7c730fa5a624b768021978310fbac8142f707a162a224d64	lerobot_groot_n15	n15	lerobot_groot_n15__robocasa365_ckpt120000		0	Pick the bread from the counter and place it in the cabinet.	robocasa_panda_omron/PickPlaceCounterToCabinet_PandaOmron_Env	100466	1300003	0	0			5		1	0	0.0	0.0	4	4		Pick the bread from the counter and place it in the cabinet.	0	all_token_full	groot_n15_dit_block_residual_full_tokens_denoise	"[""layer"",""denoise_step"",""model_token"",""feature_dim""]"	[7,4,49,1536]	[0,2,4,8,10,12,15]	n15_grid_v6_scene_jitter	grid_coord	meta	meta_json	77e745c37b0f/worker2/PPCC/bread/s0/j0/n3/base	PPCC_bread	PPCC/bread
77e745c37b0f	worker2	PPCC/bread	0	0	4	base	activation	829f5938532e176e	829f5938532e176e09660e2b2533d3b6dcfe4bb4499cbeb1440509a49c29c493	lerobot_groot_n15	n15	lerobot_groot_n15__robocasa365_ckpt120000		0	Pick the bread from the counter and place it in the cabinet.	robocasa_panda_omron/PickPlaceCounterToCabinet_PandaOmron_Env	100466	1300004	0	0			5		1	0	0.0	0.0	4	4		Pick the bread from the counter and place it in the cabinet.	0	all_token_full	groot_n15_dit_block_residual_full_tokens_denoise	"[""layer"",""denoise_step"",""model_token"",""feature_dim""]"	[7,4,49,1536]	[0,2,4,8,10,12,15]	n15_grid_v6_scene_jitter	grid_coord	meta	meta_json	77e745c37b0f/worker2/PPCC/bread/s0/j0/n4/base	PPCC_bread	PPCC/bread
77e745c37b0f	worker2	PPCC/bread	0	0	5	base	activation	b44b9674afc01dcb	b44b9674afc01dcb2d32947ea6bc4ddf461c17220e99e58f67c8032719eb9c96	lerobot_groot_n15	n15	lerobot_groot_n15__robocasa365_ckpt120000		0	Pick the bread from the counter and place it in the cabinet.	robocasa_panda_omron/PickPlaceCounterToCabinet_PandaOmron_Env	100466	1300005	0	0			5		1	0	0.0	0.0	4	4		Pick the bread from the counter and place it in the cabinet.	0	all_token_full	groot_n15_dit_block_residual_full_tokens_denoise	"[""layer"",""denoise_step"",""model_token"",""feature_dim""]"	[7,4,49,1536]	[0,2,4,8,10,12,15]	n15_grid_v6_scene_jitter	grid_coord	meta	meta_json	77e745c37b0f/worker2/PPCC/bread/s0/j0/n5/base	PPCC_bread	PPCC/bread
77e745c37b0f	worker2	PPCC/bread	0	0	6	base	activation	899f53bb36b357bf	899f53bb36b357bfde1c72bda391012b627b62d3f5c2f50f93bf406ae1792234	lerobot_groot_n15	n15	lerobot_groot_n15__robocasa365_ckpt120000		0	Pick the bread from the counter and place it in the cabinet.	robocasa_panda_omron/PickPlaceCounterToCabinet_PandaOmron_Env	100466	1300006	0	0			5		1	0	0.0	0.0	4	4		Pick the bread from the counter and place it in the cabinet.	0	all_token_full	groot_n15_dit_block_residual_full_tokens_denoise	"[""layer"",""denoise_step"",""model_token"",""feature_dim""]"	[7,4,49,1536]	[0,2,4,8,10,12,15]	n15_grid_v6_scene_jitter	grid_coord	meta	meta_json	77e745c37b0f/worker2/PPCC/bread/s0/j0/n6/base	PPCC_bread	PPCC/bread
77e745c37b0f	worker2	PPCC/bread	0	0	7	base	activation	fad7b9bd2a11b4da	fad7b9bd2a11b4daa587b73b6ae835f1ddd8f1ac4b735bd8781a65058e4ec2b5	lerobot_groot_n15	n15	lerobot_groot_n15__robocasa365_ckpt120000		0	Pick the bread from the counter and place it in the cabinet.	robocasa_panda_omron/PickPlaceCounterToCabinet_PandaOmron_Env	100466	1300007	0	0			5		1	0	0.0	0.0	4	4		Pick the bread from the counter and place it in the cabinet.	0	all_token_full	groot_n15_dit_block_residual_full_tokens_denoise	"[""layer"",""denoise_step"",""model_token"",""feature_dim""]"	[7,4,49,1536]	[0,2,4,8,10,12,15]	n15_grid_v6_scene_jitter	grid_coord	meta	meta_json	77e745c37b0f/worker2/PPCC/bread/s0/j0/n7/base	PPCC_bread	PPCC/bread
77e745c37b0f	worker2	PPCC/bread	0	0	8	base	activation	e98fbe5ac0f08be4	e98fbe5ac0f08be4f60eb2ad990ce084f6279d586cb86c00ab187c9a48092825	lerobot_groot_n15	n15	lerobot_groot_n15__robocasa365_ckpt120000		0	Pick the bread from the counter and place it in the cabinet.	robocasa_panda_omron/PickPlaceCounterToCabinet_PandaOmron_Env	100466	1300008	0	1			5		1	0	0.0	0.0	4	4		Pick the bread from the counter and place it in the cabinet.	0	all_token_full	groot_n15_dit_block_residual_full_tokens_denoise	"[""layer"",""denoise_step"",""model_token"",""feature_dim""]"	[7,4,49,1536]	[0,2,4,8,10,12,15]	n15_grid_v6_scene_jitter	grid_coord	meta	meta_json	77e745c37b0f/worker2/PPCC/bread/s0/j0/n8/base	PPCC_bread	PPCC/bread
77e745c37b0f	worker2	PPCC/bread	0	0	9	base	activation	cdeacb79b2acc159	cdeacb79b2acc159a351f99866eda6202aff881dde825fe1a54e41aea113653d	lerobot_groot_n15	n15	lerobot_groot_n15__robocasa365_ckpt120000		0	Pick the bread from the counter and place it in the cabinet.	robocasa_panda_omron/PickPlaceCounterToCabinet_PandaOmron_Env	100466	1300009	0	0			5		1	0	0.0	0.0	4	4		Pick the bread from the counter and place it in the cabinet.	0	all_token_full	groot_n15_dit_block_residual_full_tokens_denoise	"[""layer"",""denoise_step"",""model_token"",""feature_dim""]"	[7,4,49,1536]	[0,2,4,8,10,12,15]	n15_grid_v6_scene_jitter	grid_coord	meta	meta_json	77e745c37b0f/worker2/PPCC/bread/s0/j0/n9/base	PPCC_bread	PPCC/bread
77e745c37b0f	worker2	PPCC/jug	0	2	0	base	activation	efd5f7de6484bebe	efd5f7de6484bebe2b1312a3beb58162b074eabc2f7c98606dd4abeb94b7f249	lerobot_groot_n15	n15	lerobot_groot_n15__robocasa365_ckpt120000		0	Pick the jug from the counter and place it in the cabinet.	robocasa_panda_omron/PickPlaceCounterToCabinet_PandaOmron_Env	101250	1300000	0	0			5		1	2	0.0	0.0	4	4		Pick the jug from the counter and place it in the cabinet.	0	all_token_full	groot_n15_dit_block_residual_full_tokens_denoise	"[""layer"",""denoise_step"",""model_token"",""feature_dim""]"	[7,4,49,1536]	[0,2,4,8,10,12,15]	n15_grid_v6_scene_jitter	grid_coord	meta	meta_json	77e745c37b0f/worker2/PPCC/jug/s0/j2/n0/base	PPCC_jug	PPCC/jug
77e745c37b0f	worker2	PPCC/jug	0	2	1	base	activation	3cedddd4f9246208	3cedddd4f9246208dce61aa73f89d143e82f4d95f3a71ad18824862319d9781e	lerobot_groot_n15	n15	lerobot_groot_n15__robocasa365_ckpt120000		0	Pick the jug from the counter and place it in the cabinet.	robocasa_panda_omron/PickPlaceCounterToCabinet_PandaOmron_Env	101250	1300001	0	0			5		1	2	0.0	0.0	4	4		Pick the jug from the counter and place it in the cabinet.	0	all_token_full	groot_n15_dit_block_residual_full_tokens_denoise	"[""layer"",""denoise_step"",""model_token"",""feature_dim""]"	[7,4,49,1536]	[0,2,4,8,10,12,15]	n15_grid_v6_scene_jitter	grid_coord	meta	meta_json	77e745c37b0f/worker2/PPCC/jug/s0/j2/n1/base	PPCC_jug	PPCC/jug
77e745c37b0f	worker2	PPCC/jug	0	2	2	base	activation	a3624a9d5b66cc83	a3624a9d5b66cc830bd524b0cb78724dc3702993aea60a80cb3ce63a8b1ba259	lerobot_groot_n15	n15	lerobot_groot_n15__robocasa365_ckpt120000		0	Pick the jug from the counter and place it in the cabinet.	robocasa_panda_omron/PickPlaceCounterToCabinet_PandaOmron_Env	101250	1300002	0	0			5		1	2	0.0	0.0	4	4		Pick the jug from the counter and place it in the cabinet.	0	all_token_full	groot_n15_dit_block_residual_full_tokens_denoise	"[""layer"",""denoise_step"",""model_token"",""feature_dim""]"	[7,4,49,1536]	[0,2,4,8,10,12,15]	n15_grid_v6_scene_jitter	grid_coord	meta	meta_json	77e745c37b0f/worker2/PPCC/jug/s0/j2/n2/base	PPCC_jug	PPCC/jug
77e745c37b0f	worker2	PPCC/jug	0	2	3	base	activation	6c222273f4ebe083	6c222273f4ebe083a2c91eb4c49bdb018803641a551c496dd7a8666e722e8351	lerobot_groot_n15	n15	lerobot_groot_n15__robocasa365_ckpt120000		0	Pick the jug from the counter and place it in the cabinet.	robocasa_panda_omron/PickPlaceCounterToCabinet_PandaOmron_Env	101250	1300003	0	0			5		1	2	0.0	0.0	4	4		Pick the jug from the counter and place it in the cabinet.	0	all_token_full	groot_n15_dit_block_residual_full_tokens_denoise	"[""layer"",""denoise_step"",""model_token"",""feature_dim""]"	[7,4,49,1536]	[0,2,4,8,10,12,15]	n15_grid_v6_scene_jitter	grid_coord	meta	meta_json	77e745c37b0f/worker2/PPCC/jug/s0/j2/n3/base	PPCC_jug	PPCC/jug
77e745c37b0f	worker2	PPCC/jug	0	2	4	base	activation	928c248eabd462c3	928c248eabd462c3bb6b58f8de041c820e93f319ec7eee909d0b6b7610277d92	lerobot_groot_n15	n15	lerobot_groot_n15__robocasa365_ckpt120000		0	Pick the jug from the counter and place it in the cabinet.	robocasa_panda_omron/PickPlaceCounterToCabinet_PandaOmron_Env	101250	1300004	0	0			5		1	2	0.0	0.0	4	4		Pick the jug from the counter and place it in the cabinet.	0	all_token_full	groot_n15_dit_block_residual_full_tokens_denoise	"[""layer"",""denoise_step"",""model_token"",""feature_dim""]"	[7,4,49,1536]	[0,2,4,8,10,12,15]	n15_grid_v6_scene_jitter	grid_coord	meta	meta_json	77e745c37b0f/worker2/PPCC/jug/s0/j2/n4/base	PPCC_jug	PPCC/jug
77e745c37b0f	worker2	PPCC/jug	0	2	5	base	activation	38cd1dfec4380df4	38cd1dfec4380df46e2e1b120bb7119bd0056f9f6168e7073fd155f00bd98f12	lerobot_groot_n15	n15	lerobot_groot_n15__robocasa365_ckpt120000		0	Pick the jug from the counter and place it in the cabinet.	robocasa_panda_omron/PickPlaceCounterToCabinet_PandaOmron_Env	101250	1300005	0	0			5		1	2	0.0	0.0	4	4		Pick the jug from the counter and place it in the cabinet.	0	all_token_full	groot_n15_dit_block_residual_full_tokens_denoise	"[""layer"",""denoise_step"",""model_token"",""feature_dim""]"	[7,4,49,1536]	[0,2,4,8,10,12,15]	n15_grid_v6_scene_jitter	grid_coord	meta	meta_json	77e745c37b0f/worker2/PPCC/jug/s0/j2/n5/base	PPCC_jug	PPCC/jug
77e745c37b0f	worker2	PPCC/jug	0	2	6	base	activation	9157d2c9b3306aca	9157d2c9b3306acad18a852e5f2971df90a4fa13372ac13ceaf0b25da2401673	lerobot_groot_n15	n15	lerobot_groot_n15__robocasa365_ckpt120000		0	Pick the jug from the counter and place it in the cabinet.	robocasa_panda_omron/PickPlaceCounterToCabinet_PandaOmron_Env	101250	1300006	0	0			5		1	2	0.0	0.0	4	4		Pick the jug from the counter and place it in the cabinet.	0	all_token_full	groot_n15_dit_block_residual_full_tokens_denoise	"[""layer"",""denoise_step"",""model_token"",""feature_dim""]"	[7,4,49,1536]	[0,2,4,8,10,12,15]	n15_grid_v6_scene_jitter	grid_coord	meta	meta_json	77e745c37b0f/worker2/PPCC/jug/s0/j2/n6/base	PPCC_jug	PPCC/jug
77e745c37b0f	worker2	PPCC/jug	0	2	7	base	activation	322459052c3a6237	322459052c3a623784b4079d2883c3dcbd528f5de455ad33d932f76af9b6b7bf	lerobot_groot_n15	n15	lerobot_groot_n15__robocasa365_ckpt120000		0	Pick the jug from the counter and place it in the cabinet.	robocasa_panda_omron/PickPlaceCounterToCabinet_PandaOmron_Env	101250	1300007	0	0			5		1	2	0.0	0.0	4	4		Pick the jug from the counter and place it in the cabinet.	0	all_token_full	groot_n15_dit_block_residual_full_tokens_denoise	"[""layer"",""denoise_step"",""model_token"",""feature_dim""]"	[7,4,49,1536]	[0,2,4,8,10,12,15]	n15_grid_v6_scene_jitter	grid_coord	meta	meta_json	77e745c37b0f/worker2/PPCC/jug/s0/j2/n7/base	PPCC_jug	PPCC/jug
77e745c37b0f	worker2	PPCC/jug	0	2	8	base	activation	9d5f621f3829dfc0	9d5f621f3829dfc0913a9a874f105d7b70dff59477276047dd975b0ca750770d	lerobot_groot_n15	n15	lerobot_groot_n15__robocasa365_ckpt120000		0	Pick the jug from the counter and place it in the cabinet.	robocasa_panda_omron/PickPlaceCounterToCabinet_PandaOmron_Env	101250	1300008	0	1			5		1	2	0.0	0.0	4	4		Pick the jug from the counter and place it in the cabinet.	0	all_token_full	groot_n15_dit_block_residual_full_tokens_denoise	"[""layer"",""denoise_step"",""model_token"",""feature_dim""]"	[7,4,49,1536]	[0,2,4,8,10,12,15]	n15_grid_v6_scene_jitter	grid_coord	meta	meta_json	77e745c37b0f/worker2/PPCC/jug/s0/j2/n8/base	PPCC_jug	PPCC/jug
77e745c37b0f	worker2	PPCC/jug	0	2	9	base	activation	9f4bd955a2dd9486	9f4bd955a2dd9486b81b44a29a3dbc43fc8640dc64181b0e1835409c56c815df	lerobot_groot_n15	n15	lerobot_groot_n15__robocasa365_ckpt120000		0	Pick the jug from the counter and place it in the cabinet.	robocasa_panda_omron/PickPlaceCounterToCabinet_PandaOmron_Env	101250	1300009	0	1			5		1	2	0.0	0.0	4	4		Pick the jug from the counter and place it in the cabinet.	0	all_token_full	groot_n15_dit_block_residual_full_tokens_denoise	"[""layer"",""denoise_step"",""model_token"",""feature_dim""]"	[7,4,49,1536]	[0,2,4,8,10,12,15]	n15_grid_v6_scene_jitter	grid_coord	meta	meta_json	77e745c37b0f/worker2/PPCC/jug/s0/j2/n9/base	PPCC_jug	PPCC/jug
77e745c37b0f	worker2	PPCC/jug	1	1	0	base	activation	ae292b02367206c4	ae292b02367206c4df36ecabf5a4cbb27dd1c72ed30b279a74c4cd3ea9002e14	lerobot_groot_n15	n15	lerobot_groot_n15__robocasa365_ckpt120000		0	Pick the jug from the counter and place it in the cabinet.	robocasa_panda_omron/PickPlaceCounterToCabinet_PandaOmron_Env	100192	1300000	0	0			5		1	1	0.0	0.0	9	9		Pick the jug from the counter and place it in the cabinet.	0	all_token_full	groot_n15_dit_block_residual_full_tokens_denoise	"[""layer"",""denoise_step"",""model_token"",""feature_dim""]"	[7,4,49,1536]	[0,2,4,8,10,12,15]	n15_grid_v6_scene_jitter	grid_coord	meta	meta_json	77e745c37b0f/worker2/PPCC/jug/s1/j1/n0/base	PPCC_jug	PPCC/jug
77e745c37b0f	worker2	PPCC/jug	1	1	1	base	activation	a95198c373af583c	a95198c373af583c5ad5a25f2242828c1099648784d0eab01c302cc32cbb615a	lerobot_groot_n15	n15	lerobot_groot_n15__robocasa365_ckpt120000		0	Pick the jug from the counter and place it in the cabinet.	robocasa_panda_omron/PickPlaceCounterToCabinet_PandaOmron_Env	100192	1300001	0	0			5		1	1	0.0	0.0	9	9		Pick the jug from the counter and place it in the cabinet.	0	all_token_full	groot_n15_dit_block_residual_full_tokens_denoise	"[""layer"",""denoise_step"",""model_token"",""feature_dim""]"	[7,4,49,1536]	[0,2,4,8,10,12,15]	n15_grid_v6_scene_jitter	grid_coord	meta	meta_json	77e745c37b0f/worker2/PPCC/jug/s1/j1/n1/base	PPCC_jug	PPCC/jug
77e745c37b0f	worker2	PPCC/jug	1	1	2	base	activation	a5bd73a53f0ccb70	a5bd73a53f0ccb7047bc4bce431f8bfed5208fcabef38698137b4f030b332025	lerobot_groot_n15	n15	lerobot_groot_n15__robocasa365_ckpt120000		0	Pick the jug from the counter and place it in the cabinet.	robocasa_panda_omron/PickPlaceCounterToCabinet_PandaOmron_Env	100192	1300002	0	0			5		1	1	0.0	0.0	9	9		Pick the jug from the counter and place it in the cabinet.	0	all_token_full	groot_n15_dit_block_residual_full_tokens_denoise	"[""layer"",""denoise_step"",""model_token"",""feature_dim""]"	[7,4,49,1536]	[0,2,4,8,10,12,15]	n15_grid_v6_scene_jitter	grid_coord	meta	meta_json	77e745c37b0f/worker2/PPCC/jug/s1/j1/n2/base	PPCC_jug	PPCC/jug
77e745c37b0f	worker2	PPCC/jug	1	1	3	base	activation	805efe21f23137b3	805efe21f23137b32c0fd881b811c5b2a31398a345ff6a68e48240ed823c7383	lerobot_groot_n15	n15	lerobot_groot_n15__robocasa365_ckpt120000		0	Pick the jug from the counter and place it in the cabinet.	robocasa_panda_omron/PickPlaceCounterToCabinet_PandaOmron_Env	100192	1300003	0	0			5		1	1	0.0	0.0	9	9		Pick the jug from the counter and place it in the cabinet.	0	all_token_full	groot_n15_dit_block_residual_full_tokens_denoise	"[""layer"",""denoise_step"",""model_token"",""feature_dim""]"	[7,4,49,1536]	[0,2,4,8,10,12,15]	n15_grid_v6_scene_jitter	grid_coord	meta	meta_json	77e745c37b0f/worker2/PPCC/jug/s1/j1/n3/base	PPCC_jug	PPCC/jug
77e745c37b0f	worker2	PPCC/jug	1	1	4	base	activation	bcf0430938e489d4	bcf0430938e489d474c882a76ec0c534563c74df7392862f3dbbb63909326fea	lerobot_groot_n15	n15	lerobot_groot_n15__robocasa365_ckpt120000		0	Pick the jug from the counter and place it in the cabinet.	robocasa_panda_omron/PickPlaceCounterToCabinet_PandaOmron_Env	100192	1300004	0	1			5		1	1	0.0	0.0	9	9		Pick the jug from the counter and place it in the cabinet.	0	all_token_full	groot_n15_dit_block_residual_full_tokens_denoise	"[""layer"",""denoise_step"",""model_token"",""feature_dim""]"	[7,4,49,1536]	[0,2,4,8,10,12,15]	n15_grid_v6_scene_jitter	grid_coord	meta	meta_json	77e745c37b0f/worker2/PPCC/jug/s1/j1/n4/base	PPCC_jug	PPCC/jug
77e745c37b0f	worker2	PPCC/jug	1	1	5	base	activation	38c13fa9b4376328	38c13fa9b4376328dc978858254fb34deba6c3ea0e5c798c2a9abaf8a910bab5	lerobot_groot_n15	n15	lerobot_groot_n15__robocasa365_ckpt120000		0	Pick the jug from the counter and place it in the cabinet.	robocasa_panda_omron/PickPlaceCounterToCabinet_PandaOmron_Env	100192	1300005	0	0			5		1	1	0.0	0.0	9	9		Pick the jug from the counter and place it in the cabinet.	0	all_token_full	groot_n15_dit_block_residual_full_tokens_denoise	"[""layer"",""denoise_step"",""model_token"",""feature_dim""]"	[7,4,49,1536]	[0,2,4,8,10,12,15]	n15_grid_v6_scene_jitter	grid_coord	meta	meta_json	77e745c37b0f/worker2/PPCC/jug/s1/j1/n5/base	PPCC_jug	PPCC/jug
77e745c37b0f	worker2	PPCC/jug	1	1	6	base	activation	e12d6c08de30fcde	e12d6c08de30fcde02d50e6a82842ec4241adf94afd49f214254e6da5f9b5ac7	lerobot_groot_n15	n15	lerobot_groot_n15__robocasa365_ckpt120000		0	Pick the jug from the counter and place it in the cabinet.	robocasa_panda_omron/PickPlaceCounterToCabinet_PandaOmron_Env	100192	1300006	0	0			5		1	1	0.0	0.0	9	9		Pick the jug from the counter and place it in the cabinet.	0	all_token_full	groot_n15_dit_block_residual_full_tokens_denoise	"[""layer"",""denoise_step"",""model_token"",""feature_dim""]"	[7,4,49,1536]	[0,2,4,8,10,12,15]	n15_grid_v6_scene_jitter	grid_coord	meta	meta_json	77e745c37b0f/worker2/PPCC/jug/s1/j1/n6/base	PPCC_jug	PPCC/jug
77e745c37b0f	worker2	PPCC/jug	1	1	7	base	activation	69ca84dbe8b1fe37	69ca84dbe8b1fe3772502a454852d87fe9255d606c196740167b7e1f7430cee0	lerobot_groot_n15	n15	lerobot_groot_n15__robocasa365_ckpt120000		0	Pick the jug from the counter and place it in the cabinet.	robocasa_panda_omron/PickPlaceCounterToCabinet_PandaOmron_Env	100192	1300007	0	0			5		1	1	0.0	0.0	9	9		Pick the jug from the counter and place it in the cabinet.	0	all_token_full	groot_n15_dit_block_residual_full_tokens_denoise	"[""layer"",""denoise_step"",""model_token"",""feature_dim""]"	[7,4,49,1536]	[0,2,4,8,10,12,15]	n15_grid_v6_scene_jitter	grid_coord	meta	meta_json	77e745c37b0f/worker2/PPCC/jug/s1/j1/n7/base	PPCC_jug	PPCC/jug
77e745c37b0f	worker2	PPCC/jug	1	1	8	base	activation	0f5b6fd10e2023b1	0f5b6fd10e2023b13adda522ddb6161b32dff4499ca02a62a5c193341b98d3e6	lerobot_groot_n15	n15	lerobot_groot_n15__robocasa365_ckpt120000		0	Pick the jug from the counter and place it in the cabinet.	robocasa_panda_omron/PickPlaceCounterToCabinet_PandaOmron_Env	100192	1300008	0	1			5		1	1	0.0	0.0	9	9		Pick the jug from the counter and place it in the cabinet.	0	all_token_full	groot_n15_dit_block_residual_full_tokens_denoise	"[""layer"",""denoise_step"",""model_token"",""feature_dim""]"	[7,4,49,1536]	[0,2,4,8,10,12,15]	n15_grid_v6_scene_jitter	grid_coord	meta	meta_json	77e745c37b0f/worker2/PPCC/jug/s1/j1/n8/base	PPCC_jug	PPCC/jug
77e745c37b0f	worker2	PPCC/jug	1	1	9	base	activation	adacd6b8e6556870	adacd6b8e655687061be4515389dfef4ebcca14d8f977dafbe1e6da611057373	lerobot_groot_n15	n15	lerobot_groot_n15__robocasa365_ckpt120000		0	Pick the jug from the counter and place it in the cabinet.	robocasa_panda_omron/PickPlaceCounterToCabinet_PandaOmron_Env	100192	1300009	0	1			5		1	1	0.0	0.0	9	9		Pick the jug from the counter and place it in the cabinet.	0	all_token_full	groot_n15_dit_block_residual_full_tokens_denoise	"[""layer"",""denoise_step"",""model_token"",""feature_dim""]"	[7,4,49,1536]	[0,2,4,8,10,12,15]	n15_grid_v6_scene_jitter	grid_coord	meta	meta_json	77e745c37b0f/worker2/PPCC/jug/s1/j1/n9/base	PPCC_jug	PPCC/jug
77e745c37b0f	worker2	PPCC/marshmallow	0	0	0	base	activation	849b1eb4818be1a6	849b1eb4818be1a6256f4e3ebdbec4df22b43514b39c95ab57ea1ed537b125cb	lerobot_groot_n15	n15	lerobot_groot_n15__robocasa365_ckpt120000		0	Pick the marshmallow from the counter and place it in the cabinet.	robocasa_panda_omron/PickPlaceCounterToCabinet_PandaOmron_Env	100943	1300000	0	1			5		1	0	0.0	0.0	4	4		Pick the marshmallow from the counter and place it in the cabinet.	0	all_token_full	groot_n15_dit_block_residual_full_tokens_denoise	"[""layer"",""denoise_step"",""model_token"",""feature_dim""]"	[7,4,49,1536]	[0,2,4,8,10,12,15]	n15_grid_v6_scene_jitter	grid_coord	meta	meta_json	77e745c37b0f/worker2/PPCC/marshmallow/s0/j0/n0/base	PPCC_marshmallow	PPCC/marshmallow
77e745c37b0f	worker2	PPCC/marshmallow	0	0	1	base	activation	d2d8285f6490bd23	d2d8285f6490bd230321221b21cb840b2e6dd42b7c0168c65fa27597ae67ace4	lerobot_groot_n15	n15	lerobot_groot_n15__robocasa365_ckpt120000		0	Pick the marshmallow from the counter and place it in the cabinet.	robocasa_panda_omron/PickPlaceCounterToCabinet_PandaOmron_Env	100943	1300001	0	1			5		1	0	0.0	0.0	4	4		Pick the marshmallow from the counter and place it in the cabinet.	0	all_token_full	groot_n15_dit_block_residual_full_tokens_denoise	"[""layer"",""denoise_step"",""model_token"",""feature_dim""]"	[7,4,49,1536]	[0,2,4,8,10,12,15]	n15_grid_v6_scene_jitter	grid_coord	meta	meta_json	77e745c37b0f/worker2/PPCC/marshmallow/s0/j0/n1/base	PPCC_marshmallow	PPCC/marshmallow
77e745c37b0f	worker2	PPCC/marshmallow	0	0	2	base	activation	0d84386c3497cb14	0d84386c3497cb14dc7279ffb92d43e502334bce7ee25d1c4ffe408322c662ae	lerobot_groot_n15	n15	lerobot_groot_n15__robocasa365_ckpt120000		0	Pick the marshmallow from the counter and place it in the cabinet.	robocasa_panda_omron/PickPlaceCounterToCabinet_PandaOmron_Env	100943	1300002	0	1			5		1	0	0.0	0.0	4	4		Pick the marshmallow from the counter and place it in the cabinet.	0	all_token_full	groot_n15_dit_block_residual_full_tokens_denoise	"[""layer"",""denoise_step"",""model_token"",""feature_dim""]"	[7,4,49,1536]	[0,2,4,8,10,12,15]	n15_grid_v6_scene_jitter	grid_coord	meta	meta_json	77e745c37b0f/worker2/PPCC/marshmallow/s0/j0/n2/base	PPCC_marshmallow	PPCC/marshmallow
77e745c37b0f	worker2	PPCC/marshmallow	0	0	3	base	activation	2f8f6f6bf79a3de5	2f8f6f6bf79a3de5357fc937059066f066692dd84f96931b264817663e1b46d1	lerobot_groot_n15	n15	lerobot_groot_n15__robocasa365_ckpt120000		0	Pick the marshmallow from the counter and place it in the cabinet.	robocasa_panda_omron/PickPlaceCounterToCabinet_PandaOmron_Env	100943	1300003	0	1			5		1	0	0.0	0.0	4	4		Pick the marshmallow from the counter and place it in the cabinet.	0	all_token_full	groot_n15_dit_block_residual_full_tokens_denoise	"[""layer"",""denoise_step"",""model_token"",""feature_dim""]"	[7,4,49,1536]	[0,2,4,8,10,12,15]	n15_grid_v6_scene_jitter	grid_coord	meta	meta_json	77e745c37b0f/worker2/PPCC/marshmallow/s0/j0/n3/base	PPCC_marshmallow	PPCC/marshmallow
77e745c37b0f	worker2	PPCC/marshmallow	0	0	4	base	activation	da49502db943da31	da49502db943da31386a2970dece51da2e940805e953ce4ee00ce82e4c57e540	lerobot_groot_n15	n15	lerobot_groot_n15__robocasa365_ckpt120000		0	Pick the marshmallow from the counter and place it in the cabinet.	robocasa_panda_omron/PickPlaceCounterToCabinet_PandaOmron_Env	100943	1300004	0	1			5		1	0	0.0	0.0	4	4		Pick the marshmallow from the counter and place it in the cabinet.	0	all_token_full	groot_n15_dit_block_residual_full_tokens_denoise	"[""layer"",""denoise_step"",""model_token"",""feature_dim""]"	[7,4,49,1536]	[0,2,4,8,10,12,15]	n15_grid_v6_scene_jitter	grid_coord	meta	meta_json	77e745c37b0f/worker2/PPCC/marshmallow/s0/j0/n4/base	PPCC_marshmallow	PPCC/marshmallow
77e745c37b0f	worker2	PPCC/marshmallow	0	0	5	base	activation	bd7768822af8a0c9	bd7768822af8a0c903bcda0187fcde0e6a97d4a9a1d92b38f01e2e5a2b9c52ad	lerobot_groot_n15	n15	lerobot_groot_n15__robocasa365_ckpt120000		0	Pick the marshmallow from the counter and place it in the cabinet.	robocasa_panda_omron/PickPlaceCounterToCabinet_PandaOmron_Env	100943	1300005	0	1			5		1	0	0.0	0.0	4	4		Pick the marshmallow from the counter and place it in the cabinet.	0	all_token_full	groot_n15_dit_block_residual_full_tokens_denoise	"[""layer"",""denoise_step"",""model_token"",""feature_dim""]"	[7,4,49,1536]	[0,2,4,8,10,12,15]	n15_grid_v6_scene_jitter	grid_coord	meta	meta_json	77e745c37b0f/worker2/PPCC/marshmallow/s0/j0/n5/base	PPCC_marshmallow	PPCC/marshmallow
77e745c37b0f	worker2	PPCC/marshmallow	0	0	6	base	activation	a67ea422a42a5fe8	a67ea422a42a5fe85be874f856ab55a2a83a028944b2e48068f18c19c7dc12a4	lerobot_groot_n15	n15	lerobot_groot_n15__robocasa365_ckpt120000		0	Pick the marshmallow from the counter and place it in the cabinet.	robocasa_panda_omron/PickPlaceCounterToCabinet_PandaOmron_Env	100943	1300006	0	1			5		1	0	0.0	0.0	4	4		Pick the marshmallow from the counter and place it in the cabinet.	0	all_token_full	groot_n15_dit_block_residual_full_tokens_denoise	"[""layer"",""denoise_step"",""model_token"",""feature_dim""]"	[7,4,49,1536]	[0,2,4,8,10,12,15]	n15_grid_v6_scene_jitter	grid_coord	meta	meta_json	77e745c37b0f/worker2/PPCC/marshmallow/s0/j0/n6/base	PPCC_marshmallow	PPCC/marshmallow
77e745c37b0f	worker2	PPCC/marshmallow	0	0	7	base	activation	3dc2bef777c036d7	3dc2bef777c036d7468fb1d9a7b6046af120689911abefd36d04656b13544cb5	lerobot_groot_n15	n15	lerobot_groot_n15__robocasa365_ckpt120000		0	Pick the marshmallow from the counter and place it in the cabinet.	robocasa_panda_omron/PickPlaceCounterToCabinet_PandaOmron_Env	100943	1300007	0	0			5		1	0	0.0	0.0	4	4		Pick the marshmallow from the counter and place it in the cabinet.	0	all_token_full	groot_n15_dit_block_residual_full_tokens_denoise	"[""layer"",""denoise_step"",""model_token"",""feature_dim""]"	[7,4,49,1536]	[0,2,4,8,10,12,15]	n15_grid_v6_scene_jitter	grid_coord	meta	meta_json	77e745c37b0f/worker2/PPCC/marshmallow/s0/j0/n7/base	PPCC_marshmallow	PPCC/marshmallow
77e745c37b0f	worker2	PPCC/marshmallow	0	0	8	base	activation	eb834e4369f4a744	eb834e4369f4a7441592ac50ed6bcb5793554c1e4b9d331af586243746343e88	lerobot_groot_n15	n15	lerobot_groot_n15__robocasa365_ckpt120000		0	Pick the marshmallow from the counter and place it in the cabinet.	robocasa_panda_omron/PickPlaceCounterToCabinet_PandaOmron_Env	100943	1300008	0	0			5		1	0	0.0	0.0	4	4		Pick the marshmallow from the counter and place it in the cabinet.	0	all_token_full	groot_n15_dit_block_residual_full_tokens_denoise	"[""layer"",""denoise_step"",""model_token"",""feature_dim""]"	[7,4,49,1536]	[0,2,4,8,10,12,15]	n15_grid_v6_scene_jitter	grid_coord	meta	meta_json	77e745c37b0f/worker2/PPCC/marshmallow/s0/j0/n8/base	PPCC_marshmallow	PPCC/marshmallow
77e745c37b0f	worker2	PPCC/marshmallow	0	0	9	base	activation	40195cf5438054c3	40195cf5438054c3281839a0133ec803cabef4947ebb5f124b78abbee39bd330	lerobot_groot_n15	n15	lerobot_groot_n15__robocasa365_ckpt120000		0	Pick the marshmallow from the counter and place it in the cabinet.	robocasa_panda_omron/PickPlaceCounterToCabinet_PandaOmron_Env	100943	1300009	0	1			5		1	0	0.0	0.0	4	4		Pick the marshmallow from the counter and place it in the cabinet.	0	all_token_full	groot_n15_dit_block_residual_full_tokens_denoise	"[""layer"",""denoise_step"",""model_token"",""feature_dim""]"	[7,4,49,1536]	[0,2,4,8,10,12,15]	n15_grid_v6_scene_jitter	grid_coord	meta	meta_json	77e745c37b0f/worker2/PPCC/marshmallow/s0/j0/n9/base	PPCC_marshmallow	PPCC/marshmallow
d8c7e569aa37	worker2	OpenDrawer/right	3	1	0	base	activation	539068d0034a157a	539068d0034a157a6e97e7e380803f0b1edcea623826d397048b117409465a4e	lerobot_groot_n15	n15	lerobot_groot_n15__robocasa365_ckpt120000		0	Open the right drawer.	robocasa_panda_omron/OpenDrawer_PandaOmron_Env	100247	1300000	0	0			5		1	1	0.0	0.05	8	8		Open the right drawer.	0	all_token_full	groot_n15_dit_block_residual_full_tokens_denoise	"[""layer"",""denoise_step"",""model_token"",""feature_dim""]"	[7,4,49,1536]	[0,2,4,8,10,12,15]	n15_topup_drawer_20260909	grid_coord	meta	meta_json	d8c7e569aa37/worker2/OpenDrawer/right/s3/j1/n0/base	OpenDrawer_right	OpenDrawer/right
d8c7e569aa37	worker2	OpenDrawer/right	3	1	1	base	activation	72ef83eda212a42c	72ef83eda212a42c762cc327938d4b4f0724f2fa1b647238836004103cafbbaf	lerobot_groot_n15	n15	lerobot_groot_n15__robocasa365_ckpt120000		0	Open the right drawer.	robocasa_panda_omron/OpenDrawer_PandaOmron_Env	100247	1300001	0	1			5		1	1	0.0	0.05	8	8		Open the right drawer.	0	all_token_full	groot_n15_dit_block_residual_full_tokens_denoise	"[""layer"",""denoise_step"",""model_token"",""feature_dim""]"	[7,4,49,1536]	[0,2,4,8,10,12,15]	n15_topup_drawer_20260909	grid_coord	meta	meta_json	d8c7e569aa37/worker2/OpenDrawer/right/s3/j1/n1/base	OpenDrawer_right	OpenDrawer/right
d8c7e569aa37	worker2	OpenDrawer/right	3	1	2	base	activation	d72924231fe2c765	d72924231fe2c765bf16153155860acac669b68804312b69c59d953276d2f46c	lerobot_groot_n15	n15	lerobot_groot_n15__robocasa365_ckpt120000		0	Open the right drawer.	robocasa_panda_omron/OpenDrawer_PandaOmron_Env	100247	1300002	0	1			5		1	1	0.0	0.05	8	8		Open the right drawer.	0	all_token_full	groot_n15_dit_block_residual_full_tokens_denoise	"[""layer"",""denoise_step"",""model_token"",""feature_dim""]"	[7,4,49,1536]	[0,2,4,8,10,12,15]	n15_topup_drawer_20260909	grid_coord	meta	meta_json	d8c7e569aa37/worker2/OpenDrawer/right/s3/j1/n2/base	OpenDrawer_right	OpenDrawer/right
d8c7e569aa37	worker2	OpenDrawer/right	3	1	3	base	activation	2828834829f3b3e7	2828834829f3b3e78a0b48ab480fba100d1f1187f4c33f00ce68b5efd1ee2d89	lerobot_groot_n15	n15	lerobot_groot_n15__robocasa365_ckpt120000		0	Open the right drawer.	robocasa_panda_omron/OpenDrawer_PandaOmron_Env	100247	1300003	0	1			5		1	1	0.0	0.05	8	8		Open the right drawer.	0	all_token_full	groot_n15_dit_block_residual_full_tokens_denoise	"[""layer"",""denoise_step"",""model_token"",""feature_dim""]"	[7,4,49,1536]	[0,2,4,8,10,12,15]	n15_topup_drawer_20260909	grid_coord	meta	meta_json	d8c7e569aa37/worker2/OpenDrawer/right/s3/j1/n3/base	OpenDrawer_right	OpenDrawer/right
d8c7e569aa37	worker2	OpenDrawer/right	3	1	4	base	activation	2abe3e1d07f50c01	2abe3e1d07f50c01f89427cdc706559af4fc8664366d56b802299496fdc6962d	lerobot_groot_n15	n15	lerobot_groot_n15__robocasa365_ckpt120000		0	Open the right drawer.	robocasa_panda_omron/OpenDrawer_PandaOmron_Env	100247	1300004	0	1			5		1	1	0.0	0.05	8	8		Open the right drawer.	0	all_token_full	groot_n15_dit_block_residual_full_tokens_denoise	"[""layer"",""denoise_step"",""model_token"",""feature_dim""]"	[7,4,49,1536]	[0,2,4,8,10,12,15]	n15_topup_drawer_20260909	grid_coord	meta	meta_json	d8c7e569aa37/worker2/OpenDrawer/right/s3/j1/n4/base	OpenDrawer_right	OpenDrawer/right
d8c7e569aa37	worker2	OpenDrawer/right	3	1	5	base	activation	98a22084c547d84e	98a22084c547d84ee2ceda4288b3de07919957abf92c48f7e4837cb5ba7c4597	lerobot_groot_n15	n15	lerobot_groot_n15__robocasa365_ckpt120000		0	Open the right drawer.	robocasa_panda_omron/OpenDrawer_PandaOmron_Env	100247	1300005	0	1			5		1	1	0.0	0.05	8	8		Open the right drawer.	0	all_token_full	groot_n15_dit_block_residual_full_tokens_denoise	"[""layer"",""denoise_step"",""model_token"",""feature_dim""]"	[7,4,49,1536]	[0,2,4,8,10,12,15]	n15_topup_drawer_20260909	grid_coord	meta	meta_json	d8c7e569aa37/worker2/OpenDrawer/right/s3/j1/n5/base	OpenDrawer_right	OpenDrawer/right
d8c7e569aa37	worker2	OpenDrawer/right	3	1	6	base	activation	26f0c3c4a544d4da	26f0c3c4a544d4da46c42542d8d215f3f1f840cb8c92406e892ffe446b9a517b	lerobot_groot_n15	n15	lerobot_groot_n15__robocasa365_ckpt120000		0	Open the right drawer.	robocasa_panda_omron/OpenDrawer_PandaOmron_Env	100247	1300006	0	1			5		1	1	0.0	0.05	8	8		Open the right drawer.	0	all_token_full	groot_n15_dit_block_residual_full_tokens_denoise	"[""layer"",""denoise_step"",""model_token"",""feature_dim""]"	[7,4,49,1536]	[0,2,4,8,10,12,15]	n15_topup_drawer_20260909	grid_coord	meta	meta_json	d8c7e569aa37/worker2/OpenDrawer/right/s3/j1/n6/base	OpenDrawer_right	OpenDrawer/right
d8c7e569aa37	worker2	OpenDrawer/right	3	1	7	base	activation	bbff11e7948756f0	bbff11e7948756f0e368fd60c25bdd61d784ba0e7c0a8fecb63e38b7c088ed77	lerobot_groot_n15	n15	lerobot_groot_n15__robocasa365_ckpt120000		0	Open the right drawer.	robocasa_panda_omron/OpenDrawer_PandaOmron_Env	100247	1300007	0	1			5		1	1	0.0	0.05	8	8		Open the right drawer.	0	all_token_full	groot_n15_dit_block_residual_full_tokens_denoise	"[""layer"",""denoise_step"",""model_token"",""feature_dim""]"	[7,4,49,1536]	[0,2,4,8,10,12,15]	n15_topup_drawer_20260909	grid_coord	meta	meta_json	d8c7e569aa37/worker2/OpenDrawer/right/s3/j1/n7/base	OpenDrawer_right	OpenDrawer/right
d8c7e569aa37	worker2	OpenDrawer/right	3	1	8	base	activation	9c89cc508e8d2ff9	9c89cc508e8d2ff9c5f1aafee71f52d9475af4a69e728b3ef7f2dd9084b2b89c	lerobot_groot_n15	n15	lerobot_groot_n15__robocasa365_ckpt120000		0	Open the right drawer.	robocasa_panda_omron/OpenDrawer_PandaOmron_Env	100247	1300008	0	1			5		1	1	0.0	0.05	8	8		Open the right drawer.	0	all_token_full	groot_n15_dit_block_residual_full_tokens_denoise	"[""layer"",""denoise_step"",""model_token"",""feature_dim""]"	[7,4,49,1536]	[0,2,4,8,10,12,15]	n15_topup_drawer_20260909	grid_coord	meta	meta_json	d8c7e569aa37/worker2/OpenDrawer/right/s3/j1/n8/base	OpenDrawer_right	OpenDrawer/right
d8c7e569aa37	worker2	OpenDrawer/right	3	1	9	base	activation	172b108649349277	172b10864934927784b1b7ba65a825abbaee23d3756f5cd0e532aefc7d9f39ab	lerobot_groot_n15	n15	lerobot_groot_n15__robocasa365_ckpt120000		0	Open the right drawer.	robocasa_panda_omron/OpenDrawer_PandaOmron_Env	100247	1300009	0	1			5		1	1	0.0	0.05	8	8		Open the right drawer.	0	all_token_full	groot_n15_dit_block_residual_full_tokens_denoise	"[""layer"",""denoise_step"",""model_token"",""feature_dim""]"	[7,4,49,1536]	[0,2,4,8,10,12,15]	n15_topup_drawer_20260909	grid_coord	meta	meta_json	d8c7e569aa37/worker2/OpenDrawer/right/s3/j1/n9/base	OpenDrawer_right	OpenDrawer/right
