plan_id	machine	grid_instruction	scene_idx	noise_idx	armsig	kind	sig	pkl_sha256	model	version	ckpt	task	task_id	instruction	env_name	env_seed	inference_seed	episode_idx	success	steps	n_inferences	n_action_steps	chunk_len	has_pkl	capture_token_mode	feature_kind	feature_axes	record_shape	capture_layers	plan_name	machine_source	ckpt_source	meta_source	rel_path
979d4833a7db	dongkyu-MS-7D43	PPCC/marshmallow	0	0	base	activation	24f992837ddb2808	24f992837ddb28088e6d7b5f664e6afbba07ac5515d0c2eee57b2f129b3cfa88	lerobot_groot_n15	n15	lerobot_groot_n15__robocasa365_ckpt120000		0	Pick the marshmallow from the counter and place it in the cabinet.	robocasa_panda_omron/PickPlaceCounterToCabinet_PandaOmron_Env	100007	1300000	0	1			5		1	all_token_full	groot_n15_dit_block_residual_full_tokens_denoise	["layer","denoise_step","model_token","feature_dim"]	[7,4,49,1536]	[0,2,4,8,10,12,15]	n15_grid_v1b	grid_coord	meta	meta_json	979d4833a7db/dongkyu-MS-7D43/PPCC/marshmallow/s0/n0/base
979d4833a7db	dongkyu-MS-7D43	PPCC/marshmallow	0	1	base	activation	697ad2aa684e9f1a	697ad2aa684e9f1addb2708ca910b9905048e324fe4adf0f1c67fa0e8e331687	lerobot_groot_n15	n15	lerobot_groot_n15__robocasa365_ckpt120000		0	Pick the marshmallow from the counter and place it in the cabinet.	robocasa_panda_omron/PickPlaceCounterToCabinet_PandaOmron_Env	100007	1300001	0	0			5		1	all_token_full	groot_n15_dit_block_residual_full_tokens_denoise	["layer","denoise_step","model_token","feature_dim"]	[7,4,49,1536]	[0,2,4,8,10,12,15]	n15_grid_v1b	grid_coord	meta	meta_json	979d4833a7db/dongkyu-MS-7D43/PPCC/marshmallow/s0/n1/base
979d4833a7db	dongkyu-MS-7D43	PPCC/marshmallow	0	2	base	activation	2da845f2d5c0e6fa	2da845f2d5c0e6faad3e458f60fd3459aeb696694fde537841e1f65ec9b872b3	lerobot_groot_n15	n15	lerobot_groot_n15__robocasa365_ckpt120000		0	Pick the marshmallow from the counter and place it in the cabinet.	robocasa_panda_omron/PickPlaceCounterToCabinet_PandaOmron_Env	100007	1300002	0	0			5		1	all_token_full	groot_n15_dit_block_residual_full_tokens_denoise	["layer","denoise_step","model_token","feature_dim"]	[7,4,49,1536]	[0,2,4,8,10,12,15]	n15_grid_v1b	grid_coord	meta	meta_json	979d4833a7db/dongkyu-MS-7D43/PPCC/marshmallow/s0/n2/base
979d4833a7db	dongkyu-MS-7D43	PPCC/marshmallow	0	3	base	activation	3a992651cf735485	3a992651cf735485c16aafb1ed8a1d29d7b15ac729339838c9fec2721e8a6a34	lerobot_groot_n15	n15	lerobot_groot_n15__robocasa365_ckpt120000		0	Pick the marshmallow from the counter and place it in the cabinet.	robocasa_panda_omron/PickPlaceCounterToCabinet_PandaOmron_Env	100007	1300003	0	0			5		1	all_token_full	groot_n15_dit_block_residual_full_tokens_denoise	["layer","denoise_step","model_token","feature_dim"]	[7,4,49,1536]	[0,2,4,8,10,12,15]	n15_grid_v1b	grid_coord	meta	meta_json	979d4833a7db/dongkyu-MS-7D43/PPCC/marshmallow/s0/n3/base
979d4833a7db	dongkyu-MS-7D43	PPCC/marshmallow	0	4	base	activation	bdacef0c92009ad4	bdacef0c92009ad44e64425a09b2386b05d5552944c66c594c3593cbc33f59b0	lerobot_groot_n15	n15	lerobot_groot_n15__robocasa365_ckpt120000		0	Pick the marshmallow from the counter and place it in the cabinet.	robocasa_panda_omron/PickPlaceCounterToCabinet_PandaOmron_Env	100007	1300004	0	0			5		1	all_token_full	groot_n15_dit_block_residual_full_tokens_denoise	["layer","denoise_step","model_token","feature_dim"]	[7,4,49,1536]	[0,2,4,8,10,12,15]	n15_grid_v1b	grid_coord	meta	meta_json	979d4833a7db/dongkyu-MS-7D43/PPCC/marshmallow/s0/n4/base
979d4833a7db	dongkyu-MS-7D43	PPCC/marshmallow	0	5	base	activation	f064d9b3cfafca09	f064d9b3cfafca09bf34df1c59947b47d10f7f3ff2a5839a5857c0824586f98c	lerobot_groot_n15	n15	lerobot_groot_n15__robocasa365_ckpt120000		0	Pick the marshmallow from the counter and place it in the cabinet.	robocasa_panda_omron/PickPlaceCounterToCabinet_PandaOmron_Env	100007	1300005	0	0			5		1	all_token_full	groot_n15_dit_block_residual_full_tokens_denoise	["layer","denoise_step","model_token","feature_dim"]	[7,4,49,1536]	[0,2,4,8,10,12,15]	n15_grid_v1b	grid_coord	meta	meta_json	979d4833a7db/dongkyu-MS-7D43/PPCC/marshmallow/s0/n5/base
979d4833a7db	dongkyu-MS-7D43	PPCC/marshmallow	0	6	base	activation	1cbf19bc8644bbbf	1cbf19bc8644bbbf4fe815cddbd8c28b8a3b68d299688cfd723c9fcf51e68817	lerobot_groot_n15	n15	lerobot_groot_n15__robocasa365_ckpt120000		0	Pick the marshmallow from the counter and place it in the cabinet.	robocasa_panda_omron/PickPlaceCounterToCabinet_PandaOmron_Env	100007	1300006	0	0			5		1	all_token_full	groot_n15_dit_block_residual_full_tokens_denoise	["layer","denoise_step","model_token","feature_dim"]	[7,4,49,1536]	[0,2,4,8,10,12,15]	n15_grid_v1b	grid_coord	meta	meta_json	979d4833a7db/dongkyu-MS-7D43/PPCC/marshmallow/s0/n6/base
979d4833a7db	dongkyu-MS-7D43	PPCC/marshmallow	0	7	base	activation	aef25f509a894d46	aef25f509a894d46b1ebaccfb4a7af6b7b60869815b6d4c6c73292dd4e42fc98	lerobot_groot_n15	n15	lerobot_groot_n15__robocasa365_ckpt120000		0	Pick the marshmallow from the counter and place it in the cabinet.	robocasa_panda_omron/PickPlaceCounterToCabinet_PandaOmron_Env	100007	1300007	0	0			5		1	all_token_full	groot_n15_dit_block_residual_full_tokens_denoise	["layer","denoise_step","model_token","feature_dim"]	[7,4,49,1536]	[0,2,4,8,10,12,15]	n15_grid_v1b	grid_coord	meta	meta_json	979d4833a7db/dongkyu-MS-7D43/PPCC/marshmallow/s0/n7/base
979d4833a7db	dongkyu-MS-7D43	PPCC/marshmallow	0	8	base	activation	b7a159f8c34892cc	b7a159f8c34892cc69375b0efe151cbdac23ce59e60165d739bebf9e71cb7de5	lerobot_groot_n15	n15	lerobot_groot_n15__robocasa365_ckpt120000		0	Pick the marshmallow from the counter and place it in the cabinet.	robocasa_panda_omron/PickPlaceCounterToCabinet_PandaOmron_Env	100007	1300008	0	1			5		1	all_token_full	groot_n15_dit_block_residual_full_tokens_denoise	["layer","denoise_step","model_token","feature_dim"]	[7,4,49,1536]	[0,2,4,8,10,12,15]	n15_grid_v1b	grid_coord	meta	meta_json	979d4833a7db/dongkyu-MS-7D43/PPCC/marshmallow/s0/n8/base
979d4833a7db	dongkyu-MS-7D43	PPCC/marshmallow	0	9	base	activation	cea50f0895c675bb	cea50f0895c675bbb84f9f6e795c5f1177e85bdd97011478abe7695ef9175960	lerobot_groot_n15	n15	lerobot_groot_n15__robocasa365_ckpt120000		0	Pick the marshmallow from the counter and place it in the cabinet.	robocasa_panda_omron/PickPlaceCounterToCabinet_PandaOmron_Env	100007	1300009	0	0			5		1	all_token_full	groot_n15_dit_block_residual_full_tokens_denoise	["layer","denoise_step","model_token","feature_dim"]	[7,4,49,1536]	[0,2,4,8,10,12,15]	n15_grid_v1b	grid_coord	meta	meta_json	979d4833a7db/dongkyu-MS-7D43/PPCC/marshmallow/s0/n9/base
979d4833a7db	dongkyu-MS-7D43	PPCC/marshmallow	1	0	base	activation	25290fa9c99b496f	25290fa9c99b496fc7318160466e645636634482c340bee5066fe314f6a8640d	lerobot_groot_n15	n15	lerobot_groot_n15__robocasa365_ckpt120000		0	Pick the marshmallow from the counter and place it in the cabinet.	robocasa_panda_omron/PickPlaceCounterToCabinet_PandaOmron_Env	100179	1300000	0	1			5		1	all_token_full	groot_n15_dit_block_residual_full_tokens_denoise	["layer","denoise_step","model_token","feature_dim"]	[7,4,49,1536]	[0,2,4,8,10,12,15]	n15_grid_v1b	grid_coord	meta	meta_json	979d4833a7db/dongkyu-MS-7D43/PPCC/marshmallow/s1/n0/base
979d4833a7db	dongkyu-MS-7D43	PPCC/marshmallow	1	1	base	activation	78d52f12890d9cea	78d52f12890d9cea94ab55fc7a1eaefdab45f422ba9d3da97c6f1ac16dba1ee3	lerobot_groot_n15	n15	lerobot_groot_n15__robocasa365_ckpt120000		0	Pick the marshmallow from the counter and place it in the cabinet.	robocasa_panda_omron/PickPlaceCounterToCabinet_PandaOmron_Env	100179	1300001	0	1			5		1	all_token_full	groot_n15_dit_block_residual_full_tokens_denoise	["layer","denoise_step","model_token","feature_dim"]	[7,4,49,1536]	[0,2,4,8,10,12,15]	n15_grid_v1b	grid_coord	meta	meta_json	979d4833a7db/dongkyu-MS-7D43/PPCC/marshmallow/s1/n1/base
979d4833a7db	dongkyu-MS-7D43	PPCC/marshmallow	1	2	base	activation	824676b974cfe85a	824676b974cfe85a37414003182535fe873f869c8397e83d999110734f70a96f	lerobot_groot_n15	n15	lerobot_groot_n15__robocasa365_ckpt120000		0	Pick the marshmallow from the counter and place it in the cabinet.	robocasa_panda_omron/PickPlaceCounterToCabinet_PandaOmron_Env	100179	1300002	0	1			5		1	all_token_full	groot_n15_dit_block_residual_full_tokens_denoise	["layer","denoise_step","model_token","feature_dim"]	[7,4,49,1536]	[0,2,4,8,10,12,15]	n15_grid_v1b	grid_coord	meta	meta_json	979d4833a7db/dongkyu-MS-7D43/PPCC/marshmallow/s1/n2/base
979d4833a7db	dongkyu-MS-7D43	PPCC/marshmallow	1	3	base	activation	38304c85ca096932	38304c85ca096932bb2edde524959edc69233db481efd456ccfe28b24e3a22a1	lerobot_groot_n15	n15	lerobot_groot_n15__robocasa365_ckpt120000		0	Pick the marshmallow from the counter and place it in the cabinet.	robocasa_panda_omron/PickPlaceCounterToCabinet_PandaOmron_Env	100179	1300003	0	1			5		1	all_token_full	groot_n15_dit_block_residual_full_tokens_denoise	["layer","denoise_step","model_token","feature_dim"]	[7,4,49,1536]	[0,2,4,8,10,12,15]	n15_grid_v1b	grid_coord	meta	meta_json	979d4833a7db/dongkyu-MS-7D43/PPCC/marshmallow/s1/n3/base
979d4833a7db	dongkyu-MS-7D43	PPCC/marshmallow	1	4	base	activation	4d534c5a47c673de	4d534c5a47c673de27e124d6c67e9dcc8b9ee7d1a15a88a14130d69efb05f32b	lerobot_groot_n15	n15	lerobot_groot_n15__robocasa365_ckpt120000		0	Pick the marshmallow from the counter and place it in the cabinet.	robocasa_panda_omron/PickPlaceCounterToCabinet_PandaOmron_Env	100179	1300004	0	1			5		1	all_token_full	groot_n15_dit_block_residual_full_tokens_denoise	["layer","denoise_step","model_token","feature_dim"]	[7,4,49,1536]	[0,2,4,8,10,12,15]	n15_grid_v1b	grid_coord	meta	meta_json	979d4833a7db/dongkyu-MS-7D43/PPCC/marshmallow/s1/n4/base
979d4833a7db	dongkyu-MS-7D43	PPCC/marshmallow	1	5	base	activation	3a3db79a48aebed2	3a3db79a48aebed2ee4b237c63703bb4e8bc2f51abe7aead86de84c41a0bfd85	lerobot_groot_n15	n15	lerobot_groot_n15__robocasa365_ckpt120000		0	Pick the marshmallow from the counter and place it in the cabinet.	robocasa_panda_omron/PickPlaceCounterToCabinet_PandaOmron_Env	100179	1300005	0	1			5		1	all_token_full	groot_n15_dit_block_residual_full_tokens_denoise	["layer","denoise_step","model_token","feature_dim"]	[7,4,49,1536]	[0,2,4,8,10,12,15]	n15_grid_v1b	grid_coord	meta	meta_json	979d4833a7db/dongkyu-MS-7D43/PPCC/marshmallow/s1/n5/base
979d4833a7db	dongkyu-MS-7D43	PPCC/marshmallow	1	6	base	activation	6b5cbaa92c08e83b	6b5cbaa92c08e83bd7fecd2032a91d5f696cec823e34b8864896e4e4795ee6b6	lerobot_groot_n15	n15	lerobot_groot_n15__robocasa365_ckpt120000		0	Pick the marshmallow from the counter and place it in the cabinet.	robocasa_panda_omron/PickPlaceCounterToCabinet_PandaOmron_Env	100179	1300006	0	1			5		1	all_token_full	groot_n15_dit_block_residual_full_tokens_denoise	["layer","denoise_step","model_token","feature_dim"]	[7,4,49,1536]	[0,2,4,8,10,12,15]	n15_grid_v1b	grid_coord	meta	meta_json	979d4833a7db/dongkyu-MS-7D43/PPCC/marshmallow/s1/n6/base
979d4833a7db	dongkyu-MS-7D43	PPCC/marshmallow	1	7	base	activation	e0b80495e7e933ed	e0b80495e7e933ed45b0fd496e850ff8d0c98095a61ba1cae1f587625afaf8f6	lerobot_groot_n15	n15	lerobot_groot_n15__robocasa365_ckpt120000		0	Pick the marshmallow from the counter and place it in the cabinet.	robocasa_panda_omron/PickPlaceCounterToCabinet_PandaOmron_Env	100179	1300007	0	1			5		1	all_token_full	groot_n15_dit_block_residual_full_tokens_denoise	["layer","denoise_step","model_token","feature_dim"]	[7,4,49,1536]	[0,2,4,8,10,12,15]	n15_grid_v1b	grid_coord	meta	meta_json	979d4833a7db/dongkyu-MS-7D43/PPCC/marshmallow/s1/n7/base
979d4833a7db	dongkyu-MS-7D43	PPCC/marshmallow	1	8	base	activation	90aa5c96a7d59652	90aa5c96a7d59652d8d8fd1f12df3bdca377c1e02f0bff192c782cd7ab21660a	lerobot_groot_n15	n15	lerobot_groot_n15__robocasa365_ckpt120000		0	Pick the marshmallow from the counter and place it in the cabinet.	robocasa_panda_omron/PickPlaceCounterToCabinet_PandaOmron_Env	100179	1300008	0	1			5		1	all_token_full	groot_n15_dit_block_residual_full_tokens_denoise	["layer","denoise_step","model_token","feature_dim"]	[7,4,49,1536]	[0,2,4,8,10,12,15]	n15_grid_v1b	grid_coord	meta	meta_json	979d4833a7db/dongkyu-MS-7D43/PPCC/marshmallow/s1/n8/base
979d4833a7db	dongkyu-MS-7D43	PPCC/marshmallow	1	9	base	activation	e06fe76f13c46d17	e06fe76f13c46d17293db2afee969c2ddbfda0f569ed8f47ab7a205a2ef067e7	lerobot_groot_n15	n15	lerobot_groot_n15__robocasa365_ckpt120000		0	Pick the marshmallow from the counter and place it in the cabinet.	robocasa_panda_omron/PickPlaceCounterToCabinet_PandaOmron_Env	100179	1300009	0	1			5		1	all_token_full	groot_n15_dit_block_residual_full_tokens_denoise	["layer","denoise_step","model_token","feature_dim"]	[7,4,49,1536]	[0,2,4,8,10,12,15]	n15_grid_v1b	grid_coord	meta	meta_json	979d4833a7db/dongkyu-MS-7D43/PPCC/marshmallow/s1/n9/base
979d4833a7db	dongkyu-MS-7D43	PPCC/marshmallow	2	0	base	activation	79c8bf75ff1cd485	79c8bf75ff1cd485587c53ce04926005993cece17ccd1ff86457eacbb6b0c9d9	lerobot_groot_n15	n15	lerobot_groot_n15__robocasa365_ckpt120000		0	Pick the marshmallow from the counter and place it in the cabinet.	robocasa_panda_omron/PickPlaceCounterToCabinet_PandaOmron_Env	100222	1300000	0	1			5		1	all_token_full	groot_n15_dit_block_residual_full_tokens_denoise	["layer","denoise_step","model_token","feature_dim"]	[7,4,49,1536]	[0,2,4,8,10,12,15]	n15_grid_v1b	grid_coord	meta	meta_json	979d4833a7db/dongkyu-MS-7D43/PPCC/marshmallow/s2/n0/base
979d4833a7db	dongkyu-MS-7D43	PPCC/marshmallow	2	1	base	activation	474fa8d2291edfc7	474fa8d2291edfc764dbc57e6d7b389636c8bb905e3347e2364deedf8cb87189	lerobot_groot_n15	n15	lerobot_groot_n15__robocasa365_ckpt120000		0	Pick the marshmallow from the counter and place it in the cabinet.	robocasa_panda_omron/PickPlaceCounterToCabinet_PandaOmron_Env	100222	1300001	0	1			5		1	all_token_full	groot_n15_dit_block_residual_full_tokens_denoise	["layer","denoise_step","model_token","feature_dim"]	[7,4,49,1536]	[0,2,4,8,10,12,15]	n15_grid_v1b	grid_coord	meta	meta_json	979d4833a7db/dongkyu-MS-7D43/PPCC/marshmallow/s2/n1/base
979d4833a7db	dongkyu-MS-7D43	PPCC/marshmallow	2	2	base	activation	9bfaa2070c398628	9bfaa2070c398628a9ff66ff23a1814413c16b0b02300b759c4f08fef64db709	lerobot_groot_n15	n15	lerobot_groot_n15__robocasa365_ckpt120000		0	Pick the marshmallow from the counter and place it in the cabinet.	robocasa_panda_omron/PickPlaceCounterToCabinet_PandaOmron_Env	100222	1300002	0	1			5		1	all_token_full	groot_n15_dit_block_residual_full_tokens_denoise	["layer","denoise_step","model_token","feature_dim"]	[7,4,49,1536]	[0,2,4,8,10,12,15]	n15_grid_v1b	grid_coord	meta	meta_json	979d4833a7db/dongkyu-MS-7D43/PPCC/marshmallow/s2/n2/base
979d4833a7db	dongkyu-MS-7D43	PPCC/marshmallow	2	3	base	activation	f2f5902081fa1b56	f2f5902081fa1b568d56c0a85835af43bf74f336b9a0c12f7db9f84dbf660c77	lerobot_groot_n15	n15	lerobot_groot_n15__robocasa365_ckpt120000		0	Pick the marshmallow from the counter and place it in the cabinet.	robocasa_panda_omron/PickPlaceCounterToCabinet_PandaOmron_Env	100222	1300003	0	1			5		1	all_token_full	groot_n15_dit_block_residual_full_tokens_denoise	["layer","denoise_step","model_token","feature_dim"]	[7,4,49,1536]	[0,2,4,8,10,12,15]	n15_grid_v1b	grid_coord	meta	meta_json	979d4833a7db/dongkyu-MS-7D43/PPCC/marshmallow/s2/n3/base
979d4833a7db	dongkyu-MS-7D43	PPCC/marshmallow	2	4	base	activation	915b0715b81f8bb5	915b0715b81f8bb55b304ef4095343beb8cf2dd7a5e7510a9dccfa25f0c0c212	lerobot_groot_n15	n15	lerobot_groot_n15__robocasa365_ckpt120000		0	Pick the marshmallow from the counter and place it in the cabinet.	robocasa_panda_omron/PickPlaceCounterToCabinet_PandaOmron_Env	100222	1300004	0	1			5		1	all_token_full	groot_n15_dit_block_residual_full_tokens_denoise	["layer","denoise_step","model_token","feature_dim"]	[7,4,49,1536]	[0,2,4,8,10,12,15]	n15_grid_v1b	grid_coord	meta	meta_json	979d4833a7db/dongkyu-MS-7D43/PPCC/marshmallow/s2/n4/base
979d4833a7db	dongkyu-MS-7D43	PPCC/marshmallow	2	5	base	activation	f34a3e9102fa8c3f	f34a3e9102fa8c3f0c70c505a3635cc3578265d1114d79d992909008fdf6da56	lerobot_groot_n15	n15	lerobot_groot_n15__robocasa365_ckpt120000		0	Pick the marshmallow from the counter and place it in the cabinet.	robocasa_panda_omron/PickPlaceCounterToCabinet_PandaOmron_Env	100222	1300005	0	1			5		1	all_token_full	groot_n15_dit_block_residual_full_tokens_denoise	["layer","denoise_step","model_token","feature_dim"]	[7,4,49,1536]	[0,2,4,8,10,12,15]	n15_grid_v1b	grid_coord	meta	meta_json	979d4833a7db/dongkyu-MS-7D43/PPCC/marshmallow/s2/n5/base
979d4833a7db	dongkyu-MS-7D43	PPCC/marshmallow	2	6	base	activation	a11f39825a405a6c	a11f39825a405a6cacd6a8fdddbc9662f7812c04666e4992cf6ea5703a520c78	lerobot_groot_n15	n15	lerobot_groot_n15__robocasa365_ckpt120000		0	Pick the marshmallow from the counter and place it in the cabinet.	robocasa_panda_omron/PickPlaceCounterToCabinet_PandaOmron_Env	100222	1300006	0	1			5		1	all_token_full	groot_n15_dit_block_residual_full_tokens_denoise	["layer","denoise_step","model_token","feature_dim"]	[7,4,49,1536]	[0,2,4,8,10,12,15]	n15_grid_v1b	grid_coord	meta	meta_json	979d4833a7db/dongkyu-MS-7D43/PPCC/marshmallow/s2/n6/base
979d4833a7db	dongkyu-MS-7D43	PPCC/marshmallow	2	7	base	activation	2f88fd4cdec3113a	2f88fd4cdec3113ae08160c5b7349def6207255df315039103d17c6b8b886949	lerobot_groot_n15	n15	lerobot_groot_n15__robocasa365_ckpt120000		0	Pick the marshmallow from the counter and place it in the cabinet.	robocasa_panda_omron/PickPlaceCounterToCabinet_PandaOmron_Env	100222	1300007	0	1			5		1	all_token_full	groot_n15_dit_block_residual_full_tokens_denoise	["layer","denoise_step","model_token","feature_dim"]	[7,4,49,1536]	[0,2,4,8,10,12,15]	n15_grid_v1b	grid_coord	meta	meta_json	979d4833a7db/dongkyu-MS-7D43/PPCC/marshmallow/s2/n7/base
979d4833a7db	dongkyu-MS-7D43	PPCC/marshmallow	2	8	base	activation	5e7b594064da8700	5e7b594064da870046e0cc7b22b410a5c6707f8150908432dffdc7033b3f0d03	lerobot_groot_n15	n15	lerobot_groot_n15__robocasa365_ckpt120000		0	Pick the marshmallow from the counter and place it in the cabinet.	robocasa_panda_omron/PickPlaceCounterToCabinet_PandaOmron_Env	100222	1300008	0	1			5		1	all_token_full	groot_n15_dit_block_residual_full_tokens_denoise	["layer","denoise_step","model_token","feature_dim"]	[7,4,49,1536]	[0,2,4,8,10,12,15]	n15_grid_v1b	grid_coord	meta	meta_json	979d4833a7db/dongkyu-MS-7D43/PPCC/marshmallow/s2/n8/base
979d4833a7db	dongkyu-MS-7D43	PPCC/marshmallow	2	9	base	activation	15a9bad943f401b4	15a9bad943f401b40a9cfce163037e73f2cf7b6fc1c687d9e429cdc64d5852df	lerobot_groot_n15	n15	lerobot_groot_n15__robocasa365_ckpt120000		0	Pick the marshmallow from the counter and place it in the cabinet.	robocasa_panda_omron/PickPlaceCounterToCabinet_PandaOmron_Env	100222	1300009	0	0			5		1	all_token_full	groot_n15_dit_block_residual_full_tokens_denoise	["layer","denoise_step","model_token","feature_dim"]	[7,4,49,1536]	[0,2,4,8,10,12,15]	n15_grid_v1b	grid_coord	meta	meta_json	979d4833a7db/dongkyu-MS-7D43/PPCC/marshmallow/s2/n9/base
979d4833a7db	dongkyu-MS-7D43	PPCC/marshmallow	3	0	base	activation	85e6ebaad433ce44	85e6ebaad433ce44b272e7d3a82d5e9252d793bc3066799a9231bb59ed98bcc7	lerobot_groot_n15	n15	lerobot_groot_n15__robocasa365_ckpt120000		0	Pick the marshmallow from the counter and place it in the cabinet.	robocasa_panda_omron/PickPlaceCounterToCabinet_PandaOmron_Env	100424	1300000	0	0			5		1	all_token_full	groot_n15_dit_block_residual_full_tokens_denoise	["layer","denoise_step","model_token","feature_dim"]	[7,4,49,1536]	[0,2,4,8,10,12,15]	n15_grid_v1b	grid_coord	meta	meta_json	979d4833a7db/dongkyu-MS-7D43/PPCC/marshmallow/s3/n0/base
979d4833a7db	dongkyu-MS-7D43	PPCC/marshmallow	3	1	base	activation	53d350713e561cd9	53d350713e561cd9b6529b34454035df29c241d8c34c28ebb277f573603da682	lerobot_groot_n15	n15	lerobot_groot_n15__robocasa365_ckpt120000		0	Pick the marshmallow from the counter and place it in the cabinet.	robocasa_panda_omron/PickPlaceCounterToCabinet_PandaOmron_Env	100424	1300001	0	1			5		1	all_token_full	groot_n15_dit_block_residual_full_tokens_denoise	["layer","denoise_step","model_token","feature_dim"]	[7,4,49,1536]	[0,2,4,8,10,12,15]	n15_grid_v1b	grid_coord	meta	meta_json	979d4833a7db/dongkyu-MS-7D43/PPCC/marshmallow/s3/n1/base
979d4833a7db	dongkyu-MS-7D43	PPCC/marshmallow	3	2	base	activation	bc8d5675d7abfc36	bc8d5675d7abfc36aa63149ab0a2efce5fafab120810d4945c57910bc02eeb2c	lerobot_groot_n15	n15	lerobot_groot_n15__robocasa365_ckpt120000		0	Pick the marshmallow from the counter and place it in the cabinet.	robocasa_panda_omron/PickPlaceCounterToCabinet_PandaOmron_Env	100424	1300002	0	1			5		1	all_token_full	groot_n15_dit_block_residual_full_tokens_denoise	["layer","denoise_step","model_token","feature_dim"]	[7,4,49,1536]	[0,2,4,8,10,12,15]	n15_grid_v1b	grid_coord	meta	meta_json	979d4833a7db/dongkyu-MS-7D43/PPCC/marshmallow/s3/n2/base
979d4833a7db	dongkyu-MS-7D43	PPCC/marshmallow	3	3	base	activation	e8737e96ee8d9f18	e8737e96ee8d9f188aa6414f7218f8b22b49a52354ffae1379ac4b0cdf57cdce	lerobot_groot_n15	n15	lerobot_groot_n15__robocasa365_ckpt120000		0	Pick the marshmallow from the counter and place it in the cabinet.	robocasa_panda_omron/PickPlaceCounterToCabinet_PandaOmron_Env	100424	1300003	0	1			5		1	all_token_full	groot_n15_dit_block_residual_full_tokens_denoise	["layer","denoise_step","model_token","feature_dim"]	[7,4,49,1536]	[0,2,4,8,10,12,15]	n15_grid_v1b	grid_coord	meta	meta_json	979d4833a7db/dongkyu-MS-7D43/PPCC/marshmallow/s3/n3/base
979d4833a7db	dongkyu-MS-7D43	PPCC/marshmallow	3	4	base	activation	ab1f63a29e8d2541	ab1f63a29e8d2541a72d942f95f74b0e379c1bb225cf80ec104af49a1c8d75e6	lerobot_groot_n15	n15	lerobot_groot_n15__robocasa365_ckpt120000		0	Pick the marshmallow from the counter and place it in the cabinet.	robocasa_panda_omron/PickPlaceCounterToCabinet_PandaOmron_Env	100424	1300004	0	1			5		1	all_token_full	groot_n15_dit_block_residual_full_tokens_denoise	["layer","denoise_step","model_token","feature_dim"]	[7,4,49,1536]	[0,2,4,8,10,12,15]	n15_grid_v1b	grid_coord	meta	meta_json	979d4833a7db/dongkyu-MS-7D43/PPCC/marshmallow/s3/n4/base
979d4833a7db	dongkyu-MS-7D43	PPCC/marshmallow	3	5	base	activation	be7ab17d6136d2e8	be7ab17d6136d2e8f5778b85424336a3db8b676278d6a47cf44945549b99c8d5	lerobot_groot_n15	n15	lerobot_groot_n15__robocasa365_ckpt120000		0	Pick the marshmallow from the counter and place it in the cabinet.	robocasa_panda_omron/PickPlaceCounterToCabinet_PandaOmron_Env	100424	1300005	0	1			5		1	all_token_full	groot_n15_dit_block_residual_full_tokens_denoise	["layer","denoise_step","model_token","feature_dim"]	[7,4,49,1536]	[0,2,4,8,10,12,15]	n15_grid_v1b	grid_coord	meta	meta_json	979d4833a7db/dongkyu-MS-7D43/PPCC/marshmallow/s3/n5/base
979d4833a7db	dongkyu-MS-7D43	PPCC/marshmallow	3	6	base	activation	b3d450da7c999334	b3d450da7c9993344d4b5a5f1a2528f2cdaec282f390d209631ae4c95e7914cd	lerobot_groot_n15	n15	lerobot_groot_n15__robocasa365_ckpt120000		0	Pick the marshmallow from the counter and place it in the cabinet.	robocasa_panda_omron/PickPlaceCounterToCabinet_PandaOmron_Env	100424	1300006	0	1			5		1	all_token_full	groot_n15_dit_block_residual_full_tokens_denoise	["layer","denoise_step","model_token","feature_dim"]	[7,4,49,1536]	[0,2,4,8,10,12,15]	n15_grid_v1b	grid_coord	meta	meta_json	979d4833a7db/dongkyu-MS-7D43/PPCC/marshmallow/s3/n6/base
979d4833a7db	dongkyu-MS-7D43	PPCC/marshmallow	3	7	base	activation	d9d8fa18cd59626d	d9d8fa18cd59626d30a9b2bebfb192ab1563af39020e9b0a610d5cf0ea804c23	lerobot_groot_n15	n15	lerobot_groot_n15__robocasa365_ckpt120000		0	Pick the marshmallow from the counter and place it in the cabinet.	robocasa_panda_omron/PickPlaceCounterToCabinet_PandaOmron_Env	100424	1300007	0	1			5		1	all_token_full	groot_n15_dit_block_residual_full_tokens_denoise	["layer","denoise_step","model_token","feature_dim"]	[7,4,49,1536]	[0,2,4,8,10,12,15]	n15_grid_v1b	grid_coord	meta	meta_json	979d4833a7db/dongkyu-MS-7D43/PPCC/marshmallow/s3/n7/base
979d4833a7db	dongkyu-MS-7D43	PPCC/marshmallow	3	8	base	activation	6782578efa644ec9	6782578efa644ec9cd4bb072d6f6a21ec5cf6cb69cf842b213ef2d608af50845	lerobot_groot_n15	n15	lerobot_groot_n15__robocasa365_ckpt120000		0	Pick the marshmallow from the counter and place it in the cabinet.	robocasa_panda_omron/PickPlaceCounterToCabinet_PandaOmron_Env	100424	1300008	0	1			5		1	all_token_full	groot_n15_dit_block_residual_full_tokens_denoise	["layer","denoise_step","model_token","feature_dim"]	[7,4,49,1536]	[0,2,4,8,10,12,15]	n15_grid_v1b	grid_coord	meta	meta_json	979d4833a7db/dongkyu-MS-7D43/PPCC/marshmallow/s3/n8/base
979d4833a7db	dongkyu-MS-7D43	PPCC/marshmallow	3	9	base	activation	80652de9e8ee0f6a	80652de9e8ee0f6afd0659f7a290d1f466cb47656a5fce0849f835e3f019b2ab	lerobot_groot_n15	n15	lerobot_groot_n15__robocasa365_ckpt120000		0	Pick the marshmallow from the counter and place it in the cabinet.	robocasa_panda_omron/PickPlaceCounterToCabinet_PandaOmron_Env	100424	1300009	0	1			5		1	all_token_full	groot_n15_dit_block_residual_full_tokens_denoise	["layer","denoise_step","model_token","feature_dim"]	[7,4,49,1536]	[0,2,4,8,10,12,15]	n15_grid_v1b	grid_coord	meta	meta_json	979d4833a7db/dongkyu-MS-7D43/PPCC/marshmallow/s3/n9/base
979d4833a7db	dongkyu-MS-7D43	PPCC/marshmallow	4	0	base	activation	310f1c39215b6611	310f1c39215b6611654a35e7f138a4e3e4599de19c066941a1126cd7753dfbb7	lerobot_groot_n15	n15	lerobot_groot_n15__robocasa365_ckpt120000		0	Pick the marshmallow from the counter and place it in the cabinet.	robocasa_panda_omron/PickPlaceCounterToCabinet_PandaOmron_Env	100553	1300000	0	1			5		1	all_token_full	groot_n15_dit_block_residual_full_tokens_denoise	["layer","denoise_step","model_token","feature_dim"]	[7,4,49,1536]	[0,2,4,8,10,12,15]	n15_grid_v1b	grid_coord	meta	meta_json	979d4833a7db/dongkyu-MS-7D43/PPCC/marshmallow/s4/n0/base
979d4833a7db	dongkyu-MS-7D43	PPCC/marshmallow	4	1	base	activation	7b595af49ecafed7	7b595af49ecafed70091b517ec4e3c4664d25b403d6c577565296fe95a0ff795	lerobot_groot_n15	n15	lerobot_groot_n15__robocasa365_ckpt120000		0	Pick the marshmallow from the counter and place it in the cabinet.	robocasa_panda_omron/PickPlaceCounterToCabinet_PandaOmron_Env	100553	1300001	0	1			5		1	all_token_full	groot_n15_dit_block_residual_full_tokens_denoise	["layer","denoise_step","model_token","feature_dim"]	[7,4,49,1536]	[0,2,4,8,10,12,15]	n15_grid_v1b	grid_coord	meta	meta_json	979d4833a7db/dongkyu-MS-7D43/PPCC/marshmallow/s4/n1/base
979d4833a7db	dongkyu-MS-7D43	PPCC/marshmallow	4	2	base	activation	2269f3e0117cf7c8	2269f3e0117cf7c8f817ad2005751e9b349fa1a7b8da9bd7779e152899bdf3be	lerobot_groot_n15	n15	lerobot_groot_n15__robocasa365_ckpt120000		0	Pick the marshmallow from the counter and place it in the cabinet.	robocasa_panda_omron/PickPlaceCounterToCabinet_PandaOmron_Env	100553	1300002	0	1			5		1	all_token_full	groot_n15_dit_block_residual_full_tokens_denoise	["layer","denoise_step","model_token","feature_dim"]	[7,4,49,1536]	[0,2,4,8,10,12,15]	n15_grid_v1b	grid_coord	meta	meta_json	979d4833a7db/dongkyu-MS-7D43/PPCC/marshmallow/s4/n2/base
979d4833a7db	dongkyu-MS-7D43	PPCC/marshmallow	4	3	base	activation	491ec853bd171262	491ec853bd17126297747958f99b104f8fa1b69220d62143774d8b5a1db25a6c	lerobot_groot_n15	n15	lerobot_groot_n15__robocasa365_ckpt120000		0	Pick the marshmallow from the counter and place it in the cabinet.	robocasa_panda_omron/PickPlaceCounterToCabinet_PandaOmron_Env	100553	1300003	0	1			5		1	all_token_full	groot_n15_dit_block_residual_full_tokens_denoise	["layer","denoise_step","model_token","feature_dim"]	[7,4,49,1536]	[0,2,4,8,10,12,15]	n15_grid_v1b	grid_coord	meta	meta_json	979d4833a7db/dongkyu-MS-7D43/PPCC/marshmallow/s4/n3/base
979d4833a7db	dongkyu-MS-7D43	PPCC/marshmallow	4	4	base	activation	8e37df7001b747f0	8e37df7001b747f0ff3ffce15c63bed325c96cf15070034f4b7539beabe9f38f	lerobot_groot_n15	n15	lerobot_groot_n15__robocasa365_ckpt120000		0	Pick the marshmallow from the counter and place it in the cabinet.	robocasa_panda_omron/PickPlaceCounterToCabinet_PandaOmron_Env	100553	1300004	0	1			5		1	all_token_full	groot_n15_dit_block_residual_full_tokens_denoise	["layer","denoise_step","model_token","feature_dim"]	[7,4,49,1536]	[0,2,4,8,10,12,15]	n15_grid_v1b	grid_coord	meta	meta_json	979d4833a7db/dongkyu-MS-7D43/PPCC/marshmallow/s4/n4/base
979d4833a7db	dongkyu-MS-7D43	PPCC/marshmallow	4	5	base	activation	3ba3a3784ac8c88f	3ba3a3784ac8c88f68b6cb6f444b1f4567dfea487c93fdb2c9ce9ce911b12e9e	lerobot_groot_n15	n15	lerobot_groot_n15__robocasa365_ckpt120000		0	Pick the marshmallow from the counter and place it in the cabinet.	robocasa_panda_omron/PickPlaceCounterToCabinet_PandaOmron_Env	100553	1300005	0	1			5		1	all_token_full	groot_n15_dit_block_residual_full_tokens_denoise	["layer","denoise_step","model_token","feature_dim"]	[7,4,49,1536]	[0,2,4,8,10,12,15]	n15_grid_v1b	grid_coord	meta	meta_json	979d4833a7db/dongkyu-MS-7D43/PPCC/marshmallow/s4/n5/base
979d4833a7db	dongkyu-MS-7D43	PPCC/marshmallow	4	6	base	activation	37145da0cf99d593	37145da0cf99d593c02b666a56f866559a578d67226e193588ddebfc84597b3d	lerobot_groot_n15	n15	lerobot_groot_n15__robocasa365_ckpt120000		0	Pick the marshmallow from the counter and place it in the cabinet.	robocasa_panda_omron/PickPlaceCounterToCabinet_PandaOmron_Env	100553	1300006	0	1			5		1	all_token_full	groot_n15_dit_block_residual_full_tokens_denoise	["layer","denoise_step","model_token","feature_dim"]	[7,4,49,1536]	[0,2,4,8,10,12,15]	n15_grid_v1b	grid_coord	meta	meta_json	979d4833a7db/dongkyu-MS-7D43/PPCC/marshmallow/s4/n6/base
979d4833a7db	dongkyu-MS-7D43	PPCC/marshmallow	4	7	base	activation	a8d2d0c9f8c50e20	a8d2d0c9f8c50e20b0b16398458c4002c06141524dde5f40ff335c85c4881c56	lerobot_groot_n15	n15	lerobot_groot_n15__robocasa365_ckpt120000		0	Pick the marshmallow from the counter and place it in the cabinet.	robocasa_panda_omron/PickPlaceCounterToCabinet_PandaOmron_Env	100553	1300007	0	1			5		1	all_token_full	groot_n15_dit_block_residual_full_tokens_denoise	["layer","denoise_step","model_token","feature_dim"]	[7,4,49,1536]	[0,2,4,8,10,12,15]	n15_grid_v1b	grid_coord	meta	meta_json	979d4833a7db/dongkyu-MS-7D43/PPCC/marshmallow/s4/n7/base
979d4833a7db	dongkyu-MS-7D43	PPCC/marshmallow	4	8	base	activation	203d910deb6031fb	203d910deb6031fb28aaadd6cadf2fd68fc4a14b0eecadbd668ba8e81feed751	lerobot_groot_n15	n15	lerobot_groot_n15__robocasa365_ckpt120000		0	Pick the marshmallow from the counter and place it in the cabinet.	robocasa_panda_omron/PickPlaceCounterToCabinet_PandaOmron_Env	100553	1300008	0	1			5		1	all_token_full	groot_n15_dit_block_residual_full_tokens_denoise	["layer","denoise_step","model_token","feature_dim"]	[7,4,49,1536]	[0,2,4,8,10,12,15]	n15_grid_v1b	grid_coord	meta	meta_json	979d4833a7db/dongkyu-MS-7D43/PPCC/marshmallow/s4/n8/base
979d4833a7db	dongkyu-MS-7D43	PPCC/marshmallow	4	9	base	activation	f3e154a8291b6ac2	f3e154a8291b6ac22656af96d04b4e8709ea00e1cd3a2235ab4e2792e9c44dd0	lerobot_groot_n15	n15	lerobot_groot_n15__robocasa365_ckpt120000		0	Pick the marshmallow from the counter and place it in the cabinet.	robocasa_panda_omron/PickPlaceCounterToCabinet_PandaOmron_Env	100553	1300009	0	1			5		1	all_token_full	groot_n15_dit_block_residual_full_tokens_denoise	["layer","denoise_step","model_token","feature_dim"]	[7,4,49,1536]	[0,2,4,8,10,12,15]	n15_grid_v1b	grid_coord	meta	meta_json	979d4833a7db/dongkyu-MS-7D43/PPCC/marshmallow/s4/n9/base
979d4833a7db	dongkyu-MS-7D43	PPCC/marshmallow	5	0	base	activation	6a8d041990126340	6a8d04199012634042c11e46ac813f67570b948643fcfd05560f2ba2378f0a96	lerobot_groot_n15	n15	lerobot_groot_n15__robocasa365_ckpt120000		0	Pick the marshmallow from the counter and place it in the cabinet.	robocasa_panda_omron/PickPlaceCounterToCabinet_PandaOmron_Env	100571	1300000	0	1			5		1	all_token_full	groot_n15_dit_block_residual_full_tokens_denoise	["layer","denoise_step","model_token","feature_dim"]	[7,4,49,1536]	[0,2,4,8,10,12,15]	n15_grid_v1b	grid_coord	meta	meta_json	979d4833a7db/dongkyu-MS-7D43/PPCC/marshmallow/s5/n0/base
979d4833a7db	dongkyu-MS-7D43	PPCC/marshmallow	5	1	base	activation	1804e4f7ed0be386	1804e4f7ed0be38612ff791b0ad5675a0a103c5e8ca1f7f13999c135fd3ef2b6	lerobot_groot_n15	n15	lerobot_groot_n15__robocasa365_ckpt120000		0	Pick the marshmallow from the counter and place it in the cabinet.	robocasa_panda_omron/PickPlaceCounterToCabinet_PandaOmron_Env	100571	1300001	0	1			5		1	all_token_full	groot_n15_dit_block_residual_full_tokens_denoise	["layer","denoise_step","model_token","feature_dim"]	[7,4,49,1536]	[0,2,4,8,10,12,15]	n15_grid_v1b	grid_coord	meta	meta_json	979d4833a7db/dongkyu-MS-7D43/PPCC/marshmallow/s5/n1/base
979d4833a7db	dongkyu-MS-7D43	PPCC/marshmallow	5	2	base	activation	b6c6b28b921ef7d7	b6c6b28b921ef7d7b16e4ff88512e14db5689132d19d282045ac27fc2986831b	lerobot_groot_n15	n15	lerobot_groot_n15__robocasa365_ckpt120000		0	Pick the marshmallow from the counter and place it in the cabinet.	robocasa_panda_omron/PickPlaceCounterToCabinet_PandaOmron_Env	100571	1300002	0	1			5		1	all_token_full	groot_n15_dit_block_residual_full_tokens_denoise	["layer","denoise_step","model_token","feature_dim"]	[7,4,49,1536]	[0,2,4,8,10,12,15]	n15_grid_v1b	grid_coord	meta	meta_json	979d4833a7db/dongkyu-MS-7D43/PPCC/marshmallow/s5/n2/base
979d4833a7db	dongkyu-MS-7D43	PPCC/marshmallow	5	3	base	activation	f10945e4c5ef2011	f10945e4c5ef20110ed68477ef00f5029719c4a8f1dbd35d8a9acc91e81e0ea0	lerobot_groot_n15	n15	lerobot_groot_n15__robocasa365_ckpt120000		0	Pick the marshmallow from the counter and place it in the cabinet.	robocasa_panda_omron/PickPlaceCounterToCabinet_PandaOmron_Env	100571	1300003	0	1			5		1	all_token_full	groot_n15_dit_block_residual_full_tokens_denoise	["layer","denoise_step","model_token","feature_dim"]	[7,4,49,1536]	[0,2,4,8,10,12,15]	n15_grid_v1b	grid_coord	meta	meta_json	979d4833a7db/dongkyu-MS-7D43/PPCC/marshmallow/s5/n3/base
979d4833a7db	dongkyu-MS-7D43	PPCC/marshmallow	5	4	base	activation	7e453c135344ae7b	7e453c135344ae7b760a43a7df044155a77125f5ec6c8f90c5302efffa21c5cc	lerobot_groot_n15	n15	lerobot_groot_n15__robocasa365_ckpt120000		0	Pick the marshmallow from the counter and place it in the cabinet.	robocasa_panda_omron/PickPlaceCounterToCabinet_PandaOmron_Env	100571	1300004	0	1			5		1	all_token_full	groot_n15_dit_block_residual_full_tokens_denoise	["layer","denoise_step","model_token","feature_dim"]	[7,4,49,1536]	[0,2,4,8,10,12,15]	n15_grid_v1b	grid_coord	meta	meta_json	979d4833a7db/dongkyu-MS-7D43/PPCC/marshmallow/s5/n4/base
979d4833a7db	dongkyu-MS-7D43	PPCC/marshmallow	5	5	base	activation	a492dcd31d143657	a492dcd31d143657a299681b7b8455d96d20fdc508e6cc721b35287139fdfce9	lerobot_groot_n15	n15	lerobot_groot_n15__robocasa365_ckpt120000		0	Pick the marshmallow from the counter and place it in the cabinet.	robocasa_panda_omron/PickPlaceCounterToCabinet_PandaOmron_Env	100571	1300005	0	1			5		1	all_token_full	groot_n15_dit_block_residual_full_tokens_denoise	["layer","denoise_step","model_token","feature_dim"]	[7,4,49,1536]	[0,2,4,8,10,12,15]	n15_grid_v1b	grid_coord	meta	meta_json	979d4833a7db/dongkyu-MS-7D43/PPCC/marshmallow/s5/n5/base
979d4833a7db	dongkyu-MS-7D43	PPCC/marshmallow	5	6	base	activation	f41958ba1e389385	f41958ba1e389385f1c1a883a50e2d0fe0d425b35fd83fe5dd3f1fb89ba8d8fc	lerobot_groot_n15	n15	lerobot_groot_n15__robocasa365_ckpt120000		0	Pick the marshmallow from the counter and place it in the cabinet.	robocasa_panda_omron/PickPlaceCounterToCabinet_PandaOmron_Env	100571	1300006	0	1			5		1	all_token_full	groot_n15_dit_block_residual_full_tokens_denoise	["layer","denoise_step","model_token","feature_dim"]	[7,4,49,1536]	[0,2,4,8,10,12,15]	n15_grid_v1b	grid_coord	meta	meta_json	979d4833a7db/dongkyu-MS-7D43/PPCC/marshmallow/s5/n6/base
979d4833a7db	dongkyu-MS-7D43	PPCC/marshmallow	5	7	base	activation	b0c66fc4e88ec50e	b0c66fc4e88ec50e2e7a01bfe1d72e17160bd518deaf825efcf448bbedd26ecd	lerobot_groot_n15	n15	lerobot_groot_n15__robocasa365_ckpt120000		0	Pick the marshmallow from the counter and place it in the cabinet.	robocasa_panda_omron/PickPlaceCounterToCabinet_PandaOmron_Env	100571	1300007	0	1			5		1	all_token_full	groot_n15_dit_block_residual_full_tokens_denoise	["layer","denoise_step","model_token","feature_dim"]	[7,4,49,1536]	[0,2,4,8,10,12,15]	n15_grid_v1b	grid_coord	meta	meta_json	979d4833a7db/dongkyu-MS-7D43/PPCC/marshmallow/s5/n7/base
979d4833a7db	dongkyu-MS-7D43	PPCC/marshmallow	5	8	base	activation	271115ea5007d861	271115ea5007d8615b1887731685c3340861336db50d2ec98035207e5a9a1b32	lerobot_groot_n15	n15	lerobot_groot_n15__robocasa365_ckpt120000		0	Pick the marshmallow from the counter and place it in the cabinet.	robocasa_panda_omron/PickPlaceCounterToCabinet_PandaOmron_Env	100571	1300008	0	1			5		1	all_token_full	groot_n15_dit_block_residual_full_tokens_denoise	["layer","denoise_step","model_token","feature_dim"]	[7,4,49,1536]	[0,2,4,8,10,12,15]	n15_grid_v1b	grid_coord	meta	meta_json	979d4833a7db/dongkyu-MS-7D43/PPCC/marshmallow/s5/n8/base
979d4833a7db	dongkyu-MS-7D43	PPCC/marshmallow	5	9	base	activation	dde1f8fc6f30235e	dde1f8fc6f30235e74a35bf70b106c544d3d6c492dbbefedc69be208af4438af	lerobot_groot_n15	n15	lerobot_groot_n15__robocasa365_ckpt120000		0	Pick the marshmallow from the counter and place it in the cabinet.	robocasa_panda_omron/PickPlaceCounterToCabinet_PandaOmron_Env	100571	1300009	0	1			5		1	all_token_full	groot_n15_dit_block_residual_full_tokens_denoise	["layer","denoise_step","model_token","feature_dim"]	[7,4,49,1536]	[0,2,4,8,10,12,15]	n15_grid_v1b	grid_coord	meta	meta_json	979d4833a7db/dongkyu-MS-7D43/PPCC/marshmallow/s5/n9/base
979d4833a7db	dongkyu-MS-7D43	PPCC/marshmallow	6	0	base	activation	0ace8198708a6f3f	0ace8198708a6f3f285ec5cc563f8ba49098a81b59882983976fc9d8d898fd82	lerobot_groot_n15	n15	lerobot_groot_n15__robocasa365_ckpt120000		0	Pick the marshmallow from the counter and place it in the cabinet.	robocasa_panda_omron/PickPlaceCounterToCabinet_PandaOmron_Env	100607	1300000	0	1			5		1	all_token_full	groot_n15_dit_block_residual_full_tokens_denoise	["layer","denoise_step","model_token","feature_dim"]	[7,4,49,1536]	[0,2,4,8,10,12,15]	n15_grid_v1b	grid_coord	meta	meta_json	979d4833a7db/dongkyu-MS-7D43/PPCC/marshmallow/s6/n0/base
979d4833a7db	dongkyu-MS-7D43	PPCC/marshmallow	6	1	base	activation	9cdac4c6f0bf7526	9cdac4c6f0bf75261a7c541bf6db0e7cba09b0a41cabccb243992a3b9e414caa	lerobot_groot_n15	n15	lerobot_groot_n15__robocasa365_ckpt120000		0	Pick the marshmallow from the counter and place it in the cabinet.	robocasa_panda_omron/PickPlaceCounterToCabinet_PandaOmron_Env	100607	1300001	0	1			5		1	all_token_full	groot_n15_dit_block_residual_full_tokens_denoise	["layer","denoise_step","model_token","feature_dim"]	[7,4,49,1536]	[0,2,4,8,10,12,15]	n15_grid_v1b	grid_coord	meta	meta_json	979d4833a7db/dongkyu-MS-7D43/PPCC/marshmallow/s6/n1/base
979d4833a7db	dongkyu-MS-7D43	PPCC/marshmallow	6	2	base	activation	6948c79d4de9b7d7	6948c79d4de9b7d7630e0b55216411af38c04be3250c2011039c9bba4ba7db47	lerobot_groot_n15	n15	lerobot_groot_n15__robocasa365_ckpt120000		0	Pick the marshmallow from the counter and place it in the cabinet.	robocasa_panda_omron/PickPlaceCounterToCabinet_PandaOmron_Env	100607	1300002	0	1			5		1	all_token_full	groot_n15_dit_block_residual_full_tokens_denoise	["layer","denoise_step","model_token","feature_dim"]	[7,4,49,1536]	[0,2,4,8,10,12,15]	n15_grid_v1b	grid_coord	meta	meta_json	979d4833a7db/dongkyu-MS-7D43/PPCC/marshmallow/s6/n2/base
979d4833a7db	dongkyu-MS-7D43	PPCC/marshmallow	6	3	base	activation	074e16dafc0a9b37	074e16dafc0a9b3754b9160ce7008406c848206e8dd7a6c6c0371d102f1f166a	lerobot_groot_n15	n15	lerobot_groot_n15__robocasa365_ckpt120000		0	Pick the marshmallow from the counter and place it in the cabinet.	robocasa_panda_omron/PickPlaceCounterToCabinet_PandaOmron_Env	100607	1300003	0	0			5		1	all_token_full	groot_n15_dit_block_residual_full_tokens_denoise	["layer","denoise_step","model_token","feature_dim"]	[7,4,49,1536]	[0,2,4,8,10,12,15]	n15_grid_v1b	grid_coord	meta	meta_json	979d4833a7db/dongkyu-MS-7D43/PPCC/marshmallow/s6/n3/base
979d4833a7db	dongkyu-MS-7D43	PPCC/marshmallow	6	4	base	activation	1ab25af458b7a84f	1ab25af458b7a84fba7b320e4a3edaf3aa4526c44583e70e30d63c1fefb05dfd	lerobot_groot_n15	n15	lerobot_groot_n15__robocasa365_ckpt120000		0	Pick the marshmallow from the counter and place it in the cabinet.	robocasa_panda_omron/PickPlaceCounterToCabinet_PandaOmron_Env	100607	1300004	0	1			5		1	all_token_full	groot_n15_dit_block_residual_full_tokens_denoise	["layer","denoise_step","model_token","feature_dim"]	[7,4,49,1536]	[0,2,4,8,10,12,15]	n15_grid_v1b	grid_coord	meta	meta_json	979d4833a7db/dongkyu-MS-7D43/PPCC/marshmallow/s6/n4/base
979d4833a7db	dongkyu-MS-7D43	PPCC/marshmallow	6	5	base	activation	7b4f0cc11423977f	7b4f0cc11423977fef284d306160e52fa1f5241d6d1cb6ca0cda3b3ab685948c	lerobot_groot_n15	n15	lerobot_groot_n15__robocasa365_ckpt120000		0	Pick the marshmallow from the counter and place it in the cabinet.	robocasa_panda_omron/PickPlaceCounterToCabinet_PandaOmron_Env	100607	1300005	0	0			5		1	all_token_full	groot_n15_dit_block_residual_full_tokens_denoise	["layer","denoise_step","model_token","feature_dim"]	[7,4,49,1536]	[0,2,4,8,10,12,15]	n15_grid_v1b	grid_coord	meta	meta_json	979d4833a7db/dongkyu-MS-7D43/PPCC/marshmallow/s6/n5/base
979d4833a7db	dongkyu-MS-7D43	PPCC/marshmallow	6	6	base	activation	64711fe635bde598	64711fe635bde598b5cd704156cb7732fc67e3be001ed7f82d528ad67f5d247c	lerobot_groot_n15	n15	lerobot_groot_n15__robocasa365_ckpt120000		0	Pick the marshmallow from the counter and place it in the cabinet.	robocasa_panda_omron/PickPlaceCounterToCabinet_PandaOmron_Env	100607	1300006	0	1			5		1	all_token_full	groot_n15_dit_block_residual_full_tokens_denoise	["layer","denoise_step","model_token","feature_dim"]	[7,4,49,1536]	[0,2,4,8,10,12,15]	n15_grid_v1b	grid_coord	meta	meta_json	979d4833a7db/dongkyu-MS-7D43/PPCC/marshmallow/s6/n6/base
979d4833a7db	dongkyu-MS-7D43	PPCC/marshmallow	6	7	base	activation	91adcdc17af07101	91adcdc17af07101b588198378ec229f00af77b0e0751a25e0eb046f0f115924	lerobot_groot_n15	n15	lerobot_groot_n15__robocasa365_ckpt120000		0	Pick the marshmallow from the counter and place it in the cabinet.	robocasa_panda_omron/PickPlaceCounterToCabinet_PandaOmron_Env	100607	1300007	0	1			5		1	all_token_full	groot_n15_dit_block_residual_full_tokens_denoise	["layer","denoise_step","model_token","feature_dim"]	[7,4,49,1536]	[0,2,4,8,10,12,15]	n15_grid_v1b	grid_coord	meta	meta_json	979d4833a7db/dongkyu-MS-7D43/PPCC/marshmallow/s6/n7/base
979d4833a7db	dongkyu-MS-7D43	PPCC/marshmallow	6	8	base	activation	fbde23aba9413ba5	fbde23aba9413ba5b017493311321c4dc9d8ca71b821e2e1680499d0bd5065ad	lerobot_groot_n15	n15	lerobot_groot_n15__robocasa365_ckpt120000		0	Pick the marshmallow from the counter and place it in the cabinet.	robocasa_panda_omron/PickPlaceCounterToCabinet_PandaOmron_Env	100607	1300008	0	1			5		1	all_token_full	groot_n15_dit_block_residual_full_tokens_denoise	["layer","denoise_step","model_token","feature_dim"]	[7,4,49,1536]	[0,2,4,8,10,12,15]	n15_grid_v1b	grid_coord	meta	meta_json	979d4833a7db/dongkyu-MS-7D43/PPCC/marshmallow/s6/n8/base
979d4833a7db	dongkyu-MS-7D43	PPCC/marshmallow	6	9	base	activation	cfffbbc5f7e93e08	cfffbbc5f7e93e08a8d3bccad4cb2d58cb3d63f04193db59e6ce70a289d3d87e	lerobot_groot_n15	n15	lerobot_groot_n15__robocasa365_ckpt120000		0	Pick the marshmallow from the counter and place it in the cabinet.	robocasa_panda_omron/PickPlaceCounterToCabinet_PandaOmron_Env	100607	1300009	0	0			5		1	all_token_full	groot_n15_dit_block_residual_full_tokens_denoise	["layer","denoise_step","model_token","feature_dim"]	[7,4,49,1536]	[0,2,4,8,10,12,15]	n15_grid_v1b	grid_coord	meta	meta_json	979d4833a7db/dongkyu-MS-7D43/PPCC/marshmallow/s6/n9/base
979d4833a7db	dongkyu-MS-7D43	PPCC/marshmallow	7	0	base	activation	ab4b0884b9a5d231	ab4b0884b9a5d23157ad3f404ac4a5179331904e69aa2984f0b724b262a7382a	lerobot_groot_n15	n15	lerobot_groot_n15__robocasa365_ckpt120000		0	Pick the marshmallow from the counter and place it in the cabinet.	robocasa_panda_omron/PickPlaceCounterToCabinet_PandaOmron_Env	100645	1300000	0	0			5		1	all_token_full	groot_n15_dit_block_residual_full_tokens_denoise	["layer","denoise_step","model_token","feature_dim"]	[7,4,49,1536]	[0,2,4,8,10,12,15]	n15_grid_v1b	grid_coord	meta	meta_json	979d4833a7db/dongkyu-MS-7D43/PPCC/marshmallow/s7/n0/base
979d4833a7db	dongkyu-MS-7D43	PPCC/marshmallow	7	1	base	activation	182e505e79a73989	182e505e79a739891204603b4e56f653fe764e21caa366c42561208db4d58b08	lerobot_groot_n15	n15	lerobot_groot_n15__robocasa365_ckpt120000		0	Pick the marshmallow from the counter and place it in the cabinet.	robocasa_panda_omron/PickPlaceCounterToCabinet_PandaOmron_Env	100645	1300001	0	1			5		1	all_token_full	groot_n15_dit_block_residual_full_tokens_denoise	["layer","denoise_step","model_token","feature_dim"]	[7,4,49,1536]	[0,2,4,8,10,12,15]	n15_grid_v1b	grid_coord	meta	meta_json	979d4833a7db/dongkyu-MS-7D43/PPCC/marshmallow/s7/n1/base
979d4833a7db	dongkyu-MS-7D43	PPCC/marshmallow	7	2	base	activation	230c500ad1a41039	230c500ad1a410392b6044bfddfa13f3aaa0971e64ddd72004d14ad9bb3a4382	lerobot_groot_n15	n15	lerobot_groot_n15__robocasa365_ckpt120000		0	Pick the marshmallow from the counter and place it in the cabinet.	robocasa_panda_omron/PickPlaceCounterToCabinet_PandaOmron_Env	100645	1300002	0	1			5		1	all_token_full	groot_n15_dit_block_residual_full_tokens_denoise	["layer","denoise_step","model_token","feature_dim"]	[7,4,49,1536]	[0,2,4,8,10,12,15]	n15_grid_v1b	grid_coord	meta	meta_json	979d4833a7db/dongkyu-MS-7D43/PPCC/marshmallow/s7/n2/base
979d4833a7db	dongkyu-MS-7D43	PPCC/marshmallow	7	3	base	activation	b5ba32a2e70db0e8	b5ba32a2e70db0e81772a69a764048019ff2789174d54a092ed64460781b13af	lerobot_groot_n15	n15	lerobot_groot_n15__robocasa365_ckpt120000		0	Pick the marshmallow from the counter and place it in the cabinet.	robocasa_panda_omron/PickPlaceCounterToCabinet_PandaOmron_Env	100645	1300003	0	1			5		1	all_token_full	groot_n15_dit_block_residual_full_tokens_denoise	["layer","denoise_step","model_token","feature_dim"]	[7,4,49,1536]	[0,2,4,8,10,12,15]	n15_grid_v1b	grid_coord	meta	meta_json	979d4833a7db/dongkyu-MS-7D43/PPCC/marshmallow/s7/n3/base
979d4833a7db	dongkyu-MS-7D43	PPCC/marshmallow	7	4	base	activation	a5d3d902bdaf31ab	a5d3d902bdaf31aba4b790eaa7e8e4ac5b4f6fe1bd3a0b2d190886f5fd7d2b12	lerobot_groot_n15	n15	lerobot_groot_n15__robocasa365_ckpt120000		0	Pick the marshmallow from the counter and place it in the cabinet.	robocasa_panda_omron/PickPlaceCounterToCabinet_PandaOmron_Env	100645	1300004	0	1			5		1	all_token_full	groot_n15_dit_block_residual_full_tokens_denoise	["layer","denoise_step","model_token","feature_dim"]	[7,4,49,1536]	[0,2,4,8,10,12,15]	n15_grid_v1b	grid_coord	meta	meta_json	979d4833a7db/dongkyu-MS-7D43/PPCC/marshmallow/s7/n4/base
979d4833a7db	dongkyu-MS-7D43	PPCC/marshmallow	7	5	base	activation	1ffbc3e20cf5ab06	1ffbc3e20cf5ab062d9efe774f3902403d83d187dbad73a8d23811b52ac2891a	lerobot_groot_n15	n15	lerobot_groot_n15__robocasa365_ckpt120000		0	Pick the marshmallow from the counter and place it in the cabinet.	robocasa_panda_omron/PickPlaceCounterToCabinet_PandaOmron_Env	100645	1300005	0	1			5		1	all_token_full	groot_n15_dit_block_residual_full_tokens_denoise	["layer","denoise_step","model_token","feature_dim"]	[7,4,49,1536]	[0,2,4,8,10,12,15]	n15_grid_v1b	grid_coord	meta	meta_json	979d4833a7db/dongkyu-MS-7D43/PPCC/marshmallow/s7/n5/base
979d4833a7db	dongkyu-MS-7D43	PPCC/marshmallow	7	6	base	activation	3dba21fd0810f8c7	3dba21fd0810f8c758f2040fca4e9193bdf4aa55605d11c0cc9952dc54a8d32d	lerobot_groot_n15	n15	lerobot_groot_n15__robocasa365_ckpt120000		0	Pick the marshmallow from the counter and place it in the cabinet.	robocasa_panda_omron/PickPlaceCounterToCabinet_PandaOmron_Env	100645	1300006	0	1			5		1	all_token_full	groot_n15_dit_block_residual_full_tokens_denoise	["layer","denoise_step","model_token","feature_dim"]	[7,4,49,1536]	[0,2,4,8,10,12,15]	n15_grid_v1b	grid_coord	meta	meta_json	979d4833a7db/dongkyu-MS-7D43/PPCC/marshmallow/s7/n6/base
979d4833a7db	dongkyu-MS-7D43	PPCC/marshmallow	7	7	base	activation	6265b9e5132c5ff9	6265b9e5132c5ff9e966b98103e473184bab0443624dbeb8331c8f57dd7de636	lerobot_groot_n15	n15	lerobot_groot_n15__robocasa365_ckpt120000		0	Pick the marshmallow from the counter and place it in the cabinet.	robocasa_panda_omron/PickPlaceCounterToCabinet_PandaOmron_Env	100645	1300007	0	1			5		1	all_token_full	groot_n15_dit_block_residual_full_tokens_denoise	["layer","denoise_step","model_token","feature_dim"]	[7,4,49,1536]	[0,2,4,8,10,12,15]	n15_grid_v1b	grid_coord	meta	meta_json	979d4833a7db/dongkyu-MS-7D43/PPCC/marshmallow/s7/n7/base
979d4833a7db	dongkyu-MS-7D43	PPCC/marshmallow	7	8	base	activation	6122baca723124ea	6122baca723124ea4b5dcdbc7740ed96c8f0035e4dc24c62f4688a36c3118fb9	lerobot_groot_n15	n15	lerobot_groot_n15__robocasa365_ckpt120000		0	Pick the marshmallow from the counter and place it in the cabinet.	robocasa_panda_omron/PickPlaceCounterToCabinet_PandaOmron_Env	100645	1300008	0	1			5		1	all_token_full	groot_n15_dit_block_residual_full_tokens_denoise	["layer","denoise_step","model_token","feature_dim"]	[7,4,49,1536]	[0,2,4,8,10,12,15]	n15_grid_v1b	grid_coord	meta	meta_json	979d4833a7db/dongkyu-MS-7D43/PPCC/marshmallow/s7/n8/base
979d4833a7db	dongkyu-MS-7D43	PPCC/marshmallow	7	9	base	activation	7b09bf01961599cd	7b09bf01961599cddcb1b3048e130a2417aedbdf7cc6efb179d2f96382d4c028	lerobot_groot_n15	n15	lerobot_groot_n15__robocasa365_ckpt120000		0	Pick the marshmallow from the counter and place it in the cabinet.	robocasa_panda_omron/PickPlaceCounterToCabinet_PandaOmron_Env	100645	1300009	0	1			5		1	all_token_full	groot_n15_dit_block_residual_full_tokens_denoise	["layer","denoise_step","model_token","feature_dim"]	[7,4,49,1536]	[0,2,4,8,10,12,15]	n15_grid_v1b	grid_coord	meta	meta_json	979d4833a7db/dongkyu-MS-7D43/PPCC/marshmallow/s7/n9/base
979d4833a7db	dongkyu-MS-7D43	PPCC/marshmallow	8	0	base	activation	0e4fd226d0f0e5da	0e4fd226d0f0e5dab24f6f2e4dba483f6b61e32adcf68acf8117a31dacba9f34	lerobot_groot_n15	n15	lerobot_groot_n15__robocasa365_ckpt120000		0	Pick the marshmallow from the counter and place it in the cabinet.	robocasa_panda_omron/PickPlaceCounterToCabinet_PandaOmron_Env	100659	1300000	0	1			5		1	all_token_full	groot_n15_dit_block_residual_full_tokens_denoise	["layer","denoise_step","model_token","feature_dim"]	[7,4,49,1536]	[0,2,4,8,10,12,15]	n15_grid_v1b	grid_coord	meta	meta_json	979d4833a7db/dongkyu-MS-7D43/PPCC/marshmallow/s8/n0/base
979d4833a7db	dongkyu-MS-7D43	PPCC/marshmallow	8	1	base	activation	cfd96e19e6c805ca	cfd96e19e6c805ca488c98b3654a01e4c64d7fe2de4ef5e91f42f659a1c03067	lerobot_groot_n15	n15	lerobot_groot_n15__robocasa365_ckpt120000		0	Pick the marshmallow from the counter and place it in the cabinet.	robocasa_panda_omron/PickPlaceCounterToCabinet_PandaOmron_Env	100659	1300001	0	1			5		1	all_token_full	groot_n15_dit_block_residual_full_tokens_denoise	["layer","denoise_step","model_token","feature_dim"]	[7,4,49,1536]	[0,2,4,8,10,12,15]	n15_grid_v1b	grid_coord	meta	meta_json	979d4833a7db/dongkyu-MS-7D43/PPCC/marshmallow/s8/n1/base
979d4833a7db	dongkyu-MS-7D43	PPCC/marshmallow	8	2	base	activation	f46a39b02e7376f8	f46a39b02e7376f8bcf3d7b00b4ed6646110356ecf0eb47ec15b98434d704977	lerobot_groot_n15	n15	lerobot_groot_n15__robocasa365_ckpt120000		0	Pick the marshmallow from the counter and place it in the cabinet.	robocasa_panda_omron/PickPlaceCounterToCabinet_PandaOmron_Env	100659	1300002	0	1			5		1	all_token_full	groot_n15_dit_block_residual_full_tokens_denoise	["layer","denoise_step","model_token","feature_dim"]	[7,4,49,1536]	[0,2,4,8,10,12,15]	n15_grid_v1b	grid_coord	meta	meta_json	979d4833a7db/dongkyu-MS-7D43/PPCC/marshmallow/s8/n2/base
979d4833a7db	dongkyu-MS-7D43	PPCC/marshmallow	8	3	base	activation	49406ce8b73ee0c9	49406ce8b73ee0c9ef495bb63273b81e420b3b2037cc660b555e4f228616b210	lerobot_groot_n15	n15	lerobot_groot_n15__robocasa365_ckpt120000		0	Pick the marshmallow from the counter and place it in the cabinet.	robocasa_panda_omron/PickPlaceCounterToCabinet_PandaOmron_Env	100659	1300003	0	1			5		1	all_token_full	groot_n15_dit_block_residual_full_tokens_denoise	["layer","denoise_step","model_token","feature_dim"]	[7,4,49,1536]	[0,2,4,8,10,12,15]	n15_grid_v1b	grid_coord	meta	meta_json	979d4833a7db/dongkyu-MS-7D43/PPCC/marshmallow/s8/n3/base
979d4833a7db	dongkyu-MS-7D43	PPCC/marshmallow	8	4	base	activation	cd2683af0715bdda	cd2683af0715bdda2e8f2f2bdbf052ac1fb1977048e0c7ca162975785a51546c	lerobot_groot_n15	n15	lerobot_groot_n15__robocasa365_ckpt120000		0	Pick the marshmallow from the counter and place it in the cabinet.	robocasa_panda_omron/PickPlaceCounterToCabinet_PandaOmron_Env	100659	1300004	0	1			5		1	all_token_full	groot_n15_dit_block_residual_full_tokens_denoise	["layer","denoise_step","model_token","feature_dim"]	[7,4,49,1536]	[0,2,4,8,10,12,15]	n15_grid_v1b	grid_coord	meta	meta_json	979d4833a7db/dongkyu-MS-7D43/PPCC/marshmallow/s8/n4/base
979d4833a7db	dongkyu-MS-7D43	PPCC/marshmallow	8	5	base	activation	cfa7360c65b33df9	cfa7360c65b33df918079da45bf0a6f723cf07088329f00eff3ef3826bde5a12	lerobot_groot_n15	n15	lerobot_groot_n15__robocasa365_ckpt120000		0	Pick the marshmallow from the counter and place it in the cabinet.	robocasa_panda_omron/PickPlaceCounterToCabinet_PandaOmron_Env	100659	1300005	0	1			5		1	all_token_full	groot_n15_dit_block_residual_full_tokens_denoise	["layer","denoise_step","model_token","feature_dim"]	[7,4,49,1536]	[0,2,4,8,10,12,15]	n15_grid_v1b	grid_coord	meta	meta_json	979d4833a7db/dongkyu-MS-7D43/PPCC/marshmallow/s8/n5/base
979d4833a7db	dongkyu-MS-7D43	PPCC/marshmallow	8	6	base	activation	b35b02f765e5de0b	b35b02f765e5de0b696f63383377291afc03fbe5d480a8f5a00ae02a8ed0b1c8	lerobot_groot_n15	n15	lerobot_groot_n15__robocasa365_ckpt120000		0	Pick the marshmallow from the counter and place it in the cabinet.	robocasa_panda_omron/PickPlaceCounterToCabinet_PandaOmron_Env	100659	1300006	0	1			5		1	all_token_full	groot_n15_dit_block_residual_full_tokens_denoise	["layer","denoise_step","model_token","feature_dim"]	[7,4,49,1536]	[0,2,4,8,10,12,15]	n15_grid_v1b	grid_coord	meta	meta_json	979d4833a7db/dongkyu-MS-7D43/PPCC/marshmallow/s8/n6/base
979d4833a7db	dongkyu-MS-7D43	PPCC/marshmallow	8	7	base	activation	631b3d28ea6c225a	631b3d28ea6c225a7dbfaf4d9eb3c5d8f29787132989101cf50b33b7911f0b73	lerobot_groot_n15	n15	lerobot_groot_n15__robocasa365_ckpt120000		0	Pick the marshmallow from the counter and place it in the cabinet.	robocasa_panda_omron/PickPlaceCounterToCabinet_PandaOmron_Env	100659	1300007	0	1			5		1	all_token_full	groot_n15_dit_block_residual_full_tokens_denoise	["layer","denoise_step","model_token","feature_dim"]	[7,4,49,1536]	[0,2,4,8,10,12,15]	n15_grid_v1b	grid_coord	meta	meta_json	979d4833a7db/dongkyu-MS-7D43/PPCC/marshmallow/s8/n7/base
979d4833a7db	dongkyu-MS-7D43	PPCC/marshmallow	8	8	base	activation	1846a64035db7c3f	1846a64035db7c3fb4789d22638252bc3d038bd2dcb5afa43807456c437290fc	lerobot_groot_n15	n15	lerobot_groot_n15__robocasa365_ckpt120000		0	Pick the marshmallow from the counter and place it in the cabinet.	robocasa_panda_omron/PickPlaceCounterToCabinet_PandaOmron_Env	100659	1300008	0	1			5		1	all_token_full	groot_n15_dit_block_residual_full_tokens_denoise	["layer","denoise_step","model_token","feature_dim"]	[7,4,49,1536]	[0,2,4,8,10,12,15]	n15_grid_v1b	grid_coord	meta	meta_json	979d4833a7db/dongkyu-MS-7D43/PPCC/marshmallow/s8/n8/base
979d4833a7db	dongkyu-MS-7D43	PPCC/marshmallow	8	9	base	activation	7dd2d1a90b28cc9e	7dd2d1a90b28cc9eb5e70ff893d128abde2bc6cbb7c6284f8a77054d6c63954c	lerobot_groot_n15	n15	lerobot_groot_n15__robocasa365_ckpt120000		0	Pick the marshmallow from the counter and place it in the cabinet.	robocasa_panda_omron/PickPlaceCounterToCabinet_PandaOmron_Env	100659	1300009	0	1			5		1	all_token_full	groot_n15_dit_block_residual_full_tokens_denoise	["layer","denoise_step","model_token","feature_dim"]	[7,4,49,1536]	[0,2,4,8,10,12,15]	n15_grid_v1b	grid_coord	meta	meta_json	979d4833a7db/dongkyu-MS-7D43/PPCC/marshmallow/s8/n9/base
979d4833a7db	dongkyu-MS-7D43	PPCC/marshmallow	9	0	base	activation	b898f9f4911c09d3	b898f9f4911c09d338ab4d17957ed4083f16198874b4cfaac87fee2db883f94d	lerobot_groot_n15	n15	lerobot_groot_n15__robocasa365_ckpt120000		0	Pick the marshmallow from the counter and place it in the cabinet.	robocasa_panda_omron/PickPlaceCounterToCabinet_PandaOmron_Env	100665	1300000	0	0			5		1	all_token_full	groot_n15_dit_block_residual_full_tokens_denoise	["layer","denoise_step","model_token","feature_dim"]	[7,4,49,1536]	[0,2,4,8,10,12,15]	n15_grid_v1b	grid_coord	meta	meta_json	979d4833a7db/dongkyu-MS-7D43/PPCC/marshmallow/s9/n0/base
979d4833a7db	dongkyu-MS-7D43	PPCC/marshmallow	9	1	base	activation	3e72b95f2623a98e	3e72b95f2623a98e7595dbb0752cd09f2c30a242e45a806365f4ebdac7b50402	lerobot_groot_n15	n15	lerobot_groot_n15__robocasa365_ckpt120000		0	Pick the marshmallow from the counter and place it in the cabinet.	robocasa_panda_omron/PickPlaceCounterToCabinet_PandaOmron_Env	100665	1300001	0	0			5		1	all_token_full	groot_n15_dit_block_residual_full_tokens_denoise	["layer","denoise_step","model_token","feature_dim"]	[7,4,49,1536]	[0,2,4,8,10,12,15]	n15_grid_v1b	grid_coord	meta	meta_json	979d4833a7db/dongkyu-MS-7D43/PPCC/marshmallow/s9/n1/base
979d4833a7db	dongkyu-MS-7D43	PPCC/marshmallow	9	2	base	activation	95d933a50479f267	95d933a50479f267fbe34d272dc0b5bb180ba08d6180c18cfc7de90c052a4010	lerobot_groot_n15	n15	lerobot_groot_n15__robocasa365_ckpt120000		0	Pick the marshmallow from the counter and place it in the cabinet.	robocasa_panda_omron/PickPlaceCounterToCabinet_PandaOmron_Env	100665	1300002	0	1			5		1	all_token_full	groot_n15_dit_block_residual_full_tokens_denoise	["layer","denoise_step","model_token","feature_dim"]	[7,4,49,1536]	[0,2,4,8,10,12,15]	n15_grid_v1b	grid_coord	meta	meta_json	979d4833a7db/dongkyu-MS-7D43/PPCC/marshmallow/s9/n2/base
979d4833a7db	dongkyu-MS-7D43	PPCC/marshmallow	9	3	base	activation	27be8ed0b8c05bee	27be8ed0b8c05bee51cd573d518265bd1876884f23bd685400e0eb9228a7cc3c	lerobot_groot_n15	n15	lerobot_groot_n15__robocasa365_ckpt120000		0	Pick the marshmallow from the counter and place it in the cabinet.	robocasa_panda_omron/PickPlaceCounterToCabinet_PandaOmron_Env	100665	1300003	0	0			5		1	all_token_full	groot_n15_dit_block_residual_full_tokens_denoise	["layer","denoise_step","model_token","feature_dim"]	[7,4,49,1536]	[0,2,4,8,10,12,15]	n15_grid_v1b	grid_coord	meta	meta_json	979d4833a7db/dongkyu-MS-7D43/PPCC/marshmallow/s9/n3/base
979d4833a7db	dongkyu-MS-7D43	PPCC/marshmallow	9	4	base	activation	618ec47823f5ed60	618ec47823f5ed60e19f32daa9d6eef56f98368e4d88fc62b94080c73ace6579	lerobot_groot_n15	n15	lerobot_groot_n15__robocasa365_ckpt120000		0	Pick the marshmallow from the counter and place it in the cabinet.	robocasa_panda_omron/PickPlaceCounterToCabinet_PandaOmron_Env	100665	1300004	0	1			5		1	all_token_full	groot_n15_dit_block_residual_full_tokens_denoise	["layer","denoise_step","model_token","feature_dim"]	[7,4,49,1536]	[0,2,4,8,10,12,15]	n15_grid_v1b	grid_coord	meta	meta_json	979d4833a7db/dongkyu-MS-7D43/PPCC/marshmallow/s9/n4/base
979d4833a7db	dongkyu-MS-7D43	PPCC/marshmallow	9	5	base	activation	ba22caee39701e10	ba22caee39701e10667ae9d136182efe019261f4a8d93cf5aea0db9fb645b301	lerobot_groot_n15	n15	lerobot_groot_n15__robocasa365_ckpt120000		0	Pick the marshmallow from the counter and place it in the cabinet.	robocasa_panda_omron/PickPlaceCounterToCabinet_PandaOmron_Env	100665	1300005	0	0			5		1	all_token_full	groot_n15_dit_block_residual_full_tokens_denoise	["layer","denoise_step","model_token","feature_dim"]	[7,4,49,1536]	[0,2,4,8,10,12,15]	n15_grid_v1b	grid_coord	meta	meta_json	979d4833a7db/dongkyu-MS-7D43/PPCC/marshmallow/s9/n5/base
979d4833a7db	dongkyu-MS-7D43	PPCC/marshmallow	9	6	base	activation	5ee09016c18b8d48	5ee09016c18b8d484f544df15bd698ece44bb59374a67e276ae9689c4002ec7c	lerobot_groot_n15	n15	lerobot_groot_n15__robocasa365_ckpt120000		0	Pick the marshmallow from the counter and place it in the cabinet.	robocasa_panda_omron/PickPlaceCounterToCabinet_PandaOmron_Env	100665	1300006	0	0			5		1	all_token_full	groot_n15_dit_block_residual_full_tokens_denoise	["layer","denoise_step","model_token","feature_dim"]	[7,4,49,1536]	[0,2,4,8,10,12,15]	n15_grid_v1b	grid_coord	meta	meta_json	979d4833a7db/dongkyu-MS-7D43/PPCC/marshmallow/s9/n6/base
979d4833a7db	dongkyu-MS-7D43	PPCC/marshmallow	9	7	base	activation	fe461e91c6a943ec	fe461e91c6a943ec4572835f98f3a68dd631e13d7605df02ef8e26ff4560a844	lerobot_groot_n15	n15	lerobot_groot_n15__robocasa365_ckpt120000		0	Pick the marshmallow from the counter and place it in the cabinet.	robocasa_panda_omron/PickPlaceCounterToCabinet_PandaOmron_Env	100665	1300007	0	0			5		1	all_token_full	groot_n15_dit_block_residual_full_tokens_denoise	["layer","denoise_step","model_token","feature_dim"]	[7,4,49,1536]	[0,2,4,8,10,12,15]	n15_grid_v1b	grid_coord	meta	meta_json	979d4833a7db/dongkyu-MS-7D43/PPCC/marshmallow/s9/n7/base
979d4833a7db	dongkyu-MS-7D43	PPCC/marshmallow	9	8	base	activation	cbde3e7998cc4ed4	cbde3e7998cc4ed4811286d5eb21c764f850f6f3f3421c5bef46a64b06c1ee44	lerobot_groot_n15	n15	lerobot_groot_n15__robocasa365_ckpt120000		0	Pick the marshmallow from the counter and place it in the cabinet.	robocasa_panda_omron/PickPlaceCounterToCabinet_PandaOmron_Env	100665	1300008	0	0			5		1	all_token_full	groot_n15_dit_block_residual_full_tokens_denoise	["layer","denoise_step","model_token","feature_dim"]	[7,4,49,1536]	[0,2,4,8,10,12,15]	n15_grid_v1b	grid_coord	meta	meta_json	979d4833a7db/dongkyu-MS-7D43/PPCC/marshmallow/s9/n8/base
979d4833a7db	dongkyu-MS-7D43	PPCC/marshmallow	9	9	base	activation	f73488be5d55745f	f73488be5d55745ff1468ceff001724e34a30d0bd1399ce418a8ee5ba03f7513	lerobot_groot_n15	n15	lerobot_groot_n15__robocasa365_ckpt120000		0	Pick the marshmallow from the counter and place it in the cabinet.	robocasa_panda_omron/PickPlaceCounterToCabinet_PandaOmron_Env	100665	1300009	0	1			5		1	all_token_full	groot_n15_dit_block_residual_full_tokens_denoise	["layer","denoise_step","model_token","feature_dim"]	[7,4,49,1536]	[0,2,4,8,10,12,15]	n15_grid_v1b	grid_coord	meta	meta_json	979d4833a7db/dongkyu-MS-7D43/PPCC/marshmallow/s9/n9/base
979d4833a7db	kanu	PPCC/marshmallow	0	0	base	activation	c6764c186c7cd3dc	c6764c186c7cd3dce4817d8af716c756369ab8e4bece98f6dc53138369e2760a	lerobot_groot_n15	n15	lerobot_groot_n15__robocasa365_ckpt120000		0	Pick the marshmallow from the counter and place it in the cabinet.	robocasa_panda_omron/PickPlaceCounterToCabinet_PandaOmron_Env	100007	1300000	0	0			5		1	all_token_full	groot_n15_dit_block_residual_full_tokens_denoise	["layer","denoise_step","model_token","feature_dim"]	[7,4,49,1536]	[0,2,4,8,10,12,15]	n15_grid_v1b	grid_coord	meta	meta_json	979d4833a7db/kanu/PPCC/marshmallow/s0/n0/base
979d4833a7db	kanu	PPCC/marshmallow	0	1	base	activation	31e3198cfb4bbf1f	31e3198cfb4bbf1f5eb915f48a80f2b4c14fd1ad4fcea62f27829667a8378d5a	lerobot_groot_n15	n15	lerobot_groot_n15__robocasa365_ckpt120000		0	Pick the marshmallow from the counter and place it in the cabinet.	robocasa_panda_omron/PickPlaceCounterToCabinet_PandaOmron_Env	100007	1300001	0	1			5		1	all_token_full	groot_n15_dit_block_residual_full_tokens_denoise	["layer","denoise_step","model_token","feature_dim"]	[7,4,49,1536]	[0,2,4,8,10,12,15]	n15_grid_v1b	grid_coord	meta	meta_json	979d4833a7db/kanu/PPCC/marshmallow/s0/n1/base
979d4833a7db	kanu	PPCC/marshmallow	0	2	base	activation	92aa86442e7b402f	92aa86442e7b402ff349a6993aeb846af53444c985a0efc6835037cd56f60214	lerobot_groot_n15	n15	lerobot_groot_n15__robocasa365_ckpt120000		0	Pick the marshmallow from the counter and place it in the cabinet.	robocasa_panda_omron/PickPlaceCounterToCabinet_PandaOmron_Env	100007	1300002	0	0			5		1	all_token_full	groot_n15_dit_block_residual_full_tokens_denoise	["layer","denoise_step","model_token","feature_dim"]	[7,4,49,1536]	[0,2,4,8,10,12,15]	n15_grid_v1b	grid_coord	meta	meta_json	979d4833a7db/kanu/PPCC/marshmallow/s0/n2/base
979d4833a7db	kanu	PPCC/marshmallow	0	3	base	activation	a20d263716bfab3f	a20d263716bfab3f22d17fc6796fbe29f2e0f4ff4fd0b00d41c5ad7583c36074	lerobot_groot_n15	n15	lerobot_groot_n15__robocasa365_ckpt120000		0	Pick the marshmallow from the counter and place it in the cabinet.	robocasa_panda_omron/PickPlaceCounterToCabinet_PandaOmron_Env	100007	1300003	0	0			5		1	all_token_full	groot_n15_dit_block_residual_full_tokens_denoise	["layer","denoise_step","model_token","feature_dim"]	[7,4,49,1536]	[0,2,4,8,10,12,15]	n15_grid_v1b	grid_coord	meta	meta_json	979d4833a7db/kanu/PPCC/marshmallow/s0/n3/base
979d4833a7db	kanu	PPCC/marshmallow	0	4	base	activation	8988e4295508738f	8988e4295508738f4aa25e19bc5926cefe6fbcbc8aec31647fd9950fc2e891c2	lerobot_groot_n15	n15	lerobot_groot_n15__robocasa365_ckpt120000		0	Pick the marshmallow from the counter and place it in the cabinet.	robocasa_panda_omron/PickPlaceCounterToCabinet_PandaOmron_Env	100007	1300004	0	0			5		1	all_token_full	groot_n15_dit_block_residual_full_tokens_denoise	["layer","denoise_step","model_token","feature_dim"]	[7,4,49,1536]	[0,2,4,8,10,12,15]	n15_grid_v1b	grid_coord	meta	meta_json	979d4833a7db/kanu/PPCC/marshmallow/s0/n4/base
979d4833a7db	kanu	PPCC/marshmallow	0	5	base	activation	f72ed50d348e773e	f72ed50d348e773e9fa6b934a500ada62f048536ca750ca9330353db733a2c7e	lerobot_groot_n15	n15	lerobot_groot_n15__robocasa365_ckpt120000		0	Pick the marshmallow from the counter and place it in the cabinet.	robocasa_panda_omron/PickPlaceCounterToCabinet_PandaOmron_Env	100007	1300005	0	0			5		1	all_token_full	groot_n15_dit_block_residual_full_tokens_denoise	["layer","denoise_step","model_token","feature_dim"]	[7,4,49,1536]	[0,2,4,8,10,12,15]	n15_grid_v1b	grid_coord	meta	meta_json	979d4833a7db/kanu/PPCC/marshmallow/s0/n5/base
979d4833a7db	kanu	PPCC/marshmallow	0	6	base	activation	8976a2b16efbf4e2	8976a2b16efbf4e264d0f78b3949fbca4c22766971cf2b93d5283718ece5e0f2	lerobot_groot_n15	n15	lerobot_groot_n15__robocasa365_ckpt120000		0	Pick the marshmallow from the counter and place it in the cabinet.	robocasa_panda_omron/PickPlaceCounterToCabinet_PandaOmron_Env	100007	1300006	0	0			5		1	all_token_full	groot_n15_dit_block_residual_full_tokens_denoise	["layer","denoise_step","model_token","feature_dim"]	[7,4,49,1536]	[0,2,4,8,10,12,15]	n15_grid_v1b	grid_coord	meta	meta_json	979d4833a7db/kanu/PPCC/marshmallow/s0/n6/base
979d4833a7db	kanu	PPCC/marshmallow	0	7	base	activation	172dd4df7cf2b339	172dd4df7cf2b33992abe7b4efd3fd3eb2a4390d506a209295c05c60d200f8fc	lerobot_groot_n15	n15	lerobot_groot_n15__robocasa365_ckpt120000		0	Pick the marshmallow from the counter and place it in the cabinet.	robocasa_panda_omron/PickPlaceCounterToCabinet_PandaOmron_Env	100007	1300007	0	0			5		1	all_token_full	groot_n15_dit_block_residual_full_tokens_denoise	["layer","denoise_step","model_token","feature_dim"]	[7,4,49,1536]	[0,2,4,8,10,12,15]	n15_grid_v1b	grid_coord	meta	meta_json	979d4833a7db/kanu/PPCC/marshmallow/s0/n7/base
979d4833a7db	kanu	PPCC/marshmallow	0	8	base	activation	713e47aa25e74e7b	713e47aa25e74e7baae85f194321a9a0dd2cbab267be693e9744dfa587e5fd8c	lerobot_groot_n15	n15	lerobot_groot_n15__robocasa365_ckpt120000		0	Pick the marshmallow from the counter and place it in the cabinet.	robocasa_panda_omron/PickPlaceCounterToCabinet_PandaOmron_Env	100007	1300008	0	1			5		1	all_token_full	groot_n15_dit_block_residual_full_tokens_denoise	["layer","denoise_step","model_token","feature_dim"]	[7,4,49,1536]	[0,2,4,8,10,12,15]	n15_grid_v1b	grid_coord	meta	meta_json	979d4833a7db/kanu/PPCC/marshmallow/s0/n8/base
979d4833a7db	kanu	PPCC/marshmallow	0	9	base	activation	4117f7d296dbdc85	4117f7d296dbdc859d323e890a2f3725f1e5ffc3c398c96ba4e65b9c029852c8	lerobot_groot_n15	n15	lerobot_groot_n15__robocasa365_ckpt120000		0	Pick the marshmallow from the counter and place it in the cabinet.	robocasa_panda_omron/PickPlaceCounterToCabinet_PandaOmron_Env	100007	1300009	0	0			5		1	all_token_full	groot_n15_dit_block_residual_full_tokens_denoise	["layer","denoise_step","model_token","feature_dim"]	[7,4,49,1536]	[0,2,4,8,10,12,15]	n15_grid_v1b	grid_coord	meta	meta_json	979d4833a7db/kanu/PPCC/marshmallow/s0/n9/base
979d4833a7db	kanu	PPCC/marshmallow	1	0	base	activation	f39387107b84e1b4	f39387107b84e1b4fef71f179438ff987963d6264a32a194955fa1947cb40aed	lerobot_groot_n15	n15	lerobot_groot_n15__robocasa365_ckpt120000		0	Pick the marshmallow from the counter and place it in the cabinet.	robocasa_panda_omron/PickPlaceCounterToCabinet_PandaOmron_Env	100179	1300000	0	1			5		1	all_token_full	groot_n15_dit_block_residual_full_tokens_denoise	["layer","denoise_step","model_token","feature_dim"]	[7,4,49,1536]	[0,2,4,8,10,12,15]	n15_grid_v1b	grid_coord	meta	meta_json	979d4833a7db/kanu/PPCC/marshmallow/s1/n0/base
979d4833a7db	kanu	PPCC/marshmallow	1	1	base	activation	c4f07e0402272f05	c4f07e0402272f053a2e2db9c0d6173ec685b0faeeb21556e1e23945562e5006	lerobot_groot_n15	n15	lerobot_groot_n15__robocasa365_ckpt120000		0	Pick the marshmallow from the counter and place it in the cabinet.	robocasa_panda_omron/PickPlaceCounterToCabinet_PandaOmron_Env	100179	1300001	0	1			5		1	all_token_full	groot_n15_dit_block_residual_full_tokens_denoise	["layer","denoise_step","model_token","feature_dim"]	[7,4,49,1536]	[0,2,4,8,10,12,15]	n15_grid_v1b	grid_coord	meta	meta_json	979d4833a7db/kanu/PPCC/marshmallow/s1/n1/base
979d4833a7db	kanu	PPCC/marshmallow	1	2	base	activation	735874cc80bb17fc	735874cc80bb17fc256b543ac14050dd42db5e09384ebf3718727ffcc75af87b	lerobot_groot_n15	n15	lerobot_groot_n15__robocasa365_ckpt120000		0	Pick the marshmallow from the counter and place it in the cabinet.	robocasa_panda_omron/PickPlaceCounterToCabinet_PandaOmron_Env	100179	1300002	0	1			5		1	all_token_full	groot_n15_dit_block_residual_full_tokens_denoise	["layer","denoise_step","model_token","feature_dim"]	[7,4,49,1536]	[0,2,4,8,10,12,15]	n15_grid_v1b	grid_coord	meta	meta_json	979d4833a7db/kanu/PPCC/marshmallow/s1/n2/base
979d4833a7db	kanu	PPCC/marshmallow	1	3	base	activation	a58a7e6ef799b69f	a58a7e6ef799b69f0902d62c68f5afbf8e062e69050f5c14ace07bee8e111894	lerobot_groot_n15	n15	lerobot_groot_n15__robocasa365_ckpt120000		0	Pick the marshmallow from the counter and place it in the cabinet.	robocasa_panda_omron/PickPlaceCounterToCabinet_PandaOmron_Env	100179	1300003	0	1			5		1	all_token_full	groot_n15_dit_block_residual_full_tokens_denoise	["layer","denoise_step","model_token","feature_dim"]	[7,4,49,1536]	[0,2,4,8,10,12,15]	n15_grid_v1b	grid_coord	meta	meta_json	979d4833a7db/kanu/PPCC/marshmallow/s1/n3/base
979d4833a7db	kanu	PPCC/marshmallow	1	4	base	activation	62ea72b1c47ab751	62ea72b1c47ab751c72ba4dd3612ddc9d62a9770ce59e4a32cd5568bbe0324c6	lerobot_groot_n15	n15	lerobot_groot_n15__robocasa365_ckpt120000		0	Pick the marshmallow from the counter and place it in the cabinet.	robocasa_panda_omron/PickPlaceCounterToCabinet_PandaOmron_Env	100179	1300004	0	1			5		1	all_token_full	groot_n15_dit_block_residual_full_tokens_denoise	["layer","denoise_step","model_token","feature_dim"]	[7,4,49,1536]	[0,2,4,8,10,12,15]	n15_grid_v1b	grid_coord	meta	meta_json	979d4833a7db/kanu/PPCC/marshmallow/s1/n4/base
979d4833a7db	kanu	PPCC/marshmallow	1	5	base	activation	64828896824ad3f5	64828896824ad3f562f4a6862f6406a104d8c1cc07db845627725b62e954325c	lerobot_groot_n15	n15	lerobot_groot_n15__robocasa365_ckpt120000		0	Pick the marshmallow from the counter and place it in the cabinet.	robocasa_panda_omron/PickPlaceCounterToCabinet_PandaOmron_Env	100179	1300005	0	1			5		1	all_token_full	groot_n15_dit_block_residual_full_tokens_denoise	["layer","denoise_step","model_token","feature_dim"]	[7,4,49,1536]	[0,2,4,8,10,12,15]	n15_grid_v1b	grid_coord	meta	meta_json	979d4833a7db/kanu/PPCC/marshmallow/s1/n5/base
979d4833a7db	kanu	PPCC/marshmallow	1	6	base	activation	525042482543c2bd	525042482543c2bdb1cce548c6f35a54a16c5e358c60ef0cfeaf97f930e5ad0d	lerobot_groot_n15	n15	lerobot_groot_n15__robocasa365_ckpt120000		0	Pick the marshmallow from the counter and place it in the cabinet.	robocasa_panda_omron/PickPlaceCounterToCabinet_PandaOmron_Env	100179	1300006	0	1			5		1	all_token_full	groot_n15_dit_block_residual_full_tokens_denoise	["layer","denoise_step","model_token","feature_dim"]	[7,4,49,1536]	[0,2,4,8,10,12,15]	n15_grid_v1b	grid_coord	meta	meta_json	979d4833a7db/kanu/PPCC/marshmallow/s1/n6/base
979d4833a7db	kanu	PPCC/marshmallow	1	7	base	activation	d22331ded3a01c1c	d22331ded3a01c1c8939ac119382a2d5e5ab0f5736d6b557422349b5350ea258	lerobot_groot_n15	n15	lerobot_groot_n15__robocasa365_ckpt120000		0	Pick the marshmallow from the counter and place it in the cabinet.	robocasa_panda_omron/PickPlaceCounterToCabinet_PandaOmron_Env	100179	1300007	0	1			5		1	all_token_full	groot_n15_dit_block_residual_full_tokens_denoise	["layer","denoise_step","model_token","feature_dim"]	[7,4,49,1536]	[0,2,4,8,10,12,15]	n15_grid_v1b	grid_coord	meta	meta_json	979d4833a7db/kanu/PPCC/marshmallow/s1/n7/base
979d4833a7db	kanu	PPCC/marshmallow	1	8	base	activation	db7e9a1c7a5f1b2b	db7e9a1c7a5f1b2b3164f773096e3014b1a56c3208fa09a39b12c7ef3adc990d	lerobot_groot_n15	n15	lerobot_groot_n15__robocasa365_ckpt120000		0	Pick the marshmallow from the counter and place it in the cabinet.	robocasa_panda_omron/PickPlaceCounterToCabinet_PandaOmron_Env	100179	1300008	0	1			5		1	all_token_full	groot_n15_dit_block_residual_full_tokens_denoise	["layer","denoise_step","model_token","feature_dim"]	[7,4,49,1536]	[0,2,4,8,10,12,15]	n15_grid_v1b	grid_coord	meta	meta_json	979d4833a7db/kanu/PPCC/marshmallow/s1/n8/base
979d4833a7db	kanu	PPCC/marshmallow	1	9	base	activation	19f2bd48be5f588c	19f2bd48be5f588cef3193e48ade14d76563afc664e85dce9d3557226af7f265	lerobot_groot_n15	n15	lerobot_groot_n15__robocasa365_ckpt120000		0	Pick the marshmallow from the counter and place it in the cabinet.	robocasa_panda_omron/PickPlaceCounterToCabinet_PandaOmron_Env	100179	1300009	0	1			5		1	all_token_full	groot_n15_dit_block_residual_full_tokens_denoise	["layer","denoise_step","model_token","feature_dim"]	[7,4,49,1536]	[0,2,4,8,10,12,15]	n15_grid_v1b	grid_coord	meta	meta_json	979d4833a7db/kanu/PPCC/marshmallow/s1/n9/base
979d4833a7db	kanu	PPCC/marshmallow	2	0	base	activation	fe586d81cb914f0a	fe586d81cb914f0a9c70486067a1ce7d52e07ab5f1c41a47fc7158c765e12f01	lerobot_groot_n15	n15	lerobot_groot_n15__robocasa365_ckpt120000		0	Pick the marshmallow from the counter and place it in the cabinet.	robocasa_panda_omron/PickPlaceCounterToCabinet_PandaOmron_Env	100222	1300000	0	1			5		1	all_token_full	groot_n15_dit_block_residual_full_tokens_denoise	["layer","denoise_step","model_token","feature_dim"]	[7,4,49,1536]	[0,2,4,8,10,12,15]	n15_grid_v1b	grid_coord	meta	meta_json	979d4833a7db/kanu/PPCC/marshmallow/s2/n0/base
979d4833a7db	kanu	PPCC/marshmallow	2	1	base	activation	b5cd24fcd673c600	b5cd24fcd673c60068f16c9de74150312c251187f19f17c01c0de1bd5053ddf6	lerobot_groot_n15	n15	lerobot_groot_n15__robocasa365_ckpt120000		0	Pick the marshmallow from the counter and place it in the cabinet.	robocasa_panda_omron/PickPlaceCounterToCabinet_PandaOmron_Env	100222	1300001	0	1			5		1	all_token_full	groot_n15_dit_block_residual_full_tokens_denoise	["layer","denoise_step","model_token","feature_dim"]	[7,4,49,1536]	[0,2,4,8,10,12,15]	n15_grid_v1b	grid_coord	meta	meta_json	979d4833a7db/kanu/PPCC/marshmallow/s2/n1/base
979d4833a7db	kanu	PPCC/marshmallow	2	2	base	activation	aa56cf81c694080b	aa56cf81c694080b58f4930dccf9d49e911d53b70678b72283751e407e30a899	lerobot_groot_n15	n15	lerobot_groot_n15__robocasa365_ckpt120000		0	Pick the marshmallow from the counter and place it in the cabinet.	robocasa_panda_omron/PickPlaceCounterToCabinet_PandaOmron_Env	100222	1300002	0	1			5		1	all_token_full	groot_n15_dit_block_residual_full_tokens_denoise	["layer","denoise_step","model_token","feature_dim"]	[7,4,49,1536]	[0,2,4,8,10,12,15]	n15_grid_v1b	grid_coord	meta	meta_json	979d4833a7db/kanu/PPCC/marshmallow/s2/n2/base
979d4833a7db	kanu	PPCC/marshmallow	2	3	base	activation	2abffe93c4e3417c	2abffe93c4e3417c0c4b0d7da3c453304e44ff9b20602b1b8e19dec9ba3278e0	lerobot_groot_n15	n15	lerobot_groot_n15__robocasa365_ckpt120000		0	Pick the marshmallow from the counter and place it in the cabinet.	robocasa_panda_omron/PickPlaceCounterToCabinet_PandaOmron_Env	100222	1300003	0	1			5		1	all_token_full	groot_n15_dit_block_residual_full_tokens_denoise	["layer","denoise_step","model_token","feature_dim"]	[7,4,49,1536]	[0,2,4,8,10,12,15]	n15_grid_v1b	grid_coord	meta	meta_json	979d4833a7db/kanu/PPCC/marshmallow/s2/n3/base
979d4833a7db	kanu	PPCC/marshmallow	2	4	base	activation	ca0246a22cb23aa2	ca0246a22cb23aa2015873084ab78282e8744ab68660449a1cef3efe5455e7cb	lerobot_groot_n15	n15	lerobot_groot_n15__robocasa365_ckpt120000		0	Pick the marshmallow from the counter and place it in the cabinet.	robocasa_panda_omron/PickPlaceCounterToCabinet_PandaOmron_Env	100222	1300004	0	1			5		1	all_token_full	groot_n15_dit_block_residual_full_tokens_denoise	["layer","denoise_step","model_token","feature_dim"]	[7,4,49,1536]	[0,2,4,8,10,12,15]	n15_grid_v1b	grid_coord	meta	meta_json	979d4833a7db/kanu/PPCC/marshmallow/s2/n4/base
979d4833a7db	kanu	PPCC/marshmallow	2	5	base	activation	64756e39d0ad18b2	64756e39d0ad18b211a2066fb87d42ae5313886d5ae60b1f5548a215e27e6655	lerobot_groot_n15	n15	lerobot_groot_n15__robocasa365_ckpt120000		0	Pick the marshmallow from the counter and place it in the cabinet.	robocasa_panda_omron/PickPlaceCounterToCabinet_PandaOmron_Env	100222	1300005	0	1			5		1	all_token_full	groot_n15_dit_block_residual_full_tokens_denoise	["layer","denoise_step","model_token","feature_dim"]	[7,4,49,1536]	[0,2,4,8,10,12,15]	n15_grid_v1b	grid_coord	meta	meta_json	979d4833a7db/kanu/PPCC/marshmallow/s2/n5/base
979d4833a7db	kanu	PPCC/marshmallow	2	6	base	activation	cb269e55f37379a2	cb269e55f37379a287898171e93426ab9244e387820bb12c607e670bbd7c7080	lerobot_groot_n15	n15	lerobot_groot_n15__robocasa365_ckpt120000		0	Pick the marshmallow from the counter and place it in the cabinet.	robocasa_panda_omron/PickPlaceCounterToCabinet_PandaOmron_Env	100222	1300006	0	1			5		1	all_token_full	groot_n15_dit_block_residual_full_tokens_denoise	["layer","denoise_step","model_token","feature_dim"]	[7,4,49,1536]	[0,2,4,8,10,12,15]	n15_grid_v1b	grid_coord	meta	meta_json	979d4833a7db/kanu/PPCC/marshmallow/s2/n6/base
979d4833a7db	kanu	PPCC/marshmallow	2	7	base	activation	ea4b539cea9eccaf	ea4b539cea9eccaf3768606954b12bec44813e5c86cc21132f7e4334dfd47031	lerobot_groot_n15	n15	lerobot_groot_n15__robocasa365_ckpt120000		0	Pick the marshmallow from the counter and place it in the cabinet.	robocasa_panda_omron/PickPlaceCounterToCabinet_PandaOmron_Env	100222	1300007	0	1			5		1	all_token_full	groot_n15_dit_block_residual_full_tokens_denoise	["layer","denoise_step","model_token","feature_dim"]	[7,4,49,1536]	[0,2,4,8,10,12,15]	n15_grid_v1b	grid_coord	meta	meta_json	979d4833a7db/kanu/PPCC/marshmallow/s2/n7/base
979d4833a7db	kanu	PPCC/marshmallow	2	8	base	activation	f81c519144612cc8	f81c519144612cc8177541972ab9e031d3050e1c4da11e370a03dc75ea9da35e	lerobot_groot_n15	n15	lerobot_groot_n15__robocasa365_ckpt120000		0	Pick the marshmallow from the counter and place it in the cabinet.	robocasa_panda_omron/PickPlaceCounterToCabinet_PandaOmron_Env	100222	1300008	0	1			5		1	all_token_full	groot_n15_dit_block_residual_full_tokens_denoise	["layer","denoise_step","model_token","feature_dim"]	[7,4,49,1536]	[0,2,4,8,10,12,15]	n15_grid_v1b	grid_coord	meta	meta_json	979d4833a7db/kanu/PPCC/marshmallow/s2/n8/base
979d4833a7db	kanu	PPCC/marshmallow	2	9	base	activation	82483859306e5f60	82483859306e5f60423c9883c981c64478ce14867b24e82f0244629213bd009c	lerobot_groot_n15	n15	lerobot_groot_n15__robocasa365_ckpt120000		0	Pick the marshmallow from the counter and place it in the cabinet.	robocasa_panda_omron/PickPlaceCounterToCabinet_PandaOmron_Env	100222	1300009	0	1			5		1	all_token_full	groot_n15_dit_block_residual_full_tokens_denoise	["layer","denoise_step","model_token","feature_dim"]	[7,4,49,1536]	[0,2,4,8,10,12,15]	n15_grid_v1b	grid_coord	meta	meta_json	979d4833a7db/kanu/PPCC/marshmallow/s2/n9/base
979d4833a7db	kanu	PPCC/marshmallow	3	0	base	activation	13fc8e6d9e51808f	13fc8e6d9e51808fe951bca77688436ec01747b319bcd8dab4825dd00d4b1833	lerobot_groot_n15	n15	lerobot_groot_n15__robocasa365_ckpt120000		0	Pick the marshmallow from the counter and place it in the cabinet.	robocasa_panda_omron/PickPlaceCounterToCabinet_PandaOmron_Env	100424	1300000	0	1			5		1	all_token_full	groot_n15_dit_block_residual_full_tokens_denoise	["layer","denoise_step","model_token","feature_dim"]	[7,4,49,1536]	[0,2,4,8,10,12,15]	n15_grid_v1b	grid_coord	meta	meta_json	979d4833a7db/kanu/PPCC/marshmallow/s3/n0/base
979d4833a7db	kanu	PPCC/marshmallow	3	1	base	activation	3814ed5d17adc417	3814ed5d17adc417e72501b8026892a50ea880090900524398a789228ef02544	lerobot_groot_n15	n15	lerobot_groot_n15__robocasa365_ckpt120000		0	Pick the marshmallow from the counter and place it in the cabinet.	robocasa_panda_omron/PickPlaceCounterToCabinet_PandaOmron_Env	100424	1300001	0	0			5		1	all_token_full	groot_n15_dit_block_residual_full_tokens_denoise	["layer","denoise_step","model_token","feature_dim"]	[7,4,49,1536]	[0,2,4,8,10,12,15]	n15_grid_v1b	grid_coord	meta	meta_json	979d4833a7db/kanu/PPCC/marshmallow/s3/n1/base
979d4833a7db	kanu	PPCC/marshmallow	3	2	base	activation	9471225ce10f3fb9	9471225ce10f3fb9b2f6396ca18f909d977ae23b5369ef1eb6e3ba27f3389f2d	lerobot_groot_n15	n15	lerobot_groot_n15__robocasa365_ckpt120000		0	Pick the marshmallow from the counter and place it in the cabinet.	robocasa_panda_omron/PickPlaceCounterToCabinet_PandaOmron_Env	100424	1300002	0	1			5		1	all_token_full	groot_n15_dit_block_residual_full_tokens_denoise	["layer","denoise_step","model_token","feature_dim"]	[7,4,49,1536]	[0,2,4,8,10,12,15]	n15_grid_v1b	grid_coord	meta	meta_json	979d4833a7db/kanu/PPCC/marshmallow/s3/n2/base
979d4833a7db	kanu	PPCC/marshmallow	3	3	base	activation	4a78c4b5f876acee	4a78c4b5f876acee63f876e97709a9c291f808d43c78c63edfe3abf300c33d85	lerobot_groot_n15	n15	lerobot_groot_n15__robocasa365_ckpt120000		0	Pick the marshmallow from the counter and place it in the cabinet.	robocasa_panda_omron/PickPlaceCounterToCabinet_PandaOmron_Env	100424	1300003	0	1			5		1	all_token_full	groot_n15_dit_block_residual_full_tokens_denoise	["layer","denoise_step","model_token","feature_dim"]	[7,4,49,1536]	[0,2,4,8,10,12,15]	n15_grid_v1b	grid_coord	meta	meta_json	979d4833a7db/kanu/PPCC/marshmallow/s3/n3/base
979d4833a7db	kanu	PPCC/marshmallow	3	4	base	activation	65d0b7253f4b4c04	65d0b7253f4b4c04df6e431b02034a9af5e9cb929a346acbe342309105d68511	lerobot_groot_n15	n15	lerobot_groot_n15__robocasa365_ckpt120000		0	Pick the marshmallow from the counter and place it in the cabinet.	robocasa_panda_omron/PickPlaceCounterToCabinet_PandaOmron_Env	100424	1300004	0	1			5		1	all_token_full	groot_n15_dit_block_residual_full_tokens_denoise	["layer","denoise_step","model_token","feature_dim"]	[7,4,49,1536]	[0,2,4,8,10,12,15]	n15_grid_v1b	grid_coord	meta	meta_json	979d4833a7db/kanu/PPCC/marshmallow/s3/n4/base
979d4833a7db	kanu	PPCC/marshmallow	3	5	base	activation	e7b7ee2d97f13126	e7b7ee2d97f13126c0e7206768e425ee0a02c8334b32e85fe0097169d0509747	lerobot_groot_n15	n15	lerobot_groot_n15__robocasa365_ckpt120000		0	Pick the marshmallow from the counter and place it in the cabinet.	robocasa_panda_omron/PickPlaceCounterToCabinet_PandaOmron_Env	100424	1300005	0	1			5		1	all_token_full	groot_n15_dit_block_residual_full_tokens_denoise	["layer","denoise_step","model_token","feature_dim"]	[7,4,49,1536]	[0,2,4,8,10,12,15]	n15_grid_v1b	grid_coord	meta	meta_json	979d4833a7db/kanu/PPCC/marshmallow/s3/n5/base
979d4833a7db	kanu	PPCC/marshmallow	3	6	base	activation	2ee53b2e0c6585f8	2ee53b2e0c6585f85473fa85cd1f95f3eebd91e9d0a9336d5b1bf9e0ed003687	lerobot_groot_n15	n15	lerobot_groot_n15__robocasa365_ckpt120000		0	Pick the marshmallow from the counter and place it in the cabinet.	robocasa_panda_omron/PickPlaceCounterToCabinet_PandaOmron_Env	100424	1300006	0	1			5		1	all_token_full	groot_n15_dit_block_residual_full_tokens_denoise	["layer","denoise_step","model_token","feature_dim"]	[7,4,49,1536]	[0,2,4,8,10,12,15]	n15_grid_v1b	grid_coord	meta	meta_json	979d4833a7db/kanu/PPCC/marshmallow/s3/n6/base
979d4833a7db	kanu	PPCC/marshmallow	3	7	base	activation	d455ec43fd51026d	d455ec43fd51026d2d76fb7828bb65447296e39c6a48da4a82d228894c58b29a	lerobot_groot_n15	n15	lerobot_groot_n15__robocasa365_ckpt120000		0	Pick the marshmallow from the counter and place it in the cabinet.	robocasa_panda_omron/PickPlaceCounterToCabinet_PandaOmron_Env	100424	1300007	0	1			5		1	all_token_full	groot_n15_dit_block_residual_full_tokens_denoise	["layer","denoise_step","model_token","feature_dim"]	[7,4,49,1536]	[0,2,4,8,10,12,15]	n15_grid_v1b	grid_coord	meta	meta_json	979d4833a7db/kanu/PPCC/marshmallow/s3/n7/base
979d4833a7db	kanu	PPCC/marshmallow	3	8	base	activation	b0a89b89bf5848e0	b0a89b89bf5848e0aafbf51c01635eab7fa37f4b18090bf793d346fb57ed1262	lerobot_groot_n15	n15	lerobot_groot_n15__robocasa365_ckpt120000		0	Pick the marshmallow from the counter and place it in the cabinet.	robocasa_panda_omron/PickPlaceCounterToCabinet_PandaOmron_Env	100424	1300008	0	1			5		1	all_token_full	groot_n15_dit_block_residual_full_tokens_denoise	["layer","denoise_step","model_token","feature_dim"]	[7,4,49,1536]	[0,2,4,8,10,12,15]	n15_grid_v1b	grid_coord	meta	meta_json	979d4833a7db/kanu/PPCC/marshmallow/s3/n8/base
979d4833a7db	kanu	PPCC/marshmallow	3	9	base	activation	88ef04c0beb902a7	88ef04c0beb902a7bed29e3703d6d9c7617e4256853016f475668f06805a905e	lerobot_groot_n15	n15	lerobot_groot_n15__robocasa365_ckpt120000		0	Pick the marshmallow from the counter and place it in the cabinet.	robocasa_panda_omron/PickPlaceCounterToCabinet_PandaOmron_Env	100424	1300009	0	1			5		1	all_token_full	groot_n15_dit_block_residual_full_tokens_denoise	["layer","denoise_step","model_token","feature_dim"]	[7,4,49,1536]	[0,2,4,8,10,12,15]	n15_grid_v1b	grid_coord	meta	meta_json	979d4833a7db/kanu/PPCC/marshmallow/s3/n9/base
979d4833a7db	kanu	PPCC/marshmallow	4	0	base	activation	985a6a06ad3e75d3	985a6a06ad3e75d3c3f1d27f56bd00983312886ea5623df55ffdd48338614c23	lerobot_groot_n15	n15	lerobot_groot_n15__robocasa365_ckpt120000		0	Pick the marshmallow from the counter and place it in the cabinet.	robocasa_panda_omron/PickPlaceCounterToCabinet_PandaOmron_Env	100553	1300000	0	1			5		1	all_token_full	groot_n15_dit_block_residual_full_tokens_denoise	["layer","denoise_step","model_token","feature_dim"]	[7,4,49,1536]	[0,2,4,8,10,12,15]	n15_grid_v1b	grid_coord	meta	meta_json	979d4833a7db/kanu/PPCC/marshmallow/s4/n0/base
979d4833a7db	kanu	PPCC/marshmallow	4	1	base	activation	329198532d967270	329198532d96727010d06d209846923b0b7932dd749f718456817440de5f0925	lerobot_groot_n15	n15	lerobot_groot_n15__robocasa365_ckpt120000		0	Pick the marshmallow from the counter and place it in the cabinet.	robocasa_panda_omron/PickPlaceCounterToCabinet_PandaOmron_Env	100553	1300001	0	1			5		1	all_token_full	groot_n15_dit_block_residual_full_tokens_denoise	["layer","denoise_step","model_token","feature_dim"]	[7,4,49,1536]	[0,2,4,8,10,12,15]	n15_grid_v1b	grid_coord	meta	meta_json	979d4833a7db/kanu/PPCC/marshmallow/s4/n1/base
979d4833a7db	kanu	PPCC/marshmallow	4	2	base	activation	9cca86cb7ba2063b	9cca86cb7ba2063b1ee21ce4d56704d57c665b4bd89d1ed08772eb0390dd558f	lerobot_groot_n15	n15	lerobot_groot_n15__robocasa365_ckpt120000		0	Pick the marshmallow from the counter and place it in the cabinet.	robocasa_panda_omron/PickPlaceCounterToCabinet_PandaOmron_Env	100553	1300002	0	1			5		1	all_token_full	groot_n15_dit_block_residual_full_tokens_denoise	["layer","denoise_step","model_token","feature_dim"]	[7,4,49,1536]	[0,2,4,8,10,12,15]	n15_grid_v1b	grid_coord	meta	meta_json	979d4833a7db/kanu/PPCC/marshmallow/s4/n2/base
979d4833a7db	kanu	PPCC/marshmallow	4	3	base	activation	16468d9b1aed9322	16468d9b1aed9322abbdb6e5758588d57b3d1c80f60affebf5c890262a7edb22	lerobot_groot_n15	n15	lerobot_groot_n15__robocasa365_ckpt120000		0	Pick the marshmallow from the counter and place it in the cabinet.	robocasa_panda_omron/PickPlaceCounterToCabinet_PandaOmron_Env	100553	1300003	0	1			5		1	all_token_full	groot_n15_dit_block_residual_full_tokens_denoise	["layer","denoise_step","model_token","feature_dim"]	[7,4,49,1536]	[0,2,4,8,10,12,15]	n15_grid_v1b	grid_coord	meta	meta_json	979d4833a7db/kanu/PPCC/marshmallow/s4/n3/base
979d4833a7db	kanu	PPCC/marshmallow	4	4	base	activation	71af6cba2ba9c357	71af6cba2ba9c35755bfe8cf7dcb719ce8c0344f1b55feb54a73a29f64364a58	lerobot_groot_n15	n15	lerobot_groot_n15__robocasa365_ckpt120000		0	Pick the marshmallow from the counter and place it in the cabinet.	robocasa_panda_omron/PickPlaceCounterToCabinet_PandaOmron_Env	100553	1300004	0	1			5		1	all_token_full	groot_n15_dit_block_residual_full_tokens_denoise	["layer","denoise_step","model_token","feature_dim"]	[7,4,49,1536]	[0,2,4,8,10,12,15]	n15_grid_v1b	grid_coord	meta	meta_json	979d4833a7db/kanu/PPCC/marshmallow/s4/n4/base
979d4833a7db	kanu	PPCC/marshmallow	4	5	base	activation	02dc825f5ef47480	02dc825f5ef47480c42612544bac8229c02057d1a1aab2d092d798a5080a3572	lerobot_groot_n15	n15	lerobot_groot_n15__robocasa365_ckpt120000		0	Pick the marshmallow from the counter and place it in the cabinet.	robocasa_panda_omron/PickPlaceCounterToCabinet_PandaOmron_Env	100553	1300005	0	1			5		1	all_token_full	groot_n15_dit_block_residual_full_tokens_denoise	["layer","denoise_step","model_token","feature_dim"]	[7,4,49,1536]	[0,2,4,8,10,12,15]	n15_grid_v1b	grid_coord	meta	meta_json	979d4833a7db/kanu/PPCC/marshmallow/s4/n5/base
979d4833a7db	kanu	PPCC/marshmallow	4	6	base	activation	88122af3fe9ab46b	88122af3fe9ab46ba8f76b353aa613c89e0f266ec6f6853dbbc562b97cc47d05	lerobot_groot_n15	n15	lerobot_groot_n15__robocasa365_ckpt120000		0	Pick the marshmallow from the counter and place it in the cabinet.	robocasa_panda_omron/PickPlaceCounterToCabinet_PandaOmron_Env	100553	1300006	0	1			5		1	all_token_full	groot_n15_dit_block_residual_full_tokens_denoise	["layer","denoise_step","model_token","feature_dim"]	[7,4,49,1536]	[0,2,4,8,10,12,15]	n15_grid_v1b	grid_coord	meta	meta_json	979d4833a7db/kanu/PPCC/marshmallow/s4/n6/base
979d4833a7db	kanu	PPCC/marshmallow	4	7	base	activation	da1defe033b93cb1	da1defe033b93cb1a1db938dc6b5ff9b0d6cdb7a97a6b8ab0712a973d1944c66	lerobot_groot_n15	n15	lerobot_groot_n15__robocasa365_ckpt120000		0	Pick the marshmallow from the counter and place it in the cabinet.	robocasa_panda_omron/PickPlaceCounterToCabinet_PandaOmron_Env	100553	1300007	0	1			5		1	all_token_full	groot_n15_dit_block_residual_full_tokens_denoise	["layer","denoise_step","model_token","feature_dim"]	[7,4,49,1536]	[0,2,4,8,10,12,15]	n15_grid_v1b	grid_coord	meta	meta_json	979d4833a7db/kanu/PPCC/marshmallow/s4/n7/base
979d4833a7db	kanu	PPCC/marshmallow	4	8	base	activation	4a2b507cde54c756	4a2b507cde54c756e54ecae4553c19fa272742d5f8f0262836cc9d4b71e9ec4c	lerobot_groot_n15	n15	lerobot_groot_n15__robocasa365_ckpt120000		0	Pick the marshmallow from the counter and place it in the cabinet.	robocasa_panda_omron/PickPlaceCounterToCabinet_PandaOmron_Env	100553	1300008	0	1			5		1	all_token_full	groot_n15_dit_block_residual_full_tokens_denoise	["layer","denoise_step","model_token","feature_dim"]	[7,4,49,1536]	[0,2,4,8,10,12,15]	n15_grid_v1b	grid_coord	meta	meta_json	979d4833a7db/kanu/PPCC/marshmallow/s4/n8/base
979d4833a7db	kanu	PPCC/marshmallow	4	9	base	activation	fe60ceb666e5f081	fe60ceb666e5f0811d2013389450d0d9e5c1b8191ce38440ddee54d688c4f3fe	lerobot_groot_n15	n15	lerobot_groot_n15__robocasa365_ckpt120000		0	Pick the marshmallow from the counter and place it in the cabinet.	robocasa_panda_omron/PickPlaceCounterToCabinet_PandaOmron_Env	100553	1300009	0	1			5		1	all_token_full	groot_n15_dit_block_residual_full_tokens_denoise	["layer","denoise_step","model_token","feature_dim"]	[7,4,49,1536]	[0,2,4,8,10,12,15]	n15_grid_v1b	grid_coord	meta	meta_json	979d4833a7db/kanu/PPCC/marshmallow/s4/n9/base
979d4833a7db	kanu	PPCC/marshmallow	5	0	base	activation	767d9d7149a84390	767d9d7149a84390be2efb454e3c797301f78a50561f31c56c76a06ae797f8f8	lerobot_groot_n15	n15	lerobot_groot_n15__robocasa365_ckpt120000		0	Pick the marshmallow from the counter and place it in the cabinet.	robocasa_panda_omron/PickPlaceCounterToCabinet_PandaOmron_Env	100571	1300000	0	1			5		1	all_token_full	groot_n15_dit_block_residual_full_tokens_denoise	["layer","denoise_step","model_token","feature_dim"]	[7,4,49,1536]	[0,2,4,8,10,12,15]	n15_grid_v1b	grid_coord	meta	meta_json	979d4833a7db/kanu/PPCC/marshmallow/s5/n0/base
979d4833a7db	kanu	PPCC/marshmallow	5	1	base	activation	d97306e776937b45	d97306e776937b45596e350bdf7835e9c1e3cd189c81b5a99d1a497af2223d5b	lerobot_groot_n15	n15	lerobot_groot_n15__robocasa365_ckpt120000		0	Pick the marshmallow from the counter and place it in the cabinet.	robocasa_panda_omron/PickPlaceCounterToCabinet_PandaOmron_Env	100571	1300001	0	1			5		1	all_token_full	groot_n15_dit_block_residual_full_tokens_denoise	["layer","denoise_step","model_token","feature_dim"]	[7,4,49,1536]	[0,2,4,8,10,12,15]	n15_grid_v1b	grid_coord	meta	meta_json	979d4833a7db/kanu/PPCC/marshmallow/s5/n1/base
979d4833a7db	kanu	PPCC/marshmallow	5	2	base	activation	c096d72828ca2bf2	c096d72828ca2bf29c6a098335502759bf72ddb58f1e1490d3a89e48f84142d1	lerobot_groot_n15	n15	lerobot_groot_n15__robocasa365_ckpt120000		0	Pick the marshmallow from the counter and place it in the cabinet.	robocasa_panda_omron/PickPlaceCounterToCabinet_PandaOmron_Env	100571	1300002	0	1			5		1	all_token_full	groot_n15_dit_block_residual_full_tokens_denoise	["layer","denoise_step","model_token","feature_dim"]	[7,4,49,1536]	[0,2,4,8,10,12,15]	n15_grid_v1b	grid_coord	meta	meta_json	979d4833a7db/kanu/PPCC/marshmallow/s5/n2/base
979d4833a7db	kanu	PPCC/marshmallow	5	3	base	activation	960255527aebd91e	960255527aebd91e8b070c703fb298baca63f6e4ff52c935f893511ba9092710	lerobot_groot_n15	n15	lerobot_groot_n15__robocasa365_ckpt120000		0	Pick the marshmallow from the counter and place it in the cabinet.	robocasa_panda_omron/PickPlaceCounterToCabinet_PandaOmron_Env	100571	1300003	0	1			5		1	all_token_full	groot_n15_dit_block_residual_full_tokens_denoise	["layer","denoise_step","model_token","feature_dim"]	[7,4,49,1536]	[0,2,4,8,10,12,15]	n15_grid_v1b	grid_coord	meta	meta_json	979d4833a7db/kanu/PPCC/marshmallow/s5/n3/base
979d4833a7db	kanu	PPCC/marshmallow	5	4	base	activation	37a9dca26950394f	37a9dca26950394ffd1d60c3cc247357b050263f6ea4a2c4d86e5dad3bc2531a	lerobot_groot_n15	n15	lerobot_groot_n15__robocasa365_ckpt120000		0	Pick the marshmallow from the counter and place it in the cabinet.	robocasa_panda_omron/PickPlaceCounterToCabinet_PandaOmron_Env	100571	1300004	0	1			5		1	all_token_full	groot_n15_dit_block_residual_full_tokens_denoise	["layer","denoise_step","model_token","feature_dim"]	[7,4,49,1536]	[0,2,4,8,10,12,15]	n15_grid_v1b	grid_coord	meta	meta_json	979d4833a7db/kanu/PPCC/marshmallow/s5/n4/base
979d4833a7db	kanu	PPCC/marshmallow	5	5	base	activation	f58c2278079d4da8	f58c2278079d4da8167a5ac695166ffc7e4beef4487d9d81ebe9cbd081fe4d3c	lerobot_groot_n15	n15	lerobot_groot_n15__robocasa365_ckpt120000		0	Pick the marshmallow from the counter and place it in the cabinet.	robocasa_panda_omron/PickPlaceCounterToCabinet_PandaOmron_Env	100571	1300005	0	1			5		1	all_token_full	groot_n15_dit_block_residual_full_tokens_denoise	["layer","denoise_step","model_token","feature_dim"]	[7,4,49,1536]	[0,2,4,8,10,12,15]	n15_grid_v1b	grid_coord	meta	meta_json	979d4833a7db/kanu/PPCC/marshmallow/s5/n5/base
979d4833a7db	kanu	PPCC/marshmallow	5	6	base	activation	9132a4d5547e7490	9132a4d5547e74902a53b0111eeb43dd02c639257d1c1937c80c64ca80f3bf12	lerobot_groot_n15	n15	lerobot_groot_n15__robocasa365_ckpt120000		0	Pick the marshmallow from the counter and place it in the cabinet.	robocasa_panda_omron/PickPlaceCounterToCabinet_PandaOmron_Env	100571	1300006	0	1			5		1	all_token_full	groot_n15_dit_block_residual_full_tokens_denoise	["layer","denoise_step","model_token","feature_dim"]	[7,4,49,1536]	[0,2,4,8,10,12,15]	n15_grid_v1b	grid_coord	meta	meta_json	979d4833a7db/kanu/PPCC/marshmallow/s5/n6/base
979d4833a7db	kanu	PPCC/marshmallow	5	7	base	activation	604dc6d850f828a3	604dc6d850f828a3591d73d16f3757aaa5318a0453a613692e6c9cf6c63e9c7a	lerobot_groot_n15	n15	lerobot_groot_n15__robocasa365_ckpt120000		0	Pick the marshmallow from the counter and place it in the cabinet.	robocasa_panda_omron/PickPlaceCounterToCabinet_PandaOmron_Env	100571	1300007	0	1			5		1	all_token_full	groot_n15_dit_block_residual_full_tokens_denoise	["layer","denoise_step","model_token","feature_dim"]	[7,4,49,1536]	[0,2,4,8,10,12,15]	n15_grid_v1b	grid_coord	meta	meta_json	979d4833a7db/kanu/PPCC/marshmallow/s5/n7/base
979d4833a7db	kanu	PPCC/marshmallow	5	8	base	activation	2716a56defbb83bc	2716a56defbb83bc865f20b94a79333a3f5badd23f5ab2044078b9fc54a84059	lerobot_groot_n15	n15	lerobot_groot_n15__robocasa365_ckpt120000		0	Pick the marshmallow from the counter and place it in the cabinet.	robocasa_panda_omron/PickPlaceCounterToCabinet_PandaOmron_Env	100571	1300008	0	1			5		1	all_token_full	groot_n15_dit_block_residual_full_tokens_denoise	["layer","denoise_step","model_token","feature_dim"]	[7,4,49,1536]	[0,2,4,8,10,12,15]	n15_grid_v1b	grid_coord	meta	meta_json	979d4833a7db/kanu/PPCC/marshmallow/s5/n8/base
979d4833a7db	kanu	PPCC/marshmallow	5	9	base	activation	769321ccc2168046	769321ccc2168046e3e4a811f5e8c4342409319842b44e3f8af8513f2b66ac02	lerobot_groot_n15	n15	lerobot_groot_n15__robocasa365_ckpt120000		0	Pick the marshmallow from the counter and place it in the cabinet.	robocasa_panda_omron/PickPlaceCounterToCabinet_PandaOmron_Env	100571	1300009	0	1			5		1	all_token_full	groot_n15_dit_block_residual_full_tokens_denoise	["layer","denoise_step","model_token","feature_dim"]	[7,4,49,1536]	[0,2,4,8,10,12,15]	n15_grid_v1b	grid_coord	meta	meta_json	979d4833a7db/kanu/PPCC/marshmallow/s5/n9/base
979d4833a7db	kanu	PPCC/marshmallow	6	0	base	activation	578daa0f5c188d4b	578daa0f5c188d4b0f977356bbb11fe46aa4b77cf11f174420680c477ff9cace	lerobot_groot_n15	n15	lerobot_groot_n15__robocasa365_ckpt120000		0	Pick the marshmallow from the counter and place it in the cabinet.	robocasa_panda_omron/PickPlaceCounterToCabinet_PandaOmron_Env	100607	1300000	0	1			5		1	all_token_full	groot_n15_dit_block_residual_full_tokens_denoise	["layer","denoise_step","model_token","feature_dim"]	[7,4,49,1536]	[0,2,4,8,10,12,15]	n15_grid_v1b	grid_coord	meta	meta_json	979d4833a7db/kanu/PPCC/marshmallow/s6/n0/base
979d4833a7db	kanu	PPCC/marshmallow	6	1	base	activation	030f03872f0b5e16	030f03872f0b5e1698037e7a920d84edf299b69bd52f48f53ec69628780c6d6e	lerobot_groot_n15	n15	lerobot_groot_n15__robocasa365_ckpt120000		0	Pick the marshmallow from the counter and place it in the cabinet.	robocasa_panda_omron/PickPlaceCounterToCabinet_PandaOmron_Env	100607	1300001	0	0			5		1	all_token_full	groot_n15_dit_block_residual_full_tokens_denoise	["layer","denoise_step","model_token","feature_dim"]	[7,4,49,1536]	[0,2,4,8,10,12,15]	n15_grid_v1b	grid_coord	meta	meta_json	979d4833a7db/kanu/PPCC/marshmallow/s6/n1/base
979d4833a7db	kanu	PPCC/marshmallow	6	2	base	activation	009438bba2aa016b	009438bba2aa016ba19765e42f614f0387890b3fc169d1d30c53be95759383ac	lerobot_groot_n15	n15	lerobot_groot_n15__robocasa365_ckpt120000		0	Pick the marshmallow from the counter and place it in the cabinet.	robocasa_panda_omron/PickPlaceCounterToCabinet_PandaOmron_Env	100607	1300002	0	1			5		1	all_token_full	groot_n15_dit_block_residual_full_tokens_denoise	["layer","denoise_step","model_token","feature_dim"]	[7,4,49,1536]	[0,2,4,8,10,12,15]	n15_grid_v1b	grid_coord	meta	meta_json	979d4833a7db/kanu/PPCC/marshmallow/s6/n2/base
979d4833a7db	kanu	PPCC/marshmallow	6	3	base	activation	b5b140b904aee7d2	b5b140b904aee7d2d8725d44fb70c5a82f17f371aca18de6f1c9f005b3224c01	lerobot_groot_n15	n15	lerobot_groot_n15__robocasa365_ckpt120000		0	Pick the marshmallow from the counter and place it in the cabinet.	robocasa_panda_omron/PickPlaceCounterToCabinet_PandaOmron_Env	100607	1300003	0	0			5		1	all_token_full	groot_n15_dit_block_residual_full_tokens_denoise	["layer","denoise_step","model_token","feature_dim"]	[7,4,49,1536]	[0,2,4,8,10,12,15]	n15_grid_v1b	grid_coord	meta	meta_json	979d4833a7db/kanu/PPCC/marshmallow/s6/n3/base
979d4833a7db	kanu	PPCC/marshmallow	6	4	base	activation	248ee45cc623b145	248ee45cc623b14573a1f9f0bc97394a31a1c84ccfbe2fd1948807eb9fe3bd7d	lerobot_groot_n15	n15	lerobot_groot_n15__robocasa365_ckpt120000		0	Pick the marshmallow from the counter and place it in the cabinet.	robocasa_panda_omron/PickPlaceCounterToCabinet_PandaOmron_Env	100607	1300004	0	1			5		1	all_token_full	groot_n15_dit_block_residual_full_tokens_denoise	["layer","denoise_step","model_token","feature_dim"]	[7,4,49,1536]	[0,2,4,8,10,12,15]	n15_grid_v1b	grid_coord	meta	meta_json	979d4833a7db/kanu/PPCC/marshmallow/s6/n4/base
979d4833a7db	kanu	PPCC/marshmallow	6	5	base	activation	58f6104b997a881a	58f6104b997a881a8b45113efdae29d0f0fb7f2be9009765bf2b941139ec5f8a	lerobot_groot_n15	n15	lerobot_groot_n15__robocasa365_ckpt120000		0	Pick the marshmallow from the counter and place it in the cabinet.	robocasa_panda_omron/PickPlaceCounterToCabinet_PandaOmron_Env	100607	1300005	0	1			5		1	all_token_full	groot_n15_dit_block_residual_full_tokens_denoise	["layer","denoise_step","model_token","feature_dim"]	[7,4,49,1536]	[0,2,4,8,10,12,15]	n15_grid_v1b	grid_coord	meta	meta_json	979d4833a7db/kanu/PPCC/marshmallow/s6/n5/base
979d4833a7db	kanu	PPCC/marshmallow	6	6	base	activation	53125b09abe13093	53125b09abe13093ebc59e6636d690667e180a0ce6c0ca009101679713dde13c	lerobot_groot_n15	n15	lerobot_groot_n15__robocasa365_ckpt120000		0	Pick the marshmallow from the counter and place it in the cabinet.	robocasa_panda_omron/PickPlaceCounterToCabinet_PandaOmron_Env	100607	1300006	0	1			5		1	all_token_full	groot_n15_dit_block_residual_full_tokens_denoise	["layer","denoise_step","model_token","feature_dim"]	[7,4,49,1536]	[0,2,4,8,10,12,15]	n15_grid_v1b	grid_coord	meta	meta_json	979d4833a7db/kanu/PPCC/marshmallow/s6/n6/base
979d4833a7db	kanu	PPCC/marshmallow	6	7	base	activation	1d4b54422168ebd6	1d4b54422168ebd6a84f352a23c42cbcd76ae42910166efaa45ec92564000dd4	lerobot_groot_n15	n15	lerobot_groot_n15__robocasa365_ckpt120000		0	Pick the marshmallow from the counter and place it in the cabinet.	robocasa_panda_omron/PickPlaceCounterToCabinet_PandaOmron_Env	100607	1300007	0	1			5		1	all_token_full	groot_n15_dit_block_residual_full_tokens_denoise	["layer","denoise_step","model_token","feature_dim"]	[7,4,49,1536]	[0,2,4,8,10,12,15]	n15_grid_v1b	grid_coord	meta	meta_json	979d4833a7db/kanu/PPCC/marshmallow/s6/n7/base
979d4833a7db	kanu	PPCC/marshmallow	6	8	base	activation	2928ae286b2bc149	2928ae286b2bc149a75e242c58c3e38b05ad98fbe2fca4381b0da5a1d8d35455	lerobot_groot_n15	n15	lerobot_groot_n15__robocasa365_ckpt120000		0	Pick the marshmallow from the counter and place it in the cabinet.	robocasa_panda_omron/PickPlaceCounterToCabinet_PandaOmron_Env	100607	1300008	0	1			5		1	all_token_full	groot_n15_dit_block_residual_full_tokens_denoise	["layer","denoise_step","model_token","feature_dim"]	[7,4,49,1536]	[0,2,4,8,10,12,15]	n15_grid_v1b	grid_coord	meta	meta_json	979d4833a7db/kanu/PPCC/marshmallow/s6/n8/base
979d4833a7db	kanu	PPCC/marshmallow	6	9	base	activation	cfcc91c6c6424106	cfcc91c6c64241068b6aaa13600136737e89b9acf85c5d865fdeb5158ef2246f	lerobot_groot_n15	n15	lerobot_groot_n15__robocasa365_ckpt120000		0	Pick the marshmallow from the counter and place it in the cabinet.	robocasa_panda_omron/PickPlaceCounterToCabinet_PandaOmron_Env	100607	1300009	0	0			5		1	all_token_full	groot_n15_dit_block_residual_full_tokens_denoise	["layer","denoise_step","model_token","feature_dim"]	[7,4,49,1536]	[0,2,4,8,10,12,15]	n15_grid_v1b	grid_coord	meta	meta_json	979d4833a7db/kanu/PPCC/marshmallow/s6/n9/base
979d4833a7db	kanu	PPCC/marshmallow	7	0	base	activation	7a7f0f40deb337cf	7a7f0f40deb337cf9fb2f49765fa5068b8dacf583b93d2ea9498b731593b1b16	lerobot_groot_n15	n15	lerobot_groot_n15__robocasa365_ckpt120000		0	Pick the marshmallow from the counter and place it in the cabinet.	robocasa_panda_omron/PickPlaceCounterToCabinet_PandaOmron_Env	100645	1300000	0	1			5		1	all_token_full	groot_n15_dit_block_residual_full_tokens_denoise	["layer","denoise_step","model_token","feature_dim"]	[7,4,49,1536]	[0,2,4,8,10,12,15]	n15_grid_v1b	grid_coord	meta	meta_json	979d4833a7db/kanu/PPCC/marshmallow/s7/n0/base
979d4833a7db	kanu	PPCC/marshmallow	7	1	base	activation	c9db55b2708080ce	c9db55b2708080ce60d92e9e396d851b55937b37dacb8af7261053f0e0821741	lerobot_groot_n15	n15	lerobot_groot_n15__robocasa365_ckpt120000		0	Pick the marshmallow from the counter and place it in the cabinet.	robocasa_panda_omron/PickPlaceCounterToCabinet_PandaOmron_Env	100645	1300001	0	1			5		1	all_token_full	groot_n15_dit_block_residual_full_tokens_denoise	["layer","denoise_step","model_token","feature_dim"]	[7,4,49,1536]	[0,2,4,8,10,12,15]	n15_grid_v1b	grid_coord	meta	meta_json	979d4833a7db/kanu/PPCC/marshmallow/s7/n1/base
979d4833a7db	kanu	PPCC/marshmallow	7	2	base	activation	4c57b0d816119f99	4c57b0d816119f99ce583309f7ffc2b10f8d00955f9c94fff10ff85f26859cfc	lerobot_groot_n15	n15	lerobot_groot_n15__robocasa365_ckpt120000		0	Pick the marshmallow from the counter and place it in the cabinet.	robocasa_panda_omron/PickPlaceCounterToCabinet_PandaOmron_Env	100645	1300002	0	1			5		1	all_token_full	groot_n15_dit_block_residual_full_tokens_denoise	["layer","denoise_step","model_token","feature_dim"]	[7,4,49,1536]	[0,2,4,8,10,12,15]	n15_grid_v1b	grid_coord	meta	meta_json	979d4833a7db/kanu/PPCC/marshmallow/s7/n2/base
979d4833a7db	kanu	PPCC/marshmallow	7	3	base	activation	15feb9d4db908a32	15feb9d4db908a32d7f9dbb54d14b4fb17ac9169b0fa64f261695f69dabc9f5c	lerobot_groot_n15	n15	lerobot_groot_n15__robocasa365_ckpt120000		0	Pick the marshmallow from the counter and place it in the cabinet.	robocasa_panda_omron/PickPlaceCounterToCabinet_PandaOmron_Env	100645	1300003	0	1			5		1	all_token_full	groot_n15_dit_block_residual_full_tokens_denoise	["layer","denoise_step","model_token","feature_dim"]	[7,4,49,1536]	[0,2,4,8,10,12,15]	n15_grid_v1b	grid_coord	meta	meta_json	979d4833a7db/kanu/PPCC/marshmallow/s7/n3/base
979d4833a7db	kanu	PPCC/marshmallow	7	4	base	activation	ef87bde30a6cb9d4	ef87bde30a6cb9d4ab294f8810adc332b118145821288ce445c4448e8330f5f7	lerobot_groot_n15	n15	lerobot_groot_n15__robocasa365_ckpt120000		0	Pick the marshmallow from the counter and place it in the cabinet.	robocasa_panda_omron/PickPlaceCounterToCabinet_PandaOmron_Env	100645	1300004	0	1			5		1	all_token_full	groot_n15_dit_block_residual_full_tokens_denoise	["layer","denoise_step","model_token","feature_dim"]	[7,4,49,1536]	[0,2,4,8,10,12,15]	n15_grid_v1b	grid_coord	meta	meta_json	979d4833a7db/kanu/PPCC/marshmallow/s7/n4/base
979d4833a7db	kanu	PPCC/marshmallow	7	5	base	activation	2598032f08dc4189	2598032f08dc41898f6198c9101c690fbeaad8bffaf0e5ff5ff61f305877198b	lerobot_groot_n15	n15	lerobot_groot_n15__robocasa365_ckpt120000		0	Pick the marshmallow from the counter and place it in the cabinet.	robocasa_panda_omron/PickPlaceCounterToCabinet_PandaOmron_Env	100645	1300005	0	1			5		1	all_token_full	groot_n15_dit_block_residual_full_tokens_denoise	["layer","denoise_step","model_token","feature_dim"]	[7,4,49,1536]	[0,2,4,8,10,12,15]	n15_grid_v1b	grid_coord	meta	meta_json	979d4833a7db/kanu/PPCC/marshmallow/s7/n5/base
979d4833a7db	kanu	PPCC/marshmallow	7	6	base	activation	8045f93bf81d3f1d	8045f93bf81d3f1df92401b2ab683e74bc7887f8a0565e51e574a869ffdb16f6	lerobot_groot_n15	n15	lerobot_groot_n15__robocasa365_ckpt120000		0	Pick the marshmallow from the counter and place it in the cabinet.	robocasa_panda_omron/PickPlaceCounterToCabinet_PandaOmron_Env	100645	1300006	0	1			5		1	all_token_full	groot_n15_dit_block_residual_full_tokens_denoise	["layer","denoise_step","model_token","feature_dim"]	[7,4,49,1536]	[0,2,4,8,10,12,15]	n15_grid_v1b	grid_coord	meta	meta_json	979d4833a7db/kanu/PPCC/marshmallow/s7/n6/base
979d4833a7db	kanu	PPCC/marshmallow	7	7	base	activation	d36d97d5149831c4	d36d97d5149831c4f99f2ab426c35611adfca91d803108d0696ee954665cbf85	lerobot_groot_n15	n15	lerobot_groot_n15__robocasa365_ckpt120000		0	Pick the marshmallow from the counter and place it in the cabinet.	robocasa_panda_omron/PickPlaceCounterToCabinet_PandaOmron_Env	100645	1300007	0	1			5		1	all_token_full	groot_n15_dit_block_residual_full_tokens_denoise	["layer","denoise_step","model_token","feature_dim"]	[7,4,49,1536]	[0,2,4,8,10,12,15]	n15_grid_v1b	grid_coord	meta	meta_json	979d4833a7db/kanu/PPCC/marshmallow/s7/n7/base
979d4833a7db	kanu	PPCC/marshmallow	7	8	base	activation	7286f381dfe98d98	7286f381dfe98d982fcc8840097a2538c7fbcd472895c8c9733b5462493ac9c6	lerobot_groot_n15	n15	lerobot_groot_n15__robocasa365_ckpt120000		0	Pick the marshmallow from the counter and place it in the cabinet.	robocasa_panda_omron/PickPlaceCounterToCabinet_PandaOmron_Env	100645	1300008	0	1			5		1	all_token_full	groot_n15_dit_block_residual_full_tokens_denoise	["layer","denoise_step","model_token","feature_dim"]	[7,4,49,1536]	[0,2,4,8,10,12,15]	n15_grid_v1b	grid_coord	meta	meta_json	979d4833a7db/kanu/PPCC/marshmallow/s7/n8/base
979d4833a7db	kanu	PPCC/marshmallow	7	9	base	activation	ff93c08b6c02005f	ff93c08b6c02005fd5b203f444f6129218addc7844d799aa56c7b7a428c7c5e0	lerobot_groot_n15	n15	lerobot_groot_n15__robocasa365_ckpt120000		0	Pick the marshmallow from the counter and place it in the cabinet.	robocasa_panda_omron/PickPlaceCounterToCabinet_PandaOmron_Env	100645	1300009	0	1			5		1	all_token_full	groot_n15_dit_block_residual_full_tokens_denoise	["layer","denoise_step","model_token","feature_dim"]	[7,4,49,1536]	[0,2,4,8,10,12,15]	n15_grid_v1b	grid_coord	meta	meta_json	979d4833a7db/kanu/PPCC/marshmallow/s7/n9/base
979d4833a7db	kanu	PPCC/marshmallow	8	0	base	activation	c0e093c9a055f8f3	c0e093c9a055f8f33016fd2ba9189245bcc7e82c37c4c36a83a57b7c72943aff	lerobot_groot_n15	n15	lerobot_groot_n15__robocasa365_ckpt120000		0	Pick the marshmallow from the counter and place it in the cabinet.	robocasa_panda_omron/PickPlaceCounterToCabinet_PandaOmron_Env	100659	1300000	0	1			5		1	all_token_full	groot_n15_dit_block_residual_full_tokens_denoise	["layer","denoise_step","model_token","feature_dim"]	[7,4,49,1536]	[0,2,4,8,10,12,15]	n15_grid_v1b	grid_coord	meta	meta_json	979d4833a7db/kanu/PPCC/marshmallow/s8/n0/base
979d4833a7db	kanu	PPCC/marshmallow	8	1	base	activation	ff56801fc8e5cb98	ff56801fc8e5cb981ad3288885e58dea80f6cfbda3a3eac5204d615325a8e5c0	lerobot_groot_n15	n15	lerobot_groot_n15__robocasa365_ckpt120000		0	Pick the marshmallow from the counter and place it in the cabinet.	robocasa_panda_omron/PickPlaceCounterToCabinet_PandaOmron_Env	100659	1300001	0	1			5		1	all_token_full	groot_n15_dit_block_residual_full_tokens_denoise	["layer","denoise_step","model_token","feature_dim"]	[7,4,49,1536]	[0,2,4,8,10,12,15]	n15_grid_v1b	grid_coord	meta	meta_json	979d4833a7db/kanu/PPCC/marshmallow/s8/n1/base
979d4833a7db	kanu	PPCC/marshmallow	8	2	base	activation	31b1ad99172ee5f1	31b1ad99172ee5f1262518f457d8eddb6e71657dab92c4497b15c2a13a6fff09	lerobot_groot_n15	n15	lerobot_groot_n15__robocasa365_ckpt120000		0	Pick the marshmallow from the counter and place it in the cabinet.	robocasa_panda_omron/PickPlaceCounterToCabinet_PandaOmron_Env	100659	1300002	0	1			5		1	all_token_full	groot_n15_dit_block_residual_full_tokens_denoise	["layer","denoise_step","model_token","feature_dim"]	[7,4,49,1536]	[0,2,4,8,10,12,15]	n15_grid_v1b	grid_coord	meta	meta_json	979d4833a7db/kanu/PPCC/marshmallow/s8/n2/base
979d4833a7db	kanu	PPCC/marshmallow	8	3	base	activation	9442ecaef16e8c41	9442ecaef16e8c41303a40ac74d354adc0c357bbf9d5ccf4a3d7d3de14f308fd	lerobot_groot_n15	n15	lerobot_groot_n15__robocasa365_ckpt120000		0	Pick the marshmallow from the counter and place it in the cabinet.	robocasa_panda_omron/PickPlaceCounterToCabinet_PandaOmron_Env	100659	1300003	0	0			5		1	all_token_full	groot_n15_dit_block_residual_full_tokens_denoise	["layer","denoise_step","model_token","feature_dim"]	[7,4,49,1536]	[0,2,4,8,10,12,15]	n15_grid_v1b	grid_coord	meta	meta_json	979d4833a7db/kanu/PPCC/marshmallow/s8/n3/base
979d4833a7db	kanu	PPCC/marshmallow	8	4	base	activation	0b604dd84a2e98e7	0b604dd84a2e98e7c5f7cf15ba4c11ad2808ab65abd332b8f5e5ce2ffc1d4eab	lerobot_groot_n15	n15	lerobot_groot_n15__robocasa365_ckpt120000		0	Pick the marshmallow from the counter and place it in the cabinet.	robocasa_panda_omron/PickPlaceCounterToCabinet_PandaOmron_Env	100659	1300004	0	1			5		1	all_token_full	groot_n15_dit_block_residual_full_tokens_denoise	["layer","denoise_step","model_token","feature_dim"]	[7,4,49,1536]	[0,2,4,8,10,12,15]	n15_grid_v1b	grid_coord	meta	meta_json	979d4833a7db/kanu/PPCC/marshmallow/s8/n4/base
979d4833a7db	kanu	PPCC/marshmallow	8	6	base	activation	02244ad20e38c2ed	02244ad20e38c2edf78a4766e564cadb3dd192c29a174909fb68aec068458bfa	lerobot_groot_n15	n15	lerobot_groot_n15__robocasa365_ckpt120000		0	Pick the marshmallow from the counter and place it in the cabinet.	robocasa_panda_omron/PickPlaceCounterToCabinet_PandaOmron_Env	100659	1300006	0	0			5		1	all_token_full	groot_n15_dit_block_residual_full_tokens_denoise	["layer","denoise_step","model_token","feature_dim"]	[7,4,49,1536]	[0,2,4,8,10,12,15]	n15_grid_v1b	grid_coord	meta	meta_json	979d4833a7db/kanu/PPCC/marshmallow/s8/n6/base
979d4833a7db	kanu	PPCC/marshmallow	8	8	base	activation	cf67acacde0be638	cf67acacde0be638acbd50fe558be9c97add81617cd0ee457169fa1721cb9e83	lerobot_groot_n15	n15	lerobot_groot_n15__robocasa365_ckpt120000		0	Pick the marshmallow from the counter and place it in the cabinet.	robocasa_panda_omron/PickPlaceCounterToCabinet_PandaOmron_Env	100659	1300008	0	1			5		1	all_token_full	groot_n15_dit_block_residual_full_tokens_denoise	["layer","denoise_step","model_token","feature_dim"]	[7,4,49,1536]	[0,2,4,8,10,12,15]	n15_grid_v1b	grid_coord	meta	meta_json	979d4833a7db/kanu/PPCC/marshmallow/s8/n8/base
979d4833a7db	kanu	PPCC/marshmallow	8	9	base	activation	b05dfec44dd46790	b05dfec44dd467905773a69c6ef7aab9ca95cb33e8dde26f4aa619893f943a83	lerobot_groot_n15	n15	lerobot_groot_n15__robocasa365_ckpt120000		0	Pick the marshmallow from the counter and place it in the cabinet.	robocasa_panda_omron/PickPlaceCounterToCabinet_PandaOmron_Env	100659	1300009	0	1			5		1	all_token_full	groot_n15_dit_block_residual_full_tokens_denoise	["layer","denoise_step","model_token","feature_dim"]	[7,4,49,1536]	[0,2,4,8,10,12,15]	n15_grid_v1b	grid_coord	meta	meta_json	979d4833a7db/kanu/PPCC/marshmallow/s8/n9/base
979d4833a7db	kanu	PPCC/marshmallow	9	4	base	activation	0ac408fccbc0769c	0ac408fccbc0769c90f0d66985549656d6f799d765c9df9850a83563c1001d6c	lerobot_groot_n15	n15	lerobot_groot_n15__robocasa365_ckpt120000		0	Pick the marshmallow from the counter and place it in the cabinet.	robocasa_panda_omron/PickPlaceCounterToCabinet_PandaOmron_Env	100665	1300004	0	0			5		1	all_token_full	groot_n15_dit_block_residual_full_tokens_denoise	["layer","denoise_step","model_token","feature_dim"]	[7,4,49,1536]	[0,2,4,8,10,12,15]	n15_grid_v1b	grid_coord	meta	meta_json	979d4833a7db/kanu/PPCC/marshmallow/s9/n4/base
979d4833a7db	worker2	PPCC/jug	0	0	base	activation	0b56ad1de409dc04	0b56ad1de409dc04e4d3da5813b1718e8c1ce0bad4370b965165449688f9e444	lerobot_groot_n15	n15	lerobot_groot_n15__robocasa365_ckpt120000		0	Pick the jug from the counter and place it in the cabinet.	robocasa_panda_omron/PickPlaceCounterToCabinet_PandaOmron_Env	100095	1300000	0	0			5		1	all_token_full	groot_n15_dit_block_residual_full_tokens_denoise	["layer","denoise_step","model_token","feature_dim"]	[7,4,49,1536]	[0,2,4,8,10,12,15]	n15_grid_v1b	grid_coord	meta	meta_json	979d4833a7db/worker2/PPCC/jug/s0/n0/base
979d4833a7db	worker2	PPCC/jug	0	1	base	activation	62d637ddc9ff6cdc	62d637ddc9ff6cdc460dfca7d5129da1e63b859da88dd739ed7c2bae9c819a91	lerobot_groot_n15	n15	lerobot_groot_n15__robocasa365_ckpt120000		0	Pick the jug from the counter and place it in the cabinet.	robocasa_panda_omron/PickPlaceCounterToCabinet_PandaOmron_Env	100095	1300001	0	0			5		1	all_token_full	groot_n15_dit_block_residual_full_tokens_denoise	["layer","denoise_step","model_token","feature_dim"]	[7,4,49,1536]	[0,2,4,8,10,12,15]	n15_grid_v1b	grid_coord	meta	meta_json	979d4833a7db/worker2/PPCC/jug/s0/n1/base
979d4833a7db	worker2	PPCC/jug	0	2	base	activation	5a1d007fc529aca7	5a1d007fc529aca7128beadf18af38e4a47cdb1f86ccb905072f822a36b58c38	lerobot_groot_n15	n15	lerobot_groot_n15__robocasa365_ckpt120000		0	Pick the jug from the counter and place it in the cabinet.	robocasa_panda_omron/PickPlaceCounterToCabinet_PandaOmron_Env	100095	1300002	0	0			5		1	all_token_full	groot_n15_dit_block_residual_full_tokens_denoise	["layer","denoise_step","model_token","feature_dim"]	[7,4,49,1536]	[0,2,4,8,10,12,15]	n15_grid_v1b	grid_coord	meta	meta_json	979d4833a7db/worker2/PPCC/jug/s0/n2/base
979d4833a7db	worker2	PPCC/jug	0	3	base	activation	416f63eb8beee8a5	416f63eb8beee8a56005f93adc9d549eed43baf1abee173186ba9a7eaea969d3	lerobot_groot_n15	n15	lerobot_groot_n15__robocasa365_ckpt120000		0	Pick the jug from the counter and place it in the cabinet.	robocasa_panda_omron/PickPlaceCounterToCabinet_PandaOmron_Env	100095	1300003	0	0			5		1	all_token_full	groot_n15_dit_block_residual_full_tokens_denoise	["layer","denoise_step","model_token","feature_dim"]	[7,4,49,1536]	[0,2,4,8,10,12,15]	n15_grid_v1b	grid_coord	meta	meta_json	979d4833a7db/worker2/PPCC/jug/s0/n3/base
979d4833a7db	worker2	PPCC/jug	0	4	base	activation	46d32a5eead82d47	46d32a5eead82d47e124e2ecc3608d0804cb8dfbf209bb043404a07d79556942	lerobot_groot_n15	n15	lerobot_groot_n15__robocasa365_ckpt120000		0	Pick the jug from the counter and place it in the cabinet.	robocasa_panda_omron/PickPlaceCounterToCabinet_PandaOmron_Env	100095	1300004	0	0			5		1	all_token_full	groot_n15_dit_block_residual_full_tokens_denoise	["layer","denoise_step","model_token","feature_dim"]	[7,4,49,1536]	[0,2,4,8,10,12,15]	n15_grid_v1b	grid_coord	meta	meta_json	979d4833a7db/worker2/PPCC/jug/s0/n4/base
979d4833a7db	worker2	PPCC/jug	0	5	base	activation	8c6b31c7a736e96c	8c6b31c7a736e96ccec92e665b8e489ace31de211f89350aba811756abd71229	lerobot_groot_n15	n15	lerobot_groot_n15__robocasa365_ckpt120000		0	Pick the jug from the counter and place it in the cabinet.	robocasa_panda_omron/PickPlaceCounterToCabinet_PandaOmron_Env	100095	1300005	0	0			5		1	all_token_full	groot_n15_dit_block_residual_full_tokens_denoise	["layer","denoise_step","model_token","feature_dim"]	[7,4,49,1536]	[0,2,4,8,10,12,15]	n15_grid_v1b	grid_coord	meta	meta_json	979d4833a7db/worker2/PPCC/jug/s0/n5/base
979d4833a7db	worker2	PPCC/jug	0	6	base	activation	dc4563073e63b9d9	dc4563073e63b9d90b5596e3f0097b5e7ef5f8c15003cd253fe86eb81421f840	lerobot_groot_n15	n15	lerobot_groot_n15__robocasa365_ckpt120000		0	Pick the jug from the counter and place it in the cabinet.	robocasa_panda_omron/PickPlaceCounterToCabinet_PandaOmron_Env	100095	1300006	0	0			5		1	all_token_full	groot_n15_dit_block_residual_full_tokens_denoise	["layer","denoise_step","model_token","feature_dim"]	[7,4,49,1536]	[0,2,4,8,10,12,15]	n15_grid_v1b	grid_coord	meta	meta_json	979d4833a7db/worker2/PPCC/jug/s0/n6/base
979d4833a7db	worker2	PPCC/jug	0	7	base	activation	43d3014d3dd78896	43d3014d3dd788966073c719bc2776d28110eeda5e22bd58a1ed9d8d2588c118	lerobot_groot_n15	n15	lerobot_groot_n15__robocasa365_ckpt120000		0	Pick the jug from the counter and place it in the cabinet.	robocasa_panda_omron/PickPlaceCounterToCabinet_PandaOmron_Env	100095	1300007	0	0			5		1	all_token_full	groot_n15_dit_block_residual_full_tokens_denoise	["layer","denoise_step","model_token","feature_dim"]	[7,4,49,1536]	[0,2,4,8,10,12,15]	n15_grid_v1b	grid_coord	meta	meta_json	979d4833a7db/worker2/PPCC/jug/s0/n7/base
979d4833a7db	worker2	PPCC/jug	0	8	base	activation	0ffe44f4f3ea1a0e	0ffe44f4f3ea1a0ea2bc9204822c9fddeae9b8afc70f738782411085c9c6aabc	lerobot_groot_n15	n15	lerobot_groot_n15__robocasa365_ckpt120000		0	Pick the jug from the counter and place it in the cabinet.	robocasa_panda_omron/PickPlaceCounterToCabinet_PandaOmron_Env	100095	1300008	0	0			5		1	all_token_full	groot_n15_dit_block_residual_full_tokens_denoise	["layer","denoise_step","model_token","feature_dim"]	[7,4,49,1536]	[0,2,4,8,10,12,15]	n15_grid_v1b	grid_coord	meta	meta_json	979d4833a7db/worker2/PPCC/jug/s0/n8/base
979d4833a7db	worker2	PPCC/jug	0	9	base	activation	badefc007d2059ae	badefc007d2059ae14057740452b22678e9f51a55c7a169a85360fc32a9d5ae6	lerobot_groot_n15	n15	lerobot_groot_n15__robocasa365_ckpt120000		0	Pick the jug from the counter and place it in the cabinet.	robocasa_panda_omron/PickPlaceCounterToCabinet_PandaOmron_Env	100095	1300009	0	0			5		1	all_token_full	groot_n15_dit_block_residual_full_tokens_denoise	["layer","denoise_step","model_token","feature_dim"]	[7,4,49,1536]	[0,2,4,8,10,12,15]	n15_grid_v1b	grid_coord	meta	meta_json	979d4833a7db/worker2/PPCC/jug/s0/n9/base
979d4833a7db	worker2	PPCC/jug	1	0	base	activation	2a9c63ad84bbbb63	2a9c63ad84bbbb635de35d1fe30773edb6c490880ca2d28263a22ac384c20a1e	lerobot_groot_n15	n15	lerobot_groot_n15__robocasa365_ckpt120000		0	Pick the jug from the counter and place it in the cabinet.	robocasa_panda_omron/PickPlaceCounterToCabinet_PandaOmron_Env	100128	1300000	0	0			5		1	all_token_full	groot_n15_dit_block_residual_full_tokens_denoise	["layer","denoise_step","model_token","feature_dim"]	[7,4,49,1536]	[0,2,4,8,10,12,15]	n15_grid_v1b	grid_coord	meta	meta_json	979d4833a7db/worker2/PPCC/jug/s1/n0/base
979d4833a7db	worker2	PPCC/jug	1	1	base	activation	6b6eb0d2d8dab73e	6b6eb0d2d8dab73e2ef633b6569c0be826d6b7cf826836c82a5cf55b10ec4346	lerobot_groot_n15	n15	lerobot_groot_n15__robocasa365_ckpt120000		0	Pick the jug from the counter and place it in the cabinet.	robocasa_panda_omron/PickPlaceCounterToCabinet_PandaOmron_Env	100128	1300001	0	0			5		1	all_token_full	groot_n15_dit_block_residual_full_tokens_denoise	["layer","denoise_step","model_token","feature_dim"]	[7,4,49,1536]	[0,2,4,8,10,12,15]	n15_grid_v1b	grid_coord	meta	meta_json	979d4833a7db/worker2/PPCC/jug/s1/n1/base
979d4833a7db	worker2	PPCC/jug	1	2	base	activation	4725375013d19930	4725375013d19930df3ef461f06cd382f00cf48e7e9c0a4a49a09b7607f5f7a5	lerobot_groot_n15	n15	lerobot_groot_n15__robocasa365_ckpt120000		0	Pick the jug from the counter and place it in the cabinet.	robocasa_panda_omron/PickPlaceCounterToCabinet_PandaOmron_Env	100128	1300002	0	0			5		1	all_token_full	groot_n15_dit_block_residual_full_tokens_denoise	["layer","denoise_step","model_token","feature_dim"]	[7,4,49,1536]	[0,2,4,8,10,12,15]	n15_grid_v1b	grid_coord	meta	meta_json	979d4833a7db/worker2/PPCC/jug/s1/n2/base
979d4833a7db	worker2	PPCC/jug	1	3	base	activation	27972f65ef631bb1	27972f65ef631bb19cf46305d4fc2eeffc387f571147a506929bc1d603db314d	lerobot_groot_n15	n15	lerobot_groot_n15__robocasa365_ckpt120000		0	Pick the jug from the counter and place it in the cabinet.	robocasa_panda_omron/PickPlaceCounterToCabinet_PandaOmron_Env	100128	1300003	0	0			5		1	all_token_full	groot_n15_dit_block_residual_full_tokens_denoise	["layer","denoise_step","model_token","feature_dim"]	[7,4,49,1536]	[0,2,4,8,10,12,15]	n15_grid_v1b	grid_coord	meta	meta_json	979d4833a7db/worker2/PPCC/jug/s1/n3/base
979d4833a7db	worker2	PPCC/jug	1	4	base	activation	ccb943e18df22c41	ccb943e18df22c410055e9c90a888b4d22896fa57706eab0559b9aa217668362	lerobot_groot_n15	n15	lerobot_groot_n15__robocasa365_ckpt120000		0	Pick the jug from the counter and place it in the cabinet.	robocasa_panda_omron/PickPlaceCounterToCabinet_PandaOmron_Env	100128	1300004	0	0			5		1	all_token_full	groot_n15_dit_block_residual_full_tokens_denoise	["layer","denoise_step","model_token","feature_dim"]	[7,4,49,1536]	[0,2,4,8,10,12,15]	n15_grid_v1b	grid_coord	meta	meta_json	979d4833a7db/worker2/PPCC/jug/s1/n4/base
979d4833a7db	worker2	PPCC/jug	1	5	base	activation	eac6d6ec7da4257a	eac6d6ec7da4257a5876f2974197635fdab85b3fd6c3c7b6af0e172eb390cd2a	lerobot_groot_n15	n15	lerobot_groot_n15__robocasa365_ckpt120000		0	Pick the jug from the counter and place it in the cabinet.	robocasa_panda_omron/PickPlaceCounterToCabinet_PandaOmron_Env	100128	1300005	0	1			5		1	all_token_full	groot_n15_dit_block_residual_full_tokens_denoise	["layer","denoise_step","model_token","feature_dim"]	[7,4,49,1536]	[0,2,4,8,10,12,15]	n15_grid_v1b	grid_coord	meta	meta_json	979d4833a7db/worker2/PPCC/jug/s1/n5/base
979d4833a7db	worker2	PPCC/jug	1	6	base	activation	cff3828a242358f3	cff3828a242358f36e436de40b8e5995bf081fad73a1ab6d7276299a6cdff666	lerobot_groot_n15	n15	lerobot_groot_n15__robocasa365_ckpt120000		0	Pick the jug from the counter and place it in the cabinet.	robocasa_panda_omron/PickPlaceCounterToCabinet_PandaOmron_Env	100128	1300006	0	0			5		1	all_token_full	groot_n15_dit_block_residual_full_tokens_denoise	["layer","denoise_step","model_token","feature_dim"]	[7,4,49,1536]	[0,2,4,8,10,12,15]	n15_grid_v1b	grid_coord	meta	meta_json	979d4833a7db/worker2/PPCC/jug/s1/n6/base
979d4833a7db	worker2	PPCC/jug	1	7	base	activation	b094c41c552208fa	b094c41c552208fa924abcd6308673f3a4077b4ed11f4dc9e9c4128435cecea2	lerobot_groot_n15	n15	lerobot_groot_n15__robocasa365_ckpt120000		0	Pick the jug from the counter and place it in the cabinet.	robocasa_panda_omron/PickPlaceCounterToCabinet_PandaOmron_Env	100128	1300007	0	0			5		1	all_token_full	groot_n15_dit_block_residual_full_tokens_denoise	["layer","denoise_step","model_token","feature_dim"]	[7,4,49,1536]	[0,2,4,8,10,12,15]	n15_grid_v1b	grid_coord	meta	meta_json	979d4833a7db/worker2/PPCC/jug/s1/n7/base
979d4833a7db	worker2	PPCC/jug	1	8	base	activation	b93a7a74c6bb9e65	b93a7a74c6bb9e65ea6bfe071aa76e35cc26cabc1024a9d28da3785edef5aa3d	lerobot_groot_n15	n15	lerobot_groot_n15__robocasa365_ckpt120000		0	Pick the jug from the counter and place it in the cabinet.	robocasa_panda_omron/PickPlaceCounterToCabinet_PandaOmron_Env	100128	1300008	0	0			5		1	all_token_full	groot_n15_dit_block_residual_full_tokens_denoise	["layer","denoise_step","model_token","feature_dim"]	[7,4,49,1536]	[0,2,4,8,10,12,15]	n15_grid_v1b	grid_coord	meta	meta_json	979d4833a7db/worker2/PPCC/jug/s1/n8/base
979d4833a7db	worker2	PPCC/jug	1	9	base	activation	f61d139bae28449a	f61d139bae28449a1bcd6f67e8dce1315fbf57b811177d06341af29fcc492a72	lerobot_groot_n15	n15	lerobot_groot_n15__robocasa365_ckpt120000		0	Pick the jug from the counter and place it in the cabinet.	robocasa_panda_omron/PickPlaceCounterToCabinet_PandaOmron_Env	100128	1300009	0	0			5		1	all_token_full	groot_n15_dit_block_residual_full_tokens_denoise	["layer","denoise_step","model_token","feature_dim"]	[7,4,49,1536]	[0,2,4,8,10,12,15]	n15_grid_v1b	grid_coord	meta	meta_json	979d4833a7db/worker2/PPCC/jug/s1/n9/base
979d4833a7db	worker2	PPCC/jug	2	0	base	activation	4038853d8bf4e95c	4038853d8bf4e95cecc8388c1f3a0bc82da33989a5f30f305fe3a53e4e6a366d	lerobot_groot_n15	n15	lerobot_groot_n15__robocasa365_ckpt120000		0	Pick the jug from the counter and place it in the cabinet.	robocasa_panda_omron/PickPlaceCounterToCabinet_PandaOmron_Env	100137	1300000	0	1			5		1	all_token_full	groot_n15_dit_block_residual_full_tokens_denoise	["layer","denoise_step","model_token","feature_dim"]	[7,4,49,1536]	[0,2,4,8,10,12,15]	n15_grid_v1b	grid_coord	meta	meta_json	979d4833a7db/worker2/PPCC/jug/s2/n0/base
979d4833a7db	worker2	PPCC/jug	2	1	base	activation	15ec46b3905e5533	15ec46b3905e55335c17415ab791cc3da2d90b71bba1306f4e484de577700c2a	lerobot_groot_n15	n15	lerobot_groot_n15__robocasa365_ckpt120000		0	Pick the jug from the counter and place it in the cabinet.	robocasa_panda_omron/PickPlaceCounterToCabinet_PandaOmron_Env	100137	1300001	0	1			5		1	all_token_full	groot_n15_dit_block_residual_full_tokens_denoise	["layer","denoise_step","model_token","feature_dim"]	[7,4,49,1536]	[0,2,4,8,10,12,15]	n15_grid_v1b	grid_coord	meta	meta_json	979d4833a7db/worker2/PPCC/jug/s2/n1/base
979d4833a7db	worker2	PPCC/jug	2	2	base	activation	ca7df13dd1788fe6	ca7df13dd1788fe66d38eea02aab858c1b42c39d3bc236a85f8c3df7fa4fb999	lerobot_groot_n15	n15	lerobot_groot_n15__robocasa365_ckpt120000		0	Pick the jug from the counter and place it in the cabinet.	robocasa_panda_omron/PickPlaceCounterToCabinet_PandaOmron_Env	100137	1300002	0	1			5		1	all_token_full	groot_n15_dit_block_residual_full_tokens_denoise	["layer","denoise_step","model_token","feature_dim"]	[7,4,49,1536]	[0,2,4,8,10,12,15]	n15_grid_v1b	grid_coord	meta	meta_json	979d4833a7db/worker2/PPCC/jug/s2/n2/base
979d4833a7db	worker2	PPCC/jug	2	3	base	activation	b7f708a8e99bbfa7	b7f708a8e99bbfa731b90aab8af39d6d29d859999ea5c0746fbe9091805c6fce	lerobot_groot_n15	n15	lerobot_groot_n15__robocasa365_ckpt120000		0	Pick the jug from the counter and place it in the cabinet.	robocasa_panda_omron/PickPlaceCounterToCabinet_PandaOmron_Env	100137	1300003	0	1			5		1	all_token_full	groot_n15_dit_block_residual_full_tokens_denoise	["layer","denoise_step","model_token","feature_dim"]	[7,4,49,1536]	[0,2,4,8,10,12,15]	n15_grid_v1b	grid_coord	meta	meta_json	979d4833a7db/worker2/PPCC/jug/s2/n3/base
979d4833a7db	worker2	PPCC/jug	2	4	base	activation	42ec107b5d4477b1	42ec107b5d4477b10fd04a2fda6cdc0e52e30108fd6e2eef46a192c4ce463436	lerobot_groot_n15	n15	lerobot_groot_n15__robocasa365_ckpt120000		0	Pick the jug from the counter and place it in the cabinet.	robocasa_panda_omron/PickPlaceCounterToCabinet_PandaOmron_Env	100137	1300004	0	0			5		1	all_token_full	groot_n15_dit_block_residual_full_tokens_denoise	["layer","denoise_step","model_token","feature_dim"]	[7,4,49,1536]	[0,2,4,8,10,12,15]	n15_grid_v1b	grid_coord	meta	meta_json	979d4833a7db/worker2/PPCC/jug/s2/n4/base
979d4833a7db	worker2	PPCC/jug	2	5	base	activation	b1300eac11c175ac	b1300eac11c175ac5b95cc98ded2041a54f25640cc56eee6b80de801f4914e4f	lerobot_groot_n15	n15	lerobot_groot_n15__robocasa365_ckpt120000		0	Pick the jug from the counter and place it in the cabinet.	robocasa_panda_omron/PickPlaceCounterToCabinet_PandaOmron_Env	100137	1300005	0	1			5		1	all_token_full	groot_n15_dit_block_residual_full_tokens_denoise	["layer","denoise_step","model_token","feature_dim"]	[7,4,49,1536]	[0,2,4,8,10,12,15]	n15_grid_v1b	grid_coord	meta	meta_json	979d4833a7db/worker2/PPCC/jug/s2/n5/base
979d4833a7db	worker2	PPCC/jug	2	6	base	activation	d75272d9f6a625a8	d75272d9f6a625a89e76a17a513894de2fc89093c2b98ce13a1b0efeacfbde2a	lerobot_groot_n15	n15	lerobot_groot_n15__robocasa365_ckpt120000		0	Pick the jug from the counter and place it in the cabinet.	robocasa_panda_omron/PickPlaceCounterToCabinet_PandaOmron_Env	100137	1300006	0	0			5		1	all_token_full	groot_n15_dit_block_residual_full_tokens_denoise	["layer","denoise_step","model_token","feature_dim"]	[7,4,49,1536]	[0,2,4,8,10,12,15]	n15_grid_v1b	grid_coord	meta	meta_json	979d4833a7db/worker2/PPCC/jug/s2/n6/base
979d4833a7db	worker2	PPCC/jug	2	7	base	activation	a02a66ed38eceb6e	a02a66ed38eceb6e20936a5bd7c73257a6cc4297bbc63119f1da41fd5ecb5eec	lerobot_groot_n15	n15	lerobot_groot_n15__robocasa365_ckpt120000		0	Pick the jug from the counter and place it in the cabinet.	robocasa_panda_omron/PickPlaceCounterToCabinet_PandaOmron_Env	100137	1300007	0	0			5		1	all_token_full	groot_n15_dit_block_residual_full_tokens_denoise	["layer","denoise_step","model_token","feature_dim"]	[7,4,49,1536]	[0,2,4,8,10,12,15]	n15_grid_v1b	grid_coord	meta	meta_json	979d4833a7db/worker2/PPCC/jug/s2/n7/base
979d4833a7db	worker2	PPCC/jug	2	8	base	activation	ed5a38205e728c5f	ed5a38205e728c5f8107a06f19c60f60c0f02c8c87709ee311d5d625ddf17569	lerobot_groot_n15	n15	lerobot_groot_n15__robocasa365_ckpt120000		0	Pick the jug from the counter and place it in the cabinet.	robocasa_panda_omron/PickPlaceCounterToCabinet_PandaOmron_Env	100137	1300008	0	0			5		1	all_token_full	groot_n15_dit_block_residual_full_tokens_denoise	["layer","denoise_step","model_token","feature_dim"]	[7,4,49,1536]	[0,2,4,8,10,12,15]	n15_grid_v1b	grid_coord	meta	meta_json	979d4833a7db/worker2/PPCC/jug/s2/n8/base
979d4833a7db	worker2	PPCC/jug	2	9	base	activation	c07a62423fdfec93	c07a62423fdfec93bdf09ba0fe09c6822b3fac93f44c075f4cde930eddc79b99	lerobot_groot_n15	n15	lerobot_groot_n15__robocasa365_ckpt120000		0	Pick the jug from the counter and place it in the cabinet.	robocasa_panda_omron/PickPlaceCounterToCabinet_PandaOmron_Env	100137	1300009	0	0			5		1	all_token_full	groot_n15_dit_block_residual_full_tokens_denoise	["layer","denoise_step","model_token","feature_dim"]	[7,4,49,1536]	[0,2,4,8,10,12,15]	n15_grid_v1b	grid_coord	meta	meta_json	979d4833a7db/worker2/PPCC/jug/s2/n9/base
979d4833a7db	worker2	PPCC/jug	3	0	base	activation	05d9084f5fcfedc8	05d9084f5fcfedc8d254ad95de97996e73a0633e88b5b2247a804f19a95708bd	lerobot_groot_n15	n15	lerobot_groot_n15__robocasa365_ckpt120000		0	Pick the jug from the counter and place it in the cabinet.	robocasa_panda_omron/PickPlaceCounterToCabinet_PandaOmron_Env	100360	1300000	0	0			5		1	all_token_full	groot_n15_dit_block_residual_full_tokens_denoise	["layer","denoise_step","model_token","feature_dim"]	[7,4,49,1536]	[0,2,4,8,10,12,15]	n15_grid_v1b	grid_coord	meta	meta_json	979d4833a7db/worker2/PPCC/jug/s3/n0/base
979d4833a7db	worker2	PPCC/jug	3	1	base	activation	1209c07a6fcbeb11	1209c07a6fcbeb119b175bc9baddfea460381b3ab484e720809e518dcabff43e	lerobot_groot_n15	n15	lerobot_groot_n15__robocasa365_ckpt120000		0	Pick the jug from the counter and place it in the cabinet.	robocasa_panda_omron/PickPlaceCounterToCabinet_PandaOmron_Env	100360	1300001	0	0			5		1	all_token_full	groot_n15_dit_block_residual_full_tokens_denoise	["layer","denoise_step","model_token","feature_dim"]	[7,4,49,1536]	[0,2,4,8,10,12,15]	n15_grid_v1b	grid_coord	meta	meta_json	979d4833a7db/worker2/PPCC/jug/s3/n1/base
979d4833a7db	worker2	PPCC/jug	3	2	base	activation	c4325ab2f0e106cc	c4325ab2f0e106cc9373d6f2501bc96116d03061e2b5214298af1e2fabd6c8da	lerobot_groot_n15	n15	lerobot_groot_n15__robocasa365_ckpt120000		0	Pick the jug from the counter and place it in the cabinet.	robocasa_panda_omron/PickPlaceCounterToCabinet_PandaOmron_Env	100360	1300002	0	0			5		1	all_token_full	groot_n15_dit_block_residual_full_tokens_denoise	["layer","denoise_step","model_token","feature_dim"]	[7,4,49,1536]	[0,2,4,8,10,12,15]	n15_grid_v1b	grid_coord	meta	meta_json	979d4833a7db/worker2/PPCC/jug/s3/n2/base
979d4833a7db	worker2	PPCC/jug	3	3	base	activation	6ba50539307170c3	6ba50539307170c389cfd3ee4e2c2ca34b4108c2dcb658a81e7c45f1b36f98f5	lerobot_groot_n15	n15	lerobot_groot_n15__robocasa365_ckpt120000		0	Pick the jug from the counter and place it in the cabinet.	robocasa_panda_omron/PickPlaceCounterToCabinet_PandaOmron_Env	100360	1300003	0	0			5		1	all_token_full	groot_n15_dit_block_residual_full_tokens_denoise	["layer","denoise_step","model_token","feature_dim"]	[7,4,49,1536]	[0,2,4,8,10,12,15]	n15_grid_v1b	grid_coord	meta	meta_json	979d4833a7db/worker2/PPCC/jug/s3/n3/base
979d4833a7db	worker2	PPCC/jug	3	4	base	activation	e965265ec5f38d2b	e965265ec5f38d2b8fc07a18040eed7bec41efb02039df76f80a8bc45f5f724c	lerobot_groot_n15	n15	lerobot_groot_n15__robocasa365_ckpt120000		0	Pick the jug from the counter and place it in the cabinet.	robocasa_panda_omron/PickPlaceCounterToCabinet_PandaOmron_Env	100360	1300004	0	0			5		1	all_token_full	groot_n15_dit_block_residual_full_tokens_denoise	["layer","denoise_step","model_token","feature_dim"]	[7,4,49,1536]	[0,2,4,8,10,12,15]	n15_grid_v1b	grid_coord	meta	meta_json	979d4833a7db/worker2/PPCC/jug/s3/n4/base
979d4833a7db	worker2	PPCC/jug	3	5	base	activation	2aa9f5c78924a854	2aa9f5c78924a85422e16e55a131d7f17e20b3038e594f7c1b79607e4d769546	lerobot_groot_n15	n15	lerobot_groot_n15__robocasa365_ckpt120000		0	Pick the jug from the counter and place it in the cabinet.	robocasa_panda_omron/PickPlaceCounterToCabinet_PandaOmron_Env	100360	1300005	0	0			5		1	all_token_full	groot_n15_dit_block_residual_full_tokens_denoise	["layer","denoise_step","model_token","feature_dim"]	[7,4,49,1536]	[0,2,4,8,10,12,15]	n15_grid_v1b	grid_coord	meta	meta_json	979d4833a7db/worker2/PPCC/jug/s3/n5/base
979d4833a7db	worker2	PPCC/jug	3	6	base	activation	528d9606f452cf71	528d9606f452cf717d02f60aeb23389d607f17871b234978889996a408368ba4	lerobot_groot_n15	n15	lerobot_groot_n15__robocasa365_ckpt120000		0	Pick the jug from the counter and place it in the cabinet.	robocasa_panda_omron/PickPlaceCounterToCabinet_PandaOmron_Env	100360	1300006	0	0			5		1	all_token_full	groot_n15_dit_block_residual_full_tokens_denoise	["layer","denoise_step","model_token","feature_dim"]	[7,4,49,1536]	[0,2,4,8,10,12,15]	n15_grid_v1b	grid_coord	meta	meta_json	979d4833a7db/worker2/PPCC/jug/s3/n6/base
979d4833a7db	worker2	PPCC/jug	3	7	base	activation	fad80668881bf0c8	fad80668881bf0c82062e43180bdbb71cbd4e22d983b332f6281b886c3b5b8ee	lerobot_groot_n15	n15	lerobot_groot_n15__robocasa365_ckpt120000		0	Pick the jug from the counter and place it in the cabinet.	robocasa_panda_omron/PickPlaceCounterToCabinet_PandaOmron_Env	100360	1300007	0	0			5		1	all_token_full	groot_n15_dit_block_residual_full_tokens_denoise	["layer","denoise_step","model_token","feature_dim"]	[7,4,49,1536]	[0,2,4,8,10,12,15]	n15_grid_v1b	grid_coord	meta	meta_json	979d4833a7db/worker2/PPCC/jug/s3/n7/base
979d4833a7db	worker2	PPCC/jug	3	8	base	activation	b1464670ad481caa	b1464670ad481caa528e29158529772c707829dea7004f2bb4ee62dcc11d3153	lerobot_groot_n15	n15	lerobot_groot_n15__robocasa365_ckpt120000		0	Pick the jug from the counter and place it in the cabinet.	robocasa_panda_omron/PickPlaceCounterToCabinet_PandaOmron_Env	100360	1300008	0	0			5		1	all_token_full	groot_n15_dit_block_residual_full_tokens_denoise	["layer","denoise_step","model_token","feature_dim"]	[7,4,49,1536]	[0,2,4,8,10,12,15]	n15_grid_v1b	grid_coord	meta	meta_json	979d4833a7db/worker2/PPCC/jug/s3/n8/base
979d4833a7db	worker2	PPCC/jug	3	9	base	activation	5c3ac9eccae95163	5c3ac9eccae951630de387a64586dd69f717b38ea66263b2e7d9face8b6c3f2c	lerobot_groot_n15	n15	lerobot_groot_n15__robocasa365_ckpt120000		0	Pick the jug from the counter and place it in the cabinet.	robocasa_panda_omron/PickPlaceCounterToCabinet_PandaOmron_Env	100360	1300009	0	0			5		1	all_token_full	groot_n15_dit_block_residual_full_tokens_denoise	["layer","denoise_step","model_token","feature_dim"]	[7,4,49,1536]	[0,2,4,8,10,12,15]	n15_grid_v1b	grid_coord	meta	meta_json	979d4833a7db/worker2/PPCC/jug/s3/n9/base
979d4833a7db	worker2	PPCC/jug	4	0	base	activation	6002d835f47d26a0	6002d835f47d26a06e8a6f95314af74dd130fff201f164d0c0420a70ebfe291e	lerobot_groot_n15	n15	lerobot_groot_n15__robocasa365_ckpt120000		0	Pick the jug from the counter and place it in the cabinet.	robocasa_panda_omron/PickPlaceCounterToCabinet_PandaOmron_Env	100387	1300000	0	0			5		1	all_token_full	groot_n15_dit_block_residual_full_tokens_denoise	["layer","denoise_step","model_token","feature_dim"]	[7,4,49,1536]	[0,2,4,8,10,12,15]	n15_grid_v1b	grid_coord	meta	meta_json	979d4833a7db/worker2/PPCC/jug/s4/n0/base
979d4833a7db	worker2	PPCC/jug	4	1	base	activation	1b0913963214e377	1b0913963214e377e6cb15029f092bf521d4f4317c283e01d09410e5a02d2d31	lerobot_groot_n15	n15	lerobot_groot_n15__robocasa365_ckpt120000		0	Pick the jug from the counter and place it in the cabinet.	robocasa_panda_omron/PickPlaceCounterToCabinet_PandaOmron_Env	100387	1300001	0	0			5		1	all_token_full	groot_n15_dit_block_residual_full_tokens_denoise	["layer","denoise_step","model_token","feature_dim"]	[7,4,49,1536]	[0,2,4,8,10,12,15]	n15_grid_v1b	grid_coord	meta	meta_json	979d4833a7db/worker2/PPCC/jug/s4/n1/base
979d4833a7db	worker2	PPCC/jug	4	2	base	activation	4e3d0333495336f8	4e3d0333495336f81e92164dbd7a97192da905eca96e1627bf6413080fd2dbfa	lerobot_groot_n15	n15	lerobot_groot_n15__robocasa365_ckpt120000		0	Pick the jug from the counter and place it in the cabinet.	robocasa_panda_omron/PickPlaceCounterToCabinet_PandaOmron_Env	100387	1300002	0	1			5		1	all_token_full	groot_n15_dit_block_residual_full_tokens_denoise	["layer","denoise_step","model_token","feature_dim"]	[7,4,49,1536]	[0,2,4,8,10,12,15]	n15_grid_v1b	grid_coord	meta	meta_json	979d4833a7db/worker2/PPCC/jug/s4/n2/base
979d4833a7db	worker2	PPCC/jug	4	3	base	activation	14f58c87dfeb38bc	14f58c87dfeb38bcc029493c2681333db2e9dc6c13d53e2dcef422035da9bbcc	lerobot_groot_n15	n15	lerobot_groot_n15__robocasa365_ckpt120000		0	Pick the jug from the counter and place it in the cabinet.	robocasa_panda_omron/PickPlaceCounterToCabinet_PandaOmron_Env	100387	1300003	0	0			5		1	all_token_full	groot_n15_dit_block_residual_full_tokens_denoise	["layer","denoise_step","model_token","feature_dim"]	[7,4,49,1536]	[0,2,4,8,10,12,15]	n15_grid_v1b	grid_coord	meta	meta_json	979d4833a7db/worker2/PPCC/jug/s4/n3/base
979d4833a7db	worker2	PPCC/jug	4	4	base	activation	68fadad0b8260e14	68fadad0b8260e14da39f43a31348b5e28bb4f8ed00a8c698cbe6870e528beca	lerobot_groot_n15	n15	lerobot_groot_n15__robocasa365_ckpt120000		0	Pick the jug from the counter and place it in the cabinet.	robocasa_panda_omron/PickPlaceCounterToCabinet_PandaOmron_Env	100387	1300004	0	1			5		1	all_token_full	groot_n15_dit_block_residual_full_tokens_denoise	["layer","denoise_step","model_token","feature_dim"]	[7,4,49,1536]	[0,2,4,8,10,12,15]	n15_grid_v1b	grid_coord	meta	meta_json	979d4833a7db/worker2/PPCC/jug/s4/n4/base
979d4833a7db	worker2	PPCC/jug	4	5	base	activation	fb9d509c11db6bc4	fb9d509c11db6bc4a2e2cc01c1f728b850d10ca6d6fa2f183651f140bb66f398	lerobot_groot_n15	n15	lerobot_groot_n15__robocasa365_ckpt120000		0	Pick the jug from the counter and place it in the cabinet.	robocasa_panda_omron/PickPlaceCounterToCabinet_PandaOmron_Env	100387	1300005	0	1			5		1	all_token_full	groot_n15_dit_block_residual_full_tokens_denoise	["layer","denoise_step","model_token","feature_dim"]	[7,4,49,1536]	[0,2,4,8,10,12,15]	n15_grid_v1b	grid_coord	meta	meta_json	979d4833a7db/worker2/PPCC/jug/s4/n5/base
979d4833a7db	worker2	PPCC/jug	4	6	base	activation	0cd6727da5e69e9b	0cd6727da5e69e9b9cd6ef6d1160cf8c74f8cf8e4b209aec02c54b2568b978e1	lerobot_groot_n15	n15	lerobot_groot_n15__robocasa365_ckpt120000		0	Pick the jug from the counter and place it in the cabinet.	robocasa_panda_omron/PickPlaceCounterToCabinet_PandaOmron_Env	100387	1300006	0	1			5		1	all_token_full	groot_n15_dit_block_residual_full_tokens_denoise	["layer","denoise_step","model_token","feature_dim"]	[7,4,49,1536]	[0,2,4,8,10,12,15]	n15_grid_v1b	grid_coord	meta	meta_json	979d4833a7db/worker2/PPCC/jug/s4/n6/base
979d4833a7db	worker2	PPCC/jug	4	7	base	activation	e2c67f1b34767fa1	e2c67f1b34767fa1b5613b764bb3cb9d117f90c0de2cf82c03def23af9b0de8d	lerobot_groot_n15	n15	lerobot_groot_n15__robocasa365_ckpt120000		0	Pick the jug from the counter and place it in the cabinet.	robocasa_panda_omron/PickPlaceCounterToCabinet_PandaOmron_Env	100387	1300007	0	0			5		1	all_token_full	groot_n15_dit_block_residual_full_tokens_denoise	["layer","denoise_step","model_token","feature_dim"]	[7,4,49,1536]	[0,2,4,8,10,12,15]	n15_grid_v1b	grid_coord	meta	meta_json	979d4833a7db/worker2/PPCC/jug/s4/n7/base
979d4833a7db	worker2	PPCC/jug	4	8	base	activation	55f509b26a5c7ab5	55f509b26a5c7ab5fdc778371033c8551f876076593c85a49ea6bf3cae0ed3f1	lerobot_groot_n15	n15	lerobot_groot_n15__robocasa365_ckpt120000		0	Pick the jug from the counter and place it in the cabinet.	robocasa_panda_omron/PickPlaceCounterToCabinet_PandaOmron_Env	100387	1300008	0	1			5		1	all_token_full	groot_n15_dit_block_residual_full_tokens_denoise	["layer","denoise_step","model_token","feature_dim"]	[7,4,49,1536]	[0,2,4,8,10,12,15]	n15_grid_v1b	grid_coord	meta	meta_json	979d4833a7db/worker2/PPCC/jug/s4/n8/base
979d4833a7db	worker2	PPCC/jug	4	9	base	activation	54a2e22b4ebf07df	54a2e22b4ebf07dff84489d6b6590f5e068cea333c9889b7c97ce64bdc5830ee	lerobot_groot_n15	n15	lerobot_groot_n15__robocasa365_ckpt120000		0	Pick the jug from the counter and place it in the cabinet.	robocasa_panda_omron/PickPlaceCounterToCabinet_PandaOmron_Env	100387	1300009	0	1			5		1	all_token_full	groot_n15_dit_block_residual_full_tokens_denoise	["layer","denoise_step","model_token","feature_dim"]	[7,4,49,1536]	[0,2,4,8,10,12,15]	n15_grid_v1b	grid_coord	meta	meta_json	979d4833a7db/worker2/PPCC/jug/s4/n9/base
979d4833a7db	worker2	PPCC/jug	5	0	base	activation	372740152f5b47ee	372740152f5b47ee2a1fa86c1c10ee077c2a4bd86411ab33fd67ad1c2749c75a	lerobot_groot_n15	n15	lerobot_groot_n15__robocasa365_ckpt120000		0	Pick the jug from the counter and place it in the cabinet.	robocasa_panda_omron/PickPlaceCounterToCabinet_PandaOmron_Env	100443	1300000	0	0			5		1	all_token_full	groot_n15_dit_block_residual_full_tokens_denoise	["layer","denoise_step","model_token","feature_dim"]	[7,4,49,1536]	[0,2,4,8,10,12,15]	n15_grid_v1b	grid_coord	meta	meta_json	979d4833a7db/worker2/PPCC/jug/s5/n0/base
979d4833a7db	worker2	PPCC/jug	5	1	base	activation	b81e0ddfadb0c4d1	b81e0ddfadb0c4d1c029463a0d5da5128ea0314f51ac7833eb24d452c1a3d968	lerobot_groot_n15	n15	lerobot_groot_n15__robocasa365_ckpt120000		0	Pick the jug from the counter and place it in the cabinet.	robocasa_panda_omron/PickPlaceCounterToCabinet_PandaOmron_Env	100443	1300001	0	0			5		1	all_token_full	groot_n15_dit_block_residual_full_tokens_denoise	["layer","denoise_step","model_token","feature_dim"]	[7,4,49,1536]	[0,2,4,8,10,12,15]	n15_grid_v1b	grid_coord	meta	meta_json	979d4833a7db/worker2/PPCC/jug/s5/n1/base
979d4833a7db	worker2	PPCC/jug	5	2	base	activation	5be00445fedbe579	5be00445fedbe5791a130b9e013bee270e96d42032aa8dc3e4e42b27403f1098	lerobot_groot_n15	n15	lerobot_groot_n15__robocasa365_ckpt120000		0	Pick the jug from the counter and place it in the cabinet.	robocasa_panda_omron/PickPlaceCounterToCabinet_PandaOmron_Env	100443	1300002	0	0			5		1	all_token_full	groot_n15_dit_block_residual_full_tokens_denoise	["layer","denoise_step","model_token","feature_dim"]	[7,4,49,1536]	[0,2,4,8,10,12,15]	n15_grid_v1b	grid_coord	meta	meta_json	979d4833a7db/worker2/PPCC/jug/s5/n2/base
979d4833a7db	worker2	PPCC/jug	5	3	base	activation	425214918f44e550	425214918f44e550f290d9d02d1ef407dae05ef83e45c5038116600a13a71bc8	lerobot_groot_n15	n15	lerobot_groot_n15__robocasa365_ckpt120000		0	Pick the jug from the counter and place it in the cabinet.	robocasa_panda_omron/PickPlaceCounterToCabinet_PandaOmron_Env	100443	1300003	0	0			5		1	all_token_full	groot_n15_dit_block_residual_full_tokens_denoise	["layer","denoise_step","model_token","feature_dim"]	[7,4,49,1536]	[0,2,4,8,10,12,15]	n15_grid_v1b	grid_coord	meta	meta_json	979d4833a7db/worker2/PPCC/jug/s5/n3/base
979d4833a7db	worker2	PPCC/jug	5	4	base	activation	a759c1cf3ce2c20c	a759c1cf3ce2c20cd57a748560729666729cc5860ff2a5e6be998ae2afddd45d	lerobot_groot_n15	n15	lerobot_groot_n15__robocasa365_ckpt120000		0	Pick the jug from the counter and place it in the cabinet.	robocasa_panda_omron/PickPlaceCounterToCabinet_PandaOmron_Env	100443	1300004	0	0			5		1	all_token_full	groot_n15_dit_block_residual_full_tokens_denoise	["layer","denoise_step","model_token","feature_dim"]	[7,4,49,1536]	[0,2,4,8,10,12,15]	n15_grid_v1b	grid_coord	meta	meta_json	979d4833a7db/worker2/PPCC/jug/s5/n4/base
979d4833a7db	worker2	PPCC/jug	5	5	base	activation	63035e60e90f9e70	63035e60e90f9e7011f686157e1a223033b0e626878f2a7abe5822435e95eaa9	lerobot_groot_n15	n15	lerobot_groot_n15__robocasa365_ckpt120000		0	Pick the jug from the counter and place it in the cabinet.	robocasa_panda_omron/PickPlaceCounterToCabinet_PandaOmron_Env	100443	1300005	0	0			5		1	all_token_full	groot_n15_dit_block_residual_full_tokens_denoise	["layer","denoise_step","model_token","feature_dim"]	[7,4,49,1536]	[0,2,4,8,10,12,15]	n15_grid_v1b	grid_coord	meta	meta_json	979d4833a7db/worker2/PPCC/jug/s5/n5/base
979d4833a7db	worker2	PPCC/jug	5	6	base	activation	5d39056e16200308	5d39056e16200308c71cd479b623b6122584630a778e7a5f249d3df325f3be32	lerobot_groot_n15	n15	lerobot_groot_n15__robocasa365_ckpt120000		0	Pick the jug from the counter and place it in the cabinet.	robocasa_panda_omron/PickPlaceCounterToCabinet_PandaOmron_Env	100443	1300006	0	0			5		1	all_token_full	groot_n15_dit_block_residual_full_tokens_denoise	["layer","denoise_step","model_token","feature_dim"]	[7,4,49,1536]	[0,2,4,8,10,12,15]	n15_grid_v1b	grid_coord	meta	meta_json	979d4833a7db/worker2/PPCC/jug/s5/n6/base
979d4833a7db	worker2	PPCC/jug	5	7	base	activation	ce74c5c587c83712	ce74c5c587c83712c35646fb17754d56a6fa454c65c8b054550cd7de956789ff	lerobot_groot_n15	n15	lerobot_groot_n15__robocasa365_ckpt120000		0	Pick the jug from the counter and place it in the cabinet.	robocasa_panda_omron/PickPlaceCounterToCabinet_PandaOmron_Env	100443	1300007	0	0			5		1	all_token_full	groot_n15_dit_block_residual_full_tokens_denoise	["layer","denoise_step","model_token","feature_dim"]	[7,4,49,1536]	[0,2,4,8,10,12,15]	n15_grid_v1b	grid_coord	meta	meta_json	979d4833a7db/worker2/PPCC/jug/s5/n7/base
979d4833a7db	worker2	PPCC/jug	5	8	base	activation	457a316c1b2877ca	457a316c1b2877ca80806ff7036f39e3155bb654a54ec1af896d472ec3de4152	lerobot_groot_n15	n15	lerobot_groot_n15__robocasa365_ckpt120000		0	Pick the jug from the counter and place it in the cabinet.	robocasa_panda_omron/PickPlaceCounterToCabinet_PandaOmron_Env	100443	1300008	0	0			5		1	all_token_full	groot_n15_dit_block_residual_full_tokens_denoise	["layer","denoise_step","model_token","feature_dim"]	[7,4,49,1536]	[0,2,4,8,10,12,15]	n15_grid_v1b	grid_coord	meta	meta_json	979d4833a7db/worker2/PPCC/jug/s5/n8/base
979d4833a7db	worker2	PPCC/jug	5	9	base	activation	6f1ff39074dcf18b	6f1ff39074dcf18b359376a16a4da08a3e791a01a0c8ace452718003673409fc	lerobot_groot_n15	n15	lerobot_groot_n15__robocasa365_ckpt120000		0	Pick the jug from the counter and place it in the cabinet.	robocasa_panda_omron/PickPlaceCounterToCabinet_PandaOmron_Env	100443	1300009	0	0			5		1	all_token_full	groot_n15_dit_block_residual_full_tokens_denoise	["layer","denoise_step","model_token","feature_dim"]	[7,4,49,1536]	[0,2,4,8,10,12,15]	n15_grid_v1b	grid_coord	meta	meta_json	979d4833a7db/worker2/PPCC/jug/s5/n9/base
979d4833a7db	worker2	PPCC/jug	6	0	base	activation	25ecc66b48d4b546	25ecc66b48d4b546e511efdeeca5ff76ca195771e1cbaf34a8f8c449b348a907	lerobot_groot_n15	n15	lerobot_groot_n15__robocasa365_ckpt120000		0	Pick the jug from the counter and place it in the cabinet.	robocasa_panda_omron/PickPlaceCounterToCabinet_PandaOmron_Env	100447	1300000	0	0			5		1	all_token_full	groot_n15_dit_block_residual_full_tokens_denoise	["layer","denoise_step","model_token","feature_dim"]	[7,4,49,1536]	[0,2,4,8,10,12,15]	n15_grid_v1b	grid_coord	meta	meta_json	979d4833a7db/worker2/PPCC/jug/s6/n0/base
979d4833a7db	worker2	PPCC/jug	6	1	base	activation	0e23d7d597d1e546	0e23d7d597d1e54690cee24bf3d533f4b409a5617683e2e45df2962993ee5dca	lerobot_groot_n15	n15	lerobot_groot_n15__robocasa365_ckpt120000		0	Pick the jug from the counter and place it in the cabinet.	robocasa_panda_omron/PickPlaceCounterToCabinet_PandaOmron_Env	100447	1300001	0	0			5		1	all_token_full	groot_n15_dit_block_residual_full_tokens_denoise	["layer","denoise_step","model_token","feature_dim"]	[7,4,49,1536]	[0,2,4,8,10,12,15]	n15_grid_v1b	grid_coord	meta	meta_json	979d4833a7db/worker2/PPCC/jug/s6/n1/base
979d4833a7db	worker2	PPCC/jug	6	2	base	activation	3bb1f7476bb47bb2	3bb1f7476bb47bb2c36fcc8c678dd1d92efba3ed799e3b944eefa15319124a49	lerobot_groot_n15	n15	lerobot_groot_n15__robocasa365_ckpt120000		0	Pick the jug from the counter and place it in the cabinet.	robocasa_panda_omron/PickPlaceCounterToCabinet_PandaOmron_Env	100447	1300002	0	0			5		1	all_token_full	groot_n15_dit_block_residual_full_tokens_denoise	["layer","denoise_step","model_token","feature_dim"]	[7,4,49,1536]	[0,2,4,8,10,12,15]	n15_grid_v1b	grid_coord	meta	meta_json	979d4833a7db/worker2/PPCC/jug/s6/n2/base
979d4833a7db	worker2	PPCC/jug	6	3	base	activation	1fd895771b713eae	1fd895771b713eaeb03b48d044c33499f2665ef9aeef79cd06b8a83175d3df1c	lerobot_groot_n15	n15	lerobot_groot_n15__robocasa365_ckpt120000		0	Pick the jug from the counter and place it in the cabinet.	robocasa_panda_omron/PickPlaceCounterToCabinet_PandaOmron_Env	100447	1300003	0	1			5		1	all_token_full	groot_n15_dit_block_residual_full_tokens_denoise	["layer","denoise_step","model_token","feature_dim"]	[7,4,49,1536]	[0,2,4,8,10,12,15]	n15_grid_v1b	grid_coord	meta	meta_json	979d4833a7db/worker2/PPCC/jug/s6/n3/base
979d4833a7db	worker2	PPCC/jug	6	4	base	activation	de8c3903667af609	de8c3903667af609c91f505113d8186dce5c7f421196aed8fb0c17ac65cccb67	lerobot_groot_n15	n15	lerobot_groot_n15__robocasa365_ckpt120000		0	Pick the jug from the counter and place it in the cabinet.	robocasa_panda_omron/PickPlaceCounterToCabinet_PandaOmron_Env	100447	1300004	0	0			5		1	all_token_full	groot_n15_dit_block_residual_full_tokens_denoise	["layer","denoise_step","model_token","feature_dim"]	[7,4,49,1536]	[0,2,4,8,10,12,15]	n15_grid_v1b	grid_coord	meta	meta_json	979d4833a7db/worker2/PPCC/jug/s6/n4/base
979d4833a7db	worker2	PPCC/jug	6	5	base	activation	26f82b4c28e445bf	26f82b4c28e445bfa229b7a7ad5e57a6b8aa3513636ebdc31c902365f8d8d0cb	lerobot_groot_n15	n15	lerobot_groot_n15__robocasa365_ckpt120000		0	Pick the jug from the counter and place it in the cabinet.	robocasa_panda_omron/PickPlaceCounterToCabinet_PandaOmron_Env	100447	1300005	0	0			5		1	all_token_full	groot_n15_dit_block_residual_full_tokens_denoise	["layer","denoise_step","model_token","feature_dim"]	[7,4,49,1536]	[0,2,4,8,10,12,15]	n15_grid_v1b	grid_coord	meta	meta_json	979d4833a7db/worker2/PPCC/jug/s6/n5/base
979d4833a7db	worker2	PPCC/jug	6	6	base	activation	da4dc662d5e09f5b	da4dc662d5e09f5bda15c1cc58dd40c49dd815a281d6e1f631efb5baf8cf91d8	lerobot_groot_n15	n15	lerobot_groot_n15__robocasa365_ckpt120000		0	Pick the jug from the counter and place it in the cabinet.	robocasa_panda_omron/PickPlaceCounterToCabinet_PandaOmron_Env	100447	1300006	0	0			5		1	all_token_full	groot_n15_dit_block_residual_full_tokens_denoise	["layer","denoise_step","model_token","feature_dim"]	[7,4,49,1536]	[0,2,4,8,10,12,15]	n15_grid_v1b	grid_coord	meta	meta_json	979d4833a7db/worker2/PPCC/jug/s6/n6/base
979d4833a7db	worker2	PPCC/jug	6	7	base	activation	a15e0f643e8b7110	a15e0f643e8b71104c61d22822ece567994d6a6296f021bf37735d34bcdf5a9c	lerobot_groot_n15	n15	lerobot_groot_n15__robocasa365_ckpt120000		0	Pick the jug from the counter and place it in the cabinet.	robocasa_panda_omron/PickPlaceCounterToCabinet_PandaOmron_Env	100447	1300007	0	0			5		1	all_token_full	groot_n15_dit_block_residual_full_tokens_denoise	["layer","denoise_step","model_token","feature_dim"]	[7,4,49,1536]	[0,2,4,8,10,12,15]	n15_grid_v1b	grid_coord	meta	meta_json	979d4833a7db/worker2/PPCC/jug/s6/n7/base
979d4833a7db	worker2	PPCC/jug	6	8	base	activation	c5a53639ce34e1dc	c5a53639ce34e1dcf7af9e14c5c23b8e3ed0a4534d6bd1e4b6cfb98f26141fcc	lerobot_groot_n15	n15	lerobot_groot_n15__robocasa365_ckpt120000		0	Pick the jug from the counter and place it in the cabinet.	robocasa_panda_omron/PickPlaceCounterToCabinet_PandaOmron_Env	100447	1300008	0	1			5		1	all_token_full	groot_n15_dit_block_residual_full_tokens_denoise	["layer","denoise_step","model_token","feature_dim"]	[7,4,49,1536]	[0,2,4,8,10,12,15]	n15_grid_v1b	grid_coord	meta	meta_json	979d4833a7db/worker2/PPCC/jug/s6/n8/base
979d4833a7db	worker2	PPCC/jug	6	9	base	activation	ef9fdfbae3ea0b29	ef9fdfbae3ea0b299a308bbdf750b4f15a19dcfb5834621de59e459497bffff4	lerobot_groot_n15	n15	lerobot_groot_n15__robocasa365_ckpt120000		0	Pick the jug from the counter and place it in the cabinet.	robocasa_panda_omron/PickPlaceCounterToCabinet_PandaOmron_Env	100447	1300009	0	0			5		1	all_token_full	groot_n15_dit_block_residual_full_tokens_denoise	["layer","denoise_step","model_token","feature_dim"]	[7,4,49,1536]	[0,2,4,8,10,12,15]	n15_grid_v1b	grid_coord	meta	meta_json	979d4833a7db/worker2/PPCC/jug/s6/n9/base
979d4833a7db	worker2	PPCC/jug	7	0	base	activation	2ed68267defbc1e1	2ed68267defbc1e1b4a1f83c4695d00d32a01a37752b9db1b25911a530886abf	lerobot_groot_n15	n15	lerobot_groot_n15__robocasa365_ckpt120000		0	Pick the jug from the counter and place it in the cabinet.	robocasa_panda_omron/PickPlaceCounterToCabinet_PandaOmron_Env	100574	1300000	0	1			5		1	all_token_full	groot_n15_dit_block_residual_full_tokens_denoise	["layer","denoise_step","model_token","feature_dim"]	[7,4,49,1536]	[0,2,4,8,10,12,15]	n15_grid_v1b	grid_coord	meta	meta_json	979d4833a7db/worker2/PPCC/jug/s7/n0/base
979d4833a7db	worker2	PPCC/jug	7	1	base	activation	45148cb949fcea6a	45148cb949fcea6ae484b6a374c299b6925efec947697684eac737b65c3855af	lerobot_groot_n15	n15	lerobot_groot_n15__robocasa365_ckpt120000		0	Pick the jug from the counter and place it in the cabinet.	robocasa_panda_omron/PickPlaceCounterToCabinet_PandaOmron_Env	100574	1300001	0	1			5		1	all_token_full	groot_n15_dit_block_residual_full_tokens_denoise	["layer","denoise_step","model_token","feature_dim"]	[7,4,49,1536]	[0,2,4,8,10,12,15]	n15_grid_v1b	grid_coord	meta	meta_json	979d4833a7db/worker2/PPCC/jug/s7/n1/base
979d4833a7db	worker2	PPCC/jug	7	2	base	activation	2bcb5879bc2c8165	2bcb5879bc2c81651f01125adcd5a196b3e89d713d8e5c1486de9d36f2747052	lerobot_groot_n15	n15	lerobot_groot_n15__robocasa365_ckpt120000		0	Pick the jug from the counter and place it in the cabinet.	robocasa_panda_omron/PickPlaceCounterToCabinet_PandaOmron_Env	100574	1300002	0	0			5		1	all_token_full	groot_n15_dit_block_residual_full_tokens_denoise	["layer","denoise_step","model_token","feature_dim"]	[7,4,49,1536]	[0,2,4,8,10,12,15]	n15_grid_v1b	grid_coord	meta	meta_json	979d4833a7db/worker2/PPCC/jug/s7/n2/base
979d4833a7db	worker2	PPCC/jug	7	3	base	activation	8cd69a73844480fe	8cd69a73844480fe9bef5b05f6f106ec7a25cd0719770091cc34a937ca1faa5f	lerobot_groot_n15	n15	lerobot_groot_n15__robocasa365_ckpt120000		0	Pick the jug from the counter and place it in the cabinet.	robocasa_panda_omron/PickPlaceCounterToCabinet_PandaOmron_Env	100574	1300003	0	0			5		1	all_token_full	groot_n15_dit_block_residual_full_tokens_denoise	["layer","denoise_step","model_token","feature_dim"]	[7,4,49,1536]	[0,2,4,8,10,12,15]	n15_grid_v1b	grid_coord	meta	meta_json	979d4833a7db/worker2/PPCC/jug/s7/n3/base
979d4833a7db	worker2	PPCC/jug	7	4	base	activation	dd24e592cc72cd50	dd24e592cc72cd50845886784168c4dd64e7996f9e6e15635aa9ea19f34e76ac	lerobot_groot_n15	n15	lerobot_groot_n15__robocasa365_ckpt120000		0	Pick the jug from the counter and place it in the cabinet.	robocasa_panda_omron/PickPlaceCounterToCabinet_PandaOmron_Env	100574	1300004	0	0			5		1	all_token_full	groot_n15_dit_block_residual_full_tokens_denoise	["layer","denoise_step","model_token","feature_dim"]	[7,4,49,1536]	[0,2,4,8,10,12,15]	n15_grid_v1b	grid_coord	meta	meta_json	979d4833a7db/worker2/PPCC/jug/s7/n4/base
979d4833a7db	worker2	PPCC/jug	7	5	base	activation	20434a9bc63f4b8b	20434a9bc63f4b8b334b29108f430772f18bfbc4df79d3988884ee5530417f99	lerobot_groot_n15	n15	lerobot_groot_n15__robocasa365_ckpt120000		0	Pick the jug from the counter and place it in the cabinet.	robocasa_panda_omron/PickPlaceCounterToCabinet_PandaOmron_Env	100574	1300005	0	0			5		1	all_token_full	groot_n15_dit_block_residual_full_tokens_denoise	["layer","denoise_step","model_token","feature_dim"]	[7,4,49,1536]	[0,2,4,8,10,12,15]	n15_grid_v1b	grid_coord	meta	meta_json	979d4833a7db/worker2/PPCC/jug/s7/n5/base
979d4833a7db	worker2	PPCC/jug	7	6	base	activation	ab7eece178ac3f56	ab7eece178ac3f56f22c13b6f494bfcc3448cd06edd1b44359f344407aa81dc5	lerobot_groot_n15	n15	lerobot_groot_n15__robocasa365_ckpt120000		0	Pick the jug from the counter and place it in the cabinet.	robocasa_panda_omron/PickPlaceCounterToCabinet_PandaOmron_Env	100574	1300006	0	0			5		1	all_token_full	groot_n15_dit_block_residual_full_tokens_denoise	["layer","denoise_step","model_token","feature_dim"]	[7,4,49,1536]	[0,2,4,8,10,12,15]	n15_grid_v1b	grid_coord	meta	meta_json	979d4833a7db/worker2/PPCC/jug/s7/n6/base
979d4833a7db	worker2	PPCC/jug	7	7	base	activation	2d62609745803fac	2d62609745803fac7c0fd3ea9c655d59da02764bcf01314e3994511ef4e1089e	lerobot_groot_n15	n15	lerobot_groot_n15__robocasa365_ckpt120000		0	Pick the jug from the counter and place it in the cabinet.	robocasa_panda_omron/PickPlaceCounterToCabinet_PandaOmron_Env	100574	1300007	0	1			5		1	all_token_full	groot_n15_dit_block_residual_full_tokens_denoise	["layer","denoise_step","model_token","feature_dim"]	[7,4,49,1536]	[0,2,4,8,10,12,15]	n15_grid_v1b	grid_coord	meta	meta_json	979d4833a7db/worker2/PPCC/jug/s7/n7/base
979d4833a7db	worker2	PPCC/jug	7	8	base	activation	b910912136aee68d	b910912136aee68d3bea5387249b44251305d7ee9916073d75b7e05f69f4c152	lerobot_groot_n15	n15	lerobot_groot_n15__robocasa365_ckpt120000		0	Pick the jug from the counter and place it in the cabinet.	robocasa_panda_omron/PickPlaceCounterToCabinet_PandaOmron_Env	100574	1300008	0	0			5		1	all_token_full	groot_n15_dit_block_residual_full_tokens_denoise	["layer","denoise_step","model_token","feature_dim"]	[7,4,49,1536]	[0,2,4,8,10,12,15]	n15_grid_v1b	grid_coord	meta	meta_json	979d4833a7db/worker2/PPCC/jug/s7/n8/base
979d4833a7db	worker2	PPCC/jug	7	9	base	activation	2bb15c4c38399523	2bb15c4c3839952386341fc2a38ab89db53f7a61f3b258fdb111ad3234f79b74	lerobot_groot_n15	n15	lerobot_groot_n15__robocasa365_ckpt120000		0	Pick the jug from the counter and place it in the cabinet.	robocasa_panda_omron/PickPlaceCounterToCabinet_PandaOmron_Env	100574	1300009	0	0			5		1	all_token_full	groot_n15_dit_block_residual_full_tokens_denoise	["layer","denoise_step","model_token","feature_dim"]	[7,4,49,1536]	[0,2,4,8,10,12,15]	n15_grid_v1b	grid_coord	meta	meta_json	979d4833a7db/worker2/PPCC/jug/s7/n9/base
979d4833a7db	worker2	PPCC/jug	8	0	base	activation	adfc3faf6de966e5	adfc3faf6de966e544d25111475d0073db21d57400f961926e40f0d1b00e16be	lerobot_groot_n15	n15	lerobot_groot_n15__robocasa365_ckpt120000		0	Pick the jug from the counter and place it in the cabinet.	robocasa_panda_omron/PickPlaceCounterToCabinet_PandaOmron_Env	100590	1300000	0	0			5		1	all_token_full	groot_n15_dit_block_residual_full_tokens_denoise	["layer","denoise_step","model_token","feature_dim"]	[7,4,49,1536]	[0,2,4,8,10,12,15]	n15_grid_v1b	grid_coord	meta	meta_json	979d4833a7db/worker2/PPCC/jug/s8/n0/base
979d4833a7db	worker2	PPCC/jug	8	1	base	activation	64b72204f37e6422	64b72204f37e64226bd78952eec1162028685f2fe337e4c56116b89c26599ad0	lerobot_groot_n15	n15	lerobot_groot_n15__robocasa365_ckpt120000		0	Pick the jug from the counter and place it in the cabinet.	robocasa_panda_omron/PickPlaceCounterToCabinet_PandaOmron_Env	100590	1300001	0	0			5		1	all_token_full	groot_n15_dit_block_residual_full_tokens_denoise	["layer","denoise_step","model_token","feature_dim"]	[7,4,49,1536]	[0,2,4,8,10,12,15]	n15_grid_v1b	grid_coord	meta	meta_json	979d4833a7db/worker2/PPCC/jug/s8/n1/base
979d4833a7db	worker2	PPCC/jug	8	2	base	activation	7e3652ad6bb83231	7e3652ad6bb83231d616a884b9712115a1021ae29db678e0235b200e075c1e45	lerobot_groot_n15	n15	lerobot_groot_n15__robocasa365_ckpt120000		0	Pick the jug from the counter and place it in the cabinet.	robocasa_panda_omron/PickPlaceCounterToCabinet_PandaOmron_Env	100590	1300002	0	0			5		1	all_token_full	groot_n15_dit_block_residual_full_tokens_denoise	["layer","denoise_step","model_token","feature_dim"]	[7,4,49,1536]	[0,2,4,8,10,12,15]	n15_grid_v1b	grid_coord	meta	meta_json	979d4833a7db/worker2/PPCC/jug/s8/n2/base
979d4833a7db	worker2	PPCC/jug	8	3	base	activation	67d30de5fedb7803	67d30de5fedb78034b8867a1a3fee3ec1ca0ce05ec9a6671acae6a086823976a	lerobot_groot_n15	n15	lerobot_groot_n15__robocasa365_ckpt120000		0	Pick the jug from the counter and place it in the cabinet.	robocasa_panda_omron/PickPlaceCounterToCabinet_PandaOmron_Env	100590	1300003	0	0			5		1	all_token_full	groot_n15_dit_block_residual_full_tokens_denoise	["layer","denoise_step","model_token","feature_dim"]	[7,4,49,1536]	[0,2,4,8,10,12,15]	n15_grid_v1b	grid_coord	meta	meta_json	979d4833a7db/worker2/PPCC/jug/s8/n3/base
979d4833a7db	worker2	PPCC/jug	8	4	base	activation	f7aebc0b8850c491	f7aebc0b8850c49139486c96ef52e76178baf41c05d138d1cfca500337230d6a	lerobot_groot_n15	n15	lerobot_groot_n15__robocasa365_ckpt120000		0	Pick the jug from the counter and place it in the cabinet.	robocasa_panda_omron/PickPlaceCounterToCabinet_PandaOmron_Env	100590	1300004	0	0			5		1	all_token_full	groot_n15_dit_block_residual_full_tokens_denoise	["layer","denoise_step","model_token","feature_dim"]	[7,4,49,1536]	[0,2,4,8,10,12,15]	n15_grid_v1b	grid_coord	meta	meta_json	979d4833a7db/worker2/PPCC/jug/s8/n4/base
979d4833a7db	worker2	PPCC/jug	8	5	base	activation	df965cadf9464bc5	df965cadf9464bc5ae5aba9811b07aba5ef298f8625ba8e282789c6ceda0e30f	lerobot_groot_n15	n15	lerobot_groot_n15__robocasa365_ckpt120000		0	Pick the jug from the counter and place it in the cabinet.	robocasa_panda_omron/PickPlaceCounterToCabinet_PandaOmron_Env	100590	1300005	0	0			5		1	all_token_full	groot_n15_dit_block_residual_full_tokens_denoise	["layer","denoise_step","model_token","feature_dim"]	[7,4,49,1536]	[0,2,4,8,10,12,15]	n15_grid_v1b	grid_coord	meta	meta_json	979d4833a7db/worker2/PPCC/jug/s8/n5/base
979d4833a7db	worker2	PPCC/jug	8	6	base	activation	8845f798a50b5d34	8845f798a50b5d341130662497d65dbadd39202346b0325baf651ada0cd973b3	lerobot_groot_n15	n15	lerobot_groot_n15__robocasa365_ckpt120000		0	Pick the jug from the counter and place it in the cabinet.	robocasa_panda_omron/PickPlaceCounterToCabinet_PandaOmron_Env	100590	1300006	0	0			5		1	all_token_full	groot_n15_dit_block_residual_full_tokens_denoise	["layer","denoise_step","model_token","feature_dim"]	[7,4,49,1536]	[0,2,4,8,10,12,15]	n15_grid_v1b	grid_coord	meta	meta_json	979d4833a7db/worker2/PPCC/jug/s8/n6/base
979d4833a7db	worker2	PPCC/jug	8	7	base	activation	6e20dbc23279c905	6e20dbc23279c90518a8d09d4f6806d771e0fbb099e0496ae179630032d55c47	lerobot_groot_n15	n15	lerobot_groot_n15__robocasa365_ckpt120000		0	Pick the jug from the counter and place it in the cabinet.	robocasa_panda_omron/PickPlaceCounterToCabinet_PandaOmron_Env	100590	1300007	0	0			5		1	all_token_full	groot_n15_dit_block_residual_full_tokens_denoise	["layer","denoise_step","model_token","feature_dim"]	[7,4,49,1536]	[0,2,4,8,10,12,15]	n15_grid_v1b	grid_coord	meta	meta_json	979d4833a7db/worker2/PPCC/jug/s8/n7/base
979d4833a7db	worker2	PPCC/jug	8	8	base	activation	a690fcdb1299a14b	a690fcdb1299a14b5fcecb8b730d7e2ef4d16796b0d706f411054ca3c45ed431	lerobot_groot_n15	n15	lerobot_groot_n15__robocasa365_ckpt120000		0	Pick the jug from the counter and place it in the cabinet.	robocasa_panda_omron/PickPlaceCounterToCabinet_PandaOmron_Env	100590	1300008	0	0			5		1	all_token_full	groot_n15_dit_block_residual_full_tokens_denoise	["layer","denoise_step","model_token","feature_dim"]	[7,4,49,1536]	[0,2,4,8,10,12,15]	n15_grid_v1b	grid_coord	meta	meta_json	979d4833a7db/worker2/PPCC/jug/s8/n8/base
979d4833a7db	worker2	PPCC/jug	8	9	base	activation	29e4d45287acf21d	29e4d45287acf21d9d4eb24120a5730a33125a3de3567fa815d740a05e1a2bce	lerobot_groot_n15	n15	lerobot_groot_n15__robocasa365_ckpt120000		0	Pick the jug from the counter and place it in the cabinet.	robocasa_panda_omron/PickPlaceCounterToCabinet_PandaOmron_Env	100590	1300009	0	0			5		1	all_token_full	groot_n15_dit_block_residual_full_tokens_denoise	["layer","denoise_step","model_token","feature_dim"]	[7,4,49,1536]	[0,2,4,8,10,12,15]	n15_grid_v1b	grid_coord	meta	meta_json	979d4833a7db/worker2/PPCC/jug/s8/n9/base
979d4833a7db	worker2	PPCC/jug	9	0	base	activation	2044f296965f3454	2044f296965f34545c46a529d324a89227992884816af1969f9da4dd314476f6	lerobot_groot_n15	n15	lerobot_groot_n15__robocasa365_ckpt120000		0	Pick the jug from the counter and place it in the cabinet.	robocasa_panda_omron/PickPlaceCounterToCabinet_PandaOmron_Env	100591	1300000	0	0			5		1	all_token_full	groot_n15_dit_block_residual_full_tokens_denoise	["layer","denoise_step","model_token","feature_dim"]	[7,4,49,1536]	[0,2,4,8,10,12,15]	n15_grid_v1b	grid_coord	meta	meta_json	979d4833a7db/worker2/PPCC/jug/s9/n0/base
979d4833a7db	worker2	PPCC/jug	9	1	base	activation	92beb579ebdd0fd7	92beb579ebdd0fd72a093a5f3068b18b800cdf3fb18a10cd40c4d96b64fa9680	lerobot_groot_n15	n15	lerobot_groot_n15__robocasa365_ckpt120000		0	Pick the jug from the counter and place it in the cabinet.	robocasa_panda_omron/PickPlaceCounterToCabinet_PandaOmron_Env	100591	1300001	0	0			5		1	all_token_full	groot_n15_dit_block_residual_full_tokens_denoise	["layer","denoise_step","model_token","feature_dim"]	[7,4,49,1536]	[0,2,4,8,10,12,15]	n15_grid_v1b	grid_coord	meta	meta_json	979d4833a7db/worker2/PPCC/jug/s9/n1/base
979d4833a7db	worker2	PPCC/jug	9	2	base	activation	7638beea857c9a56	7638beea857c9a560846ac722e4d32e8dba4b29147a788f6bf6e6cf8508e9ccc	lerobot_groot_n15	n15	lerobot_groot_n15__robocasa365_ckpt120000		0	Pick the jug from the counter and place it in the cabinet.	robocasa_panda_omron/PickPlaceCounterToCabinet_PandaOmron_Env	100591	1300002	0	0			5		1	all_token_full	groot_n15_dit_block_residual_full_tokens_denoise	["layer","denoise_step","model_token","feature_dim"]	[7,4,49,1536]	[0,2,4,8,10,12,15]	n15_grid_v1b	grid_coord	meta	meta_json	979d4833a7db/worker2/PPCC/jug/s9/n2/base
979d4833a7db	worker2	PPCC/jug	9	3	base	activation	cbc19ea5df33d282	cbc19ea5df33d282911e4c665131bf52de126cf6420e64514116a30dc2fc862e	lerobot_groot_n15	n15	lerobot_groot_n15__robocasa365_ckpt120000		0	Pick the jug from the counter and place it in the cabinet.	robocasa_panda_omron/PickPlaceCounterToCabinet_PandaOmron_Env	100591	1300003	0	0			5		1	all_token_full	groot_n15_dit_block_residual_full_tokens_denoise	["layer","denoise_step","model_token","feature_dim"]	[7,4,49,1536]	[0,2,4,8,10,12,15]	n15_grid_v1b	grid_coord	meta	meta_json	979d4833a7db/worker2/PPCC/jug/s9/n3/base
979d4833a7db	worker2	PPCC/jug	9	4	base	activation	cb2e07337d0ecfaa	cb2e07337d0ecfaae0de904a4b49105d248ff1c200d514cd32a8153910b8499d	lerobot_groot_n15	n15	lerobot_groot_n15__robocasa365_ckpt120000		0	Pick the jug from the counter and place it in the cabinet.	robocasa_panda_omron/PickPlaceCounterToCabinet_PandaOmron_Env	100591	1300004	0	0			5		1	all_token_full	groot_n15_dit_block_residual_full_tokens_denoise	["layer","denoise_step","model_token","feature_dim"]	[7,4,49,1536]	[0,2,4,8,10,12,15]	n15_grid_v1b	grid_coord	meta	meta_json	979d4833a7db/worker2/PPCC/jug/s9/n4/base
979d4833a7db	worker2	PPCC/jug	9	5	base	activation	4fed504a29f3104c	4fed504a29f3104c83ac203d923cbd15a6ac313d9c504e65a3c01e741d8fc4aa	lerobot_groot_n15	n15	lerobot_groot_n15__robocasa365_ckpt120000		0	Pick the jug from the counter and place it in the cabinet.	robocasa_panda_omron/PickPlaceCounterToCabinet_PandaOmron_Env	100591	1300005	0	0			5		1	all_token_full	groot_n15_dit_block_residual_full_tokens_denoise	["layer","denoise_step","model_token","feature_dim"]	[7,4,49,1536]	[0,2,4,8,10,12,15]	n15_grid_v1b	grid_coord	meta	meta_json	979d4833a7db/worker2/PPCC/jug/s9/n5/base
979d4833a7db	worker2	PPCC/jug	9	6	base	activation	736b8a2cfe0d2688	736b8a2cfe0d2688edfcbae6e5f7804f9abf94cf7fab1c039ae55b46319ebe6f	lerobot_groot_n15	n15	lerobot_groot_n15__robocasa365_ckpt120000		0	Pick the jug from the counter and place it in the cabinet.	robocasa_panda_omron/PickPlaceCounterToCabinet_PandaOmron_Env	100591	1300006	0	0			5		1	all_token_full	groot_n15_dit_block_residual_full_tokens_denoise	["layer","denoise_step","model_token","feature_dim"]	[7,4,49,1536]	[0,2,4,8,10,12,15]	n15_grid_v1b	grid_coord	meta	meta_json	979d4833a7db/worker2/PPCC/jug/s9/n6/base
979d4833a7db	worker2	PPCC/jug	9	7	base	activation	7f1f095e2b49ee65	7f1f095e2b49ee65516046eba6e6fba8e895927eb5bb8b172634ef842e6841a2	lerobot_groot_n15	n15	lerobot_groot_n15__robocasa365_ckpt120000		0	Pick the jug from the counter and place it in the cabinet.	robocasa_panda_omron/PickPlaceCounterToCabinet_PandaOmron_Env	100591	1300007	0	0			5		1	all_token_full	groot_n15_dit_block_residual_full_tokens_denoise	["layer","denoise_step","model_token","feature_dim"]	[7,4,49,1536]	[0,2,4,8,10,12,15]	n15_grid_v1b	grid_coord	meta	meta_json	979d4833a7db/worker2/PPCC/jug/s9/n7/base
979d4833a7db	worker2	PPCC/jug	9	8	base	activation	a6dc69572a5eab6c	a6dc69572a5eab6c0739caf3d52f64dc776648053a86bf435db6dfbd76007a8e	lerobot_groot_n15	n15	lerobot_groot_n15__robocasa365_ckpt120000		0	Pick the jug from the counter and place it in the cabinet.	robocasa_panda_omron/PickPlaceCounterToCabinet_PandaOmron_Env	100591	1300008	0	1			5		1	all_token_full	groot_n15_dit_block_residual_full_tokens_denoise	["layer","denoise_step","model_token","feature_dim"]	[7,4,49,1536]	[0,2,4,8,10,12,15]	n15_grid_v1b	grid_coord	meta	meta_json	979d4833a7db/worker2/PPCC/jug/s9/n8/base
979d4833a7db	worker2	PPCC/jug	9	9	base	activation	b9aee5dd05034af2	b9aee5dd05034af22cad28098f861b4a92913dec9f6fb3151dcaeb83d7bd7e4f	lerobot_groot_n15	n15	lerobot_groot_n15__robocasa365_ckpt120000		0	Pick the jug from the counter and place it in the cabinet.	robocasa_panda_omron/PickPlaceCounterToCabinet_PandaOmron_Env	100591	1300009	0	0			5		1	all_token_full	groot_n15_dit_block_residual_full_tokens_denoise	["layer","denoise_step","model_token","feature_dim"]	[7,4,49,1536]	[0,2,4,8,10,12,15]	n15_grid_v1b	grid_coord	meta	meta_json	979d4833a7db/worker2/PPCC/jug/s9/n9/base
b8054b5e7258	dongkyu-MS-7D43	OvenRack/out	0	0	base	activation	5ca730564b08fc51	5ca730564b08fc514615e2b60b1e887030c5324056330af4879e5a92094e180f	lerobot_groot_n15	n15	lerobot_groot_n15__robocasa365_ckpt120000		0	Fully slide the oven rack out.	robocasa_panda_omron/SlideOvenRack_PandaOmron_Env	100006	1300000	0	1			5		1	all_token_full	groot_n15_dit_block_residual_full_tokens_denoise	["layer","denoise_step","model_token","feature_dim"]	[7,4,49,1536]	[0,2,4,8,10,12,15]	n15_grid_v1	grid_coord	meta	meta_json	b8054b5e7258/dongkyu-MS-7D43/OvenRack/out/s0/n0/base
b8054b5e7258	dongkyu-MS-7D43	OvenRack/out	0	1	base	activation	6d12abe4805a9e56	6d12abe4805a9e56316b8fa4f600e637055dc01ee6daa0cc404642509f71f515	lerobot_groot_n15	n15	lerobot_groot_n15__robocasa365_ckpt120000		0	Fully slide the oven rack out.	robocasa_panda_omron/SlideOvenRack_PandaOmron_Env	100006	1300001	0	1			5		1	all_token_full	groot_n15_dit_block_residual_full_tokens_denoise	["layer","denoise_step","model_token","feature_dim"]	[7,4,49,1536]	[0,2,4,8,10,12,15]	n15_grid_v1	grid_coord	meta	meta_json	b8054b5e7258/dongkyu-MS-7D43/OvenRack/out/s0/n1/base
b8054b5e7258	dongkyu-MS-7D43	OvenRack/out	0	2	base	activation	a5a0e11576885d81	a5a0e11576885d81f7fac1b805bc2fd0044582f4a763c698ca7cd63ffc39423c	lerobot_groot_n15	n15	lerobot_groot_n15__robocasa365_ckpt120000		0	Fully slide the oven rack out.	robocasa_panda_omron/SlideOvenRack_PandaOmron_Env	100006	1300002	0	1			5		1	all_token_full	groot_n15_dit_block_residual_full_tokens_denoise	["layer","denoise_step","model_token","feature_dim"]	[7,4,49,1536]	[0,2,4,8,10,12,15]	n15_grid_v1	grid_coord	meta	meta_json	b8054b5e7258/dongkyu-MS-7D43/OvenRack/out/s0/n2/base
b8054b5e7258	dongkyu-MS-7D43	OvenRack/out	0	3	base	activation	22fb8e833197eafe	22fb8e833197eafe4d61645ac3b04f1f399baa67fef88dc51d5a337d91eaeb2e	lerobot_groot_n15	n15	lerobot_groot_n15__robocasa365_ckpt120000		0	Fully slide the oven rack out.	robocasa_panda_omron/SlideOvenRack_PandaOmron_Env	100006	1300003	0	1			5		1	all_token_full	groot_n15_dit_block_residual_full_tokens_denoise	["layer","denoise_step","model_token","feature_dim"]	[7,4,49,1536]	[0,2,4,8,10,12,15]	n15_grid_v1	grid_coord	meta	meta_json	b8054b5e7258/dongkyu-MS-7D43/OvenRack/out/s0/n3/base
b8054b5e7258	dongkyu-MS-7D43	OvenRack/out	0	4	base	activation	2515dbedeb654c38	2515dbedeb654c38cc5de6de574b46aa0de075c9ac1055a6165d5c5e8155ac62	lerobot_groot_n15	n15	lerobot_groot_n15__robocasa365_ckpt120000		0	Fully slide the oven rack out.	robocasa_panda_omron/SlideOvenRack_PandaOmron_Env	100006	1300004	0	1			5		1	all_token_full	groot_n15_dit_block_residual_full_tokens_denoise	["layer","denoise_step","model_token","feature_dim"]	[7,4,49,1536]	[0,2,4,8,10,12,15]	n15_grid_v1	grid_coord	meta	meta_json	b8054b5e7258/dongkyu-MS-7D43/OvenRack/out/s0/n4/base
b8054b5e7258	dongkyu-MS-7D43	OvenRack/out	0	5	base	activation	2f443698fa74a159	2f443698fa74a159493143368856d47955b8e30363c750acfb4ceaeb3ccce684	lerobot_groot_n15	n15	lerobot_groot_n15__robocasa365_ckpt120000		0	Fully slide the oven rack out.	robocasa_panda_omron/SlideOvenRack_PandaOmron_Env	100006	1300005	0	1			5		1	all_token_full	groot_n15_dit_block_residual_full_tokens_denoise	["layer","denoise_step","model_token","feature_dim"]	[7,4,49,1536]	[0,2,4,8,10,12,15]	n15_grid_v1	grid_coord	meta	meta_json	b8054b5e7258/dongkyu-MS-7D43/OvenRack/out/s0/n5/base
b8054b5e7258	dongkyu-MS-7D43	OvenRack/out	0	6	base	activation	2e914d34df13a687	2e914d34df13a687d118d70d8e9940f55fae9c1ddee4a7baf2ba4e2d956ca0a2	lerobot_groot_n15	n15	lerobot_groot_n15__robocasa365_ckpt120000		0	Fully slide the oven rack out.	robocasa_panda_omron/SlideOvenRack_PandaOmron_Env	100006	1300006	0	1			5		1	all_token_full	groot_n15_dit_block_residual_full_tokens_denoise	["layer","denoise_step","model_token","feature_dim"]	[7,4,49,1536]	[0,2,4,8,10,12,15]	n15_grid_v1	grid_coord	meta	meta_json	b8054b5e7258/dongkyu-MS-7D43/OvenRack/out/s0/n6/base
b8054b5e7258	dongkyu-MS-7D43	OvenRack/out	0	7	base	activation	c65d4bdec9d0802b	c65d4bdec9d0802b183c1c564d58714fac3bde3b64296d1990656a9165cadf98	lerobot_groot_n15	n15	lerobot_groot_n15__robocasa365_ckpt120000		0	Fully slide the oven rack out.	robocasa_panda_omron/SlideOvenRack_PandaOmron_Env	100006	1300007	0	1			5		1	all_token_full	groot_n15_dit_block_residual_full_tokens_denoise	["layer","denoise_step","model_token","feature_dim"]	[7,4,49,1536]	[0,2,4,8,10,12,15]	n15_grid_v1	grid_coord	meta	meta_json	b8054b5e7258/dongkyu-MS-7D43/OvenRack/out/s0/n7/base
b8054b5e7258	dongkyu-MS-7D43	OvenRack/out	0	8	base	activation	b357cdf9a0fce5cf	b357cdf9a0fce5cf3a243414ac8cf8aa5d2b279a69086ad854ed072ddce7d9dd	lerobot_groot_n15	n15	lerobot_groot_n15__robocasa365_ckpt120000		0	Fully slide the oven rack out.	robocasa_panda_omron/SlideOvenRack_PandaOmron_Env	100006	1300008	0	1			5		1	all_token_full	groot_n15_dit_block_residual_full_tokens_denoise	["layer","denoise_step","model_token","feature_dim"]	[7,4,49,1536]	[0,2,4,8,10,12,15]	n15_grid_v1	grid_coord	meta	meta_json	b8054b5e7258/dongkyu-MS-7D43/OvenRack/out/s0/n8/base
b8054b5e7258	dongkyu-MS-7D43	OvenRack/out	0	9	base	activation	812571484d2cb6a3	812571484d2cb6a300e6f994569b3431899c849fce0391377d8837c4553d2e40	lerobot_groot_n15	n15	lerobot_groot_n15__robocasa365_ckpt120000		0	Fully slide the oven rack out.	robocasa_panda_omron/SlideOvenRack_PandaOmron_Env	100006	1300009	0	1			5		1	all_token_full	groot_n15_dit_block_residual_full_tokens_denoise	["layer","denoise_step","model_token","feature_dim"]	[7,4,49,1536]	[0,2,4,8,10,12,15]	n15_grid_v1	grid_coord	meta	meta_json	b8054b5e7258/dongkyu-MS-7D43/OvenRack/out/s0/n9/base
b8054b5e7258	dongkyu-MS-7D43	OvenRack/out	1	0	base	activation	339931e5b8771829	339931e5b8771829d2b8ce5c2220f8ceaddfc4aafa8575c4546ef7587c04a066	lerobot_groot_n15	n15	lerobot_groot_n15__robocasa365_ckpt120000		0	Fully slide the oven rack out.	robocasa_panda_omron/SlideOvenRack_PandaOmron_Env	100014	1300000	0	1			5		1	all_token_full	groot_n15_dit_block_residual_full_tokens_denoise	["layer","denoise_step","model_token","feature_dim"]	[7,4,49,1536]	[0,2,4,8,10,12,15]	n15_grid_v1	grid_coord	meta	meta_json	b8054b5e7258/dongkyu-MS-7D43/OvenRack/out/s1/n0/base
b8054b5e7258	dongkyu-MS-7D43	OvenRack/out	1	1	base	activation	6a70e95037fc79d3	6a70e95037fc79d3e2a68e7f6ca779b53576d9c83875e64fdb2060d7bb803603	lerobot_groot_n15	n15	lerobot_groot_n15__robocasa365_ckpt120000		0	Fully slide the oven rack out.	robocasa_panda_omron/SlideOvenRack_PandaOmron_Env	100014	1300001	0	1			5		1	all_token_full	groot_n15_dit_block_residual_full_tokens_denoise	["layer","denoise_step","model_token","feature_dim"]	[7,4,49,1536]	[0,2,4,8,10,12,15]	n15_grid_v1	grid_coord	meta	meta_json	b8054b5e7258/dongkyu-MS-7D43/OvenRack/out/s1/n1/base
b8054b5e7258	dongkyu-MS-7D43	OvenRack/out	1	2	base	activation	886a6e73f130c714	886a6e73f130c7148708417d9b06a906e4cd543b6ada73e681f7de2f611f7e94	lerobot_groot_n15	n15	lerobot_groot_n15__robocasa365_ckpt120000		0	Fully slide the oven rack out.	robocasa_panda_omron/SlideOvenRack_PandaOmron_Env	100014	1300002	0	1			5		1	all_token_full	groot_n15_dit_block_residual_full_tokens_denoise	["layer","denoise_step","model_token","feature_dim"]	[7,4,49,1536]	[0,2,4,8,10,12,15]	n15_grid_v1	grid_coord	meta	meta_json	b8054b5e7258/dongkyu-MS-7D43/OvenRack/out/s1/n2/base
b8054b5e7258	dongkyu-MS-7D43	OvenRack/out	1	3	base	activation	b693944695a71bb0	b693944695a71bb03c15e6fcd2f75d7210da9ec5bb64d2b146091156e4914f73	lerobot_groot_n15	n15	lerobot_groot_n15__robocasa365_ckpt120000		0	Fully slide the oven rack out.	robocasa_panda_omron/SlideOvenRack_PandaOmron_Env	100014	1300003	0	1			5		1	all_token_full	groot_n15_dit_block_residual_full_tokens_denoise	["layer","denoise_step","model_token","feature_dim"]	[7,4,49,1536]	[0,2,4,8,10,12,15]	n15_grid_v1	grid_coord	meta	meta_json	b8054b5e7258/dongkyu-MS-7D43/OvenRack/out/s1/n3/base
b8054b5e7258	dongkyu-MS-7D43	OvenRack/out	1	4	base	activation	4c384bd3adf6ba82	4c384bd3adf6ba82cb3e5786f942a09ed04cb2247c30ed0c7b521e3ff8950bb8	lerobot_groot_n15	n15	lerobot_groot_n15__robocasa365_ckpt120000		0	Fully slide the oven rack out.	robocasa_panda_omron/SlideOvenRack_PandaOmron_Env	100014	1300004	0	1			5		1	all_token_full	groot_n15_dit_block_residual_full_tokens_denoise	["layer","denoise_step","model_token","feature_dim"]	[7,4,49,1536]	[0,2,4,8,10,12,15]	n15_grid_v1	grid_coord	meta	meta_json	b8054b5e7258/dongkyu-MS-7D43/OvenRack/out/s1/n4/base
b8054b5e7258	dongkyu-MS-7D43	OvenRack/out	1	5	base	activation	f0170bf0bd4d4bf0	f0170bf0bd4d4bf007c5efe16315f94e9126f11ca166cb93a68cd9da781510ac	lerobot_groot_n15	n15	lerobot_groot_n15__robocasa365_ckpt120000		0	Fully slide the oven rack out.	robocasa_panda_omron/SlideOvenRack_PandaOmron_Env	100014	1300005	0	0			5		1	all_token_full	groot_n15_dit_block_residual_full_tokens_denoise	["layer","denoise_step","model_token","feature_dim"]	[7,4,49,1536]	[0,2,4,8,10,12,15]	n15_grid_v1	grid_coord	meta	meta_json	b8054b5e7258/dongkyu-MS-7D43/OvenRack/out/s1/n5/base
b8054b5e7258	dongkyu-MS-7D43	OvenRack/out	1	6	base	activation	003f7bbeb1a503a6	003f7bbeb1a503a6fa5837c4e9f38826ab16f3c4c7513c4e85cdf0bb982d1fb1	lerobot_groot_n15	n15	lerobot_groot_n15__robocasa365_ckpt120000		0	Fully slide the oven rack out.	robocasa_panda_omron/SlideOvenRack_PandaOmron_Env	100014	1300006	0	1			5		1	all_token_full	groot_n15_dit_block_residual_full_tokens_denoise	["layer","denoise_step","model_token","feature_dim"]	[7,4,49,1536]	[0,2,4,8,10,12,15]	n15_grid_v1	grid_coord	meta	meta_json	b8054b5e7258/dongkyu-MS-7D43/OvenRack/out/s1/n6/base
b8054b5e7258	dongkyu-MS-7D43	OvenRack/out	1	7	base	activation	0598ca3e963e29b5	0598ca3e963e29b594ce43a1e72473ab452a37308f2138f5d62ed055ac5761b8	lerobot_groot_n15	n15	lerobot_groot_n15__robocasa365_ckpt120000		0	Fully slide the oven rack out.	robocasa_panda_omron/SlideOvenRack_PandaOmron_Env	100014	1300007	0	0			5		1	all_token_full	groot_n15_dit_block_residual_full_tokens_denoise	["layer","denoise_step","model_token","feature_dim"]	[7,4,49,1536]	[0,2,4,8,10,12,15]	n15_grid_v1	grid_coord	meta	meta_json	b8054b5e7258/dongkyu-MS-7D43/OvenRack/out/s1/n7/base
b8054b5e7258	dongkyu-MS-7D43	OvenRack/out	1	8	base	activation	f9e06176f212dc38	f9e06176f212dc38d771fb94a80f2031e49b41de38bc2d6c44857465a18c0b71	lerobot_groot_n15	n15	lerobot_groot_n15__robocasa365_ckpt120000		0	Fully slide the oven rack out.	robocasa_panda_omron/SlideOvenRack_PandaOmron_Env	100014	1300008	0	0			5		1	all_token_full	groot_n15_dit_block_residual_full_tokens_denoise	["layer","denoise_step","model_token","feature_dim"]	[7,4,49,1536]	[0,2,4,8,10,12,15]	n15_grid_v1	grid_coord	meta	meta_json	b8054b5e7258/dongkyu-MS-7D43/OvenRack/out/s1/n8/base
b8054b5e7258	dongkyu-MS-7D43	OvenRack/out	1	9	base	activation	a20a228222383e7c	a20a228222383e7c05a49db86792586c1a16b580f66428daa9bef0dc86ecb59b	lerobot_groot_n15	n15	lerobot_groot_n15__robocasa365_ckpt120000		0	Fully slide the oven rack out.	robocasa_panda_omron/SlideOvenRack_PandaOmron_Env	100014	1300009	0	0			5		1	all_token_full	groot_n15_dit_block_residual_full_tokens_denoise	["layer","denoise_step","model_token","feature_dim"]	[7,4,49,1536]	[0,2,4,8,10,12,15]	n15_grid_v1	grid_coord	meta	meta_json	b8054b5e7258/dongkyu-MS-7D43/OvenRack/out/s1/n9/base
b8054b5e7258	dongkyu-MS-7D43	OvenRack/out	2	0	base	activation	6f9037d3bb2c8b3a	6f9037d3bb2c8b3a5b801d14cbda61fdd41ff0ca04620a4c1816f50733f6fb2d	lerobot_groot_n15	n15	lerobot_groot_n15__robocasa365_ckpt120000		0	Fully slide the oven rack out.	robocasa_panda_omron/SlideOvenRack_PandaOmron_Env	100016	1300000	0	1			5		1	all_token_full	groot_n15_dit_block_residual_full_tokens_denoise	["layer","denoise_step","model_token","feature_dim"]	[7,4,49,1536]	[0,2,4,8,10,12,15]	n15_grid_v1	grid_coord	meta	meta_json	b8054b5e7258/dongkyu-MS-7D43/OvenRack/out/s2/n0/base
b8054b5e7258	dongkyu-MS-7D43	OvenRack/out	2	1	base	activation	91ac4bebc2b878b3	91ac4bebc2b878b34a247082b8ba4e35c931177e93a431c4ccd395dd2bf0fa88	lerobot_groot_n15	n15	lerobot_groot_n15__robocasa365_ckpt120000		0	Fully slide the oven rack out.	robocasa_panda_omron/SlideOvenRack_PandaOmron_Env	100016	1300001	0	1			5		1	all_token_full	groot_n15_dit_block_residual_full_tokens_denoise	["layer","denoise_step","model_token","feature_dim"]	[7,4,49,1536]	[0,2,4,8,10,12,15]	n15_grid_v1	grid_coord	meta	meta_json	b8054b5e7258/dongkyu-MS-7D43/OvenRack/out/s2/n1/base
b8054b5e7258	dongkyu-MS-7D43	OvenRack/out	2	2	base	activation	b35cea0b5e67c7ac	b35cea0b5e67c7ac9aa0766490cd69893f4e2e8d80e0be16bfcfd3c3871c6eff	lerobot_groot_n15	n15	lerobot_groot_n15__robocasa365_ckpt120000		0	Fully slide the oven rack out.	robocasa_panda_omron/SlideOvenRack_PandaOmron_Env	100016	1300002	0	1			5		1	all_token_full	groot_n15_dit_block_residual_full_tokens_denoise	["layer","denoise_step","model_token","feature_dim"]	[7,4,49,1536]	[0,2,4,8,10,12,15]	n15_grid_v1	grid_coord	meta	meta_json	b8054b5e7258/dongkyu-MS-7D43/OvenRack/out/s2/n2/base
b8054b5e7258	dongkyu-MS-7D43	OvenRack/out	2	3	base	activation	2328c9c325fe1696	2328c9c325fe169644d98e5371ce0d3e601bc11346ccd85ea7c702758eba8262	lerobot_groot_n15	n15	lerobot_groot_n15__robocasa365_ckpt120000		0	Fully slide the oven rack out.	robocasa_panda_omron/SlideOvenRack_PandaOmron_Env	100016	1300003	0	1			5		1	all_token_full	groot_n15_dit_block_residual_full_tokens_denoise	["layer","denoise_step","model_token","feature_dim"]	[7,4,49,1536]	[0,2,4,8,10,12,15]	n15_grid_v1	grid_coord	meta	meta_json	b8054b5e7258/dongkyu-MS-7D43/OvenRack/out/s2/n3/base
b8054b5e7258	dongkyu-MS-7D43	OvenRack/out	2	4	base	activation	92f380335bfb4fc3	92f380335bfb4fc31e3cadde98f7ee9f9c95fe806410b47aaa20494e7acd2cb8	lerobot_groot_n15	n15	lerobot_groot_n15__robocasa365_ckpt120000		0	Fully slide the oven rack out.	robocasa_panda_omron/SlideOvenRack_PandaOmron_Env	100016	1300004	0	1			5		1	all_token_full	groot_n15_dit_block_residual_full_tokens_denoise	["layer","denoise_step","model_token","feature_dim"]	[7,4,49,1536]	[0,2,4,8,10,12,15]	n15_grid_v1	grid_coord	meta	meta_json	b8054b5e7258/dongkyu-MS-7D43/OvenRack/out/s2/n4/base
b8054b5e7258	dongkyu-MS-7D43	OvenRack/out	2	5	base	activation	ca0b026f1948228b	ca0b026f1948228b36eb3cef77ba947792e4e50c0207c8e1de7d7c14a3c05914	lerobot_groot_n15	n15	lerobot_groot_n15__robocasa365_ckpt120000		0	Fully slide the oven rack out.	robocasa_panda_omron/SlideOvenRack_PandaOmron_Env	100016	1300005	0	0			5		1	all_token_full	groot_n15_dit_block_residual_full_tokens_denoise	["layer","denoise_step","model_token","feature_dim"]	[7,4,49,1536]	[0,2,4,8,10,12,15]	n15_grid_v1	grid_coord	meta	meta_json	b8054b5e7258/dongkyu-MS-7D43/OvenRack/out/s2/n5/base
b8054b5e7258	dongkyu-MS-7D43	OvenRack/out	2	6	base	activation	262d24dd23ca13d4	262d24dd23ca13d49a0b205c10df3622853958bf0350beef8f89ace99373164e	lerobot_groot_n15	n15	lerobot_groot_n15__robocasa365_ckpt120000		0	Fully slide the oven rack out.	robocasa_panda_omron/SlideOvenRack_PandaOmron_Env	100016	1300006	0	0			5		1	all_token_full	groot_n15_dit_block_residual_full_tokens_denoise	["layer","denoise_step","model_token","feature_dim"]	[7,4,49,1536]	[0,2,4,8,10,12,15]	n15_grid_v1	grid_coord	meta	meta_json	b8054b5e7258/dongkyu-MS-7D43/OvenRack/out/s2/n6/base
b8054b5e7258	dongkyu-MS-7D43	OvenRack/out	2	7	base	activation	ebdd32cb6c2ddc9f	ebdd32cb6c2ddc9f54763b68d8bda3cbf50f483221801ddf6793aca39c5e2fa3	lerobot_groot_n15	n15	lerobot_groot_n15__robocasa365_ckpt120000		0	Fully slide the oven rack out.	robocasa_panda_omron/SlideOvenRack_PandaOmron_Env	100016	1300007	0	0			5		1	all_token_full	groot_n15_dit_block_residual_full_tokens_denoise	["layer","denoise_step","model_token","feature_dim"]	[7,4,49,1536]	[0,2,4,8,10,12,15]	n15_grid_v1	grid_coord	meta	meta_json	b8054b5e7258/dongkyu-MS-7D43/OvenRack/out/s2/n7/base
b8054b5e7258	dongkyu-MS-7D43	OvenRack/out	2	8	base	activation	9595cc91777faa46	9595cc91777faa46ccc61ca589b92eb2111e0aa11b7a360ccd0f1155d089cf7c	lerobot_groot_n15	n15	lerobot_groot_n15__robocasa365_ckpt120000		0	Fully slide the oven rack out.	robocasa_panda_omron/SlideOvenRack_PandaOmron_Env	100016	1300008	0	0			5		1	all_token_full	groot_n15_dit_block_residual_full_tokens_denoise	["layer","denoise_step","model_token","feature_dim"]	[7,4,49,1536]	[0,2,4,8,10,12,15]	n15_grid_v1	grid_coord	meta	meta_json	b8054b5e7258/dongkyu-MS-7D43/OvenRack/out/s2/n8/base
b8054b5e7258	dongkyu-MS-7D43	OvenRack/out	2	9	base	activation	3e5625f8dbdeb07a	3e5625f8dbdeb07a587d0c7e31de854f2a9f633e00ea96eec0eb9ad4c4302977	lerobot_groot_n15	n15	lerobot_groot_n15__robocasa365_ckpt120000		0	Fully slide the oven rack out.	robocasa_panda_omron/SlideOvenRack_PandaOmron_Env	100016	1300009	0	0			5		1	all_token_full	groot_n15_dit_block_residual_full_tokens_denoise	["layer","denoise_step","model_token","feature_dim"]	[7,4,49,1536]	[0,2,4,8,10,12,15]	n15_grid_v1	grid_coord	meta	meta_json	b8054b5e7258/dongkyu-MS-7D43/OvenRack/out/s2/n9/base
b8054b5e7258	dongkyu-MS-7D43	OvenRack/out	3	0	base	activation	64eba3f642b0cd37	64eba3f642b0cd37803844ce8820680c4d8cdd01bcbb53b4b9ffdfd181ad0205	lerobot_groot_n15	n15	lerobot_groot_n15__robocasa365_ckpt120000		0	Fully slide the oven rack out.	robocasa_panda_omron/SlideOvenRack_PandaOmron_Env	100017	1300000	0	1			5		1	all_token_full	groot_n15_dit_block_residual_full_tokens_denoise	["layer","denoise_step","model_token","feature_dim"]	[7,4,49,1536]	[0,2,4,8,10,12,15]	n15_grid_v1	grid_coord	meta	meta_json	b8054b5e7258/dongkyu-MS-7D43/OvenRack/out/s3/n0/base
b8054b5e7258	dongkyu-MS-7D43	OvenRack/out	3	1	base	activation	0926267d3d868488	0926267d3d868488abc9b3c381bff0f11e8c550dc6d92c1983d668faeefbd3c2	lerobot_groot_n15	n15	lerobot_groot_n15__robocasa365_ckpt120000		0	Fully slide the oven rack out.	robocasa_panda_omron/SlideOvenRack_PandaOmron_Env	100017	1300001	0	1			5		1	all_token_full	groot_n15_dit_block_residual_full_tokens_denoise	["layer","denoise_step","model_token","feature_dim"]	[7,4,49,1536]	[0,2,4,8,10,12,15]	n15_grid_v1	grid_coord	meta	meta_json	b8054b5e7258/dongkyu-MS-7D43/OvenRack/out/s3/n1/base
b8054b5e7258	dongkyu-MS-7D43	OvenRack/out	3	2	base	activation	e755c6e990517349	e755c6e990517349732716345c2dbc61f9da1ad01eb12c0edcf756900d858971	lerobot_groot_n15	n15	lerobot_groot_n15__robocasa365_ckpt120000		0	Fully slide the oven rack out.	robocasa_panda_omron/SlideOvenRack_PandaOmron_Env	100017	1300002	0	1			5		1	all_token_full	groot_n15_dit_block_residual_full_tokens_denoise	["layer","denoise_step","model_token","feature_dim"]	[7,4,49,1536]	[0,2,4,8,10,12,15]	n15_grid_v1	grid_coord	meta	meta_json	b8054b5e7258/dongkyu-MS-7D43/OvenRack/out/s3/n2/base
b8054b5e7258	dongkyu-MS-7D43	OvenRack/out	3	3	base	activation	e30ec547ebb46fb1	e30ec547ebb46fb1c4678a59b34ad5217f483af46ec057fef238fb7d4b4b629a	lerobot_groot_n15	n15	lerobot_groot_n15__robocasa365_ckpt120000		0	Fully slide the oven rack out.	robocasa_panda_omron/SlideOvenRack_PandaOmron_Env	100017	1300003	0	1			5		1	all_token_full	groot_n15_dit_block_residual_full_tokens_denoise	["layer","denoise_step","model_token","feature_dim"]	[7,4,49,1536]	[0,2,4,8,10,12,15]	n15_grid_v1	grid_coord	meta	meta_json	b8054b5e7258/dongkyu-MS-7D43/OvenRack/out/s3/n3/base
b8054b5e7258	dongkyu-MS-7D43	OvenRack/out	3	4	base	activation	e038e1c2bfa72215	e038e1c2bfa72215838e90ae8ea743ae455de5c69f3439eb59b7b4a0b0113c9d	lerobot_groot_n15	n15	lerobot_groot_n15__robocasa365_ckpt120000		0	Fully slide the oven rack out.	robocasa_panda_omron/SlideOvenRack_PandaOmron_Env	100017	1300004	0	1			5		1	all_token_full	groot_n15_dit_block_residual_full_tokens_denoise	["layer","denoise_step","model_token","feature_dim"]	[7,4,49,1536]	[0,2,4,8,10,12,15]	n15_grid_v1	grid_coord	meta	meta_json	b8054b5e7258/dongkyu-MS-7D43/OvenRack/out/s3/n4/base
b8054b5e7258	dongkyu-MS-7D43	OvenRack/out	3	5	base	activation	c1d1ed4910e98135	c1d1ed4910e9813583165ce57bb160dd6dd1be14ea3f8635ccc3b723514b1ceb	lerobot_groot_n15	n15	lerobot_groot_n15__robocasa365_ckpt120000		0	Fully slide the oven rack out.	robocasa_panda_omron/SlideOvenRack_PandaOmron_Env	100017	1300005	0	0			5		1	all_token_full	groot_n15_dit_block_residual_full_tokens_denoise	["layer","denoise_step","model_token","feature_dim"]	[7,4,49,1536]	[0,2,4,8,10,12,15]	n15_grid_v1	grid_coord	meta	meta_json	b8054b5e7258/dongkyu-MS-7D43/OvenRack/out/s3/n5/base
b8054b5e7258	dongkyu-MS-7D43	OvenRack/out	3	6	base	activation	5bbaee3055dab5e2	5bbaee3055dab5e2fbe91b655f97b2b4bf9f5539767e05a477505de7e2f2a39d	lerobot_groot_n15	n15	lerobot_groot_n15__robocasa365_ckpt120000		0	Fully slide the oven rack out.	robocasa_panda_omron/SlideOvenRack_PandaOmron_Env	100017	1300006	0	1			5		1	all_token_full	groot_n15_dit_block_residual_full_tokens_denoise	["layer","denoise_step","model_token","feature_dim"]	[7,4,49,1536]	[0,2,4,8,10,12,15]	n15_grid_v1	grid_coord	meta	meta_json	b8054b5e7258/dongkyu-MS-7D43/OvenRack/out/s3/n6/base
b8054b5e7258	dongkyu-MS-7D43	OvenRack/out	3	7	base	activation	ca3c007b68c3af4e	ca3c007b68c3af4e0f032ef7a420bce7b59624a425b04a292302ab59db367d1d	lerobot_groot_n15	n15	lerobot_groot_n15__robocasa365_ckpt120000		0	Fully slide the oven rack out.	robocasa_panda_omron/SlideOvenRack_PandaOmron_Env	100017	1300007	0	0			5		1	all_token_full	groot_n15_dit_block_residual_full_tokens_denoise	["layer","denoise_step","model_token","feature_dim"]	[7,4,49,1536]	[0,2,4,8,10,12,15]	n15_grid_v1	grid_coord	meta	meta_json	b8054b5e7258/dongkyu-MS-7D43/OvenRack/out/s3/n7/base
b8054b5e7258	dongkyu-MS-7D43	OvenRack/out	3	8	base	activation	c55715c8a22fbc47	c55715c8a22fbc472255b9e16214ac0675124e09d70932ded0ca958a506dbb4f	lerobot_groot_n15	n15	lerobot_groot_n15__robocasa365_ckpt120000		0	Fully slide the oven rack out.	robocasa_panda_omron/SlideOvenRack_PandaOmron_Env	100017	1300008	0	1			5		1	all_token_full	groot_n15_dit_block_residual_full_tokens_denoise	["layer","denoise_step","model_token","feature_dim"]	[7,4,49,1536]	[0,2,4,8,10,12,15]	n15_grid_v1	grid_coord	meta	meta_json	b8054b5e7258/dongkyu-MS-7D43/OvenRack/out/s3/n8/base
b8054b5e7258	dongkyu-MS-7D43	OvenRack/out	3	9	base	activation	7830ac42a723db61	7830ac42a723db61e5c6aeb3f7549a4c54d8fdc769e6528ad7fc161191a73d95	lerobot_groot_n15	n15	lerobot_groot_n15__robocasa365_ckpt120000		0	Fully slide the oven rack out.	robocasa_panda_omron/SlideOvenRack_PandaOmron_Env	100017	1300009	0	0			5		1	all_token_full	groot_n15_dit_block_residual_full_tokens_denoise	["layer","denoise_step","model_token","feature_dim"]	[7,4,49,1536]	[0,2,4,8,10,12,15]	n15_grid_v1	grid_coord	meta	meta_json	b8054b5e7258/dongkyu-MS-7D43/OvenRack/out/s3/n9/base
b8054b5e7258	dongkyu-MS-7D43	OvenRack/out	4	0	base	activation	f0ea93772c29e997	f0ea93772c29e997351175d2e70f55e7574518f5b6696eafb571025ef0438073	lerobot_groot_n15	n15	lerobot_groot_n15__robocasa365_ckpt120000		0	Fully slide the oven rack out.	robocasa_panda_omron/SlideOvenRack_PandaOmron_Env	100020	1300000	0	1			5		1	all_token_full	groot_n15_dit_block_residual_full_tokens_denoise	["layer","denoise_step","model_token","feature_dim"]	[7,4,49,1536]	[0,2,4,8,10,12,15]	n15_grid_v1	grid_coord	meta	meta_json	b8054b5e7258/dongkyu-MS-7D43/OvenRack/out/s4/n0/base
b8054b5e7258	dongkyu-MS-7D43	OvenRack/out	4	1	base	activation	690ab14bbae9b0ba	690ab14bbae9b0ba8cb8daced34b5ff7bc674dafdbeb1df0f6ccc6992facc4f7	lerobot_groot_n15	n15	lerobot_groot_n15__robocasa365_ckpt120000		0	Fully slide the oven rack out.	robocasa_panda_omron/SlideOvenRack_PandaOmron_Env	100020	1300001	0	1			5		1	all_token_full	groot_n15_dit_block_residual_full_tokens_denoise	["layer","denoise_step","model_token","feature_dim"]	[7,4,49,1536]	[0,2,4,8,10,12,15]	n15_grid_v1	grid_coord	meta	meta_json	b8054b5e7258/dongkyu-MS-7D43/OvenRack/out/s4/n1/base
b8054b5e7258	dongkyu-MS-7D43	OvenRack/out	4	2	base	activation	c16f4d31dda40710	c16f4d31dda407108b98fa4a195ffd5a50cca659007f3a9d757df4c4f8f5d0b6	lerobot_groot_n15	n15	lerobot_groot_n15__robocasa365_ckpt120000		0	Fully slide the oven rack out.	robocasa_panda_omron/SlideOvenRack_PandaOmron_Env	100020	1300002	0	1			5		1	all_token_full	groot_n15_dit_block_residual_full_tokens_denoise	["layer","denoise_step","model_token","feature_dim"]	[7,4,49,1536]	[0,2,4,8,10,12,15]	n15_grid_v1	grid_coord	meta	meta_json	b8054b5e7258/dongkyu-MS-7D43/OvenRack/out/s4/n2/base
b8054b5e7258	dongkyu-MS-7D43	OvenRack/out	4	3	base	activation	ebe264098ac63586	ebe264098ac63586167625fe3bcb928cb3018f8ed9a0a813f868659e15b5dba4	lerobot_groot_n15	n15	lerobot_groot_n15__robocasa365_ckpt120000		0	Fully slide the oven rack out.	robocasa_panda_omron/SlideOvenRack_PandaOmron_Env	100020	1300003	0	1			5		1	all_token_full	groot_n15_dit_block_residual_full_tokens_denoise	["layer","denoise_step","model_token","feature_dim"]	[7,4,49,1536]	[0,2,4,8,10,12,15]	n15_grid_v1	grid_coord	meta	meta_json	b8054b5e7258/dongkyu-MS-7D43/OvenRack/out/s4/n3/base
b8054b5e7258	dongkyu-MS-7D43	OvenRack/out	4	4	base	activation	cc5f311bd830cf96	cc5f311bd830cf96d4c42f6f4cc9cd5315c0b9174afbcbc7cbf377ad01d026e0	lerobot_groot_n15	n15	lerobot_groot_n15__robocasa365_ckpt120000		0	Fully slide the oven rack out.	robocasa_panda_omron/SlideOvenRack_PandaOmron_Env	100020	1300004	0	1			5		1	all_token_full	groot_n15_dit_block_residual_full_tokens_denoise	["layer","denoise_step","model_token","feature_dim"]	[7,4,49,1536]	[0,2,4,8,10,12,15]	n15_grid_v1	grid_coord	meta	meta_json	b8054b5e7258/dongkyu-MS-7D43/OvenRack/out/s4/n4/base
b8054b5e7258	dongkyu-MS-7D43	OvenRack/out	4	5	base	activation	3137f7de33daa332	3137f7de33daa33277e95a2133d2ea535f6e5e37dbfb91a7c456795dd4dc197f	lerobot_groot_n15	n15	lerobot_groot_n15__robocasa365_ckpt120000		0	Fully slide the oven rack out.	robocasa_panda_omron/SlideOvenRack_PandaOmron_Env	100020	1300005	0	1			5		1	all_token_full	groot_n15_dit_block_residual_full_tokens_denoise	["layer","denoise_step","model_token","feature_dim"]	[7,4,49,1536]	[0,2,4,8,10,12,15]	n15_grid_v1	grid_coord	meta	meta_json	b8054b5e7258/dongkyu-MS-7D43/OvenRack/out/s4/n5/base
b8054b5e7258	dongkyu-MS-7D43	OvenRack/out	4	6	base	activation	8ff612c4ca1014ce	8ff612c4ca1014ceb74d76ce65beb8193bd7cca2c0a665143c8d611966a79045	lerobot_groot_n15	n15	lerobot_groot_n15__robocasa365_ckpt120000		0	Fully slide the oven rack out.	robocasa_panda_omron/SlideOvenRack_PandaOmron_Env	100020	1300006	0	1			5		1	all_token_full	groot_n15_dit_block_residual_full_tokens_denoise	["layer","denoise_step","model_token","feature_dim"]	[7,4,49,1536]	[0,2,4,8,10,12,15]	n15_grid_v1	grid_coord	meta	meta_json	b8054b5e7258/dongkyu-MS-7D43/OvenRack/out/s4/n6/base
b8054b5e7258	dongkyu-MS-7D43	OvenRack/out	4	7	base	activation	16b2af79135472d4	16b2af79135472d4b2e708229e173503aad6cee7fd71318e3312ced5ca584141	lerobot_groot_n15	n15	lerobot_groot_n15__robocasa365_ckpt120000		0	Fully slide the oven rack out.	robocasa_panda_omron/SlideOvenRack_PandaOmron_Env	100020	1300007	0	1			5		1	all_token_full	groot_n15_dit_block_residual_full_tokens_denoise	["layer","denoise_step","model_token","feature_dim"]	[7,4,49,1536]	[0,2,4,8,10,12,15]	n15_grid_v1	grid_coord	meta	meta_json	b8054b5e7258/dongkyu-MS-7D43/OvenRack/out/s4/n7/base
b8054b5e7258	dongkyu-MS-7D43	OvenRack/out	4	8	base	activation	3ccd64d29ea604fc	3ccd64d29ea604fc56044df2378f0823e44a0078bba3aaa0ad3e73d03e8e158f	lerobot_groot_n15	n15	lerobot_groot_n15__robocasa365_ckpt120000		0	Fully slide the oven rack out.	robocasa_panda_omron/SlideOvenRack_PandaOmron_Env	100020	1300008	0	1			5		1	all_token_full	groot_n15_dit_block_residual_full_tokens_denoise	["layer","denoise_step","model_token","feature_dim"]	[7,4,49,1536]	[0,2,4,8,10,12,15]	n15_grid_v1	grid_coord	meta	meta_json	b8054b5e7258/dongkyu-MS-7D43/OvenRack/out/s4/n8/base
b8054b5e7258	dongkyu-MS-7D43	OvenRack/out	4	9	base	activation	6beb05695c7604c5	6beb05695c7604c5933db36a9dbcec53e1d733672bd02537606820d646be22b4	lerobot_groot_n15	n15	lerobot_groot_n15__robocasa365_ckpt120000		0	Fully slide the oven rack out.	robocasa_panda_omron/SlideOvenRack_PandaOmron_Env	100020	1300009	0	1			5		1	all_token_full	groot_n15_dit_block_residual_full_tokens_denoise	["layer","denoise_step","model_token","feature_dim"]	[7,4,49,1536]	[0,2,4,8,10,12,15]	n15_grid_v1	grid_coord	meta	meta_json	b8054b5e7258/dongkyu-MS-7D43/OvenRack/out/s4/n9/base
b8054b5e7258	dongkyu-MS-7D43	OvenRack/out	5	0	base	activation	55e22b01e8ae01e5	55e22b01e8ae01e5247dba6d0f1235215e209c3eed958ccbfa1c2475f934e5ac	lerobot_groot_n15	n15	lerobot_groot_n15__robocasa365_ckpt120000		0	Fully slide the oven rack out.	robocasa_panda_omron/SlideOvenRack_PandaOmron_Env	100023	1300000	0	0			5		1	all_token_full	groot_n15_dit_block_residual_full_tokens_denoise	["layer","denoise_step","model_token","feature_dim"]	[7,4,49,1536]	[0,2,4,8,10,12,15]	n15_grid_v1	grid_coord	meta	meta_json	b8054b5e7258/dongkyu-MS-7D43/OvenRack/out/s5/n0/base
b8054b5e7258	dongkyu-MS-7D43	OvenRack/out	5	1	base	activation	85ad1bada899cc9a	85ad1bada899cc9a4c8507491609b3cba2fea471f1f35831661f8c72d68e946d	lerobot_groot_n15	n15	lerobot_groot_n15__robocasa365_ckpt120000		0	Fully slide the oven rack out.	robocasa_panda_omron/SlideOvenRack_PandaOmron_Env	100023	1300001	0	0			5		1	all_token_full	groot_n15_dit_block_residual_full_tokens_denoise	["layer","denoise_step","model_token","feature_dim"]	[7,4,49,1536]	[0,2,4,8,10,12,15]	n15_grid_v1	grid_coord	meta	meta_json	b8054b5e7258/dongkyu-MS-7D43/OvenRack/out/s5/n1/base
b8054b5e7258	dongkyu-MS-7D43	OvenRack/out	5	2	base	activation	f288fd07b0e5728c	f288fd07b0e5728cc68870e236553e01ba8a848aa7932d9ebb340920913eac64	lerobot_groot_n15	n15	lerobot_groot_n15__robocasa365_ckpt120000		0	Fully slide the oven rack out.	robocasa_panda_omron/SlideOvenRack_PandaOmron_Env	100023	1300002	0	0			5		1	all_token_full	groot_n15_dit_block_residual_full_tokens_denoise	["layer","denoise_step","model_token","feature_dim"]	[7,4,49,1536]	[0,2,4,8,10,12,15]	n15_grid_v1	grid_coord	meta	meta_json	b8054b5e7258/dongkyu-MS-7D43/OvenRack/out/s5/n2/base
b8054b5e7258	dongkyu-MS-7D43	OvenRack/out	5	3	base	activation	fb509993a5349cfa	fb509993a5349cfa14339569fdcdf0d55774f8fd17224e360ed7764fb0d36c77	lerobot_groot_n15	n15	lerobot_groot_n15__robocasa365_ckpt120000		0	Fully slide the oven rack out.	robocasa_panda_omron/SlideOvenRack_PandaOmron_Env	100023	1300003	0	0			5		1	all_token_full	groot_n15_dit_block_residual_full_tokens_denoise	["layer","denoise_step","model_token","feature_dim"]	[7,4,49,1536]	[0,2,4,8,10,12,15]	n15_grid_v1	grid_coord	meta	meta_json	b8054b5e7258/dongkyu-MS-7D43/OvenRack/out/s5/n3/base
b8054b5e7258	dongkyu-MS-7D43	OvenRack/out	5	4	base	activation	1d10844e6b7ecfd6	1d10844e6b7ecfd69c23de5e6d509047901d0ccaf70d12e3d6b736e6fb22c69d	lerobot_groot_n15	n15	lerobot_groot_n15__robocasa365_ckpt120000		0	Fully slide the oven rack out.	robocasa_panda_omron/SlideOvenRack_PandaOmron_Env	100023	1300004	0	0			5		1	all_token_full	groot_n15_dit_block_residual_full_tokens_denoise	["layer","denoise_step","model_token","feature_dim"]	[7,4,49,1536]	[0,2,4,8,10,12,15]	n15_grid_v1	grid_coord	meta	meta_json	b8054b5e7258/dongkyu-MS-7D43/OvenRack/out/s5/n4/base
b8054b5e7258	dongkyu-MS-7D43	OvenRack/out	5	5	base	activation	546c043ca0ff5cd8	546c043ca0ff5cd8d9c55a75310776722aab0ad69e4421761c5b212630f69697	lerobot_groot_n15	n15	lerobot_groot_n15__robocasa365_ckpt120000		0	Fully slide the oven rack out.	robocasa_panda_omron/SlideOvenRack_PandaOmron_Env	100023	1300005	0	0			5		1	all_token_full	groot_n15_dit_block_residual_full_tokens_denoise	["layer","denoise_step","model_token","feature_dim"]	[7,4,49,1536]	[0,2,4,8,10,12,15]	n15_grid_v1	grid_coord	meta	meta_json	b8054b5e7258/dongkyu-MS-7D43/OvenRack/out/s5/n5/base
b8054b5e7258	dongkyu-MS-7D43	OvenRack/out	5	6	base	activation	000c3bdaf116315a	000c3bdaf116315a260b9536f19a5611342ebc0a92a81f1ee198396961d97df6	lerobot_groot_n15	n15	lerobot_groot_n15__robocasa365_ckpt120000		0	Fully slide the oven rack out.	robocasa_panda_omron/SlideOvenRack_PandaOmron_Env	100023	1300006	0	0			5		1	all_token_full	groot_n15_dit_block_residual_full_tokens_denoise	["layer","denoise_step","model_token","feature_dim"]	[7,4,49,1536]	[0,2,4,8,10,12,15]	n15_grid_v1	grid_coord	meta	meta_json	b8054b5e7258/dongkyu-MS-7D43/OvenRack/out/s5/n6/base
b8054b5e7258	dongkyu-MS-7D43	OvenRack/out	5	7	base	activation	9dd53f5ef8896cea	9dd53f5ef8896cea8b02ec99def5e8c675bfe5f3e328affb8bc997e977590630	lerobot_groot_n15	n15	lerobot_groot_n15__robocasa365_ckpt120000		0	Fully slide the oven rack out.	robocasa_panda_omron/SlideOvenRack_PandaOmron_Env	100023	1300007	0	0			5		1	all_token_full	groot_n15_dit_block_residual_full_tokens_denoise	["layer","denoise_step","model_token","feature_dim"]	[7,4,49,1536]	[0,2,4,8,10,12,15]	n15_grid_v1	grid_coord	meta	meta_json	b8054b5e7258/dongkyu-MS-7D43/OvenRack/out/s5/n7/base
b8054b5e7258	dongkyu-MS-7D43	OvenRack/out	5	8	base	activation	8add42f76ef23021	8add42f76ef23021d608ca2fb9fc5f731936867562e949d94e71fa6c14410355	lerobot_groot_n15	n15	lerobot_groot_n15__robocasa365_ckpt120000		0	Fully slide the oven rack out.	robocasa_panda_omron/SlideOvenRack_PandaOmron_Env	100023	1300008	0	0			5		1	all_token_full	groot_n15_dit_block_residual_full_tokens_denoise	["layer","denoise_step","model_token","feature_dim"]	[7,4,49,1536]	[0,2,4,8,10,12,15]	n15_grid_v1	grid_coord	meta	meta_json	b8054b5e7258/dongkyu-MS-7D43/OvenRack/out/s5/n8/base
b8054b5e7258	dongkyu-MS-7D43	OvenRack/out	5	9	base	activation	1c4f72fe72e2fa50	1c4f72fe72e2fa50b5e2e0858bc9a17404176486def33d053119ba1246cea79e	lerobot_groot_n15	n15	lerobot_groot_n15__robocasa365_ckpt120000		0	Fully slide the oven rack out.	robocasa_panda_omron/SlideOvenRack_PandaOmron_Env	100023	1300009	0	0			5		1	all_token_full	groot_n15_dit_block_residual_full_tokens_denoise	["layer","denoise_step","model_token","feature_dim"]	[7,4,49,1536]	[0,2,4,8,10,12,15]	n15_grid_v1	grid_coord	meta	meta_json	b8054b5e7258/dongkyu-MS-7D43/OvenRack/out/s5/n9/base
b8054b5e7258	dongkyu-MS-7D43	OvenRack/out	6	0	base	activation	a0db131465066c55	a0db131465066c552d2be7aaf1574d44af20a416c7091091e35e2c0c0333091c	lerobot_groot_n15	n15	lerobot_groot_n15__robocasa365_ckpt120000		0	Fully slide the oven rack out.	robocasa_panda_omron/SlideOvenRack_PandaOmron_Env	100028	1300000	0	1			5		1	all_token_full	groot_n15_dit_block_residual_full_tokens_denoise	["layer","denoise_step","model_token","feature_dim"]	[7,4,49,1536]	[0,2,4,8,10,12,15]	n15_grid_v1	grid_coord	meta	meta_json	b8054b5e7258/dongkyu-MS-7D43/OvenRack/out/s6/n0/base
b8054b5e7258	dongkyu-MS-7D43	OvenRack/out	6	1	base	activation	fdda58a6d20e2241	fdda58a6d20e224197de0fdd8b619286b20760eccaa5e54438b0e2fff1aa25e4	lerobot_groot_n15	n15	lerobot_groot_n15__robocasa365_ckpt120000		0	Fully slide the oven rack out.	robocasa_panda_omron/SlideOvenRack_PandaOmron_Env	100028	1300001	0	1			5		1	all_token_full	groot_n15_dit_block_residual_full_tokens_denoise	["layer","denoise_step","model_token","feature_dim"]	[7,4,49,1536]	[0,2,4,8,10,12,15]	n15_grid_v1	grid_coord	meta	meta_json	b8054b5e7258/dongkyu-MS-7D43/OvenRack/out/s6/n1/base
b8054b5e7258	dongkyu-MS-7D43	OvenRack/out	6	2	base	activation	672f720811516125	672f720811516125070f49031c385fb625df3dd8e54052b0f0321b84b6770eb4	lerobot_groot_n15	n15	lerobot_groot_n15__robocasa365_ckpt120000		0	Fully slide the oven rack out.	robocasa_panda_omron/SlideOvenRack_PandaOmron_Env	100028	1300002	0	1			5		1	all_token_full	groot_n15_dit_block_residual_full_tokens_denoise	["layer","denoise_step","model_token","feature_dim"]	[7,4,49,1536]	[0,2,4,8,10,12,15]	n15_grid_v1	grid_coord	meta	meta_json	b8054b5e7258/dongkyu-MS-7D43/OvenRack/out/s6/n2/base
b8054b5e7258	dongkyu-MS-7D43	OvenRack/out	6	3	base	activation	590fccabd3ea4b06	590fccabd3ea4b061aedebd6caa2e5256672065059d84ad2dba0141443b2914f	lerobot_groot_n15	n15	lerobot_groot_n15__robocasa365_ckpt120000		0	Fully slide the oven rack out.	robocasa_panda_omron/SlideOvenRack_PandaOmron_Env	100028	1300003	0	1			5		1	all_token_full	groot_n15_dit_block_residual_full_tokens_denoise	["layer","denoise_step","model_token","feature_dim"]	[7,4,49,1536]	[0,2,4,8,10,12,15]	n15_grid_v1	grid_coord	meta	meta_json	b8054b5e7258/dongkyu-MS-7D43/OvenRack/out/s6/n3/base
b8054b5e7258	dongkyu-MS-7D43	OvenRack/out	6	4	base	activation	601b55fa8ed7cb85	601b55fa8ed7cb85a25c10e0f8f4ca31a3d527b3ce80c576c1752c411c7ffbbf	lerobot_groot_n15	n15	lerobot_groot_n15__robocasa365_ckpt120000		0	Fully slide the oven rack out.	robocasa_panda_omron/SlideOvenRack_PandaOmron_Env	100028	1300004	0	1			5		1	all_token_full	groot_n15_dit_block_residual_full_tokens_denoise	["layer","denoise_step","model_token","feature_dim"]	[7,4,49,1536]	[0,2,4,8,10,12,15]	n15_grid_v1	grid_coord	meta	meta_json	b8054b5e7258/dongkyu-MS-7D43/OvenRack/out/s6/n4/base
b8054b5e7258	dongkyu-MS-7D43	OvenRack/out	6	5	base	activation	847e12f5afbd319d	847e12f5afbd319d5b762c428142c90f6d3e51bbb0c6640e8402734e9340629b	lerobot_groot_n15	n15	lerobot_groot_n15__robocasa365_ckpt120000		0	Fully slide the oven rack out.	robocasa_panda_omron/SlideOvenRack_PandaOmron_Env	100028	1300005	0	1			5		1	all_token_full	groot_n15_dit_block_residual_full_tokens_denoise	["layer","denoise_step","model_token","feature_dim"]	[7,4,49,1536]	[0,2,4,8,10,12,15]	n15_grid_v1	grid_coord	meta	meta_json	b8054b5e7258/dongkyu-MS-7D43/OvenRack/out/s6/n5/base
b8054b5e7258	dongkyu-MS-7D43	OvenRack/out	6	6	base	activation	03180e527f4eb85b	03180e527f4eb85ba5040f273380058d63749b8747c75e01127cecede3d1090b	lerobot_groot_n15	n15	lerobot_groot_n15__robocasa365_ckpt120000		0	Fully slide the oven rack out.	robocasa_panda_omron/SlideOvenRack_PandaOmron_Env	100028	1300006	0	1			5		1	all_token_full	groot_n15_dit_block_residual_full_tokens_denoise	["layer","denoise_step","model_token","feature_dim"]	[7,4,49,1536]	[0,2,4,8,10,12,15]	n15_grid_v1	grid_coord	meta	meta_json	b8054b5e7258/dongkyu-MS-7D43/OvenRack/out/s6/n6/base
b8054b5e7258	dongkyu-MS-7D43	OvenRack/out	6	7	base	activation	9da8c983e1889008	9da8c983e18890080438060aad7d8b59d65638f2a2ce16610f69633b6b4f531a	lerobot_groot_n15	n15	lerobot_groot_n15__robocasa365_ckpt120000		0	Fully slide the oven rack out.	robocasa_panda_omron/SlideOvenRack_PandaOmron_Env	100028	1300007	0	1			5		1	all_token_full	groot_n15_dit_block_residual_full_tokens_denoise	["layer","denoise_step","model_token","feature_dim"]	[7,4,49,1536]	[0,2,4,8,10,12,15]	n15_grid_v1	grid_coord	meta	meta_json	b8054b5e7258/dongkyu-MS-7D43/OvenRack/out/s6/n7/base
b8054b5e7258	dongkyu-MS-7D43	OvenRack/out	6	8	base	activation	f7f67154be7c74ea	f7f67154be7c74ea5cadb52dc0860564c3e6267ceec559512607e3be593a6755	lerobot_groot_n15	n15	lerobot_groot_n15__robocasa365_ckpt120000		0	Fully slide the oven rack out.	robocasa_panda_omron/SlideOvenRack_PandaOmron_Env	100028	1300008	0	1			5		1	all_token_full	groot_n15_dit_block_residual_full_tokens_denoise	["layer","denoise_step","model_token","feature_dim"]	[7,4,49,1536]	[0,2,4,8,10,12,15]	n15_grid_v1	grid_coord	meta	meta_json	b8054b5e7258/dongkyu-MS-7D43/OvenRack/out/s6/n8/base
b8054b5e7258	dongkyu-MS-7D43	OvenRack/out	6	9	base	activation	bccf69a299b52618	bccf69a299b52618006d654b692eae9d04840adc48d2594b483ffc3ea9ef77d3	lerobot_groot_n15	n15	lerobot_groot_n15__robocasa365_ckpt120000		0	Fully slide the oven rack out.	robocasa_panda_omron/SlideOvenRack_PandaOmron_Env	100028	1300009	0	1			5		1	all_token_full	groot_n15_dit_block_residual_full_tokens_denoise	["layer","denoise_step","model_token","feature_dim"]	[7,4,49,1536]	[0,2,4,8,10,12,15]	n15_grid_v1	grid_coord	meta	meta_json	b8054b5e7258/dongkyu-MS-7D43/OvenRack/out/s6/n9/base
b8054b5e7258	dongkyu-MS-7D43	OvenRack/out	7	0	base	activation	cae1fb157aef7c39	cae1fb157aef7c392bcb5c391349c3af37f67543ef25119f29abb434d1e0543e	lerobot_groot_n15	n15	lerobot_groot_n15__robocasa365_ckpt120000		0	Fully slide the oven rack out.	robocasa_panda_omron/SlideOvenRack_PandaOmron_Env	100030	1300000	0	0			5		1	all_token_full	groot_n15_dit_block_residual_full_tokens_denoise	["layer","denoise_step","model_token","feature_dim"]	[7,4,49,1536]	[0,2,4,8,10,12,15]	n15_grid_v1	grid_coord	meta	meta_json	b8054b5e7258/dongkyu-MS-7D43/OvenRack/out/s7/n0/base
b8054b5e7258	dongkyu-MS-7D43	OvenRack/out	7	1	base	activation	ae80c8ef5caaf060	ae80c8ef5caaf060a34bcaced77d65f799691b423cc92a314694410f3e157617	lerobot_groot_n15	n15	lerobot_groot_n15__robocasa365_ckpt120000		0	Fully slide the oven rack out.	robocasa_panda_omron/SlideOvenRack_PandaOmron_Env	100030	1300001	0	1			5		1	all_token_full	groot_n15_dit_block_residual_full_tokens_denoise	["layer","denoise_step","model_token","feature_dim"]	[7,4,49,1536]	[0,2,4,8,10,12,15]	n15_grid_v1	grid_coord	meta	meta_json	b8054b5e7258/dongkyu-MS-7D43/OvenRack/out/s7/n1/base
b8054b5e7258	dongkyu-MS-7D43	OvenRack/out	7	2	base	activation	c5ac097f23bdcf0c	c5ac097f23bdcf0cfe0a5674454e641ec00a1296012f8dcd1edd9c1e492330f6	lerobot_groot_n15	n15	lerobot_groot_n15__robocasa365_ckpt120000		0	Fully slide the oven rack out.	robocasa_panda_omron/SlideOvenRack_PandaOmron_Env	100030	1300002	0	1			5		1	all_token_full	groot_n15_dit_block_residual_full_tokens_denoise	["layer","denoise_step","model_token","feature_dim"]	[7,4,49,1536]	[0,2,4,8,10,12,15]	n15_grid_v1	grid_coord	meta	meta_json	b8054b5e7258/dongkyu-MS-7D43/OvenRack/out/s7/n2/base
b8054b5e7258	dongkyu-MS-7D43	OvenRack/out	7	3	base	activation	193c77bf992a0507	193c77bf992a05074eed66dc112f8f4a07c8f15b6e786a9a51c41b75c9b9269b	lerobot_groot_n15	n15	lerobot_groot_n15__robocasa365_ckpt120000		0	Fully slide the oven rack out.	robocasa_panda_omron/SlideOvenRack_PandaOmron_Env	100030	1300003	0	1			5		1	all_token_full	groot_n15_dit_block_residual_full_tokens_denoise	["layer","denoise_step","model_token","feature_dim"]	[7,4,49,1536]	[0,2,4,8,10,12,15]	n15_grid_v1	grid_coord	meta	meta_json	b8054b5e7258/dongkyu-MS-7D43/OvenRack/out/s7/n3/base
b8054b5e7258	dongkyu-MS-7D43	OvenRack/out	7	4	base	activation	93a337db5b8c128a	93a337db5b8c128a7081c665d988aaca7f29b5c832f5f8eb7678a4ee387a39f3	lerobot_groot_n15	n15	lerobot_groot_n15__robocasa365_ckpt120000		0	Fully slide the oven rack out.	robocasa_panda_omron/SlideOvenRack_PandaOmron_Env	100030	1300004	0	1			5		1	all_token_full	groot_n15_dit_block_residual_full_tokens_denoise	["layer","denoise_step","model_token","feature_dim"]	[7,4,49,1536]	[0,2,4,8,10,12,15]	n15_grid_v1	grid_coord	meta	meta_json	b8054b5e7258/dongkyu-MS-7D43/OvenRack/out/s7/n4/base
b8054b5e7258	dongkyu-MS-7D43	OvenRack/out	7	5	base	activation	654b5f39460441fe	654b5f39460441fe667dbf79b29a2671651d06d4faae4cf0d460cfc83806042d	lerobot_groot_n15	n15	lerobot_groot_n15__robocasa365_ckpt120000		0	Fully slide the oven rack out.	robocasa_panda_omron/SlideOvenRack_PandaOmron_Env	100030	1300005	0	1			5		1	all_token_full	groot_n15_dit_block_residual_full_tokens_denoise	["layer","denoise_step","model_token","feature_dim"]	[7,4,49,1536]	[0,2,4,8,10,12,15]	n15_grid_v1	grid_coord	meta	meta_json	b8054b5e7258/dongkyu-MS-7D43/OvenRack/out/s7/n5/base
b8054b5e7258	dongkyu-MS-7D43	OvenRack/out	7	6	base	activation	7d69f8ca99896b7b	7d69f8ca99896b7b7c37c4f5dfde5c8f6e911b4664085359755e69b2f8fcba31	lerobot_groot_n15	n15	lerobot_groot_n15__robocasa365_ckpt120000		0	Fully slide the oven rack out.	robocasa_panda_omron/SlideOvenRack_PandaOmron_Env	100030	1300006	0	1			5		1	all_token_full	groot_n15_dit_block_residual_full_tokens_denoise	["layer","denoise_step","model_token","feature_dim"]	[7,4,49,1536]	[0,2,4,8,10,12,15]	n15_grid_v1	grid_coord	meta	meta_json	b8054b5e7258/dongkyu-MS-7D43/OvenRack/out/s7/n6/base
b8054b5e7258	dongkyu-MS-7D43	OvenRack/out	7	7	base	activation	524824b563985a3b	524824b563985a3b2a27775c5578731795d80447517fd35f4f61aa371602ff1b	lerobot_groot_n15	n15	lerobot_groot_n15__robocasa365_ckpt120000		0	Fully slide the oven rack out.	robocasa_panda_omron/SlideOvenRack_PandaOmron_Env	100030	1300007	0	1			5		1	all_token_full	groot_n15_dit_block_residual_full_tokens_denoise	["layer","denoise_step","model_token","feature_dim"]	[7,4,49,1536]	[0,2,4,8,10,12,15]	n15_grid_v1	grid_coord	meta	meta_json	b8054b5e7258/dongkyu-MS-7D43/OvenRack/out/s7/n7/base
b8054b5e7258	dongkyu-MS-7D43	OvenRack/out	7	8	base	activation	16f03a01914f18c8	16f03a01914f18c88a653eaff11c7a08e3b4a7686772e7505e11f6ff42bb0937	lerobot_groot_n15	n15	lerobot_groot_n15__robocasa365_ckpt120000		0	Fully slide the oven rack out.	robocasa_panda_omron/SlideOvenRack_PandaOmron_Env	100030	1300008	0	1			5		1	all_token_full	groot_n15_dit_block_residual_full_tokens_denoise	["layer","denoise_step","model_token","feature_dim"]	[7,4,49,1536]	[0,2,4,8,10,12,15]	n15_grid_v1	grid_coord	meta	meta_json	b8054b5e7258/dongkyu-MS-7D43/OvenRack/out/s7/n8/base
b8054b5e7258	dongkyu-MS-7D43	OvenRack/out	7	9	base	activation	4a6fb3dcb7fb8683	4a6fb3dcb7fb8683db29666cc5553cf1c3d58a8964ba8c1fe54217dc0d0c887b	lerobot_groot_n15	n15	lerobot_groot_n15__robocasa365_ckpt120000		0	Fully slide the oven rack out.	robocasa_panda_omron/SlideOvenRack_PandaOmron_Env	100030	1300009	0	1			5		1	all_token_full	groot_n15_dit_block_residual_full_tokens_denoise	["layer","denoise_step","model_token","feature_dim"]	[7,4,49,1536]	[0,2,4,8,10,12,15]	n15_grid_v1	grid_coord	meta	meta_json	b8054b5e7258/dongkyu-MS-7D43/OvenRack/out/s7/n9/base
b8054b5e7258	dongkyu-MS-7D43	OvenRack/out	8	0	base	activation	acbe61f9606b3707	acbe61f9606b3707a6f4e7666cd4f58d77510c1c1771293e21e34ddb0161668f	lerobot_groot_n15	n15	lerobot_groot_n15__robocasa365_ckpt120000		0	Fully slide the oven rack out.	robocasa_panda_omron/SlideOvenRack_PandaOmron_Env	100037	1300000	0	0			5		1	all_token_full	groot_n15_dit_block_residual_full_tokens_denoise	["layer","denoise_step","model_token","feature_dim"]	[7,4,49,1536]	[0,2,4,8,10,12,15]	n15_grid_v1	grid_coord	meta	meta_json	b8054b5e7258/dongkyu-MS-7D43/OvenRack/out/s8/n0/base
b8054b5e7258	dongkyu-MS-7D43	OvenRack/out	8	1	base	activation	165af0e82ddaddae	165af0e82ddaddae5ff210890eab7b353168df60216a18807a438d5e0992a72e	lerobot_groot_n15	n15	lerobot_groot_n15__robocasa365_ckpt120000		0	Fully slide the oven rack out.	robocasa_panda_omron/SlideOvenRack_PandaOmron_Env	100037	1300001	0	0			5		1	all_token_full	groot_n15_dit_block_residual_full_tokens_denoise	["layer","denoise_step","model_token","feature_dim"]	[7,4,49,1536]	[0,2,4,8,10,12,15]	n15_grid_v1	grid_coord	meta	meta_json	b8054b5e7258/dongkyu-MS-7D43/OvenRack/out/s8/n1/base
b8054b5e7258	dongkyu-MS-7D43	OvenRack/out	8	2	base	activation	1aade5365f9708fd	1aade5365f9708fd2c7f2c369df14980f7d35958d34c2bf8fc08c788ff774d30	lerobot_groot_n15	n15	lerobot_groot_n15__robocasa365_ckpt120000		0	Fully slide the oven rack out.	robocasa_panda_omron/SlideOvenRack_PandaOmron_Env	100037	1300002	0	0			5		1	all_token_full	groot_n15_dit_block_residual_full_tokens_denoise	["layer","denoise_step","model_token","feature_dim"]	[7,4,49,1536]	[0,2,4,8,10,12,15]	n15_grid_v1	grid_coord	meta	meta_json	b8054b5e7258/dongkyu-MS-7D43/OvenRack/out/s8/n2/base
b8054b5e7258	dongkyu-MS-7D43	OvenRack/out	8	3	base	activation	103bb551484a276e	103bb551484a276ec19de08de9de7a27bba9f2fa03afb7c80758f7f94e89148f	lerobot_groot_n15	n15	lerobot_groot_n15__robocasa365_ckpt120000		0	Fully slide the oven rack out.	robocasa_panda_omron/SlideOvenRack_PandaOmron_Env	100037	1300003	0	0			5		1	all_token_full	groot_n15_dit_block_residual_full_tokens_denoise	["layer","denoise_step","model_token","feature_dim"]	[7,4,49,1536]	[0,2,4,8,10,12,15]	n15_grid_v1	grid_coord	meta	meta_json	b8054b5e7258/dongkyu-MS-7D43/OvenRack/out/s8/n3/base
b8054b5e7258	dongkyu-MS-7D43	OvenRack/out	8	4	base	activation	85d89bc53f56e1b8	85d89bc53f56e1b84f99fa0b6a70026693eda565bbca7bd9923a5f49ae495f34	lerobot_groot_n15	n15	lerobot_groot_n15__robocasa365_ckpt120000		0	Fully slide the oven rack out.	robocasa_panda_omron/SlideOvenRack_PandaOmron_Env	100037	1300004	0	0			5		1	all_token_full	groot_n15_dit_block_residual_full_tokens_denoise	["layer","denoise_step","model_token","feature_dim"]	[7,4,49,1536]	[0,2,4,8,10,12,15]	n15_grid_v1	grid_coord	meta	meta_json	b8054b5e7258/dongkyu-MS-7D43/OvenRack/out/s8/n4/base
b8054b5e7258	dongkyu-MS-7D43	OvenRack/out	8	5	base	activation	f30e8fe6853e2354	f30e8fe6853e23543d6169e48c22656f09bac5c61411ae1d64a5b51cf57614b9	lerobot_groot_n15	n15	lerobot_groot_n15__robocasa365_ckpt120000		0	Fully slide the oven rack out.	robocasa_panda_omron/SlideOvenRack_PandaOmron_Env	100037	1300005	0	0			5		1	all_token_full	groot_n15_dit_block_residual_full_tokens_denoise	["layer","denoise_step","model_token","feature_dim"]	[7,4,49,1536]	[0,2,4,8,10,12,15]	n15_grid_v1	grid_coord	meta	meta_json	b8054b5e7258/dongkyu-MS-7D43/OvenRack/out/s8/n5/base
b8054b5e7258	dongkyu-MS-7D43	OvenRack/out	8	6	base	activation	bc568bab71251fa8	bc568bab71251fa8a3923c05b2aa9a8a64dbd2b4e78aac1f24665ae8c9551da2	lerobot_groot_n15	n15	lerobot_groot_n15__robocasa365_ckpt120000		0	Fully slide the oven rack out.	robocasa_panda_omron/SlideOvenRack_PandaOmron_Env	100037	1300006	0	0			5		1	all_token_full	groot_n15_dit_block_residual_full_tokens_denoise	["layer","denoise_step","model_token","feature_dim"]	[7,4,49,1536]	[0,2,4,8,10,12,15]	n15_grid_v1	grid_coord	meta	meta_json	b8054b5e7258/dongkyu-MS-7D43/OvenRack/out/s8/n6/base
b8054b5e7258	dongkyu-MS-7D43	OvenRack/out	8	7	base	activation	9960b3d3dfb38893	9960b3d3dfb388930cff5ee18d70c38d2fe39321cc0f295f5fc6872caed7915a	lerobot_groot_n15	n15	lerobot_groot_n15__robocasa365_ckpt120000		0	Fully slide the oven rack out.	robocasa_panda_omron/SlideOvenRack_PandaOmron_Env	100037	1300007	0	0			5		1	all_token_full	groot_n15_dit_block_residual_full_tokens_denoise	["layer","denoise_step","model_token","feature_dim"]	[7,4,49,1536]	[0,2,4,8,10,12,15]	n15_grid_v1	grid_coord	meta	meta_json	b8054b5e7258/dongkyu-MS-7D43/OvenRack/out/s8/n7/base
b8054b5e7258	dongkyu-MS-7D43	OvenRack/out	8	8	base	activation	468e6143534d0885	468e6143534d08859bde69c6e91141c59023e1cb27b6fc93c263ed00151a913a	lerobot_groot_n15	n15	lerobot_groot_n15__robocasa365_ckpt120000		0	Fully slide the oven rack out.	robocasa_panda_omron/SlideOvenRack_PandaOmron_Env	100037	1300008	0	0			5		1	all_token_full	groot_n15_dit_block_residual_full_tokens_denoise	["layer","denoise_step","model_token","feature_dim"]	[7,4,49,1536]	[0,2,4,8,10,12,15]	n15_grid_v1	grid_coord	meta	meta_json	b8054b5e7258/dongkyu-MS-7D43/OvenRack/out/s8/n8/base
b8054b5e7258	dongkyu-MS-7D43	OvenRack/out	8	9	base	activation	9b9866b744a118b6	9b9866b744a118b6fd9c5e8efd8920636a9a4e9e8b6c426b1a54e0ec6bca6fcf	lerobot_groot_n15	n15	lerobot_groot_n15__robocasa365_ckpt120000		0	Fully slide the oven rack out.	robocasa_panda_omron/SlideOvenRack_PandaOmron_Env	100037	1300009	0	0			5		1	all_token_full	groot_n15_dit_block_residual_full_tokens_denoise	["layer","denoise_step","model_token","feature_dim"]	[7,4,49,1536]	[0,2,4,8,10,12,15]	n15_grid_v1	grid_coord	meta	meta_json	b8054b5e7258/dongkyu-MS-7D43/OvenRack/out/s8/n9/base
b8054b5e7258	dongkyu-MS-7D43	OvenRack/out	9	0	base	activation	da58aecf1f865920	da58aecf1f86592010b15da40d74201d783ddbbc7cb5c288e29a250287ba3105	lerobot_groot_n15	n15	lerobot_groot_n15__robocasa365_ckpt120000		0	Fully slide the oven rack out.	robocasa_panda_omron/SlideOvenRack_PandaOmron_Env	100042	1300000	0	0			5		1	all_token_full	groot_n15_dit_block_residual_full_tokens_denoise	["layer","denoise_step","model_token","feature_dim"]	[7,4,49,1536]	[0,2,4,8,10,12,15]	n15_grid_v1	grid_coord	meta	meta_json	b8054b5e7258/dongkyu-MS-7D43/OvenRack/out/s9/n0/base
b8054b5e7258	dongkyu-MS-7D43	OvenRack/out	9	1	base	activation	5332529491eeb1a5	5332529491eeb1a545cdfae4f2c8cdee52a22eb5e4b758b9db016b6b2b151616	lerobot_groot_n15	n15	lerobot_groot_n15__robocasa365_ckpt120000		0	Fully slide the oven rack out.	robocasa_panda_omron/SlideOvenRack_PandaOmron_Env	100042	1300001	0	0			5		1	all_token_full	groot_n15_dit_block_residual_full_tokens_denoise	["layer","denoise_step","model_token","feature_dim"]	[7,4,49,1536]	[0,2,4,8,10,12,15]	n15_grid_v1	grid_coord	meta	meta_json	b8054b5e7258/dongkyu-MS-7D43/OvenRack/out/s9/n1/base
b8054b5e7258	dongkyu-MS-7D43	OvenRack/out	9	2	base	activation	50760879d7a851ff	50760879d7a851ff59893a937cd61e9841a810835f99b4997c7c66f8f50926e0	lerobot_groot_n15	n15	lerobot_groot_n15__robocasa365_ckpt120000		0	Fully slide the oven rack out.	robocasa_panda_omron/SlideOvenRack_PandaOmron_Env	100042	1300002	0	0			5		1	all_token_full	groot_n15_dit_block_residual_full_tokens_denoise	["layer","denoise_step","model_token","feature_dim"]	[7,4,49,1536]	[0,2,4,8,10,12,15]	n15_grid_v1	grid_coord	meta	meta_json	b8054b5e7258/dongkyu-MS-7D43/OvenRack/out/s9/n2/base
b8054b5e7258	dongkyu-MS-7D43	OvenRack/out	9	3	base	activation	08f59fdd1b24f685	08f59fdd1b24f685e7ec424dd811ece0c34b4aed0f096a64e20bde319754e413	lerobot_groot_n15	n15	lerobot_groot_n15__robocasa365_ckpt120000		0	Fully slide the oven rack out.	robocasa_panda_omron/SlideOvenRack_PandaOmron_Env	100042	1300003	0	0			5		1	all_token_full	groot_n15_dit_block_residual_full_tokens_denoise	["layer","denoise_step","model_token","feature_dim"]	[7,4,49,1536]	[0,2,4,8,10,12,15]	n15_grid_v1	grid_coord	meta	meta_json	b8054b5e7258/dongkyu-MS-7D43/OvenRack/out/s9/n3/base
b8054b5e7258	dongkyu-MS-7D43	OvenRack/out	9	4	base	activation	83ac50b395548d70	83ac50b395548d70bfdd6f474e0279b98e7eec8b60b624c8f17a0583b22de98e	lerobot_groot_n15	n15	lerobot_groot_n15__robocasa365_ckpt120000		0	Fully slide the oven rack out.	robocasa_panda_omron/SlideOvenRack_PandaOmron_Env	100042	1300004	0	0			5		1	all_token_full	groot_n15_dit_block_residual_full_tokens_denoise	["layer","denoise_step","model_token","feature_dim"]	[7,4,49,1536]	[0,2,4,8,10,12,15]	n15_grid_v1	grid_coord	meta	meta_json	b8054b5e7258/dongkyu-MS-7D43/OvenRack/out/s9/n4/base
b8054b5e7258	dongkyu-MS-7D43	OvenRack/out	9	5	base	activation	3e6f1170b58936d8	3e6f1170b58936d857bef0d2af95a69e20fdbb906ace0d1dea8bd448ea4bf66b	lerobot_groot_n15	n15	lerobot_groot_n15__robocasa365_ckpt120000		0	Fully slide the oven rack out.	robocasa_panda_omron/SlideOvenRack_PandaOmron_Env	100042	1300005	0	0			5		1	all_token_full	groot_n15_dit_block_residual_full_tokens_denoise	["layer","denoise_step","model_token","feature_dim"]	[7,4,49,1536]	[0,2,4,8,10,12,15]	n15_grid_v1	grid_coord	meta	meta_json	b8054b5e7258/dongkyu-MS-7D43/OvenRack/out/s9/n5/base
b8054b5e7258	dongkyu-MS-7D43	OvenRack/out	9	6	base	activation	f45a60668d1b1f39	f45a60668d1b1f39aebae5bc1cfef86d6df9b9de99c3e520afd5a26690211272	lerobot_groot_n15	n15	lerobot_groot_n15__robocasa365_ckpt120000		0	Fully slide the oven rack out.	robocasa_panda_omron/SlideOvenRack_PandaOmron_Env	100042	1300006	0	0			5		1	all_token_full	groot_n15_dit_block_residual_full_tokens_denoise	["layer","denoise_step","model_token","feature_dim"]	[7,4,49,1536]	[0,2,4,8,10,12,15]	n15_grid_v1	grid_coord	meta	meta_json	b8054b5e7258/dongkyu-MS-7D43/OvenRack/out/s9/n6/base
b8054b5e7258	dongkyu-MS-7D43	OvenRack/out	9	7	base	activation	dbc5c9c92dd6b477	dbc5c9c92dd6b477f484e3aeefae3b7ddf6d4e23e588692a1cd7b7568023487c	lerobot_groot_n15	n15	lerobot_groot_n15__robocasa365_ckpt120000		0	Fully slide the oven rack out.	robocasa_panda_omron/SlideOvenRack_PandaOmron_Env	100042	1300007	0	0			5		1	all_token_full	groot_n15_dit_block_residual_full_tokens_denoise	["layer","denoise_step","model_token","feature_dim"]	[7,4,49,1536]	[0,2,4,8,10,12,15]	n15_grid_v1	grid_coord	meta	meta_json	b8054b5e7258/dongkyu-MS-7D43/OvenRack/out/s9/n7/base
b8054b5e7258	dongkyu-MS-7D43	OvenRack/out	9	8	base	activation	fe48666f42946387	fe48666f429463871b2f105fe25dc5b3b10162f39693d0e31c9dd13901fc89f9	lerobot_groot_n15	n15	lerobot_groot_n15__robocasa365_ckpt120000		0	Fully slide the oven rack out.	robocasa_panda_omron/SlideOvenRack_PandaOmron_Env	100042	1300008	0	0			5		1	all_token_full	groot_n15_dit_block_residual_full_tokens_denoise	["layer","denoise_step","model_token","feature_dim"]	[7,4,49,1536]	[0,2,4,8,10,12,15]	n15_grid_v1	grid_coord	meta	meta_json	b8054b5e7258/dongkyu-MS-7D43/OvenRack/out/s9/n8/base
b8054b5e7258	dongkyu-MS-7D43	OvenRack/out	9	9	base	activation	d4c6ee06b5de3c60	d4c6ee06b5de3c603a1a80506d58c67d16ac7a5ab692b0bd9d8b60235cd12559	lerobot_groot_n15	n15	lerobot_groot_n15__robocasa365_ckpt120000		0	Fully slide the oven rack out.	robocasa_panda_omron/SlideOvenRack_PandaOmron_Env	100042	1300009	0	0			5		1	all_token_full	groot_n15_dit_block_residual_full_tokens_denoise	["layer","denoise_step","model_token","feature_dim"]	[7,4,49,1536]	[0,2,4,8,10,12,15]	n15_grid_v1	grid_coord	meta	meta_json	b8054b5e7258/dongkyu-MS-7D43/OvenRack/out/s9/n9/base
b8054b5e7258	kanu	OpenDrawer/left	0	0	base	activation	f62235081e9bc0b3	f62235081e9bc0b3f10cc20131c30419c46dd4236ef8e8d1889943fe24fc9201	lerobot_groot_n15	n15	lerobot_groot_n15__robocasa365_ckpt120000		0	Open the left drawer.	robocasa_panda_omron/OpenDrawer_PandaOmron_Env	100001	1300000	0	0			5		1	all_token_full	groot_n15_dit_block_residual_full_tokens_denoise	["layer","denoise_step","model_token","feature_dim"]	[7,4,49,1536]	[0,2,4,8,10,12,15]	n15_grid_v1	grid_coord	meta	meta_json	b8054b5e7258/kanu/OpenDrawer/left/s0/n0/base
b8054b5e7258	kanu	OpenDrawer/left	0	1	base	activation	d95b73dba32cf233	d95b73dba32cf2337711ad7f507baa8298d6bbaa2cc47b932816a093b3529520	lerobot_groot_n15	n15	lerobot_groot_n15__robocasa365_ckpt120000		0	Open the left drawer.	robocasa_panda_omron/OpenDrawer_PandaOmron_Env	100001	1300001	0	0			5		1	all_token_full	groot_n15_dit_block_residual_full_tokens_denoise	["layer","denoise_step","model_token","feature_dim"]	[7,4,49,1536]	[0,2,4,8,10,12,15]	n15_grid_v1	grid_coord	meta	meta_json	b8054b5e7258/kanu/OpenDrawer/left/s0/n1/base
b8054b5e7258	kanu	OpenDrawer/left	0	2	base	activation	3ea55e2ae9b28473	3ea55e2ae9b284734ab431e580b66340f325278fdfaac11d82e73f11a6c39159	lerobot_groot_n15	n15	lerobot_groot_n15__robocasa365_ckpt120000		0	Open the left drawer.	robocasa_panda_omron/OpenDrawer_PandaOmron_Env	100001	1300002	0	0			5		1	all_token_full	groot_n15_dit_block_residual_full_tokens_denoise	["layer","denoise_step","model_token","feature_dim"]	[7,4,49,1536]	[0,2,4,8,10,12,15]	n15_grid_v1	grid_coord	meta	meta_json	b8054b5e7258/kanu/OpenDrawer/left/s0/n2/base
b8054b5e7258	kanu	OpenDrawer/left	0	3	base	activation	b6a524246d83d73c	b6a524246d83d73c726a886204af93f2833f0d43e48a546508dfc812c542e7e2	lerobot_groot_n15	n15	lerobot_groot_n15__robocasa365_ckpt120000		0	Open the left drawer.	robocasa_panda_omron/OpenDrawer_PandaOmron_Env	100001	1300003	0	0			5		1	all_token_full	groot_n15_dit_block_residual_full_tokens_denoise	["layer","denoise_step","model_token","feature_dim"]	[7,4,49,1536]	[0,2,4,8,10,12,15]	n15_grid_v1	grid_coord	meta	meta_json	b8054b5e7258/kanu/OpenDrawer/left/s0/n3/base
b8054b5e7258	kanu	OpenDrawer/left	0	4	base	activation	7519620d7c7e9097	7519620d7c7e9097b4eadd5ab1cd9599dd3d2762a5ec8f15bd1af0267ac30f8c	lerobot_groot_n15	n15	lerobot_groot_n15__robocasa365_ckpt120000		0	Open the left drawer.	robocasa_panda_omron/OpenDrawer_PandaOmron_Env	100001	1300004	0	0			5		1	all_token_full	groot_n15_dit_block_residual_full_tokens_denoise	["layer","denoise_step","model_token","feature_dim"]	[7,4,49,1536]	[0,2,4,8,10,12,15]	n15_grid_v1	grid_coord	meta	meta_json	b8054b5e7258/kanu/OpenDrawer/left/s0/n4/base
b8054b5e7258	kanu	OpenDrawer/left	0	5	base	activation	a47223e4ff279d59	a47223e4ff279d59eff867e868d289db8e5850da1eff286250e89d81f7b88a68	lerobot_groot_n15	n15	lerobot_groot_n15__robocasa365_ckpt120000		0	Open the left drawer.	robocasa_panda_omron/OpenDrawer_PandaOmron_Env	100001	1300005	0	0			5		1	all_token_full	groot_n15_dit_block_residual_full_tokens_denoise	["layer","denoise_step","model_token","feature_dim"]	[7,4,49,1536]	[0,2,4,8,10,12,15]	n15_grid_v1	grid_coord	meta	meta_json	b8054b5e7258/kanu/OpenDrawer/left/s0/n5/base
b8054b5e7258	kanu	OpenDrawer/left	0	6	base	activation	2f75eaba68eb684a	2f75eaba68eb684a6aedc8a425eac1c04e5777d512786abdcd20ba0c912265ff	lerobot_groot_n15	n15	lerobot_groot_n15__robocasa365_ckpt120000		0	Open the left drawer.	robocasa_panda_omron/OpenDrawer_PandaOmron_Env	100001	1300006	0	1			5		1	all_token_full	groot_n15_dit_block_residual_full_tokens_denoise	["layer","denoise_step","model_token","feature_dim"]	[7,4,49,1536]	[0,2,4,8,10,12,15]	n15_grid_v1	grid_coord	meta	meta_json	b8054b5e7258/kanu/OpenDrawer/left/s0/n6/base
b8054b5e7258	kanu	OpenDrawer/left	0	7	base	activation	24b148208c5ee24f	24b148208c5ee24fcf4dc272f8f966e3844bfacbcb6ea04792af213c813684c4	lerobot_groot_n15	n15	lerobot_groot_n15__robocasa365_ckpt120000		0	Open the left drawer.	robocasa_panda_omron/OpenDrawer_PandaOmron_Env	100001	1300007	0	1			5		1	all_token_full	groot_n15_dit_block_residual_full_tokens_denoise	["layer","denoise_step","model_token","feature_dim"]	[7,4,49,1536]	[0,2,4,8,10,12,15]	n15_grid_v1	grid_coord	meta	meta_json	b8054b5e7258/kanu/OpenDrawer/left/s0/n7/base
b8054b5e7258	kanu	OpenDrawer/left	0	8	base	activation	38fdead0e34441e9	38fdead0e34441e9175d698b0d77b4cbfb120dcff0e72c8a92f60265eacdf700	lerobot_groot_n15	n15	lerobot_groot_n15__robocasa365_ckpt120000		0	Open the left drawer.	robocasa_panda_omron/OpenDrawer_PandaOmron_Env	100001	1300008	0	1			5		1	all_token_full	groot_n15_dit_block_residual_full_tokens_denoise	["layer","denoise_step","model_token","feature_dim"]	[7,4,49,1536]	[0,2,4,8,10,12,15]	n15_grid_v1	grid_coord	meta	meta_json	b8054b5e7258/kanu/OpenDrawer/left/s0/n8/base
b8054b5e7258	kanu	OpenDrawer/left	0	9	base	activation	318c6c7240c3fb8b	318c6c7240c3fb8bc2de363541bb1eaa9b23ef2b713d6b9fb36683a16d5bba6d	lerobot_groot_n15	n15	lerobot_groot_n15__robocasa365_ckpt120000		0	Open the left drawer.	robocasa_panda_omron/OpenDrawer_PandaOmron_Env	100001	1300009	0	1			5		1	all_token_full	groot_n15_dit_block_residual_full_tokens_denoise	["layer","denoise_step","model_token","feature_dim"]	[7,4,49,1536]	[0,2,4,8,10,12,15]	n15_grid_v1	grid_coord	meta	meta_json	b8054b5e7258/kanu/OpenDrawer/left/s0/n9/base
b8054b5e7258	kanu	OpenDrawer/left	1	0	base	activation	aaa70dae71fdd432	aaa70dae71fdd432836f60568beb0a7aac347f87e7b0a417f38742ce4d5631fb	lerobot_groot_n15	n15	lerobot_groot_n15__robocasa365_ckpt120000		0	Open the left drawer.	robocasa_panda_omron/OpenDrawer_PandaOmron_Env	100002	1300000	0	1			5		1	all_token_full	groot_n15_dit_block_residual_full_tokens_denoise	["layer","denoise_step","model_token","feature_dim"]	[7,4,49,1536]	[0,2,4,8,10,12,15]	n15_grid_v1	grid_coord	meta	meta_json	b8054b5e7258/kanu/OpenDrawer/left/s1/n0/base
b8054b5e7258	kanu	OpenDrawer/left	1	1	base	activation	1a5c37884f9230ec	1a5c37884f9230ec2835409902e8d2e6540a6c33e4e4454b5af889928e2c0f36	lerobot_groot_n15	n15	lerobot_groot_n15__robocasa365_ckpt120000		0	Open the left drawer.	robocasa_panda_omron/OpenDrawer_PandaOmron_Env	100002	1300001	0	0			5		1	all_token_full	groot_n15_dit_block_residual_full_tokens_denoise	["layer","denoise_step","model_token","feature_dim"]	[7,4,49,1536]	[0,2,4,8,10,12,15]	n15_grid_v1	grid_coord	meta	meta_json	b8054b5e7258/kanu/OpenDrawer/left/s1/n1/base
b8054b5e7258	kanu	OpenDrawer/left	1	2	base	activation	6cbc773cbc257ae7	6cbc773cbc257ae7893013781db7bb1524086a03a138a97aa39d7c03cc352758	lerobot_groot_n15	n15	lerobot_groot_n15__robocasa365_ckpt120000		0	Open the left drawer.	robocasa_panda_omron/OpenDrawer_PandaOmron_Env	100002	1300002	0	1			5		1	all_token_full	groot_n15_dit_block_residual_full_tokens_denoise	["layer","denoise_step","model_token","feature_dim"]	[7,4,49,1536]	[0,2,4,8,10,12,15]	n15_grid_v1	grid_coord	meta	meta_json	b8054b5e7258/kanu/OpenDrawer/left/s1/n2/base
b8054b5e7258	kanu	OpenDrawer/left	1	3	base	activation	df8974feb9406b95	df8974feb9406b952af353b0fd9d10b1251a9b520b74a2be426a3d0cf35ac446	lerobot_groot_n15	n15	lerobot_groot_n15__robocasa365_ckpt120000		0	Open the left drawer.	robocasa_panda_omron/OpenDrawer_PandaOmron_Env	100002	1300003	0	0			5		1	all_token_full	groot_n15_dit_block_residual_full_tokens_denoise	["layer","denoise_step","model_token","feature_dim"]	[7,4,49,1536]	[0,2,4,8,10,12,15]	n15_grid_v1	grid_coord	meta	meta_json	b8054b5e7258/kanu/OpenDrawer/left/s1/n3/base
b8054b5e7258	kanu	OpenDrawer/left	1	4	base	activation	9f85d4abc149f5fb	9f85d4abc149f5fb490730a69d12bd855e396879b07c0038bf3051a69415fa96	lerobot_groot_n15	n15	lerobot_groot_n15__robocasa365_ckpt120000		0	Open the left drawer.	robocasa_panda_omron/OpenDrawer_PandaOmron_Env	100002	1300004	0	0			5		1	all_token_full	groot_n15_dit_block_residual_full_tokens_denoise	["layer","denoise_step","model_token","feature_dim"]	[7,4,49,1536]	[0,2,4,8,10,12,15]	n15_grid_v1	grid_coord	meta	meta_json	b8054b5e7258/kanu/OpenDrawer/left/s1/n4/base
b8054b5e7258	kanu	OpenDrawer/left	1	5	base	activation	06a9bfc15ec5b0a1	06a9bfc15ec5b0a126dd0bdb7d2b80d4bb140855d98b7dac167998fa17a558bd	lerobot_groot_n15	n15	lerobot_groot_n15__robocasa365_ckpt120000		0	Open the left drawer.	robocasa_panda_omron/OpenDrawer_PandaOmron_Env	100002	1300005	0	0			5		1	all_token_full	groot_n15_dit_block_residual_full_tokens_denoise	["layer","denoise_step","model_token","feature_dim"]	[7,4,49,1536]	[0,2,4,8,10,12,15]	n15_grid_v1	grid_coord	meta	meta_json	b8054b5e7258/kanu/OpenDrawer/left/s1/n5/base
b8054b5e7258	kanu	OpenDrawer/left	1	6	base	activation	d95b531d9c0dbc78	d95b531d9c0dbc7825593b5c6d5e67e35a8e2a7d96e03204ae4b6e2872e503d6	lerobot_groot_n15	n15	lerobot_groot_n15__robocasa365_ckpt120000		0	Open the left drawer.	robocasa_panda_omron/OpenDrawer_PandaOmron_Env	100002	1300006	0	0			5		1	all_token_full	groot_n15_dit_block_residual_full_tokens_denoise	["layer","denoise_step","model_token","feature_dim"]	[7,4,49,1536]	[0,2,4,8,10,12,15]	n15_grid_v1	grid_coord	meta	meta_json	b8054b5e7258/kanu/OpenDrawer/left/s1/n6/base
b8054b5e7258	kanu	OpenDrawer/left	1	7	base	activation	9a2859b253c7b3ef	9a2859b253c7b3ef73c19f41b2fc5979b713ab31e0be2d574673bdeee222790e	lerobot_groot_n15	n15	lerobot_groot_n15__robocasa365_ckpt120000		0	Open the left drawer.	robocasa_panda_omron/OpenDrawer_PandaOmron_Env	100002	1300007	0	0			5		1	all_token_full	groot_n15_dit_block_residual_full_tokens_denoise	["layer","denoise_step","model_token","feature_dim"]	[7,4,49,1536]	[0,2,4,8,10,12,15]	n15_grid_v1	grid_coord	meta	meta_json	b8054b5e7258/kanu/OpenDrawer/left/s1/n7/base
b8054b5e7258	kanu	OpenDrawer/left	1	8	base	activation	74f58bc6686c71be	74f58bc6686c71be3eea22bad12b9c5755bafa22fe731662a96f61a7cfebf279	lerobot_groot_n15	n15	lerobot_groot_n15__robocasa365_ckpt120000		0	Open the left drawer.	robocasa_panda_omron/OpenDrawer_PandaOmron_Env	100002	1300008	0	0			5		1	all_token_full	groot_n15_dit_block_residual_full_tokens_denoise	["layer","denoise_step","model_token","feature_dim"]	[7,4,49,1536]	[0,2,4,8,10,12,15]	n15_grid_v1	grid_coord	meta	meta_json	b8054b5e7258/kanu/OpenDrawer/left/s1/n8/base
b8054b5e7258	kanu	OpenDrawer/left	1	9	base	activation	b1576aedd35c8cff	b1576aedd35c8cff8943b9b8bc5d413f07492e879ba9efcb2161dde6bdb97066	lerobot_groot_n15	n15	lerobot_groot_n15__robocasa365_ckpt120000		0	Open the left drawer.	robocasa_panda_omron/OpenDrawer_PandaOmron_Env	100002	1300009	0	0			5		1	all_token_full	groot_n15_dit_block_residual_full_tokens_denoise	["layer","denoise_step","model_token","feature_dim"]	[7,4,49,1536]	[0,2,4,8,10,12,15]	n15_grid_v1	grid_coord	meta	meta_json	b8054b5e7258/kanu/OpenDrawer/left/s1/n9/base
b8054b5e7258	kanu	OpenDrawer/left	2	0	base	activation	df440f83d042093c	df440f83d042093c9360780dbb07fe9793e0fb0ef800ae6a59f55e116b9dbbc5	lerobot_groot_n15	n15	lerobot_groot_n15__robocasa365_ckpt120000		0	Open the left drawer.	robocasa_panda_omron/OpenDrawer_PandaOmron_Env	100004	1300000	0	0			5		1	all_token_full	groot_n15_dit_block_residual_full_tokens_denoise	["layer","denoise_step","model_token","feature_dim"]	[7,4,49,1536]	[0,2,4,8,10,12,15]	n15_grid_v1	grid_coord	meta	meta_json	b8054b5e7258/kanu/OpenDrawer/left/s2/n0/base
b8054b5e7258	kanu	OpenDrawer/left	2	1	base	activation	36dfbc39cf7c2249	36dfbc39cf7c2249f02b1e4a6c5c7193e7d1c14c6ced3e952e81e29cc11d3444	lerobot_groot_n15	n15	lerobot_groot_n15__robocasa365_ckpt120000		0	Open the left drawer.	robocasa_panda_omron/OpenDrawer_PandaOmron_Env	100004	1300001	0	1			5		1	all_token_full	groot_n15_dit_block_residual_full_tokens_denoise	["layer","denoise_step","model_token","feature_dim"]	[7,4,49,1536]	[0,2,4,8,10,12,15]	n15_grid_v1	grid_coord	meta	meta_json	b8054b5e7258/kanu/OpenDrawer/left/s2/n1/base
b8054b5e7258	kanu	OpenDrawer/left	2	2	base	activation	0bbb07fc8a2ab8a4	0bbb07fc8a2ab8a4e0d6bb3acfaf407f5b91ea2a65482156b2675635be5bb05e	lerobot_groot_n15	n15	lerobot_groot_n15__robocasa365_ckpt120000		0	Open the left drawer.	robocasa_panda_omron/OpenDrawer_PandaOmron_Env	100004	1300002	0	1			5		1	all_token_full	groot_n15_dit_block_residual_full_tokens_denoise	["layer","denoise_step","model_token","feature_dim"]	[7,4,49,1536]	[0,2,4,8,10,12,15]	n15_grid_v1	grid_coord	meta	meta_json	b8054b5e7258/kanu/OpenDrawer/left/s2/n2/base
b8054b5e7258	kanu	OpenDrawer/left	2	3	base	activation	126b54ab8f22fc4a	126b54ab8f22fc4ac2a7fcfb229557147258c84ef56a8b4af866fce4f620f18a	lerobot_groot_n15	n15	lerobot_groot_n15__robocasa365_ckpt120000		0	Open the left drawer.	robocasa_panda_omron/OpenDrawer_PandaOmron_Env	100004	1300003	0	1			5		1	all_token_full	groot_n15_dit_block_residual_full_tokens_denoise	["layer","denoise_step","model_token","feature_dim"]	[7,4,49,1536]	[0,2,4,8,10,12,15]	n15_grid_v1	grid_coord	meta	meta_json	b8054b5e7258/kanu/OpenDrawer/left/s2/n3/base
b8054b5e7258	kanu	OpenDrawer/left	2	4	base	activation	be63b596c8814ae5	be63b596c8814ae53181f66bfa4875af1b14dc1fc4e1758f8e670b5429d2fca7	lerobot_groot_n15	n15	lerobot_groot_n15__robocasa365_ckpt120000		0	Open the left drawer.	robocasa_panda_omron/OpenDrawer_PandaOmron_Env	100004	1300004	0	1			5		1	all_token_full	groot_n15_dit_block_residual_full_tokens_denoise	["layer","denoise_step","model_token","feature_dim"]	[7,4,49,1536]	[0,2,4,8,10,12,15]	n15_grid_v1	grid_coord	meta	meta_json	b8054b5e7258/kanu/OpenDrawer/left/s2/n4/base
b8054b5e7258	kanu	OpenDrawer/left	2	5	base	activation	e4c4ff7fee9613c1	e4c4ff7fee9613c1b94940ed8c14ba2e2700e629d6ae6638ac0b93711717b128	lerobot_groot_n15	n15	lerobot_groot_n15__robocasa365_ckpt120000		0	Open the left drawer.	robocasa_panda_omron/OpenDrawer_PandaOmron_Env	100004	1300005	0	1			5		1	all_token_full	groot_n15_dit_block_residual_full_tokens_denoise	["layer","denoise_step","model_token","feature_dim"]	[7,4,49,1536]	[0,2,4,8,10,12,15]	n15_grid_v1	grid_coord	meta	meta_json	b8054b5e7258/kanu/OpenDrawer/left/s2/n5/base
b8054b5e7258	kanu	OpenDrawer/left	2	6	base	activation	8b0d40c74b2092d9	8b0d40c74b2092d9299b69a3f93a28514466f47d140289470701d4f15b1d8c2a	lerobot_groot_n15	n15	lerobot_groot_n15__robocasa365_ckpt120000		0	Open the left drawer.	robocasa_panda_omron/OpenDrawer_PandaOmron_Env	100004	1300006	0	1			5		1	all_token_full	groot_n15_dit_block_residual_full_tokens_denoise	["layer","denoise_step","model_token","feature_dim"]	[7,4,49,1536]	[0,2,4,8,10,12,15]	n15_grid_v1	grid_coord	meta	meta_json	b8054b5e7258/kanu/OpenDrawer/left/s2/n6/base
b8054b5e7258	kanu	OpenDrawer/left	2	7	base	activation	fef376904af094f0	fef376904af094f0ba8732dc3c03e3092a8733e4c777f24d22b44a215ca16721	lerobot_groot_n15	n15	lerobot_groot_n15__robocasa365_ckpt120000		0	Open the left drawer.	robocasa_panda_omron/OpenDrawer_PandaOmron_Env	100004	1300007	0	1			5		1	all_token_full	groot_n15_dit_block_residual_full_tokens_denoise	["layer","denoise_step","model_token","feature_dim"]	[7,4,49,1536]	[0,2,4,8,10,12,15]	n15_grid_v1	grid_coord	meta	meta_json	b8054b5e7258/kanu/OpenDrawer/left/s2/n7/base
b8054b5e7258	kanu	OpenDrawer/left	2	8	base	activation	5c28f5208ca935d7	5c28f5208ca935d7dada47b4925fa5fed4def2e6b56f9a0b0c922295978314bf	lerobot_groot_n15	n15	lerobot_groot_n15__robocasa365_ckpt120000		0	Open the left drawer.	robocasa_panda_omron/OpenDrawer_PandaOmron_Env	100004	1300008	0	1			5		1	all_token_full	groot_n15_dit_block_residual_full_tokens_denoise	["layer","denoise_step","model_token","feature_dim"]	[7,4,49,1536]	[0,2,4,8,10,12,15]	n15_grid_v1	grid_coord	meta	meta_json	b8054b5e7258/kanu/OpenDrawer/left/s2/n8/base
b8054b5e7258	kanu	OpenDrawer/left	2	9	base	activation	4e57de18e264e8a9	4e57de18e264e8a97f210c5110216d62173adaf4b8abc226e568b0b1c5b80e26	lerobot_groot_n15	n15	lerobot_groot_n15__robocasa365_ckpt120000		0	Open the left drawer.	robocasa_panda_omron/OpenDrawer_PandaOmron_Env	100004	1300009	0	0			5		1	all_token_full	groot_n15_dit_block_residual_full_tokens_denoise	["layer","denoise_step","model_token","feature_dim"]	[7,4,49,1536]	[0,2,4,8,10,12,15]	n15_grid_v1	grid_coord	meta	meta_json	b8054b5e7258/kanu/OpenDrawer/left/s2/n9/base
b8054b5e7258	kanu	OpenDrawer/left	3	0	base	activation	15225d473e364192	15225d473e36419204090be50648accb12919c750507812d1a574a96a530b0cb	lerobot_groot_n15	n15	lerobot_groot_n15__robocasa365_ckpt120000		0	Open the left drawer.	robocasa_panda_omron/OpenDrawer_PandaOmron_Env	100007	1300000	0	1			5		1	all_token_full	groot_n15_dit_block_residual_full_tokens_denoise	["layer","denoise_step","model_token","feature_dim"]	[7,4,49,1536]	[0,2,4,8,10,12,15]	n15_grid_v1	grid_coord	meta	meta_json	b8054b5e7258/kanu/OpenDrawer/left/s3/n0/base
b8054b5e7258	kanu	OpenDrawer/left	3	1	base	activation	3cc04dfe7b3649ea	3cc04dfe7b3649ea8c3cbc5f387a38dcff5be6b960387eeddba86b6246cdcdce	lerobot_groot_n15	n15	lerobot_groot_n15__robocasa365_ckpt120000		0	Open the left drawer.	robocasa_panda_omron/OpenDrawer_PandaOmron_Env	100007	1300001	0	0			5		1	all_token_full	groot_n15_dit_block_residual_full_tokens_denoise	["layer","denoise_step","model_token","feature_dim"]	[7,4,49,1536]	[0,2,4,8,10,12,15]	n15_grid_v1	grid_coord	meta	meta_json	b8054b5e7258/kanu/OpenDrawer/left/s3/n1/base
b8054b5e7258	kanu	OpenDrawer/left	3	2	base	activation	c32d487421dcca27	c32d487421dcca27377276a7cd83223bfa7637ab68c09aa7307b20e506cd3400	lerobot_groot_n15	n15	lerobot_groot_n15__robocasa365_ckpt120000		0	Open the left drawer.	robocasa_panda_omron/OpenDrawer_PandaOmron_Env	100007	1300002	0	0			5		1	all_token_full	groot_n15_dit_block_residual_full_tokens_denoise	["layer","denoise_step","model_token","feature_dim"]	[7,4,49,1536]	[0,2,4,8,10,12,15]	n15_grid_v1	grid_coord	meta	meta_json	b8054b5e7258/kanu/OpenDrawer/left/s3/n2/base
b8054b5e7258	kanu	OpenDrawer/left	3	3	base	activation	33dfcbb26f52298d	33dfcbb26f52298d423444caf48c246975556ec5ee77715bfcf2868cef8fe830	lerobot_groot_n15	n15	lerobot_groot_n15__robocasa365_ckpt120000		0	Open the left drawer.	robocasa_panda_omron/OpenDrawer_PandaOmron_Env	100007	1300003	0	0			5		1	all_token_full	groot_n15_dit_block_residual_full_tokens_denoise	["layer","denoise_step","model_token","feature_dim"]	[7,4,49,1536]	[0,2,4,8,10,12,15]	n15_grid_v1	grid_coord	meta	meta_json	b8054b5e7258/kanu/OpenDrawer/left/s3/n3/base
b8054b5e7258	kanu	OpenDrawer/left	3	4	base	activation	949666f6dfed401e	949666f6dfed401e3ff2f1a73c2f4a5712e6b273891c122660057cd0a3a9964a	lerobot_groot_n15	n15	lerobot_groot_n15__robocasa365_ckpt120000		0	Open the left drawer.	robocasa_panda_omron/OpenDrawer_PandaOmron_Env	100007	1300004	0	1			5		1	all_token_full	groot_n15_dit_block_residual_full_tokens_denoise	["layer","denoise_step","model_token","feature_dim"]	[7,4,49,1536]	[0,2,4,8,10,12,15]	n15_grid_v1	grid_coord	meta	meta_json	b8054b5e7258/kanu/OpenDrawer/left/s3/n4/base
b8054b5e7258	kanu	OpenDrawer/left	3	5	base	activation	d1dcef20b86e5d44	d1dcef20b86e5d44f80d1c5911d4ba4b7982411e90d42879c28296e642007c91	lerobot_groot_n15	n15	lerobot_groot_n15__robocasa365_ckpt120000		0	Open the left drawer.	robocasa_panda_omron/OpenDrawer_PandaOmron_Env	100007	1300005	0	1			5		1	all_token_full	groot_n15_dit_block_residual_full_tokens_denoise	["layer","denoise_step","model_token","feature_dim"]	[7,4,49,1536]	[0,2,4,8,10,12,15]	n15_grid_v1	grid_coord	meta	meta_json	b8054b5e7258/kanu/OpenDrawer/left/s3/n5/base
b8054b5e7258	kanu	OpenDrawer/left	3	6	base	activation	ec249c1ad8b475cf	ec249c1ad8b475cfe03858fa14dc637bf0e932a32244fd93855a92308e71c53e	lerobot_groot_n15	n15	lerobot_groot_n15__robocasa365_ckpt120000		0	Open the left drawer.	robocasa_panda_omron/OpenDrawer_PandaOmron_Env	100007	1300006	0	1			5		1	all_token_full	groot_n15_dit_block_residual_full_tokens_denoise	["layer","denoise_step","model_token","feature_dim"]	[7,4,49,1536]	[0,2,4,8,10,12,15]	n15_grid_v1	grid_coord	meta	meta_json	b8054b5e7258/kanu/OpenDrawer/left/s3/n6/base
b8054b5e7258	kanu	OpenDrawer/left	3	7	base	activation	423fe92806ad9f51	423fe92806ad9f512c7632d1eada96393b2f560f9458fc9ccedae413f10db548	lerobot_groot_n15	n15	lerobot_groot_n15__robocasa365_ckpt120000		0	Open the left drawer.	robocasa_panda_omron/OpenDrawer_PandaOmron_Env	100007	1300007	0	1			5		1	all_token_full	groot_n15_dit_block_residual_full_tokens_denoise	["layer","denoise_step","model_token","feature_dim"]	[7,4,49,1536]	[0,2,4,8,10,12,15]	n15_grid_v1	grid_coord	meta	meta_json	b8054b5e7258/kanu/OpenDrawer/left/s3/n7/base
b8054b5e7258	kanu	OpenDrawer/left	3	8	base	activation	9747941a4de569d0	9747941a4de569d05ede79d28a1d0c2ea59662ddec4a620bd9bdf17c82a950d6	lerobot_groot_n15	n15	lerobot_groot_n15__robocasa365_ckpt120000		0	Open the left drawer.	robocasa_panda_omron/OpenDrawer_PandaOmron_Env	100007	1300008	0	1			5		1	all_token_full	groot_n15_dit_block_residual_full_tokens_denoise	["layer","denoise_step","model_token","feature_dim"]	[7,4,49,1536]	[0,2,4,8,10,12,15]	n15_grid_v1	grid_coord	meta	meta_json	b8054b5e7258/kanu/OpenDrawer/left/s3/n8/base
b8054b5e7258	kanu	OpenDrawer/left	3	9	base	activation	f14c750a10fd6d39	f14c750a10fd6d39d99b04b013a51c1ecef80f6cd3628b9ba378a0308013fe4a	lerobot_groot_n15	n15	lerobot_groot_n15__robocasa365_ckpt120000		0	Open the left drawer.	robocasa_panda_omron/OpenDrawer_PandaOmron_Env	100007	1300009	0	1			5		1	all_token_full	groot_n15_dit_block_residual_full_tokens_denoise	["layer","denoise_step","model_token","feature_dim"]	[7,4,49,1536]	[0,2,4,8,10,12,15]	n15_grid_v1	grid_coord	meta	meta_json	b8054b5e7258/kanu/OpenDrawer/left/s3/n9/base
b8054b5e7258	kanu	OpenDrawer/left	4	0	base	activation	b95c15de2cddc0ab	b95c15de2cddc0ab45a3d81c82f5170cb8bfc82aee4aa4bc5ce30c0573fa27d4	lerobot_groot_n15	n15	lerobot_groot_n15__robocasa365_ckpt120000		0	Open the left drawer.	robocasa_panda_omron/OpenDrawer_PandaOmron_Env	100008	1300000	0	1			5		1	all_token_full	groot_n15_dit_block_residual_full_tokens_denoise	["layer","denoise_step","model_token","feature_dim"]	[7,4,49,1536]	[0,2,4,8,10,12,15]	n15_grid_v1	grid_coord	meta	meta_json	b8054b5e7258/kanu/OpenDrawer/left/s4/n0/base
b8054b5e7258	kanu	OpenDrawer/left	4	1	base	activation	c2161b631fd74c31	c2161b631fd74c31e56e64dcb1f610ab6652c77f840a5a139e6dbf84a91ef5db	lerobot_groot_n15	n15	lerobot_groot_n15__robocasa365_ckpt120000		0	Open the left drawer.	robocasa_panda_omron/OpenDrawer_PandaOmron_Env	100008	1300001	0	1			5		1	all_token_full	groot_n15_dit_block_residual_full_tokens_denoise	["layer","denoise_step","model_token","feature_dim"]	[7,4,49,1536]	[0,2,4,8,10,12,15]	n15_grid_v1	grid_coord	meta	meta_json	b8054b5e7258/kanu/OpenDrawer/left/s4/n1/base
b8054b5e7258	kanu	OpenDrawer/left	4	2	base	activation	f8f201127d92b026	f8f201127d92b026c9acdc0a02d23d097f4e21392cd6f8ebdc3b969360311812	lerobot_groot_n15	n15	lerobot_groot_n15__robocasa365_ckpt120000		0	Open the left drawer.	robocasa_panda_omron/OpenDrawer_PandaOmron_Env	100008	1300002	0	1			5		1	all_token_full	groot_n15_dit_block_residual_full_tokens_denoise	["layer","denoise_step","model_token","feature_dim"]	[7,4,49,1536]	[0,2,4,8,10,12,15]	n15_grid_v1	grid_coord	meta	meta_json	b8054b5e7258/kanu/OpenDrawer/left/s4/n2/base
b8054b5e7258	kanu	OpenDrawer/left	4	3	base	activation	b1d40ce93d31cfc9	b1d40ce93d31cfc92bbaacae05b2027b4944e44091ad3a9f7a4f053cf782db22	lerobot_groot_n15	n15	lerobot_groot_n15__robocasa365_ckpt120000		0	Open the left drawer.	robocasa_panda_omron/OpenDrawer_PandaOmron_Env	100008	1300003	0	1			5		1	all_token_full	groot_n15_dit_block_residual_full_tokens_denoise	["layer","denoise_step","model_token","feature_dim"]	[7,4,49,1536]	[0,2,4,8,10,12,15]	n15_grid_v1	grid_coord	meta	meta_json	b8054b5e7258/kanu/OpenDrawer/left/s4/n3/base
b8054b5e7258	kanu	OpenDrawer/left	4	4	base	activation	844f2c36e4cb888d	844f2c36e4cb888d7add2482bd6343c5a3ec10608b328b94a020e1ffa939cb11	lerobot_groot_n15	n15	lerobot_groot_n15__robocasa365_ckpt120000		0	Open the left drawer.	robocasa_panda_omron/OpenDrawer_PandaOmron_Env	100008	1300004	0	1			5		1	all_token_full	groot_n15_dit_block_residual_full_tokens_denoise	["layer","denoise_step","model_token","feature_dim"]	[7,4,49,1536]	[0,2,4,8,10,12,15]	n15_grid_v1	grid_coord	meta	meta_json	b8054b5e7258/kanu/OpenDrawer/left/s4/n4/base
b8054b5e7258	kanu	OpenDrawer/left	4	5	base	activation	ce89046c5b0526f7	ce89046c5b0526f768dc7f05efa0bf4487dd4332bdf781971b35e1d2ad1d13c4	lerobot_groot_n15	n15	lerobot_groot_n15__robocasa365_ckpt120000		0	Open the left drawer.	robocasa_panda_omron/OpenDrawer_PandaOmron_Env	100008	1300005	0	1			5		1	all_token_full	groot_n15_dit_block_residual_full_tokens_denoise	["layer","denoise_step","model_token","feature_dim"]	[7,4,49,1536]	[0,2,4,8,10,12,15]	n15_grid_v1	grid_coord	meta	meta_json	b8054b5e7258/kanu/OpenDrawer/left/s4/n5/base
b8054b5e7258	kanu	OpenDrawer/left	4	6	base	activation	799144da005b803e	799144da005b803eca2ae1926560d83c7eec0dff6b7f2dc35bf002a0913b8f5b	lerobot_groot_n15	n15	lerobot_groot_n15__robocasa365_ckpt120000		0	Open the left drawer.	robocasa_panda_omron/OpenDrawer_PandaOmron_Env	100008	1300006	0	1			5		1	all_token_full	groot_n15_dit_block_residual_full_tokens_denoise	["layer","denoise_step","model_token","feature_dim"]	[7,4,49,1536]	[0,2,4,8,10,12,15]	n15_grid_v1	grid_coord	meta	meta_json	b8054b5e7258/kanu/OpenDrawer/left/s4/n6/base
b8054b5e7258	kanu	OpenDrawer/left	4	7	base	activation	dc3b3527e327b55c	dc3b3527e327b55c2db81f8da410e9febb303561f3154b666cff50f310b570c0	lerobot_groot_n15	n15	lerobot_groot_n15__robocasa365_ckpt120000		0	Open the left drawer.	robocasa_panda_omron/OpenDrawer_PandaOmron_Env	100008	1300007	0	1			5		1	all_token_full	groot_n15_dit_block_residual_full_tokens_denoise	["layer","denoise_step","model_token","feature_dim"]	[7,4,49,1536]	[0,2,4,8,10,12,15]	n15_grid_v1	grid_coord	meta	meta_json	b8054b5e7258/kanu/OpenDrawer/left/s4/n7/base
b8054b5e7258	kanu	OpenDrawer/left	4	8	base	activation	81507fd34d884822	81507fd34d884822e1be0d978206c0bb32be0897b1cc58366c2ad53b10f1fc42	lerobot_groot_n15	n15	lerobot_groot_n15__robocasa365_ckpt120000		0	Open the left drawer.	robocasa_panda_omron/OpenDrawer_PandaOmron_Env	100008	1300008	0	1			5		1	all_token_full	groot_n15_dit_block_residual_full_tokens_denoise	["layer","denoise_step","model_token","feature_dim"]	[7,4,49,1536]	[0,2,4,8,10,12,15]	n15_grid_v1	grid_coord	meta	meta_json	b8054b5e7258/kanu/OpenDrawer/left/s4/n8/base
b8054b5e7258	kanu	OpenDrawer/left	4	9	base	activation	c67f02afdc79121d	c67f02afdc79121d4c7cb3646217e39877565f81b042eb823178cf0008c54488	lerobot_groot_n15	n15	lerobot_groot_n15__robocasa365_ckpt120000		0	Open the left drawer.	robocasa_panda_omron/OpenDrawer_PandaOmron_Env	100008	1300009	0	1			5		1	all_token_full	groot_n15_dit_block_residual_full_tokens_denoise	["layer","denoise_step","model_token","feature_dim"]	[7,4,49,1536]	[0,2,4,8,10,12,15]	n15_grid_v1	grid_coord	meta	meta_json	b8054b5e7258/kanu/OpenDrawer/left/s4/n9/base
b8054b5e7258	kanu	OpenDrawer/left	5	0	base	activation	12432bd21df059af	12432bd21df059afeff6d50fffaee09d7046b9b577d1a7619e504b84400691a3	lerobot_groot_n15	n15	lerobot_groot_n15__robocasa365_ckpt120000		0	Open the left drawer.	robocasa_panda_omron/OpenDrawer_PandaOmron_Env	100013	1300000	0	1			5		1	all_token_full	groot_n15_dit_block_residual_full_tokens_denoise	["layer","denoise_step","model_token","feature_dim"]	[7,4,49,1536]	[0,2,4,8,10,12,15]	n15_grid_v1	grid_coord	meta	meta_json	b8054b5e7258/kanu/OpenDrawer/left/s5/n0/base
b8054b5e7258	kanu	OpenDrawer/left	5	1	base	activation	1e9f60453150509c	1e9f60453150509c289c35c9f0d46bbff363e5bf580b6ddddb36cc67bc439e3d	lerobot_groot_n15	n15	lerobot_groot_n15__robocasa365_ckpt120000		0	Open the left drawer.	robocasa_panda_omron/OpenDrawer_PandaOmron_Env	100013	1300001	0	1			5		1	all_token_full	groot_n15_dit_block_residual_full_tokens_denoise	["layer","denoise_step","model_token","feature_dim"]	[7,4,49,1536]	[0,2,4,8,10,12,15]	n15_grid_v1	grid_coord	meta	meta_json	b8054b5e7258/kanu/OpenDrawer/left/s5/n1/base
b8054b5e7258	kanu	OpenDrawer/left	5	2	base	activation	963d1309586a1995	963d1309586a19955cb0a185c2a0ac67e26b209ea4f1d4da18ffe30bd4f07b3c	lerobot_groot_n15	n15	lerobot_groot_n15__robocasa365_ckpt120000		0	Open the left drawer.	robocasa_panda_omron/OpenDrawer_PandaOmron_Env	100013	1300002	0	1			5		1	all_token_full	groot_n15_dit_block_residual_full_tokens_denoise	["layer","denoise_step","model_token","feature_dim"]	[7,4,49,1536]	[0,2,4,8,10,12,15]	n15_grid_v1	grid_coord	meta	meta_json	b8054b5e7258/kanu/OpenDrawer/left/s5/n2/base
b8054b5e7258	kanu	OpenDrawer/left	5	3	base	activation	feccf4449ba8104b	feccf4449ba8104be7782bcceb08a4bb4a36f75717845c76544f1b6c967836cb	lerobot_groot_n15	n15	lerobot_groot_n15__robocasa365_ckpt120000		0	Open the left drawer.	robocasa_panda_omron/OpenDrawer_PandaOmron_Env	100013	1300003	0	1			5		1	all_token_full	groot_n15_dit_block_residual_full_tokens_denoise	["layer","denoise_step","model_token","feature_dim"]	[7,4,49,1536]	[0,2,4,8,10,12,15]	n15_grid_v1	grid_coord	meta	meta_json	b8054b5e7258/kanu/OpenDrawer/left/s5/n3/base
b8054b5e7258	kanu	OpenDrawer/left	5	4	base	activation	915147de2feb88bb	915147de2feb88bb3503f250650ae1ea1527234abec3aff43247c5bb974d2c78	lerobot_groot_n15	n15	lerobot_groot_n15__robocasa365_ckpt120000		0	Open the left drawer.	robocasa_panda_omron/OpenDrawer_PandaOmron_Env	100013	1300004	0	1			5		1	all_token_full	groot_n15_dit_block_residual_full_tokens_denoise	["layer","denoise_step","model_token","feature_dim"]	[7,4,49,1536]	[0,2,4,8,10,12,15]	n15_grid_v1	grid_coord	meta	meta_json	b8054b5e7258/kanu/OpenDrawer/left/s5/n4/base
b8054b5e7258	kanu	OpenDrawer/left	5	5	base	activation	9817e2a500e5a68b	9817e2a500e5a68b456d5e538d38e6855e88be46c08e9cd4f99d74b24ed8d295	lerobot_groot_n15	n15	lerobot_groot_n15__robocasa365_ckpt120000		0	Open the left drawer.	robocasa_panda_omron/OpenDrawer_PandaOmron_Env	100013	1300005	0	1			5		1	all_token_full	groot_n15_dit_block_residual_full_tokens_denoise	["layer","denoise_step","model_token","feature_dim"]	[7,4,49,1536]	[0,2,4,8,10,12,15]	n15_grid_v1	grid_coord	meta	meta_json	b8054b5e7258/kanu/OpenDrawer/left/s5/n5/base
b8054b5e7258	kanu	OpenDrawer/left	5	6	base	activation	04334d4faceae559	04334d4faceae559c52d844f1b1cd908ff6dae0934e6f997f83a246341716d5d	lerobot_groot_n15	n15	lerobot_groot_n15__robocasa365_ckpt120000		0	Open the left drawer.	robocasa_panda_omron/OpenDrawer_PandaOmron_Env	100013	1300006	0	1			5		1	all_token_full	groot_n15_dit_block_residual_full_tokens_denoise	["layer","denoise_step","model_token","feature_dim"]	[7,4,49,1536]	[0,2,4,8,10,12,15]	n15_grid_v1	grid_coord	meta	meta_json	b8054b5e7258/kanu/OpenDrawer/left/s5/n6/base
b8054b5e7258	kanu	OpenDrawer/left	5	7	base	activation	3caf6d4fa6f32848	3caf6d4fa6f32848f482783b0752403939fc00afe5934dacd4b4c017d5a90f47	lerobot_groot_n15	n15	lerobot_groot_n15__robocasa365_ckpt120000		0	Open the left drawer.	robocasa_panda_omron/OpenDrawer_PandaOmron_Env	100013	1300007	0	1			5		1	all_token_full	groot_n15_dit_block_residual_full_tokens_denoise	["layer","denoise_step","model_token","feature_dim"]	[7,4,49,1536]	[0,2,4,8,10,12,15]	n15_grid_v1	grid_coord	meta	meta_json	b8054b5e7258/kanu/OpenDrawer/left/s5/n7/base
b8054b5e7258	kanu	OpenDrawer/left	5	8	base	activation	3264c78e0449bd72	3264c78e0449bd72899fddb3346f14f2e7ce2cc1d8c7cee3ff13cf2a71a70e01	lerobot_groot_n15	n15	lerobot_groot_n15__robocasa365_ckpt120000		0	Open the left drawer.	robocasa_panda_omron/OpenDrawer_PandaOmron_Env	100013	1300008	0	1			5		1	all_token_full	groot_n15_dit_block_residual_full_tokens_denoise	["layer","denoise_step","model_token","feature_dim"]	[7,4,49,1536]	[0,2,4,8,10,12,15]	n15_grid_v1	grid_coord	meta	meta_json	b8054b5e7258/kanu/OpenDrawer/left/s5/n8/base
b8054b5e7258	kanu	OpenDrawer/left	5	9	base	activation	2e570f72e6b33c48	2e570f72e6b33c481e4ba20e3fa30abdd5f98dbec32f3ebc3560a2caf8495fca	lerobot_groot_n15	n15	lerobot_groot_n15__robocasa365_ckpt120000		0	Open the left drawer.	robocasa_panda_omron/OpenDrawer_PandaOmron_Env	100013	1300009	0	1			5		1	all_token_full	groot_n15_dit_block_residual_full_tokens_denoise	["layer","denoise_step","model_token","feature_dim"]	[7,4,49,1536]	[0,2,4,8,10,12,15]	n15_grid_v1	grid_coord	meta	meta_json	b8054b5e7258/kanu/OpenDrawer/left/s5/n9/base
b8054b5e7258	kanu	OpenDrawer/left	6	0	base	activation	ed33f7a5c1e03a12	ed33f7a5c1e03a12aeaf2c1a6ad2fb39ca4f9458c354ef6b92b9a7fda9474ba7	lerobot_groot_n15	n15	lerobot_groot_n15__robocasa365_ckpt120000		0	Open the left drawer.	robocasa_panda_omron/OpenDrawer_PandaOmron_Env	100014	1300000	0	0			5		1	all_token_full	groot_n15_dit_block_residual_full_tokens_denoise	["layer","denoise_step","model_token","feature_dim"]	[7,4,49,1536]	[0,2,4,8,10,12,15]	n15_grid_v1	grid_coord	meta	meta_json	b8054b5e7258/kanu/OpenDrawer/left/s6/n0/base
b8054b5e7258	kanu	OpenDrawer/left	6	1	base	activation	ca0cabb00a28610e	ca0cabb00a28610ef56cd8518a0cbe1312c1f38376bf893860a7d210820dec04	lerobot_groot_n15	n15	lerobot_groot_n15__robocasa365_ckpt120000		0	Open the left drawer.	robocasa_panda_omron/OpenDrawer_PandaOmron_Env	100014	1300001	0	0			5		1	all_token_full	groot_n15_dit_block_residual_full_tokens_denoise	["layer","denoise_step","model_token","feature_dim"]	[7,4,49,1536]	[0,2,4,8,10,12,15]	n15_grid_v1	grid_coord	meta	meta_json	b8054b5e7258/kanu/OpenDrawer/left/s6/n1/base
b8054b5e7258	kanu	OpenDrawer/left	6	2	base	activation	9fb27a2ad60aa862	9fb27a2ad60aa86285bb52af0c8e9792da69f76e8b0e31fbc27a0ef3508ea4bd	lerobot_groot_n15	n15	lerobot_groot_n15__robocasa365_ckpt120000		0	Open the left drawer.	robocasa_panda_omron/OpenDrawer_PandaOmron_Env	100014	1300002	0	0			5		1	all_token_full	groot_n15_dit_block_residual_full_tokens_denoise	["layer","denoise_step","model_token","feature_dim"]	[7,4,49,1536]	[0,2,4,8,10,12,15]	n15_grid_v1	grid_coord	meta	meta_json	b8054b5e7258/kanu/OpenDrawer/left/s6/n2/base
b8054b5e7258	kanu	OpenDrawer/left	6	3	base	activation	fed1b67ceb913c4d	fed1b67ceb913c4d139208c80c40ca78807cf736305216f03f67c9407d78f2d4	lerobot_groot_n15	n15	lerobot_groot_n15__robocasa365_ckpt120000		0	Open the left drawer.	robocasa_panda_omron/OpenDrawer_PandaOmron_Env	100014	1300003	0	0			5		1	all_token_full	groot_n15_dit_block_residual_full_tokens_denoise	["layer","denoise_step","model_token","feature_dim"]	[7,4,49,1536]	[0,2,4,8,10,12,15]	n15_grid_v1	grid_coord	meta	meta_json	b8054b5e7258/kanu/OpenDrawer/left/s6/n3/base
b8054b5e7258	kanu	OpenDrawer/left	6	4	base	activation	80a75e30eb692811	80a75e30eb69281187dcb3ab42684ff51a234222c0efa2e3ff96e6271c47d2fc	lerobot_groot_n15	n15	lerobot_groot_n15__robocasa365_ckpt120000		0	Open the left drawer.	robocasa_panda_omron/OpenDrawer_PandaOmron_Env	100014	1300004	0	0			5		1	all_token_full	groot_n15_dit_block_residual_full_tokens_denoise	["layer","denoise_step","model_token","feature_dim"]	[7,4,49,1536]	[0,2,4,8,10,12,15]	n15_grid_v1	grid_coord	meta	meta_json	b8054b5e7258/kanu/OpenDrawer/left/s6/n4/base
b8054b5e7258	kanu	OpenDrawer/left	6	5	base	activation	3acd7a1ee9cc4b3d	3acd7a1ee9cc4b3dbac2fc68a5c17ca58889708952e697cc98ef16598cedadb3	lerobot_groot_n15	n15	lerobot_groot_n15__robocasa365_ckpt120000		0	Open the left drawer.	robocasa_panda_omron/OpenDrawer_PandaOmron_Env	100014	1300005	0	0			5		1	all_token_full	groot_n15_dit_block_residual_full_tokens_denoise	["layer","denoise_step","model_token","feature_dim"]	[7,4,49,1536]	[0,2,4,8,10,12,15]	n15_grid_v1	grid_coord	meta	meta_json	b8054b5e7258/kanu/OpenDrawer/left/s6/n5/base
b8054b5e7258	kanu	OpenDrawer/left	6	6	base	activation	061c5e35333cef02	061c5e35333cef02a901284e24bee6943f28c9348aee019a1793ca5e3ee59c2d	lerobot_groot_n15	n15	lerobot_groot_n15__robocasa365_ckpt120000		0	Open the left drawer.	robocasa_panda_omron/OpenDrawer_PandaOmron_Env	100014	1300006	0	0			5		1	all_token_full	groot_n15_dit_block_residual_full_tokens_denoise	["layer","denoise_step","model_token","feature_dim"]	[7,4,49,1536]	[0,2,4,8,10,12,15]	n15_grid_v1	grid_coord	meta	meta_json	b8054b5e7258/kanu/OpenDrawer/left/s6/n6/base
b8054b5e7258	kanu	OpenDrawer/left	6	7	base	activation	7febcdc8ebe76adb	7febcdc8ebe76adb951747ba50363fe4646b2811c7c0c05f204e5659e264fca8	lerobot_groot_n15	n15	lerobot_groot_n15__robocasa365_ckpt120000		0	Open the left drawer.	robocasa_panda_omron/OpenDrawer_PandaOmron_Env	100014	1300007	0	0			5		1	all_token_full	groot_n15_dit_block_residual_full_tokens_denoise	["layer","denoise_step","model_token","feature_dim"]	[7,4,49,1536]	[0,2,4,8,10,12,15]	n15_grid_v1	grid_coord	meta	meta_json	b8054b5e7258/kanu/OpenDrawer/left/s6/n7/base
b8054b5e7258	kanu	OpenDrawer/left	6	8	base	activation	09d4be97eef580bb	09d4be97eef580bb743caf7743a441c60c730a14d00a9e4da4eff872557b1e3d	lerobot_groot_n15	n15	lerobot_groot_n15__robocasa365_ckpt120000		0	Open the left drawer.	robocasa_panda_omron/OpenDrawer_PandaOmron_Env	100014	1300008	0	0			5		1	all_token_full	groot_n15_dit_block_residual_full_tokens_denoise	["layer","denoise_step","model_token","feature_dim"]	[7,4,49,1536]	[0,2,4,8,10,12,15]	n15_grid_v1	grid_coord	meta	meta_json	b8054b5e7258/kanu/OpenDrawer/left/s6/n8/base
b8054b5e7258	kanu	OpenDrawer/left	6	9	base	activation	b7bc65fd557fac9f	b7bc65fd557fac9fcb90eeb5c3c62ae603da4161eef32d82d25e36756973cb1b	lerobot_groot_n15	n15	lerobot_groot_n15__robocasa365_ckpt120000		0	Open the left drawer.	robocasa_panda_omron/OpenDrawer_PandaOmron_Env	100014	1300009	0	0			5		1	all_token_full	groot_n15_dit_block_residual_full_tokens_denoise	["layer","denoise_step","model_token","feature_dim"]	[7,4,49,1536]	[0,2,4,8,10,12,15]	n15_grid_v1	grid_coord	meta	meta_json	b8054b5e7258/kanu/OpenDrawer/left/s6/n9/base
b8054b5e7258	kanu	OpenDrawer/left	7	0	base	activation	079c5ea501016958	079c5ea5010169584f30351b7667f6b3f72523f500555219469d565d3cc6ee04	lerobot_groot_n15	n15	lerobot_groot_n15__robocasa365_ckpt120000		0	Open the left drawer.	robocasa_panda_omron/OpenDrawer_PandaOmron_Env	100015	1300000	0	0			5		1	all_token_full	groot_n15_dit_block_residual_full_tokens_denoise	["layer","denoise_step","model_token","feature_dim"]	[7,4,49,1536]	[0,2,4,8,10,12,15]	n15_grid_v1	grid_coord	meta	meta_json	b8054b5e7258/kanu/OpenDrawer/left/s7/n0/base
b8054b5e7258	kanu	OpenDrawer/left	7	1	base	activation	22d75dc5efe72478	22d75dc5efe724780e2c9c33860cb243e14cbca3b19c89e955caecb2cf5be23f	lerobot_groot_n15	n15	lerobot_groot_n15__robocasa365_ckpt120000		0	Open the left drawer.	robocasa_panda_omron/OpenDrawer_PandaOmron_Env	100015	1300001	0	1			5		1	all_token_full	groot_n15_dit_block_residual_full_tokens_denoise	["layer","denoise_step","model_token","feature_dim"]	[7,4,49,1536]	[0,2,4,8,10,12,15]	n15_grid_v1	grid_coord	meta	meta_json	b8054b5e7258/kanu/OpenDrawer/left/s7/n1/base
b8054b5e7258	kanu	OpenDrawer/left	7	2	base	activation	7e02eaf36294f398	7e02eaf36294f3984f49ff4bbc59e2f714440b31ea808d3da148312a4697c1fd	lerobot_groot_n15	n15	lerobot_groot_n15__robocasa365_ckpt120000		0	Open the left drawer.	robocasa_panda_omron/OpenDrawer_PandaOmron_Env	100015	1300002	0	1			5		1	all_token_full	groot_n15_dit_block_residual_full_tokens_denoise	["layer","denoise_step","model_token","feature_dim"]	[7,4,49,1536]	[0,2,4,8,10,12,15]	n15_grid_v1	grid_coord	meta	meta_json	b8054b5e7258/kanu/OpenDrawer/left/s7/n2/base
b8054b5e7258	kanu	OpenDrawer/left	7	3	base	activation	ab20eb0f1495096f	ab20eb0f1495096f60aacfcf236f2fd792be384c5ec0f12c2797fb946bf714db	lerobot_groot_n15	n15	lerobot_groot_n15__robocasa365_ckpt120000		0	Open the left drawer.	robocasa_panda_omron/OpenDrawer_PandaOmron_Env	100015	1300003	0	0			5		1	all_token_full	groot_n15_dit_block_residual_full_tokens_denoise	["layer","denoise_step","model_token","feature_dim"]	[7,4,49,1536]	[0,2,4,8,10,12,15]	n15_grid_v1	grid_coord	meta	meta_json	b8054b5e7258/kanu/OpenDrawer/left/s7/n3/base
b8054b5e7258	kanu	OpenDrawer/left	7	4	base	activation	d8a25727d849811c	d8a25727d849811cab729380d82017eb6a64f2e90f388627867f386ad19c664d	lerobot_groot_n15	n15	lerobot_groot_n15__robocasa365_ckpt120000		0	Open the left drawer.	robocasa_panda_omron/OpenDrawer_PandaOmron_Env	100015	1300004	0	1			5		1	all_token_full	groot_n15_dit_block_residual_full_tokens_denoise	["layer","denoise_step","model_token","feature_dim"]	[7,4,49,1536]	[0,2,4,8,10,12,15]	n15_grid_v1	grid_coord	meta	meta_json	b8054b5e7258/kanu/OpenDrawer/left/s7/n4/base
b8054b5e7258	kanu	OpenDrawer/left	7	5	base	activation	03c52eebf93d4826	03c52eebf93d4826a5aecd3da1bd62881c3754606401e1a1d80d8ea115092466	lerobot_groot_n15	n15	lerobot_groot_n15__robocasa365_ckpt120000		0	Open the left drawer.	robocasa_panda_omron/OpenDrawer_PandaOmron_Env	100015	1300005	0	1			5		1	all_token_full	groot_n15_dit_block_residual_full_tokens_denoise	["layer","denoise_step","model_token","feature_dim"]	[7,4,49,1536]	[0,2,4,8,10,12,15]	n15_grid_v1	grid_coord	meta	meta_json	b8054b5e7258/kanu/OpenDrawer/left/s7/n5/base
b8054b5e7258	kanu	OpenDrawer/left	7	6	base	activation	ed0790626258b3eb	ed0790626258b3ebb489195bab54b4f0f5709437d877c03ac4ff4d7505bff045	lerobot_groot_n15	n15	lerobot_groot_n15__robocasa365_ckpt120000		0	Open the left drawer.	robocasa_panda_omron/OpenDrawer_PandaOmron_Env	100015	1300006	0	1			5		1	all_token_full	groot_n15_dit_block_residual_full_tokens_denoise	["layer","denoise_step","model_token","feature_dim"]	[7,4,49,1536]	[0,2,4,8,10,12,15]	n15_grid_v1	grid_coord	meta	meta_json	b8054b5e7258/kanu/OpenDrawer/left/s7/n6/base
b8054b5e7258	kanu	OpenDrawer/left	7	7	base	activation	b06d1365be1866a6	b06d1365be1866a67baa8a25def77e6511cf9ac7cd0dbb161c62c35183b58753	lerobot_groot_n15	n15	lerobot_groot_n15__robocasa365_ckpt120000		0	Open the left drawer.	robocasa_panda_omron/OpenDrawer_PandaOmron_Env	100015	1300007	0	1			5		1	all_token_full	groot_n15_dit_block_residual_full_tokens_denoise	["layer","denoise_step","model_token","feature_dim"]	[7,4,49,1536]	[0,2,4,8,10,12,15]	n15_grid_v1	grid_coord	meta	meta_json	b8054b5e7258/kanu/OpenDrawer/left/s7/n7/base
b8054b5e7258	kanu	OpenDrawer/left	7	8	base	activation	0e08256e743e5655	0e08256e743e5655b9b792ec1d7741c933e8ab31c454baacc0f118b52cdf75c8	lerobot_groot_n15	n15	lerobot_groot_n15__robocasa365_ckpt120000		0	Open the left drawer.	robocasa_panda_omron/OpenDrawer_PandaOmron_Env	100015	1300008	0	1			5		1	all_token_full	groot_n15_dit_block_residual_full_tokens_denoise	["layer","denoise_step","model_token","feature_dim"]	[7,4,49,1536]	[0,2,4,8,10,12,15]	n15_grid_v1	grid_coord	meta	meta_json	b8054b5e7258/kanu/OpenDrawer/left/s7/n8/base
b8054b5e7258	kanu	OpenDrawer/left	7	9	base	activation	2eb905212a4e2ce4	2eb905212a4e2ce413c50ee4d6b2930ea3551a97351484f511bf77888da44f7c	lerobot_groot_n15	n15	lerobot_groot_n15__robocasa365_ckpt120000		0	Open the left drawer.	robocasa_panda_omron/OpenDrawer_PandaOmron_Env	100015	1300009	0	0			5		1	all_token_full	groot_n15_dit_block_residual_full_tokens_denoise	["layer","denoise_step","model_token","feature_dim"]	[7,4,49,1536]	[0,2,4,8,10,12,15]	n15_grid_v1	grid_coord	meta	meta_json	b8054b5e7258/kanu/OpenDrawer/left/s7/n9/base
b8054b5e7258	kanu	OpenDrawer/left	8	0	base	activation	e0eaf2bea9e882d3	e0eaf2bea9e882d347a771dbc6351e99e5bf6b1d7b6cca8d83081e91b03f9598	lerobot_groot_n15	n15	lerobot_groot_n15__robocasa365_ckpt120000		0	Open the left drawer.	robocasa_panda_omron/OpenDrawer_PandaOmron_Env	100017	1300000	0	1			5		1	all_token_full	groot_n15_dit_block_residual_full_tokens_denoise	["layer","denoise_step","model_token","feature_dim"]	[7,4,49,1536]	[0,2,4,8,10,12,15]	n15_grid_v1	grid_coord	meta	meta_json	b8054b5e7258/kanu/OpenDrawer/left/s8/n0/base
b8054b5e7258	kanu	OpenDrawer/left	8	1	base	activation	4ccf4215075b8627	4ccf4215075b86279e30d853b518e77987d7d1be013074832436e3add7d532f3	lerobot_groot_n15	n15	lerobot_groot_n15__robocasa365_ckpt120000		0	Open the left drawer.	robocasa_panda_omron/OpenDrawer_PandaOmron_Env	100017	1300001	0	0			5		1	all_token_full	groot_n15_dit_block_residual_full_tokens_denoise	["layer","denoise_step","model_token","feature_dim"]	[7,4,49,1536]	[0,2,4,8,10,12,15]	n15_grid_v1	grid_coord	meta	meta_json	b8054b5e7258/kanu/OpenDrawer/left/s8/n1/base
b8054b5e7258	kanu	OpenDrawer/left	8	2	base	activation	2c29fa8850c02fdc	2c29fa8850c02fdcf5e9051e6c6fc6e2b8f50f830f3cf44743219fb26983809e	lerobot_groot_n15	n15	lerobot_groot_n15__robocasa365_ckpt120000		0	Open the left drawer.	robocasa_panda_omron/OpenDrawer_PandaOmron_Env	100017	1300002	0	0			5		1	all_token_full	groot_n15_dit_block_residual_full_tokens_denoise	["layer","denoise_step","model_token","feature_dim"]	[7,4,49,1536]	[0,2,4,8,10,12,15]	n15_grid_v1	grid_coord	meta	meta_json	b8054b5e7258/kanu/OpenDrawer/left/s8/n2/base
b8054b5e7258	kanu	OpenDrawer/left	8	3	base	activation	146cf7c48f44709c	146cf7c48f44709c671f499d617788a86250d92976fd80caab99b059815280b3	lerobot_groot_n15	n15	lerobot_groot_n15__robocasa365_ckpt120000		0	Open the left drawer.	robocasa_panda_omron/OpenDrawer_PandaOmron_Env	100017	1300003	0	0			5		1	all_token_full	groot_n15_dit_block_residual_full_tokens_denoise	["layer","denoise_step","model_token","feature_dim"]	[7,4,49,1536]	[0,2,4,8,10,12,15]	n15_grid_v1	grid_coord	meta	meta_json	b8054b5e7258/kanu/OpenDrawer/left/s8/n3/base
b8054b5e7258	kanu	OpenDrawer/left	8	4	base	activation	a74cf930596296bb	a74cf930596296bb8735354723fef0a36af4efff83246c1f221e24e72b738c62	lerobot_groot_n15	n15	lerobot_groot_n15__robocasa365_ckpt120000		0	Open the left drawer.	robocasa_panda_omron/OpenDrawer_PandaOmron_Env	100017	1300004	0	0			5		1	all_token_full	groot_n15_dit_block_residual_full_tokens_denoise	["layer","denoise_step","model_token","feature_dim"]	[7,4,49,1536]	[0,2,4,8,10,12,15]	n15_grid_v1	grid_coord	meta	meta_json	b8054b5e7258/kanu/OpenDrawer/left/s8/n4/base
b8054b5e7258	kanu	OpenDrawer/left	8	5	base	activation	9caa34ee8f9baba3	9caa34ee8f9baba38def8268c9ff21f56a3ff3302d608af04c59addd42df4639	lerobot_groot_n15	n15	lerobot_groot_n15__robocasa365_ckpt120000		0	Open the left drawer.	robocasa_panda_omron/OpenDrawer_PandaOmron_Env	100017	1300005	0	0			5		1	all_token_full	groot_n15_dit_block_residual_full_tokens_denoise	["layer","denoise_step","model_token","feature_dim"]	[7,4,49,1536]	[0,2,4,8,10,12,15]	n15_grid_v1	grid_coord	meta	meta_json	b8054b5e7258/kanu/OpenDrawer/left/s8/n5/base
b8054b5e7258	kanu	OpenDrawer/left	8	6	base	activation	13024072bd586da3	13024072bd586da38319fbf491dade42b02c7c4be91eee4d4f18d7657382b683	lerobot_groot_n15	n15	lerobot_groot_n15__robocasa365_ckpt120000		0	Open the left drawer.	robocasa_panda_omron/OpenDrawer_PandaOmron_Env	100017	1300006	0	1			5		1	all_token_full	groot_n15_dit_block_residual_full_tokens_denoise	["layer","denoise_step","model_token","feature_dim"]	[7,4,49,1536]	[0,2,4,8,10,12,15]	n15_grid_v1	grid_coord	meta	meta_json	b8054b5e7258/kanu/OpenDrawer/left/s8/n6/base
b8054b5e7258	kanu	OpenDrawer/left	8	7	base	activation	27eed11e68faf1f9	27eed11e68faf1f90685284ebc5add59a6e90e137eebb95708a5f2bcda72e53a	lerobot_groot_n15	n15	lerobot_groot_n15__robocasa365_ckpt120000		0	Open the left drawer.	robocasa_panda_omron/OpenDrawer_PandaOmron_Env	100017	1300007	0	1			5		1	all_token_full	groot_n15_dit_block_residual_full_tokens_denoise	["layer","denoise_step","model_token","feature_dim"]	[7,4,49,1536]	[0,2,4,8,10,12,15]	n15_grid_v1	grid_coord	meta	meta_json	b8054b5e7258/kanu/OpenDrawer/left/s8/n7/base
b8054b5e7258	kanu	OpenDrawer/left	8	8	base	activation	72570fbe9166db24	72570fbe9166db245d2686580546896d00f25d1a46c637daead7def991106ded	lerobot_groot_n15	n15	lerobot_groot_n15__robocasa365_ckpt120000		0	Open the left drawer.	robocasa_panda_omron/OpenDrawer_PandaOmron_Env	100017	1300008	0	1			5		1	all_token_full	groot_n15_dit_block_residual_full_tokens_denoise	["layer","denoise_step","model_token","feature_dim"]	[7,4,49,1536]	[0,2,4,8,10,12,15]	n15_grid_v1	grid_coord	meta	meta_json	b8054b5e7258/kanu/OpenDrawer/left/s8/n8/base
b8054b5e7258	kanu	OpenDrawer/left	8	9	base	activation	4c670176787b9483	4c670176787b948385ba16bc3eab6308a8ce137684c8a6a39146677f515ddf02	lerobot_groot_n15	n15	lerobot_groot_n15__robocasa365_ckpt120000		0	Open the left drawer.	robocasa_panda_omron/OpenDrawer_PandaOmron_Env	100017	1300009	0	1			5		1	all_token_full	groot_n15_dit_block_residual_full_tokens_denoise	["layer","denoise_step","model_token","feature_dim"]	[7,4,49,1536]	[0,2,4,8,10,12,15]	n15_grid_v1	grid_coord	meta	meta_json	b8054b5e7258/kanu/OpenDrawer/left/s8/n9/base
b8054b5e7258	kanu	OpenDrawer/left	9	0	base	activation	17101cd660f14d02	17101cd660f14d0268f0a83eceaf8040714e5c7e9bfafc2a7afafc5b88f0c19e	lerobot_groot_n15	n15	lerobot_groot_n15__robocasa365_ckpt120000		0	Open the left drawer.	robocasa_panda_omron/OpenDrawer_PandaOmron_Env	100019	1300000	0	0			5		1	all_token_full	groot_n15_dit_block_residual_full_tokens_denoise	["layer","denoise_step","model_token","feature_dim"]	[7,4,49,1536]	[0,2,4,8,10,12,15]	n15_grid_v1	grid_coord	meta	meta_json	b8054b5e7258/kanu/OpenDrawer/left/s9/n0/base
b8054b5e7258	kanu	OpenDrawer/left	9	1	base	activation	6c15cb9b6851fb7b	6c15cb9b6851fb7bf7ac4e745a4502d103c7c91b98f527475d5251ebfc127800	lerobot_groot_n15	n15	lerobot_groot_n15__robocasa365_ckpt120000		0	Open the left drawer.	robocasa_panda_omron/OpenDrawer_PandaOmron_Env	100019	1300001	0	0			5		1	all_token_full	groot_n15_dit_block_residual_full_tokens_denoise	["layer","denoise_step","model_token","feature_dim"]	[7,4,49,1536]	[0,2,4,8,10,12,15]	n15_grid_v1	grid_coord	meta	meta_json	b8054b5e7258/kanu/OpenDrawer/left/s9/n1/base
b8054b5e7258	kanu	OpenDrawer/left	9	2	base	activation	433a0500b7e7b5d3	433a0500b7e7b5d3c8d053ad12878bb6191177df05abba4bb57e041924318d90	lerobot_groot_n15	n15	lerobot_groot_n15__robocasa365_ckpt120000		0	Open the left drawer.	robocasa_panda_omron/OpenDrawer_PandaOmron_Env	100019	1300002	0	1			5		1	all_token_full	groot_n15_dit_block_residual_full_tokens_denoise	["layer","denoise_step","model_token","feature_dim"]	[7,4,49,1536]	[0,2,4,8,10,12,15]	n15_grid_v1	grid_coord	meta	meta_json	b8054b5e7258/kanu/OpenDrawer/left/s9/n2/base
b8054b5e7258	kanu	OpenDrawer/left	9	3	base	activation	66f2f2bf8e166358	66f2f2bf8e1663587c0737e400e9dbfe0711da4dd8175e0d607ae4bee4dd172a	lerobot_groot_n15	n15	lerobot_groot_n15__robocasa365_ckpt120000		0	Open the left drawer.	robocasa_panda_omron/OpenDrawer_PandaOmron_Env	100019	1300003	0	0			5		1	all_token_full	groot_n15_dit_block_residual_full_tokens_denoise	["layer","denoise_step","model_token","feature_dim"]	[7,4,49,1536]	[0,2,4,8,10,12,15]	n15_grid_v1	grid_coord	meta	meta_json	b8054b5e7258/kanu/OpenDrawer/left/s9/n3/base
b8054b5e7258	kanu	OpenDrawer/left	9	4	base	activation	1056e95f6999c480	1056e95f6999c4808b7f6987c3cf263777c7c203c07ae0607f59f78420f72cf5	lerobot_groot_n15	n15	lerobot_groot_n15__robocasa365_ckpt120000		0	Open the left drawer.	robocasa_panda_omron/OpenDrawer_PandaOmron_Env	100019	1300004	0	1			5		1	all_token_full	groot_n15_dit_block_residual_full_tokens_denoise	["layer","denoise_step","model_token","feature_dim"]	[7,4,49,1536]	[0,2,4,8,10,12,15]	n15_grid_v1	grid_coord	meta	meta_json	b8054b5e7258/kanu/OpenDrawer/left/s9/n4/base
b8054b5e7258	kanu	OpenDrawer/left	9	5	base	activation	634602e602d51ea2	634602e602d51ea2cf0fc18d9cef99da9e727648e0433494127fa080bd5a0b35	lerobot_groot_n15	n15	lerobot_groot_n15__robocasa365_ckpt120000		0	Open the left drawer.	robocasa_panda_omron/OpenDrawer_PandaOmron_Env	100019	1300005	0	1			5		1	all_token_full	groot_n15_dit_block_residual_full_tokens_denoise	["layer","denoise_step","model_token","feature_dim"]	[7,4,49,1536]	[0,2,4,8,10,12,15]	n15_grid_v1	grid_coord	meta	meta_json	b8054b5e7258/kanu/OpenDrawer/left/s9/n5/base
b8054b5e7258	kanu	OpenDrawer/left	9	6	base	activation	ecb9e1053873cdd5	ecb9e1053873cdd5a8d8ba6628e5cedb6e2a0739f4ff2b3f93f1c601e21b00d7	lerobot_groot_n15	n15	lerobot_groot_n15__robocasa365_ckpt120000		0	Open the left drawer.	robocasa_panda_omron/OpenDrawer_PandaOmron_Env	100019	1300006	0	1			5		1	all_token_full	groot_n15_dit_block_residual_full_tokens_denoise	["layer","denoise_step","model_token","feature_dim"]	[7,4,49,1536]	[0,2,4,8,10,12,15]	n15_grid_v1	grid_coord	meta	meta_json	b8054b5e7258/kanu/OpenDrawer/left/s9/n6/base
b8054b5e7258	kanu	OpenDrawer/left	9	7	base	activation	e277d3aae0107f33	e277d3aae0107f337982175c18c8e0e10fa5afdcbb392dcf82ff74d8e32878ac	lerobot_groot_n15	n15	lerobot_groot_n15__robocasa365_ckpt120000		0	Open the left drawer.	robocasa_panda_omron/OpenDrawer_PandaOmron_Env	100019	1300007	0	1			5		1	all_token_full	groot_n15_dit_block_residual_full_tokens_denoise	["layer","denoise_step","model_token","feature_dim"]	[7,4,49,1536]	[0,2,4,8,10,12,15]	n15_grid_v1	grid_coord	meta	meta_json	b8054b5e7258/kanu/OpenDrawer/left/s9/n7/base
b8054b5e7258	kanu	OpenDrawer/left	9	8	base	activation	6f8bb2db51121b88	6f8bb2db51121b88f2042b6939ff0b549f35b8317c76822c3c837b67725b63c8	lerobot_groot_n15	n15	lerobot_groot_n15__robocasa365_ckpt120000		0	Open the left drawer.	robocasa_panda_omron/OpenDrawer_PandaOmron_Env	100019	1300008	0	1			5		1	all_token_full	groot_n15_dit_block_residual_full_tokens_denoise	["layer","denoise_step","model_token","feature_dim"]	[7,4,49,1536]	[0,2,4,8,10,12,15]	n15_grid_v1	grid_coord	meta	meta_json	b8054b5e7258/kanu/OpenDrawer/left/s9/n8/base
b8054b5e7258	kanu	OpenDrawer/left	9	9	base	activation	77f41a7abfa9e90b	77f41a7abfa9e90ba5824fa34d9d4a52949e090541797c21f112210caea4e0e9	lerobot_groot_n15	n15	lerobot_groot_n15__robocasa365_ckpt120000		0	Open the left drawer.	robocasa_panda_omron/OpenDrawer_PandaOmron_Env	100019	1300009	0	0			5		1	all_token_full	groot_n15_dit_block_residual_full_tokens_denoise	["layer","denoise_step","model_token","feature_dim"]	[7,4,49,1536]	[0,2,4,8,10,12,15]	n15_grid_v1	grid_coord	meta	meta_json	b8054b5e7258/kanu/OpenDrawer/left/s9/n9/base
b8054b5e7258	kanu	PPCC/apple	0	0	base	activation	fa620a16391e14aa	fa620a16391e14aa750b32a159c5883f64681fc8f1658a2978fe9bc20f3b0331	lerobot_groot_n15	n15	lerobot_groot_n15__robocasa365_ckpt120000		0	Pick the apple from the counter and place it in the cabinet.	robocasa_panda_omron/PickPlaceCounterToCabinet_PandaOmron_Env	100025	1300000	0	1			5		1	all_token_full	groot_n15_dit_block_residual_full_tokens_denoise	["layer","denoise_step","model_token","feature_dim"]	[7,4,49,1536]	[0,2,4,8,10,12,15]	n15_grid_v1	grid_coord	meta	meta_json	b8054b5e7258/kanu/PPCC/apple/s0/n0/base
b8054b5e7258	kanu	PPCC/apple	0	1	base	activation	985db2f297c0ad76	985db2f297c0ad767e74ecf453aa5c9e5b060a34429b1ee6f78cd9490cd17a9f	lerobot_groot_n15	n15	lerobot_groot_n15__robocasa365_ckpt120000		0	Pick the apple from the counter and place it in the cabinet.	robocasa_panda_omron/PickPlaceCounterToCabinet_PandaOmron_Env	100025	1300001	0	1			5		1	all_token_full	groot_n15_dit_block_residual_full_tokens_denoise	["layer","denoise_step","model_token","feature_dim"]	[7,4,49,1536]	[0,2,4,8,10,12,15]	n15_grid_v1	grid_coord	meta	meta_json	b8054b5e7258/kanu/PPCC/apple/s0/n1/base
b8054b5e7258	kanu	PPCC/apple	0	2	base	activation	65b1c7759a579a29	65b1c7759a579a29ceda3f253ba03d191815de1d31c5af7a92669c4ef0cdd1b6	lerobot_groot_n15	n15	lerobot_groot_n15__robocasa365_ckpt120000		0	Pick the apple from the counter and place it in the cabinet.	robocasa_panda_omron/PickPlaceCounterToCabinet_PandaOmron_Env	100025	1300002	0	1			5		1	all_token_full	groot_n15_dit_block_residual_full_tokens_denoise	["layer","denoise_step","model_token","feature_dim"]	[7,4,49,1536]	[0,2,4,8,10,12,15]	n15_grid_v1	grid_coord	meta	meta_json	b8054b5e7258/kanu/PPCC/apple/s0/n2/base
b8054b5e7258	kanu	PPCC/apple	1	0	base	activation	0080c690663ce2c9	0080c690663ce2c9a35f3335097bd400811474ce42ccd38c9c6ecb5ff318fb76	lerobot_groot_n15	n15	lerobot_groot_n15__robocasa365_ckpt120000		0	Pick the apple from the counter and place it in the cabinet.	robocasa_panda_omron/PickPlaceCounterToCabinet_PandaOmron_Env	100069	1300000	0	1			5		1	all_token_full	groot_n15_dit_block_residual_full_tokens_denoise	["layer","denoise_step","model_token","feature_dim"]	[7,4,49,1536]	[0,2,4,8,10,12,15]	n15_grid_v1	grid_coord	meta	meta_json	b8054b5e7258/kanu/PPCC/apple/s1/n0/base
b8054b5e7258	kanu	PPCC/apple	1	1	base	activation	23423cb4be188f1d	23423cb4be188f1d5c5bd5d798f078bf90d34d8712eed59da59df317715f8344	lerobot_groot_n15	n15	lerobot_groot_n15__robocasa365_ckpt120000		0	Pick the apple from the counter and place it in the cabinet.	robocasa_panda_omron/PickPlaceCounterToCabinet_PandaOmron_Env	100069	1300001	0	1			5		1	all_token_full	groot_n15_dit_block_residual_full_tokens_denoise	["layer","denoise_step","model_token","feature_dim"]	[7,4,49,1536]	[0,2,4,8,10,12,15]	n15_grid_v1	grid_coord	meta	meta_json	b8054b5e7258/kanu/PPCC/apple/s1/n1/base
b8054b5e7258	kanu	PPCC/apple	1	2	base	activation	8a6de0606af0eb37	8a6de0606af0eb373477d1c4414d292845514d7359d61ca4201eabffc538c9ce	lerobot_groot_n15	n15	lerobot_groot_n15__robocasa365_ckpt120000		0	Pick the apple from the counter and place it in the cabinet.	robocasa_panda_omron/PickPlaceCounterToCabinet_PandaOmron_Env	100069	1300002	0	1			5		1	all_token_full	groot_n15_dit_block_residual_full_tokens_denoise	["layer","denoise_step","model_token","feature_dim"]	[7,4,49,1536]	[0,2,4,8,10,12,15]	n15_grid_v1	grid_coord	meta	meta_json	b8054b5e7258/kanu/PPCC/apple/s1/n2/base
b8054b5e7258	kanu	PPCC/apple	2	0	base	activation	97748e3781167bed	97748e3781167bedef8af41dce604c6bc91836f1ee33ed54e55492eb498db6b9	lerobot_groot_n15	n15	lerobot_groot_n15__robocasa365_ckpt120000		0	Pick the apple from the counter and place it in the cabinet.	robocasa_panda_omron/PickPlaceCounterToCabinet_PandaOmron_Env	100192	1300000	0	1			5		1	all_token_full	groot_n15_dit_block_residual_full_tokens_denoise	["layer","denoise_step","model_token","feature_dim"]	[7,4,49,1536]	[0,2,4,8,10,12,15]	n15_grid_v1	grid_coord	meta	meta_json	b8054b5e7258/kanu/PPCC/apple/s2/n0/base
b8054b5e7258	kanu	PPCC/apple	2	1	base	activation	c707fc4775f2b3b6	c707fc4775f2b3b68adbe1ed0f7dd6cb67b61397350b21ca6bca4e5185bcb802	lerobot_groot_n15	n15	lerobot_groot_n15__robocasa365_ckpt120000		0	Pick the apple from the counter and place it in the cabinet.	robocasa_panda_omron/PickPlaceCounterToCabinet_PandaOmron_Env	100192	1300001	0	1			5		1	all_token_full	groot_n15_dit_block_residual_full_tokens_denoise	["layer","denoise_step","model_token","feature_dim"]	[7,4,49,1536]	[0,2,4,8,10,12,15]	n15_grid_v1	grid_coord	meta	meta_json	b8054b5e7258/kanu/PPCC/apple/s2/n1/base
b8054b5e7258	kanu	PPCC/apple	2	2	base	activation	75e68a92f6f9dc30	75e68a92f6f9dc308324f7d3ea38555f91a14ef51c38fc21f36dd67dc0a928d6	lerobot_groot_n15	n15	lerobot_groot_n15__robocasa365_ckpt120000		0	Pick the apple from the counter and place it in the cabinet.	robocasa_panda_omron/PickPlaceCounterToCabinet_PandaOmron_Env	100192	1300002	0	1			5		1	all_token_full	groot_n15_dit_block_residual_full_tokens_denoise	["layer","denoise_step","model_token","feature_dim"]	[7,4,49,1536]	[0,2,4,8,10,12,15]	n15_grid_v1	grid_coord	meta	meta_json	b8054b5e7258/kanu/PPCC/apple/s2/n2/base
b8054b5e7258	kanu	PPCC/apple	3	0	base	activation	8bdddd9bcd7e363d	8bdddd9bcd7e363d893181745ec38a3ce5832c4c4f091ed97aa404fe9980f944	lerobot_groot_n15	n15	lerobot_groot_n15__robocasa365_ckpt120000		0	Pick the apple from the counter and place it in the cabinet.	robocasa_panda_omron/PickPlaceCounterToCabinet_PandaOmron_Env	100195	1300000	0	1			5		1	all_token_full	groot_n15_dit_block_residual_full_tokens_denoise	["layer","denoise_step","model_token","feature_dim"]	[7,4,49,1536]	[0,2,4,8,10,12,15]	n15_grid_v1	grid_coord	meta	meta_json	b8054b5e7258/kanu/PPCC/apple/s3/n0/base
b8054b5e7258	kanu	PPCC/apple	3	1	base	activation	cb8bdc73987650e8	cb8bdc73987650e8d196f9a97b0713d9aeeee1169f3ebd396fdf06a070a6894d	lerobot_groot_n15	n15	lerobot_groot_n15__robocasa365_ckpt120000		0	Pick the apple from the counter and place it in the cabinet.	robocasa_panda_omron/PickPlaceCounterToCabinet_PandaOmron_Env	100195	1300001	0	1			5		1	all_token_full	groot_n15_dit_block_residual_full_tokens_denoise	["layer","denoise_step","model_token","feature_dim"]	[7,4,49,1536]	[0,2,4,8,10,12,15]	n15_grid_v1	grid_coord	meta	meta_json	b8054b5e7258/kanu/PPCC/apple/s3/n1/base
b8054b5e7258	kanu	PPCC/apple	3	2	base	activation	7aec2a4823d7d9e1	7aec2a4823d7d9e1785c221c5aa1569ec915755cf552a5b738654c949a01c17f	lerobot_groot_n15	n15	lerobot_groot_n15__robocasa365_ckpt120000		0	Pick the apple from the counter and place it in the cabinet.	robocasa_panda_omron/PickPlaceCounterToCabinet_PandaOmron_Env	100195	1300002	0	1			5		1	all_token_full	groot_n15_dit_block_residual_full_tokens_denoise	["layer","denoise_step","model_token","feature_dim"]	[7,4,49,1536]	[0,2,4,8,10,12,15]	n15_grid_v1	grid_coord	meta	meta_json	b8054b5e7258/kanu/PPCC/apple/s3/n2/base
b8054b5e7258	kanu	PPCC/apple	4	0	base	activation	ab25b1a9e3e3fa1c	ab25b1a9e3e3fa1c10688a518206911b7b41b2d9b7e1e404b23d09fcc323b12c	lerobot_groot_n15	n15	lerobot_groot_n15__robocasa365_ckpt120000		0	Pick the apple from the counter and place it in the cabinet.	robocasa_panda_omron/PickPlaceCounterToCabinet_PandaOmron_Env	100243	1300000	0	1			5		1	all_token_full	groot_n15_dit_block_residual_full_tokens_denoise	["layer","denoise_step","model_token","feature_dim"]	[7,4,49,1536]	[0,2,4,8,10,12,15]	n15_grid_v1	grid_coord	meta	meta_json	b8054b5e7258/kanu/PPCC/apple/s4/n0/base
b8054b5e7258	kanu	PPCC/apple	4	1	base	activation	e3a1f25abebdc589	e3a1f25abebdc589bdffc9aae19e8f0d02164c5ebdfa145860f8afb80b41ec62	lerobot_groot_n15	n15	lerobot_groot_n15__robocasa365_ckpt120000		0	Pick the apple from the counter and place it in the cabinet.	robocasa_panda_omron/PickPlaceCounterToCabinet_PandaOmron_Env	100243	1300001	0	1			5		1	all_token_full	groot_n15_dit_block_residual_full_tokens_denoise	["layer","denoise_step","model_token","feature_dim"]	[7,4,49,1536]	[0,2,4,8,10,12,15]	n15_grid_v1	grid_coord	meta	meta_json	b8054b5e7258/kanu/PPCC/apple/s4/n1/base
b8054b5e7258	kanu	PPCC/apple	4	2	base	activation	a4731e05b9b51724	a4731e05b9b517249165f32464a1d39c8e1b4adcdab1b35b42241adad0201b98	lerobot_groot_n15	n15	lerobot_groot_n15__robocasa365_ckpt120000		0	Pick the apple from the counter and place it in the cabinet.	robocasa_panda_omron/PickPlaceCounterToCabinet_PandaOmron_Env	100243	1300002	0	1			5		1	all_token_full	groot_n15_dit_block_residual_full_tokens_denoise	["layer","denoise_step","model_token","feature_dim"]	[7,4,49,1536]	[0,2,4,8,10,12,15]	n15_grid_v1	grid_coord	meta	meta_json	b8054b5e7258/kanu/PPCC/apple/s4/n2/base
b8054b5e7258	kanu	PPCC/apple	5	0	base	activation	2910df8260baf5e5	2910df8260baf5e55b3b0b1370ec354b8a50384e6e54982399d9f3979133445d	lerobot_groot_n15	n15	lerobot_groot_n15__robocasa365_ckpt120000		0	Pick the apple from the counter and place it in the cabinet.	robocasa_panda_omron/PickPlaceCounterToCabinet_PandaOmron_Env	100359	1300000	0	1			5		1	all_token_full	groot_n15_dit_block_residual_full_tokens_denoise	["layer","denoise_step","model_token","feature_dim"]	[7,4,49,1536]	[0,2,4,8,10,12,15]	n15_grid_v1	grid_coord	meta	meta_json	b8054b5e7258/kanu/PPCC/apple/s5/n0/base
b8054b5e7258	kanu	PPCC/apple	5	1	base	activation	ea307f3d9d08f132	ea307f3d9d08f13219b0600cd01d264b87c2780e0fb44f5c4fa5a83eb48c1ed3	lerobot_groot_n15	n15	lerobot_groot_n15__robocasa365_ckpt120000		0	Pick the apple from the counter and place it in the cabinet.	robocasa_panda_omron/PickPlaceCounterToCabinet_PandaOmron_Env	100359	1300001	0	1			5		1	all_token_full	groot_n15_dit_block_residual_full_tokens_denoise	["layer","denoise_step","model_token","feature_dim"]	[7,4,49,1536]	[0,2,4,8,10,12,15]	n15_grid_v1	grid_coord	meta	meta_json	b8054b5e7258/kanu/PPCC/apple/s5/n1/base
b8054b5e7258	kanu	PPCC/apple	5	2	base	activation	d2d1863e7e6ddf22	d2d1863e7e6ddf222816ca7e34cf90575ed26011031f2dc500de07030ddd8a83	lerobot_groot_n15	n15	lerobot_groot_n15__robocasa365_ckpt120000		0	Pick the apple from the counter and place it in the cabinet.	robocasa_panda_omron/PickPlaceCounterToCabinet_PandaOmron_Env	100359	1300002	0	1			5		1	all_token_full	groot_n15_dit_block_residual_full_tokens_denoise	["layer","denoise_step","model_token","feature_dim"]	[7,4,49,1536]	[0,2,4,8,10,12,15]	n15_grid_v1	grid_coord	meta	meta_json	b8054b5e7258/kanu/PPCC/apple/s5/n2/base
b8054b5e7258	kanu	PPCC/apple	6	0	base	activation	4cc2aea5d697b2e2	4cc2aea5d697b2e2b904426d999785620f834c2d43ea2c0f0d0ae77dbbca7468	lerobot_groot_n15	n15	lerobot_groot_n15__robocasa365_ckpt120000		0	Pick the apple from the counter and place it in the cabinet.	robocasa_panda_omron/PickPlaceCounterToCabinet_PandaOmron_Env	100374	1300000	0	1			5		1	all_token_full	groot_n15_dit_block_residual_full_tokens_denoise	["layer","denoise_step","model_token","feature_dim"]	[7,4,49,1536]	[0,2,4,8,10,12,15]	n15_grid_v1	grid_coord	meta	meta_json	b8054b5e7258/kanu/PPCC/apple/s6/n0/base
b8054b5e7258	kanu	PPCC/apple	6	1	base	activation	efb766a4c05b44e3	efb766a4c05b44e36aa6c489d6511e6a2b6bcf9ee79af9fddc37f0094ef51af8	lerobot_groot_n15	n15	lerobot_groot_n15__robocasa365_ckpt120000		0	Pick the apple from the counter and place it in the cabinet.	robocasa_panda_omron/PickPlaceCounterToCabinet_PandaOmron_Env	100374	1300001	0	1			5		1	all_token_full	groot_n15_dit_block_residual_full_tokens_denoise	["layer","denoise_step","model_token","feature_dim"]	[7,4,49,1536]	[0,2,4,8,10,12,15]	n15_grid_v1	grid_coord	meta	meta_json	b8054b5e7258/kanu/PPCC/apple/s6/n1/base
b8054b5e7258	kanu	PPCC/apple	6	2	base	activation	caac6649d10eca16	caac6649d10eca16ac4e093cc5ef1b72649b34ef36c89a022560eb06ab12450d	lerobot_groot_n15	n15	lerobot_groot_n15__robocasa365_ckpt120000		0	Pick the apple from the counter and place it in the cabinet.	robocasa_panda_omron/PickPlaceCounterToCabinet_PandaOmron_Env	100374	1300002	0	1			5		1	all_token_full	groot_n15_dit_block_residual_full_tokens_denoise	["layer","denoise_step","model_token","feature_dim"]	[7,4,49,1536]	[0,2,4,8,10,12,15]	n15_grid_v1	grid_coord	meta	meta_json	b8054b5e7258/kanu/PPCC/apple/s6/n2/base
b8054b5e7258	kanu	PPCC/apple	7	0	base	activation	480a1c228f7a8684	480a1c228f7a8684a9ac45a254751d5711a7c037699fc6027741dfd60fb6f5f4	lerobot_groot_n15	n15	lerobot_groot_n15__robocasa365_ckpt120000		0	Pick the apple from the counter and place it in the cabinet.	robocasa_panda_omron/PickPlaceCounterToCabinet_PandaOmron_Env	100389	1300000	0	1			5		1	all_token_full	groot_n15_dit_block_residual_full_tokens_denoise	["layer","denoise_step","model_token","feature_dim"]	[7,4,49,1536]	[0,2,4,8,10,12,15]	n15_grid_v1	grid_coord	meta	meta_json	b8054b5e7258/kanu/PPCC/apple/s7/n0/base
b8054b5e7258	kanu	PPCC/apple	7	1	base	activation	1062b7c9d659f691	1062b7c9d659f69190b240444aee661ba480321cf3534103065600ebdbdff6d4	lerobot_groot_n15	n15	lerobot_groot_n15__robocasa365_ckpt120000		0	Pick the apple from the counter and place it in the cabinet.	robocasa_panda_omron/PickPlaceCounterToCabinet_PandaOmron_Env	100389	1300001	0	1			5		1	all_token_full	groot_n15_dit_block_residual_full_tokens_denoise	["layer","denoise_step","model_token","feature_dim"]	[7,4,49,1536]	[0,2,4,8,10,12,15]	n15_grid_v1	grid_coord	meta	meta_json	b8054b5e7258/kanu/PPCC/apple/s7/n1/base
b8054b5e7258	kanu	PPCC/apple	7	2	base	activation	0bccf625b1ae6401	0bccf625b1ae6401f27a42f90d3f361d603d8cd4919d8a45837f253667fd2fe0	lerobot_groot_n15	n15	lerobot_groot_n15__robocasa365_ckpt120000		0	Pick the apple from the counter and place it in the cabinet.	robocasa_panda_omron/PickPlaceCounterToCabinet_PandaOmron_Env	100389	1300002	0	1			5		1	all_token_full	groot_n15_dit_block_residual_full_tokens_denoise	["layer","denoise_step","model_token","feature_dim"]	[7,4,49,1536]	[0,2,4,8,10,12,15]	n15_grid_v1	grid_coord	meta	meta_json	b8054b5e7258/kanu/PPCC/apple/s7/n2/base
b8054b5e7258	kanu	PPCC/apple	8	0	base	activation	cf01dc5497d214f7	cf01dc5497d214f785faada7670e650910b6dfcb03dc891b5c936ad65daad329	lerobot_groot_n15	n15	lerobot_groot_n15__robocasa365_ckpt120000		0	Pick the apple from the counter and place it in the cabinet.	robocasa_panda_omron/PickPlaceCounterToCabinet_PandaOmron_Env	100408	1300000	0	1			5		1	all_token_full	groot_n15_dit_block_residual_full_tokens_denoise	["layer","denoise_step","model_token","feature_dim"]	[7,4,49,1536]	[0,2,4,8,10,12,15]	n15_grid_v1	grid_coord	meta	meta_json	b8054b5e7258/kanu/PPCC/apple/s8/n0/base
b8054b5e7258	kanu	PPCC/apple	8	1	base	activation	9a9179e3c13fdeba	9a9179e3c13fdeba223301458da6d9d4f8526c567befc4b7b4184ce8e59264e1	lerobot_groot_n15	n15	lerobot_groot_n15__robocasa365_ckpt120000		0	Pick the apple from the counter and place it in the cabinet.	robocasa_panda_omron/PickPlaceCounterToCabinet_PandaOmron_Env	100408	1300001	0	1			5		1	all_token_full	groot_n15_dit_block_residual_full_tokens_denoise	["layer","denoise_step","model_token","feature_dim"]	[7,4,49,1536]	[0,2,4,8,10,12,15]	n15_grid_v1	grid_coord	meta	meta_json	b8054b5e7258/kanu/PPCC/apple/s8/n1/base
b8054b5e7258	kanu	PPCC/apple	8	2	base	activation	f8be1612821a7f2c	f8be1612821a7f2c36aebcb36d46be26bcda9cb8d259a615e791cd8480782ecd	lerobot_groot_n15	n15	lerobot_groot_n15__robocasa365_ckpt120000		0	Pick the apple from the counter and place it in the cabinet.	robocasa_panda_omron/PickPlaceCounterToCabinet_PandaOmron_Env	100408	1300002	0	1			5		1	all_token_full	groot_n15_dit_block_residual_full_tokens_denoise	["layer","denoise_step","model_token","feature_dim"]	[7,4,49,1536]	[0,2,4,8,10,12,15]	n15_grid_v1	grid_coord	meta	meta_json	b8054b5e7258/kanu/PPCC/apple/s8/n2/base
b8054b5e7258	kanu	PPCC/apple	9	0	base	activation	9915eabc61e2f258	9915eabc61e2f258bd7137f6e0025a7bb336733c3b1158bcb92f1b381d3f7cf0	lerobot_groot_n15	n15	lerobot_groot_n15__robocasa365_ckpt120000		0	Pick the apple from the counter and place it in the cabinet.	robocasa_panda_omron/PickPlaceCounterToCabinet_PandaOmron_Env	100489	1300000	0	1			5		1	all_token_full	groot_n15_dit_block_residual_full_tokens_denoise	["layer","denoise_step","model_token","feature_dim"]	[7,4,49,1536]	[0,2,4,8,10,12,15]	n15_grid_v1	grid_coord	meta	meta_json	b8054b5e7258/kanu/PPCC/apple/s9/n0/base
b8054b5e7258	kanu	PPCC/apple	9	1	base	activation	9234c7f57f5fecc9	9234c7f57f5fecc904e7fe714cc697f6688060f79cf1532bc92e68ffe50a32e4	lerobot_groot_n15	n15	lerobot_groot_n15__robocasa365_ckpt120000		0	Pick the apple from the counter and place it in the cabinet.	robocasa_panda_omron/PickPlaceCounterToCabinet_PandaOmron_Env	100489	1300001	0	1			5		1	all_token_full	groot_n15_dit_block_residual_full_tokens_denoise	["layer","denoise_step","model_token","feature_dim"]	[7,4,49,1536]	[0,2,4,8,10,12,15]	n15_grid_v1	grid_coord	meta	meta_json	b8054b5e7258/kanu/PPCC/apple/s9/n1/base
b8054b5e7258	kanu	PPCC/apple	9	2	base	activation	3ae312b1b7e7c0ed	3ae312b1b7e7c0ed2f22840fbab560746765a0d57744e3a0f01e5d8f56341edc	lerobot_groot_n15	n15	lerobot_groot_n15__robocasa365_ckpt120000		0	Pick the apple from the counter and place it in the cabinet.	robocasa_panda_omron/PickPlaceCounterToCabinet_PandaOmron_Env	100489	1300002	0	1			5		1	all_token_full	groot_n15_dit_block_residual_full_tokens_denoise	["layer","denoise_step","model_token","feature_dim"]	[7,4,49,1536]	[0,2,4,8,10,12,15]	n15_grid_v1	grid_coord	meta	meta_json	b8054b5e7258/kanu/PPCC/apple/s9/n2/base
b8054b5e7258	worker1	CoffeeSetupMug	0	0	base	activation	f47e3381508220f2	f47e3381508220f282a6d0e13f9d1791650a4fc81edd3f64782e7fab6a60bf93	lerobot_groot_n15	n15	lerobot_groot_n15__robocasa365_ckpt120000		0	Pick the mug from the counter and place it under the coffee machine dispenser.	robocasa_panda_omron/CoffeeSetupMug_PandaOmron_Env	100000	1300000	0	1			5		1	all_token_full	groot_n15_dit_block_residual_full_tokens_denoise	["layer","denoise_step","model_token","feature_dim"]	[7,4,49,1536]	[0,2,4,8,10,12,15]	n15_grid_v1	grid_coord	meta	meta_json	b8054b5e7258/worker1/CoffeeSetupMug/s0/n0/base
b8054b5e7258	worker1	CoffeeSetupMug	0	1	base	activation	2dabba929125c8ad	2dabba929125c8ad56bb420cb9a9a53c54ad199e15bc0c74c0eec302eb38f67f	lerobot_groot_n15	n15	lerobot_groot_n15__robocasa365_ckpt120000		0	Pick the mug from the counter and place it under the coffee machine dispenser.	robocasa_panda_omron/CoffeeSetupMug_PandaOmron_Env	100000	1300001	0	0			5		1	all_token_full	groot_n15_dit_block_residual_full_tokens_denoise	["layer","denoise_step","model_token","feature_dim"]	[7,4,49,1536]	[0,2,4,8,10,12,15]	n15_grid_v1	grid_coord	meta	meta_json	b8054b5e7258/worker1/CoffeeSetupMug/s0/n1/base
b8054b5e7258	worker1	CoffeeSetupMug	0	2	base	activation	adcb54dc6cfe07fa	adcb54dc6cfe07faf80385a4e380432c3c31793d64f7636d110acadfd47bab0f	lerobot_groot_n15	n15	lerobot_groot_n15__robocasa365_ckpt120000		0	Pick the mug from the counter and place it under the coffee machine dispenser.	robocasa_panda_omron/CoffeeSetupMug_PandaOmron_Env	100000	1300002	0	0			5		1	all_token_full	groot_n15_dit_block_residual_full_tokens_denoise	["layer","denoise_step","model_token","feature_dim"]	[7,4,49,1536]	[0,2,4,8,10,12,15]	n15_grid_v1	grid_coord	meta	meta_json	b8054b5e7258/worker1/CoffeeSetupMug/s0/n2/base
b8054b5e7258	worker1	CoffeeSetupMug	0	3	base	activation	878012e4e20639c6	878012e4e20639c6baef1005dfdc4f5ed9784e0e87ae296b8f68b8f66517248d	lerobot_groot_n15	n15	lerobot_groot_n15__robocasa365_ckpt120000		0	Pick the mug from the counter and place it under the coffee machine dispenser.	robocasa_panda_omron/CoffeeSetupMug_PandaOmron_Env	100000	1300003	0	0			5		1	all_token_full	groot_n15_dit_block_residual_full_tokens_denoise	["layer","denoise_step","model_token","feature_dim"]	[7,4,49,1536]	[0,2,4,8,10,12,15]	n15_grid_v1	grid_coord	meta	meta_json	b8054b5e7258/worker1/CoffeeSetupMug/s0/n3/base
b8054b5e7258	worker1	CoffeeSetupMug	0	4	base	activation	19aa0ef31f721385	19aa0ef31f721385ea7149bdaef63aa166ab0cf1e7f244b5c1cae716d44759f4	lerobot_groot_n15	n15	lerobot_groot_n15__robocasa365_ckpt120000		0	Pick the mug from the counter and place it under the coffee machine dispenser.	robocasa_panda_omron/CoffeeSetupMug_PandaOmron_Env	100000	1300004	0	0			5		1	all_token_full	groot_n15_dit_block_residual_full_tokens_denoise	["layer","denoise_step","model_token","feature_dim"]	[7,4,49,1536]	[0,2,4,8,10,12,15]	n15_grid_v1	grid_coord	meta	meta_json	b8054b5e7258/worker1/CoffeeSetupMug/s0/n4/base
b8054b5e7258	worker1	CoffeeSetupMug	0	5	base	activation	43cf6657ac27649b	43cf6657ac27649b2c83b6909884dfb739de9ede8a3675273e85b37043f9c7aa	lerobot_groot_n15	n15	lerobot_groot_n15__robocasa365_ckpt120000		0	Pick the mug from the counter and place it under the coffee machine dispenser.	robocasa_panda_omron/CoffeeSetupMug_PandaOmron_Env	100000	1300005	0	1			5		1	all_token_full	groot_n15_dit_block_residual_full_tokens_denoise	["layer","denoise_step","model_token","feature_dim"]	[7,4,49,1536]	[0,2,4,8,10,12,15]	n15_grid_v1	grid_coord	meta	meta_json	b8054b5e7258/worker1/CoffeeSetupMug/s0/n5/base
b8054b5e7258	worker1	CoffeeSetupMug	0	6	base	activation	e986512bd028afa7	e986512bd028afa7cb96b5536e5b165585c36a8d7dfa42870aef1cab92e7ea09	lerobot_groot_n15	n15	lerobot_groot_n15__robocasa365_ckpt120000		0	Pick the mug from the counter and place it under the coffee machine dispenser.	robocasa_panda_omron/CoffeeSetupMug_PandaOmron_Env	100000	1300006	0	0			5		1	all_token_full	groot_n15_dit_block_residual_full_tokens_denoise	["layer","denoise_step","model_token","feature_dim"]	[7,4,49,1536]	[0,2,4,8,10,12,15]	n15_grid_v1	grid_coord	meta	meta_json	b8054b5e7258/worker1/CoffeeSetupMug/s0/n6/base
b8054b5e7258	worker1	CoffeeSetupMug	0	7	base	activation	6b61175557e236b6	6b61175557e236b60b6b905df04259ac28aefc8389e6c6589d19e70cb5f945bc	lerobot_groot_n15	n15	lerobot_groot_n15__robocasa365_ckpt120000		0	Pick the mug from the counter and place it under the coffee machine dispenser.	robocasa_panda_omron/CoffeeSetupMug_PandaOmron_Env	100000	1300007	0	1			5		1	all_token_full	groot_n15_dit_block_residual_full_tokens_denoise	["layer","denoise_step","model_token","feature_dim"]	[7,4,49,1536]	[0,2,4,8,10,12,15]	n15_grid_v1	grid_coord	meta	meta_json	b8054b5e7258/worker1/CoffeeSetupMug/s0/n7/base
b8054b5e7258	worker1	CoffeeSetupMug	0	8	base	activation	f4a54434203a4bd8	f4a54434203a4bd82960a44ee0be3e35525dc2de054143c3c36ec04391d8a473	lerobot_groot_n15	n15	lerobot_groot_n15__robocasa365_ckpt120000		0	Pick the mug from the counter and place it under the coffee machine dispenser.	robocasa_panda_omron/CoffeeSetupMug_PandaOmron_Env	100000	1300008	0	0			5		1	all_token_full	groot_n15_dit_block_residual_full_tokens_denoise	["layer","denoise_step","model_token","feature_dim"]	[7,4,49,1536]	[0,2,4,8,10,12,15]	n15_grid_v1	grid_coord	meta	meta_json	b8054b5e7258/worker1/CoffeeSetupMug/s0/n8/base
b8054b5e7258	worker1	CoffeeSetupMug	0	9	base	activation	422023e01a1dbbc3	422023e01a1dbbc3435da1ed45a9e8ad1477a6747d6ea43b53e713dbe73c3df6	lerobot_groot_n15	n15	lerobot_groot_n15__robocasa365_ckpt120000		0	Pick the mug from the counter and place it under the coffee machine dispenser.	robocasa_panda_omron/CoffeeSetupMug_PandaOmron_Env	100000	1300009	0	1			5		1	all_token_full	groot_n15_dit_block_residual_full_tokens_denoise	["layer","denoise_step","model_token","feature_dim"]	[7,4,49,1536]	[0,2,4,8,10,12,15]	n15_grid_v1	grid_coord	meta	meta_json	b8054b5e7258/worker1/CoffeeSetupMug/s0/n9/base
b8054b5e7258	worker1	CoffeeSetupMug	1	0	base	activation	03896700cd47996b	03896700cd47996bd9515944454548673b9d3bab6c78c720ab799e38729dca35	lerobot_groot_n15	n15	lerobot_groot_n15__robocasa365_ckpt120000		0	Pick the mug from the counter and place it under the coffee machine dispenser.	robocasa_panda_omron/CoffeeSetupMug_PandaOmron_Env	100001	1300000	0	0			5		1	all_token_full	groot_n15_dit_block_residual_full_tokens_denoise	["layer","denoise_step","model_token","feature_dim"]	[7,4,49,1536]	[0,2,4,8,10,12,15]	n15_grid_v1	grid_coord	meta	meta_json	b8054b5e7258/worker1/CoffeeSetupMug/s1/n0/base
b8054b5e7258	worker1	CoffeeSetupMug	1	1	base	activation	7bdc772d86231311	7bdc772d862313111fc771b745f5c1301bb752cd189992cb9d2efa8edf985f9d	lerobot_groot_n15	n15	lerobot_groot_n15__robocasa365_ckpt120000		0	Pick the mug from the counter and place it under the coffee machine dispenser.	robocasa_panda_omron/CoffeeSetupMug_PandaOmron_Env	100001	1300001	0	0			5		1	all_token_full	groot_n15_dit_block_residual_full_tokens_denoise	["layer","denoise_step","model_token","feature_dim"]	[7,4,49,1536]	[0,2,4,8,10,12,15]	n15_grid_v1	grid_coord	meta	meta_json	b8054b5e7258/worker1/CoffeeSetupMug/s1/n1/base
b8054b5e7258	worker1	CoffeeSetupMug	1	2	base	activation	c6aef7ce54982882	c6aef7ce54982882e37f051bc90918e395b5635c9ec1a4c0cf53c82479c563f5	lerobot_groot_n15	n15	lerobot_groot_n15__robocasa365_ckpt120000		0	Pick the mug from the counter and place it under the coffee machine dispenser.	robocasa_panda_omron/CoffeeSetupMug_PandaOmron_Env	100001	1300002	0	0			5		1	all_token_full	groot_n15_dit_block_residual_full_tokens_denoise	["layer","denoise_step","model_token","feature_dim"]	[7,4,49,1536]	[0,2,4,8,10,12,15]	n15_grid_v1	grid_coord	meta	meta_json	b8054b5e7258/worker1/CoffeeSetupMug/s1/n2/base
b8054b5e7258	worker1	CoffeeSetupMug	1	3	base	activation	d6f7d25297f84fd9	d6f7d25297f84fd9330e70e55d1b3c6ffa135d94053619550eeed3eb56035afc	lerobot_groot_n15	n15	lerobot_groot_n15__robocasa365_ckpt120000		0	Pick the mug from the counter and place it under the coffee machine dispenser.	robocasa_panda_omron/CoffeeSetupMug_PandaOmron_Env	100001	1300003	0	0			5		1	all_token_full	groot_n15_dit_block_residual_full_tokens_denoise	["layer","denoise_step","model_token","feature_dim"]	[7,4,49,1536]	[0,2,4,8,10,12,15]	n15_grid_v1	grid_coord	meta	meta_json	b8054b5e7258/worker1/CoffeeSetupMug/s1/n3/base
b8054b5e7258	worker1	CoffeeSetupMug	1	4	base	activation	0614b91437911a1e	0614b91437911a1e3fa7a0591fc737ce89e36afe4096cfb45a622245edac2a22	lerobot_groot_n15	n15	lerobot_groot_n15__robocasa365_ckpt120000		0	Pick the mug from the counter and place it under the coffee machine dispenser.	robocasa_panda_omron/CoffeeSetupMug_PandaOmron_Env	100001	1300004	0	0			5		1	all_token_full	groot_n15_dit_block_residual_full_tokens_denoise	["layer","denoise_step","model_token","feature_dim"]	[7,4,49,1536]	[0,2,4,8,10,12,15]	n15_grid_v1	grid_coord	meta	meta_json	b8054b5e7258/worker1/CoffeeSetupMug/s1/n4/base
b8054b5e7258	worker1	CoffeeSetupMug	1	5	base	activation	5879cc0c85d062f2	5879cc0c85d062f22ccdf080148a2c19be6e2b65b16ee2c82e1d2f3489d43b4a	lerobot_groot_n15	n15	lerobot_groot_n15__robocasa365_ckpt120000		0	Pick the mug from the counter and place it under the coffee machine dispenser.	robocasa_panda_omron/CoffeeSetupMug_PandaOmron_Env	100001	1300005	0	0			5		1	all_token_full	groot_n15_dit_block_residual_full_tokens_denoise	["layer","denoise_step","model_token","feature_dim"]	[7,4,49,1536]	[0,2,4,8,10,12,15]	n15_grid_v1	grid_coord	meta	meta_json	b8054b5e7258/worker1/CoffeeSetupMug/s1/n5/base
b8054b5e7258	worker1	CoffeeSetupMug	1	6	base	activation	2ffc5a68a9efa255	2ffc5a68a9efa2554268d96db3ce849de5325d8887988b27d2578c345240cefe	lerobot_groot_n15	n15	lerobot_groot_n15__robocasa365_ckpt120000		0	Pick the mug from the counter and place it under the coffee machine dispenser.	robocasa_panda_omron/CoffeeSetupMug_PandaOmron_Env	100001	1300006	0	0			5		1	all_token_full	groot_n15_dit_block_residual_full_tokens_denoise	["layer","denoise_step","model_token","feature_dim"]	[7,4,49,1536]	[0,2,4,8,10,12,15]	n15_grid_v1	grid_coord	meta	meta_json	b8054b5e7258/worker1/CoffeeSetupMug/s1/n6/base
b8054b5e7258	worker1	CoffeeSetupMug	1	7	base	activation	b77ee8a1dd794a94	b77ee8a1dd794a94c513ed37e296341487c5f2b64276c160ff38b9b53a35886e	lerobot_groot_n15	n15	lerobot_groot_n15__robocasa365_ckpt120000		0	Pick the mug from the counter and place it under the coffee machine dispenser.	robocasa_panda_omron/CoffeeSetupMug_PandaOmron_Env	100001	1300007	0	0			5		1	all_token_full	groot_n15_dit_block_residual_full_tokens_denoise	["layer","denoise_step","model_token","feature_dim"]	[7,4,49,1536]	[0,2,4,8,10,12,15]	n15_grid_v1	grid_coord	meta	meta_json	b8054b5e7258/worker1/CoffeeSetupMug/s1/n7/base
b8054b5e7258	worker1	CoffeeSetupMug	1	8	base	activation	14dd0628a10b0fe5	14dd0628a10b0fe5201defb147389cd95f9797a572a542960f523d25c961cda1	lerobot_groot_n15	n15	lerobot_groot_n15__robocasa365_ckpt120000		0	Pick the mug from the counter and place it under the coffee machine dispenser.	robocasa_panda_omron/CoffeeSetupMug_PandaOmron_Env	100001	1300008	0	0			5		1	all_token_full	groot_n15_dit_block_residual_full_tokens_denoise	["layer","denoise_step","model_token","feature_dim"]	[7,4,49,1536]	[0,2,4,8,10,12,15]	n15_grid_v1	grid_coord	meta	meta_json	b8054b5e7258/worker1/CoffeeSetupMug/s1/n8/base
b8054b5e7258	worker1	CoffeeSetupMug	1	9	base	activation	da0ebe7a6bcff327	da0ebe7a6bcff327e1665bc23edea5b446ca3b9863bdcfa8fa2cfaff97b32e14	lerobot_groot_n15	n15	lerobot_groot_n15__robocasa365_ckpt120000		0	Pick the mug from the counter and place it under the coffee machine dispenser.	robocasa_panda_omron/CoffeeSetupMug_PandaOmron_Env	100001	1300009	0	0			5		1	all_token_full	groot_n15_dit_block_residual_full_tokens_denoise	["layer","denoise_step","model_token","feature_dim"]	[7,4,49,1536]	[0,2,4,8,10,12,15]	n15_grid_v1	grid_coord	meta	meta_json	b8054b5e7258/worker1/CoffeeSetupMug/s1/n9/base
b8054b5e7258	worker1	CoffeeSetupMug	2	0	base	activation	88fbaa0964e4270d	88fbaa0964e4270d6a295f0c1d8273f73f4e49bd5b0c42b02315dd43939e7c8e	lerobot_groot_n15	n15	lerobot_groot_n15__robocasa365_ckpt120000		0	Pick the mug from the counter and place it under the coffee machine dispenser.	robocasa_panda_omron/CoffeeSetupMug_PandaOmron_Env	100002	1300000	0	0			5		1	all_token_full	groot_n15_dit_block_residual_full_tokens_denoise	["layer","denoise_step","model_token","feature_dim"]	[7,4,49,1536]	[0,2,4,8,10,12,15]	n15_grid_v1	grid_coord	meta	meta_json	b8054b5e7258/worker1/CoffeeSetupMug/s2/n0/base
b8054b5e7258	worker1	CoffeeSetupMug	2	1	base	activation	8ca06a7f39b74821	8ca06a7f39b748214e0156f8889c68c274eeda7d98979ba20009ea7b59bb4353	lerobot_groot_n15	n15	lerobot_groot_n15__robocasa365_ckpt120000		0	Pick the mug from the counter and place it under the coffee machine dispenser.	robocasa_panda_omron/CoffeeSetupMug_PandaOmron_Env	100002	1300001	0	0			5		1	all_token_full	groot_n15_dit_block_residual_full_tokens_denoise	["layer","denoise_step","model_token","feature_dim"]	[7,4,49,1536]	[0,2,4,8,10,12,15]	n15_grid_v1	grid_coord	meta	meta_json	b8054b5e7258/worker1/CoffeeSetupMug/s2/n1/base
b8054b5e7258	worker1	CoffeeSetupMug	2	2	base	activation	cd49a62ee33429de	cd49a62ee33429deb2ee07e2741c548e0c02a6be58c8323c13c18b3a2bb7785b	lerobot_groot_n15	n15	lerobot_groot_n15__robocasa365_ckpt120000		0	Pick the mug from the counter and place it under the coffee machine dispenser.	robocasa_panda_omron/CoffeeSetupMug_PandaOmron_Env	100002	1300002	0	1			5		1	all_token_full	groot_n15_dit_block_residual_full_tokens_denoise	["layer","denoise_step","model_token","feature_dim"]	[7,4,49,1536]	[0,2,4,8,10,12,15]	n15_grid_v1	grid_coord	meta	meta_json	b8054b5e7258/worker1/CoffeeSetupMug/s2/n2/base
b8054b5e7258	worker1	CoffeeSetupMug	2	3	base	activation	474a31d5bc8ce2ea	474a31d5bc8ce2ea1dbf23c3b30ee29789bfe82c629a06a7582fc0d0e059ac44	lerobot_groot_n15	n15	lerobot_groot_n15__robocasa365_ckpt120000		0	Pick the mug from the counter and place it under the coffee machine dispenser.	robocasa_panda_omron/CoffeeSetupMug_PandaOmron_Env	100002	1300003	0	1			5		1	all_token_full	groot_n15_dit_block_residual_full_tokens_denoise	["layer","denoise_step","model_token","feature_dim"]	[7,4,49,1536]	[0,2,4,8,10,12,15]	n15_grid_v1	grid_coord	meta	meta_json	b8054b5e7258/worker1/CoffeeSetupMug/s2/n3/base
b8054b5e7258	worker1	CoffeeSetupMug	2	4	base	activation	095945a6b0faa73a	095945a6b0faa73a00480855618900f03b64c19a350b91729f8207b7149f2d83	lerobot_groot_n15	n15	lerobot_groot_n15__robocasa365_ckpt120000		0	Pick the mug from the counter and place it under the coffee machine dispenser.	robocasa_panda_omron/CoffeeSetupMug_PandaOmron_Env	100002	1300004	0	1			5		1	all_token_full	groot_n15_dit_block_residual_full_tokens_denoise	["layer","denoise_step","model_token","feature_dim"]	[7,4,49,1536]	[0,2,4,8,10,12,15]	n15_grid_v1	grid_coord	meta	meta_json	b8054b5e7258/worker1/CoffeeSetupMug/s2/n4/base
b8054b5e7258	worker1	CoffeeSetupMug	2	5	base	activation	2519fa51c5cd4630	2519fa51c5cd46304d97892ba2cba3893681d31f7e963c91c04ef0d428a45f75	lerobot_groot_n15	n15	lerobot_groot_n15__robocasa365_ckpt120000		0	Pick the mug from the counter and place it under the coffee machine dispenser.	robocasa_panda_omron/CoffeeSetupMug_PandaOmron_Env	100002	1300005	0	1			5		1	all_token_full	groot_n15_dit_block_residual_full_tokens_denoise	["layer","denoise_step","model_token","feature_dim"]	[7,4,49,1536]	[0,2,4,8,10,12,15]	n15_grid_v1	grid_coord	meta	meta_json	b8054b5e7258/worker1/CoffeeSetupMug/s2/n5/base
b8054b5e7258	worker1	CoffeeSetupMug	2	6	base	activation	62ac2c7fa73a3457	62ac2c7fa73a345700403dc9984be3e29ed618435ac95bafb9b1ffaafa4205a9	lerobot_groot_n15	n15	lerobot_groot_n15__robocasa365_ckpt120000		0	Pick the mug from the counter and place it under the coffee machine dispenser.	robocasa_panda_omron/CoffeeSetupMug_PandaOmron_Env	100002	1300006	0	0			5		1	all_token_full	groot_n15_dit_block_residual_full_tokens_denoise	["layer","denoise_step","model_token","feature_dim"]	[7,4,49,1536]	[0,2,4,8,10,12,15]	n15_grid_v1	grid_coord	meta	meta_json	b8054b5e7258/worker1/CoffeeSetupMug/s2/n6/base
b8054b5e7258	worker1	CoffeeSetupMug	2	7	base	activation	d44f8a1188e965e4	d44f8a1188e965e4969bb54d5853090005301ba8eee582de528bb97cec99dc0a	lerobot_groot_n15	n15	lerobot_groot_n15__robocasa365_ckpt120000		0	Pick the mug from the counter and place it under the coffee machine dispenser.	robocasa_panda_omron/CoffeeSetupMug_PandaOmron_Env	100002	1300007	0	1			5		1	all_token_full	groot_n15_dit_block_residual_full_tokens_denoise	["layer","denoise_step","model_token","feature_dim"]	[7,4,49,1536]	[0,2,4,8,10,12,15]	n15_grid_v1	grid_coord	meta	meta_json	b8054b5e7258/worker1/CoffeeSetupMug/s2/n7/base
b8054b5e7258	worker1	CoffeeSetupMug	2	8	base	activation	522f461d2a763c5a	522f461d2a763c5aa10d5d3800ecc88b1644987894f9786e3362ccd9f638eb4f	lerobot_groot_n15	n15	lerobot_groot_n15__robocasa365_ckpt120000		0	Pick the mug from the counter and place it under the coffee machine dispenser.	robocasa_panda_omron/CoffeeSetupMug_PandaOmron_Env	100002	1300008	0	0			5		1	all_token_full	groot_n15_dit_block_residual_full_tokens_denoise	["layer","denoise_step","model_token","feature_dim"]	[7,4,49,1536]	[0,2,4,8,10,12,15]	n15_grid_v1	grid_coord	meta	meta_json	b8054b5e7258/worker1/CoffeeSetupMug/s2/n8/base
b8054b5e7258	worker1	CoffeeSetupMug	2	9	base	activation	d987685e1b4528ee	d987685e1b4528ee04b08d7f1c42e05c0822d3dd67dec46a1705469bd7d3019d	lerobot_groot_n15	n15	lerobot_groot_n15__robocasa365_ckpt120000		0	Pick the mug from the counter and place it under the coffee machine dispenser.	robocasa_panda_omron/CoffeeSetupMug_PandaOmron_Env	100002	1300009	0	0			5		1	all_token_full	groot_n15_dit_block_residual_full_tokens_denoise	["layer","denoise_step","model_token","feature_dim"]	[7,4,49,1536]	[0,2,4,8,10,12,15]	n15_grid_v1	grid_coord	meta	meta_json	b8054b5e7258/worker1/CoffeeSetupMug/s2/n9/base
b8054b5e7258	worker1	CoffeeSetupMug	3	0	base	activation	698ba130324cbd0c	698ba130324cbd0c8178df3c808db5688477912746dc0621151e90129dc7fba3	lerobot_groot_n15	n15	lerobot_groot_n15__robocasa365_ckpt120000		0	Pick the mug from the counter and place it under the coffee machine dispenser.	robocasa_panda_omron/CoffeeSetupMug_PandaOmron_Env	100003	1300000	0	0			5		1	all_token_full	groot_n15_dit_block_residual_full_tokens_denoise	["layer","denoise_step","model_token","feature_dim"]	[7,4,49,1536]	[0,2,4,8,10,12,15]	n15_grid_v1	grid_coord	meta	meta_json	b8054b5e7258/worker1/CoffeeSetupMug/s3/n0/base
b8054b5e7258	worker1	CoffeeSetupMug	3	1	base	activation	b7cc8fb508936508	b7cc8fb5089365089b6337a603cd80c939654f4d6d9b358d1bbac50088c21e57	lerobot_groot_n15	n15	lerobot_groot_n15__robocasa365_ckpt120000		0	Pick the mug from the counter and place it under the coffee machine dispenser.	robocasa_panda_omron/CoffeeSetupMug_PandaOmron_Env	100003	1300001	0	0			5		1	all_token_full	groot_n15_dit_block_residual_full_tokens_denoise	["layer","denoise_step","model_token","feature_dim"]	[7,4,49,1536]	[0,2,4,8,10,12,15]	n15_grid_v1	grid_coord	meta	meta_json	b8054b5e7258/worker1/CoffeeSetupMug/s3/n1/base
b8054b5e7258	worker1	CoffeeSetupMug	3	2	base	activation	e6198ede7e236dcc	e6198ede7e236dcca00d0059447decf7a15c07df9a24a837df1f0c2d1dcd0df4	lerobot_groot_n15	n15	lerobot_groot_n15__robocasa365_ckpt120000		0	Pick the mug from the counter and place it under the coffee machine dispenser.	robocasa_panda_omron/CoffeeSetupMug_PandaOmron_Env	100003	1300002	0	0			5		1	all_token_full	groot_n15_dit_block_residual_full_tokens_denoise	["layer","denoise_step","model_token","feature_dim"]	[7,4,49,1536]	[0,2,4,8,10,12,15]	n15_grid_v1	grid_coord	meta	meta_json	b8054b5e7258/worker1/CoffeeSetupMug/s3/n2/base
b8054b5e7258	worker1	CoffeeSetupMug	3	3	base	activation	4340f4ad2ba6170d	4340f4ad2ba6170db549076d62bbad01a3a1c7093922b540b74aadc34eabdeb0	lerobot_groot_n15	n15	lerobot_groot_n15__robocasa365_ckpt120000		0	Pick the mug from the counter and place it under the coffee machine dispenser.	robocasa_panda_omron/CoffeeSetupMug_PandaOmron_Env	100003	1300003	0	0			5		1	all_token_full	groot_n15_dit_block_residual_full_tokens_denoise	["layer","denoise_step","model_token","feature_dim"]	[7,4,49,1536]	[0,2,4,8,10,12,15]	n15_grid_v1	grid_coord	meta	meta_json	b8054b5e7258/worker1/CoffeeSetupMug/s3/n3/base
b8054b5e7258	worker1	CoffeeSetupMug	3	4	base	activation	8e6d577ffd6b0340	8e6d577ffd6b03409a12afe4d7c8d3a4e5c0b3930b46d5f4045e4ccf1e088525	lerobot_groot_n15	n15	lerobot_groot_n15__robocasa365_ckpt120000		0	Pick the mug from the counter and place it under the coffee machine dispenser.	robocasa_panda_omron/CoffeeSetupMug_PandaOmron_Env	100003	1300004	0	0			5		1	all_token_full	groot_n15_dit_block_residual_full_tokens_denoise	["layer","denoise_step","model_token","feature_dim"]	[7,4,49,1536]	[0,2,4,8,10,12,15]	n15_grid_v1	grid_coord	meta	meta_json	b8054b5e7258/worker1/CoffeeSetupMug/s3/n4/base
b8054b5e7258	worker1	CoffeeSetupMug	3	5	base	activation	ba68964963598f13	ba68964963598f131bd312e64b2431ed6b47b1e33f65d6df1a2ebb1babf4fc61	lerobot_groot_n15	n15	lerobot_groot_n15__robocasa365_ckpt120000		0	Pick the mug from the counter and place it under the coffee machine dispenser.	robocasa_panda_omron/CoffeeSetupMug_PandaOmron_Env	100003	1300005	0	0			5		1	all_token_full	groot_n15_dit_block_residual_full_tokens_denoise	["layer","denoise_step","model_token","feature_dim"]	[7,4,49,1536]	[0,2,4,8,10,12,15]	n15_grid_v1	grid_coord	meta	meta_json	b8054b5e7258/worker1/CoffeeSetupMug/s3/n5/base
b8054b5e7258	worker1	CoffeeSetupMug	3	6	base	activation	883a1bc970a12bcf	883a1bc970a12bcf46628c0efbd7552a5a7601a71017acd926966716021116a0	lerobot_groot_n15	n15	lerobot_groot_n15__robocasa365_ckpt120000		0	Pick the mug from the counter and place it under the coffee machine dispenser.	robocasa_panda_omron/CoffeeSetupMug_PandaOmron_Env	100003	1300006	0	0			5		1	all_token_full	groot_n15_dit_block_residual_full_tokens_denoise	["layer","denoise_step","model_token","feature_dim"]	[7,4,49,1536]	[0,2,4,8,10,12,15]	n15_grid_v1	grid_coord	meta	meta_json	b8054b5e7258/worker1/CoffeeSetupMug/s3/n6/base
b8054b5e7258	worker1	CoffeeSetupMug	3	7	base	activation	0b9c96c98d4534be	0b9c96c98d4534be5b40a41be011c115995d77bbce7160b667c7f5bdea0a5feb	lerobot_groot_n15	n15	lerobot_groot_n15__robocasa365_ckpt120000		0	Pick the mug from the counter and place it under the coffee machine dispenser.	robocasa_panda_omron/CoffeeSetupMug_PandaOmron_Env	100003	1300007	0	0			5		1	all_token_full	groot_n15_dit_block_residual_full_tokens_denoise	["layer","denoise_step","model_token","feature_dim"]	[7,4,49,1536]	[0,2,4,8,10,12,15]	n15_grid_v1	grid_coord	meta	meta_json	b8054b5e7258/worker1/CoffeeSetupMug/s3/n7/base
b8054b5e7258	worker1	CoffeeSetupMug	3	8	base	activation	6e1f3c37f92d35d7	6e1f3c37f92d35d75dfbff99293a455cb58899c0e8f74249420c54b3af4032c6	lerobot_groot_n15	n15	lerobot_groot_n15__robocasa365_ckpt120000		0	Pick the mug from the counter and place it under the coffee machine dispenser.	robocasa_panda_omron/CoffeeSetupMug_PandaOmron_Env	100003	1300008	0	0			5		1	all_token_full	groot_n15_dit_block_residual_full_tokens_denoise	["layer","denoise_step","model_token","feature_dim"]	[7,4,49,1536]	[0,2,4,8,10,12,15]	n15_grid_v1	grid_coord	meta	meta_json	b8054b5e7258/worker1/CoffeeSetupMug/s3/n8/base
b8054b5e7258	worker1	CoffeeSetupMug	3	9	base	activation	5eb37e740c443afc	5eb37e740c443afc22283f1560a47ddc485f2055c393b8adab0d84a004f9ab56	lerobot_groot_n15	n15	lerobot_groot_n15__robocasa365_ckpt120000		0	Pick the mug from the counter and place it under the coffee machine dispenser.	robocasa_panda_omron/CoffeeSetupMug_PandaOmron_Env	100003	1300009	0	0			5		1	all_token_full	groot_n15_dit_block_residual_full_tokens_denoise	["layer","denoise_step","model_token","feature_dim"]	[7,4,49,1536]	[0,2,4,8,10,12,15]	n15_grid_v1	grid_coord	meta	meta_json	b8054b5e7258/worker1/CoffeeSetupMug/s3/n9/base
b8054b5e7258	worker1	CoffeeSetupMug	4	0	base	activation	b70b244bc8f6bfbe	b70b244bc8f6bfbe6871c5858c6932480f1c19b1e007d40c1ebc1de7eacb4d33	lerobot_groot_n15	n15	lerobot_groot_n15__robocasa365_ckpt120000		0	Pick the mug from the counter and place it under the coffee machine dispenser.	robocasa_panda_omron/CoffeeSetupMug_PandaOmron_Env	100004	1300000	0	0			5		1	all_token_full	groot_n15_dit_block_residual_full_tokens_denoise	["layer","denoise_step","model_token","feature_dim"]	[7,4,49,1536]	[0,2,4,8,10,12,15]	n15_grid_v1	grid_coord	meta	meta_json	b8054b5e7258/worker1/CoffeeSetupMug/s4/n0/base
b8054b5e7258	worker1	CoffeeSetupMug	4	1	base	activation	1f3b51230e107627	1f3b51230e10762711a8847f19913453392df51a0453a18662eb10cf7b2d377f	lerobot_groot_n15	n15	lerobot_groot_n15__robocasa365_ckpt120000		0	Pick the mug from the counter and place it under the coffee machine dispenser.	robocasa_panda_omron/CoffeeSetupMug_PandaOmron_Env	100004	1300001	0	0			5		1	all_token_full	groot_n15_dit_block_residual_full_tokens_denoise	["layer","denoise_step","model_token","feature_dim"]	[7,4,49,1536]	[0,2,4,8,10,12,15]	n15_grid_v1	grid_coord	meta	meta_json	b8054b5e7258/worker1/CoffeeSetupMug/s4/n1/base
b8054b5e7258	worker1	CoffeeSetupMug	4	2	base	activation	62f9c0b8817f5864	62f9c0b8817f5864cc7ba4cad27def955b26e571160d4cc302410cb1ee04acc2	lerobot_groot_n15	n15	lerobot_groot_n15__robocasa365_ckpt120000		0	Pick the mug from the counter and place it under the coffee machine dispenser.	robocasa_panda_omron/CoffeeSetupMug_PandaOmron_Env	100004	1300002	0	0			5		1	all_token_full	groot_n15_dit_block_residual_full_tokens_denoise	["layer","denoise_step","model_token","feature_dim"]	[7,4,49,1536]	[0,2,4,8,10,12,15]	n15_grid_v1	grid_coord	meta	meta_json	b8054b5e7258/worker1/CoffeeSetupMug/s4/n2/base
b8054b5e7258	worker1	CoffeeSetupMug	4	3	base	activation	f2a8f5082169989c	f2a8f5082169989c94a95615c6a87691ce99d3fb217e6e0185afebe7856ed153	lerobot_groot_n15	n15	lerobot_groot_n15__robocasa365_ckpt120000		0	Pick the mug from the counter and place it under the coffee machine dispenser.	robocasa_panda_omron/CoffeeSetupMug_PandaOmron_Env	100004	1300003	0	0			5		1	all_token_full	groot_n15_dit_block_residual_full_tokens_denoise	["layer","denoise_step","model_token","feature_dim"]	[7,4,49,1536]	[0,2,4,8,10,12,15]	n15_grid_v1	grid_coord	meta	meta_json	b8054b5e7258/worker1/CoffeeSetupMug/s4/n3/base
b8054b5e7258	worker1	CoffeeSetupMug	4	4	base	activation	929d38fa63bbfa46	929d38fa63bbfa4606565150da57b2c3b5811ca9ea6967eae7b438341d9fd95e	lerobot_groot_n15	n15	lerobot_groot_n15__robocasa365_ckpt120000		0	Pick the mug from the counter and place it under the coffee machine dispenser.	robocasa_panda_omron/CoffeeSetupMug_PandaOmron_Env	100004	1300004	0	0			5		1	all_token_full	groot_n15_dit_block_residual_full_tokens_denoise	["layer","denoise_step","model_token","feature_dim"]	[7,4,49,1536]	[0,2,4,8,10,12,15]	n15_grid_v1	grid_coord	meta	meta_json	b8054b5e7258/worker1/CoffeeSetupMug/s4/n4/base
b8054b5e7258	worker1	CoffeeSetupMug	4	5	base	activation	fc8ccff3b6aa4ffb	fc8ccff3b6aa4ffb9a2a24070aafdbe809072beb40cfbfe3577914c99a7ff74d	lerobot_groot_n15	n15	lerobot_groot_n15__robocasa365_ckpt120000		0	Pick the mug from the counter and place it under the coffee machine dispenser.	robocasa_panda_omron/CoffeeSetupMug_PandaOmron_Env	100004	1300005	0	0			5		1	all_token_full	groot_n15_dit_block_residual_full_tokens_denoise	["layer","denoise_step","model_token","feature_dim"]	[7,4,49,1536]	[0,2,4,8,10,12,15]	n15_grid_v1	grid_coord	meta	meta_json	b8054b5e7258/worker1/CoffeeSetupMug/s4/n5/base
b8054b5e7258	worker1	CoffeeSetupMug	4	6	base	activation	649bc964ed1a6c2a	649bc964ed1a6c2a3a85fcef62561fab66df4e467fab4d997e9ab62164386314	lerobot_groot_n15	n15	lerobot_groot_n15__robocasa365_ckpt120000		0	Pick the mug from the counter and place it under the coffee machine dispenser.	robocasa_panda_omron/CoffeeSetupMug_PandaOmron_Env	100004	1300006	0	0			5		1	all_token_full	groot_n15_dit_block_residual_full_tokens_denoise	["layer","denoise_step","model_token","feature_dim"]	[7,4,49,1536]	[0,2,4,8,10,12,15]	n15_grid_v1	grid_coord	meta	meta_json	b8054b5e7258/worker1/CoffeeSetupMug/s4/n6/base
b8054b5e7258	worker1	CoffeeSetupMug	4	7	base	activation	a7f4afbd185ad9c5	a7f4afbd185ad9c5097acb5438a03b74434880961cec5e064e44c27758f23315	lerobot_groot_n15	n15	lerobot_groot_n15__robocasa365_ckpt120000		0	Pick the mug from the counter and place it under the coffee machine dispenser.	robocasa_panda_omron/CoffeeSetupMug_PandaOmron_Env	100004	1300007	0	0			5		1	all_token_full	groot_n15_dit_block_residual_full_tokens_denoise	["layer","denoise_step","model_token","feature_dim"]	[7,4,49,1536]	[0,2,4,8,10,12,15]	n15_grid_v1	grid_coord	meta	meta_json	b8054b5e7258/worker1/CoffeeSetupMug/s4/n7/base
b8054b5e7258	worker1	CoffeeSetupMug	4	8	base	activation	aa1fed808fe65028	aa1fed808fe6502805ede1d12245f3d50e3abfe9e7402212d7eaffe95e870797	lerobot_groot_n15	n15	lerobot_groot_n15__robocasa365_ckpt120000		0	Pick the mug from the counter and place it under the coffee machine dispenser.	robocasa_panda_omron/CoffeeSetupMug_PandaOmron_Env	100004	1300008	0	0			5		1	all_token_full	groot_n15_dit_block_residual_full_tokens_denoise	["layer","denoise_step","model_token","feature_dim"]	[7,4,49,1536]	[0,2,4,8,10,12,15]	n15_grid_v1	grid_coord	meta	meta_json	b8054b5e7258/worker1/CoffeeSetupMug/s4/n8/base
b8054b5e7258	worker1	CoffeeSetupMug	4	9	base	activation	90d72ee6cd58b24a	90d72ee6cd58b24aca7af5e07c75ade6f2c43305e2d378f6c12a58e2be306e3b	lerobot_groot_n15	n15	lerobot_groot_n15__robocasa365_ckpt120000		0	Pick the mug from the counter and place it under the coffee machine dispenser.	robocasa_panda_omron/CoffeeSetupMug_PandaOmron_Env	100004	1300009	0	0			5		1	all_token_full	groot_n15_dit_block_residual_full_tokens_denoise	["layer","denoise_step","model_token","feature_dim"]	[7,4,49,1536]	[0,2,4,8,10,12,15]	n15_grid_v1	grid_coord	meta	meta_json	b8054b5e7258/worker1/CoffeeSetupMug/s4/n9/base
b8054b5e7258	worker1	CoffeeSetupMug	5	0	base	activation	5ff515e72e412816	5ff515e72e412816e826e943aedac70b8478fc44d848f657bfe22e37e9085f8b	lerobot_groot_n15	n15	lerobot_groot_n15__robocasa365_ckpt120000		0	Pick the mug from the counter and place it under the coffee machine dispenser.	robocasa_panda_omron/CoffeeSetupMug_PandaOmron_Env	100005	1300000	0	0			5		1	all_token_full	groot_n15_dit_block_residual_full_tokens_denoise	["layer","denoise_step","model_token","feature_dim"]	[7,4,49,1536]	[0,2,4,8,10,12,15]	n15_grid_v1	grid_coord	meta	meta_json	b8054b5e7258/worker1/CoffeeSetupMug/s5/n0/base
b8054b5e7258	worker1	CoffeeSetupMug	5	1	base	activation	b2e8379f71dd5bbe	b2e8379f71dd5bbee13d5b159ca58e84effcc10c546e631b881f8855e26e880e	lerobot_groot_n15	n15	lerobot_groot_n15__robocasa365_ckpt120000		0	Pick the mug from the counter and place it under the coffee machine dispenser.	robocasa_panda_omron/CoffeeSetupMug_PandaOmron_Env	100005	1300001	0	0			5		1	all_token_full	groot_n15_dit_block_residual_full_tokens_denoise	["layer","denoise_step","model_token","feature_dim"]	[7,4,49,1536]	[0,2,4,8,10,12,15]	n15_grid_v1	grid_coord	meta	meta_json	b8054b5e7258/worker1/CoffeeSetupMug/s5/n1/base
b8054b5e7258	worker1	CoffeeSetupMug	5	2	base	activation	50989526006c14e4	50989526006c14e4ee44a1fc3c179793fee25e57d15221b66ff4fb5d3a94965a	lerobot_groot_n15	n15	lerobot_groot_n15__robocasa365_ckpt120000		0	Pick the mug from the counter and place it under the coffee machine dispenser.	robocasa_panda_omron/CoffeeSetupMug_PandaOmron_Env	100005	1300002	0	0			5		1	all_token_full	groot_n15_dit_block_residual_full_tokens_denoise	["layer","denoise_step","model_token","feature_dim"]	[7,4,49,1536]	[0,2,4,8,10,12,15]	n15_grid_v1	grid_coord	meta	meta_json	b8054b5e7258/worker1/CoffeeSetupMug/s5/n2/base
b8054b5e7258	worker1	CoffeeSetupMug	5	3	base	activation	afc03a05208c65cf	afc03a05208c65cfa5d97e830c38dfa21107e009449a500aeb6a64b2f16e9665	lerobot_groot_n15	n15	lerobot_groot_n15__robocasa365_ckpt120000		0	Pick the mug from the counter and place it under the coffee machine dispenser.	robocasa_panda_omron/CoffeeSetupMug_PandaOmron_Env	100005	1300003	0	0			5		1	all_token_full	groot_n15_dit_block_residual_full_tokens_denoise	["layer","denoise_step","model_token","feature_dim"]	[7,4,49,1536]	[0,2,4,8,10,12,15]	n15_grid_v1	grid_coord	meta	meta_json	b8054b5e7258/worker1/CoffeeSetupMug/s5/n3/base
b8054b5e7258	worker1	CoffeeSetupMug	5	4	base	activation	4f95ce6147585a7e	4f95ce6147585a7e9a2631187e57d4fd1cfc68ab8212d40d975574976c84e609	lerobot_groot_n15	n15	lerobot_groot_n15__robocasa365_ckpt120000		0	Pick the mug from the counter and place it under the coffee machine dispenser.	robocasa_panda_omron/CoffeeSetupMug_PandaOmron_Env	100005	1300004	0	0			5		1	all_token_full	groot_n15_dit_block_residual_full_tokens_denoise	["layer","denoise_step","model_token","feature_dim"]	[7,4,49,1536]	[0,2,4,8,10,12,15]	n15_grid_v1	grid_coord	meta	meta_json	b8054b5e7258/worker1/CoffeeSetupMug/s5/n4/base
b8054b5e7258	worker1	CoffeeSetupMug	5	5	base	activation	72206becadee4189	72206becadee41898810e9fc4ef6bcf7dd3d324fa6ac3caf658afe02d0d6ea3c	lerobot_groot_n15	n15	lerobot_groot_n15__robocasa365_ckpt120000		0	Pick the mug from the counter and place it under the coffee machine dispenser.	robocasa_panda_omron/CoffeeSetupMug_PandaOmron_Env	100005	1300005	0	0			5		1	all_token_full	groot_n15_dit_block_residual_full_tokens_denoise	["layer","denoise_step","model_token","feature_dim"]	[7,4,49,1536]	[0,2,4,8,10,12,15]	n15_grid_v1	grid_coord	meta	meta_json	b8054b5e7258/worker1/CoffeeSetupMug/s5/n5/base
b8054b5e7258	worker1	CoffeeSetupMug	5	6	base	activation	7903b7038ab7b934	7903b7038ab7b93401f05e3f01856b236bd490582361503768a2092a6a198568	lerobot_groot_n15	n15	lerobot_groot_n15__robocasa365_ckpt120000		0	Pick the mug from the counter and place it under the coffee machine dispenser.	robocasa_panda_omron/CoffeeSetupMug_PandaOmron_Env	100005	1300006	0	0			5		1	all_token_full	groot_n15_dit_block_residual_full_tokens_denoise	["layer","denoise_step","model_token","feature_dim"]	[7,4,49,1536]	[0,2,4,8,10,12,15]	n15_grid_v1	grid_coord	meta	meta_json	b8054b5e7258/worker1/CoffeeSetupMug/s5/n6/base
b8054b5e7258	worker1	CoffeeSetupMug	5	7	base	activation	d09fc32531a58c03	d09fc32531a58c0333261f8e0e64e7b9f9cfdbcd793bed12c2a4a5c8a3f84633	lerobot_groot_n15	n15	lerobot_groot_n15__robocasa365_ckpt120000		0	Pick the mug from the counter and place it under the coffee machine dispenser.	robocasa_panda_omron/CoffeeSetupMug_PandaOmron_Env	100005	1300007	0	0			5		1	all_token_full	groot_n15_dit_block_residual_full_tokens_denoise	["layer","denoise_step","model_token","feature_dim"]	[7,4,49,1536]	[0,2,4,8,10,12,15]	n15_grid_v1	grid_coord	meta	meta_json	b8054b5e7258/worker1/CoffeeSetupMug/s5/n7/base
b8054b5e7258	worker1	CoffeeSetupMug	5	8	base	activation	a7fe8070d4dc4bf5	a7fe8070d4dc4bf5217d51dedf71932943bd1c36365707883feac4af70f542ba	lerobot_groot_n15	n15	lerobot_groot_n15__robocasa365_ckpt120000		0	Pick the mug from the counter and place it under the coffee machine dispenser.	robocasa_panda_omron/CoffeeSetupMug_PandaOmron_Env	100005	1300008	0	0			5		1	all_token_full	groot_n15_dit_block_residual_full_tokens_denoise	["layer","denoise_step","model_token","feature_dim"]	[7,4,49,1536]	[0,2,4,8,10,12,15]	n15_grid_v1	grid_coord	meta	meta_json	b8054b5e7258/worker1/CoffeeSetupMug/s5/n8/base
b8054b5e7258	worker1	CoffeeSetupMug	5	9	base	activation	824a0e19e38f7385	824a0e19e38f7385033f73db6b53f77908d6c219a6c253bf409a911373a73f76	lerobot_groot_n15	n15	lerobot_groot_n15__robocasa365_ckpt120000		0	Pick the mug from the counter and place it under the coffee machine dispenser.	robocasa_panda_omron/CoffeeSetupMug_PandaOmron_Env	100005	1300009	0	0			5		1	all_token_full	groot_n15_dit_block_residual_full_tokens_denoise	["layer","denoise_step","model_token","feature_dim"]	[7,4,49,1536]	[0,2,4,8,10,12,15]	n15_grid_v1	grid_coord	meta	meta_json	b8054b5e7258/worker1/CoffeeSetupMug/s5/n9/base
b8054b5e7258	worker1	CoffeeSetupMug	6	0	base	activation	60b57ece07497f79	60b57ece07497f795b432310b2a0558ce4409e60fbee35fb598ba48688a5a74a	lerobot_groot_n15	n15	lerobot_groot_n15__robocasa365_ckpt120000		0	Pick the mug from the counter and place it under the coffee machine dispenser.	robocasa_panda_omron/CoffeeSetupMug_PandaOmron_Env	100006	1300000	0	0			5		1	all_token_full	groot_n15_dit_block_residual_full_tokens_denoise	["layer","denoise_step","model_token","feature_dim"]	[7,4,49,1536]	[0,2,4,8,10,12,15]	n15_grid_v1	grid_coord	meta	meta_json	b8054b5e7258/worker1/CoffeeSetupMug/s6/n0/base
b8054b5e7258	worker1	CoffeeSetupMug	6	1	base	activation	226e0b4f106c7b98	226e0b4f106c7b98640c39950252b0ce498247c32490fa6a3b7a91df2291728c	lerobot_groot_n15	n15	lerobot_groot_n15__robocasa365_ckpt120000		0	Pick the mug from the counter and place it under the coffee machine dispenser.	robocasa_panda_omron/CoffeeSetupMug_PandaOmron_Env	100006	1300001	0	0			5		1	all_token_full	groot_n15_dit_block_residual_full_tokens_denoise	["layer","denoise_step","model_token","feature_dim"]	[7,4,49,1536]	[0,2,4,8,10,12,15]	n15_grid_v1	grid_coord	meta	meta_json	b8054b5e7258/worker1/CoffeeSetupMug/s6/n1/base
b8054b5e7258	worker1	CoffeeSetupMug	6	2	base	activation	4cc4ed69bbf4dd22	4cc4ed69bbf4dd2238025c44b79ed188365a16483b7a89d09517b018588f3f95	lerobot_groot_n15	n15	lerobot_groot_n15__robocasa365_ckpt120000		0	Pick the mug from the counter and place it under the coffee machine dispenser.	robocasa_panda_omron/CoffeeSetupMug_PandaOmron_Env	100006	1300002	0	0			5		1	all_token_full	groot_n15_dit_block_residual_full_tokens_denoise	["layer","denoise_step","model_token","feature_dim"]	[7,4,49,1536]	[0,2,4,8,10,12,15]	n15_grid_v1	grid_coord	meta	meta_json	b8054b5e7258/worker1/CoffeeSetupMug/s6/n2/base
b8054b5e7258	worker1	CoffeeSetupMug	6	3	base	activation	a6793522208acde3	a6793522208acde3cd22ada9ca6fa2b626d7274e68007f7861e2471455f77346	lerobot_groot_n15	n15	lerobot_groot_n15__robocasa365_ckpt120000		0	Pick the mug from the counter and place it under the coffee machine dispenser.	robocasa_panda_omron/CoffeeSetupMug_PandaOmron_Env	100006	1300003	0	0			5		1	all_token_full	groot_n15_dit_block_residual_full_tokens_denoise	["layer","denoise_step","model_token","feature_dim"]	[7,4,49,1536]	[0,2,4,8,10,12,15]	n15_grid_v1	grid_coord	meta	meta_json	b8054b5e7258/worker1/CoffeeSetupMug/s6/n3/base
b8054b5e7258	worker1	CoffeeSetupMug	6	4	base	activation	0da11e02fa5b13e6	0da11e02fa5b13e69b4477aaeb3ce25c5c9a276d3d37057bc6029096baaf0bc2	lerobot_groot_n15	n15	lerobot_groot_n15__robocasa365_ckpt120000		0	Pick the mug from the counter and place it under the coffee machine dispenser.	robocasa_panda_omron/CoffeeSetupMug_PandaOmron_Env	100006	1300004	0	0			5		1	all_token_full	groot_n15_dit_block_residual_full_tokens_denoise	["layer","denoise_step","model_token","feature_dim"]	[7,4,49,1536]	[0,2,4,8,10,12,15]	n15_grid_v1	grid_coord	meta	meta_json	b8054b5e7258/worker1/CoffeeSetupMug/s6/n4/base
b8054b5e7258	worker1	CoffeeSetupMug	6	5	base	activation	d7197023b71b3193	d7197023b71b31932ad3fd978edd6e4a422eed1c02bb5644d6409f6a0ec1b431	lerobot_groot_n15	n15	lerobot_groot_n15__robocasa365_ckpt120000		0	Pick the mug from the counter and place it under the coffee machine dispenser.	robocasa_panda_omron/CoffeeSetupMug_PandaOmron_Env	100006	1300005	0	0			5		1	all_token_full	groot_n15_dit_block_residual_full_tokens_denoise	["layer","denoise_step","model_token","feature_dim"]	[7,4,49,1536]	[0,2,4,8,10,12,15]	n15_grid_v1	grid_coord	meta	meta_json	b8054b5e7258/worker1/CoffeeSetupMug/s6/n5/base
b8054b5e7258	worker1	CoffeeSetupMug	6	6	base	activation	32f028db09ceed2f	32f028db09ceed2f012a6d8351c40c57fe6ce39a352a367d6c8a1e13998ff292	lerobot_groot_n15	n15	lerobot_groot_n15__robocasa365_ckpt120000		0	Pick the mug from the counter and place it under the coffee machine dispenser.	robocasa_panda_omron/CoffeeSetupMug_PandaOmron_Env	100006	1300006	0	0			5		1	all_token_full	groot_n15_dit_block_residual_full_tokens_denoise	["layer","denoise_step","model_token","feature_dim"]	[7,4,49,1536]	[0,2,4,8,10,12,15]	n15_grid_v1	grid_coord	meta	meta_json	b8054b5e7258/worker1/CoffeeSetupMug/s6/n6/base
b8054b5e7258	worker1	CoffeeSetupMug	6	7	base	activation	9259e2d5186ee308	9259e2d5186ee308a9211d3809b5f7e62c52254120fdb1fc8b995af2a45bb92f	lerobot_groot_n15	n15	lerobot_groot_n15__robocasa365_ckpt120000		0	Pick the mug from the counter and place it under the coffee machine dispenser.	robocasa_panda_omron/CoffeeSetupMug_PandaOmron_Env	100006	1300007	0	0			5		1	all_token_full	groot_n15_dit_block_residual_full_tokens_denoise	["layer","denoise_step","model_token","feature_dim"]	[7,4,49,1536]	[0,2,4,8,10,12,15]	n15_grid_v1	grid_coord	meta	meta_json	b8054b5e7258/worker1/CoffeeSetupMug/s6/n7/base
b8054b5e7258	worker1	CoffeeSetupMug	6	8	base	activation	bdd61881a81f808f	bdd61881a81f808f58104d60a29a571dd8b02f7d8965bdb97caed7c347782e85	lerobot_groot_n15	n15	lerobot_groot_n15__robocasa365_ckpt120000		0	Pick the mug from the counter and place it under the coffee machine dispenser.	robocasa_panda_omron/CoffeeSetupMug_PandaOmron_Env	100006	1300008	0	0			5		1	all_token_full	groot_n15_dit_block_residual_full_tokens_denoise	["layer","denoise_step","model_token","feature_dim"]	[7,4,49,1536]	[0,2,4,8,10,12,15]	n15_grid_v1	grid_coord	meta	meta_json	b8054b5e7258/worker1/CoffeeSetupMug/s6/n8/base
b8054b5e7258	worker1	CoffeeSetupMug	6	9	base	activation	845400c650479dfd	845400c650479dfdd8680ccef0237a70b5d7f77a75f940f305acb459a8189f61	lerobot_groot_n15	n15	lerobot_groot_n15__robocasa365_ckpt120000		0	Pick the mug from the counter and place it under the coffee machine dispenser.	robocasa_panda_omron/CoffeeSetupMug_PandaOmron_Env	100006	1300009	0	0			5		1	all_token_full	groot_n15_dit_block_residual_full_tokens_denoise	["layer","denoise_step","model_token","feature_dim"]	[7,4,49,1536]	[0,2,4,8,10,12,15]	n15_grid_v1	grid_coord	meta	meta_json	b8054b5e7258/worker1/CoffeeSetupMug/s6/n9/base
b8054b5e7258	worker1	CoffeeSetupMug	7	0	base	activation	ee205f215136f731	ee205f215136f73175e33478c6d24d9c45c84830b5abcacad7480de1e12a6339	lerobot_groot_n15	n15	lerobot_groot_n15__robocasa365_ckpt120000		0	Pick the mug from the counter and place it under the coffee machine dispenser.	robocasa_panda_omron/CoffeeSetupMug_PandaOmron_Env	100007	1300000	0	0			5		1	all_token_full	groot_n15_dit_block_residual_full_tokens_denoise	["layer","denoise_step","model_token","feature_dim"]	[7,4,49,1536]	[0,2,4,8,10,12,15]	n15_grid_v1	grid_coord	meta	meta_json	b8054b5e7258/worker1/CoffeeSetupMug/s7/n0/base
b8054b5e7258	worker1	CoffeeSetupMug	7	1	base	activation	660b274c410d63f3	660b274c410d63f31f2498a819f5bb160b425b713c1843d1e613d9b1d6265c93	lerobot_groot_n15	n15	lerobot_groot_n15__robocasa365_ckpt120000		0	Pick the mug from the counter and place it under the coffee machine dispenser.	robocasa_panda_omron/CoffeeSetupMug_PandaOmron_Env	100007	1300001	0	0			5		1	all_token_full	groot_n15_dit_block_residual_full_tokens_denoise	["layer","denoise_step","model_token","feature_dim"]	[7,4,49,1536]	[0,2,4,8,10,12,15]	n15_grid_v1	grid_coord	meta	meta_json	b8054b5e7258/worker1/CoffeeSetupMug/s7/n1/base
b8054b5e7258	worker1	CoffeeSetupMug	7	2	base	activation	aa55f266e3eb2f47	aa55f266e3eb2f4724703deaef00ade71ebf6df25c382ddfb3e7a1cc8cdefc65	lerobot_groot_n15	n15	lerobot_groot_n15__robocasa365_ckpt120000		0	Pick the mug from the counter and place it under the coffee machine dispenser.	robocasa_panda_omron/CoffeeSetupMug_PandaOmron_Env	100007	1300002	0	0			5		1	all_token_full	groot_n15_dit_block_residual_full_tokens_denoise	["layer","denoise_step","model_token","feature_dim"]	[7,4,49,1536]	[0,2,4,8,10,12,15]	n15_grid_v1	grid_coord	meta	meta_json	b8054b5e7258/worker1/CoffeeSetupMug/s7/n2/base
b8054b5e7258	worker1	CoffeeSetupMug	7	3	base	activation	ea89d21eb9562e9f	ea89d21eb9562e9fdddcbb2e9d524ddfdcf45d1ee2de0bf53a7cfc586113f467	lerobot_groot_n15	n15	lerobot_groot_n15__robocasa365_ckpt120000		0	Pick the mug from the counter and place it under the coffee machine dispenser.	robocasa_panda_omron/CoffeeSetupMug_PandaOmron_Env	100007	1300003	0	0			5		1	all_token_full	groot_n15_dit_block_residual_full_tokens_denoise	["layer","denoise_step","model_token","feature_dim"]	[7,4,49,1536]	[0,2,4,8,10,12,15]	n15_grid_v1	grid_coord	meta	meta_json	b8054b5e7258/worker1/CoffeeSetupMug/s7/n3/base
b8054b5e7258	worker1	CoffeeSetupMug	7	4	base	activation	a3caee2988cc6d90	a3caee2988cc6d90fc0c9e08d1104ded1268256ad246466820e3413d41fd1bcd	lerobot_groot_n15	n15	lerobot_groot_n15__robocasa365_ckpt120000		0	Pick the mug from the counter and place it under the coffee machine dispenser.	robocasa_panda_omron/CoffeeSetupMug_PandaOmron_Env	100007	1300004	0	0			5		1	all_token_full	groot_n15_dit_block_residual_full_tokens_denoise	["layer","denoise_step","model_token","feature_dim"]	[7,4,49,1536]	[0,2,4,8,10,12,15]	n15_grid_v1	grid_coord	meta	meta_json	b8054b5e7258/worker1/CoffeeSetupMug/s7/n4/base
b8054b5e7258	worker1	CoffeeSetupMug	7	5	base	activation	74850bf797cccc8e	74850bf797cccc8e9d01230de34268fb650aa9a07212c5b3c2ed369cd0131263	lerobot_groot_n15	n15	lerobot_groot_n15__robocasa365_ckpt120000		0	Pick the mug from the counter and place it under the coffee machine dispenser.	robocasa_panda_omron/CoffeeSetupMug_PandaOmron_Env	100007	1300005	0	0			5		1	all_token_full	groot_n15_dit_block_residual_full_tokens_denoise	["layer","denoise_step","model_token","feature_dim"]	[7,4,49,1536]	[0,2,4,8,10,12,15]	n15_grid_v1	grid_coord	meta	meta_json	b8054b5e7258/worker1/CoffeeSetupMug/s7/n5/base
b8054b5e7258	worker1	CoffeeSetupMug	7	6	base	activation	72ee8a9612b51440	72ee8a9612b514407f8641a48f6987a6f5958cac6f7f3e885a538e00b401ab8d	lerobot_groot_n15	n15	lerobot_groot_n15__robocasa365_ckpt120000		0	Pick the mug from the counter and place it under the coffee machine dispenser.	robocasa_panda_omron/CoffeeSetupMug_PandaOmron_Env	100007	1300006	0	0			5		1	all_token_full	groot_n15_dit_block_residual_full_tokens_denoise	["layer","denoise_step","model_token","feature_dim"]	[7,4,49,1536]	[0,2,4,8,10,12,15]	n15_grid_v1	grid_coord	meta	meta_json	b8054b5e7258/worker1/CoffeeSetupMug/s7/n6/base
b8054b5e7258	worker1	CoffeeSetupMug	7	7	base	activation	5ee1999ac683000b	5ee1999ac683000b6b26a655e4a0f2c7ffaf2554103d1bd8f9fe3bebc289fdbe	lerobot_groot_n15	n15	lerobot_groot_n15__robocasa365_ckpt120000		0	Pick the mug from the counter and place it under the coffee machine dispenser.	robocasa_panda_omron/CoffeeSetupMug_PandaOmron_Env	100007	1300007	0	0			5		1	all_token_full	groot_n15_dit_block_residual_full_tokens_denoise	["layer","denoise_step","model_token","feature_dim"]	[7,4,49,1536]	[0,2,4,8,10,12,15]	n15_grid_v1	grid_coord	meta	meta_json	b8054b5e7258/worker1/CoffeeSetupMug/s7/n7/base
b8054b5e7258	worker1	CoffeeSetupMug	7	8	base	activation	0c2f08f455ec1584	0c2f08f455ec15842815244152e258a1606bd7ee9dea820a1819c1637169c667	lerobot_groot_n15	n15	lerobot_groot_n15__robocasa365_ckpt120000		0	Pick the mug from the counter and place it under the coffee machine dispenser.	robocasa_panda_omron/CoffeeSetupMug_PandaOmron_Env	100007	1300008	0	0			5		1	all_token_full	groot_n15_dit_block_residual_full_tokens_denoise	["layer","denoise_step","model_token","feature_dim"]	[7,4,49,1536]	[0,2,4,8,10,12,15]	n15_grid_v1	grid_coord	meta	meta_json	b8054b5e7258/worker1/CoffeeSetupMug/s7/n8/base
b8054b5e7258	worker1	CoffeeSetupMug	7	9	base	activation	bde23ec68408e3e5	bde23ec68408e3e58803a5fc48b05b788f315cf7f991d13b2017c26a784aa607	lerobot_groot_n15	n15	lerobot_groot_n15__robocasa365_ckpt120000		0	Pick the mug from the counter and place it under the coffee machine dispenser.	robocasa_panda_omron/CoffeeSetupMug_PandaOmron_Env	100007	1300009	0	0			5		1	all_token_full	groot_n15_dit_block_residual_full_tokens_denoise	["layer","denoise_step","model_token","feature_dim"]	[7,4,49,1536]	[0,2,4,8,10,12,15]	n15_grid_v1	grid_coord	meta	meta_json	b8054b5e7258/worker1/CoffeeSetupMug/s7/n9/base
b8054b5e7258	worker1	CoffeeSetupMug	8	0	base	activation	dbb958d11e398bd4	dbb958d11e398bd4f9c2362999b4e68d4dff0b9d6a7176ddc8200e37b0a98b19	lerobot_groot_n15	n15	lerobot_groot_n15__robocasa365_ckpt120000		0	Pick the mug from the counter and place it under the coffee machine dispenser.	robocasa_panda_omron/CoffeeSetupMug_PandaOmron_Env	100008	1300000	0	0			5		1	all_token_full	groot_n15_dit_block_residual_full_tokens_denoise	["layer","denoise_step","model_token","feature_dim"]	[7,4,49,1536]	[0,2,4,8,10,12,15]	n15_grid_v1	grid_coord	meta	meta_json	b8054b5e7258/worker1/CoffeeSetupMug/s8/n0/base
b8054b5e7258	worker1	CoffeeSetupMug	8	1	base	activation	0641b0d500c6d1f0	0641b0d500c6d1f0890702f1c565ca76a59ea1c48963d882418dfacbe1f444ea	lerobot_groot_n15	n15	lerobot_groot_n15__robocasa365_ckpt120000		0	Pick the mug from the counter and place it under the coffee machine dispenser.	robocasa_panda_omron/CoffeeSetupMug_PandaOmron_Env	100008	1300001	0	0			5		1	all_token_full	groot_n15_dit_block_residual_full_tokens_denoise	["layer","denoise_step","model_token","feature_dim"]	[7,4,49,1536]	[0,2,4,8,10,12,15]	n15_grid_v1	grid_coord	meta	meta_json	b8054b5e7258/worker1/CoffeeSetupMug/s8/n1/base
b8054b5e7258	worker1	CoffeeSetupMug	8	2	base	activation	290da67d19b0a9bb	290da67d19b0a9bbbfee0104abaefb8209140a6685e69b878f9d98e687ca7988	lerobot_groot_n15	n15	lerobot_groot_n15__robocasa365_ckpt120000		0	Pick the mug from the counter and place it under the coffee machine dispenser.	robocasa_panda_omron/CoffeeSetupMug_PandaOmron_Env	100008	1300002	0	0			5		1	all_token_full	groot_n15_dit_block_residual_full_tokens_denoise	["layer","denoise_step","model_token","feature_dim"]	[7,4,49,1536]	[0,2,4,8,10,12,15]	n15_grid_v1	grid_coord	meta	meta_json	b8054b5e7258/worker1/CoffeeSetupMug/s8/n2/base
b8054b5e7258	worker1	CoffeeSetupMug	8	3	base	activation	3fcbb769d23668a2	3fcbb769d23668a204a03678f410f2e4bb74fa1ec36198732ca4983136efd757	lerobot_groot_n15	n15	lerobot_groot_n15__robocasa365_ckpt120000		0	Pick the mug from the counter and place it under the coffee machine dispenser.	robocasa_panda_omron/CoffeeSetupMug_PandaOmron_Env	100008	1300003	0	0			5		1	all_token_full	groot_n15_dit_block_residual_full_tokens_denoise	["layer","denoise_step","model_token","feature_dim"]	[7,4,49,1536]	[0,2,4,8,10,12,15]	n15_grid_v1	grid_coord	meta	meta_json	b8054b5e7258/worker1/CoffeeSetupMug/s8/n3/base
b8054b5e7258	worker1	CoffeeSetupMug	8	4	base	activation	1380d3e736ac6400	1380d3e736ac640042d358b2f330fad92d29ce265519419e015a35a631f0efb3	lerobot_groot_n15	n15	lerobot_groot_n15__robocasa365_ckpt120000		0	Pick the mug from the counter and place it under the coffee machine dispenser.	robocasa_panda_omron/CoffeeSetupMug_PandaOmron_Env	100008	1300004	0	0			5		1	all_token_full	groot_n15_dit_block_residual_full_tokens_denoise	["layer","denoise_step","model_token","feature_dim"]	[7,4,49,1536]	[0,2,4,8,10,12,15]	n15_grid_v1	grid_coord	meta	meta_json	b8054b5e7258/worker1/CoffeeSetupMug/s8/n4/base
b8054b5e7258	worker1	CoffeeSetupMug	8	5	base	activation	c7a59aa687c9f7d6	c7a59aa687c9f7d6018e3fd57014414a2daf25bf5b251abc8c94090d7579c662	lerobot_groot_n15	n15	lerobot_groot_n15__robocasa365_ckpt120000		0	Pick the mug from the counter and place it under the coffee machine dispenser.	robocasa_panda_omron/CoffeeSetupMug_PandaOmron_Env	100008	1300005	0	0			5		1	all_token_full	groot_n15_dit_block_residual_full_tokens_denoise	["layer","denoise_step","model_token","feature_dim"]	[7,4,49,1536]	[0,2,4,8,10,12,15]	n15_grid_v1	grid_coord	meta	meta_json	b8054b5e7258/worker1/CoffeeSetupMug/s8/n5/base
b8054b5e7258	worker1	CoffeeSetupMug	8	6	base	activation	83b77b5ae68c08ef	83b77b5ae68c08efa8aec727f998a19ee9843780aea1c25ee622c89df311743c	lerobot_groot_n15	n15	lerobot_groot_n15__robocasa365_ckpt120000		0	Pick the mug from the counter and place it under the coffee machine dispenser.	robocasa_panda_omron/CoffeeSetupMug_PandaOmron_Env	100008	1300006	0	0			5		1	all_token_full	groot_n15_dit_block_residual_full_tokens_denoise	["layer","denoise_step","model_token","feature_dim"]	[7,4,49,1536]	[0,2,4,8,10,12,15]	n15_grid_v1	grid_coord	meta	meta_json	b8054b5e7258/worker1/CoffeeSetupMug/s8/n6/base
b8054b5e7258	worker1	CoffeeSetupMug	8	7	base	activation	d01c0a1dcff51ce7	d01c0a1dcff51ce7dd88333cb092daac7c2f3c6bb08ca6e9074c6c5eb4e50f4e	lerobot_groot_n15	n15	lerobot_groot_n15__robocasa365_ckpt120000		0	Pick the mug from the counter and place it under the coffee machine dispenser.	robocasa_panda_omron/CoffeeSetupMug_PandaOmron_Env	100008	1300007	0	0			5		1	all_token_full	groot_n15_dit_block_residual_full_tokens_denoise	["layer","denoise_step","model_token","feature_dim"]	[7,4,49,1536]	[0,2,4,8,10,12,15]	n15_grid_v1	grid_coord	meta	meta_json	b8054b5e7258/worker1/CoffeeSetupMug/s8/n7/base
b8054b5e7258	worker1	CoffeeSetupMug	8	8	base	activation	f64990e690861cd6	f64990e690861cd6e132e4911d3e6482a0de1d6119c044f272223fb89e338a40	lerobot_groot_n15	n15	lerobot_groot_n15__robocasa365_ckpt120000		0	Pick the mug from the counter and place it under the coffee machine dispenser.	robocasa_panda_omron/CoffeeSetupMug_PandaOmron_Env	100008	1300008	0	0			5		1	all_token_full	groot_n15_dit_block_residual_full_tokens_denoise	["layer","denoise_step","model_token","feature_dim"]	[7,4,49,1536]	[0,2,4,8,10,12,15]	n15_grid_v1	grid_coord	meta	meta_json	b8054b5e7258/worker1/CoffeeSetupMug/s8/n8/base
b8054b5e7258	worker1	CoffeeSetupMug	8	9	base	activation	ca12e781d2a9faba	ca12e781d2a9fabad60a19ef5b52d3b532f03f482b5927398596d7a918cf8265	lerobot_groot_n15	n15	lerobot_groot_n15__robocasa365_ckpt120000		0	Pick the mug from the counter and place it under the coffee machine dispenser.	robocasa_panda_omron/CoffeeSetupMug_PandaOmron_Env	100008	1300009	0	0			5		1	all_token_full	groot_n15_dit_block_residual_full_tokens_denoise	["layer","denoise_step","model_token","feature_dim"]	[7,4,49,1536]	[0,2,4,8,10,12,15]	n15_grid_v1	grid_coord	meta	meta_json	b8054b5e7258/worker1/CoffeeSetupMug/s8/n9/base
b8054b5e7258	worker1	CoffeeSetupMug	9	0	base	activation	ffd7fb55c5200b05	ffd7fb55c5200b05f0543a92b812e3b27f99bf359f68192d01219e52d904e3ce	lerobot_groot_n15	n15	lerobot_groot_n15__robocasa365_ckpt120000		0	Pick the mug from the counter and place it under the coffee machine dispenser.	robocasa_panda_omron/CoffeeSetupMug_PandaOmron_Env	100009	1300000	0	0			5		1	all_token_full	groot_n15_dit_block_residual_full_tokens_denoise	["layer","denoise_step","model_token","feature_dim"]	[7,4,49,1536]	[0,2,4,8,10,12,15]	n15_grid_v1	grid_coord	meta	meta_json	b8054b5e7258/worker1/CoffeeSetupMug/s9/n0/base
b8054b5e7258	worker1	CoffeeSetupMug	9	1	base	activation	d054cae64523e25f	d054cae64523e25f90cba22f33e486a3a49ac4ab22e6c2add28cd18e5a90fd05	lerobot_groot_n15	n15	lerobot_groot_n15__robocasa365_ckpt120000		0	Pick the mug from the counter and place it under the coffee machine dispenser.	robocasa_panda_omron/CoffeeSetupMug_PandaOmron_Env	100009	1300001	0	0			5		1	all_token_full	groot_n15_dit_block_residual_full_tokens_denoise	["layer","denoise_step","model_token","feature_dim"]	[7,4,49,1536]	[0,2,4,8,10,12,15]	n15_grid_v1	grid_coord	meta	meta_json	b8054b5e7258/worker1/CoffeeSetupMug/s9/n1/base
b8054b5e7258	worker1	CoffeeSetupMug	9	2	base	activation	6599cfdbce0d7e0c	6599cfdbce0d7e0c8011b705610320b82eaa20d2a5e823377930d69444fdd2e7	lerobot_groot_n15	n15	lerobot_groot_n15__robocasa365_ckpt120000		0	Pick the mug from the counter and place it under the coffee machine dispenser.	robocasa_panda_omron/CoffeeSetupMug_PandaOmron_Env	100009	1300002	0	0			5		1	all_token_full	groot_n15_dit_block_residual_full_tokens_denoise	["layer","denoise_step","model_token","feature_dim"]	[7,4,49,1536]	[0,2,4,8,10,12,15]	n15_grid_v1	grid_coord	meta	meta_json	b8054b5e7258/worker1/CoffeeSetupMug/s9/n2/base
b8054b5e7258	worker1	CoffeeSetupMug	9	3	base	activation	3dc1e856ec45d2dc	3dc1e856ec45d2dc06926d68ff46368717f292bea74e0bc43ed2010dfc94e10a	lerobot_groot_n15	n15	lerobot_groot_n15__robocasa365_ckpt120000		0	Pick the mug from the counter and place it under the coffee machine dispenser.	robocasa_panda_omron/CoffeeSetupMug_PandaOmron_Env	100009	1300003	0	0			5		1	all_token_full	groot_n15_dit_block_residual_full_tokens_denoise	["layer","denoise_step","model_token","feature_dim"]	[7,4,49,1536]	[0,2,4,8,10,12,15]	n15_grid_v1	grid_coord	meta	meta_json	b8054b5e7258/worker1/CoffeeSetupMug/s9/n3/base
b8054b5e7258	worker1	CoffeeSetupMug	9	4	base	activation	29f2d259960cacb8	29f2d259960cacb8d6566820955740e840dc82cbc49b0c2d07662e25c04934a8	lerobot_groot_n15	n15	lerobot_groot_n15__robocasa365_ckpt120000		0	Pick the mug from the counter and place it under the coffee machine dispenser.	robocasa_panda_omron/CoffeeSetupMug_PandaOmron_Env	100009	1300004	0	0			5		1	all_token_full	groot_n15_dit_block_residual_full_tokens_denoise	["layer","denoise_step","model_token","feature_dim"]	[7,4,49,1536]	[0,2,4,8,10,12,15]	n15_grid_v1	grid_coord	meta	meta_json	b8054b5e7258/worker1/CoffeeSetupMug/s9/n4/base
b8054b5e7258	worker1	CoffeeSetupMug	9	5	base	activation	e4c68cf50bc8630a	e4c68cf50bc8630aabd58dacf72ed66359a08000083b18986b78016bb3bf378c	lerobot_groot_n15	n15	lerobot_groot_n15__robocasa365_ckpt120000		0	Pick the mug from the counter and place it under the coffee machine dispenser.	robocasa_panda_omron/CoffeeSetupMug_PandaOmron_Env	100009	1300005	0	0			5		1	all_token_full	groot_n15_dit_block_residual_full_tokens_denoise	["layer","denoise_step","model_token","feature_dim"]	[7,4,49,1536]	[0,2,4,8,10,12,15]	n15_grid_v1	grid_coord	meta	meta_json	b8054b5e7258/worker1/CoffeeSetupMug/s9/n5/base
b8054b5e7258	worker1	CoffeeSetupMug	9	6	base	activation	36af35326fbcdf98	36af35326fbcdf98f774d2e857aa30fcf0ab0cb362cecb7f755d40d565362f66	lerobot_groot_n15	n15	lerobot_groot_n15__robocasa365_ckpt120000		0	Pick the mug from the counter and place it under the coffee machine dispenser.	robocasa_panda_omron/CoffeeSetupMug_PandaOmron_Env	100009	1300006	0	0			5		1	all_token_full	groot_n15_dit_block_residual_full_tokens_denoise	["layer","denoise_step","model_token","feature_dim"]	[7,4,49,1536]	[0,2,4,8,10,12,15]	n15_grid_v1	grid_coord	meta	meta_json	b8054b5e7258/worker1/CoffeeSetupMug/s9/n6/base
b8054b5e7258	worker1	CoffeeSetupMug	9	7	base	activation	2c056a6ea7075f7f	2c056a6ea7075f7fc685302c7d36e0c0f23415814ccd03496dfe150928820581	lerobot_groot_n15	n15	lerobot_groot_n15__robocasa365_ckpt120000		0	Pick the mug from the counter and place it under the coffee machine dispenser.	robocasa_panda_omron/CoffeeSetupMug_PandaOmron_Env	100009	1300007	0	0			5		1	all_token_full	groot_n15_dit_block_residual_full_tokens_denoise	["layer","denoise_step","model_token","feature_dim"]	[7,4,49,1536]	[0,2,4,8,10,12,15]	n15_grid_v1	grid_coord	meta	meta_json	b8054b5e7258/worker1/CoffeeSetupMug/s9/n7/base
b8054b5e7258	worker1	CoffeeSetupMug	9	8	base	activation	a3ffbbbe59872f19	a3ffbbbe59872f197a4a130ed2fc402780323be6a4d48a012032f3766ac94997	lerobot_groot_n15	n15	lerobot_groot_n15__robocasa365_ckpt120000		0	Pick the mug from the counter and place it under the coffee machine dispenser.	robocasa_panda_omron/CoffeeSetupMug_PandaOmron_Env	100009	1300008	0	0			5		1	all_token_full	groot_n15_dit_block_residual_full_tokens_denoise	["layer","denoise_step","model_token","feature_dim"]	[7,4,49,1536]	[0,2,4,8,10,12,15]	n15_grid_v1	grid_coord	meta	meta_json	b8054b5e7258/worker1/CoffeeSetupMug/s9/n8/base
b8054b5e7258	worker1	CoffeeSetupMug	9	9	base	activation	9a417ac646291dd2	9a417ac646291dd2e29aa0b4ceb618200750820c127f24d7fcdf4bacbe5f5e62	lerobot_groot_n15	n15	lerobot_groot_n15__robocasa365_ckpt120000		0	Pick the mug from the counter and place it under the coffee machine dispenser.	robocasa_panda_omron/CoffeeSetupMug_PandaOmron_Env	100009	1300009	0	0			5		1	all_token_full	groot_n15_dit_block_residual_full_tokens_denoise	["layer","denoise_step","model_token","feature_dim"]	[7,4,49,1536]	[0,2,4,8,10,12,15]	n15_grid_v1	grid_coord	meta	meta_json	b8054b5e7258/worker1/CoffeeSetupMug/s9/n9/base
b8054b5e7258	worker1	DishwasherRack/out	0	0	base	activation	5ed456e05ef0e421	5ed456e05ef0e421c6b1d60663dc0174b9dc9300ec3fd98eab9b07ce3f8e9048	lerobot_groot_n15	n15	lerobot_groot_n15__robocasa365_ckpt120000		0	Fully slide the top dishwasher rack out.	robocasa_panda_omron/SlideDishwasherRack_PandaOmron_Env	100000	1300000	0	1			5		1	all_token_full	groot_n15_dit_block_residual_full_tokens_denoise	["layer","denoise_step","model_token","feature_dim"]	[7,4,49,1536]	[0,2,4,8,10,12,15]	n15_grid_v1	grid_coord	meta	meta_json	b8054b5e7258/worker1/DishwasherRack/out/s0/n0/base
b8054b5e7258	worker1	DishwasherRack/out	0	1	base	activation	403257c2f9c54a90	403257c2f9c54a90c1b9ec2a41e1ecb520d5377795c3f3db536329f3fb46556a	lerobot_groot_n15	n15	lerobot_groot_n15__robocasa365_ckpt120000		0	Fully slide the top dishwasher rack out.	robocasa_panda_omron/SlideDishwasherRack_PandaOmron_Env	100000	1300001	0	0			5		1	all_token_full	groot_n15_dit_block_residual_full_tokens_denoise	["layer","denoise_step","model_token","feature_dim"]	[7,4,49,1536]	[0,2,4,8,10,12,15]	n15_grid_v1	grid_coord	meta	meta_json	b8054b5e7258/worker1/DishwasherRack/out/s0/n1/base
b8054b5e7258	worker1	DishwasherRack/out	0	2	base	activation	b4b74eeaee0ea752	b4b74eeaee0ea7525e7cb299d7c1aa3887bc62de97e7f69cc1c7a770c6363137	lerobot_groot_n15	n15	lerobot_groot_n15__robocasa365_ckpt120000		0	Fully slide the top dishwasher rack out.	robocasa_panda_omron/SlideDishwasherRack_PandaOmron_Env	100000	1300002	0	0			5		1	all_token_full	groot_n15_dit_block_residual_full_tokens_denoise	["layer","denoise_step","model_token","feature_dim"]	[7,4,49,1536]	[0,2,4,8,10,12,15]	n15_grid_v1	grid_coord	meta	meta_json	b8054b5e7258/worker1/DishwasherRack/out/s0/n2/base
b8054b5e7258	worker1	DishwasherRack/out	0	3	base	activation	306c6d2ef9c4a7ab	306c6d2ef9c4a7ab133fca8bb2965989480fec222e2f41b4b79579a78b779cce	lerobot_groot_n15	n15	lerobot_groot_n15__robocasa365_ckpt120000		0	Fully slide the top dishwasher rack out.	robocasa_panda_omron/SlideDishwasherRack_PandaOmron_Env	100000	1300003	0	0			5		1	all_token_full	groot_n15_dit_block_residual_full_tokens_denoise	["layer","denoise_step","model_token","feature_dim"]	[7,4,49,1536]	[0,2,4,8,10,12,15]	n15_grid_v1	grid_coord	meta	meta_json	b8054b5e7258/worker1/DishwasherRack/out/s0/n3/base
b8054b5e7258	worker1	DishwasherRack/out	0	4	base	activation	3c1f77277e05932e	3c1f77277e05932ea369d22e8c2a79675b4fef5694f4821e6492cd19560728f9	lerobot_groot_n15	n15	lerobot_groot_n15__robocasa365_ckpt120000		0	Fully slide the top dishwasher rack out.	robocasa_panda_omron/SlideDishwasherRack_PandaOmron_Env	100000	1300004	0	0			5		1	all_token_full	groot_n15_dit_block_residual_full_tokens_denoise	["layer","denoise_step","model_token","feature_dim"]	[7,4,49,1536]	[0,2,4,8,10,12,15]	n15_grid_v1	grid_coord	meta	meta_json	b8054b5e7258/worker1/DishwasherRack/out/s0/n4/base
b8054b5e7258	worker1	DishwasherRack/out	0	5	base	activation	f923ec59ba7ce1f6	f923ec59ba7ce1f6ec243b371cefce257996f3ac864e24d9d7d1abd26c8767a0	lerobot_groot_n15	n15	lerobot_groot_n15__robocasa365_ckpt120000		0	Fully slide the top dishwasher rack out.	robocasa_panda_omron/SlideDishwasherRack_PandaOmron_Env	100000	1300005	0	0			5		1	all_token_full	groot_n15_dit_block_residual_full_tokens_denoise	["layer","denoise_step","model_token","feature_dim"]	[7,4,49,1536]	[0,2,4,8,10,12,15]	n15_grid_v1	grid_coord	meta	meta_json	b8054b5e7258/worker1/DishwasherRack/out/s0/n5/base
b8054b5e7258	worker1	DishwasherRack/out	0	6	base	activation	6882b9c3c36ef4d1	6882b9c3c36ef4d1a3e1940d92a84bd7ec086cb1985367a124f215768f3e3c13	lerobot_groot_n15	n15	lerobot_groot_n15__robocasa365_ckpt120000		0	Fully slide the top dishwasher rack out.	robocasa_panda_omron/SlideDishwasherRack_PandaOmron_Env	100000	1300006	0	0			5		1	all_token_full	groot_n15_dit_block_residual_full_tokens_denoise	["layer","denoise_step","model_token","feature_dim"]	[7,4,49,1536]	[0,2,4,8,10,12,15]	n15_grid_v1	grid_coord	meta	meta_json	b8054b5e7258/worker1/DishwasherRack/out/s0/n6/base
b8054b5e7258	worker1	DishwasherRack/out	0	7	base	activation	fd2e81327cd01a02	fd2e81327cd01a025467228b8bd958e323d3a81a20fa6816d1c25f1a78043869	lerobot_groot_n15	n15	lerobot_groot_n15__robocasa365_ckpt120000		0	Fully slide the top dishwasher rack out.	robocasa_panda_omron/SlideDishwasherRack_PandaOmron_Env	100000	1300007	0	0			5		1	all_token_full	groot_n15_dit_block_residual_full_tokens_denoise	["layer","denoise_step","model_token","feature_dim"]	[7,4,49,1536]	[0,2,4,8,10,12,15]	n15_grid_v1	grid_coord	meta	meta_json	b8054b5e7258/worker1/DishwasherRack/out/s0/n7/base
b8054b5e7258	worker1	DishwasherRack/out	0	8	base	activation	afafc4ceb94bee55	afafc4ceb94bee55bd5ff4f5a4fc1901b753e70aa1943b05da384539149a79a8	lerobot_groot_n15	n15	lerobot_groot_n15__robocasa365_ckpt120000		0	Fully slide the top dishwasher rack out.	robocasa_panda_omron/SlideDishwasherRack_PandaOmron_Env	100000	1300008	0	0			5		1	all_token_full	groot_n15_dit_block_residual_full_tokens_denoise	["layer","denoise_step","model_token","feature_dim"]	[7,4,49,1536]	[0,2,4,8,10,12,15]	n15_grid_v1	grid_coord	meta	meta_json	b8054b5e7258/worker1/DishwasherRack/out/s0/n8/base
b8054b5e7258	worker1	DishwasherRack/out	0	9	base	activation	ada7211afd20c917	ada7211afd20c917371cbcacf1e03c7d0c52f62db8420d99ea6a380ffcfa143f	lerobot_groot_n15	n15	lerobot_groot_n15__robocasa365_ckpt120000		0	Fully slide the top dishwasher rack out.	robocasa_panda_omron/SlideDishwasherRack_PandaOmron_Env	100000	1300009	0	0			5		1	all_token_full	groot_n15_dit_block_residual_full_tokens_denoise	["layer","denoise_step","model_token","feature_dim"]	[7,4,49,1536]	[0,2,4,8,10,12,15]	n15_grid_v1	grid_coord	meta	meta_json	b8054b5e7258/worker1/DishwasherRack/out/s0/n9/base
b8054b5e7258	worker1	DishwasherRack/out	1	0	base	activation	1fdfd487c3a62173	1fdfd487c3a6217344e7577ca9b523f27aff27462d68365e0360295590339fbc	lerobot_groot_n15	n15	lerobot_groot_n15__robocasa365_ckpt120000		0	Fully slide the top dishwasher rack out.	robocasa_panda_omron/SlideDishwasherRack_PandaOmron_Env	100003	1300000	0	0			5		1	all_token_full	groot_n15_dit_block_residual_full_tokens_denoise	["layer","denoise_step","model_token","feature_dim"]	[7,4,49,1536]	[0,2,4,8,10,12,15]	n15_grid_v1	grid_coord	meta	meta_json	b8054b5e7258/worker1/DishwasherRack/out/s1/n0/base
b8054b5e7258	worker1	DishwasherRack/out	1	1	base	activation	2c7b6b1eacf2b761	2c7b6b1eacf2b76141b03e2005de27a801e2e52b2f583e23f40729df418bef12	lerobot_groot_n15	n15	lerobot_groot_n15__robocasa365_ckpt120000		0	Fully slide the top dishwasher rack out.	robocasa_panda_omron/SlideDishwasherRack_PandaOmron_Env	100003	1300001	0	0			5		1	all_token_full	groot_n15_dit_block_residual_full_tokens_denoise	["layer","denoise_step","model_token","feature_dim"]	[7,4,49,1536]	[0,2,4,8,10,12,15]	n15_grid_v1	grid_coord	meta	meta_json	b8054b5e7258/worker1/DishwasherRack/out/s1/n1/base
b8054b5e7258	worker1	DishwasherRack/out	1	2	base	activation	81b720f5915046e2	81b720f5915046e21e06c79dafec6ae19eb7344cefb14ff930b196efdf1dce77	lerobot_groot_n15	n15	lerobot_groot_n15__robocasa365_ckpt120000		0	Fully slide the top dishwasher rack out.	robocasa_panda_omron/SlideDishwasherRack_PandaOmron_Env	100003	1300002	0	0			5		1	all_token_full	groot_n15_dit_block_residual_full_tokens_denoise	["layer","denoise_step","model_token","feature_dim"]	[7,4,49,1536]	[0,2,4,8,10,12,15]	n15_grid_v1	grid_coord	meta	meta_json	b8054b5e7258/worker1/DishwasherRack/out/s1/n2/base
b8054b5e7258	worker1	DishwasherRack/out	1	3	base	activation	1f72592a6e326908	1f72592a6e326908771ad0b85dea9f39baca89963539707f479e95700a8d2a55	lerobot_groot_n15	n15	lerobot_groot_n15__robocasa365_ckpt120000		0	Fully slide the top dishwasher rack out.	robocasa_panda_omron/SlideDishwasherRack_PandaOmron_Env	100003	1300003	0	0			5		1	all_token_full	groot_n15_dit_block_residual_full_tokens_denoise	["layer","denoise_step","model_token","feature_dim"]	[7,4,49,1536]	[0,2,4,8,10,12,15]	n15_grid_v1	grid_coord	meta	meta_json	b8054b5e7258/worker1/DishwasherRack/out/s1/n3/base
b8054b5e7258	worker1	DishwasherRack/out	1	4	base	activation	20c6a8e47aa2be79	20c6a8e47aa2be79969d30165c6faac8b773817e714531b7be7111bcdddbff85	lerobot_groot_n15	n15	lerobot_groot_n15__robocasa365_ckpt120000		0	Fully slide the top dishwasher rack out.	robocasa_panda_omron/SlideDishwasherRack_PandaOmron_Env	100003	1300004	0	0			5		1	all_token_full	groot_n15_dit_block_residual_full_tokens_denoise	["layer","denoise_step","model_token","feature_dim"]	[7,4,49,1536]	[0,2,4,8,10,12,15]	n15_grid_v1	grid_coord	meta	meta_json	b8054b5e7258/worker1/DishwasherRack/out/s1/n4/base
b8054b5e7258	worker1	DishwasherRack/out	1	5	base	activation	57097d802c1718b0	57097d802c1718b08dfa7d66089204f1871a049104670be49607544ef4beb9a0	lerobot_groot_n15	n15	lerobot_groot_n15__robocasa365_ckpt120000		0	Fully slide the top dishwasher rack out.	robocasa_panda_omron/SlideDishwasherRack_PandaOmron_Env	100003	1300005	0	0			5		1	all_token_full	groot_n15_dit_block_residual_full_tokens_denoise	["layer","denoise_step","model_token","feature_dim"]	[7,4,49,1536]	[0,2,4,8,10,12,15]	n15_grid_v1	grid_coord	meta	meta_json	b8054b5e7258/worker1/DishwasherRack/out/s1/n5/base
b8054b5e7258	worker1	DishwasherRack/out	1	6	base	activation	2eef2da4bdcb32d3	2eef2da4bdcb32d32068a9222be520464c2bda12fad9216cf09c973632d16259	lerobot_groot_n15	n15	lerobot_groot_n15__robocasa365_ckpt120000		0	Fully slide the top dishwasher rack out.	robocasa_panda_omron/SlideDishwasherRack_PandaOmron_Env	100003	1300006	0	0			5		1	all_token_full	groot_n15_dit_block_residual_full_tokens_denoise	["layer","denoise_step","model_token","feature_dim"]	[7,4,49,1536]	[0,2,4,8,10,12,15]	n15_grid_v1	grid_coord	meta	meta_json	b8054b5e7258/worker1/DishwasherRack/out/s1/n6/base
b8054b5e7258	worker1	DishwasherRack/out	1	7	base	activation	db361be35d040a4b	db361be35d040a4b45b0bfe88dbc1ef6b499596fe9f6dc2a381da9b9b0fe62c9	lerobot_groot_n15	n15	lerobot_groot_n15__robocasa365_ckpt120000		0	Fully slide the top dishwasher rack out.	robocasa_panda_omron/SlideDishwasherRack_PandaOmron_Env	100003	1300007	0	0			5		1	all_token_full	groot_n15_dit_block_residual_full_tokens_denoise	["layer","denoise_step","model_token","feature_dim"]	[7,4,49,1536]	[0,2,4,8,10,12,15]	n15_grid_v1	grid_coord	meta	meta_json	b8054b5e7258/worker1/DishwasherRack/out/s1/n7/base
b8054b5e7258	worker1	DishwasherRack/out	1	8	base	activation	49eb907920b69ecc	49eb907920b69ecc937563edd0324b3cf64476d64073e65f3e8bfadea4706b7c	lerobot_groot_n15	n15	lerobot_groot_n15__robocasa365_ckpt120000		0	Fully slide the top dishwasher rack out.	robocasa_panda_omron/SlideDishwasherRack_PandaOmron_Env	100003	1300008	0	0			5		1	all_token_full	groot_n15_dit_block_residual_full_tokens_denoise	["layer","denoise_step","model_token","feature_dim"]	[7,4,49,1536]	[0,2,4,8,10,12,15]	n15_grid_v1	grid_coord	meta	meta_json	b8054b5e7258/worker1/DishwasherRack/out/s1/n8/base
b8054b5e7258	worker1	DishwasherRack/out	1	9	base	activation	7c8c7dd7038c66b8	7c8c7dd7038c66b8c59394f470688f4cbce526dc993396cfd67a6144d41ec17a	lerobot_groot_n15	n15	lerobot_groot_n15__robocasa365_ckpt120000		0	Fully slide the top dishwasher rack out.	robocasa_panda_omron/SlideDishwasherRack_PandaOmron_Env	100003	1300009	0	0			5		1	all_token_full	groot_n15_dit_block_residual_full_tokens_denoise	["layer","denoise_step","model_token","feature_dim"]	[7,4,49,1536]	[0,2,4,8,10,12,15]	n15_grid_v1	grid_coord	meta	meta_json	b8054b5e7258/worker1/DishwasherRack/out/s1/n9/base
b8054b5e7258	worker1	DishwasherRack/out	2	0	base	activation	1cb13cd6df569a6a	1cb13cd6df569a6a4811d0b52d01366901bcc193014e7812264328726ffa2248	lerobot_groot_n15	n15	lerobot_groot_n15__robocasa365_ckpt120000		0	Fully slide the top dishwasher rack out.	robocasa_panda_omron/SlideDishwasherRack_PandaOmron_Env	100008	1300000	0	0			5		1	all_token_full	groot_n15_dit_block_residual_full_tokens_denoise	["layer","denoise_step","model_token","feature_dim"]	[7,4,49,1536]	[0,2,4,8,10,12,15]	n15_grid_v1	grid_coord	meta	meta_json	b8054b5e7258/worker1/DishwasherRack/out/s2/n0/base
b8054b5e7258	worker1	DishwasherRack/out	2	1	base	activation	e2cda7473d00d251	e2cda7473d00d25117af535db7127eb246b52921627e6fa3e4688dad583694a9	lerobot_groot_n15	n15	lerobot_groot_n15__robocasa365_ckpt120000		0	Fully slide the top dishwasher rack out.	robocasa_panda_omron/SlideDishwasherRack_PandaOmron_Env	100008	1300001	0	0			5		1	all_token_full	groot_n15_dit_block_residual_full_tokens_denoise	["layer","denoise_step","model_token","feature_dim"]	[7,4,49,1536]	[0,2,4,8,10,12,15]	n15_grid_v1	grid_coord	meta	meta_json	b8054b5e7258/worker1/DishwasherRack/out/s2/n1/base
b8054b5e7258	worker1	DishwasherRack/out	2	2	base	activation	58bc40eb59471e7c	58bc40eb59471e7c5859c6b2b2b677d5792da82f4e3dcd5b98457c0fc7767632	lerobot_groot_n15	n15	lerobot_groot_n15__robocasa365_ckpt120000		0	Fully slide the top dishwasher rack out.	robocasa_panda_omron/SlideDishwasherRack_PandaOmron_Env	100008	1300002	0	0			5		1	all_token_full	groot_n15_dit_block_residual_full_tokens_denoise	["layer","denoise_step","model_token","feature_dim"]	[7,4,49,1536]	[0,2,4,8,10,12,15]	n15_grid_v1	grid_coord	meta	meta_json	b8054b5e7258/worker1/DishwasherRack/out/s2/n2/base
b8054b5e7258	worker1	DishwasherRack/out	2	3	base	activation	5e1df34c230ad79f	5e1df34c230ad79fa2154739a64f13d49c467ceea6bbef2edf00a694e4438933	lerobot_groot_n15	n15	lerobot_groot_n15__robocasa365_ckpt120000		0	Fully slide the top dishwasher rack out.	robocasa_panda_omron/SlideDishwasherRack_PandaOmron_Env	100008	1300003	0	0			5		1	all_token_full	groot_n15_dit_block_residual_full_tokens_denoise	["layer","denoise_step","model_token","feature_dim"]	[7,4,49,1536]	[0,2,4,8,10,12,15]	n15_grid_v1	grid_coord	meta	meta_json	b8054b5e7258/worker1/DishwasherRack/out/s2/n3/base
b8054b5e7258	worker1	DishwasherRack/out	2	4	base	activation	7cce874eacf9f15c	7cce874eacf9f15c30b7307dc126c318cc4882e0c9fd1932cdbeba9339ff0f33	lerobot_groot_n15	n15	lerobot_groot_n15__robocasa365_ckpt120000		0	Fully slide the top dishwasher rack out.	robocasa_panda_omron/SlideDishwasherRack_PandaOmron_Env	100008	1300004	0	0			5		1	all_token_full	groot_n15_dit_block_residual_full_tokens_denoise	["layer","denoise_step","model_token","feature_dim"]	[7,4,49,1536]	[0,2,4,8,10,12,15]	n15_grid_v1	grid_coord	meta	meta_json	b8054b5e7258/worker1/DishwasherRack/out/s2/n4/base
b8054b5e7258	worker1	DishwasherRack/out	2	5	base	activation	6a12b47f997d42c8	6a12b47f997d42c8570753dc8f7ed3709a00c168c96fabf9699637cd83022997	lerobot_groot_n15	n15	lerobot_groot_n15__robocasa365_ckpt120000		0	Fully slide the top dishwasher rack out.	robocasa_panda_omron/SlideDishwasherRack_PandaOmron_Env	100008	1300005	0	0			5		1	all_token_full	groot_n15_dit_block_residual_full_tokens_denoise	["layer","denoise_step","model_token","feature_dim"]	[7,4,49,1536]	[0,2,4,8,10,12,15]	n15_grid_v1	grid_coord	meta	meta_json	b8054b5e7258/worker1/DishwasherRack/out/s2/n5/base
b8054b5e7258	worker1	DishwasherRack/out	2	6	base	activation	d105e585fdf233b5	d105e585fdf233b54ef5f7c16e2243f337afc1c8a1b61dac4a6842ac9e1314f0	lerobot_groot_n15	n15	lerobot_groot_n15__robocasa365_ckpt120000		0	Fully slide the top dishwasher rack out.	robocasa_panda_omron/SlideDishwasherRack_PandaOmron_Env	100008	1300006	0	0			5		1	all_token_full	groot_n15_dit_block_residual_full_tokens_denoise	["layer","denoise_step","model_token","feature_dim"]	[7,4,49,1536]	[0,2,4,8,10,12,15]	n15_grid_v1	grid_coord	meta	meta_json	b8054b5e7258/worker1/DishwasherRack/out/s2/n6/base
b8054b5e7258	worker1	DishwasherRack/out	2	7	base	activation	44ec38db39299a9f	44ec38db39299a9febfc707a2707f8327e70db1ff77d469d6f2029bfba319d51	lerobot_groot_n15	n15	lerobot_groot_n15__robocasa365_ckpt120000		0	Fully slide the top dishwasher rack out.	robocasa_panda_omron/SlideDishwasherRack_PandaOmron_Env	100008	1300007	0	0			5		1	all_token_full	groot_n15_dit_block_residual_full_tokens_denoise	["layer","denoise_step","model_token","feature_dim"]	[7,4,49,1536]	[0,2,4,8,10,12,15]	n15_grid_v1	grid_coord	meta	meta_json	b8054b5e7258/worker1/DishwasherRack/out/s2/n7/base
b8054b5e7258	worker1	DishwasherRack/out	2	8	base	activation	fad8a99270e5facc	fad8a99270e5facc3f9a22978bce4d74d4a9c5355fd3b65edddad70adcd07a8a	lerobot_groot_n15	n15	lerobot_groot_n15__robocasa365_ckpt120000		0	Fully slide the top dishwasher rack out.	robocasa_panda_omron/SlideDishwasherRack_PandaOmron_Env	100008	1300008	0	0			5		1	all_token_full	groot_n15_dit_block_residual_full_tokens_denoise	["layer","denoise_step","model_token","feature_dim"]	[7,4,49,1536]	[0,2,4,8,10,12,15]	n15_grid_v1	grid_coord	meta	meta_json	b8054b5e7258/worker1/DishwasherRack/out/s2/n8/base
b8054b5e7258	worker1	DishwasherRack/out	2	9	base	activation	5d11562d436782ce	5d11562d436782cee64dc492511d341239d9e567aecb7233704a7e7183f52a65	lerobot_groot_n15	n15	lerobot_groot_n15__robocasa365_ckpt120000		0	Fully slide the top dishwasher rack out.	robocasa_panda_omron/SlideDishwasherRack_PandaOmron_Env	100008	1300009	0	0			5		1	all_token_full	groot_n15_dit_block_residual_full_tokens_denoise	["layer","denoise_step","model_token","feature_dim"]	[7,4,49,1536]	[0,2,4,8,10,12,15]	n15_grid_v1	grid_coord	meta	meta_json	b8054b5e7258/worker1/DishwasherRack/out/s2/n9/base
b8054b5e7258	worker1	DishwasherRack/out	3	0	base	activation	d56a8f783a91c88e	d56a8f783a91c88ebb78abf9ea79c56686849638f92c38564905817e0554a7bf	lerobot_groot_n15	n15	lerobot_groot_n15__robocasa365_ckpt120000		0	Fully slide the top dishwasher rack out.	robocasa_panda_omron/SlideDishwasherRack_PandaOmron_Env	100010	1300000	0	1			5		1	all_token_full	groot_n15_dit_block_residual_full_tokens_denoise	["layer","denoise_step","model_token","feature_dim"]	[7,4,49,1536]	[0,2,4,8,10,12,15]	n15_grid_v1	grid_coord	meta	meta_json	b8054b5e7258/worker1/DishwasherRack/out/s3/n0/base
b8054b5e7258	worker1	DishwasherRack/out	3	1	base	activation	753b31716b2dd410	753b31716b2dd410e1e12cbe204c25b0450b09f565f56f8191deadd863d15d06	lerobot_groot_n15	n15	lerobot_groot_n15__robocasa365_ckpt120000		0	Fully slide the top dishwasher rack out.	robocasa_panda_omron/SlideDishwasherRack_PandaOmron_Env	100010	1300001	0	1			5		1	all_token_full	groot_n15_dit_block_residual_full_tokens_denoise	["layer","denoise_step","model_token","feature_dim"]	[7,4,49,1536]	[0,2,4,8,10,12,15]	n15_grid_v1	grid_coord	meta	meta_json	b8054b5e7258/worker1/DishwasherRack/out/s3/n1/base
b8054b5e7258	worker1	DishwasherRack/out	3	2	base	activation	1a8595c23b9575b5	1a8595c23b9575b585001cd4430c5b6d5000c983fe5871288e12a7cb83482fec	lerobot_groot_n15	n15	lerobot_groot_n15__robocasa365_ckpt120000		0	Fully slide the top dishwasher rack out.	robocasa_panda_omron/SlideDishwasherRack_PandaOmron_Env	100010	1300002	0	1			5		1	all_token_full	groot_n15_dit_block_residual_full_tokens_denoise	["layer","denoise_step","model_token","feature_dim"]	[7,4,49,1536]	[0,2,4,8,10,12,15]	n15_grid_v1	grid_coord	meta	meta_json	b8054b5e7258/worker1/DishwasherRack/out/s3/n2/base
b8054b5e7258	worker1	DishwasherRack/out	3	3	base	activation	6082755d1ce9bbb3	6082755d1ce9bbb3440a0de270cbeb0cca3b898647a124a697262927c64e83d6	lerobot_groot_n15	n15	lerobot_groot_n15__robocasa365_ckpt120000		0	Fully slide the top dishwasher rack out.	robocasa_panda_omron/SlideDishwasherRack_PandaOmron_Env	100010	1300003	0	1			5		1	all_token_full	groot_n15_dit_block_residual_full_tokens_denoise	["layer","denoise_step","model_token","feature_dim"]	[7,4,49,1536]	[0,2,4,8,10,12,15]	n15_grid_v1	grid_coord	meta	meta_json	b8054b5e7258/worker1/DishwasherRack/out/s3/n3/base
b8054b5e7258	worker1	DishwasherRack/out	3	4	base	activation	2822bac77b849656	2822bac77b8496564ca7ff692032b1c32ab268f3f04f42f594137b6f14b2d414	lerobot_groot_n15	n15	lerobot_groot_n15__robocasa365_ckpt120000		0	Fully slide the top dishwasher rack out.	robocasa_panda_omron/SlideDishwasherRack_PandaOmron_Env	100010	1300004	0	1			5		1	all_token_full	groot_n15_dit_block_residual_full_tokens_denoise	["layer","denoise_step","model_token","feature_dim"]	[7,4,49,1536]	[0,2,4,8,10,12,15]	n15_grid_v1	grid_coord	meta	meta_json	b8054b5e7258/worker1/DishwasherRack/out/s3/n4/base
b8054b5e7258	worker1	DishwasherRack/out	3	5	base	activation	bb15592b03bbfd11	bb15592b03bbfd11850f2c77dcd9b1197db8694736392a6f5beaa7f5e6de35ef	lerobot_groot_n15	n15	lerobot_groot_n15__robocasa365_ckpt120000		0	Fully slide the top dishwasher rack out.	robocasa_panda_omron/SlideDishwasherRack_PandaOmron_Env	100010	1300005	0	1			5		1	all_token_full	groot_n15_dit_block_residual_full_tokens_denoise	["layer","denoise_step","model_token","feature_dim"]	[7,4,49,1536]	[0,2,4,8,10,12,15]	n15_grid_v1	grid_coord	meta	meta_json	b8054b5e7258/worker1/DishwasherRack/out/s3/n5/base
b8054b5e7258	worker1	DishwasherRack/out	3	6	base	activation	1a45976824879160	1a459768248791602a27ec41d31cad12ad83a3a733123712c78b83ee9b6c00da	lerobot_groot_n15	n15	lerobot_groot_n15__robocasa365_ckpt120000		0	Fully slide the top dishwasher rack out.	robocasa_panda_omron/SlideDishwasherRack_PandaOmron_Env	100010	1300006	0	1			5		1	all_token_full	groot_n15_dit_block_residual_full_tokens_denoise	["layer","denoise_step","model_token","feature_dim"]	[7,4,49,1536]	[0,2,4,8,10,12,15]	n15_grid_v1	grid_coord	meta	meta_json	b8054b5e7258/worker1/DishwasherRack/out/s3/n6/base
b8054b5e7258	worker1	DishwasherRack/out	3	7	base	activation	93ad68d61d7c283e	93ad68d61d7c283e624fa3c5d12ccb0e3b04215cb0f6a5aedbf89afe986c4877	lerobot_groot_n15	n15	lerobot_groot_n15__robocasa365_ckpt120000		0	Fully slide the top dishwasher rack out.	robocasa_panda_omron/SlideDishwasherRack_PandaOmron_Env	100010	1300007	0	1			5		1	all_token_full	groot_n15_dit_block_residual_full_tokens_denoise	["layer","denoise_step","model_token","feature_dim"]	[7,4,49,1536]	[0,2,4,8,10,12,15]	n15_grid_v1	grid_coord	meta	meta_json	b8054b5e7258/worker1/DishwasherRack/out/s3/n7/base
b8054b5e7258	worker1	DishwasherRack/out	3	8	base	activation	a7b7b0a8ad15dfbd	a7b7b0a8ad15dfbd14da54eccce951e882628064bc34aed7ff6601476dfa9347	lerobot_groot_n15	n15	lerobot_groot_n15__robocasa365_ckpt120000		0	Fully slide the top dishwasher rack out.	robocasa_panda_omron/SlideDishwasherRack_PandaOmron_Env	100010	1300008	0	1			5		1	all_token_full	groot_n15_dit_block_residual_full_tokens_denoise	["layer","denoise_step","model_token","feature_dim"]	[7,4,49,1536]	[0,2,4,8,10,12,15]	n15_grid_v1	grid_coord	meta	meta_json	b8054b5e7258/worker1/DishwasherRack/out/s3/n8/base
b8054b5e7258	worker1	DishwasherRack/out	3	9	base	activation	3403eabdf18bed7e	3403eabdf18bed7e141773ba2573bc3b7f50406f836eaceb56a8c3dba34e7c54	lerobot_groot_n15	n15	lerobot_groot_n15__robocasa365_ckpt120000		0	Fully slide the top dishwasher rack out.	robocasa_panda_omron/SlideDishwasherRack_PandaOmron_Env	100010	1300009	0	1			5		1	all_token_full	groot_n15_dit_block_residual_full_tokens_denoise	["layer","denoise_step","model_token","feature_dim"]	[7,4,49,1536]	[0,2,4,8,10,12,15]	n15_grid_v1	grid_coord	meta	meta_json	b8054b5e7258/worker1/DishwasherRack/out/s3/n9/base
b8054b5e7258	worker1	DishwasherRack/out	4	0	base	activation	7dd824f9908e9977	7dd824f9908e997738cb1c486db1a7e528afac3acf7c05d7e85783949dcf2b74	lerobot_groot_n15	n15	lerobot_groot_n15__robocasa365_ckpt120000		0	Fully slide the top dishwasher rack out.	robocasa_panda_omron/SlideDishwasherRack_PandaOmron_Env	100011	1300000	0	0			5		1	all_token_full	groot_n15_dit_block_residual_full_tokens_denoise	["layer","denoise_step","model_token","feature_dim"]	[7,4,49,1536]	[0,2,4,8,10,12,15]	n15_grid_v1	grid_coord	meta	meta_json	b8054b5e7258/worker1/DishwasherRack/out/s4/n0/base
b8054b5e7258	worker1	DishwasherRack/out	4	1	base	activation	ab072a53e9b40a91	ab072a53e9b40a91f85cdadbf5bdec7b023e9c1c5803c4aae1554cc47b89e6a1	lerobot_groot_n15	n15	lerobot_groot_n15__robocasa365_ckpt120000		0	Fully slide the top dishwasher rack out.	robocasa_panda_omron/SlideDishwasherRack_PandaOmron_Env	100011	1300001	0	0			5		1	all_token_full	groot_n15_dit_block_residual_full_tokens_denoise	["layer","denoise_step","model_token","feature_dim"]	[7,4,49,1536]	[0,2,4,8,10,12,15]	n15_grid_v1	grid_coord	meta	meta_json	b8054b5e7258/worker1/DishwasherRack/out/s4/n1/base
b8054b5e7258	worker1	DishwasherRack/out	4	2	base	activation	1f60c6ecc0237cac	1f60c6ecc0237cac769d1e61955a39e5bcd45fcfbaf280de50206cccf69ed20a	lerobot_groot_n15	n15	lerobot_groot_n15__robocasa365_ckpt120000		0	Fully slide the top dishwasher rack out.	robocasa_panda_omron/SlideDishwasherRack_PandaOmron_Env	100011	1300002	0	1			5		1	all_token_full	groot_n15_dit_block_residual_full_tokens_denoise	["layer","denoise_step","model_token","feature_dim"]	[7,4,49,1536]	[0,2,4,8,10,12,15]	n15_grid_v1	grid_coord	meta	meta_json	b8054b5e7258/worker1/DishwasherRack/out/s4/n2/base
b8054b5e7258	worker1	DishwasherRack/out	4	3	base	activation	0a6ca28414950f2e	0a6ca28414950f2eff2e8891cd5ee034bd91a9927ba78404362e5602e14153a0	lerobot_groot_n15	n15	lerobot_groot_n15__robocasa365_ckpt120000		0	Fully slide the top dishwasher rack out.	robocasa_panda_omron/SlideDishwasherRack_PandaOmron_Env	100011	1300003	0	1			5		1	all_token_full	groot_n15_dit_block_residual_full_tokens_denoise	["layer","denoise_step","model_token","feature_dim"]	[7,4,49,1536]	[0,2,4,8,10,12,15]	n15_grid_v1	grid_coord	meta	meta_json	b8054b5e7258/worker1/DishwasherRack/out/s4/n3/base
b8054b5e7258	worker1	DishwasherRack/out	4	4	base	activation	507560552fe934d1	507560552fe934d1669c13c08baeb20a441aad7b58d2441ee1ee6884992e8f9d	lerobot_groot_n15	n15	lerobot_groot_n15__robocasa365_ckpt120000		0	Fully slide the top dishwasher rack out.	robocasa_panda_omron/SlideDishwasherRack_PandaOmron_Env	100011	1300004	0	1			5		1	all_token_full	groot_n15_dit_block_residual_full_tokens_denoise	["layer","denoise_step","model_token","feature_dim"]	[7,4,49,1536]	[0,2,4,8,10,12,15]	n15_grid_v1	grid_coord	meta	meta_json	b8054b5e7258/worker1/DishwasherRack/out/s4/n4/base
b8054b5e7258	worker1	DishwasherRack/out	4	5	base	activation	cca3fd738939cc83	cca3fd738939cc8363a8e760753ea4059d1fc4e4e16e3915856688b6428c4b1d	lerobot_groot_n15	n15	lerobot_groot_n15__robocasa365_ckpt120000		0	Fully slide the top dishwasher rack out.	robocasa_panda_omron/SlideDishwasherRack_PandaOmron_Env	100011	1300005	0	0			5		1	all_token_full	groot_n15_dit_block_residual_full_tokens_denoise	["layer","denoise_step","model_token","feature_dim"]	[7,4,49,1536]	[0,2,4,8,10,12,15]	n15_grid_v1	grid_coord	meta	meta_json	b8054b5e7258/worker1/DishwasherRack/out/s4/n5/base
b8054b5e7258	worker1	DishwasherRack/out	4	6	base	activation	96856c5a7235870c	96856c5a7235870cede9a10c60bac7fa47e65bac2bda8df2177f6a478d5f31a2	lerobot_groot_n15	n15	lerobot_groot_n15__robocasa365_ckpt120000		0	Fully slide the top dishwasher rack out.	robocasa_panda_omron/SlideDishwasherRack_PandaOmron_Env	100011	1300006	0	1			5		1	all_token_full	groot_n15_dit_block_residual_full_tokens_denoise	["layer","denoise_step","model_token","feature_dim"]	[7,4,49,1536]	[0,2,4,8,10,12,15]	n15_grid_v1	grid_coord	meta	meta_json	b8054b5e7258/worker1/DishwasherRack/out/s4/n6/base
b8054b5e7258	worker1	DishwasherRack/out	4	7	base	activation	e5d84f4156f8b378	e5d84f4156f8b378d6376b791eaaf21ea14e36b75bdf9ad1ff8d3ce5bdec8c3c	lerobot_groot_n15	n15	lerobot_groot_n15__robocasa365_ckpt120000		0	Fully slide the top dishwasher rack out.	robocasa_panda_omron/SlideDishwasherRack_PandaOmron_Env	100011	1300007	0	0			5		1	all_token_full	groot_n15_dit_block_residual_full_tokens_denoise	["layer","denoise_step","model_token","feature_dim"]	[7,4,49,1536]	[0,2,4,8,10,12,15]	n15_grid_v1	grid_coord	meta	meta_json	b8054b5e7258/worker1/DishwasherRack/out/s4/n7/base
b8054b5e7258	worker1	DishwasherRack/out	4	8	base	activation	9f0d622d24bb6e0d	9f0d622d24bb6e0d8921c8637a841f74a875986c34516d644afaf2cee4f213b0	lerobot_groot_n15	n15	lerobot_groot_n15__robocasa365_ckpt120000		0	Fully slide the top dishwasher rack out.	robocasa_panda_omron/SlideDishwasherRack_PandaOmron_Env	100011	1300008	0	0			5		1	all_token_full	groot_n15_dit_block_residual_full_tokens_denoise	["layer","denoise_step","model_token","feature_dim"]	[7,4,49,1536]	[0,2,4,8,10,12,15]	n15_grid_v1	grid_coord	meta	meta_json	b8054b5e7258/worker1/DishwasherRack/out/s4/n8/base
b8054b5e7258	worker1	DishwasherRack/out	4	9	base	activation	1ec4bd11924c8a38	1ec4bd11924c8a3804a68e16100a1d6038ffe2144ccc93606e3bbdfc0599abce	lerobot_groot_n15	n15	lerobot_groot_n15__robocasa365_ckpt120000		0	Fully slide the top dishwasher rack out.	robocasa_panda_omron/SlideDishwasherRack_PandaOmron_Env	100011	1300009	0	0			5		1	all_token_full	groot_n15_dit_block_residual_full_tokens_denoise	["layer","denoise_step","model_token","feature_dim"]	[7,4,49,1536]	[0,2,4,8,10,12,15]	n15_grid_v1	grid_coord	meta	meta_json	b8054b5e7258/worker1/DishwasherRack/out/s4/n9/base
b8054b5e7258	worker1	DishwasherRack/out	5	0	base	activation	a7c638ee7890a4a3	a7c638ee7890a4a3b996db429c76b468270341c7c8065d0a3bdc520e6c71a808	lerobot_groot_n15	n15	lerobot_groot_n15__robocasa365_ckpt120000		0	Fully slide the top dishwasher rack out.	robocasa_panda_omron/SlideDishwasherRack_PandaOmron_Env	100012	1300000	0	1			5		1	all_token_full	groot_n15_dit_block_residual_full_tokens_denoise	["layer","denoise_step","model_token","feature_dim"]	[7,4,49,1536]	[0,2,4,8,10,12,15]	n15_grid_v1	grid_coord	meta	meta_json	b8054b5e7258/worker1/DishwasherRack/out/s5/n0/base
b8054b5e7258	worker1	DishwasherRack/out	5	1	base	activation	f69698678033ee81	f69698678033ee8166668ca67c24269e55acb73bca6d7c29d036829e221f6f46	lerobot_groot_n15	n15	lerobot_groot_n15__robocasa365_ckpt120000		0	Fully slide the top dishwasher rack out.	robocasa_panda_omron/SlideDishwasherRack_PandaOmron_Env	100012	1300001	0	1			5		1	all_token_full	groot_n15_dit_block_residual_full_tokens_denoise	["layer","denoise_step","model_token","feature_dim"]	[7,4,49,1536]	[0,2,4,8,10,12,15]	n15_grid_v1	grid_coord	meta	meta_json	b8054b5e7258/worker1/DishwasherRack/out/s5/n1/base
b8054b5e7258	worker1	DishwasherRack/out	5	2	base	activation	11e34e6cc1b8405a	11e34e6cc1b8405a87b2be3dba8c74b88df93e9f43d8900418f413f695c5f87d	lerobot_groot_n15	n15	lerobot_groot_n15__robocasa365_ckpt120000		0	Fully slide the top dishwasher rack out.	robocasa_panda_omron/SlideDishwasherRack_PandaOmron_Env	100012	1300002	0	1			5		1	all_token_full	groot_n15_dit_block_residual_full_tokens_denoise	["layer","denoise_step","model_token","feature_dim"]	[7,4,49,1536]	[0,2,4,8,10,12,15]	n15_grid_v1	grid_coord	meta	meta_json	b8054b5e7258/worker1/DishwasherRack/out/s5/n2/base
b8054b5e7258	worker1	DishwasherRack/out	5	3	base	activation	8acaa1c6171026fd	8acaa1c6171026fd51c406212008edb27eab561c6aed55917f4132de9765a6ed	lerobot_groot_n15	n15	lerobot_groot_n15__robocasa365_ckpt120000		0	Fully slide the top dishwasher rack out.	robocasa_panda_omron/SlideDishwasherRack_PandaOmron_Env	100012	1300003	0	1			5		1	all_token_full	groot_n15_dit_block_residual_full_tokens_denoise	["layer","denoise_step","model_token","feature_dim"]	[7,4,49,1536]	[0,2,4,8,10,12,15]	n15_grid_v1	grid_coord	meta	meta_json	b8054b5e7258/worker1/DishwasherRack/out/s5/n3/base
b8054b5e7258	worker1	DishwasherRack/out	5	4	base	activation	daa3ff6dc12c7f36	daa3ff6dc12c7f363986a5d9f8e6daa83f7dc0c4774db5b39441238ff6c91b5b	lerobot_groot_n15	n15	lerobot_groot_n15__robocasa365_ckpt120000		0	Fully slide the top dishwasher rack out.	robocasa_panda_omron/SlideDishwasherRack_PandaOmron_Env	100012	1300004	0	1			5		1	all_token_full	groot_n15_dit_block_residual_full_tokens_denoise	["layer","denoise_step","model_token","feature_dim"]	[7,4,49,1536]	[0,2,4,8,10,12,15]	n15_grid_v1	grid_coord	meta	meta_json	b8054b5e7258/worker1/DishwasherRack/out/s5/n4/base
b8054b5e7258	worker1	DishwasherRack/out	5	5	base	activation	4bb944860896fe58	4bb944860896fe581a337f2f0cf0cacef168abcce2902e53db3116104e96b41d	lerobot_groot_n15	n15	lerobot_groot_n15__robocasa365_ckpt120000		0	Fully slide the top dishwasher rack out.	robocasa_panda_omron/SlideDishwasherRack_PandaOmron_Env	100012	1300005	0	1			5		1	all_token_full	groot_n15_dit_block_residual_full_tokens_denoise	["layer","denoise_step","model_token","feature_dim"]	[7,4,49,1536]	[0,2,4,8,10,12,15]	n15_grid_v1	grid_coord	meta	meta_json	b8054b5e7258/worker1/DishwasherRack/out/s5/n5/base
b8054b5e7258	worker1	DishwasherRack/out	5	6	base	activation	b17c0da2dea9a02f	b17c0da2dea9a02f0ac99065862db5f3defc5aa640577a2bb889cd9dcef0c964	lerobot_groot_n15	n15	lerobot_groot_n15__robocasa365_ckpt120000		0	Fully slide the top dishwasher rack out.	robocasa_panda_omron/SlideDishwasherRack_PandaOmron_Env	100012	1300006	0	1			5		1	all_token_full	groot_n15_dit_block_residual_full_tokens_denoise	["layer","denoise_step","model_token","feature_dim"]	[7,4,49,1536]	[0,2,4,8,10,12,15]	n15_grid_v1	grid_coord	meta	meta_json	b8054b5e7258/worker1/DishwasherRack/out/s5/n6/base
b8054b5e7258	worker1	DishwasherRack/out	5	7	base	activation	c9de2bdccf343101	c9de2bdccf343101c4e770f86f9f0731c194425815ccb08153895023927d72f1	lerobot_groot_n15	n15	lerobot_groot_n15__robocasa365_ckpt120000		0	Fully slide the top dishwasher rack out.	robocasa_panda_omron/SlideDishwasherRack_PandaOmron_Env	100012	1300007	0	1			5		1	all_token_full	groot_n15_dit_block_residual_full_tokens_denoise	["layer","denoise_step","model_token","feature_dim"]	[7,4,49,1536]	[0,2,4,8,10,12,15]	n15_grid_v1	grid_coord	meta	meta_json	b8054b5e7258/worker1/DishwasherRack/out/s5/n7/base
b8054b5e7258	worker1	DishwasherRack/out	5	8	base	activation	1e45b93390e0b256	1e45b93390e0b25647657d309108894f6fc6a4d363a2bd7f08f18ad639e178b6	lerobot_groot_n15	n15	lerobot_groot_n15__robocasa365_ckpt120000		0	Fully slide the top dishwasher rack out.	robocasa_panda_omron/SlideDishwasherRack_PandaOmron_Env	100012	1300008	0	1			5		1	all_token_full	groot_n15_dit_block_residual_full_tokens_denoise	["layer","denoise_step","model_token","feature_dim"]	[7,4,49,1536]	[0,2,4,8,10,12,15]	n15_grid_v1	grid_coord	meta	meta_json	b8054b5e7258/worker1/DishwasherRack/out/s5/n8/base
b8054b5e7258	worker1	DishwasherRack/out	5	9	base	activation	3ed0380058b0dba9	3ed0380058b0dba9142283483675a25a46694d5a079df17bfdf36fea6f9115b6	lerobot_groot_n15	n15	lerobot_groot_n15__robocasa365_ckpt120000		0	Fully slide the top dishwasher rack out.	robocasa_panda_omron/SlideDishwasherRack_PandaOmron_Env	100012	1300009	0	1			5		1	all_token_full	groot_n15_dit_block_residual_full_tokens_denoise	["layer","denoise_step","model_token","feature_dim"]	[7,4,49,1536]	[0,2,4,8,10,12,15]	n15_grid_v1	grid_coord	meta	meta_json	b8054b5e7258/worker1/DishwasherRack/out/s5/n9/base
b8054b5e7258	worker1	DishwasherRack/out	6	0	base	activation	e6a442383c18a75b	e6a442383c18a75bbb7c7bcdbd29dc12be1989386389da3bbd5a336fa2db453b	lerobot_groot_n15	n15	lerobot_groot_n15__robocasa365_ckpt120000		0	Fully slide the top dishwasher rack out.	robocasa_panda_omron/SlideDishwasherRack_PandaOmron_Env	100013	1300000	0	1			5		1	all_token_full	groot_n15_dit_block_residual_full_tokens_denoise	["layer","denoise_step","model_token","feature_dim"]	[7,4,49,1536]	[0,2,4,8,10,12,15]	n15_grid_v1	grid_coord	meta	meta_json	b8054b5e7258/worker1/DishwasherRack/out/s6/n0/base
b8054b5e7258	worker1	DishwasherRack/out	6	1	base	activation	c60278c25e41c809	c60278c25e41c809d476ef276b9a188c6c500e1b64bd6521d60aecb04276a3d0	lerobot_groot_n15	n15	lerobot_groot_n15__robocasa365_ckpt120000		0	Fully slide the top dishwasher rack out.	robocasa_panda_omron/SlideDishwasherRack_PandaOmron_Env	100013	1300001	0	0			5		1	all_token_full	groot_n15_dit_block_residual_full_tokens_denoise	["layer","denoise_step","model_token","feature_dim"]	[7,4,49,1536]	[0,2,4,8,10,12,15]	n15_grid_v1	grid_coord	meta	meta_json	b8054b5e7258/worker1/DishwasherRack/out/s6/n1/base
b8054b5e7258	worker1	DishwasherRack/out	6	2	base	activation	c1dd5f24c3368fcd	c1dd5f24c3368fcddc703aa6ebbfee362b7feb95fe6226f1f8ad93a891a9793e	lerobot_groot_n15	n15	lerobot_groot_n15__robocasa365_ckpt120000		0	Fully slide the top dishwasher rack out.	robocasa_panda_omron/SlideDishwasherRack_PandaOmron_Env	100013	1300002	0	0			5		1	all_token_full	groot_n15_dit_block_residual_full_tokens_denoise	["layer","denoise_step","model_token","feature_dim"]	[7,4,49,1536]	[0,2,4,8,10,12,15]	n15_grid_v1	grid_coord	meta	meta_json	b8054b5e7258/worker1/DishwasherRack/out/s6/n2/base
b8054b5e7258	worker1	DishwasherRack/out	6	3	base	activation	938d3bbfb05c0b29	938d3bbfb05c0b29ca2d52c21da0bef841949c9e8eb12c7ce5af1e7147a7e420	lerobot_groot_n15	n15	lerobot_groot_n15__robocasa365_ckpt120000		0	Fully slide the top dishwasher rack out.	robocasa_panda_omron/SlideDishwasherRack_PandaOmron_Env	100013	1300003	0	0			5		1	all_token_full	groot_n15_dit_block_residual_full_tokens_denoise	["layer","denoise_step","model_token","feature_dim"]	[7,4,49,1536]	[0,2,4,8,10,12,15]	n15_grid_v1	grid_coord	meta	meta_json	b8054b5e7258/worker1/DishwasherRack/out/s6/n3/base
b8054b5e7258	worker1	DishwasherRack/out	6	4	base	activation	27827a4b0932cc7e	27827a4b0932cc7ebcc827adbcd9ba0a3583edec0e2b8000a6d5e4fcafbbfab9	lerobot_groot_n15	n15	lerobot_groot_n15__robocasa365_ckpt120000		0	Fully slide the top dishwasher rack out.	robocasa_panda_omron/SlideDishwasherRack_PandaOmron_Env	100013	1300004	0	1			5		1	all_token_full	groot_n15_dit_block_residual_full_tokens_denoise	["layer","denoise_step","model_token","feature_dim"]	[7,4,49,1536]	[0,2,4,8,10,12,15]	n15_grid_v1	grid_coord	meta	meta_json	b8054b5e7258/worker1/DishwasherRack/out/s6/n4/base
b8054b5e7258	worker1	DishwasherRack/out	6	5	base	activation	838357cf4ad48a97	838357cf4ad48a97349227ccdb911f5d9958a52f006860d560ccab1c2ec6f6ba	lerobot_groot_n15	n15	lerobot_groot_n15__robocasa365_ckpt120000		0	Fully slide the top dishwasher rack out.	robocasa_panda_omron/SlideDishwasherRack_PandaOmron_Env	100013	1300005	0	1			5		1	all_token_full	groot_n15_dit_block_residual_full_tokens_denoise	["layer","denoise_step","model_token","feature_dim"]	[7,4,49,1536]	[0,2,4,8,10,12,15]	n15_grid_v1	grid_coord	meta	meta_json	b8054b5e7258/worker1/DishwasherRack/out/s6/n5/base
b8054b5e7258	worker1	DishwasherRack/out	6	6	base	activation	4cb293a3eda62f3f	4cb293a3eda62f3f1d68a327afc744f2c47671577f1535ea3e2922917cf1a133	lerobot_groot_n15	n15	lerobot_groot_n15__robocasa365_ckpt120000		0	Fully slide the top dishwasher rack out.	robocasa_panda_omron/SlideDishwasherRack_PandaOmron_Env	100013	1300006	0	1			5		1	all_token_full	groot_n15_dit_block_residual_full_tokens_denoise	["layer","denoise_step","model_token","feature_dim"]	[7,4,49,1536]	[0,2,4,8,10,12,15]	n15_grid_v1	grid_coord	meta	meta_json	b8054b5e7258/worker1/DishwasherRack/out/s6/n6/base
b8054b5e7258	worker1	DishwasherRack/out	6	7	base	activation	df30fc08a820e47a	df30fc08a820e47a2ec227aebaf25c258fe3334110ffc7385f4fa2cd7f89909d	lerobot_groot_n15	n15	lerobot_groot_n15__robocasa365_ckpt120000		0	Fully slide the top dishwasher rack out.	robocasa_panda_omron/SlideDishwasherRack_PandaOmron_Env	100013	1300007	0	1			5		1	all_token_full	groot_n15_dit_block_residual_full_tokens_denoise	["layer","denoise_step","model_token","feature_dim"]	[7,4,49,1536]	[0,2,4,8,10,12,15]	n15_grid_v1	grid_coord	meta	meta_json	b8054b5e7258/worker1/DishwasherRack/out/s6/n7/base
b8054b5e7258	worker1	DishwasherRack/out	6	8	base	activation	48f9361ae5e69667	48f9361ae5e696679805bf867312cf9f6bb2e2a7901f99bacfb4a93d3ec86eba	lerobot_groot_n15	n15	lerobot_groot_n15__robocasa365_ckpt120000		0	Fully slide the top dishwasher rack out.	robocasa_panda_omron/SlideDishwasherRack_PandaOmron_Env	100013	1300008	0	1			5		1	all_token_full	groot_n15_dit_block_residual_full_tokens_denoise	["layer","denoise_step","model_token","feature_dim"]	[7,4,49,1536]	[0,2,4,8,10,12,15]	n15_grid_v1	grid_coord	meta	meta_json	b8054b5e7258/worker1/DishwasherRack/out/s6/n8/base
b8054b5e7258	worker1	DishwasherRack/out	6	9	base	activation	354e6cc9070bcf20	354e6cc9070bcf205a62f8843dd2c0282f1d3bd8c1cf5bb95f69e82b1677e112	lerobot_groot_n15	n15	lerobot_groot_n15__robocasa365_ckpt120000		0	Fully slide the top dishwasher rack out.	robocasa_panda_omron/SlideDishwasherRack_PandaOmron_Env	100013	1300009	0	0			5		1	all_token_full	groot_n15_dit_block_residual_full_tokens_denoise	["layer","denoise_step","model_token","feature_dim"]	[7,4,49,1536]	[0,2,4,8,10,12,15]	n15_grid_v1	grid_coord	meta	meta_json	b8054b5e7258/worker1/DishwasherRack/out/s6/n9/base
b8054b5e7258	worker1	DishwasherRack/out	7	0	base	activation	e637d4393ce82814	e637d4393ce82814347cb90111390d2fd6cca67131bfac7e0adcb0551a0ea3d8	lerobot_groot_n15	n15	lerobot_groot_n15__robocasa365_ckpt120000		0	Fully slide the top dishwasher rack out.	robocasa_panda_omron/SlideDishwasherRack_PandaOmron_Env	100015	1300000	0	1			5		1	all_token_full	groot_n15_dit_block_residual_full_tokens_denoise	["layer","denoise_step","model_token","feature_dim"]	[7,4,49,1536]	[0,2,4,8,10,12,15]	n15_grid_v1	grid_coord	meta	meta_json	b8054b5e7258/worker1/DishwasherRack/out/s7/n0/base
b8054b5e7258	worker1	DishwasherRack/out	7	1	base	activation	2e58c7916fd50b5b	2e58c7916fd50b5b1e24d306f62939bb398831d3e1020990985e905bf77f0961	lerobot_groot_n15	n15	lerobot_groot_n15__robocasa365_ckpt120000		0	Fully slide the top dishwasher rack out.	robocasa_panda_omron/SlideDishwasherRack_PandaOmron_Env	100015	1300001	0	0			5		1	all_token_full	groot_n15_dit_block_residual_full_tokens_denoise	["layer","denoise_step","model_token","feature_dim"]	[7,4,49,1536]	[0,2,4,8,10,12,15]	n15_grid_v1	grid_coord	meta	meta_json	b8054b5e7258/worker1/DishwasherRack/out/s7/n1/base
b8054b5e7258	worker1	DishwasherRack/out	7	2	base	activation	cda46f95f163d5ec	cda46f95f163d5ecc2c962182d77b06652d28840ad2ffe2875cb0534b2e67799	lerobot_groot_n15	n15	lerobot_groot_n15__robocasa365_ckpt120000		0	Fully slide the top dishwasher rack out.	robocasa_panda_omron/SlideDishwasherRack_PandaOmron_Env	100015	1300002	0	1			5		1	all_token_full	groot_n15_dit_block_residual_full_tokens_denoise	["layer","denoise_step","model_token","feature_dim"]	[7,4,49,1536]	[0,2,4,8,10,12,15]	n15_grid_v1	grid_coord	meta	meta_json	b8054b5e7258/worker1/DishwasherRack/out/s7/n2/base
b8054b5e7258	worker1	DishwasherRack/out	7	3	base	activation	b042c91bb7346cbe	b042c91bb7346cbe3ad26109e15cb816a3fa06bde2d55113375cbc9e5b4087a9	lerobot_groot_n15	n15	lerobot_groot_n15__robocasa365_ckpt120000		0	Fully slide the top dishwasher rack out.	robocasa_panda_omron/SlideDishwasherRack_PandaOmron_Env	100015	1300003	0	0			5		1	all_token_full	groot_n15_dit_block_residual_full_tokens_denoise	["layer","denoise_step","model_token","feature_dim"]	[7,4,49,1536]	[0,2,4,8,10,12,15]	n15_grid_v1	grid_coord	meta	meta_json	b8054b5e7258/worker1/DishwasherRack/out/s7/n3/base
b8054b5e7258	worker1	DishwasherRack/out	7	4	base	activation	fe566429bb5968ed	fe566429bb5968edc420789ecf0c1fef1eb6166695d935e6c4cc38f7f5ff2d42	lerobot_groot_n15	n15	lerobot_groot_n15__robocasa365_ckpt120000		0	Fully slide the top dishwasher rack out.	robocasa_panda_omron/SlideDishwasherRack_PandaOmron_Env	100015	1300004	0	1			5		1	all_token_full	groot_n15_dit_block_residual_full_tokens_denoise	["layer","denoise_step","model_token","feature_dim"]	[7,4,49,1536]	[0,2,4,8,10,12,15]	n15_grid_v1	grid_coord	meta	meta_json	b8054b5e7258/worker1/DishwasherRack/out/s7/n4/base
b8054b5e7258	worker1	DishwasherRack/out	7	5	base	activation	57f6009ea5504379	57f6009ea5504379df4eee4935875e4fefff1ce870b426c86f52ef07de0d6366	lerobot_groot_n15	n15	lerobot_groot_n15__robocasa365_ckpt120000		0	Fully slide the top dishwasher rack out.	robocasa_panda_omron/SlideDishwasherRack_PandaOmron_Env	100015	1300005	0	1			5		1	all_token_full	groot_n15_dit_block_residual_full_tokens_denoise	["layer","denoise_step","model_token","feature_dim"]	[7,4,49,1536]	[0,2,4,8,10,12,15]	n15_grid_v1	grid_coord	meta	meta_json	b8054b5e7258/worker1/DishwasherRack/out/s7/n5/base
b8054b5e7258	worker1	DishwasherRack/out	7	6	base	activation	0cbf5db1124e1bfe	0cbf5db1124e1bfe0a37a1838a13a13e0ddac13b193d97e3c35a7427d00140a8	lerobot_groot_n15	n15	lerobot_groot_n15__robocasa365_ckpt120000		0	Fully slide the top dishwasher rack out.	robocasa_panda_omron/SlideDishwasherRack_PandaOmron_Env	100015	1300006	0	1			5		1	all_token_full	groot_n15_dit_block_residual_full_tokens_denoise	["layer","denoise_step","model_token","feature_dim"]	[7,4,49,1536]	[0,2,4,8,10,12,15]	n15_grid_v1	grid_coord	meta	meta_json	b8054b5e7258/worker1/DishwasherRack/out/s7/n6/base
b8054b5e7258	worker1	DishwasherRack/out	7	7	base	activation	55d1eadfebe29e48	55d1eadfebe29e487408a653a2e1baf810db47c816cc85559e6c2fcf88e405e0	lerobot_groot_n15	n15	lerobot_groot_n15__robocasa365_ckpt120000		0	Fully slide the top dishwasher rack out.	robocasa_panda_omron/SlideDishwasherRack_PandaOmron_Env	100015	1300007	0	1			5		1	all_token_full	groot_n15_dit_block_residual_full_tokens_denoise	["layer","denoise_step","model_token","feature_dim"]	[7,4,49,1536]	[0,2,4,8,10,12,15]	n15_grid_v1	grid_coord	meta	meta_json	b8054b5e7258/worker1/DishwasherRack/out/s7/n7/base
b8054b5e7258	worker1	DishwasherRack/out	7	8	base	activation	958362a422dfef4f	958362a422dfef4fc497a318dc88f77646ca55a63585ea7630100a02063e9b3b	lerobot_groot_n15	n15	lerobot_groot_n15__robocasa365_ckpt120000		0	Fully slide the top dishwasher rack out.	robocasa_panda_omron/SlideDishwasherRack_PandaOmron_Env	100015	1300008	0	1			5		1	all_token_full	groot_n15_dit_block_residual_full_tokens_denoise	["layer","denoise_step","model_token","feature_dim"]	[7,4,49,1536]	[0,2,4,8,10,12,15]	n15_grid_v1	grid_coord	meta	meta_json	b8054b5e7258/worker1/DishwasherRack/out/s7/n8/base
b8054b5e7258	worker1	DishwasherRack/out	7	9	base	activation	52d1c2c548facdcb	52d1c2c548facdcbaa749d270bb6e807f5f0913aefbf417bc3cfcf1cd001eb75	lerobot_groot_n15	n15	lerobot_groot_n15__robocasa365_ckpt120000		0	Fully slide the top dishwasher rack out.	robocasa_panda_omron/SlideDishwasherRack_PandaOmron_Env	100015	1300009	0	1			5		1	all_token_full	groot_n15_dit_block_residual_full_tokens_denoise	["layer","denoise_step","model_token","feature_dim"]	[7,4,49,1536]	[0,2,4,8,10,12,15]	n15_grid_v1	grid_coord	meta	meta_json	b8054b5e7258/worker1/DishwasherRack/out/s7/n9/base
b8054b5e7258	worker1	DishwasherRack/out	8	0	base	activation	f3157d0bd8cba72c	f3157d0bd8cba72cf33c269c72812b41a7d8e04f2c4044632d29d486a3a5a926	lerobot_groot_n15	n15	lerobot_groot_n15__robocasa365_ckpt120000		0	Fully slide the top dishwasher rack out.	robocasa_panda_omron/SlideDishwasherRack_PandaOmron_Env	100016	1300000	0	0			5		1	all_token_full	groot_n15_dit_block_residual_full_tokens_denoise	["layer","denoise_step","model_token","feature_dim"]	[7,4,49,1536]	[0,2,4,8,10,12,15]	n15_grid_v1	grid_coord	meta	meta_json	b8054b5e7258/worker1/DishwasherRack/out/s8/n0/base
b8054b5e7258	worker1	DishwasherRack/out	8	1	base	activation	f8ef5f57aaa4895c	f8ef5f57aaa4895c7d9ad19c9657e533d117770f8eddd60c66f234ded6be94ab	lerobot_groot_n15	n15	lerobot_groot_n15__robocasa365_ckpt120000		0	Fully slide the top dishwasher rack out.	robocasa_panda_omron/SlideDishwasherRack_PandaOmron_Env	100016	1300001	0	0			5		1	all_token_full	groot_n15_dit_block_residual_full_tokens_denoise	["layer","denoise_step","model_token","feature_dim"]	[7,4,49,1536]	[0,2,4,8,10,12,15]	n15_grid_v1	grid_coord	meta	meta_json	b8054b5e7258/worker1/DishwasherRack/out/s8/n1/base
b8054b5e7258	worker1	DishwasherRack/out	8	2	base	activation	3a204794783ce672	3a204794783ce672116611cefdd88a2169a5ce0cf0abd05214437c71fab2e656	lerobot_groot_n15	n15	lerobot_groot_n15__robocasa365_ckpt120000		0	Fully slide the top dishwasher rack out.	robocasa_panda_omron/SlideDishwasherRack_PandaOmron_Env	100016	1300002	0	0			5		1	all_token_full	groot_n15_dit_block_residual_full_tokens_denoise	["layer","denoise_step","model_token","feature_dim"]	[7,4,49,1536]	[0,2,4,8,10,12,15]	n15_grid_v1	grid_coord	meta	meta_json	b8054b5e7258/worker1/DishwasherRack/out/s8/n2/base
b8054b5e7258	worker1	DishwasherRack/out	8	3	base	activation	c0f3f766b24e8815	c0f3f766b24e8815aea7a1a0728fcee50526857d098537664c4a52d5676cc070	lerobot_groot_n15	n15	lerobot_groot_n15__robocasa365_ckpt120000		0	Fully slide the top dishwasher rack out.	robocasa_panda_omron/SlideDishwasherRack_PandaOmron_Env	100016	1300003	0	0			5		1	all_token_full	groot_n15_dit_block_residual_full_tokens_denoise	["layer","denoise_step","model_token","feature_dim"]	[7,4,49,1536]	[0,2,4,8,10,12,15]	n15_grid_v1	grid_coord	meta	meta_json	b8054b5e7258/worker1/DishwasherRack/out/s8/n3/base
b8054b5e7258	worker1	DishwasherRack/out	8	4	base	activation	2ece5b59c63fcf87	2ece5b59c63fcf8794864e5fe714b402422172a5353734c3be69c44a26cc0cd6	lerobot_groot_n15	n15	lerobot_groot_n15__robocasa365_ckpt120000		0	Fully slide the top dishwasher rack out.	robocasa_panda_omron/SlideDishwasherRack_PandaOmron_Env	100016	1300004	0	0			5		1	all_token_full	groot_n15_dit_block_residual_full_tokens_denoise	["layer","denoise_step","model_token","feature_dim"]	[7,4,49,1536]	[0,2,4,8,10,12,15]	n15_grid_v1	grid_coord	meta	meta_json	b8054b5e7258/worker1/DishwasherRack/out/s8/n4/base
b8054b5e7258	worker1	DishwasherRack/out	8	5	base	activation	9f2207ecf91ef6b9	9f2207ecf91ef6b92e96e8dac32612553329475a3254497279100fb9c471a906	lerobot_groot_n15	n15	lerobot_groot_n15__robocasa365_ckpt120000		0	Fully slide the top dishwasher rack out.	robocasa_panda_omron/SlideDishwasherRack_PandaOmron_Env	100016	1300005	0	0			5		1	all_token_full	groot_n15_dit_block_residual_full_tokens_denoise	["layer","denoise_step","model_token","feature_dim"]	[7,4,49,1536]	[0,2,4,8,10,12,15]	n15_grid_v1	grid_coord	meta	meta_json	b8054b5e7258/worker1/DishwasherRack/out/s8/n5/base
b8054b5e7258	worker1	DishwasherRack/out	8	6	base	activation	4f07c95d3530ae84	4f07c95d3530ae84246a3d9bfea0fa667bd14944d01c43b0b2b1a08b33737362	lerobot_groot_n15	n15	lerobot_groot_n15__robocasa365_ckpt120000		0	Fully slide the top dishwasher rack out.	robocasa_panda_omron/SlideDishwasherRack_PandaOmron_Env	100016	1300006	0	0			5		1	all_token_full	groot_n15_dit_block_residual_full_tokens_denoise	["layer","denoise_step","model_token","feature_dim"]	[7,4,49,1536]	[0,2,4,8,10,12,15]	n15_grid_v1	grid_coord	meta	meta_json	b8054b5e7258/worker1/DishwasherRack/out/s8/n6/base
b8054b5e7258	worker1	DishwasherRack/out	8	7	base	activation	1a918f76a6a638fa	1a918f76a6a638fa02196fc8a27e28160bd04b1b475715511fb4dd98e8d75ec4	lerobot_groot_n15	n15	lerobot_groot_n15__robocasa365_ckpt120000		0	Fully slide the top dishwasher rack out.	robocasa_panda_omron/SlideDishwasherRack_PandaOmron_Env	100016	1300007	0	0			5		1	all_token_full	groot_n15_dit_block_residual_full_tokens_denoise	["layer","denoise_step","model_token","feature_dim"]	[7,4,49,1536]	[0,2,4,8,10,12,15]	n15_grid_v1	grid_coord	meta	meta_json	b8054b5e7258/worker1/DishwasherRack/out/s8/n7/base
b8054b5e7258	worker1	DishwasherRack/out	8	8	base	activation	50f5437f3e2366c9	50f5437f3e2366c979ffd3fb47c8c03b7ffc6fc68cc996cd1a889cd981fb229b	lerobot_groot_n15	n15	lerobot_groot_n15__robocasa365_ckpt120000		0	Fully slide the top dishwasher rack out.	robocasa_panda_omron/SlideDishwasherRack_PandaOmron_Env	100016	1300008	0	0			5		1	all_token_full	groot_n15_dit_block_residual_full_tokens_denoise	["layer","denoise_step","model_token","feature_dim"]	[7,4,49,1536]	[0,2,4,8,10,12,15]	n15_grid_v1	grid_coord	meta	meta_json	b8054b5e7258/worker1/DishwasherRack/out/s8/n8/base
b8054b5e7258	worker1	DishwasherRack/out	8	9	base	activation	ac65cfde064bc88a	ac65cfde064bc88a38b868bc729ced13ef9d1d3415e661a48020a075e10d26c1	lerobot_groot_n15	n15	lerobot_groot_n15__robocasa365_ckpt120000		0	Fully slide the top dishwasher rack out.	robocasa_panda_omron/SlideDishwasherRack_PandaOmron_Env	100016	1300009	0	0			5		1	all_token_full	groot_n15_dit_block_residual_full_tokens_denoise	["layer","denoise_step","model_token","feature_dim"]	[7,4,49,1536]	[0,2,4,8,10,12,15]	n15_grid_v1	grid_coord	meta	meta_json	b8054b5e7258/worker1/DishwasherRack/out/s8/n9/base
b8054b5e7258	worker1	DishwasherRack/out	9	0	base	activation	b93687115157b1d7	b93687115157b1d713c129902151fed35ff1a929a3296eac1d47def5a49ea0e2	lerobot_groot_n15	n15	lerobot_groot_n15__robocasa365_ckpt120000		0	Fully slide the top dishwasher rack out.	robocasa_panda_omron/SlideDishwasherRack_PandaOmron_Env	100017	1300000	0	0			5		1	all_token_full	groot_n15_dit_block_residual_full_tokens_denoise	["layer","denoise_step","model_token","feature_dim"]	[7,4,49,1536]	[0,2,4,8,10,12,15]	n15_grid_v1	grid_coord	meta	meta_json	b8054b5e7258/worker1/DishwasherRack/out/s9/n0/base
b8054b5e7258	worker1	DishwasherRack/out	9	1	base	activation	56830b82dbba657d	56830b82dbba657dc291c0e2e74ff29a6848cc25a6bb1a95b769f937c07455ea	lerobot_groot_n15	n15	lerobot_groot_n15__robocasa365_ckpt120000		0	Fully slide the top dishwasher rack out.	robocasa_panda_omron/SlideDishwasherRack_PandaOmron_Env	100017	1300001	0	0			5		1	all_token_full	groot_n15_dit_block_residual_full_tokens_denoise	["layer","denoise_step","model_token","feature_dim"]	[7,4,49,1536]	[0,2,4,8,10,12,15]	n15_grid_v1	grid_coord	meta	meta_json	b8054b5e7258/worker1/DishwasherRack/out/s9/n1/base
b8054b5e7258	worker1	DishwasherRack/out	9	2	base	activation	1c8d28e2c02c3d0f	1c8d28e2c02c3d0f39edcf091f93b6f070fe9fdf061c582e8666611bb5a98ed8	lerobot_groot_n15	n15	lerobot_groot_n15__robocasa365_ckpt120000		0	Fully slide the top dishwasher rack out.	robocasa_panda_omron/SlideDishwasherRack_PandaOmron_Env	100017	1300002	0	0			5		1	all_token_full	groot_n15_dit_block_residual_full_tokens_denoise	["layer","denoise_step","model_token","feature_dim"]	[7,4,49,1536]	[0,2,4,8,10,12,15]	n15_grid_v1	grid_coord	meta	meta_json	b8054b5e7258/worker1/DishwasherRack/out/s9/n2/base
b8054b5e7258	worker1	DishwasherRack/out	9	3	base	activation	03886ae5b41a00e2	03886ae5b41a00e2f5cbf9018ac004346bb5850d8fba4cdeef2fe3f5ebe3412e	lerobot_groot_n15	n15	lerobot_groot_n15__robocasa365_ckpt120000		0	Fully slide the top dishwasher rack out.	robocasa_panda_omron/SlideDishwasherRack_PandaOmron_Env	100017	1300003	0	0			5		1	all_token_full	groot_n15_dit_block_residual_full_tokens_denoise	["layer","denoise_step","model_token","feature_dim"]	[7,4,49,1536]	[0,2,4,8,10,12,15]	n15_grid_v1	grid_coord	meta	meta_json	b8054b5e7258/worker1/DishwasherRack/out/s9/n3/base
b8054b5e7258	worker1	DishwasherRack/out	9	4	base	activation	c3957564b0d23a99	c3957564b0d23a9976929540e3e67de4369a25b5c023900b45aedafa03616897	lerobot_groot_n15	n15	lerobot_groot_n15__robocasa365_ckpt120000		0	Fully slide the top dishwasher rack out.	robocasa_panda_omron/SlideDishwasherRack_PandaOmron_Env	100017	1300004	0	0			5		1	all_token_full	groot_n15_dit_block_residual_full_tokens_denoise	["layer","denoise_step","model_token","feature_dim"]	[7,4,49,1536]	[0,2,4,8,10,12,15]	n15_grid_v1	grid_coord	meta	meta_json	b8054b5e7258/worker1/DishwasherRack/out/s9/n4/base
b8054b5e7258	worker1	DishwasherRack/out	9	5	base	activation	1c7ff703c07465c4	1c7ff703c07465c4b494e3daf004a2231663a4a5cfd3b5fd3f2de478c00e436a	lerobot_groot_n15	n15	lerobot_groot_n15__robocasa365_ckpt120000		0	Fully slide the top dishwasher rack out.	robocasa_panda_omron/SlideDishwasherRack_PandaOmron_Env	100017	1300005	0	0			5		1	all_token_full	groot_n15_dit_block_residual_full_tokens_denoise	["layer","denoise_step","model_token","feature_dim"]	[7,4,49,1536]	[0,2,4,8,10,12,15]	n15_grid_v1	grid_coord	meta	meta_json	b8054b5e7258/worker1/DishwasherRack/out/s9/n5/base
b8054b5e7258	worker1	DishwasherRack/out	9	6	base	activation	5a99aa59d34193ab	5a99aa59d34193ab8e60cfb7c19948dbb9672bd516cae53ef2bcf8537752822f	lerobot_groot_n15	n15	lerobot_groot_n15__robocasa365_ckpt120000		0	Fully slide the top dishwasher rack out.	robocasa_panda_omron/SlideDishwasherRack_PandaOmron_Env	100017	1300006	0	0			5		1	all_token_full	groot_n15_dit_block_residual_full_tokens_denoise	["layer","denoise_step","model_token","feature_dim"]	[7,4,49,1536]	[0,2,4,8,10,12,15]	n15_grid_v1	grid_coord	meta	meta_json	b8054b5e7258/worker1/DishwasherRack/out/s9/n6/base
b8054b5e7258	worker1	DishwasherRack/out	9	7	base	activation	5e84909fba8353d9	5e84909fba8353d91499c9610bfd8ae0cfd6287c689fc00efda38d93e11d137c	lerobot_groot_n15	n15	lerobot_groot_n15__robocasa365_ckpt120000		0	Fully slide the top dishwasher rack out.	robocasa_panda_omron/SlideDishwasherRack_PandaOmron_Env	100017	1300007	0	0			5		1	all_token_full	groot_n15_dit_block_residual_full_tokens_denoise	["layer","denoise_step","model_token","feature_dim"]	[7,4,49,1536]	[0,2,4,8,10,12,15]	n15_grid_v1	grid_coord	meta	meta_json	b8054b5e7258/worker1/DishwasherRack/out/s9/n7/base
b8054b5e7258	worker1	DishwasherRack/out	9	8	base	activation	83655bd849ea7fb2	83655bd849ea7fb2cb5c3dba75d04d2cbc44610068287f86f3a4b2064b9baac8	lerobot_groot_n15	n15	lerobot_groot_n15__robocasa365_ckpt120000		0	Fully slide the top dishwasher rack out.	robocasa_panda_omron/SlideDishwasherRack_PandaOmron_Env	100017	1300008	0	0			5		1	all_token_full	groot_n15_dit_block_residual_full_tokens_denoise	["layer","denoise_step","model_token","feature_dim"]	[7,4,49,1536]	[0,2,4,8,10,12,15]	n15_grid_v1	grid_coord	meta	meta_json	b8054b5e7258/worker1/DishwasherRack/out/s9/n8/base
b8054b5e7258	worker1	DishwasherRack/out	9	9	base	activation	9684a7efd8df895b	9684a7efd8df895b645a591190cab0c66a0bc7aa07c83bf1791983305d17131d	lerobot_groot_n15	n15	lerobot_groot_n15__robocasa365_ckpt120000		0	Fully slide the top dishwasher rack out.	robocasa_panda_omron/SlideDishwasherRack_PandaOmron_Env	100017	1300009	0	0			5		1	all_token_full	groot_n15_dit_block_residual_full_tokens_denoise	["layer","denoise_step","model_token","feature_dim"]	[7,4,49,1536]	[0,2,4,8,10,12,15]	n15_grid_v1	grid_coord	meta	meta_json	b8054b5e7258/worker1/DishwasherRack/out/s9/n9/base
b8054b5e7258	worker1	PPCC/bread	0	0	base	activation	c71656644e619b3d	c71656644e619b3d8b22fbd5e3940d4cfae32835a82dc751b09336bc760b4078	lerobot_groot_n15	n15	lerobot_groot_n15__robocasa365_ckpt120000		0	Pick the bread from the counter and place it in the cabinet.	robocasa_panda_omron/PickPlaceCounterToCabinet_PandaOmron_Env	100084	1300000	0	1			5		1	all_token_full	groot_n15_dit_block_residual_full_tokens_denoise	["layer","denoise_step","model_token","feature_dim"]	[7,4,49,1536]	[0,2,4,8,10,12,15]	n15_grid_v1	grid_coord	meta	meta_json	b8054b5e7258/worker1/PPCC/bread/s0/n0/base
b8054b5e7258	worker1	PPCC/bread	0	1	base	activation	5d323fa651e10533	5d323fa651e1053300ad84fdbf3381d4a9189fcde4a2a43b5bf9a9e76d94033c	lerobot_groot_n15	n15	lerobot_groot_n15__robocasa365_ckpt120000		0	Pick the bread from the counter and place it in the cabinet.	robocasa_panda_omron/PickPlaceCounterToCabinet_PandaOmron_Env	100084	1300001	0	1			5		1	all_token_full	groot_n15_dit_block_residual_full_tokens_denoise	["layer","denoise_step","model_token","feature_dim"]	[7,4,49,1536]	[0,2,4,8,10,12,15]	n15_grid_v1	grid_coord	meta	meta_json	b8054b5e7258/worker1/PPCC/bread/s0/n1/base
b8054b5e7258	worker1	PPCC/bread	0	2	base	activation	894c74288105ca15	894c74288105ca15a2594dc0afb87ddf705c53b572dda7b11cea8d1333a48ec6	lerobot_groot_n15	n15	lerobot_groot_n15__robocasa365_ckpt120000		0	Pick the bread from the counter and place it in the cabinet.	robocasa_panda_omron/PickPlaceCounterToCabinet_PandaOmron_Env	100084	1300002	0	1			5		1	all_token_full	groot_n15_dit_block_residual_full_tokens_denoise	["layer","denoise_step","model_token","feature_dim"]	[7,4,49,1536]	[0,2,4,8,10,12,15]	n15_grid_v1	grid_coord	meta	meta_json	b8054b5e7258/worker1/PPCC/bread/s0/n2/base
b8054b5e7258	worker1	PPCC/bread	0	3	base	activation	7dd904cdcbb63cb7	7dd904cdcbb63cb7ae36efc51caceb89132b68e87f5bcb2b057e8a1c08f107e4	lerobot_groot_n15	n15	lerobot_groot_n15__robocasa365_ckpt120000		0	Pick the bread from the counter and place it in the cabinet.	robocasa_panda_omron/PickPlaceCounterToCabinet_PandaOmron_Env	100084	1300003	0	1			5		1	all_token_full	groot_n15_dit_block_residual_full_tokens_denoise	["layer","denoise_step","model_token","feature_dim"]	[7,4,49,1536]	[0,2,4,8,10,12,15]	n15_grid_v1	grid_coord	meta	meta_json	b8054b5e7258/worker1/PPCC/bread/s0/n3/base
b8054b5e7258	worker1	PPCC/bread	0	4	base	activation	f88e79bf2f6f3c19	f88e79bf2f6f3c192f8d71a71feba897aa0ef96532d6a979157253e80d45c86a	lerobot_groot_n15	n15	lerobot_groot_n15__robocasa365_ckpt120000		0	Pick the bread from the counter and place it in the cabinet.	robocasa_panda_omron/PickPlaceCounterToCabinet_PandaOmron_Env	100084	1300004	0	1			5		1	all_token_full	groot_n15_dit_block_residual_full_tokens_denoise	["layer","denoise_step","model_token","feature_dim"]	[7,4,49,1536]	[0,2,4,8,10,12,15]	n15_grid_v1	grid_coord	meta	meta_json	b8054b5e7258/worker1/PPCC/bread/s0/n4/base
b8054b5e7258	worker1	PPCC/bread	0	5	base	activation	647b753717c0a06d	647b753717c0a06dbf3dc7cf0a5422eebe7615325b01193e83c0693a73d6e996	lerobot_groot_n15	n15	lerobot_groot_n15__robocasa365_ckpt120000		0	Pick the bread from the counter and place it in the cabinet.	robocasa_panda_omron/PickPlaceCounterToCabinet_PandaOmron_Env	100084	1300005	0	1			5		1	all_token_full	groot_n15_dit_block_residual_full_tokens_denoise	["layer","denoise_step","model_token","feature_dim"]	[7,4,49,1536]	[0,2,4,8,10,12,15]	n15_grid_v1	grid_coord	meta	meta_json	b8054b5e7258/worker1/PPCC/bread/s0/n5/base
b8054b5e7258	worker1	PPCC/bread	0	6	base	activation	f1ae7f02728ee3b9	f1ae7f02728ee3b957ed10471e018c71f5486bd7aecb30a0996e92655ed4792c	lerobot_groot_n15	n15	lerobot_groot_n15__robocasa365_ckpt120000		0	Pick the bread from the counter and place it in the cabinet.	robocasa_panda_omron/PickPlaceCounterToCabinet_PandaOmron_Env	100084	1300006	0	0			5		1	all_token_full	groot_n15_dit_block_residual_full_tokens_denoise	["layer","denoise_step","model_token","feature_dim"]	[7,4,49,1536]	[0,2,4,8,10,12,15]	n15_grid_v1	grid_coord	meta	meta_json	b8054b5e7258/worker1/PPCC/bread/s0/n6/base
b8054b5e7258	worker1	PPCC/bread	0	7	base	activation	f1293bdd022f3b3c	f1293bdd022f3b3cad5eaa1ebb881cb2bb7daed40708f8b9713dcaecbc85f2c3	lerobot_groot_n15	n15	lerobot_groot_n15__robocasa365_ckpt120000		0	Pick the bread from the counter and place it in the cabinet.	robocasa_panda_omron/PickPlaceCounterToCabinet_PandaOmron_Env	100084	1300007	0	0			5		1	all_token_full	groot_n15_dit_block_residual_full_tokens_denoise	["layer","denoise_step","model_token","feature_dim"]	[7,4,49,1536]	[0,2,4,8,10,12,15]	n15_grid_v1	grid_coord	meta	meta_json	b8054b5e7258/worker1/PPCC/bread/s0/n7/base
b8054b5e7258	worker1	PPCC/bread	0	8	base	activation	62eb24a80ab7de42	62eb24a80ab7de423380838cf6d4025908b4f36ad6896154106c16ae071bc629	lerobot_groot_n15	n15	lerobot_groot_n15__robocasa365_ckpt120000		0	Pick the bread from the counter and place it in the cabinet.	robocasa_panda_omron/PickPlaceCounterToCabinet_PandaOmron_Env	100084	1300008	0	0			5		1	all_token_full	groot_n15_dit_block_residual_full_tokens_denoise	["layer","denoise_step","model_token","feature_dim"]	[7,4,49,1536]	[0,2,4,8,10,12,15]	n15_grid_v1	grid_coord	meta	meta_json	b8054b5e7258/worker1/PPCC/bread/s0/n8/base
b8054b5e7258	worker1	PPCC/bread	0	9	base	activation	fbf6e433f8fa87bb	fbf6e433f8fa87bbc6ee5257715eb9d1efbd0be2f17887b5bc9a36696ee2683e	lerobot_groot_n15	n15	lerobot_groot_n15__robocasa365_ckpt120000		0	Pick the bread from the counter and place it in the cabinet.	robocasa_panda_omron/PickPlaceCounterToCabinet_PandaOmron_Env	100084	1300009	0	0			5		1	all_token_full	groot_n15_dit_block_residual_full_tokens_denoise	["layer","denoise_step","model_token","feature_dim"]	[7,4,49,1536]	[0,2,4,8,10,12,15]	n15_grid_v1	grid_coord	meta	meta_json	b8054b5e7258/worker1/PPCC/bread/s0/n9/base
b8054b5e7258	worker1	PPCC/bread	1	0	base	activation	e316a202b2dabdb0	e316a202b2dabdb03f649c424e5464dba3ce5da0e6ee13182dba838a57fb3166	lerobot_groot_n15	n15	lerobot_groot_n15__robocasa365_ckpt120000		0	Pick the bread from the counter and place it in the cabinet.	robocasa_panda_omron/PickPlaceCounterToCabinet_PandaOmron_Env	100197	1300000	0	1			5		1	all_token_full	groot_n15_dit_block_residual_full_tokens_denoise	["layer","denoise_step","model_token","feature_dim"]	[7,4,49,1536]	[0,2,4,8,10,12,15]	n15_grid_v1	grid_coord	meta	meta_json	b8054b5e7258/worker1/PPCC/bread/s1/n0/base
b8054b5e7258	worker1	PPCC/bread	1	1	base	activation	b38187fa79b0734c	b38187fa79b0734cc4fff933578c6cb0e61df9203ab3354d9331d8ee973d819c	lerobot_groot_n15	n15	lerobot_groot_n15__robocasa365_ckpt120000		0	Pick the bread from the counter and place it in the cabinet.	robocasa_panda_omron/PickPlaceCounterToCabinet_PandaOmron_Env	100197	1300001	0	1			5		1	all_token_full	groot_n15_dit_block_residual_full_tokens_denoise	["layer","denoise_step","model_token","feature_dim"]	[7,4,49,1536]	[0,2,4,8,10,12,15]	n15_grid_v1	grid_coord	meta	meta_json	b8054b5e7258/worker1/PPCC/bread/s1/n1/base
b8054b5e7258	worker1	PPCC/bread	1	2	base	activation	d2408ffb02e2ca75	d2408ffb02e2ca756e07079837bef7929a3cf4b872d92f8e43f6b4694f728611	lerobot_groot_n15	n15	lerobot_groot_n15__robocasa365_ckpt120000		0	Pick the bread from the counter and place it in the cabinet.	robocasa_panda_omron/PickPlaceCounterToCabinet_PandaOmron_Env	100197	1300002	0	0			5		1	all_token_full	groot_n15_dit_block_residual_full_tokens_denoise	["layer","denoise_step","model_token","feature_dim"]	[7,4,49,1536]	[0,2,4,8,10,12,15]	n15_grid_v1	grid_coord	meta	meta_json	b8054b5e7258/worker1/PPCC/bread/s1/n2/base
b8054b5e7258	worker1	PPCC/bread	1	3	base	activation	2ece7d5793c3b380	2ece7d5793c3b380f33b45e29938a9eaa198f936d3bff33a97076d4f1ee5ae5c	lerobot_groot_n15	n15	lerobot_groot_n15__robocasa365_ckpt120000		0	Pick the bread from the counter and place it in the cabinet.	robocasa_panda_omron/PickPlaceCounterToCabinet_PandaOmron_Env	100197	1300003	0	0			5		1	all_token_full	groot_n15_dit_block_residual_full_tokens_denoise	["layer","denoise_step","model_token","feature_dim"]	[7,4,49,1536]	[0,2,4,8,10,12,15]	n15_grid_v1	grid_coord	meta	meta_json	b8054b5e7258/worker1/PPCC/bread/s1/n3/base
b8054b5e7258	worker1	PPCC/bread	1	4	base	activation	19a31f218799b723	19a31f218799b723f696c36eb3b21964427e4e09a007e6a7de171f7f0ab26de7	lerobot_groot_n15	n15	lerobot_groot_n15__robocasa365_ckpt120000		0	Pick the bread from the counter and place it in the cabinet.	robocasa_panda_omron/PickPlaceCounterToCabinet_PandaOmron_Env	100197	1300004	0	0			5		1	all_token_full	groot_n15_dit_block_residual_full_tokens_denoise	["layer","denoise_step","model_token","feature_dim"]	[7,4,49,1536]	[0,2,4,8,10,12,15]	n15_grid_v1	grid_coord	meta	meta_json	b8054b5e7258/worker1/PPCC/bread/s1/n4/base
b8054b5e7258	worker1	PPCC/bread	1	5	base	activation	d9fe7956cbda5924	d9fe7956cbda59241adcfcb7685ff0c10b38322a5b0d613eec31ca31b2baf0c9	lerobot_groot_n15	n15	lerobot_groot_n15__robocasa365_ckpt120000		0	Pick the bread from the counter and place it in the cabinet.	robocasa_panda_omron/PickPlaceCounterToCabinet_PandaOmron_Env	100197	1300005	0	1			5		1	all_token_full	groot_n15_dit_block_residual_full_tokens_denoise	["layer","denoise_step","model_token","feature_dim"]	[7,4,49,1536]	[0,2,4,8,10,12,15]	n15_grid_v1	grid_coord	meta	meta_json	b8054b5e7258/worker1/PPCC/bread/s1/n5/base
b8054b5e7258	worker1	PPCC/bread	1	6	base	activation	8ef0e97ce442ff79	8ef0e97ce442ff797da21ab7e0f59a5ef67966e5189533fff78a092bbc7ef65a	lerobot_groot_n15	n15	lerobot_groot_n15__robocasa365_ckpt120000		0	Pick the bread from the counter and place it in the cabinet.	robocasa_panda_omron/PickPlaceCounterToCabinet_PandaOmron_Env	100197	1300006	0	1			5		1	all_token_full	groot_n15_dit_block_residual_full_tokens_denoise	["layer","denoise_step","model_token","feature_dim"]	[7,4,49,1536]	[0,2,4,8,10,12,15]	n15_grid_v1	grid_coord	meta	meta_json	b8054b5e7258/worker1/PPCC/bread/s1/n6/base
b8054b5e7258	worker1	PPCC/bread	1	7	base	activation	241cbd86a70d53ad	241cbd86a70d53ad5a90ff2c5cb1f83cab15dde3b1156acaecd9a18cb8178e01	lerobot_groot_n15	n15	lerobot_groot_n15__robocasa365_ckpt120000		0	Pick the bread from the counter and place it in the cabinet.	robocasa_panda_omron/PickPlaceCounterToCabinet_PandaOmron_Env	100197	1300007	0	0			5		1	all_token_full	groot_n15_dit_block_residual_full_tokens_denoise	["layer","denoise_step","model_token","feature_dim"]	[7,4,49,1536]	[0,2,4,8,10,12,15]	n15_grid_v1	grid_coord	meta	meta_json	b8054b5e7258/worker1/PPCC/bread/s1/n7/base
b8054b5e7258	worker1	PPCC/bread	1	8	base	activation	0c3db400f02f307b	0c3db400f02f307bedf00434668e78534d6bba8d8914e24b21dbbf138fbb9d97	lerobot_groot_n15	n15	lerobot_groot_n15__robocasa365_ckpt120000		0	Pick the bread from the counter and place it in the cabinet.	robocasa_panda_omron/PickPlaceCounterToCabinet_PandaOmron_Env	100197	1300008	0	1			5		1	all_token_full	groot_n15_dit_block_residual_full_tokens_denoise	["layer","denoise_step","model_token","feature_dim"]	[7,4,49,1536]	[0,2,4,8,10,12,15]	n15_grid_v1	grid_coord	meta	meta_json	b8054b5e7258/worker1/PPCC/bread/s1/n8/base
b8054b5e7258	worker1	PPCC/bread	1	9	base	activation	5697387a42f30986	5697387a42f30986cf6294673cb5db4b933adcabe127016ad733ceaa2b3f4490	lerobot_groot_n15	n15	lerobot_groot_n15__robocasa365_ckpt120000		0	Pick the bread from the counter and place it in the cabinet.	robocasa_panda_omron/PickPlaceCounterToCabinet_PandaOmron_Env	100197	1300009	0	1			5		1	all_token_full	groot_n15_dit_block_residual_full_tokens_denoise	["layer","denoise_step","model_token","feature_dim"]	[7,4,49,1536]	[0,2,4,8,10,12,15]	n15_grid_v1	grid_coord	meta	meta_json	b8054b5e7258/worker1/PPCC/bread/s1/n9/base
b8054b5e7258	worker1	PPCC/bread	2	0	base	activation	3ea14d20ec3d5dba	3ea14d20ec3d5dba23e79cbe39ac853d2c65032e0e36158db031c566f1ec12a2	lerobot_groot_n15	n15	lerobot_groot_n15__robocasa365_ckpt120000		0	Pick the bread from the counter and place it in the cabinet.	robocasa_panda_omron/PickPlaceCounterToCabinet_PandaOmron_Env	100201	1300000	0	1			5		1	all_token_full	groot_n15_dit_block_residual_full_tokens_denoise	["layer","denoise_step","model_token","feature_dim"]	[7,4,49,1536]	[0,2,4,8,10,12,15]	n15_grid_v1	grid_coord	meta	meta_json	b8054b5e7258/worker1/PPCC/bread/s2/n0/base
b8054b5e7258	worker1	PPCC/bread	2	1	base	activation	1d3012830542ca58	1d3012830542ca589d690f6dce8390bd9b585241d93dc74d1eb95a1c21d78cc5	lerobot_groot_n15	n15	lerobot_groot_n15__robocasa365_ckpt120000		0	Pick the bread from the counter and place it in the cabinet.	robocasa_panda_omron/PickPlaceCounterToCabinet_PandaOmron_Env	100201	1300001	0	1			5		1	all_token_full	groot_n15_dit_block_residual_full_tokens_denoise	["layer","denoise_step","model_token","feature_dim"]	[7,4,49,1536]	[0,2,4,8,10,12,15]	n15_grid_v1	grid_coord	meta	meta_json	b8054b5e7258/worker1/PPCC/bread/s2/n1/base
b8054b5e7258	worker1	PPCC/bread	2	2	base	activation	b76f085aa0f8f832	b76f085aa0f8f83232f08dd18429906d731671eeb83dd57566fac9ea97ccd57b	lerobot_groot_n15	n15	lerobot_groot_n15__robocasa365_ckpt120000		0	Pick the bread from the counter and place it in the cabinet.	robocasa_panda_omron/PickPlaceCounterToCabinet_PandaOmron_Env	100201	1300002	0	1			5		1	all_token_full	groot_n15_dit_block_residual_full_tokens_denoise	["layer","denoise_step","model_token","feature_dim"]	[7,4,49,1536]	[0,2,4,8,10,12,15]	n15_grid_v1	grid_coord	meta	meta_json	b8054b5e7258/worker1/PPCC/bread/s2/n2/base
b8054b5e7258	worker1	PPCC/bread	2	3	base	activation	b869eda040b52b6e	b869eda040b52b6ef9cba25a04343cd0bd70314dc4821b008c386d6e2f0c9e14	lerobot_groot_n15	n15	lerobot_groot_n15__robocasa365_ckpt120000		0	Pick the bread from the counter and place it in the cabinet.	robocasa_panda_omron/PickPlaceCounterToCabinet_PandaOmron_Env	100201	1300003	0	1			5		1	all_token_full	groot_n15_dit_block_residual_full_tokens_denoise	["layer","denoise_step","model_token","feature_dim"]	[7,4,49,1536]	[0,2,4,8,10,12,15]	n15_grid_v1	grid_coord	meta	meta_json	b8054b5e7258/worker1/PPCC/bread/s2/n3/base
b8054b5e7258	worker1	PPCC/bread	2	4	base	activation	dcd5ef829579c3b2	dcd5ef829579c3b247e9b4d1d59a2b4c6caa295c06f3c83772d8e1567b1e1789	lerobot_groot_n15	n15	lerobot_groot_n15__robocasa365_ckpt120000		0	Pick the bread from the counter and place it in the cabinet.	robocasa_panda_omron/PickPlaceCounterToCabinet_PandaOmron_Env	100201	1300004	0	1			5		1	all_token_full	groot_n15_dit_block_residual_full_tokens_denoise	["layer","denoise_step","model_token","feature_dim"]	[7,4,49,1536]	[0,2,4,8,10,12,15]	n15_grid_v1	grid_coord	meta	meta_json	b8054b5e7258/worker1/PPCC/bread/s2/n4/base
b8054b5e7258	worker1	PPCC/bread	2	5	base	activation	7a6149a78bfbd955	7a6149a78bfbd95534ddf02ace1efcbbb4fed1c4646ec5676fef4d4d8b19e14c	lerobot_groot_n15	n15	lerobot_groot_n15__robocasa365_ckpt120000		0	Pick the bread from the counter and place it in the cabinet.	robocasa_panda_omron/PickPlaceCounterToCabinet_PandaOmron_Env	100201	1300005	0	1			5		1	all_token_full	groot_n15_dit_block_residual_full_tokens_denoise	["layer","denoise_step","model_token","feature_dim"]	[7,4,49,1536]	[0,2,4,8,10,12,15]	n15_grid_v1	grid_coord	meta	meta_json	b8054b5e7258/worker1/PPCC/bread/s2/n5/base
b8054b5e7258	worker1	PPCC/bread	2	6	base	activation	add99870f9a3bb5c	add99870f9a3bb5c07302ef164f53b5b182999f5ea0a749da20b55e21ba529d5	lerobot_groot_n15	n15	lerobot_groot_n15__robocasa365_ckpt120000		0	Pick the bread from the counter and place it in the cabinet.	robocasa_panda_omron/PickPlaceCounterToCabinet_PandaOmron_Env	100201	1300006	0	1			5		1	all_token_full	groot_n15_dit_block_residual_full_tokens_denoise	["layer","denoise_step","model_token","feature_dim"]	[7,4,49,1536]	[0,2,4,8,10,12,15]	n15_grid_v1	grid_coord	meta	meta_json	b8054b5e7258/worker1/PPCC/bread/s2/n6/base
b8054b5e7258	worker1	PPCC/bread	2	7	base	activation	1e9dc7fa76f2f0a6	1e9dc7fa76f2f0a6a63a809976b52e794cc679d293a7156b7c1ac399990467b3	lerobot_groot_n15	n15	lerobot_groot_n15__robocasa365_ckpt120000		0	Pick the bread from the counter and place it in the cabinet.	robocasa_panda_omron/PickPlaceCounterToCabinet_PandaOmron_Env	100201	1300007	0	1			5		1	all_token_full	groot_n15_dit_block_residual_full_tokens_denoise	["layer","denoise_step","model_token","feature_dim"]	[7,4,49,1536]	[0,2,4,8,10,12,15]	n15_grid_v1	grid_coord	meta	meta_json	b8054b5e7258/worker1/PPCC/bread/s2/n7/base
b8054b5e7258	worker1	PPCC/bread	2	8	base	activation	f61c1772622b3b74	f61c1772622b3b74ba9b5b01f7691af3547a543d3a30f28ee9680c81a593ce39	lerobot_groot_n15	n15	lerobot_groot_n15__robocasa365_ckpt120000		0	Pick the bread from the counter and place it in the cabinet.	robocasa_panda_omron/PickPlaceCounterToCabinet_PandaOmron_Env	100201	1300008	0	0			5		1	all_token_full	groot_n15_dit_block_residual_full_tokens_denoise	["layer","denoise_step","model_token","feature_dim"]	[7,4,49,1536]	[0,2,4,8,10,12,15]	n15_grid_v1	grid_coord	meta	meta_json	b8054b5e7258/worker1/PPCC/bread/s2/n8/base
b8054b5e7258	worker1	PPCC/bread	2	9	base	activation	ccdff6a7e3bec5fb	ccdff6a7e3bec5fb1096676542784069382cf87406b9f0b157831fed2e323df5	lerobot_groot_n15	n15	lerobot_groot_n15__robocasa365_ckpt120000		0	Pick the bread from the counter and place it in the cabinet.	robocasa_panda_omron/PickPlaceCounterToCabinet_PandaOmron_Env	100201	1300009	0	1			5		1	all_token_full	groot_n15_dit_block_residual_full_tokens_denoise	["layer","denoise_step","model_token","feature_dim"]	[7,4,49,1536]	[0,2,4,8,10,12,15]	n15_grid_v1	grid_coord	meta	meta_json	b8054b5e7258/worker1/PPCC/bread/s2/n9/base
b8054b5e7258	worker1	PPCC/bread	3	0	base	activation	07255debba69d40e	07255debba69d40e9a3c5e15d762711146d3f7b7625763d9c6aaaa4c0df8b91a	lerobot_groot_n15	n15	lerobot_groot_n15__robocasa365_ckpt120000		0	Pick the bread from the counter and place it in the cabinet.	robocasa_panda_omron/PickPlaceCounterToCabinet_PandaOmron_Env	100228	1300000	0	1			5		1	all_token_full	groot_n15_dit_block_residual_full_tokens_denoise	["layer","denoise_step","model_token","feature_dim"]	[7,4,49,1536]	[0,2,4,8,10,12,15]	n15_grid_v1	grid_coord	meta	meta_json	b8054b5e7258/worker1/PPCC/bread/s3/n0/base
b8054b5e7258	worker1	PPCC/bread	3	1	base	activation	fde0d24990fea435	fde0d24990fea43533ac023a82d07be47d5cb75b3ed3a7bc126b09726e396c87	lerobot_groot_n15	n15	lerobot_groot_n15__robocasa365_ckpt120000		0	Pick the bread from the counter and place it in the cabinet.	robocasa_panda_omron/PickPlaceCounterToCabinet_PandaOmron_Env	100228	1300001	0	0			5		1	all_token_full	groot_n15_dit_block_residual_full_tokens_denoise	["layer","denoise_step","model_token","feature_dim"]	[7,4,49,1536]	[0,2,4,8,10,12,15]	n15_grid_v1	grid_coord	meta	meta_json	b8054b5e7258/worker1/PPCC/bread/s3/n1/base
b8054b5e7258	worker1	PPCC/bread	3	2	base	activation	283fcd7cd0856b2c	283fcd7cd0856b2cf74780272a0b1b0442515fb405ae8245752d51e6a484306b	lerobot_groot_n15	n15	lerobot_groot_n15__robocasa365_ckpt120000		0	Pick the bread from the counter and place it in the cabinet.	robocasa_panda_omron/PickPlaceCounterToCabinet_PandaOmron_Env	100228	1300002	0	1			5		1	all_token_full	groot_n15_dit_block_residual_full_tokens_denoise	["layer","denoise_step","model_token","feature_dim"]	[7,4,49,1536]	[0,2,4,8,10,12,15]	n15_grid_v1	grid_coord	meta	meta_json	b8054b5e7258/worker1/PPCC/bread/s3/n2/base
b8054b5e7258	worker1	PPCC/bread	3	3	base	activation	7d8f0595c1229cb6	7d8f0595c1229cb69e83beb2781fcfa172d93862af48dfc203def114e57a88a6	lerobot_groot_n15	n15	lerobot_groot_n15__robocasa365_ckpt120000		0	Pick the bread from the counter and place it in the cabinet.	robocasa_panda_omron/PickPlaceCounterToCabinet_PandaOmron_Env	100228	1300003	0	1			5		1	all_token_full	groot_n15_dit_block_residual_full_tokens_denoise	["layer","denoise_step","model_token","feature_dim"]	[7,4,49,1536]	[0,2,4,8,10,12,15]	n15_grid_v1	grid_coord	meta	meta_json	b8054b5e7258/worker1/PPCC/bread/s3/n3/base
b8054b5e7258	worker1	PPCC/bread	3	4	base	activation	a50d2ccba29db1dc	a50d2ccba29db1dcd31e835ecbdec9cf2e3f4a3bcb32d8ad3d17bcd9ee7188f2	lerobot_groot_n15	n15	lerobot_groot_n15__robocasa365_ckpt120000		0	Pick the bread from the counter and place it in the cabinet.	robocasa_panda_omron/PickPlaceCounterToCabinet_PandaOmron_Env	100228	1300004	0	0			5		1	all_token_full	groot_n15_dit_block_residual_full_tokens_denoise	["layer","denoise_step","model_token","feature_dim"]	[7,4,49,1536]	[0,2,4,8,10,12,15]	n15_grid_v1	grid_coord	meta	meta_json	b8054b5e7258/worker1/PPCC/bread/s3/n4/base
b8054b5e7258	worker1	PPCC/bread	3	5	base	activation	54f3b767b13aa614	54f3b767b13aa6142baf27bd599c51a508fd13f016c5e6bdfe4e84ea712b367c	lerobot_groot_n15	n15	lerobot_groot_n15__robocasa365_ckpt120000		0	Pick the bread from the counter and place it in the cabinet.	robocasa_panda_omron/PickPlaceCounterToCabinet_PandaOmron_Env	100228	1300005	0	0			5		1	all_token_full	groot_n15_dit_block_residual_full_tokens_denoise	["layer","denoise_step","model_token","feature_dim"]	[7,4,49,1536]	[0,2,4,8,10,12,15]	n15_grid_v1	grid_coord	meta	meta_json	b8054b5e7258/worker1/PPCC/bread/s3/n5/base
b8054b5e7258	worker1	PPCC/bread	3	6	base	activation	9a481359b9b363e4	9a481359b9b363e42b445ea993b8bbc75980f970a7bb2dd93ee6c1bd37e05277	lerobot_groot_n15	n15	lerobot_groot_n15__robocasa365_ckpt120000		0	Pick the bread from the counter and place it in the cabinet.	robocasa_panda_omron/PickPlaceCounterToCabinet_PandaOmron_Env	100228	1300006	0	0			5		1	all_token_full	groot_n15_dit_block_residual_full_tokens_denoise	["layer","denoise_step","model_token","feature_dim"]	[7,4,49,1536]	[0,2,4,8,10,12,15]	n15_grid_v1	grid_coord	meta	meta_json	b8054b5e7258/worker1/PPCC/bread/s3/n6/base
b8054b5e7258	worker1	PPCC/bread	3	7	base	activation	db104b219133e150	db104b219133e150a1c9962a78672f9a821d6daa3da0f069eac24e94809c901f	lerobot_groot_n15	n15	lerobot_groot_n15__robocasa365_ckpt120000		0	Pick the bread from the counter and place it in the cabinet.	robocasa_panda_omron/PickPlaceCounterToCabinet_PandaOmron_Env	100228	1300007	0	1			5		1	all_token_full	groot_n15_dit_block_residual_full_tokens_denoise	["layer","denoise_step","model_token","feature_dim"]	[7,4,49,1536]	[0,2,4,8,10,12,15]	n15_grid_v1	grid_coord	meta	meta_json	b8054b5e7258/worker1/PPCC/bread/s3/n7/base
b8054b5e7258	worker1	PPCC/bread	3	8	base	activation	d99f5559a5fddbf5	d99f5559a5fddbf53dea5eb5e9dd50e846bf25ab85b438a1808b5b30e9861b59	lerobot_groot_n15	n15	lerobot_groot_n15__robocasa365_ckpt120000		0	Pick the bread from the counter and place it in the cabinet.	robocasa_panda_omron/PickPlaceCounterToCabinet_PandaOmron_Env	100228	1300008	0	0			5		1	all_token_full	groot_n15_dit_block_residual_full_tokens_denoise	["layer","denoise_step","model_token","feature_dim"]	[7,4,49,1536]	[0,2,4,8,10,12,15]	n15_grid_v1	grid_coord	meta	meta_json	b8054b5e7258/worker1/PPCC/bread/s3/n8/base
b8054b5e7258	worker1	PPCC/bread	3	9	base	activation	90f451d4b0d51c06	90f451d4b0d51c065fdf233638e453dc9205696f2add30579d429bff5bcd1ff0	lerobot_groot_n15	n15	lerobot_groot_n15__robocasa365_ckpt120000		0	Pick the bread from the counter and place it in the cabinet.	robocasa_panda_omron/PickPlaceCounterToCabinet_PandaOmron_Env	100228	1300009	0	1			5		1	all_token_full	groot_n15_dit_block_residual_full_tokens_denoise	["layer","denoise_step","model_token","feature_dim"]	[7,4,49,1536]	[0,2,4,8,10,12,15]	n15_grid_v1	grid_coord	meta	meta_json	b8054b5e7258/worker1/PPCC/bread/s3/n9/base
b8054b5e7258	worker1	PPCC/bread	4	0	base	activation	f910d63b7ec95b84	f910d63b7ec95b847286ba2dbf724781985e69eba49b56f99b67912abfbb515f	lerobot_groot_n15	n15	lerobot_groot_n15__robocasa365_ckpt120000		0	Pick the bread from the counter and place it in the cabinet.	robocasa_panda_omron/PickPlaceCounterToCabinet_PandaOmron_Env	100317	1300000	0	1			5		1	all_token_full	groot_n15_dit_block_residual_full_tokens_denoise	["layer","denoise_step","model_token","feature_dim"]	[7,4,49,1536]	[0,2,4,8,10,12,15]	n15_grid_v1	grid_coord	meta	meta_json	b8054b5e7258/worker1/PPCC/bread/s4/n0/base
b8054b5e7258	worker1	PPCC/bread	4	1	base	activation	f9bf02f8eb21d223	f9bf02f8eb21d2239411c5abe01588b1e1a1d80f49f114692b2642710c822685	lerobot_groot_n15	n15	lerobot_groot_n15__robocasa365_ckpt120000		0	Pick the bread from the counter and place it in the cabinet.	robocasa_panda_omron/PickPlaceCounterToCabinet_PandaOmron_Env	100317	1300001	0	1			5		1	all_token_full	groot_n15_dit_block_residual_full_tokens_denoise	["layer","denoise_step","model_token","feature_dim"]	[7,4,49,1536]	[0,2,4,8,10,12,15]	n15_grid_v1	grid_coord	meta	meta_json	b8054b5e7258/worker1/PPCC/bread/s4/n1/base
b8054b5e7258	worker1	PPCC/bread	4	2	base	activation	a90a44d6b22da7e3	a90a44d6b22da7e37d168fbc98b6af519b43aa9d08a3da704015749b2bdf1f6e	lerobot_groot_n15	n15	lerobot_groot_n15__robocasa365_ckpt120000		0	Pick the bread from the counter and place it in the cabinet.	robocasa_panda_omron/PickPlaceCounterToCabinet_PandaOmron_Env	100317	1300002	0	1			5		1	all_token_full	groot_n15_dit_block_residual_full_tokens_denoise	["layer","denoise_step","model_token","feature_dim"]	[7,4,49,1536]	[0,2,4,8,10,12,15]	n15_grid_v1	grid_coord	meta	meta_json	b8054b5e7258/worker1/PPCC/bread/s4/n2/base
b8054b5e7258	worker1	PPCC/bread	4	3	base	activation	ebc00b86d48c8e3e	ebc00b86d48c8e3e74e191e8b5f7f732cf490a923824e40b8e40799d2ec8ef8c	lerobot_groot_n15	n15	lerobot_groot_n15__robocasa365_ckpt120000		0	Pick the bread from the counter and place it in the cabinet.	robocasa_panda_omron/PickPlaceCounterToCabinet_PandaOmron_Env	100317	1300003	0	1			5		1	all_token_full	groot_n15_dit_block_residual_full_tokens_denoise	["layer","denoise_step","model_token","feature_dim"]	[7,4,49,1536]	[0,2,4,8,10,12,15]	n15_grid_v1	grid_coord	meta	meta_json	b8054b5e7258/worker1/PPCC/bread/s4/n3/base
b8054b5e7258	worker1	PPCC/bread	4	4	base	activation	12991371ad405c41	12991371ad405c415e77ad0b0736b60dc93715c1ba44f22a49faace41426908f	lerobot_groot_n15	n15	lerobot_groot_n15__robocasa365_ckpt120000		0	Pick the bread from the counter and place it in the cabinet.	robocasa_panda_omron/PickPlaceCounterToCabinet_PandaOmron_Env	100317	1300004	0	1			5		1	all_token_full	groot_n15_dit_block_residual_full_tokens_denoise	["layer","denoise_step","model_token","feature_dim"]	[7,4,49,1536]	[0,2,4,8,10,12,15]	n15_grid_v1	grid_coord	meta	meta_json	b8054b5e7258/worker1/PPCC/bread/s4/n4/base
b8054b5e7258	worker1	PPCC/bread	4	5	base	activation	1cd562d13b9719d7	1cd562d13b9719d79e4f04ddc2c8792adff3885ac23c490accf864581c827f64	lerobot_groot_n15	n15	lerobot_groot_n15__robocasa365_ckpt120000		0	Pick the bread from the counter and place it in the cabinet.	robocasa_panda_omron/PickPlaceCounterToCabinet_PandaOmron_Env	100317	1300005	0	1			5		1	all_token_full	groot_n15_dit_block_residual_full_tokens_denoise	["layer","denoise_step","model_token","feature_dim"]	[7,4,49,1536]	[0,2,4,8,10,12,15]	n15_grid_v1	grid_coord	meta	meta_json	b8054b5e7258/worker1/PPCC/bread/s4/n5/base
b8054b5e7258	worker1	PPCC/bread	4	6	base	activation	6eb6661f86f42664	6eb6661f86f42664bb56c588e635c2fe4ee909952ba529cd7b74d0baeff2cfea	lerobot_groot_n15	n15	lerobot_groot_n15__robocasa365_ckpt120000		0	Pick the bread from the counter and place it in the cabinet.	robocasa_panda_omron/PickPlaceCounterToCabinet_PandaOmron_Env	100317	1300006	0	1			5		1	all_token_full	groot_n15_dit_block_residual_full_tokens_denoise	["layer","denoise_step","model_token","feature_dim"]	[7,4,49,1536]	[0,2,4,8,10,12,15]	n15_grid_v1	grid_coord	meta	meta_json	b8054b5e7258/worker1/PPCC/bread/s4/n6/base
b8054b5e7258	worker1	PPCC/bread	4	7	base	activation	51bda5cac86cb6fb	51bda5cac86cb6fbeaca91674db90a09a3f7710b72e0f71e92cd0ffc21aac50f	lerobot_groot_n15	n15	lerobot_groot_n15__robocasa365_ckpt120000		0	Pick the bread from the counter and place it in the cabinet.	robocasa_panda_omron/PickPlaceCounterToCabinet_PandaOmron_Env	100317	1300007	0	1			5		1	all_token_full	groot_n15_dit_block_residual_full_tokens_denoise	["layer","denoise_step","model_token","feature_dim"]	[7,4,49,1536]	[0,2,4,8,10,12,15]	n15_grid_v1	grid_coord	meta	meta_json	b8054b5e7258/worker1/PPCC/bread/s4/n7/base
b8054b5e7258	worker1	PPCC/bread	4	8	base	activation	898f41ac72d8ab08	898f41ac72d8ab08bdee78b629a38886e0e888b07ba1db4b76a379441e7aa652	lerobot_groot_n15	n15	lerobot_groot_n15__robocasa365_ckpt120000		0	Pick the bread from the counter and place it in the cabinet.	robocasa_panda_omron/PickPlaceCounterToCabinet_PandaOmron_Env	100317	1300008	0	1			5		1	all_token_full	groot_n15_dit_block_residual_full_tokens_denoise	["layer","denoise_step","model_token","feature_dim"]	[7,4,49,1536]	[0,2,4,8,10,12,15]	n15_grid_v1	grid_coord	meta	meta_json	b8054b5e7258/worker1/PPCC/bread/s4/n8/base
b8054b5e7258	worker1	PPCC/bread	4	9	base	activation	d5173ac5351f3dfe	d5173ac5351f3dfe14785d9339e6ee46c69380adbccf4c00714cdeacff17e5ea	lerobot_groot_n15	n15	lerobot_groot_n15__robocasa365_ckpt120000		0	Pick the bread from the counter and place it in the cabinet.	robocasa_panda_omron/PickPlaceCounterToCabinet_PandaOmron_Env	100317	1300009	0	1			5		1	all_token_full	groot_n15_dit_block_residual_full_tokens_denoise	["layer","denoise_step","model_token","feature_dim"]	[7,4,49,1536]	[0,2,4,8,10,12,15]	n15_grid_v1	grid_coord	meta	meta_json	b8054b5e7258/worker1/PPCC/bread/s4/n9/base
b8054b5e7258	worker1	PPCC/bread	5	0	base	activation	8a15620469e5355c	8a15620469e5355c37d9dd59b9bf890c6093a7b51f8cb7c5340fb4dd23199e2d	lerobot_groot_n15	n15	lerobot_groot_n15__robocasa365_ckpt120000		0	Pick the bread from the counter and place it in the cabinet.	robocasa_panda_omron/PickPlaceCounterToCabinet_PandaOmron_Env	100435	1300000	0	1			5		1	all_token_full	groot_n15_dit_block_residual_full_tokens_denoise	["layer","denoise_step","model_token","feature_dim"]	[7,4,49,1536]	[0,2,4,8,10,12,15]	n15_grid_v1	grid_coord	meta	meta_json	b8054b5e7258/worker1/PPCC/bread/s5/n0/base
b8054b5e7258	worker1	PPCC/bread	5	1	base	activation	c971ccd9de849688	c971ccd9de8496884acdf14d6e991c402dd885ba4b782af7dfc49cf90c2351ec	lerobot_groot_n15	n15	lerobot_groot_n15__robocasa365_ckpt120000		0	Pick the bread from the counter and place it in the cabinet.	robocasa_panda_omron/PickPlaceCounterToCabinet_PandaOmron_Env	100435	1300001	0	1			5		1	all_token_full	groot_n15_dit_block_residual_full_tokens_denoise	["layer","denoise_step","model_token","feature_dim"]	[7,4,49,1536]	[0,2,4,8,10,12,15]	n15_grid_v1	grid_coord	meta	meta_json	b8054b5e7258/worker1/PPCC/bread/s5/n1/base
b8054b5e7258	worker1	PPCC/bread	5	2	base	activation	45d9d7fdd3e34e5c	45d9d7fdd3e34e5c53c21887da958971fce086e6dd0e0f8b5d291801fa63f63d	lerobot_groot_n15	n15	lerobot_groot_n15__robocasa365_ckpt120000		0	Pick the bread from the counter and place it in the cabinet.	robocasa_panda_omron/PickPlaceCounterToCabinet_PandaOmron_Env	100435	1300002	0	1			5		1	all_token_full	groot_n15_dit_block_residual_full_tokens_denoise	["layer","denoise_step","model_token","feature_dim"]	[7,4,49,1536]	[0,2,4,8,10,12,15]	n15_grid_v1	grid_coord	meta	meta_json	b8054b5e7258/worker1/PPCC/bread/s5/n2/base
b8054b5e7258	worker1	PPCC/bread	5	3	base	activation	e0edc081d50c801e	e0edc081d50c801eae9f0157c1ad583d6736f1ad0ac22071f0ce7c08feb4b918	lerobot_groot_n15	n15	lerobot_groot_n15__robocasa365_ckpt120000		0	Pick the bread from the counter and place it in the cabinet.	robocasa_panda_omron/PickPlaceCounterToCabinet_PandaOmron_Env	100435	1300003	0	0			5		1	all_token_full	groot_n15_dit_block_residual_full_tokens_denoise	["layer","denoise_step","model_token","feature_dim"]	[7,4,49,1536]	[0,2,4,8,10,12,15]	n15_grid_v1	grid_coord	meta	meta_json	b8054b5e7258/worker1/PPCC/bread/s5/n3/base
b8054b5e7258	worker1	PPCC/bread	5	4	base	activation	e4290467d29f294f	e4290467d29f294fe7b12c85297caa01c983d4fe59f315150af4f768cc3bd4dd	lerobot_groot_n15	n15	lerobot_groot_n15__robocasa365_ckpt120000		0	Pick the bread from the counter and place it in the cabinet.	robocasa_panda_omron/PickPlaceCounterToCabinet_PandaOmron_Env	100435	1300004	0	0			5		1	all_token_full	groot_n15_dit_block_residual_full_tokens_denoise	["layer","denoise_step","model_token","feature_dim"]	[7,4,49,1536]	[0,2,4,8,10,12,15]	n15_grid_v1	grid_coord	meta	meta_json	b8054b5e7258/worker1/PPCC/bread/s5/n4/base
b8054b5e7258	worker1	PPCC/bread	5	5	base	activation	538e52a13c62ffad	538e52a13c62ffad9194188bafead838c1589b6f42bf833e9d2e8ddcf7ac55cb	lerobot_groot_n15	n15	lerobot_groot_n15__robocasa365_ckpt120000		0	Pick the bread from the counter and place it in the cabinet.	robocasa_panda_omron/PickPlaceCounterToCabinet_PandaOmron_Env	100435	1300005	0	0			5		1	all_token_full	groot_n15_dit_block_residual_full_tokens_denoise	["layer","denoise_step","model_token","feature_dim"]	[7,4,49,1536]	[0,2,4,8,10,12,15]	n15_grid_v1	grid_coord	meta	meta_json	b8054b5e7258/worker1/PPCC/bread/s5/n5/base
b8054b5e7258	worker1	PPCC/bread	5	6	base	activation	bfeb45bf75ea208d	bfeb45bf75ea208dbf7c98713224f840b57a0ec1afb26c792860bc4e6d3ff1a8	lerobot_groot_n15	n15	lerobot_groot_n15__robocasa365_ckpt120000		0	Pick the bread from the counter and place it in the cabinet.	robocasa_panda_omron/PickPlaceCounterToCabinet_PandaOmron_Env	100435	1300006	0	1			5		1	all_token_full	groot_n15_dit_block_residual_full_tokens_denoise	["layer","denoise_step","model_token","feature_dim"]	[7,4,49,1536]	[0,2,4,8,10,12,15]	n15_grid_v1	grid_coord	meta	meta_json	b8054b5e7258/worker1/PPCC/bread/s5/n6/base
b8054b5e7258	worker1	PPCC/bread	5	7	base	activation	f4b31abcfa08fe09	f4b31abcfa08fe0943599e9a795730edefc2fc0fec1b74a2ce1d3d1e9a7326bc	lerobot_groot_n15	n15	lerobot_groot_n15__robocasa365_ckpt120000		0	Pick the bread from the counter and place it in the cabinet.	robocasa_panda_omron/PickPlaceCounterToCabinet_PandaOmron_Env	100435	1300007	0	0			5		1	all_token_full	groot_n15_dit_block_residual_full_tokens_denoise	["layer","denoise_step","model_token","feature_dim"]	[7,4,49,1536]	[0,2,4,8,10,12,15]	n15_grid_v1	grid_coord	meta	meta_json	b8054b5e7258/worker1/PPCC/bread/s5/n7/base
b8054b5e7258	worker1	PPCC/bread	5	8	base	activation	63bdb3ae53a08e01	63bdb3ae53a08e01ca9592c59ecea6348490bbc73cd3c6d3b09c92d0f1beba2f	lerobot_groot_n15	n15	lerobot_groot_n15__robocasa365_ckpt120000		0	Pick the bread from the counter and place it in the cabinet.	robocasa_panda_omron/PickPlaceCounterToCabinet_PandaOmron_Env	100435	1300008	0	1			5		1	all_token_full	groot_n15_dit_block_residual_full_tokens_denoise	["layer","denoise_step","model_token","feature_dim"]	[7,4,49,1536]	[0,2,4,8,10,12,15]	n15_grid_v1	grid_coord	meta	meta_json	b8054b5e7258/worker1/PPCC/bread/s5/n8/base
b8054b5e7258	worker1	PPCC/bread	5	9	base	activation	af9b1eca185677a7	af9b1eca185677a7c6fd3322adf3a0c8d9dbd2c1539e61bff8cfab15a2ccd2c0	lerobot_groot_n15	n15	lerobot_groot_n15__robocasa365_ckpt120000		0	Pick the bread from the counter and place it in the cabinet.	robocasa_panda_omron/PickPlaceCounterToCabinet_PandaOmron_Env	100435	1300009	0	1			5		1	all_token_full	groot_n15_dit_block_residual_full_tokens_denoise	["layer","denoise_step","model_token","feature_dim"]	[7,4,49,1536]	[0,2,4,8,10,12,15]	n15_grid_v1	grid_coord	meta	meta_json	b8054b5e7258/worker1/PPCC/bread/s5/n9/base
b8054b5e7258	worker1	PPCC/bread	6	0	base	activation	deb29e822b19896b	deb29e822b19896ba0e5b45b8e99ef63a1a22732338922f5e4156e99835c6947	lerobot_groot_n15	n15	lerobot_groot_n15__robocasa365_ckpt120000		0	Pick the bread from the counter and place it in the cabinet.	robocasa_panda_omron/PickPlaceCounterToCabinet_PandaOmron_Env	100441	1300000	0	1			5		1	all_token_full	groot_n15_dit_block_residual_full_tokens_denoise	["layer","denoise_step","model_token","feature_dim"]	[7,4,49,1536]	[0,2,4,8,10,12,15]	n15_grid_v1	grid_coord	meta	meta_json	b8054b5e7258/worker1/PPCC/bread/s6/n0/base
b8054b5e7258	worker1	PPCC/bread	6	1	base	activation	77c45b7ccb6b64b7	77c45b7ccb6b64b7383478dc2b462d947c5e2cc028acb3dc793c5a5a95a49a35	lerobot_groot_n15	n15	lerobot_groot_n15__robocasa365_ckpt120000		0	Pick the bread from the counter and place it in the cabinet.	robocasa_panda_omron/PickPlaceCounterToCabinet_PandaOmron_Env	100441	1300001	0	1			5		1	all_token_full	groot_n15_dit_block_residual_full_tokens_denoise	["layer","denoise_step","model_token","feature_dim"]	[7,4,49,1536]	[0,2,4,8,10,12,15]	n15_grid_v1	grid_coord	meta	meta_json	b8054b5e7258/worker1/PPCC/bread/s6/n1/base
b8054b5e7258	worker1	PPCC/bread	6	2	base	activation	b8d13dced39ef1fd	b8d13dced39ef1fd945b471432892313488f7382a3be315cc1dc776b0f786ecd	lerobot_groot_n15	n15	lerobot_groot_n15__robocasa365_ckpt120000		0	Pick the bread from the counter and place it in the cabinet.	robocasa_panda_omron/PickPlaceCounterToCabinet_PandaOmron_Env	100441	1300002	0	1			5		1	all_token_full	groot_n15_dit_block_residual_full_tokens_denoise	["layer","denoise_step","model_token","feature_dim"]	[7,4,49,1536]	[0,2,4,8,10,12,15]	n15_grid_v1	grid_coord	meta	meta_json	b8054b5e7258/worker1/PPCC/bread/s6/n2/base
b8054b5e7258	worker1	PPCC/bread	6	3	base	activation	a4ce933e3740112c	a4ce933e3740112c3673577e60157de1b836878be5542b879b68a69379058d19	lerobot_groot_n15	n15	lerobot_groot_n15__robocasa365_ckpt120000		0	Pick the bread from the counter and place it in the cabinet.	robocasa_panda_omron/PickPlaceCounterToCabinet_PandaOmron_Env	100441	1300003	0	1			5		1	all_token_full	groot_n15_dit_block_residual_full_tokens_denoise	["layer","denoise_step","model_token","feature_dim"]	[7,4,49,1536]	[0,2,4,8,10,12,15]	n15_grid_v1	grid_coord	meta	meta_json	b8054b5e7258/worker1/PPCC/bread/s6/n3/base
b8054b5e7258	worker1	PPCC/bread	6	4	base	activation	827f8e128efff152	827f8e128efff152d9893f7a7039f3eb6340a8326a844fe5f937a8443699e261	lerobot_groot_n15	n15	lerobot_groot_n15__robocasa365_ckpt120000		0	Pick the bread from the counter and place it in the cabinet.	robocasa_panda_omron/PickPlaceCounterToCabinet_PandaOmron_Env	100441	1300004	0	1			5		1	all_token_full	groot_n15_dit_block_residual_full_tokens_denoise	["layer","denoise_step","model_token","feature_dim"]	[7,4,49,1536]	[0,2,4,8,10,12,15]	n15_grid_v1	grid_coord	meta	meta_json	b8054b5e7258/worker1/PPCC/bread/s6/n4/base
b8054b5e7258	worker1	PPCC/bread	6	5	base	activation	1cc00bdbae28da20	1cc00bdbae28da2018b05921e623e32ec54c7133899c53bde5a74bcb817a7724	lerobot_groot_n15	n15	lerobot_groot_n15__robocasa365_ckpt120000		0	Pick the bread from the counter and place it in the cabinet.	robocasa_panda_omron/PickPlaceCounterToCabinet_PandaOmron_Env	100441	1300005	0	0			5		1	all_token_full	groot_n15_dit_block_residual_full_tokens_denoise	["layer","denoise_step","model_token","feature_dim"]	[7,4,49,1536]	[0,2,4,8,10,12,15]	n15_grid_v1	grid_coord	meta	meta_json	b8054b5e7258/worker1/PPCC/bread/s6/n5/base
b8054b5e7258	worker1	PPCC/bread	6	6	base	activation	7cadaaa8c9ca4c32	7cadaaa8c9ca4c32981755cd6eea9ccfc620dbd00a8764b494ccde918804e0df	lerobot_groot_n15	n15	lerobot_groot_n15__robocasa365_ckpt120000		0	Pick the bread from the counter and place it in the cabinet.	robocasa_panda_omron/PickPlaceCounterToCabinet_PandaOmron_Env	100441	1300006	0	0			5		1	all_token_full	groot_n15_dit_block_residual_full_tokens_denoise	["layer","denoise_step","model_token","feature_dim"]	[7,4,49,1536]	[0,2,4,8,10,12,15]	n15_grid_v1	grid_coord	meta	meta_json	b8054b5e7258/worker1/PPCC/bread/s6/n6/base
b8054b5e7258	worker1	PPCC/bread	6	7	base	activation	2311da97b7d1807b	2311da97b7d1807b0feaa98bf04e9fbe44b42c89d3967369c182843ac5fb570c	lerobot_groot_n15	n15	lerobot_groot_n15__robocasa365_ckpt120000		0	Pick the bread from the counter and place it in the cabinet.	robocasa_panda_omron/PickPlaceCounterToCabinet_PandaOmron_Env	100441	1300007	0	0			5		1	all_token_full	groot_n15_dit_block_residual_full_tokens_denoise	["layer","denoise_step","model_token","feature_dim"]	[7,4,49,1536]	[0,2,4,8,10,12,15]	n15_grid_v1	grid_coord	meta	meta_json	b8054b5e7258/worker1/PPCC/bread/s6/n7/base
b8054b5e7258	worker1	PPCC/bread	6	8	base	activation	fac6300624c632a3	fac6300624c632a35307575b74471933f6b41ff3b2699a2ccbc5d60bd025f573	lerobot_groot_n15	n15	lerobot_groot_n15__robocasa365_ckpt120000		0	Pick the bread from the counter and place it in the cabinet.	robocasa_panda_omron/PickPlaceCounterToCabinet_PandaOmron_Env	100441	1300008	0	0			5		1	all_token_full	groot_n15_dit_block_residual_full_tokens_denoise	["layer","denoise_step","model_token","feature_dim"]	[7,4,49,1536]	[0,2,4,8,10,12,15]	n15_grid_v1	grid_coord	meta	meta_json	b8054b5e7258/worker1/PPCC/bread/s6/n8/base
b8054b5e7258	worker1	PPCC/bread	6	9	base	activation	a0abafc246678b93	a0abafc246678b932041118052b1b4f3ce39e8306384662c1ec884cb357ed564	lerobot_groot_n15	n15	lerobot_groot_n15__robocasa365_ckpt120000		0	Pick the bread from the counter and place it in the cabinet.	robocasa_panda_omron/PickPlaceCounterToCabinet_PandaOmron_Env	100441	1300009	0	0			5		1	all_token_full	groot_n15_dit_block_residual_full_tokens_denoise	["layer","denoise_step","model_token","feature_dim"]	[7,4,49,1536]	[0,2,4,8,10,12,15]	n15_grid_v1	grid_coord	meta	meta_json	b8054b5e7258/worker1/PPCC/bread/s6/n9/base
b8054b5e7258	worker1	PPCC/bread	7	0	base	activation	5b46dc268e84fe3d	5b46dc268e84fe3d2476f6922ca76f1c4476a518a44fa4f04b8b67f3ae930cf6	lerobot_groot_n15	n15	lerobot_groot_n15__robocasa365_ckpt120000		0	Pick the bread from the counter and place it in the cabinet.	robocasa_panda_omron/PickPlaceCounterToCabinet_PandaOmron_Env	100459	1300000	0	0			5		1	all_token_full	groot_n15_dit_block_residual_full_tokens_denoise	["layer","denoise_step","model_token","feature_dim"]	[7,4,49,1536]	[0,2,4,8,10,12,15]	n15_grid_v1	grid_coord	meta	meta_json	b8054b5e7258/worker1/PPCC/bread/s7/n0/base
b8054b5e7258	worker1	PPCC/bread	7	1	base	activation	51766b640f3e95ce	51766b640f3e95cecf5e0470f89581d2ebab7ab00d70159b7222ea2c3fd9e2a2	lerobot_groot_n15	n15	lerobot_groot_n15__robocasa365_ckpt120000		0	Pick the bread from the counter and place it in the cabinet.	robocasa_panda_omron/PickPlaceCounterToCabinet_PandaOmron_Env	100459	1300001	0	1			5		1	all_token_full	groot_n15_dit_block_residual_full_tokens_denoise	["layer","denoise_step","model_token","feature_dim"]	[7,4,49,1536]	[0,2,4,8,10,12,15]	n15_grid_v1	grid_coord	meta	meta_json	b8054b5e7258/worker1/PPCC/bread/s7/n1/base
b8054b5e7258	worker1	PPCC/bread	7	2	base	activation	ab25099b9fe7ba5f	ab25099b9fe7ba5f85c945a36e2d2f6dde66754f2555874c3c3be158719e21b9	lerobot_groot_n15	n15	lerobot_groot_n15__robocasa365_ckpt120000		0	Pick the bread from the counter and place it in the cabinet.	robocasa_panda_omron/PickPlaceCounterToCabinet_PandaOmron_Env	100459	1300002	0	1			5		1	all_token_full	groot_n15_dit_block_residual_full_tokens_denoise	["layer","denoise_step","model_token","feature_dim"]	[7,4,49,1536]	[0,2,4,8,10,12,15]	n15_grid_v1	grid_coord	meta	meta_json	b8054b5e7258/worker1/PPCC/bread/s7/n2/base
b8054b5e7258	worker1	PPCC/bread	7	3	base	activation	f6c22dd9fdf557ea	f6c22dd9fdf557ea9e7ead9088af3b5c224694ec7e4cfd4cfd62187591d64c4f	lerobot_groot_n15	n15	lerobot_groot_n15__robocasa365_ckpt120000		0	Pick the bread from the counter and place it in the cabinet.	robocasa_panda_omron/PickPlaceCounterToCabinet_PandaOmron_Env	100459	1300003	0	1			5		1	all_token_full	groot_n15_dit_block_residual_full_tokens_denoise	["layer","denoise_step","model_token","feature_dim"]	[7,4,49,1536]	[0,2,4,8,10,12,15]	n15_grid_v1	grid_coord	meta	meta_json	b8054b5e7258/worker1/PPCC/bread/s7/n3/base
b8054b5e7258	worker1	PPCC/bread	7	4	base	activation	2dde1f8c7bf5d88e	2dde1f8c7bf5d88e70b6733357897d0ad577ef50f355b031ec03844122c9bb84	lerobot_groot_n15	n15	lerobot_groot_n15__robocasa365_ckpt120000		0	Pick the bread from the counter and place it in the cabinet.	robocasa_panda_omron/PickPlaceCounterToCabinet_PandaOmron_Env	100459	1300004	0	1			5		1	all_token_full	groot_n15_dit_block_residual_full_tokens_denoise	["layer","denoise_step","model_token","feature_dim"]	[7,4,49,1536]	[0,2,4,8,10,12,15]	n15_grid_v1	grid_coord	meta	meta_json	b8054b5e7258/worker1/PPCC/bread/s7/n4/base
b8054b5e7258	worker1	PPCC/bread	7	5	base	activation	7f52feb7d1a848fb	7f52feb7d1a848fb2db9214fc4e96a263289deb7b0e4f86c2950a008db110221	lerobot_groot_n15	n15	lerobot_groot_n15__robocasa365_ckpt120000		0	Pick the bread from the counter and place it in the cabinet.	robocasa_panda_omron/PickPlaceCounterToCabinet_PandaOmron_Env	100459	1300005	0	1			5		1	all_token_full	groot_n15_dit_block_residual_full_tokens_denoise	["layer","denoise_step","model_token","feature_dim"]	[7,4,49,1536]	[0,2,4,8,10,12,15]	n15_grid_v1	grid_coord	meta	meta_json	b8054b5e7258/worker1/PPCC/bread/s7/n5/base
b8054b5e7258	worker1	PPCC/bread	7	6	base	activation	ae62fe256e333bb1	ae62fe256e333bb112191b2b200dea39a74c12bc5a30bf985e6810a85a0e893e	lerobot_groot_n15	n15	lerobot_groot_n15__robocasa365_ckpt120000		0	Pick the bread from the counter and place it in the cabinet.	robocasa_panda_omron/PickPlaceCounterToCabinet_PandaOmron_Env	100459	1300006	0	1			5		1	all_token_full	groot_n15_dit_block_residual_full_tokens_denoise	["layer","denoise_step","model_token","feature_dim"]	[7,4,49,1536]	[0,2,4,8,10,12,15]	n15_grid_v1	grid_coord	meta	meta_json	b8054b5e7258/worker1/PPCC/bread/s7/n6/base
b8054b5e7258	worker1	PPCC/bread	7	7	base	activation	2edcad21fdd96e67	2edcad21fdd96e673d6a6705b54bea017b3b6cf937a36881954d0218b32f295e	lerobot_groot_n15	n15	lerobot_groot_n15__robocasa365_ckpt120000		0	Pick the bread from the counter and place it in the cabinet.	robocasa_panda_omron/PickPlaceCounterToCabinet_PandaOmron_Env	100459	1300007	0	1			5		1	all_token_full	groot_n15_dit_block_residual_full_tokens_denoise	["layer","denoise_step","model_token","feature_dim"]	[7,4,49,1536]	[0,2,4,8,10,12,15]	n15_grid_v1	grid_coord	meta	meta_json	b8054b5e7258/worker1/PPCC/bread/s7/n7/base
b8054b5e7258	worker1	PPCC/bread	7	8	base	activation	4b7a5eb947b0e127	4b7a5eb947b0e127d49519d871eb31de2e995c099e647894e2945b50b666bf95	lerobot_groot_n15	n15	lerobot_groot_n15__robocasa365_ckpt120000		0	Pick the bread from the counter and place it in the cabinet.	robocasa_panda_omron/PickPlaceCounterToCabinet_PandaOmron_Env	100459	1300008	0	0			5		1	all_token_full	groot_n15_dit_block_residual_full_tokens_denoise	["layer","denoise_step","model_token","feature_dim"]	[7,4,49,1536]	[0,2,4,8,10,12,15]	n15_grid_v1	grid_coord	meta	meta_json	b8054b5e7258/worker1/PPCC/bread/s7/n8/base
b8054b5e7258	worker1	PPCC/bread	7	9	base	activation	0a4b6dd4ffe9eded	0a4b6dd4ffe9eded40dcb23baa04a0e3b73b35194eca3a832abc3eef22ba46e7	lerobot_groot_n15	n15	lerobot_groot_n15__robocasa365_ckpt120000		0	Pick the bread from the counter and place it in the cabinet.	robocasa_panda_omron/PickPlaceCounterToCabinet_PandaOmron_Env	100459	1300009	0	1			5		1	all_token_full	groot_n15_dit_block_residual_full_tokens_denoise	["layer","denoise_step","model_token","feature_dim"]	[7,4,49,1536]	[0,2,4,8,10,12,15]	n15_grid_v1	grid_coord	meta	meta_json	b8054b5e7258/worker1/PPCC/bread/s7/n9/base
b8054b5e7258	worker1	PPCC/bread	8	0	base	activation	c2df9b3e8139608f	c2df9b3e8139608f11d555d9c6b48a821bf828c8d6ab6a36b3133603e1bf15b5	lerobot_groot_n15	n15	lerobot_groot_n15__robocasa365_ckpt120000		0	Pick the bread from the counter and place it in the cabinet.	robocasa_panda_omron/PickPlaceCounterToCabinet_PandaOmron_Env	100471	1300000	0	1			5		1	all_token_full	groot_n15_dit_block_residual_full_tokens_denoise	["layer","denoise_step","model_token","feature_dim"]	[7,4,49,1536]	[0,2,4,8,10,12,15]	n15_grid_v1	grid_coord	meta	meta_json	b8054b5e7258/worker1/PPCC/bread/s8/n0/base
b8054b5e7258	worker1	PPCC/bread	8	1	base	activation	8f33e5ff9e3f1347	8f33e5ff9e3f134725f80658588add4363cf092ff3f5e80cfac0ab04824d1c47	lerobot_groot_n15	n15	lerobot_groot_n15__robocasa365_ckpt120000		0	Pick the bread from the counter and place it in the cabinet.	robocasa_panda_omron/PickPlaceCounterToCabinet_PandaOmron_Env	100471	1300001	0	1			5		1	all_token_full	groot_n15_dit_block_residual_full_tokens_denoise	["layer","denoise_step","model_token","feature_dim"]	[7,4,49,1536]	[0,2,4,8,10,12,15]	n15_grid_v1	grid_coord	meta	meta_json	b8054b5e7258/worker1/PPCC/bread/s8/n1/base
b8054b5e7258	worker1	PPCC/bread	8	2	base	activation	822548e7ac184428	822548e7ac184428aa4189ae90962418e9872377e29ccd8da6104ec37066be74	lerobot_groot_n15	n15	lerobot_groot_n15__robocasa365_ckpt120000		0	Pick the bread from the counter and place it in the cabinet.	robocasa_panda_omron/PickPlaceCounterToCabinet_PandaOmron_Env	100471	1300002	0	1			5		1	all_token_full	groot_n15_dit_block_residual_full_tokens_denoise	["layer","denoise_step","model_token","feature_dim"]	[7,4,49,1536]	[0,2,4,8,10,12,15]	n15_grid_v1	grid_coord	meta	meta_json	b8054b5e7258/worker1/PPCC/bread/s8/n2/base
b8054b5e7258	worker1	PPCC/bread	8	3	base	activation	1f23d85e85a94e58	1f23d85e85a94e5812aef87e30b4c70cfd8714f4a01d7141e3d54289874f05b6	lerobot_groot_n15	n15	lerobot_groot_n15__robocasa365_ckpt120000		0	Pick the bread from the counter and place it in the cabinet.	robocasa_panda_omron/PickPlaceCounterToCabinet_PandaOmron_Env	100471	1300003	0	0			5		1	all_token_full	groot_n15_dit_block_residual_full_tokens_denoise	["layer","denoise_step","model_token","feature_dim"]	[7,4,49,1536]	[0,2,4,8,10,12,15]	n15_grid_v1	grid_coord	meta	meta_json	b8054b5e7258/worker1/PPCC/bread/s8/n3/base
b8054b5e7258	worker1	PPCC/bread	8	4	base	activation	4b5ceb05d8e46615	4b5ceb05d8e466158b13dbc891f2743b0ae96dfb5e5cad4ad6a3464acca9aadb	lerobot_groot_n15	n15	lerobot_groot_n15__robocasa365_ckpt120000		0	Pick the bread from the counter and place it in the cabinet.	robocasa_panda_omron/PickPlaceCounterToCabinet_PandaOmron_Env	100471	1300004	0	1			5		1	all_token_full	groot_n15_dit_block_residual_full_tokens_denoise	["layer","denoise_step","model_token","feature_dim"]	[7,4,49,1536]	[0,2,4,8,10,12,15]	n15_grid_v1	grid_coord	meta	meta_json	b8054b5e7258/worker1/PPCC/bread/s8/n4/base
b8054b5e7258	worker1	PPCC/bread	8	5	base	activation	f3dfaa27f7e4d6fd	f3dfaa27f7e4d6fdf6276c7ec1da784f38e88635f140e9665e4f894cc6bb783d	lerobot_groot_n15	n15	lerobot_groot_n15__robocasa365_ckpt120000		0	Pick the bread from the counter and place it in the cabinet.	robocasa_panda_omron/PickPlaceCounterToCabinet_PandaOmron_Env	100471	1300005	0	1			5		1	all_token_full	groot_n15_dit_block_residual_full_tokens_denoise	["layer","denoise_step","model_token","feature_dim"]	[7,4,49,1536]	[0,2,4,8,10,12,15]	n15_grid_v1	grid_coord	meta	meta_json	b8054b5e7258/worker1/PPCC/bread/s8/n5/base
b8054b5e7258	worker1	PPCC/bread	8	6	base	activation	2dc27fd3df41e537	2dc27fd3df41e5376b53606b2f0dd5768e2e7ddf530b52931f16f03a7a65bfc7	lerobot_groot_n15	n15	lerobot_groot_n15__robocasa365_ckpt120000		0	Pick the bread from the counter and place it in the cabinet.	robocasa_panda_omron/PickPlaceCounterToCabinet_PandaOmron_Env	100471	1300006	0	0			5		1	all_token_full	groot_n15_dit_block_residual_full_tokens_denoise	["layer","denoise_step","model_token","feature_dim"]	[7,4,49,1536]	[0,2,4,8,10,12,15]	n15_grid_v1	grid_coord	meta	meta_json	b8054b5e7258/worker1/PPCC/bread/s8/n6/base
b8054b5e7258	worker1	PPCC/bread	8	7	base	activation	ae19d460c32d8dd5	ae19d460c32d8dd5847ef5346d76d8106d2e9ae0a43ead908079969df238d6e4	lerobot_groot_n15	n15	lerobot_groot_n15__robocasa365_ckpt120000		0	Pick the bread from the counter and place it in the cabinet.	robocasa_panda_omron/PickPlaceCounterToCabinet_PandaOmron_Env	100471	1300007	0	0			5		1	all_token_full	groot_n15_dit_block_residual_full_tokens_denoise	["layer","denoise_step","model_token","feature_dim"]	[7,4,49,1536]	[0,2,4,8,10,12,15]	n15_grid_v1	grid_coord	meta	meta_json	b8054b5e7258/worker1/PPCC/bread/s8/n7/base
b8054b5e7258	worker1	PPCC/bread	8	8	base	activation	791c831361570da5	791c831361570da5ce0aa3704d3ebd3de786a70a235d4c5728c19259dae3e9fd	lerobot_groot_n15	n15	lerobot_groot_n15__robocasa365_ckpt120000		0	Pick the bread from the counter and place it in the cabinet.	robocasa_panda_omron/PickPlaceCounterToCabinet_PandaOmron_Env	100471	1300008	0	1			5		1	all_token_full	groot_n15_dit_block_residual_full_tokens_denoise	["layer","denoise_step","model_token","feature_dim"]	[7,4,49,1536]	[0,2,4,8,10,12,15]	n15_grid_v1	grid_coord	meta	meta_json	b8054b5e7258/worker1/PPCC/bread/s8/n8/base
b8054b5e7258	worker1	PPCC/bread	8	9	base	activation	1decf059a50f3a2b	1decf059a50f3a2b0f433587822cac708486ac92b93d513515789dda39b15b30	lerobot_groot_n15	n15	lerobot_groot_n15__robocasa365_ckpt120000		0	Pick the bread from the counter and place it in the cabinet.	robocasa_panda_omron/PickPlaceCounterToCabinet_PandaOmron_Env	100471	1300009	0	0			5		1	all_token_full	groot_n15_dit_block_residual_full_tokens_denoise	["layer","denoise_step","model_token","feature_dim"]	[7,4,49,1536]	[0,2,4,8,10,12,15]	n15_grid_v1	grid_coord	meta	meta_json	b8054b5e7258/worker1/PPCC/bread/s8/n9/base
b8054b5e7258	worker1	PPCC/bread	9	0	base	activation	f73e91026f7ba81d	f73e91026f7ba81db9bd0562edfc49e80c273b34043c85285d26ac518b856c1f	lerobot_groot_n15	n15	lerobot_groot_n15__robocasa365_ckpt120000		0	Pick the bread from the counter and place it in the cabinet.	robocasa_panda_omron/PickPlaceCounterToCabinet_PandaOmron_Env	100485	1300000	0	1			5		1	all_token_full	groot_n15_dit_block_residual_full_tokens_denoise	["layer","denoise_step","model_token","feature_dim"]	[7,4,49,1536]	[0,2,4,8,10,12,15]	n15_grid_v1	grid_coord	meta	meta_json	b8054b5e7258/worker1/PPCC/bread/s9/n0/base
b8054b5e7258	worker1	PPCC/bread	9	1	base	activation	d12e61d1479edfe9	d12e61d1479edfe9b4a22bc33934d72a82dbe85e9ba936d993ee93d5fd731f0f	lerobot_groot_n15	n15	lerobot_groot_n15__robocasa365_ckpt120000		0	Pick the bread from the counter and place it in the cabinet.	robocasa_panda_omron/PickPlaceCounterToCabinet_PandaOmron_Env	100485	1300001	0	1			5		1	all_token_full	groot_n15_dit_block_residual_full_tokens_denoise	["layer","denoise_step","model_token","feature_dim"]	[7,4,49,1536]	[0,2,4,8,10,12,15]	n15_grid_v1	grid_coord	meta	meta_json	b8054b5e7258/worker1/PPCC/bread/s9/n1/base
b8054b5e7258	worker1	PPCC/bread	9	2	base	activation	f25894eaef9212b6	f25894eaef9212b651b468d60ef2528484573ef8a061b5640d05f182df96b861	lerobot_groot_n15	n15	lerobot_groot_n15__robocasa365_ckpt120000		0	Pick the bread from the counter and place it in the cabinet.	robocasa_panda_omron/PickPlaceCounterToCabinet_PandaOmron_Env	100485	1300002	0	1			5		1	all_token_full	groot_n15_dit_block_residual_full_tokens_denoise	["layer","denoise_step","model_token","feature_dim"]	[7,4,49,1536]	[0,2,4,8,10,12,15]	n15_grid_v1	grid_coord	meta	meta_json	b8054b5e7258/worker1/PPCC/bread/s9/n2/base
b8054b5e7258	worker1	PPCC/bread	9	3	base	activation	686e5a3d752dd55b	686e5a3d752dd55bad52157477b854ab183461c5826fff029f2be07c029765cd	lerobot_groot_n15	n15	lerobot_groot_n15__robocasa365_ckpt120000		0	Pick the bread from the counter and place it in the cabinet.	robocasa_panda_omron/PickPlaceCounterToCabinet_PandaOmron_Env	100485	1300003	0	1			5		1	all_token_full	groot_n15_dit_block_residual_full_tokens_denoise	["layer","denoise_step","model_token","feature_dim"]	[7,4,49,1536]	[0,2,4,8,10,12,15]	n15_grid_v1	grid_coord	meta	meta_json	b8054b5e7258/worker1/PPCC/bread/s9/n3/base
b8054b5e7258	worker1	PPCC/bread	9	4	base	activation	2ac44d164a3e14df	2ac44d164a3e14df1d00b279de61ed12bfaacf979c7075e792c2bcfbfa6369fb	lerobot_groot_n15	n15	lerobot_groot_n15__robocasa365_ckpt120000		0	Pick the bread from the counter and place it in the cabinet.	robocasa_panda_omron/PickPlaceCounterToCabinet_PandaOmron_Env	100485	1300004	0	1			5		1	all_token_full	groot_n15_dit_block_residual_full_tokens_denoise	["layer","denoise_step","model_token","feature_dim"]	[7,4,49,1536]	[0,2,4,8,10,12,15]	n15_grid_v1	grid_coord	meta	meta_json	b8054b5e7258/worker1/PPCC/bread/s9/n4/base
b8054b5e7258	worker1	PPCC/bread	9	5	base	activation	360fcb3e4b0dd987	360fcb3e4b0dd987768030a3a2492d7c01a1802de1f2620a7b0748e6a80a7a24	lerobot_groot_n15	n15	lerobot_groot_n15__robocasa365_ckpt120000		0	Pick the bread from the counter and place it in the cabinet.	robocasa_panda_omron/PickPlaceCounterToCabinet_PandaOmron_Env	100485	1300005	0	1			5		1	all_token_full	groot_n15_dit_block_residual_full_tokens_denoise	["layer","denoise_step","model_token","feature_dim"]	[7,4,49,1536]	[0,2,4,8,10,12,15]	n15_grid_v1	grid_coord	meta	meta_json	b8054b5e7258/worker1/PPCC/bread/s9/n5/base
b8054b5e7258	worker1	PPCC/bread	9	6	base	activation	8be9a47d7e447fab	8be9a47d7e447fabcca8926e92c5803f22ad2862b50a4a5f17071df2e8715abd	lerobot_groot_n15	n15	lerobot_groot_n15__robocasa365_ckpt120000		0	Pick the bread from the counter and place it in the cabinet.	robocasa_panda_omron/PickPlaceCounterToCabinet_PandaOmron_Env	100485	1300006	0	1			5		1	all_token_full	groot_n15_dit_block_residual_full_tokens_denoise	["layer","denoise_step","model_token","feature_dim"]	[7,4,49,1536]	[0,2,4,8,10,12,15]	n15_grid_v1	grid_coord	meta	meta_json	b8054b5e7258/worker1/PPCC/bread/s9/n6/base
b8054b5e7258	worker1	PPCC/bread	9	7	base	activation	2e79d0e0b17fee7b	2e79d0e0b17fee7b2e3b7b097267b964cf8b062ff41d7c7665c0855cba862657	lerobot_groot_n15	n15	lerobot_groot_n15__robocasa365_ckpt120000		0	Pick the bread from the counter and place it in the cabinet.	robocasa_panda_omron/PickPlaceCounterToCabinet_PandaOmron_Env	100485	1300007	0	1			5		1	all_token_full	groot_n15_dit_block_residual_full_tokens_denoise	["layer","denoise_step","model_token","feature_dim"]	[7,4,49,1536]	[0,2,4,8,10,12,15]	n15_grid_v1	grid_coord	meta	meta_json	b8054b5e7258/worker1/PPCC/bread/s9/n7/base
b8054b5e7258	worker1	PPCC/bread	9	8	base	activation	f0b3c90bf6642b0c	f0b3c90bf6642b0c6099c35290ef0b821de44112b4257f155df4dcb2093f9d97	lerobot_groot_n15	n15	lerobot_groot_n15__robocasa365_ckpt120000		0	Pick the bread from the counter and place it in the cabinet.	robocasa_panda_omron/PickPlaceCounterToCabinet_PandaOmron_Env	100485	1300008	0	1			5		1	all_token_full	groot_n15_dit_block_residual_full_tokens_denoise	["layer","denoise_step","model_token","feature_dim"]	[7,4,49,1536]	[0,2,4,8,10,12,15]	n15_grid_v1	grid_coord	meta	meta_json	b8054b5e7258/worker1/PPCC/bread/s9/n8/base
b8054b5e7258	worker1	PPCC/bread	9	9	base	activation	0432d72a5f6b6abd	0432d72a5f6b6abd1cfaf43d540affdc47ae946b474d652ee735d700bb658225	lerobot_groot_n15	n15	lerobot_groot_n15__robocasa365_ckpt120000		0	Pick the bread from the counter and place it in the cabinet.	robocasa_panda_omron/PickPlaceCounterToCabinet_PandaOmron_Env	100485	1300009	0	1			5		1	all_token_full	groot_n15_dit_block_residual_full_tokens_denoise	["layer","denoise_step","model_token","feature_dim"]	[7,4,49,1536]	[0,2,4,8,10,12,15]	n15_grid_v1	grid_coord	meta	meta_json	b8054b5e7258/worker1/PPCC/bread/s9/n9/base
b8054b5e7258	worker2	OpenDrawer/right	0	0	base	activation	03fd0499da36991a	03fd0499da36991a836236b28642edfbd630b58e7048520dfe8eb4c302ef7859	lerobot_groot_n15	n15	lerobot_groot_n15__robocasa365_ckpt120000		0	Open the right drawer.	robocasa_panda_omron/OpenDrawer_PandaOmron_Env	100000	1300000	0	0			5		1	all_token_full	groot_n15_dit_block_residual_full_tokens_denoise	["layer","denoise_step","model_token","feature_dim"]	[7,4,49,1536]	[0,2,4,8,10,12,15]	n15_grid_v1	grid_coord	meta	meta_json	b8054b5e7258/worker2/OpenDrawer/right/s0/n0/base
b8054b5e7258	worker2	OpenDrawer/right	0	1	base	activation	b0180a1651f09c6c	b0180a1651f09c6c5be0584d58529fd4b9aa23d5bcd74bfe849e2b458a500cbb	lerobot_groot_n15	n15	lerobot_groot_n15__robocasa365_ckpt120000		0	Open the right drawer.	robocasa_panda_omron/OpenDrawer_PandaOmron_Env	100000	1300001	0	1			5		1	all_token_full	groot_n15_dit_block_residual_full_tokens_denoise	["layer","denoise_step","model_token","feature_dim"]	[7,4,49,1536]	[0,2,4,8,10,12,15]	n15_grid_v1	grid_coord	meta	meta_json	b8054b5e7258/worker2/OpenDrawer/right/s0/n1/base
b8054b5e7258	worker2	OpenDrawer/right	0	2	base	activation	c3392ec31a5e7a3d	c3392ec31a5e7a3d3ad13cbcb15b117859768104ec6cf712253c510aa8baaec7	lerobot_groot_n15	n15	lerobot_groot_n15__robocasa365_ckpt120000		0	Open the right drawer.	robocasa_panda_omron/OpenDrawer_PandaOmron_Env	100000	1300002	0	1			5		1	all_token_full	groot_n15_dit_block_residual_full_tokens_denoise	["layer","denoise_step","model_token","feature_dim"]	[7,4,49,1536]	[0,2,4,8,10,12,15]	n15_grid_v1	grid_coord	meta	meta_json	b8054b5e7258/worker2/OpenDrawer/right/s0/n2/base
b8054b5e7258	worker2	OpenDrawer/right	0	3	base	activation	2dedac97da4f0144	2dedac97da4f0144fe2e0fe537a3d350d7310dd4a23da0dcf77035aaba6267f3	lerobot_groot_n15	n15	lerobot_groot_n15__robocasa365_ckpt120000		0	Open the right drawer.	robocasa_panda_omron/OpenDrawer_PandaOmron_Env	100000	1300003	0	1			5		1	all_token_full	groot_n15_dit_block_residual_full_tokens_denoise	["layer","denoise_step","model_token","feature_dim"]	[7,4,49,1536]	[0,2,4,8,10,12,15]	n15_grid_v1	grid_coord	meta	meta_json	b8054b5e7258/worker2/OpenDrawer/right/s0/n3/base
b8054b5e7258	worker2	OpenDrawer/right	0	4	base	activation	e5a408eab63a4133	e5a408eab63a413304b71b6670adeb707c7c1b2781f897f8cbefc5319f0efc34	lerobot_groot_n15	n15	lerobot_groot_n15__robocasa365_ckpt120000		0	Open the right drawer.	robocasa_panda_omron/OpenDrawer_PandaOmron_Env	100000	1300004	0	1			5		1	all_token_full	groot_n15_dit_block_residual_full_tokens_denoise	["layer","denoise_step","model_token","feature_dim"]	[7,4,49,1536]	[0,2,4,8,10,12,15]	n15_grid_v1	grid_coord	meta	meta_json	b8054b5e7258/worker2/OpenDrawer/right/s0/n4/base
b8054b5e7258	worker2	OpenDrawer/right	0	5	base	activation	1174bd5a52bf9528	1174bd5a52bf9528fad03a033bfd7526fc96a7df198266273cc2fe8e0611d869	lerobot_groot_n15	n15	lerobot_groot_n15__robocasa365_ckpt120000		0	Open the right drawer.	robocasa_panda_omron/OpenDrawer_PandaOmron_Env	100000	1300005	0	1			5		1	all_token_full	groot_n15_dit_block_residual_full_tokens_denoise	["layer","denoise_step","model_token","feature_dim"]	[7,4,49,1536]	[0,2,4,8,10,12,15]	n15_grid_v1	grid_coord	meta	meta_json	b8054b5e7258/worker2/OpenDrawer/right/s0/n5/base
b8054b5e7258	worker2	OpenDrawer/right	0	6	base	activation	2b4e1e13efff6ecf	2b4e1e13efff6ecfe03b5baeb0d9fff579cce4cb26943e1e6136d8f2edbc27a3	lerobot_groot_n15	n15	lerobot_groot_n15__robocasa365_ckpt120000		0	Open the right drawer.	robocasa_panda_omron/OpenDrawer_PandaOmron_Env	100000	1300006	0	1			5		1	all_token_full	groot_n15_dit_block_residual_full_tokens_denoise	["layer","denoise_step","model_token","feature_dim"]	[7,4,49,1536]	[0,2,4,8,10,12,15]	n15_grid_v1	grid_coord	meta	meta_json	b8054b5e7258/worker2/OpenDrawer/right/s0/n6/base
b8054b5e7258	worker2	OpenDrawer/right	0	7	base	activation	12d8b13c33a51d1c	12d8b13c33a51d1c2fabf2e3703946c164094e5cad9ffea095a2857399ead95d	lerobot_groot_n15	n15	lerobot_groot_n15__robocasa365_ckpt120000		0	Open the right drawer.	robocasa_panda_omron/OpenDrawer_PandaOmron_Env	100000	1300007	0	0			5		1	all_token_full	groot_n15_dit_block_residual_full_tokens_denoise	["layer","denoise_step","model_token","feature_dim"]	[7,4,49,1536]	[0,2,4,8,10,12,15]	n15_grid_v1	grid_coord	meta	meta_json	b8054b5e7258/worker2/OpenDrawer/right/s0/n7/base
b8054b5e7258	worker2	OpenDrawer/right	0	8	base	activation	a7d82c37131aa4b1	a7d82c37131aa4b1f9433e52fec3c94fade270ee9d2a4c8710e5f3274de24e4b	lerobot_groot_n15	n15	lerobot_groot_n15__robocasa365_ckpt120000		0	Open the right drawer.	robocasa_panda_omron/OpenDrawer_PandaOmron_Env	100000	1300008	0	0			5		1	all_token_full	groot_n15_dit_block_residual_full_tokens_denoise	["layer","denoise_step","model_token","feature_dim"]	[7,4,49,1536]	[0,2,4,8,10,12,15]	n15_grid_v1	grid_coord	meta	meta_json	b8054b5e7258/worker2/OpenDrawer/right/s0/n8/base
b8054b5e7258	worker2	OpenDrawer/right	0	9	base	activation	78a42e4c9e6e1a77	78a42e4c9e6e1a776a7ebdc05e81ffb98e0bd1d08959514088cbdafc29321268	lerobot_groot_n15	n15	lerobot_groot_n15__robocasa365_ckpt120000		0	Open the right drawer.	robocasa_panda_omron/OpenDrawer_PandaOmron_Env	100000	1300009	0	1			5		1	all_token_full	groot_n15_dit_block_residual_full_tokens_denoise	["layer","denoise_step","model_token","feature_dim"]	[7,4,49,1536]	[0,2,4,8,10,12,15]	n15_grid_v1	grid_coord	meta	meta_json	b8054b5e7258/worker2/OpenDrawer/right/s0/n9/base
b8054b5e7258	worker2	OpenDrawer/right	1	0	base	activation	941adb37b09a7c91	941adb37b09a7c91d2ccb848389e5404f57a10bcdb87a0b94531c43a9bdf4818	lerobot_groot_n15	n15	lerobot_groot_n15__robocasa365_ckpt120000		0	Open the right drawer.	robocasa_panda_omron/OpenDrawer_PandaOmron_Env	100003	1300000	0	1			5		1	all_token_full	groot_n15_dit_block_residual_full_tokens_denoise	["layer","denoise_step","model_token","feature_dim"]	[7,4,49,1536]	[0,2,4,8,10,12,15]	n15_grid_v1	grid_coord	meta	meta_json	b8054b5e7258/worker2/OpenDrawer/right/s1/n0/base
b8054b5e7258	worker2	OpenDrawer/right	1	1	base	activation	048a96efec92fd4d	048a96efec92fd4dedf2b766eb8a08c79cd16f9d5c6e70930f3369df01ae7d02	lerobot_groot_n15	n15	lerobot_groot_n15__robocasa365_ckpt120000		0	Open the right drawer.	robocasa_panda_omron/OpenDrawer_PandaOmron_Env	100003	1300001	0	1			5		1	all_token_full	groot_n15_dit_block_residual_full_tokens_denoise	["layer","denoise_step","model_token","feature_dim"]	[7,4,49,1536]	[0,2,4,8,10,12,15]	n15_grid_v1	grid_coord	meta	meta_json	b8054b5e7258/worker2/OpenDrawer/right/s1/n1/base
b8054b5e7258	worker2	OpenDrawer/right	1	2	base	activation	409ceecb5cf0596d	409ceecb5cf0596d14cd65e344b011d88bd51fa8d6644f3de1be284ccb6a7480	lerobot_groot_n15	n15	lerobot_groot_n15__robocasa365_ckpt120000		0	Open the right drawer.	robocasa_panda_omron/OpenDrawer_PandaOmron_Env	100003	1300002	0	1			5		1	all_token_full	groot_n15_dit_block_residual_full_tokens_denoise	["layer","denoise_step","model_token","feature_dim"]	[7,4,49,1536]	[0,2,4,8,10,12,15]	n15_grid_v1	grid_coord	meta	meta_json	b8054b5e7258/worker2/OpenDrawer/right/s1/n2/base
b8054b5e7258	worker2	OpenDrawer/right	1	3	base	activation	fab7928f283f18d5	fab7928f283f18d55edd9dcedbb969deea1f6f1b87480413073a213dafae511d	lerobot_groot_n15	n15	lerobot_groot_n15__robocasa365_ckpt120000		0	Open the right drawer.	robocasa_panda_omron/OpenDrawer_PandaOmron_Env	100003	1300003	0	1			5		1	all_token_full	groot_n15_dit_block_residual_full_tokens_denoise	["layer","denoise_step","model_token","feature_dim"]	[7,4,49,1536]	[0,2,4,8,10,12,15]	n15_grid_v1	grid_coord	meta	meta_json	b8054b5e7258/worker2/OpenDrawer/right/s1/n3/base
b8054b5e7258	worker2	OpenDrawer/right	1	4	base	activation	4fc1ac608badc716	4fc1ac608badc71642c7d78db7225d76e91e18dfdaf92023dc871d8a95707780	lerobot_groot_n15	n15	lerobot_groot_n15__robocasa365_ckpt120000		0	Open the right drawer.	robocasa_panda_omron/OpenDrawer_PandaOmron_Env	100003	1300004	0	1			5		1	all_token_full	groot_n15_dit_block_residual_full_tokens_denoise	["layer","denoise_step","model_token","feature_dim"]	[7,4,49,1536]	[0,2,4,8,10,12,15]	n15_grid_v1	grid_coord	meta	meta_json	b8054b5e7258/worker2/OpenDrawer/right/s1/n4/base
b8054b5e7258	worker2	OpenDrawer/right	1	5	base	activation	8f564b02b5c467ed	8f564b02b5c467ed544fb70f8d15db8c003f7741236e804da74cc94fb932ec59	lerobot_groot_n15	n15	lerobot_groot_n15__robocasa365_ckpt120000		0	Open the right drawer.	robocasa_panda_omron/OpenDrawer_PandaOmron_Env	100003	1300005	0	1			5		1	all_token_full	groot_n15_dit_block_residual_full_tokens_denoise	["layer","denoise_step","model_token","feature_dim"]	[7,4,49,1536]	[0,2,4,8,10,12,15]	n15_grid_v1	grid_coord	meta	meta_json	b8054b5e7258/worker2/OpenDrawer/right/s1/n5/base
b8054b5e7258	worker2	OpenDrawer/right	1	6	base	activation	244973ea01030053	244973ea01030053e420911267698f2882afd9f0ba7a95caf4b67451dedfcdd6	lerobot_groot_n15	n15	lerobot_groot_n15__robocasa365_ckpt120000		0	Open the right drawer.	robocasa_panda_omron/OpenDrawer_PandaOmron_Env	100003	1300006	0	1			5		1	all_token_full	groot_n15_dit_block_residual_full_tokens_denoise	["layer","denoise_step","model_token","feature_dim"]	[7,4,49,1536]	[0,2,4,8,10,12,15]	n15_grid_v1	grid_coord	meta	meta_json	b8054b5e7258/worker2/OpenDrawer/right/s1/n6/base
b8054b5e7258	worker2	OpenDrawer/right	1	7	base	activation	bfb963fec3840c09	bfb963fec3840c09ad4a99539183caffd76c3e56d38a06b04efce699eea20ace	lerobot_groot_n15	n15	lerobot_groot_n15__robocasa365_ckpt120000		0	Open the right drawer.	robocasa_panda_omron/OpenDrawer_PandaOmron_Env	100003	1300007	0	1			5		1	all_token_full	groot_n15_dit_block_residual_full_tokens_denoise	["layer","denoise_step","model_token","feature_dim"]	[7,4,49,1536]	[0,2,4,8,10,12,15]	n15_grid_v1	grid_coord	meta	meta_json	b8054b5e7258/worker2/OpenDrawer/right/s1/n7/base
b8054b5e7258	worker2	OpenDrawer/right	1	8	base	activation	b533fd0eaa6e3ce3	b533fd0eaa6e3ce3d63257e458979ced8b313305c95a0d37c1afe142e830d125	lerobot_groot_n15	n15	lerobot_groot_n15__robocasa365_ckpt120000		0	Open the right drawer.	robocasa_panda_omron/OpenDrawer_PandaOmron_Env	100003	1300008	0	1			5		1	all_token_full	groot_n15_dit_block_residual_full_tokens_denoise	["layer","denoise_step","model_token","feature_dim"]	[7,4,49,1536]	[0,2,4,8,10,12,15]	n15_grid_v1	grid_coord	meta	meta_json	b8054b5e7258/worker2/OpenDrawer/right/s1/n8/base
b8054b5e7258	worker2	OpenDrawer/right	1	9	base	activation	baf325c4fafde488	baf325c4fafde488990244f67d53c64f6e5bf8790849bfb94690d5828ef96483	lerobot_groot_n15	n15	lerobot_groot_n15__robocasa365_ckpt120000		0	Open the right drawer.	robocasa_panda_omron/OpenDrawer_PandaOmron_Env	100003	1300009	0	1			5		1	all_token_full	groot_n15_dit_block_residual_full_tokens_denoise	["layer","denoise_step","model_token","feature_dim"]	[7,4,49,1536]	[0,2,4,8,10,12,15]	n15_grid_v1	grid_coord	meta	meta_json	b8054b5e7258/worker2/OpenDrawer/right/s1/n9/base
b8054b5e7258	worker2	OpenDrawer/right	2	0	base	activation	9bdeac4ffd34468d	9bdeac4ffd34468de5c9080e5570d4f33568000d55553cb1d8e215e5e2efda6a	lerobot_groot_n15	n15	lerobot_groot_n15__robocasa365_ckpt120000		0	Open the right drawer.	robocasa_panda_omron/OpenDrawer_PandaOmron_Env	100005	1300000	0	1			5		1	all_token_full	groot_n15_dit_block_residual_full_tokens_denoise	["layer","denoise_step","model_token","feature_dim"]	[7,4,49,1536]	[0,2,4,8,10,12,15]	n15_grid_v1	grid_coord	meta	meta_json	b8054b5e7258/worker2/OpenDrawer/right/s2/n0/base
b8054b5e7258	worker2	OpenDrawer/right	2	1	base	activation	35206e2e5d218158	35206e2e5d218158a1a76d5d3cf7821a4f390fd2f8524c77ca8cfeccf281d819	lerobot_groot_n15	n15	lerobot_groot_n15__robocasa365_ckpt120000		0	Open the right drawer.	robocasa_panda_omron/OpenDrawer_PandaOmron_Env	100005	1300001	0	1			5		1	all_token_full	groot_n15_dit_block_residual_full_tokens_denoise	["layer","denoise_step","model_token","feature_dim"]	[7,4,49,1536]	[0,2,4,8,10,12,15]	n15_grid_v1	grid_coord	meta	meta_json	b8054b5e7258/worker2/OpenDrawer/right/s2/n1/base
b8054b5e7258	worker2	OpenDrawer/right	2	2	base	activation	9fd3d2bc55d7d2af	9fd3d2bc55d7d2af4ebf4e4aa840d3192a8a9fd42b94e2d89d18c32a4ae9613e	lerobot_groot_n15	n15	lerobot_groot_n15__robocasa365_ckpt120000		0	Open the right drawer.	robocasa_panda_omron/OpenDrawer_PandaOmron_Env	100005	1300002	0	1			5		1	all_token_full	groot_n15_dit_block_residual_full_tokens_denoise	["layer","denoise_step","model_token","feature_dim"]	[7,4,49,1536]	[0,2,4,8,10,12,15]	n15_grid_v1	grid_coord	meta	meta_json	b8054b5e7258/worker2/OpenDrawer/right/s2/n2/base
b8054b5e7258	worker2	OpenDrawer/right	2	3	base	activation	6715ae1fc5e1347c	6715ae1fc5e1347c59cfcdbd428fdfd8d8c4e0778043c0704a600a5ac7599b65	lerobot_groot_n15	n15	lerobot_groot_n15__robocasa365_ckpt120000		0	Open the right drawer.	robocasa_panda_omron/OpenDrawer_PandaOmron_Env	100005	1300003	0	1			5		1	all_token_full	groot_n15_dit_block_residual_full_tokens_denoise	["layer","denoise_step","model_token","feature_dim"]	[7,4,49,1536]	[0,2,4,8,10,12,15]	n15_grid_v1	grid_coord	meta	meta_json	b8054b5e7258/worker2/OpenDrawer/right/s2/n3/base
b8054b5e7258	worker2	OpenDrawer/right	2	4	base	activation	4311ed61a32a97f3	4311ed61a32a97f360ec5bd9f18370ea29ecadb77579cc0b9ee8652f4137bc30	lerobot_groot_n15	n15	lerobot_groot_n15__robocasa365_ckpt120000		0	Open the right drawer.	robocasa_panda_omron/OpenDrawer_PandaOmron_Env	100005	1300004	0	1			5		1	all_token_full	groot_n15_dit_block_residual_full_tokens_denoise	["layer","denoise_step","model_token","feature_dim"]	[7,4,49,1536]	[0,2,4,8,10,12,15]	n15_grid_v1	grid_coord	meta	meta_json	b8054b5e7258/worker2/OpenDrawer/right/s2/n4/base
b8054b5e7258	worker2	OpenDrawer/right	2	5	base	activation	6bf9f296de3db4fa	6bf9f296de3db4fa13b41172d612e73354a35341e414dd1ab7a89e32f9c7da3a	lerobot_groot_n15	n15	lerobot_groot_n15__robocasa365_ckpt120000		0	Open the right drawer.	robocasa_panda_omron/OpenDrawer_PandaOmron_Env	100005	1300005	0	1			5		1	all_token_full	groot_n15_dit_block_residual_full_tokens_denoise	["layer","denoise_step","model_token","feature_dim"]	[7,4,49,1536]	[0,2,4,8,10,12,15]	n15_grid_v1	grid_coord	meta	meta_json	b8054b5e7258/worker2/OpenDrawer/right/s2/n5/base
b8054b5e7258	worker2	OpenDrawer/right	2	6	base	activation	4b4e5d79f8479421	4b4e5d79f8479421409ffb2c47247ca206b491eee755812122aa505d15b94d6a	lerobot_groot_n15	n15	lerobot_groot_n15__robocasa365_ckpt120000		0	Open the right drawer.	robocasa_panda_omron/OpenDrawer_PandaOmron_Env	100005	1300006	0	1			5		1	all_token_full	groot_n15_dit_block_residual_full_tokens_denoise	["layer","denoise_step","model_token","feature_dim"]	[7,4,49,1536]	[0,2,4,8,10,12,15]	n15_grid_v1	grid_coord	meta	meta_json	b8054b5e7258/worker2/OpenDrawer/right/s2/n6/base
b8054b5e7258	worker2	OpenDrawer/right	2	7	base	activation	d095b9d98b97ab9e	d095b9d98b97ab9edd919847efdaec76c16f22dc1853605f1a925e4001351ed6	lerobot_groot_n15	n15	lerobot_groot_n15__robocasa365_ckpt120000		0	Open the right drawer.	robocasa_panda_omron/OpenDrawer_PandaOmron_Env	100005	1300007	0	1			5		1	all_token_full	groot_n15_dit_block_residual_full_tokens_denoise	["layer","denoise_step","model_token","feature_dim"]	[7,4,49,1536]	[0,2,4,8,10,12,15]	n15_grid_v1	grid_coord	meta	meta_json	b8054b5e7258/worker2/OpenDrawer/right/s2/n7/base
b8054b5e7258	worker2	OpenDrawer/right	2	8	base	activation	53c0b9b9d6d7bd89	53c0b9b9d6d7bd8995177acaa3fd51ed077fe40b4995a0ef58f8d00c539791eb	lerobot_groot_n15	n15	lerobot_groot_n15__robocasa365_ckpt120000		0	Open the right drawer.	robocasa_panda_omron/OpenDrawer_PandaOmron_Env	100005	1300008	0	1			5		1	all_token_full	groot_n15_dit_block_residual_full_tokens_denoise	["layer","denoise_step","model_token","feature_dim"]	[7,4,49,1536]	[0,2,4,8,10,12,15]	n15_grid_v1	grid_coord	meta	meta_json	b8054b5e7258/worker2/OpenDrawer/right/s2/n8/base
b8054b5e7258	worker2	OpenDrawer/right	2	9	base	activation	27de0bc4196c208a	27de0bc4196c208a67f6b0fea9a841896c405d7a914fe244ff95a17d93cbd5ad	lerobot_groot_n15	n15	lerobot_groot_n15__robocasa365_ckpt120000		0	Open the right drawer.	robocasa_panda_omron/OpenDrawer_PandaOmron_Env	100005	1300009	0	1			5		1	all_token_full	groot_n15_dit_block_residual_full_tokens_denoise	["layer","denoise_step","model_token","feature_dim"]	[7,4,49,1536]	[0,2,4,8,10,12,15]	n15_grid_v1	grid_coord	meta	meta_json	b8054b5e7258/worker2/OpenDrawer/right/s2/n9/base
b8054b5e7258	worker2	OpenDrawer/right	3	0	base	activation	c0b21ab3e235ef4c	c0b21ab3e235ef4c1f5ea53b8a0f29392b68f95a0f653ebd6bf853639a02a78b	lerobot_groot_n15	n15	lerobot_groot_n15__robocasa365_ckpt120000		0	Open the right drawer.	robocasa_panda_omron/OpenDrawer_PandaOmron_Env	100006	1300000	0	0			5		1	all_token_full	groot_n15_dit_block_residual_full_tokens_denoise	["layer","denoise_step","model_token","feature_dim"]	[7,4,49,1536]	[0,2,4,8,10,12,15]	n15_grid_v1	grid_coord	meta	meta_json	b8054b5e7258/worker2/OpenDrawer/right/s3/n0/base
b8054b5e7258	worker2	OpenDrawer/right	3	1	base	activation	f24030c7c631861e	f24030c7c631861e37bee78b0b61a3a16d875c72a5628759f0f3901765956f6f	lerobot_groot_n15	n15	lerobot_groot_n15__robocasa365_ckpt120000		0	Open the right drawer.	robocasa_panda_omron/OpenDrawer_PandaOmron_Env	100006	1300001	0	0			5		1	all_token_full	groot_n15_dit_block_residual_full_tokens_denoise	["layer","denoise_step","model_token","feature_dim"]	[7,4,49,1536]	[0,2,4,8,10,12,15]	n15_grid_v1	grid_coord	meta	meta_json	b8054b5e7258/worker2/OpenDrawer/right/s3/n1/base
b8054b5e7258	worker2	OpenDrawer/right	3	2	base	activation	e631a25dcc269a0e	e631a25dcc269a0e0916494961448a88d2fdb06c4db72b0763ab91d91b15756a	lerobot_groot_n15	n15	lerobot_groot_n15__robocasa365_ckpt120000		0	Open the right drawer.	robocasa_panda_omron/OpenDrawer_PandaOmron_Env	100006	1300002	0	0			5		1	all_token_full	groot_n15_dit_block_residual_full_tokens_denoise	["layer","denoise_step","model_token","feature_dim"]	[7,4,49,1536]	[0,2,4,8,10,12,15]	n15_grid_v1	grid_coord	meta	meta_json	b8054b5e7258/worker2/OpenDrawer/right/s3/n2/base
b8054b5e7258	worker2	OpenDrawer/right	3	3	base	activation	3d0ac5267b626cb2	3d0ac5267b626cb28e124305f5a0e367138e4a5968c00ac821ef9efc59197fab	lerobot_groot_n15	n15	lerobot_groot_n15__robocasa365_ckpt120000		0	Open the right drawer.	robocasa_panda_omron/OpenDrawer_PandaOmron_Env	100006	1300003	0	0			5		1	all_token_full	groot_n15_dit_block_residual_full_tokens_denoise	["layer","denoise_step","model_token","feature_dim"]	[7,4,49,1536]	[0,2,4,8,10,12,15]	n15_grid_v1	grid_coord	meta	meta_json	b8054b5e7258/worker2/OpenDrawer/right/s3/n3/base
b8054b5e7258	worker2	OpenDrawer/right	3	4	base	activation	0868ad66fe98f219	0868ad66fe98f219dd59d4aae8af0e2263a3f051aec6b251d35f1e1be417dcdf	lerobot_groot_n15	n15	lerobot_groot_n15__robocasa365_ckpt120000		0	Open the right drawer.	robocasa_panda_omron/OpenDrawer_PandaOmron_Env	100006	1300004	0	0			5		1	all_token_full	groot_n15_dit_block_residual_full_tokens_denoise	["layer","denoise_step","model_token","feature_dim"]	[7,4,49,1536]	[0,2,4,8,10,12,15]	n15_grid_v1	grid_coord	meta	meta_json	b8054b5e7258/worker2/OpenDrawer/right/s3/n4/base
b8054b5e7258	worker2	OpenDrawer/right	3	5	base	activation	9ab0fb2301767f46	9ab0fb2301767f46068820b120da0cc456cb22510923c2e2f581d640cbf8b2c4	lerobot_groot_n15	n15	lerobot_groot_n15__robocasa365_ckpt120000		0	Open the right drawer.	robocasa_panda_omron/OpenDrawer_PandaOmron_Env	100006	1300005	0	0			5		1	all_token_full	groot_n15_dit_block_residual_full_tokens_denoise	["layer","denoise_step","model_token","feature_dim"]	[7,4,49,1536]	[0,2,4,8,10,12,15]	n15_grid_v1	grid_coord	meta	meta_json	b8054b5e7258/worker2/OpenDrawer/right/s3/n5/base
b8054b5e7258	worker2	OpenDrawer/right	3	6	base	activation	236a208309187241	236a2083091872419327f1147ef067cf1884ee771311696b2565057848291f30	lerobot_groot_n15	n15	lerobot_groot_n15__robocasa365_ckpt120000		0	Open the right drawer.	robocasa_panda_omron/OpenDrawer_PandaOmron_Env	100006	1300006	0	0			5		1	all_token_full	groot_n15_dit_block_residual_full_tokens_denoise	["layer","denoise_step","model_token","feature_dim"]	[7,4,49,1536]	[0,2,4,8,10,12,15]	n15_grid_v1	grid_coord	meta	meta_json	b8054b5e7258/worker2/OpenDrawer/right/s3/n6/base
b8054b5e7258	worker2	OpenDrawer/right	3	7	base	activation	51d35aa7ffe2ff13	51d35aa7ffe2ff13e6db200f98a2aaa73a4fe7004b90802c886c3df2ecdc08fc	lerobot_groot_n15	n15	lerobot_groot_n15__robocasa365_ckpt120000		0	Open the right drawer.	robocasa_panda_omron/OpenDrawer_PandaOmron_Env	100006	1300007	0	0			5		1	all_token_full	groot_n15_dit_block_residual_full_tokens_denoise	["layer","denoise_step","model_token","feature_dim"]	[7,4,49,1536]	[0,2,4,8,10,12,15]	n15_grid_v1	grid_coord	meta	meta_json	b8054b5e7258/worker2/OpenDrawer/right/s3/n7/base
b8054b5e7258	worker2	OpenDrawer/right	3	8	base	activation	a8dd10935de224b5	a8dd10935de224b55e0e4d1b22853b7ed5e225f53b72bbf3ed6b800b99651138	lerobot_groot_n15	n15	lerobot_groot_n15__robocasa365_ckpt120000		0	Open the right drawer.	robocasa_panda_omron/OpenDrawer_PandaOmron_Env	100006	1300008	0	0			5		1	all_token_full	groot_n15_dit_block_residual_full_tokens_denoise	["layer","denoise_step","model_token","feature_dim"]	[7,4,49,1536]	[0,2,4,8,10,12,15]	n15_grid_v1	grid_coord	meta	meta_json	b8054b5e7258/worker2/OpenDrawer/right/s3/n8/base
b8054b5e7258	worker2	OpenDrawer/right	3	9	base	activation	69e0e1f8f3205e0a	69e0e1f8f3205e0a3931429275457ace4983067df098ccb5b70ef0f148b1f7f5	lerobot_groot_n15	n15	lerobot_groot_n15__robocasa365_ckpt120000		0	Open the right drawer.	robocasa_panda_omron/OpenDrawer_PandaOmron_Env	100006	1300009	0	0			5		1	all_token_full	groot_n15_dit_block_residual_full_tokens_denoise	["layer","denoise_step","model_token","feature_dim"]	[7,4,49,1536]	[0,2,4,8,10,12,15]	n15_grid_v1	grid_coord	meta	meta_json	b8054b5e7258/worker2/OpenDrawer/right/s3/n9/base
b8054b5e7258	worker2	OpenDrawer/right	4	0	base	activation	6b7287577545ed5d	6b7287577545ed5d465b7f6ed3e629ea051a960272ea94e0fddb7bb9c56d5b7d	lerobot_groot_n15	n15	lerobot_groot_n15__robocasa365_ckpt120000		0	Open the right drawer.	robocasa_panda_omron/OpenDrawer_PandaOmron_Env	100009	1300000	0	1			5		1	all_token_full	groot_n15_dit_block_residual_full_tokens_denoise	["layer","denoise_step","model_token","feature_dim"]	[7,4,49,1536]	[0,2,4,8,10,12,15]	n15_grid_v1	grid_coord	meta	meta_json	b8054b5e7258/worker2/OpenDrawer/right/s4/n0/base
b8054b5e7258	worker2	OpenDrawer/right	4	1	base	activation	1866beaf208cb75b	1866beaf208cb75b7d14641de2e49a5180cb7d30a152622e90ba789b8fae458f	lerobot_groot_n15	n15	lerobot_groot_n15__robocasa365_ckpt120000		0	Open the right drawer.	robocasa_panda_omron/OpenDrawer_PandaOmron_Env	100009	1300001	0	1			5		1	all_token_full	groot_n15_dit_block_residual_full_tokens_denoise	["layer","denoise_step","model_token","feature_dim"]	[7,4,49,1536]	[0,2,4,8,10,12,15]	n15_grid_v1	grid_coord	meta	meta_json	b8054b5e7258/worker2/OpenDrawer/right/s4/n1/base
b8054b5e7258	worker2	OpenDrawer/right	4	2	base	activation	1f16ae4b733520d8	1f16ae4b733520d8cbbf3ff05f8f8be8f580aaa4310a760a3e013d85da152615	lerobot_groot_n15	n15	lerobot_groot_n15__robocasa365_ckpt120000		0	Open the right drawer.	robocasa_panda_omron/OpenDrawer_PandaOmron_Env	100009	1300002	0	1			5		1	all_token_full	groot_n15_dit_block_residual_full_tokens_denoise	["layer","denoise_step","model_token","feature_dim"]	[7,4,49,1536]	[0,2,4,8,10,12,15]	n15_grid_v1	grid_coord	meta	meta_json	b8054b5e7258/worker2/OpenDrawer/right/s4/n2/base
b8054b5e7258	worker2	OpenDrawer/right	4	3	base	activation	6522c7c78999da2e	6522c7c78999da2e4a258910814a1ab03ca2cf28bf0837872739af19d8c5d6d6	lerobot_groot_n15	n15	lerobot_groot_n15__robocasa365_ckpt120000		0	Open the right drawer.	robocasa_panda_omron/OpenDrawer_PandaOmron_Env	100009	1300003	0	1			5		1	all_token_full	groot_n15_dit_block_residual_full_tokens_denoise	["layer","denoise_step","model_token","feature_dim"]	[7,4,49,1536]	[0,2,4,8,10,12,15]	n15_grid_v1	grid_coord	meta	meta_json	b8054b5e7258/worker2/OpenDrawer/right/s4/n3/base
b8054b5e7258	worker2	OpenDrawer/right	4	4	base	activation	b5bd76dc18499602	b5bd76dc184996020dc4efdfa0f5543841124a96d9da0c85524aaa899f64dcaf	lerobot_groot_n15	n15	lerobot_groot_n15__robocasa365_ckpt120000		0	Open the right drawer.	robocasa_panda_omron/OpenDrawer_PandaOmron_Env	100009	1300004	0	1			5		1	all_token_full	groot_n15_dit_block_residual_full_tokens_denoise	["layer","denoise_step","model_token","feature_dim"]	[7,4,49,1536]	[0,2,4,8,10,12,15]	n15_grid_v1	grid_coord	meta	meta_json	b8054b5e7258/worker2/OpenDrawer/right/s4/n4/base
b8054b5e7258	worker2	OpenDrawer/right	4	5	base	activation	f155972e6c9ded3c	f155972e6c9ded3cf0282ce4021ae76fb674df061c01ed2f150fbc0ff8674f2f	lerobot_groot_n15	n15	lerobot_groot_n15__robocasa365_ckpt120000		0	Open the right drawer.	robocasa_panda_omron/OpenDrawer_PandaOmron_Env	100009	1300005	0	1			5		1	all_token_full	groot_n15_dit_block_residual_full_tokens_denoise	["layer","denoise_step","model_token","feature_dim"]	[7,4,49,1536]	[0,2,4,8,10,12,15]	n15_grid_v1	grid_coord	meta	meta_json	b8054b5e7258/worker2/OpenDrawer/right/s4/n5/base
b8054b5e7258	worker2	OpenDrawer/right	4	6	base	activation	276a960fd0f6beab	276a960fd0f6beab56f12cabee817ca054f3cd60cc87690a4f218c36abfc91cd	lerobot_groot_n15	n15	lerobot_groot_n15__robocasa365_ckpt120000		0	Open the right drawer.	robocasa_panda_omron/OpenDrawer_PandaOmron_Env	100009	1300006	0	1			5		1	all_token_full	groot_n15_dit_block_residual_full_tokens_denoise	["layer","denoise_step","model_token","feature_dim"]	[7,4,49,1536]	[0,2,4,8,10,12,15]	n15_grid_v1	grid_coord	meta	meta_json	b8054b5e7258/worker2/OpenDrawer/right/s4/n6/base
b8054b5e7258	worker2	OpenDrawer/right	4	7	base	activation	c18842a531d6823c	c18842a531d6823c35dbf24724708bb84a46238623a1c26f91562da0bfa05c6d	lerobot_groot_n15	n15	lerobot_groot_n15__robocasa365_ckpt120000		0	Open the right drawer.	robocasa_panda_omron/OpenDrawer_PandaOmron_Env	100009	1300007	0	1			5		1	all_token_full	groot_n15_dit_block_residual_full_tokens_denoise	["layer","denoise_step","model_token","feature_dim"]	[7,4,49,1536]	[0,2,4,8,10,12,15]	n15_grid_v1	grid_coord	meta	meta_json	b8054b5e7258/worker2/OpenDrawer/right/s4/n7/base
b8054b5e7258	worker2	OpenDrawer/right	4	8	base	activation	4ab1fdcd04062b52	4ab1fdcd04062b522b5b2be98ad89a2a6a7a31c2c3ac6486aa31012b0fbbc1e4	lerobot_groot_n15	n15	lerobot_groot_n15__robocasa365_ckpt120000		0	Open the right drawer.	robocasa_panda_omron/OpenDrawer_PandaOmron_Env	100009	1300008	0	1			5		1	all_token_full	groot_n15_dit_block_residual_full_tokens_denoise	["layer","denoise_step","model_token","feature_dim"]	[7,4,49,1536]	[0,2,4,8,10,12,15]	n15_grid_v1	grid_coord	meta	meta_json	b8054b5e7258/worker2/OpenDrawer/right/s4/n8/base
b8054b5e7258	worker2	OpenDrawer/right	4	9	base	activation	443e5b55b466779e	443e5b55b466779e63b4932e40f8de55a92e53b5099e0e002d424838ea172a9c	lerobot_groot_n15	n15	lerobot_groot_n15__robocasa365_ckpt120000		0	Open the right drawer.	robocasa_panda_omron/OpenDrawer_PandaOmron_Env	100009	1300009	0	1			5		1	all_token_full	groot_n15_dit_block_residual_full_tokens_denoise	["layer","denoise_step","model_token","feature_dim"]	[7,4,49,1536]	[0,2,4,8,10,12,15]	n15_grid_v1	grid_coord	meta	meta_json	b8054b5e7258/worker2/OpenDrawer/right/s4/n9/base
b8054b5e7258	worker2	OpenDrawer/right	5	0	base	activation	1b3cec617324074f	1b3cec617324074f349e78fa89c1314ab16606015d077fe181382a99124a09d2	lerobot_groot_n15	n15	lerobot_groot_n15__robocasa365_ckpt120000		0	Open the right drawer.	robocasa_panda_omron/OpenDrawer_PandaOmron_Env	100010	1300000	0	1			5		1	all_token_full	groot_n15_dit_block_residual_full_tokens_denoise	["layer","denoise_step","model_token","feature_dim"]	[7,4,49,1536]	[0,2,4,8,10,12,15]	n15_grid_v1	grid_coord	meta	meta_json	b8054b5e7258/worker2/OpenDrawer/right/s5/n0/base
b8054b5e7258	worker2	OpenDrawer/right	5	1	base	activation	b81fa85c8d94c83a	b81fa85c8d94c83ad855282b4198252f1dca0756123176ed8007de684b600a24	lerobot_groot_n15	n15	lerobot_groot_n15__robocasa365_ckpt120000		0	Open the right drawer.	robocasa_panda_omron/OpenDrawer_PandaOmron_Env	100010	1300001	0	0			5		1	all_token_full	groot_n15_dit_block_residual_full_tokens_denoise	["layer","denoise_step","model_token","feature_dim"]	[7,4,49,1536]	[0,2,4,8,10,12,15]	n15_grid_v1	grid_coord	meta	meta_json	b8054b5e7258/worker2/OpenDrawer/right/s5/n1/base
b8054b5e7258	worker2	OpenDrawer/right	5	2	base	activation	fa94eb9535dcb25f	fa94eb9535dcb25f7c8426b9c9ae144e708219e4ed1cf49820bae6bdb7715d4e	lerobot_groot_n15	n15	lerobot_groot_n15__robocasa365_ckpt120000		0	Open the right drawer.	robocasa_panda_omron/OpenDrawer_PandaOmron_Env	100010	1300002	0	1			5		1	all_token_full	groot_n15_dit_block_residual_full_tokens_denoise	["layer","denoise_step","model_token","feature_dim"]	[7,4,49,1536]	[0,2,4,8,10,12,15]	n15_grid_v1	grid_coord	meta	meta_json	b8054b5e7258/worker2/OpenDrawer/right/s5/n2/base
b8054b5e7258	worker2	OpenDrawer/right	5	3	base	activation	d4dd5e4e40acfecc	d4dd5e4e40acfeccc2182ec79f4bcfc8aede177daea39ae4e114e64d334ac26f	lerobot_groot_n15	n15	lerobot_groot_n15__robocasa365_ckpt120000		0	Open the right drawer.	robocasa_panda_omron/OpenDrawer_PandaOmron_Env	100010	1300003	0	1			5		1	all_token_full	groot_n15_dit_block_residual_full_tokens_denoise	["layer","denoise_step","model_token","feature_dim"]	[7,4,49,1536]	[0,2,4,8,10,12,15]	n15_grid_v1	grid_coord	meta	meta_json	b8054b5e7258/worker2/OpenDrawer/right/s5/n3/base
b8054b5e7258	worker2	OpenDrawer/right	5	4	base	activation	e923ad45996dac06	e923ad45996dac06f926fad46080ff4b1c73641a77ca2252635b2e9525a1830d	lerobot_groot_n15	n15	lerobot_groot_n15__robocasa365_ckpt120000		0	Open the right drawer.	robocasa_panda_omron/OpenDrawer_PandaOmron_Env	100010	1300004	0	0			5		1	all_token_full	groot_n15_dit_block_residual_full_tokens_denoise	["layer","denoise_step","model_token","feature_dim"]	[7,4,49,1536]	[0,2,4,8,10,12,15]	n15_grid_v1	grid_coord	meta	meta_json	b8054b5e7258/worker2/OpenDrawer/right/s5/n4/base
b8054b5e7258	worker2	OpenDrawer/right	5	5	base	activation	0c5d6c0450a1b56e	0c5d6c0450a1b56e14331f953212dda61f855a04c9179ceb22266e6075136503	lerobot_groot_n15	n15	lerobot_groot_n15__robocasa365_ckpt120000		0	Open the right drawer.	robocasa_panda_omron/OpenDrawer_PandaOmron_Env	100010	1300005	0	0			5		1	all_token_full	groot_n15_dit_block_residual_full_tokens_denoise	["layer","denoise_step","model_token","feature_dim"]	[7,4,49,1536]	[0,2,4,8,10,12,15]	n15_grid_v1	grid_coord	meta	meta_json	b8054b5e7258/worker2/OpenDrawer/right/s5/n5/base
b8054b5e7258	worker2	OpenDrawer/right	5	6	base	activation	b2bf8c40f09ac7e1	b2bf8c40f09ac7e165f57a19d898aa7d3d24e06fd9e67e2620c743557b9cbbb3	lerobot_groot_n15	n15	lerobot_groot_n15__robocasa365_ckpt120000		0	Open the right drawer.	robocasa_panda_omron/OpenDrawer_PandaOmron_Env	100010	1300006	0	0			5		1	all_token_full	groot_n15_dit_block_residual_full_tokens_denoise	["layer","denoise_step","model_token","feature_dim"]	[7,4,49,1536]	[0,2,4,8,10,12,15]	n15_grid_v1	grid_coord	meta	meta_json	b8054b5e7258/worker2/OpenDrawer/right/s5/n6/base
b8054b5e7258	worker2	OpenDrawer/right	5	7	base	activation	9654205f4bc5c625	9654205f4bc5c62556a094f86b45f5e8f529b8fa3282323cb187d8e790f8a189	lerobot_groot_n15	n15	lerobot_groot_n15__robocasa365_ckpt120000		0	Open the right drawer.	robocasa_panda_omron/OpenDrawer_PandaOmron_Env	100010	1300007	0	0			5		1	all_token_full	groot_n15_dit_block_residual_full_tokens_denoise	["layer","denoise_step","model_token","feature_dim"]	[7,4,49,1536]	[0,2,4,8,10,12,15]	n15_grid_v1	grid_coord	meta	meta_json	b8054b5e7258/worker2/OpenDrawer/right/s5/n7/base
b8054b5e7258	worker2	OpenDrawer/right	5	8	base	activation	91852dbe550297ea	91852dbe550297ea1a445a12ad95100a19f1c109ef22e876c3c909454e21c128	lerobot_groot_n15	n15	lerobot_groot_n15__robocasa365_ckpt120000		0	Open the right drawer.	robocasa_panda_omron/OpenDrawer_PandaOmron_Env	100010	1300008	0	0			5		1	all_token_full	groot_n15_dit_block_residual_full_tokens_denoise	["layer","denoise_step","model_token","feature_dim"]	[7,4,49,1536]	[0,2,4,8,10,12,15]	n15_grid_v1	grid_coord	meta	meta_json	b8054b5e7258/worker2/OpenDrawer/right/s5/n8/base
b8054b5e7258	worker2	OpenDrawer/right	5	9	base	activation	d9ce4392836184fe	d9ce4392836184fe976a4dafa97b53aa1222f5b838229b0b964e4d5ab6469b3f	lerobot_groot_n15	n15	lerobot_groot_n15__robocasa365_ckpt120000		0	Open the right drawer.	robocasa_panda_omron/OpenDrawer_PandaOmron_Env	100010	1300009	0	0			5		1	all_token_full	groot_n15_dit_block_residual_full_tokens_denoise	["layer","denoise_step","model_token","feature_dim"]	[7,4,49,1536]	[0,2,4,8,10,12,15]	n15_grid_v1	grid_coord	meta	meta_json	b8054b5e7258/worker2/OpenDrawer/right/s5/n9/base
b8054b5e7258	worker2	OpenDrawer/right	6	0	base	activation	48329e8d128574a3	48329e8d128574a379aa759874a788e768a989f7a3bff176b0d422424407b247	lerobot_groot_n15	n15	lerobot_groot_n15__robocasa365_ckpt120000		0	Open the right drawer.	robocasa_panda_omron/OpenDrawer_PandaOmron_Env	100011	1300000	0	0			5		1	all_token_full	groot_n15_dit_block_residual_full_tokens_denoise	["layer","denoise_step","model_token","feature_dim"]	[7,4,49,1536]	[0,2,4,8,10,12,15]	n15_grid_v1	grid_coord	meta	meta_json	b8054b5e7258/worker2/OpenDrawer/right/s6/n0/base
b8054b5e7258	worker2	OpenDrawer/right	6	1	base	activation	36e0afe00e8efe24	36e0afe00e8efe24536f1b62c90a1110afeb0c6cec4db9c70d5df108aac0283b	lerobot_groot_n15	n15	lerobot_groot_n15__robocasa365_ckpt120000		0	Open the right drawer.	robocasa_panda_omron/OpenDrawer_PandaOmron_Env	100011	1300001	0	0			5		1	all_token_full	groot_n15_dit_block_residual_full_tokens_denoise	["layer","denoise_step","model_token","feature_dim"]	[7,4,49,1536]	[0,2,4,8,10,12,15]	n15_grid_v1	grid_coord	meta	meta_json	b8054b5e7258/worker2/OpenDrawer/right/s6/n1/base
b8054b5e7258	worker2	OpenDrawer/right	6	2	base	activation	91cf8701fd7365bb	91cf8701fd7365bbea033d53909b03e24ce3409949a2d771bed75423b3555993	lerobot_groot_n15	n15	lerobot_groot_n15__robocasa365_ckpt120000		0	Open the right drawer.	robocasa_panda_omron/OpenDrawer_PandaOmron_Env	100011	1300002	0	0			5		1	all_token_full	groot_n15_dit_block_residual_full_tokens_denoise	["layer","denoise_step","model_token","feature_dim"]	[7,4,49,1536]	[0,2,4,8,10,12,15]	n15_grid_v1	grid_coord	meta	meta_json	b8054b5e7258/worker2/OpenDrawer/right/s6/n2/base
b8054b5e7258	worker2	OpenDrawer/right	6	3	base	activation	fbd564e8f5373fa5	fbd564e8f5373fa57bcb4be15baa7deb7046382cbbe181ce03d73429fd119a3d	lerobot_groot_n15	n15	lerobot_groot_n15__robocasa365_ckpt120000		0	Open the right drawer.	robocasa_panda_omron/OpenDrawer_PandaOmron_Env	100011	1300003	0	0			5		1	all_token_full	groot_n15_dit_block_residual_full_tokens_denoise	["layer","denoise_step","model_token","feature_dim"]	[7,4,49,1536]	[0,2,4,8,10,12,15]	n15_grid_v1	grid_coord	meta	meta_json	b8054b5e7258/worker2/OpenDrawer/right/s6/n3/base
b8054b5e7258	worker2	OpenDrawer/right	6	4	base	activation	38140060b7f75343	38140060b7f75343001e2357207786b0b8694ac29341bd8f594999b912c6231d	lerobot_groot_n15	n15	lerobot_groot_n15__robocasa365_ckpt120000		0	Open the right drawer.	robocasa_panda_omron/OpenDrawer_PandaOmron_Env	100011	1300004	0	0			5		1	all_token_full	groot_n15_dit_block_residual_full_tokens_denoise	["layer","denoise_step","model_token","feature_dim"]	[7,4,49,1536]	[0,2,4,8,10,12,15]	n15_grid_v1	grid_coord	meta	meta_json	b8054b5e7258/worker2/OpenDrawer/right/s6/n4/base
b8054b5e7258	worker2	OpenDrawer/right	6	5	base	activation	e710da9c91191851	e710da9c9119185196072592c1d02ef3983e6a864ca2db2c497b3b1c05bab545	lerobot_groot_n15	n15	lerobot_groot_n15__robocasa365_ckpt120000		0	Open the right drawer.	robocasa_panda_omron/OpenDrawer_PandaOmron_Env	100011	1300005	0	0			5		1	all_token_full	groot_n15_dit_block_residual_full_tokens_denoise	["layer","denoise_step","model_token","feature_dim"]	[7,4,49,1536]	[0,2,4,8,10,12,15]	n15_grid_v1	grid_coord	meta	meta_json	b8054b5e7258/worker2/OpenDrawer/right/s6/n5/base
b8054b5e7258	worker2	OpenDrawer/right	6	6	base	activation	f5dd80fb63a8b08f	f5dd80fb63a8b08f114927ff3ca3b57ab8356f5652c0f2a2db53865e1315d487	lerobot_groot_n15	n15	lerobot_groot_n15__robocasa365_ckpt120000		0	Open the right drawer.	robocasa_panda_omron/OpenDrawer_PandaOmron_Env	100011	1300006	0	0			5		1	all_token_full	groot_n15_dit_block_residual_full_tokens_denoise	["layer","denoise_step","model_token","feature_dim"]	[7,4,49,1536]	[0,2,4,8,10,12,15]	n15_grid_v1	grid_coord	meta	meta_json	b8054b5e7258/worker2/OpenDrawer/right/s6/n6/base
b8054b5e7258	worker2	OpenDrawer/right	6	7	base	activation	3920d38b2c5fd217	3920d38b2c5fd217bc00260aea8611f76d22fc828105257aee2faf20539c26a5	lerobot_groot_n15	n15	lerobot_groot_n15__robocasa365_ckpt120000		0	Open the right drawer.	robocasa_panda_omron/OpenDrawer_PandaOmron_Env	100011	1300007	0	0			5		1	all_token_full	groot_n15_dit_block_residual_full_tokens_denoise	["layer","denoise_step","model_token","feature_dim"]	[7,4,49,1536]	[0,2,4,8,10,12,15]	n15_grid_v1	grid_coord	meta	meta_json	b8054b5e7258/worker2/OpenDrawer/right/s6/n7/base
b8054b5e7258	worker2	OpenDrawer/right	6	8	base	activation	8cbef8e091522352	8cbef8e0915223522c23e2d17a6fd4edb1932454270d81fe325c09a7ba935460	lerobot_groot_n15	n15	lerobot_groot_n15__robocasa365_ckpt120000		0	Open the right drawer.	robocasa_panda_omron/OpenDrawer_PandaOmron_Env	100011	1300008	0	0			5		1	all_token_full	groot_n15_dit_block_residual_full_tokens_denoise	["layer","denoise_step","model_token","feature_dim"]	[7,4,49,1536]	[0,2,4,8,10,12,15]	n15_grid_v1	grid_coord	meta	meta_json	b8054b5e7258/worker2/OpenDrawer/right/s6/n8/base
b8054b5e7258	worker2	OpenDrawer/right	6	9	base	activation	482341a38d371758	482341a38d37175814cc28e56a544e6f3b8607ca83150b9c0b424cbe4a6d7e86	lerobot_groot_n15	n15	lerobot_groot_n15__robocasa365_ckpt120000		0	Open the right drawer.	robocasa_panda_omron/OpenDrawer_PandaOmron_Env	100011	1300009	0	0			5		1	all_token_full	groot_n15_dit_block_residual_full_tokens_denoise	["layer","denoise_step","model_token","feature_dim"]	[7,4,49,1536]	[0,2,4,8,10,12,15]	n15_grid_v1	grid_coord	meta	meta_json	b8054b5e7258/worker2/OpenDrawer/right/s6/n9/base
b8054b5e7258	worker2	OpenDrawer/right	7	0	base	activation	0195b12c54cf29c4	0195b12c54cf29c48a6be626bd4eb7fd823190078af64f642039bf93b3fd2d26	lerobot_groot_n15	n15	lerobot_groot_n15__robocasa365_ckpt120000		0	Open the right drawer.	robocasa_panda_omron/OpenDrawer_PandaOmron_Env	100012	1300000	0	1			5		1	all_token_full	groot_n15_dit_block_residual_full_tokens_denoise	["layer","denoise_step","model_token","feature_dim"]	[7,4,49,1536]	[0,2,4,8,10,12,15]	n15_grid_v1	grid_coord	meta	meta_json	b8054b5e7258/worker2/OpenDrawer/right/s7/n0/base
b8054b5e7258	worker2	OpenDrawer/right	7	1	base	activation	4ee4a3f7b38723e9	4ee4a3f7b38723e9ea926b3cf09e4dfe49bc5473965db9972a9d0c54be4a70aa	lerobot_groot_n15	n15	lerobot_groot_n15__robocasa365_ckpt120000		0	Open the right drawer.	robocasa_panda_omron/OpenDrawer_PandaOmron_Env	100012	1300001	0	1			5		1	all_token_full	groot_n15_dit_block_residual_full_tokens_denoise	["layer","denoise_step","model_token","feature_dim"]	[7,4,49,1536]	[0,2,4,8,10,12,15]	n15_grid_v1	grid_coord	meta	meta_json	b8054b5e7258/worker2/OpenDrawer/right/s7/n1/base
b8054b5e7258	worker2	OpenDrawer/right	7	2	base	activation	afcc82fafdc550b5	afcc82fafdc550b53977a242a85b4f8e775f25030c6c3bda08f6418c92f1b67e	lerobot_groot_n15	n15	lerobot_groot_n15__robocasa365_ckpt120000		0	Open the right drawer.	robocasa_panda_omron/OpenDrawer_PandaOmron_Env	100012	1300002	0	1			5		1	all_token_full	groot_n15_dit_block_residual_full_tokens_denoise	["layer","denoise_step","model_token","feature_dim"]	[7,4,49,1536]	[0,2,4,8,10,12,15]	n15_grid_v1	grid_coord	meta	meta_json	b8054b5e7258/worker2/OpenDrawer/right/s7/n2/base
b8054b5e7258	worker2	OpenDrawer/right	7	3	base	activation	69eb00abe3d29ada	69eb00abe3d29ada24c4a621cc3793c922e810cab585b937d85ea67aba4f4529	lerobot_groot_n15	n15	lerobot_groot_n15__robocasa365_ckpt120000		0	Open the right drawer.	robocasa_panda_omron/OpenDrawer_PandaOmron_Env	100012	1300003	0	1			5		1	all_token_full	groot_n15_dit_block_residual_full_tokens_denoise	["layer","denoise_step","model_token","feature_dim"]	[7,4,49,1536]	[0,2,4,8,10,12,15]	n15_grid_v1	grid_coord	meta	meta_json	b8054b5e7258/worker2/OpenDrawer/right/s7/n3/base
b8054b5e7258	worker2	OpenDrawer/right	7	4	base	activation	8edde280933f2c43	8edde280933f2c43cf66127279b8be88399560dbfbfe67473df2e95f0e8a2062	lerobot_groot_n15	n15	lerobot_groot_n15__robocasa365_ckpt120000		0	Open the right drawer.	robocasa_panda_omron/OpenDrawer_PandaOmron_Env	100012	1300004	0	1			5		1	all_token_full	groot_n15_dit_block_residual_full_tokens_denoise	["layer","denoise_step","model_token","feature_dim"]	[7,4,49,1536]	[0,2,4,8,10,12,15]	n15_grid_v1	grid_coord	meta	meta_json	b8054b5e7258/worker2/OpenDrawer/right/s7/n4/base
b8054b5e7258	worker2	OpenDrawer/right	7	5	base	activation	d8b500bd2015f9b9	d8b500bd2015f9b9bcae13d694756b6dd1a44faa9eb0d879fd99d609d2a34824	lerobot_groot_n15	n15	lerobot_groot_n15__robocasa365_ckpt120000		0	Open the right drawer.	robocasa_panda_omron/OpenDrawer_PandaOmron_Env	100012	1300005	0	1			5		1	all_token_full	groot_n15_dit_block_residual_full_tokens_denoise	["layer","denoise_step","model_token","feature_dim"]	[7,4,49,1536]	[0,2,4,8,10,12,15]	n15_grid_v1	grid_coord	meta	meta_json	b8054b5e7258/worker2/OpenDrawer/right/s7/n5/base
b8054b5e7258	worker2	OpenDrawer/right	7	6	base	activation	408f741ca3bc1a26	408f741ca3bc1a26ff6e1092276e9ed33db099df0261e69b38c864c2f4a1fd21	lerobot_groot_n15	n15	lerobot_groot_n15__robocasa365_ckpt120000		0	Open the right drawer.	robocasa_panda_omron/OpenDrawer_PandaOmron_Env	100012	1300006	0	1			5		1	all_token_full	groot_n15_dit_block_residual_full_tokens_denoise	["layer","denoise_step","model_token","feature_dim"]	[7,4,49,1536]	[0,2,4,8,10,12,15]	n15_grid_v1	grid_coord	meta	meta_json	b8054b5e7258/worker2/OpenDrawer/right/s7/n6/base
b8054b5e7258	worker2	OpenDrawer/right	7	7	base	activation	f427ac7fe6c80223	f427ac7fe6c80223ed11462ce992cc054509ddae810074a42f6104d625474956	lerobot_groot_n15	n15	lerobot_groot_n15__robocasa365_ckpt120000		0	Open the right drawer.	robocasa_panda_omron/OpenDrawer_PandaOmron_Env	100012	1300007	0	1			5		1	all_token_full	groot_n15_dit_block_residual_full_tokens_denoise	["layer","denoise_step","model_token","feature_dim"]	[7,4,49,1536]	[0,2,4,8,10,12,15]	n15_grid_v1	grid_coord	meta	meta_json	b8054b5e7258/worker2/OpenDrawer/right/s7/n7/base
b8054b5e7258	worker2	OpenDrawer/right	7	8	base	activation	e6c06083da27ba74	e6c06083da27ba749bfd1b9cc63be889ef5abd98752b00008b8d9a9b2149dbbb	lerobot_groot_n15	n15	lerobot_groot_n15__robocasa365_ckpt120000		0	Open the right drawer.	robocasa_panda_omron/OpenDrawer_PandaOmron_Env	100012	1300008	0	0			5		1	all_token_full	groot_n15_dit_block_residual_full_tokens_denoise	["layer","denoise_step","model_token","feature_dim"]	[7,4,49,1536]	[0,2,4,8,10,12,15]	n15_grid_v1	grid_coord	meta	meta_json	b8054b5e7258/worker2/OpenDrawer/right/s7/n8/base
b8054b5e7258	worker2	OpenDrawer/right	7	9	base	activation	35e510ea8f392527	35e510ea8f3925276f99aa7cadeaf9ed7c07a36e61f175721205a9ad4f402748	lerobot_groot_n15	n15	lerobot_groot_n15__robocasa365_ckpt120000		0	Open the right drawer.	robocasa_panda_omron/OpenDrawer_PandaOmron_Env	100012	1300009	0	1			5		1	all_token_full	groot_n15_dit_block_residual_full_tokens_denoise	["layer","denoise_step","model_token","feature_dim"]	[7,4,49,1536]	[0,2,4,8,10,12,15]	n15_grid_v1	grid_coord	meta	meta_json	b8054b5e7258/worker2/OpenDrawer/right/s7/n9/base
b8054b5e7258	worker2	OpenDrawer/right	8	0	base	activation	f9e535ad1bd83a94	f9e535ad1bd83a941ebfda0db52b20e2305b3bd2a6dde0c2e90373bf166bba55	lerobot_groot_n15	n15	lerobot_groot_n15__robocasa365_ckpt120000		0	Open the right drawer.	robocasa_panda_omron/OpenDrawer_PandaOmron_Env	100016	1300000	0	1			5		1	all_token_full	groot_n15_dit_block_residual_full_tokens_denoise	["layer","denoise_step","model_token","feature_dim"]	[7,4,49,1536]	[0,2,4,8,10,12,15]	n15_grid_v1	grid_coord	meta	meta_json	b8054b5e7258/worker2/OpenDrawer/right/s8/n0/base
b8054b5e7258	worker2	OpenDrawer/right	8	1	base	activation	6f4b2fa571aeeefa	6f4b2fa571aeeefa88fcfc5c938c07dd088fcd848a2436b25722921358d2967d	lerobot_groot_n15	n15	lerobot_groot_n15__robocasa365_ckpt120000		0	Open the right drawer.	robocasa_panda_omron/OpenDrawer_PandaOmron_Env	100016	1300001	0	1			5		1	all_token_full	groot_n15_dit_block_residual_full_tokens_denoise	["layer","denoise_step","model_token","feature_dim"]	[7,4,49,1536]	[0,2,4,8,10,12,15]	n15_grid_v1	grid_coord	meta	meta_json	b8054b5e7258/worker2/OpenDrawer/right/s8/n1/base
b8054b5e7258	worker2	OpenDrawer/right	8	2	base	activation	47e5867900fb9be5	47e5867900fb9be53de8ef7cb8fe2ce53a55f30735f6a49dda9f96fe0a935636	lerobot_groot_n15	n15	lerobot_groot_n15__robocasa365_ckpt120000		0	Open the right drawer.	robocasa_panda_omron/OpenDrawer_PandaOmron_Env	100016	1300002	0	0			5		1	all_token_full	groot_n15_dit_block_residual_full_tokens_denoise	["layer","denoise_step","model_token","feature_dim"]	[7,4,49,1536]	[0,2,4,8,10,12,15]	n15_grid_v1	grid_coord	meta	meta_json	b8054b5e7258/worker2/OpenDrawer/right/s8/n2/base
b8054b5e7258	worker2	OpenDrawer/right	8	3	base	activation	b393782ccdb52421	b393782ccdb52421bd1aa1c63bb137dcaabf63aff1ad552eb6d10ab96d04cc1e	lerobot_groot_n15	n15	lerobot_groot_n15__robocasa365_ckpt120000		0	Open the right drawer.	robocasa_panda_omron/OpenDrawer_PandaOmron_Env	100016	1300003	0	1			5		1	all_token_full	groot_n15_dit_block_residual_full_tokens_denoise	["layer","denoise_step","model_token","feature_dim"]	[7,4,49,1536]	[0,2,4,8,10,12,15]	n15_grid_v1	grid_coord	meta	meta_json	b8054b5e7258/worker2/OpenDrawer/right/s8/n3/base
b8054b5e7258	worker2	OpenDrawer/right	8	4	base	activation	56c15663309e1bc7	56c15663309e1bc7dd34363dc6d56f7667df6c71dea62ff01a2d358ca10eba90	lerobot_groot_n15	n15	lerobot_groot_n15__robocasa365_ckpt120000		0	Open the right drawer.	robocasa_panda_omron/OpenDrawer_PandaOmron_Env	100016	1300004	0	1			5		1	all_token_full	groot_n15_dit_block_residual_full_tokens_denoise	["layer","denoise_step","model_token","feature_dim"]	[7,4,49,1536]	[0,2,4,8,10,12,15]	n15_grid_v1	grid_coord	meta	meta_json	b8054b5e7258/worker2/OpenDrawer/right/s8/n4/base
b8054b5e7258	worker2	OpenDrawer/right	8	5	base	activation	ea6136b1b5d42263	ea6136b1b5d42263d45e3d1e2489aa2f4cdedb926442b567cb2b38057f0e81d7	lerobot_groot_n15	n15	lerobot_groot_n15__robocasa365_ckpt120000		0	Open the right drawer.	robocasa_panda_omron/OpenDrawer_PandaOmron_Env	100016	1300005	0	1			5		1	all_token_full	groot_n15_dit_block_residual_full_tokens_denoise	["layer","denoise_step","model_token","feature_dim"]	[7,4,49,1536]	[0,2,4,8,10,12,15]	n15_grid_v1	grid_coord	meta	meta_json	b8054b5e7258/worker2/OpenDrawer/right/s8/n5/base
b8054b5e7258	worker2	OpenDrawer/right	8	6	base	activation	c51169162b7e9580	c51169162b7e9580cabdb31b4395ba98a1f7b3e48c34ee04e3764ce8be418d60	lerobot_groot_n15	n15	lerobot_groot_n15__robocasa365_ckpt120000		0	Open the right drawer.	robocasa_panda_omron/OpenDrawer_PandaOmron_Env	100016	1300006	0	1			5		1	all_token_full	groot_n15_dit_block_residual_full_tokens_denoise	["layer","denoise_step","model_token","feature_dim"]	[7,4,49,1536]	[0,2,4,8,10,12,15]	n15_grid_v1	grid_coord	meta	meta_json	b8054b5e7258/worker2/OpenDrawer/right/s8/n6/base
b8054b5e7258	worker2	OpenDrawer/right	8	7	base	activation	a280b3cf9edc46ab	a280b3cf9edc46abea31197fc506a1ba12026f67d4b4591168db4069b3933748	lerobot_groot_n15	n15	lerobot_groot_n15__robocasa365_ckpt120000		0	Open the right drawer.	robocasa_panda_omron/OpenDrawer_PandaOmron_Env	100016	1300007	0	1			5		1	all_token_full	groot_n15_dit_block_residual_full_tokens_denoise	["layer","denoise_step","model_token","feature_dim"]	[7,4,49,1536]	[0,2,4,8,10,12,15]	n15_grid_v1	grid_coord	meta	meta_json	b8054b5e7258/worker2/OpenDrawer/right/s8/n7/base
b8054b5e7258	worker2	OpenDrawer/right	8	8	base	activation	e677e1ae7f922080	e677e1ae7f92208013f27e591e5be65be498e433e3f36f2729fb3137c8271ff7	lerobot_groot_n15	n15	lerobot_groot_n15__robocasa365_ckpt120000		0	Open the right drawer.	robocasa_panda_omron/OpenDrawer_PandaOmron_Env	100016	1300008	0	1			5		1	all_token_full	groot_n15_dit_block_residual_full_tokens_denoise	["layer","denoise_step","model_token","feature_dim"]	[7,4,49,1536]	[0,2,4,8,10,12,15]	n15_grid_v1	grid_coord	meta	meta_json	b8054b5e7258/worker2/OpenDrawer/right/s8/n8/base
b8054b5e7258	worker2	OpenDrawer/right	8	9	base	activation	e410503d4f014800	e410503d4f01480088ec0a27ef0774c85ccf289ce029d93bbae639cabf1916f6	lerobot_groot_n15	n15	lerobot_groot_n15__robocasa365_ckpt120000		0	Open the right drawer.	robocasa_panda_omron/OpenDrawer_PandaOmron_Env	100016	1300009	0	1			5		1	all_token_full	groot_n15_dit_block_residual_full_tokens_denoise	["layer","denoise_step","model_token","feature_dim"]	[7,4,49,1536]	[0,2,4,8,10,12,15]	n15_grid_v1	grid_coord	meta	meta_json	b8054b5e7258/worker2/OpenDrawer/right/s8/n9/base
b8054b5e7258	worker2	OpenDrawer/right	9	0	base	activation	18d1a178dbffa34d	18d1a178dbffa34dcec8c93bb70897444b8992b0b5e221c6fa05521809575d00	lerobot_groot_n15	n15	lerobot_groot_n15__robocasa365_ckpt120000		0	Open the right drawer.	robocasa_panda_omron/OpenDrawer_PandaOmron_Env	100018	1300000	0	0			5		1	all_token_full	groot_n15_dit_block_residual_full_tokens_denoise	["layer","denoise_step","model_token","feature_dim"]	[7,4,49,1536]	[0,2,4,8,10,12,15]	n15_grid_v1	grid_coord	meta	meta_json	b8054b5e7258/worker2/OpenDrawer/right/s9/n0/base
b8054b5e7258	worker2	OpenDrawer/right	9	1	base	activation	d324180a0f008b39	d324180a0f008b394ff8ce9c1ee631c5d44de527948d61220a93295bac6f312d	lerobot_groot_n15	n15	lerobot_groot_n15__robocasa365_ckpt120000		0	Open the right drawer.	robocasa_panda_omron/OpenDrawer_PandaOmron_Env	100018	1300001	0	1			5		1	all_token_full	groot_n15_dit_block_residual_full_tokens_denoise	["layer","denoise_step","model_token","feature_dim"]	[7,4,49,1536]	[0,2,4,8,10,12,15]	n15_grid_v1	grid_coord	meta	meta_json	b8054b5e7258/worker2/OpenDrawer/right/s9/n1/base
b8054b5e7258	worker2	OpenDrawer/right	9	2	base	activation	2aff181d3488b197	2aff181d3488b197f7ad1f7a8db775480a476c1f2eb2b31a7a8e67cf3209d50a	lerobot_groot_n15	n15	lerobot_groot_n15__robocasa365_ckpt120000		0	Open the right drawer.	robocasa_panda_omron/OpenDrawer_PandaOmron_Env	100018	1300002	0	1			5		1	all_token_full	groot_n15_dit_block_residual_full_tokens_denoise	["layer","denoise_step","model_token","feature_dim"]	[7,4,49,1536]	[0,2,4,8,10,12,15]	n15_grid_v1	grid_coord	meta	meta_json	b8054b5e7258/worker2/OpenDrawer/right/s9/n2/base
b8054b5e7258	worker2	OpenDrawer/right	9	3	base	activation	6a960cfbd8a0e535	6a960cfbd8a0e535867f0f4164b786271021939f1a9bf0bf6c7af67299528292	lerobot_groot_n15	n15	lerobot_groot_n15__robocasa365_ckpt120000		0	Open the right drawer.	robocasa_panda_omron/OpenDrawer_PandaOmron_Env	100018	1300003	0	0			5		1	all_token_full	groot_n15_dit_block_residual_full_tokens_denoise	["layer","denoise_step","model_token","feature_dim"]	[7,4,49,1536]	[0,2,4,8,10,12,15]	n15_grid_v1	grid_coord	meta	meta_json	b8054b5e7258/worker2/OpenDrawer/right/s9/n3/base
b8054b5e7258	worker2	OpenDrawer/right	9	4	base	activation	bccc36574bacf8a9	bccc36574bacf8a9bd90c0d15dfa7d0572e35fbddee1b1dae5608c54a2045d4e	lerobot_groot_n15	n15	lerobot_groot_n15__robocasa365_ckpt120000		0	Open the right drawer.	robocasa_panda_omron/OpenDrawer_PandaOmron_Env	100018	1300004	0	0			5		1	all_token_full	groot_n15_dit_block_residual_full_tokens_denoise	["layer","denoise_step","model_token","feature_dim"]	[7,4,49,1536]	[0,2,4,8,10,12,15]	n15_grid_v1	grid_coord	meta	meta_json	b8054b5e7258/worker2/OpenDrawer/right/s9/n4/base
b8054b5e7258	worker2	OpenDrawer/right	9	5	base	activation	934948330e44f03d	934948330e44f03d783cd4520bf00df40ee9493e110185d961a60ab1a29e1b95	lerobot_groot_n15	n15	lerobot_groot_n15__robocasa365_ckpt120000		0	Open the right drawer.	robocasa_panda_omron/OpenDrawer_PandaOmron_Env	100018	1300005	0	1			5		1	all_token_full	groot_n15_dit_block_residual_full_tokens_denoise	["layer","denoise_step","model_token","feature_dim"]	[7,4,49,1536]	[0,2,4,8,10,12,15]	n15_grid_v1	grid_coord	meta	meta_json	b8054b5e7258/worker2/OpenDrawer/right/s9/n5/base
b8054b5e7258	worker2	OpenDrawer/right	9	6	base	activation	86caf9268c1403e4	86caf9268c1403e4b68b8de49f753f70720efb477c2221fb976bbf7ff175affd	lerobot_groot_n15	n15	lerobot_groot_n15__robocasa365_ckpt120000		0	Open the right drawer.	robocasa_panda_omron/OpenDrawer_PandaOmron_Env	100018	1300006	0	1			5		1	all_token_full	groot_n15_dit_block_residual_full_tokens_denoise	["layer","denoise_step","model_token","feature_dim"]	[7,4,49,1536]	[0,2,4,8,10,12,15]	n15_grid_v1	grid_coord	meta	meta_json	b8054b5e7258/worker2/OpenDrawer/right/s9/n6/base
b8054b5e7258	worker2	OpenDrawer/right	9	7	base	activation	e72c3cb848a485fe	e72c3cb848a485fea430dcd3109646261e32e5b6f620b34143a87c2cb36f5fec	lerobot_groot_n15	n15	lerobot_groot_n15__robocasa365_ckpt120000		0	Open the right drawer.	robocasa_panda_omron/OpenDrawer_PandaOmron_Env	100018	1300007	0	1			5		1	all_token_full	groot_n15_dit_block_residual_full_tokens_denoise	["layer","denoise_step","model_token","feature_dim"]	[7,4,49,1536]	[0,2,4,8,10,12,15]	n15_grid_v1	grid_coord	meta	meta_json	b8054b5e7258/worker2/OpenDrawer/right/s9/n7/base
b8054b5e7258	worker2	OpenDrawer/right	9	8	base	activation	3ba45eb617ba15fe	3ba45eb617ba15fea18df37777be6a8f8962263e5c0bd2f6499b6d1b23165042	lerobot_groot_n15	n15	lerobot_groot_n15__robocasa365_ckpt120000		0	Open the right drawer.	robocasa_panda_omron/OpenDrawer_PandaOmron_Env	100018	1300008	0	1			5		1	all_token_full	groot_n15_dit_block_residual_full_tokens_denoise	["layer","denoise_step","model_token","feature_dim"]	[7,4,49,1536]	[0,2,4,8,10,12,15]	n15_grid_v1	grid_coord	meta	meta_json	b8054b5e7258/worker2/OpenDrawer/right/s9/n8/base
b8054b5e7258	worker2	OpenDrawer/right	9	9	base	activation	e1066eca95ba2a19	e1066eca95ba2a19fa4a0b8aba6928f2467c394de4acedd9d8ba4c73801eec20	lerobot_groot_n15	n15	lerobot_groot_n15__robocasa365_ckpt120000		0	Open the right drawer.	robocasa_panda_omron/OpenDrawer_PandaOmron_Env	100018	1300009	0	1			5		1	all_token_full	groot_n15_dit_block_residual_full_tokens_denoise	["layer","denoise_step","model_token","feature_dim"]	[7,4,49,1536]	[0,2,4,8,10,12,15]	n15_grid_v1	grid_coord	meta	meta_json	b8054b5e7258/worker2/OpenDrawer/right/s9/n9/base
b8054b5e7258	worker2	PPCC/candle	0	0	base	activation	ff902330a3ff25ad	ff902330a3ff25ad3cc5128dbdb7edf6cadbedfcc85c6c4a0665bc4f536e6acb	lerobot_groot_n15	n15	lerobot_groot_n15__robocasa365_ckpt120000		0	Pick the candle from the counter and place it in the cabinet.	robocasa_panda_omron/PickPlaceCounterToCabinet_PandaOmron_Env	100058	1300000	0	1			5		1	all_token_full	groot_n15_dit_block_residual_full_tokens_denoise	["layer","denoise_step","model_token","feature_dim"]	[7,4,49,1536]	[0,2,4,8,10,12,15]	n15_grid_v1	grid_coord	meta	meta_json	b8054b5e7258/worker2/PPCC/candle/s0/n0/base
b8054b5e7258	worker2	PPCC/candle	0	1	base	activation	203958f6e72c883b	203958f6e72c883b5e63d27fcf7d2c5444b30971519def00fe1a0c0254b28dad	lerobot_groot_n15	n15	lerobot_groot_n15__robocasa365_ckpt120000		0	Pick the candle from the counter and place it in the cabinet.	robocasa_panda_omron/PickPlaceCounterToCabinet_PandaOmron_Env	100058	1300001	0	1			5		1	all_token_full	groot_n15_dit_block_residual_full_tokens_denoise	["layer","denoise_step","model_token","feature_dim"]	[7,4,49,1536]	[0,2,4,8,10,12,15]	n15_grid_v1	grid_coord	meta	meta_json	b8054b5e7258/worker2/PPCC/candle/s0/n1/base
b8054b5e7258	worker2	PPCC/candle	0	2	base	activation	8881dee80898533b	8881dee80898533b2eb461d84c869ee694a5518604465c1d17ad5a97dbe269a2	lerobot_groot_n15	n15	lerobot_groot_n15__robocasa365_ckpt120000		0	Pick the candle from the counter and place it in the cabinet.	robocasa_panda_omron/PickPlaceCounterToCabinet_PandaOmron_Env	100058	1300002	0	1			5		1	all_token_full	groot_n15_dit_block_residual_full_tokens_denoise	["layer","denoise_step","model_token","feature_dim"]	[7,4,49,1536]	[0,2,4,8,10,12,15]	n15_grid_v1	grid_coord	meta	meta_json	b8054b5e7258/worker2/PPCC/candle/s0/n2/base
b8054b5e7258	worker2	PPCC/candle	0	3	base	activation	1569186c9249692c	1569186c9249692c0c18ae5d9cf24ab689685c628173458e20d7779fac561110	lerobot_groot_n15	n15	lerobot_groot_n15__robocasa365_ckpt120000		0	Pick the candle from the counter and place it in the cabinet.	robocasa_panda_omron/PickPlaceCounterToCabinet_PandaOmron_Env	100058	1300003	0	1			5		1	all_token_full	groot_n15_dit_block_residual_full_tokens_denoise	["layer","denoise_step","model_token","feature_dim"]	[7,4,49,1536]	[0,2,4,8,10,12,15]	n15_grid_v1	grid_coord	meta	meta_json	b8054b5e7258/worker2/PPCC/candle/s0/n3/base
b8054b5e7258	worker2	PPCC/candle	0	4	base	activation	7b55c8d9e06d0fee	7b55c8d9e06d0fee6ec5e5242b39ddbd4886b1e9fc44191de55a29662a2b78aa	lerobot_groot_n15	n15	lerobot_groot_n15__robocasa365_ckpt120000		0	Pick the candle from the counter and place it in the cabinet.	robocasa_panda_omron/PickPlaceCounterToCabinet_PandaOmron_Env	100058	1300004	0	1			5		1	all_token_full	groot_n15_dit_block_residual_full_tokens_denoise	["layer","denoise_step","model_token","feature_dim"]	[7,4,49,1536]	[0,2,4,8,10,12,15]	n15_grid_v1	grid_coord	meta	meta_json	b8054b5e7258/worker2/PPCC/candle/s0/n4/base
b8054b5e7258	worker2	PPCC/candle	0	5	base	activation	fb3cba6874c75c43	fb3cba6874c75c436493c728eb91eb7d33d612c83e76827209c7ceb314bae62d	lerobot_groot_n15	n15	lerobot_groot_n15__robocasa365_ckpt120000		0	Pick the candle from the counter and place it in the cabinet.	robocasa_panda_omron/PickPlaceCounterToCabinet_PandaOmron_Env	100058	1300005	0	1			5		1	all_token_full	groot_n15_dit_block_residual_full_tokens_denoise	["layer","denoise_step","model_token","feature_dim"]	[7,4,49,1536]	[0,2,4,8,10,12,15]	n15_grid_v1	grid_coord	meta	meta_json	b8054b5e7258/worker2/PPCC/candle/s0/n5/base
b8054b5e7258	worker2	PPCC/candle	0	6	base	activation	df404546215921f8	df404546215921f8724c49b57d037a48831ce9e3b0cfcff9b02acf56160ea247	lerobot_groot_n15	n15	lerobot_groot_n15__robocasa365_ckpt120000		0	Pick the candle from the counter and place it in the cabinet.	robocasa_panda_omron/PickPlaceCounterToCabinet_PandaOmron_Env	100058	1300006	0	1			5		1	all_token_full	groot_n15_dit_block_residual_full_tokens_denoise	["layer","denoise_step","model_token","feature_dim"]	[7,4,49,1536]	[0,2,4,8,10,12,15]	n15_grid_v1	grid_coord	meta	meta_json	b8054b5e7258/worker2/PPCC/candle/s0/n6/base
b8054b5e7258	worker2	PPCC/candle	0	7	base	activation	bfa52cc0c392248e	bfa52cc0c392248e7a87604e45c2771fe776db71f69d5d9405a1fcffe2d42215	lerobot_groot_n15	n15	lerobot_groot_n15__robocasa365_ckpt120000		0	Pick the candle from the counter and place it in the cabinet.	robocasa_panda_omron/PickPlaceCounterToCabinet_PandaOmron_Env	100058	1300007	0	0			5		1	all_token_full	groot_n15_dit_block_residual_full_tokens_denoise	["layer","denoise_step","model_token","feature_dim"]	[7,4,49,1536]	[0,2,4,8,10,12,15]	n15_grid_v1	grid_coord	meta	meta_json	b8054b5e7258/worker2/PPCC/candle/s0/n7/base
b8054b5e7258	worker2	PPCC/candle	0	8	base	activation	2148c4dfa21e108c	2148c4dfa21e108cec70af8f10022063a84510842b3f4e15be8520075f1fda0c	lerobot_groot_n15	n15	lerobot_groot_n15__robocasa365_ckpt120000		0	Pick the candle from the counter and place it in the cabinet.	robocasa_panda_omron/PickPlaceCounterToCabinet_PandaOmron_Env	100058	1300008	0	1			5		1	all_token_full	groot_n15_dit_block_residual_full_tokens_denoise	["layer","denoise_step","model_token","feature_dim"]	[7,4,49,1536]	[0,2,4,8,10,12,15]	n15_grid_v1	grid_coord	meta	meta_json	b8054b5e7258/worker2/PPCC/candle/s0/n8/base
b8054b5e7258	worker2	PPCC/candle	0	9	base	activation	27adeabf41816159	27adeabf418161594d9ba57449fd11a83d3ecb866c777f4aa3c25020861d3e81	lerobot_groot_n15	n15	lerobot_groot_n15__robocasa365_ckpt120000		0	Pick the candle from the counter and place it in the cabinet.	robocasa_panda_omron/PickPlaceCounterToCabinet_PandaOmron_Env	100058	1300009	0	1			5		1	all_token_full	groot_n15_dit_block_residual_full_tokens_denoise	["layer","denoise_step","model_token","feature_dim"]	[7,4,49,1536]	[0,2,4,8,10,12,15]	n15_grid_v1	grid_coord	meta	meta_json	b8054b5e7258/worker2/PPCC/candle/s0/n9/base
b8054b5e7258	worker2	PPCC/candle	1	0	base	activation	649c1a6eae320b33	649c1a6eae320b330083bf8bc137378a05de9cc86d57d419d96294c56b597eab	lerobot_groot_n15	n15	lerobot_groot_n15__robocasa365_ckpt120000		0	Pick the candle from the counter and place it in the cabinet.	robocasa_panda_omron/PickPlaceCounterToCabinet_PandaOmron_Env	100107	1300000	0	0			5		1	all_token_full	groot_n15_dit_block_residual_full_tokens_denoise	["layer","denoise_step","model_token","feature_dim"]	[7,4,49,1536]	[0,2,4,8,10,12,15]	n15_grid_v1	grid_coord	meta	meta_json	b8054b5e7258/worker2/PPCC/candle/s1/n0/base
b8054b5e7258	worker2	PPCC/candle	1	1	base	activation	276411b2ac947247	276411b2ac9472477b7ff5288650319429d887962f55af3cc15939331f728c5d	lerobot_groot_n15	n15	lerobot_groot_n15__robocasa365_ckpt120000		0	Pick the candle from the counter and place it in the cabinet.	robocasa_panda_omron/PickPlaceCounterToCabinet_PandaOmron_Env	100107	1300001	0	1			5		1	all_token_full	groot_n15_dit_block_residual_full_tokens_denoise	["layer","denoise_step","model_token","feature_dim"]	[7,4,49,1536]	[0,2,4,8,10,12,15]	n15_grid_v1	grid_coord	meta	meta_json	b8054b5e7258/worker2/PPCC/candle/s1/n1/base
b8054b5e7258	worker2	PPCC/candle	1	2	base	activation	74b50d720328c540	74b50d720328c540289e799bccdd4889fb87040a88283c0e1fe753f2a5ce9418	lerobot_groot_n15	n15	lerobot_groot_n15__robocasa365_ckpt120000		0	Pick the candle from the counter and place it in the cabinet.	robocasa_panda_omron/PickPlaceCounterToCabinet_PandaOmron_Env	100107	1300002	0	0			5		1	all_token_full	groot_n15_dit_block_residual_full_tokens_denoise	["layer","denoise_step","model_token","feature_dim"]	[7,4,49,1536]	[0,2,4,8,10,12,15]	n15_grid_v1	grid_coord	meta	meta_json	b8054b5e7258/worker2/PPCC/candle/s1/n2/base
b8054b5e7258	worker2	PPCC/candle	1	3	base	activation	caa11a43f05335ad	caa11a43f05335ad730bc66634a7f889baedeeb0cbfdeba26c7ec59fb2eab7f6	lerobot_groot_n15	n15	lerobot_groot_n15__robocasa365_ckpt120000		0	Pick the candle from the counter and place it in the cabinet.	robocasa_panda_omron/PickPlaceCounterToCabinet_PandaOmron_Env	100107	1300003	0	1			5		1	all_token_full	groot_n15_dit_block_residual_full_tokens_denoise	["layer","denoise_step","model_token","feature_dim"]	[7,4,49,1536]	[0,2,4,8,10,12,15]	n15_grid_v1	grid_coord	meta	meta_json	b8054b5e7258/worker2/PPCC/candle/s1/n3/base
b8054b5e7258	worker2	PPCC/candle	1	4	base	activation	f0a8ffea6cd2c4dd	f0a8ffea6cd2c4dd05adf31341fb6aaa58ab7b8445379e4e8d2c9f33f0e2fc92	lerobot_groot_n15	n15	lerobot_groot_n15__robocasa365_ckpt120000		0	Pick the candle from the counter and place it in the cabinet.	robocasa_panda_omron/PickPlaceCounterToCabinet_PandaOmron_Env	100107	1300004	0	1			5		1	all_token_full	groot_n15_dit_block_residual_full_tokens_denoise	["layer","denoise_step","model_token","feature_dim"]	[7,4,49,1536]	[0,2,4,8,10,12,15]	n15_grid_v1	grid_coord	meta	meta_json	b8054b5e7258/worker2/PPCC/candle/s1/n4/base
b8054b5e7258	worker2	PPCC/candle	1	5	base	activation	026073c07bac1d16	026073c07bac1d164b4cd20bae41a2ccf9a8adaa82d2d5b4b4decb931aa545cf	lerobot_groot_n15	n15	lerobot_groot_n15__robocasa365_ckpt120000		0	Pick the candle from the counter and place it in the cabinet.	robocasa_panda_omron/PickPlaceCounterToCabinet_PandaOmron_Env	100107	1300005	0	1			5		1	all_token_full	groot_n15_dit_block_residual_full_tokens_denoise	["layer","denoise_step","model_token","feature_dim"]	[7,4,49,1536]	[0,2,4,8,10,12,15]	n15_grid_v1	grid_coord	meta	meta_json	b8054b5e7258/worker2/PPCC/candle/s1/n5/base
b8054b5e7258	worker2	PPCC/candle	1	6	base	activation	9934de33b86b5c77	9934de33b86b5c7764048f70c1e2f02c26176535e5186a44eaeceb9fc5e5d9f0	lerobot_groot_n15	n15	lerobot_groot_n15__robocasa365_ckpt120000		0	Pick the candle from the counter and place it in the cabinet.	robocasa_panda_omron/PickPlaceCounterToCabinet_PandaOmron_Env	100107	1300006	0	1			5		1	all_token_full	groot_n15_dit_block_residual_full_tokens_denoise	["layer","denoise_step","model_token","feature_dim"]	[7,4,49,1536]	[0,2,4,8,10,12,15]	n15_grid_v1	grid_coord	meta	meta_json	b8054b5e7258/worker2/PPCC/candle/s1/n6/base
b8054b5e7258	worker2	PPCC/candle	1	7	base	activation	3d8cad37fc08b371	3d8cad37fc08b3711324964f53655ea377b5ce033283841d0a6207c7cc8ff7da	lerobot_groot_n15	n15	lerobot_groot_n15__robocasa365_ckpt120000		0	Pick the candle from the counter and place it in the cabinet.	robocasa_panda_omron/PickPlaceCounterToCabinet_PandaOmron_Env	100107	1300007	0	1			5		1	all_token_full	groot_n15_dit_block_residual_full_tokens_denoise	["layer","denoise_step","model_token","feature_dim"]	[7,4,49,1536]	[0,2,4,8,10,12,15]	n15_grid_v1	grid_coord	meta	meta_json	b8054b5e7258/worker2/PPCC/candle/s1/n7/base
b8054b5e7258	worker2	PPCC/candle	1	8	base	activation	e03d6e2f6448cafc	e03d6e2f6448cafc9f11a83a7d3394c195a7f045fe2f806786066b18eb7fb28e	lerobot_groot_n15	n15	lerobot_groot_n15__robocasa365_ckpt120000		0	Pick the candle from the counter and place it in the cabinet.	robocasa_panda_omron/PickPlaceCounterToCabinet_PandaOmron_Env	100107	1300008	0	1			5		1	all_token_full	groot_n15_dit_block_residual_full_tokens_denoise	["layer","denoise_step","model_token","feature_dim"]	[7,4,49,1536]	[0,2,4,8,10,12,15]	n15_grid_v1	grid_coord	meta	meta_json	b8054b5e7258/worker2/PPCC/candle/s1/n8/base
b8054b5e7258	worker2	PPCC/candle	1	9	base	activation	9ba81b7b3faddd85	9ba81b7b3faddd8504229fc1d4163a1436bba17befd3dfcde04f35d057acc054	lerobot_groot_n15	n15	lerobot_groot_n15__robocasa365_ckpt120000		0	Pick the candle from the counter and place it in the cabinet.	robocasa_panda_omron/PickPlaceCounterToCabinet_PandaOmron_Env	100107	1300009	0	1			5		1	all_token_full	groot_n15_dit_block_residual_full_tokens_denoise	["layer","denoise_step","model_token","feature_dim"]	[7,4,49,1536]	[0,2,4,8,10,12,15]	n15_grid_v1	grid_coord	meta	meta_json	b8054b5e7258/worker2/PPCC/candle/s1/n9/base
b8054b5e7258	worker2	PPCC/candle	2	0	base	activation	d95f39157bbfd792	d95f39157bbfd7925d141acb19a1364f6514d1049b5f3288ab0f35be782dbcf9	lerobot_groot_n15	n15	lerobot_groot_n15__robocasa365_ckpt120000		0	Pick the candle from the counter and place it in the cabinet.	robocasa_panda_omron/PickPlaceCounterToCabinet_PandaOmron_Env	100154	1300000	0	1			5		1	all_token_full	groot_n15_dit_block_residual_full_tokens_denoise	["layer","denoise_step","model_token","feature_dim"]	[7,4,49,1536]	[0,2,4,8,10,12,15]	n15_grid_v1	grid_coord	meta	meta_json	b8054b5e7258/worker2/PPCC/candle/s2/n0/base
b8054b5e7258	worker2	PPCC/candle	2	1	base	activation	33188d8ff88c0377	33188d8ff88c03771b3b06f205e558ab9654d72fb32a87f3f791712dc9193a19	lerobot_groot_n15	n15	lerobot_groot_n15__robocasa365_ckpt120000		0	Pick the candle from the counter and place it in the cabinet.	robocasa_panda_omron/PickPlaceCounterToCabinet_PandaOmron_Env	100154	1300001	0	1			5		1	all_token_full	groot_n15_dit_block_residual_full_tokens_denoise	["layer","denoise_step","model_token","feature_dim"]	[7,4,49,1536]	[0,2,4,8,10,12,15]	n15_grid_v1	grid_coord	meta	meta_json	b8054b5e7258/worker2/PPCC/candle/s2/n1/base
b8054b5e7258	worker2	PPCC/candle	2	2	base	activation	98d59c08cf863414	98d59c08cf863414ca013a9ef0418f4d4d3bd1d16a9c73f0f7899b89365fd7f5	lerobot_groot_n15	n15	lerobot_groot_n15__robocasa365_ckpt120000		0	Pick the candle from the counter and place it in the cabinet.	robocasa_panda_omron/PickPlaceCounterToCabinet_PandaOmron_Env	100154	1300002	0	0			5		1	all_token_full	groot_n15_dit_block_residual_full_tokens_denoise	["layer","denoise_step","model_token","feature_dim"]	[7,4,49,1536]	[0,2,4,8,10,12,15]	n15_grid_v1	grid_coord	meta	meta_json	b8054b5e7258/worker2/PPCC/candle/s2/n2/base
b8054b5e7258	worker2	PPCC/candle	2	3	base	activation	0d81d4b2f39d720b	0d81d4b2f39d720b095efc2b62ad1a53a872ff495349fea1ccb72972a266c765	lerobot_groot_n15	n15	lerobot_groot_n15__robocasa365_ckpt120000		0	Pick the candle from the counter and place it in the cabinet.	robocasa_panda_omron/PickPlaceCounterToCabinet_PandaOmron_Env	100154	1300003	0	0			5		1	all_token_full	groot_n15_dit_block_residual_full_tokens_denoise	["layer","denoise_step","model_token","feature_dim"]	[7,4,49,1536]	[0,2,4,8,10,12,15]	n15_grid_v1	grid_coord	meta	meta_json	b8054b5e7258/worker2/PPCC/candle/s2/n3/base
b8054b5e7258	worker2	PPCC/candle	2	4	base	activation	3515b7bc05cba16d	3515b7bc05cba16dc5127dc1319161be5e2eae3f8abb125fec102ef76f402de0	lerobot_groot_n15	n15	lerobot_groot_n15__robocasa365_ckpt120000		0	Pick the candle from the counter and place it in the cabinet.	robocasa_panda_omron/PickPlaceCounterToCabinet_PandaOmron_Env	100154	1300004	0	1			5		1	all_token_full	groot_n15_dit_block_residual_full_tokens_denoise	["layer","denoise_step","model_token","feature_dim"]	[7,4,49,1536]	[0,2,4,8,10,12,15]	n15_grid_v1	grid_coord	meta	meta_json	b8054b5e7258/worker2/PPCC/candle/s2/n4/base
b8054b5e7258	worker2	PPCC/candle	2	5	base	activation	6b1a88596f9c0f1a	6b1a88596f9c0f1a8a7b10ce4168d432649aacc9f7448f1a3a66fd05f91fd74d	lerobot_groot_n15	n15	lerobot_groot_n15__robocasa365_ckpt120000		0	Pick the candle from the counter and place it in the cabinet.	robocasa_panda_omron/PickPlaceCounterToCabinet_PandaOmron_Env	100154	1300005	0	1			5		1	all_token_full	groot_n15_dit_block_residual_full_tokens_denoise	["layer","denoise_step","model_token","feature_dim"]	[7,4,49,1536]	[0,2,4,8,10,12,15]	n15_grid_v1	grid_coord	meta	meta_json	b8054b5e7258/worker2/PPCC/candle/s2/n5/base
b8054b5e7258	worker2	PPCC/candle	2	6	base	activation	820bcfc036264d17	820bcfc036264d1728155803ccf9804ee764a664659ba9b49df194dfda5d205f	lerobot_groot_n15	n15	lerobot_groot_n15__robocasa365_ckpt120000		0	Pick the candle from the counter and place it in the cabinet.	robocasa_panda_omron/PickPlaceCounterToCabinet_PandaOmron_Env	100154	1300006	0	1			5		1	all_token_full	groot_n15_dit_block_residual_full_tokens_denoise	["layer","denoise_step","model_token","feature_dim"]	[7,4,49,1536]	[0,2,4,8,10,12,15]	n15_grid_v1	grid_coord	meta	meta_json	b8054b5e7258/worker2/PPCC/candle/s2/n6/base
b8054b5e7258	worker2	PPCC/candle	2	7	base	activation	85b242093faa5096	85b242093faa50962c005d6b79ecc804b18f7f014c167c644f349466281ba076	lerobot_groot_n15	n15	lerobot_groot_n15__robocasa365_ckpt120000		0	Pick the candle from the counter and place it in the cabinet.	robocasa_panda_omron/PickPlaceCounterToCabinet_PandaOmron_Env	100154	1300007	0	1			5		1	all_token_full	groot_n15_dit_block_residual_full_tokens_denoise	["layer","denoise_step","model_token","feature_dim"]	[7,4,49,1536]	[0,2,4,8,10,12,15]	n15_grid_v1	grid_coord	meta	meta_json	b8054b5e7258/worker2/PPCC/candle/s2/n7/base
b8054b5e7258	worker2	PPCC/candle	2	8	base	activation	76eb58934d152117	76eb58934d152117349268c38040f2c28d90be9806d12c04c866728d077749dc	lerobot_groot_n15	n15	lerobot_groot_n15__robocasa365_ckpt120000		0	Pick the candle from the counter and place it in the cabinet.	robocasa_panda_omron/PickPlaceCounterToCabinet_PandaOmron_Env	100154	1300008	0	0			5		1	all_token_full	groot_n15_dit_block_residual_full_tokens_denoise	["layer","denoise_step","model_token","feature_dim"]	[7,4,49,1536]	[0,2,4,8,10,12,15]	n15_grid_v1	grid_coord	meta	meta_json	b8054b5e7258/worker2/PPCC/candle/s2/n8/base
b8054b5e7258	worker2	PPCC/candle	2	9	base	activation	75ad0d000a18dd4c	75ad0d000a18dd4c0b245b195846da2829ca210abe46597df57f3f0f8ada068a	lerobot_groot_n15	n15	lerobot_groot_n15__robocasa365_ckpt120000		0	Pick the candle from the counter and place it in the cabinet.	robocasa_panda_omron/PickPlaceCounterToCabinet_PandaOmron_Env	100154	1300009	0	1			5		1	all_token_full	groot_n15_dit_block_residual_full_tokens_denoise	["layer","denoise_step","model_token","feature_dim"]	[7,4,49,1536]	[0,2,4,8,10,12,15]	n15_grid_v1	grid_coord	meta	meta_json	b8054b5e7258/worker2/PPCC/candle/s2/n9/base
b8054b5e7258	worker2	PPCC/candle	3	0	base	activation	ad65a1708e9d77e5	ad65a1708e9d77e594cb0b04a026c335847ccfdc21243a45f03ece8e5477e1a0	lerobot_groot_n15	n15	lerobot_groot_n15__robocasa365_ckpt120000		0	Pick the candle from the counter and place it in the cabinet.	robocasa_panda_omron/PickPlaceCounterToCabinet_PandaOmron_Env	100166	1300000	0	1			5		1	all_token_full	groot_n15_dit_block_residual_full_tokens_denoise	["layer","denoise_step","model_token","feature_dim"]	[7,4,49,1536]	[0,2,4,8,10,12,15]	n15_grid_v1	grid_coord	meta	meta_json	b8054b5e7258/worker2/PPCC/candle/s3/n0/base
b8054b5e7258	worker2	PPCC/candle	3	1	base	activation	e4b30bf106a315b6	e4b30bf106a315b6c0fbc52434d3636d3e9e63266b834e78f38c3fe95e686188	lerobot_groot_n15	n15	lerobot_groot_n15__robocasa365_ckpt120000		0	Pick the candle from the counter and place it in the cabinet.	robocasa_panda_omron/PickPlaceCounterToCabinet_PandaOmron_Env	100166	1300001	0	1			5		1	all_token_full	groot_n15_dit_block_residual_full_tokens_denoise	["layer","denoise_step","model_token","feature_dim"]	[7,4,49,1536]	[0,2,4,8,10,12,15]	n15_grid_v1	grid_coord	meta	meta_json	b8054b5e7258/worker2/PPCC/candle/s3/n1/base
b8054b5e7258	worker2	PPCC/candle	3	2	base	activation	75a6f8074bf8c16d	75a6f8074bf8c16d845cbeb0988c73e0e2469397e2c5d53b373f7496d6b656fb	lerobot_groot_n15	n15	lerobot_groot_n15__robocasa365_ckpt120000		0	Pick the candle from the counter and place it in the cabinet.	robocasa_panda_omron/PickPlaceCounterToCabinet_PandaOmron_Env	100166	1300002	0	1			5		1	all_token_full	groot_n15_dit_block_residual_full_tokens_denoise	["layer","denoise_step","model_token","feature_dim"]	[7,4,49,1536]	[0,2,4,8,10,12,15]	n15_grid_v1	grid_coord	meta	meta_json	b8054b5e7258/worker2/PPCC/candle/s3/n2/base
b8054b5e7258	worker2	PPCC/candle	3	3	base	activation	a79b39972d0df85e	a79b39972d0df85e995e6c85062e47cda625b420c54058c9f6569e6e2af36df0	lerobot_groot_n15	n15	lerobot_groot_n15__robocasa365_ckpt120000		0	Pick the candle from the counter and place it in the cabinet.	robocasa_panda_omron/PickPlaceCounterToCabinet_PandaOmron_Env	100166	1300003	0	0			5		1	all_token_full	groot_n15_dit_block_residual_full_tokens_denoise	["layer","denoise_step","model_token","feature_dim"]	[7,4,49,1536]	[0,2,4,8,10,12,15]	n15_grid_v1	grid_coord	meta	meta_json	b8054b5e7258/worker2/PPCC/candle/s3/n3/base
b8054b5e7258	worker2	PPCC/candle	3	4	base	activation	2b5f5fc43c357ab4	2b5f5fc43c357ab4d9fc19edc01390b9f5ef2360cb66254b69e387996fd1bce7	lerobot_groot_n15	n15	lerobot_groot_n15__robocasa365_ckpt120000		0	Pick the candle from the counter and place it in the cabinet.	robocasa_panda_omron/PickPlaceCounterToCabinet_PandaOmron_Env	100166	1300004	0	1			5		1	all_token_full	groot_n15_dit_block_residual_full_tokens_denoise	["layer","denoise_step","model_token","feature_dim"]	[7,4,49,1536]	[0,2,4,8,10,12,15]	n15_grid_v1	grid_coord	meta	meta_json	b8054b5e7258/worker2/PPCC/candle/s3/n4/base
b8054b5e7258	worker2	PPCC/candle	3	5	base	activation	f0bfcf451a8c73aa	f0bfcf451a8c73aa64c3a0eea8f18916a93c5f883d8ec72f61bc5da93c9871cb	lerobot_groot_n15	n15	lerobot_groot_n15__robocasa365_ckpt120000		0	Pick the candle from the counter and place it in the cabinet.	robocasa_panda_omron/PickPlaceCounterToCabinet_PandaOmron_Env	100166	1300005	0	1			5		1	all_token_full	groot_n15_dit_block_residual_full_tokens_denoise	["layer","denoise_step","model_token","feature_dim"]	[7,4,49,1536]	[0,2,4,8,10,12,15]	n15_grid_v1	grid_coord	meta	meta_json	b8054b5e7258/worker2/PPCC/candle/s3/n5/base
b8054b5e7258	worker2	PPCC/candle	3	6	base	activation	40e95e9415639219	40e95e9415639219d040f0750c56135ac6b3deeab40b3558c844aa84002db683	lerobot_groot_n15	n15	lerobot_groot_n15__robocasa365_ckpt120000		0	Pick the candle from the counter and place it in the cabinet.	robocasa_panda_omron/PickPlaceCounterToCabinet_PandaOmron_Env	100166	1300006	0	1			5		1	all_token_full	groot_n15_dit_block_residual_full_tokens_denoise	["layer","denoise_step","model_token","feature_dim"]	[7,4,49,1536]	[0,2,4,8,10,12,15]	n15_grid_v1	grid_coord	meta	meta_json	b8054b5e7258/worker2/PPCC/candle/s3/n6/base
b8054b5e7258	worker2	PPCC/candle	3	7	base	activation	59c183040defe35c	59c183040defe35c6f8ca48d5697f6364cb8ddd9f1b08d2330e7f9b825ef256b	lerobot_groot_n15	n15	lerobot_groot_n15__robocasa365_ckpt120000		0	Pick the candle from the counter and place it in the cabinet.	robocasa_panda_omron/PickPlaceCounterToCabinet_PandaOmron_Env	100166	1300007	0	1			5		1	all_token_full	groot_n15_dit_block_residual_full_tokens_denoise	["layer","denoise_step","model_token","feature_dim"]	[7,4,49,1536]	[0,2,4,8,10,12,15]	n15_grid_v1	grid_coord	meta	meta_json	b8054b5e7258/worker2/PPCC/candle/s3/n7/base
b8054b5e7258	worker2	PPCC/candle	3	8	base	activation	0dbfe76103b75f6c	0dbfe76103b75f6c089548cdcc641bd3e0632fcb7cac3e4cfe9bbaff65b143c0	lerobot_groot_n15	n15	lerobot_groot_n15__robocasa365_ckpt120000		0	Pick the candle from the counter and place it in the cabinet.	robocasa_panda_omron/PickPlaceCounterToCabinet_PandaOmron_Env	100166	1300008	0	1			5		1	all_token_full	groot_n15_dit_block_residual_full_tokens_denoise	["layer","denoise_step","model_token","feature_dim"]	[7,4,49,1536]	[0,2,4,8,10,12,15]	n15_grid_v1	grid_coord	meta	meta_json	b8054b5e7258/worker2/PPCC/candle/s3/n8/base
b8054b5e7258	worker2	PPCC/candle	3	9	base	activation	3b22803d9364640e	3b22803d9364640e4fef03263fef0345c42277adca8bef45e5e304400ac78b2c	lerobot_groot_n15	n15	lerobot_groot_n15__robocasa365_ckpt120000		0	Pick the candle from the counter and place it in the cabinet.	robocasa_panda_omron/PickPlaceCounterToCabinet_PandaOmron_Env	100166	1300009	0	1			5		1	all_token_full	groot_n15_dit_block_residual_full_tokens_denoise	["layer","denoise_step","model_token","feature_dim"]	[7,4,49,1536]	[0,2,4,8,10,12,15]	n15_grid_v1	grid_coord	meta	meta_json	b8054b5e7258/worker2/PPCC/candle/s3/n9/base
b8054b5e7258	worker2	PPCC/candle	4	0	base	activation	05337d6e5e71ffa6	05337d6e5e71ffa6d72f1ef2bd017c7f13b748dbc0f69ec4de38339a68505e64	lerobot_groot_n15	n15	lerobot_groot_n15__robocasa365_ckpt120000		0	Pick the candle from the counter and place it in the cabinet.	robocasa_panda_omron/PickPlaceCounterToCabinet_PandaOmron_Env	100214	1300000	0	0			5		1	all_token_full	groot_n15_dit_block_residual_full_tokens_denoise	["layer","denoise_step","model_token","feature_dim"]	[7,4,49,1536]	[0,2,4,8,10,12,15]	n15_grid_v1	grid_coord	meta	meta_json	b8054b5e7258/worker2/PPCC/candle/s4/n0/base
b8054b5e7258	worker2	PPCC/candle	4	1	base	activation	0ce54a569f04d5ec	0ce54a569f04d5ecbd0824d511c7de50fc2c8b252e0f2b59cae8c2780cf1fa83	lerobot_groot_n15	n15	lerobot_groot_n15__robocasa365_ckpt120000		0	Pick the candle from the counter and place it in the cabinet.	robocasa_panda_omron/PickPlaceCounterToCabinet_PandaOmron_Env	100214	1300001	0	1			5		1	all_token_full	groot_n15_dit_block_residual_full_tokens_denoise	["layer","denoise_step","model_token","feature_dim"]	[7,4,49,1536]	[0,2,4,8,10,12,15]	n15_grid_v1	grid_coord	meta	meta_json	b8054b5e7258/worker2/PPCC/candle/s4/n1/base
b8054b5e7258	worker2	PPCC/candle	4	2	base	activation	d2c12c853c145f6a	d2c12c853c145f6a70514a2bec4574ace397af82b1eb14ba3dd300b73f9ea0fa	lerobot_groot_n15	n15	lerobot_groot_n15__robocasa365_ckpt120000		0	Pick the candle from the counter and place it in the cabinet.	robocasa_panda_omron/PickPlaceCounterToCabinet_PandaOmron_Env	100214	1300002	0	0			5		1	all_token_full	groot_n15_dit_block_residual_full_tokens_denoise	["layer","denoise_step","model_token","feature_dim"]	[7,4,49,1536]	[0,2,4,8,10,12,15]	n15_grid_v1	grid_coord	meta	meta_json	b8054b5e7258/worker2/PPCC/candle/s4/n2/base
b8054b5e7258	worker2	PPCC/candle	4	3	base	activation	743f8174303e76a5	743f8174303e76a53970a771325c001aba616ff67282cdfbf698d3b24236470b	lerobot_groot_n15	n15	lerobot_groot_n15__robocasa365_ckpt120000		0	Pick the candle from the counter and place it in the cabinet.	robocasa_panda_omron/PickPlaceCounterToCabinet_PandaOmron_Env	100214	1300003	0	0			5		1	all_token_full	groot_n15_dit_block_residual_full_tokens_denoise	["layer","denoise_step","model_token","feature_dim"]	[7,4,49,1536]	[0,2,4,8,10,12,15]	n15_grid_v1	grid_coord	meta	meta_json	b8054b5e7258/worker2/PPCC/candle/s4/n3/base
b8054b5e7258	worker2	PPCC/candle	4	4	base	activation	cc2c2593b41d8388	cc2c2593b41d838891decabf12d53dad28d14bba7806e236cf42888a555eb17f	lerobot_groot_n15	n15	lerobot_groot_n15__robocasa365_ckpt120000		0	Pick the candle from the counter and place it in the cabinet.	robocasa_panda_omron/PickPlaceCounterToCabinet_PandaOmron_Env	100214	1300004	0	0			5		1	all_token_full	groot_n15_dit_block_residual_full_tokens_denoise	["layer","denoise_step","model_token","feature_dim"]	[7,4,49,1536]	[0,2,4,8,10,12,15]	n15_grid_v1	grid_coord	meta	meta_json	b8054b5e7258/worker2/PPCC/candle/s4/n4/base
b8054b5e7258	worker2	PPCC/candle	4	5	base	activation	d95b21c41299e430	d95b21c41299e430cc8177c5f675e71ae0cdb967ec50fd2a1fa5ba776ec7b15b	lerobot_groot_n15	n15	lerobot_groot_n15__robocasa365_ckpt120000		0	Pick the candle from the counter and place it in the cabinet.	robocasa_panda_omron/PickPlaceCounterToCabinet_PandaOmron_Env	100214	1300005	0	1			5		1	all_token_full	groot_n15_dit_block_residual_full_tokens_denoise	["layer","denoise_step","model_token","feature_dim"]	[7,4,49,1536]	[0,2,4,8,10,12,15]	n15_grid_v1	grid_coord	meta	meta_json	b8054b5e7258/worker2/PPCC/candle/s4/n5/base
b8054b5e7258	worker2	PPCC/candle	4	6	base	activation	2f8c6ab2b99dc9b8	2f8c6ab2b99dc9b8df17356cb302547ef57d682d66cffa108917df8e8ae36d39	lerobot_groot_n15	n15	lerobot_groot_n15__robocasa365_ckpt120000		0	Pick the candle from the counter and place it in the cabinet.	robocasa_panda_omron/PickPlaceCounterToCabinet_PandaOmron_Env	100214	1300006	0	0			5		1	all_token_full	groot_n15_dit_block_residual_full_tokens_denoise	["layer","denoise_step","model_token","feature_dim"]	[7,4,49,1536]	[0,2,4,8,10,12,15]	n15_grid_v1	grid_coord	meta	meta_json	b8054b5e7258/worker2/PPCC/candle/s4/n6/base
b8054b5e7258	worker2	PPCC/candle	4	7	base	activation	5b9b330d3ef39613	5b9b330d3ef396136d885b0572dd9a2472dade347305a03d4c1305f6ae45d67d	lerobot_groot_n15	n15	lerobot_groot_n15__robocasa365_ckpt120000		0	Pick the candle from the counter and place it in the cabinet.	robocasa_panda_omron/PickPlaceCounterToCabinet_PandaOmron_Env	100214	1300007	0	1			5		1	all_token_full	groot_n15_dit_block_residual_full_tokens_denoise	["layer","denoise_step","model_token","feature_dim"]	[7,4,49,1536]	[0,2,4,8,10,12,15]	n15_grid_v1	grid_coord	meta	meta_json	b8054b5e7258/worker2/PPCC/candle/s4/n7/base
b8054b5e7258	worker2	PPCC/candle	4	8	base	activation	b1fa3bfee484d0f2	b1fa3bfee484d0f276a42f86c78bca27a1a149bb7b8db535838f8149cd34f169	lerobot_groot_n15	n15	lerobot_groot_n15__robocasa365_ckpt120000		0	Pick the candle from the counter and place it in the cabinet.	robocasa_panda_omron/PickPlaceCounterToCabinet_PandaOmron_Env	100214	1300008	0	1			5		1	all_token_full	groot_n15_dit_block_residual_full_tokens_denoise	["layer","denoise_step","model_token","feature_dim"]	[7,4,49,1536]	[0,2,4,8,10,12,15]	n15_grid_v1	grid_coord	meta	meta_json	b8054b5e7258/worker2/PPCC/candle/s4/n8/base
b8054b5e7258	worker2	PPCC/candle	4	9	base	activation	97048e162f4ed8c2	97048e162f4ed8c27eeae35976027a1798c010598b87b9ebeb052eaebaa11166	lerobot_groot_n15	n15	lerobot_groot_n15__robocasa365_ckpt120000		0	Pick the candle from the counter and place it in the cabinet.	robocasa_panda_omron/PickPlaceCounterToCabinet_PandaOmron_Env	100214	1300009	0	0			5		1	all_token_full	groot_n15_dit_block_residual_full_tokens_denoise	["layer","denoise_step","model_token","feature_dim"]	[7,4,49,1536]	[0,2,4,8,10,12,15]	n15_grid_v1	grid_coord	meta	meta_json	b8054b5e7258/worker2/PPCC/candle/s4/n9/base
b8054b5e7258	worker2	PPCC/candle	5	0	base	activation	033b45d9b5f41747	033b45d9b5f41747f1e96f51d31118a180aaac19f103cd0998000d324fe6ba3d	lerobot_groot_n15	n15	lerobot_groot_n15__robocasa365_ckpt120000		0	Pick the candle from the counter and place it in the cabinet.	robocasa_panda_omron/PickPlaceCounterToCabinet_PandaOmron_Env	100218	1300000	0	1			5		1	all_token_full	groot_n15_dit_block_residual_full_tokens_denoise	["layer","denoise_step","model_token","feature_dim"]	[7,4,49,1536]	[0,2,4,8,10,12,15]	n15_grid_v1	grid_coord	meta	meta_json	b8054b5e7258/worker2/PPCC/candle/s5/n0/base
b8054b5e7258	worker2	PPCC/candle	5	1	base	activation	abbf73e2bbf79851	abbf73e2bbf7985105796ca07499c6941a528e795ba85c63a7419bc1c97669da	lerobot_groot_n15	n15	lerobot_groot_n15__robocasa365_ckpt120000		0	Pick the candle from the counter and place it in the cabinet.	robocasa_panda_omron/PickPlaceCounterToCabinet_PandaOmron_Env	100218	1300001	0	1			5		1	all_token_full	groot_n15_dit_block_residual_full_tokens_denoise	["layer","denoise_step","model_token","feature_dim"]	[7,4,49,1536]	[0,2,4,8,10,12,15]	n15_grid_v1	grid_coord	meta	meta_json	b8054b5e7258/worker2/PPCC/candle/s5/n1/base
b8054b5e7258	worker2	PPCC/candle	5	2	base	activation	8d70d89be24ef73a	8d70d89be24ef73a7e2061fad1a452c2f8c4e9eb878c0b1f60de535e5f3b9f27	lerobot_groot_n15	n15	lerobot_groot_n15__robocasa365_ckpt120000		0	Pick the candle from the counter and place it in the cabinet.	robocasa_panda_omron/PickPlaceCounterToCabinet_PandaOmron_Env	100218	1300002	0	0			5		1	all_token_full	groot_n15_dit_block_residual_full_tokens_denoise	["layer","denoise_step","model_token","feature_dim"]	[7,4,49,1536]	[0,2,4,8,10,12,15]	n15_grid_v1	grid_coord	meta	meta_json	b8054b5e7258/worker2/PPCC/candle/s5/n2/base
b8054b5e7258	worker2	PPCC/candle	5	3	base	activation	e185d8ada7ebfa1a	e185d8ada7ebfa1a24cae64a4cc93683e3d7052245af57b41a183d7f46f9f3f8	lerobot_groot_n15	n15	lerobot_groot_n15__robocasa365_ckpt120000		0	Pick the candle from the counter and place it in the cabinet.	robocasa_panda_omron/PickPlaceCounterToCabinet_PandaOmron_Env	100218	1300003	0	1			5		1	all_token_full	groot_n15_dit_block_residual_full_tokens_denoise	["layer","denoise_step","model_token","feature_dim"]	[7,4,49,1536]	[0,2,4,8,10,12,15]	n15_grid_v1	grid_coord	meta	meta_json	b8054b5e7258/worker2/PPCC/candle/s5/n3/base
b8054b5e7258	worker2	PPCC/candle	5	4	base	activation	fcd7b046a663f584	fcd7b046a663f5843fac47d7ba82d45b27a5037d0aeaaac1094696b294ab019c	lerobot_groot_n15	n15	lerobot_groot_n15__robocasa365_ckpt120000		0	Pick the candle from the counter and place it in the cabinet.	robocasa_panda_omron/PickPlaceCounterToCabinet_PandaOmron_Env	100218	1300004	0	1			5		1	all_token_full	groot_n15_dit_block_residual_full_tokens_denoise	["layer","denoise_step","model_token","feature_dim"]	[7,4,49,1536]	[0,2,4,8,10,12,15]	n15_grid_v1	grid_coord	meta	meta_json	b8054b5e7258/worker2/PPCC/candle/s5/n4/base
b8054b5e7258	worker2	PPCC/candle	5	5	base	activation	f79acb6252685e1f	f79acb6252685e1f4fcf645be1940f7cd9b94fe494a134fec4811c17660b30c7	lerobot_groot_n15	n15	lerobot_groot_n15__robocasa365_ckpt120000		0	Pick the candle from the counter and place it in the cabinet.	robocasa_panda_omron/PickPlaceCounterToCabinet_PandaOmron_Env	100218	1300005	0	0			5		1	all_token_full	groot_n15_dit_block_residual_full_tokens_denoise	["layer","denoise_step","model_token","feature_dim"]	[7,4,49,1536]	[0,2,4,8,10,12,15]	n15_grid_v1	grid_coord	meta	meta_json	b8054b5e7258/worker2/PPCC/candle/s5/n5/base
b8054b5e7258	worker2	PPCC/candle	5	6	base	activation	6c67b6ef4dc54361	6c67b6ef4dc54361244dc60758e3d6eef2d78369546bf1828d58fe24af60d93b	lerobot_groot_n15	n15	lerobot_groot_n15__robocasa365_ckpt120000		0	Pick the candle from the counter and place it in the cabinet.	robocasa_panda_omron/PickPlaceCounterToCabinet_PandaOmron_Env	100218	1300006	0	1			5		1	all_token_full	groot_n15_dit_block_residual_full_tokens_denoise	["layer","denoise_step","model_token","feature_dim"]	[7,4,49,1536]	[0,2,4,8,10,12,15]	n15_grid_v1	grid_coord	meta	meta_json	b8054b5e7258/worker2/PPCC/candle/s5/n6/base
b8054b5e7258	worker2	PPCC/candle	5	7	base	activation	23bb1ee1dcb808c6	23bb1ee1dcb808c6fe47912db28f2ab9c01ad3c8976e989d770487dda752c7e8	lerobot_groot_n15	n15	lerobot_groot_n15__robocasa365_ckpt120000		0	Pick the candle from the counter and place it in the cabinet.	robocasa_panda_omron/PickPlaceCounterToCabinet_PandaOmron_Env	100218	1300007	0	1			5		1	all_token_full	groot_n15_dit_block_residual_full_tokens_denoise	["layer","denoise_step","model_token","feature_dim"]	[7,4,49,1536]	[0,2,4,8,10,12,15]	n15_grid_v1	grid_coord	meta	meta_json	b8054b5e7258/worker2/PPCC/candle/s5/n7/base
b8054b5e7258	worker2	PPCC/candle	5	8	base	activation	070507dc2aea718d	070507dc2aea718d6dd81cff0f32ad340456869f855e2ccdaf0d6a53f36b4c43	lerobot_groot_n15	n15	lerobot_groot_n15__robocasa365_ckpt120000		0	Pick the candle from the counter and place it in the cabinet.	robocasa_panda_omron/PickPlaceCounterToCabinet_PandaOmron_Env	100218	1300008	0	1			5		1	all_token_full	groot_n15_dit_block_residual_full_tokens_denoise	["layer","denoise_step","model_token","feature_dim"]	[7,4,49,1536]	[0,2,4,8,10,12,15]	n15_grid_v1	grid_coord	meta	meta_json	b8054b5e7258/worker2/PPCC/candle/s5/n8/base
b8054b5e7258	worker2	PPCC/candle	5	9	base	activation	a0f44f3897d3aea0	a0f44f3897d3aea0be65bf332e5becc13bee22fcd7ac80ca1fd4183e31608209	lerobot_groot_n15	n15	lerobot_groot_n15__robocasa365_ckpt120000		0	Pick the candle from the counter and place it in the cabinet.	robocasa_panda_omron/PickPlaceCounterToCabinet_PandaOmron_Env	100218	1300009	0	1			5		1	all_token_full	groot_n15_dit_block_residual_full_tokens_denoise	["layer","denoise_step","model_token","feature_dim"]	[7,4,49,1536]	[0,2,4,8,10,12,15]	n15_grid_v1	grid_coord	meta	meta_json	b8054b5e7258/worker2/PPCC/candle/s5/n9/base
b8054b5e7258	worker2	PPCC/candle	6	0	base	activation	35be2c91daa62f38	35be2c91daa62f38489fa36f7b5e84eda80f135de14908d95d6e84a419eee05d	lerobot_groot_n15	n15	lerobot_groot_n15__robocasa365_ckpt120000		0	Pick the candle from the counter and place it in the cabinet.	robocasa_panda_omron/PickPlaceCounterToCabinet_PandaOmron_Env	100382	1300000	0	1			5		1	all_token_full	groot_n15_dit_block_residual_full_tokens_denoise	["layer","denoise_step","model_token","feature_dim"]	[7,4,49,1536]	[0,2,4,8,10,12,15]	n15_grid_v1	grid_coord	meta	meta_json	b8054b5e7258/worker2/PPCC/candle/s6/n0/base
b8054b5e7258	worker2	PPCC/candle	6	1	base	activation	b5bff54e6204e62a	b5bff54e6204e62a5649058d990ae39dbeb8eeaa1c3cc4f5a78d59a21af682f0	lerobot_groot_n15	n15	lerobot_groot_n15__robocasa365_ckpt120000		0	Pick the candle from the counter and place it in the cabinet.	robocasa_panda_omron/PickPlaceCounterToCabinet_PandaOmron_Env	100382	1300001	0	1			5		1	all_token_full	groot_n15_dit_block_residual_full_tokens_denoise	["layer","denoise_step","model_token","feature_dim"]	[7,4,49,1536]	[0,2,4,8,10,12,15]	n15_grid_v1	grid_coord	meta	meta_json	b8054b5e7258/worker2/PPCC/candle/s6/n1/base
b8054b5e7258	worker2	PPCC/candle	6	2	base	activation	a0713dbfb4252972	a0713dbfb425297297bd41cb3558ffa7ba65fce48c3303026abac54223afa5f5	lerobot_groot_n15	n15	lerobot_groot_n15__robocasa365_ckpt120000		0	Pick the candle from the counter and place it in the cabinet.	robocasa_panda_omron/PickPlaceCounterToCabinet_PandaOmron_Env	100382	1300002	0	1			5		1	all_token_full	groot_n15_dit_block_residual_full_tokens_denoise	["layer","denoise_step","model_token","feature_dim"]	[7,4,49,1536]	[0,2,4,8,10,12,15]	n15_grid_v1	grid_coord	meta	meta_json	b8054b5e7258/worker2/PPCC/candle/s6/n2/base
b8054b5e7258	worker2	PPCC/candle	6	3	base	activation	4d86f641f44afa6d	4d86f641f44afa6da17b454bacb507817bae59c7db01dcf24011affa9dca86c5	lerobot_groot_n15	n15	lerobot_groot_n15__robocasa365_ckpt120000		0	Pick the candle from the counter and place it in the cabinet.	robocasa_panda_omron/PickPlaceCounterToCabinet_PandaOmron_Env	100382	1300003	0	1			5		1	all_token_full	groot_n15_dit_block_residual_full_tokens_denoise	["layer","denoise_step","model_token","feature_dim"]	[7,4,49,1536]	[0,2,4,8,10,12,15]	n15_grid_v1	grid_coord	meta	meta_json	b8054b5e7258/worker2/PPCC/candle/s6/n3/base
b8054b5e7258	worker2	PPCC/candle	6	4	base	activation	3a81f13ddb6cf7a1	3a81f13ddb6cf7a116666fb90a5f41e2b4aeecbbfbef470348e3023b53d8fb4e	lerobot_groot_n15	n15	lerobot_groot_n15__robocasa365_ckpt120000		0	Pick the candle from the counter and place it in the cabinet.	robocasa_panda_omron/PickPlaceCounterToCabinet_PandaOmron_Env	100382	1300004	0	0			5		1	all_token_full	groot_n15_dit_block_residual_full_tokens_denoise	["layer","denoise_step","model_token","feature_dim"]	[7,4,49,1536]	[0,2,4,8,10,12,15]	n15_grid_v1	grid_coord	meta	meta_json	b8054b5e7258/worker2/PPCC/candle/s6/n4/base
b8054b5e7258	worker2	PPCC/candle	6	5	base	activation	bbe78fe31e08413f	bbe78fe31e08413f2b01da351038e6838bbc8aaf072ea1b8e387f004093e5812	lerobot_groot_n15	n15	lerobot_groot_n15__robocasa365_ckpt120000		0	Pick the candle from the counter and place it in the cabinet.	robocasa_panda_omron/PickPlaceCounterToCabinet_PandaOmron_Env	100382	1300005	0	1			5		1	all_token_full	groot_n15_dit_block_residual_full_tokens_denoise	["layer","denoise_step","model_token","feature_dim"]	[7,4,49,1536]	[0,2,4,8,10,12,15]	n15_grid_v1	grid_coord	meta	meta_json	b8054b5e7258/worker2/PPCC/candle/s6/n5/base
b8054b5e7258	worker2	PPCC/candle	6	6	base	activation	fd0264f278cd7db3	fd0264f278cd7db3ba16b61b391222026e6f20d2b4b6ccc2e66dc539ffb5abeb	lerobot_groot_n15	n15	lerobot_groot_n15__robocasa365_ckpt120000		0	Pick the candle from the counter and place it in the cabinet.	robocasa_panda_omron/PickPlaceCounterToCabinet_PandaOmron_Env	100382	1300006	0	1			5		1	all_token_full	groot_n15_dit_block_residual_full_tokens_denoise	["layer","denoise_step","model_token","feature_dim"]	[7,4,49,1536]	[0,2,4,8,10,12,15]	n15_grid_v1	grid_coord	meta	meta_json	b8054b5e7258/worker2/PPCC/candle/s6/n6/base
b8054b5e7258	worker2	PPCC/candle	6	7	base	activation	ff649d8e834d800f	ff649d8e834d800f1aadcc874e5f5cd008d3e1fe7035ac0c4c9680df82c3e188	lerobot_groot_n15	n15	lerobot_groot_n15__robocasa365_ckpt120000		0	Pick the candle from the counter and place it in the cabinet.	robocasa_panda_omron/PickPlaceCounterToCabinet_PandaOmron_Env	100382	1300007	0	1			5		1	all_token_full	groot_n15_dit_block_residual_full_tokens_denoise	["layer","denoise_step","model_token","feature_dim"]	[7,4,49,1536]	[0,2,4,8,10,12,15]	n15_grid_v1	grid_coord	meta	meta_json	b8054b5e7258/worker2/PPCC/candle/s6/n7/base
b8054b5e7258	worker2	PPCC/candle	6	8	base	activation	bfddae3328cfd276	bfddae3328cfd276ff5a160f4c13177961e43b8f58803b4c297e22bbc29b04fd	lerobot_groot_n15	n15	lerobot_groot_n15__robocasa365_ckpt120000		0	Pick the candle from the counter and place it in the cabinet.	robocasa_panda_omron/PickPlaceCounterToCabinet_PandaOmron_Env	100382	1300008	0	1			5		1	all_token_full	groot_n15_dit_block_residual_full_tokens_denoise	["layer","denoise_step","model_token","feature_dim"]	[7,4,49,1536]	[0,2,4,8,10,12,15]	n15_grid_v1	grid_coord	meta	meta_json	b8054b5e7258/worker2/PPCC/candle/s6/n8/base
b8054b5e7258	worker2	PPCC/candle	6	9	base	activation	b7bcac2253a2c7d9	b7bcac2253a2c7d9d1bbb95135e4b87c0f7d769baae0c755c951cb7096e414db	lerobot_groot_n15	n15	lerobot_groot_n15__robocasa365_ckpt120000		0	Pick the candle from the counter and place it in the cabinet.	robocasa_panda_omron/PickPlaceCounterToCabinet_PandaOmron_Env	100382	1300009	0	1			5		1	all_token_full	groot_n15_dit_block_residual_full_tokens_denoise	["layer","denoise_step","model_token","feature_dim"]	[7,4,49,1536]	[0,2,4,8,10,12,15]	n15_grid_v1	grid_coord	meta	meta_json	b8054b5e7258/worker2/PPCC/candle/s6/n9/base
b8054b5e7258	worker2	PPCC/candle	7	0	base	activation	fa4e9506992b3654	fa4e9506992b3654fe7e39bdc2d84b365543aa2357dc28415ef438d8700fdc5e	lerobot_groot_n15	n15	lerobot_groot_n15__robocasa365_ckpt120000		0	Pick the candle from the counter and place it in the cabinet.	robocasa_panda_omron/PickPlaceCounterToCabinet_PandaOmron_Env	100402	1300000	0	1			5		1	all_token_full	groot_n15_dit_block_residual_full_tokens_denoise	["layer","denoise_step","model_token","feature_dim"]	[7,4,49,1536]	[0,2,4,8,10,12,15]	n15_grid_v1	grid_coord	meta	meta_json	b8054b5e7258/worker2/PPCC/candle/s7/n0/base
b8054b5e7258	worker2	PPCC/candle	7	1	base	activation	26652e99a8722313	26652e99a87223136bc9883aea061994737f2ce08e4533ad5b07cecde2d0c432	lerobot_groot_n15	n15	lerobot_groot_n15__robocasa365_ckpt120000		0	Pick the candle from the counter and place it in the cabinet.	robocasa_panda_omron/PickPlaceCounterToCabinet_PandaOmron_Env	100402	1300001	0	1			5		1	all_token_full	groot_n15_dit_block_residual_full_tokens_denoise	["layer","denoise_step","model_token","feature_dim"]	[7,4,49,1536]	[0,2,4,8,10,12,15]	n15_grid_v1	grid_coord	meta	meta_json	b8054b5e7258/worker2/PPCC/candle/s7/n1/base
b8054b5e7258	worker2	PPCC/candle	7	2	base	activation	8c06f45980ad6987	8c06f45980ad69873af7a96054aa7d08c7b5158cfb4480bb2dde6cdfe4576a0a	lerobot_groot_n15	n15	lerobot_groot_n15__robocasa365_ckpt120000		0	Pick the candle from the counter and place it in the cabinet.	robocasa_panda_omron/PickPlaceCounterToCabinet_PandaOmron_Env	100402	1300002	0	1			5		1	all_token_full	groot_n15_dit_block_residual_full_tokens_denoise	["layer","denoise_step","model_token","feature_dim"]	[7,4,49,1536]	[0,2,4,8,10,12,15]	n15_grid_v1	grid_coord	meta	meta_json	b8054b5e7258/worker2/PPCC/candle/s7/n2/base
b8054b5e7258	worker2	PPCC/candle	7	3	base	activation	3ef62a5e6c65156c	3ef62a5e6c65156c75eb9e1c7d1d00ae823d00c1731710265b7a578cb3b02493	lerobot_groot_n15	n15	lerobot_groot_n15__robocasa365_ckpt120000		0	Pick the candle from the counter and place it in the cabinet.	robocasa_panda_omron/PickPlaceCounterToCabinet_PandaOmron_Env	100402	1300003	0	1			5		1	all_token_full	groot_n15_dit_block_residual_full_tokens_denoise	["layer","denoise_step","model_token","feature_dim"]	[7,4,49,1536]	[0,2,4,8,10,12,15]	n15_grid_v1	grid_coord	meta	meta_json	b8054b5e7258/worker2/PPCC/candle/s7/n3/base
b8054b5e7258	worker2	PPCC/candle	7	4	base	activation	29fb212c18f8e9e1	29fb212c18f8e9e1ab5b4f6ebd25e695176c2aa29cf9301c093434f366343e6a	lerobot_groot_n15	n15	lerobot_groot_n15__robocasa365_ckpt120000		0	Pick the candle from the counter and place it in the cabinet.	robocasa_panda_omron/PickPlaceCounterToCabinet_PandaOmron_Env	100402	1300004	0	1			5		1	all_token_full	groot_n15_dit_block_residual_full_tokens_denoise	["layer","denoise_step","model_token","feature_dim"]	[7,4,49,1536]	[0,2,4,8,10,12,15]	n15_grid_v1	grid_coord	meta	meta_json	b8054b5e7258/worker2/PPCC/candle/s7/n4/base
b8054b5e7258	worker2	PPCC/candle	7	5	base	activation	0a495d76a5d1765c	0a495d76a5d1765c5c863003b7db4d70d2df39dc0298f983ab1cddee1b934f2f	lerobot_groot_n15	n15	lerobot_groot_n15__robocasa365_ckpt120000		0	Pick the candle from the counter and place it in the cabinet.	robocasa_panda_omron/PickPlaceCounterToCabinet_PandaOmron_Env	100402	1300005	0	1			5		1	all_token_full	groot_n15_dit_block_residual_full_tokens_denoise	["layer","denoise_step","model_token","feature_dim"]	[7,4,49,1536]	[0,2,4,8,10,12,15]	n15_grid_v1	grid_coord	meta	meta_json	b8054b5e7258/worker2/PPCC/candle/s7/n5/base
b8054b5e7258	worker2	PPCC/candle	7	6	base	activation	8f088998f539dcae	8f088998f539dcae1db4f66871c0f553bb2cea4921c5597b8e7ca0dcb34f41b0	lerobot_groot_n15	n15	lerobot_groot_n15__robocasa365_ckpt120000		0	Pick the candle from the counter and place it in the cabinet.	robocasa_panda_omron/PickPlaceCounterToCabinet_PandaOmron_Env	100402	1300006	0	1			5		1	all_token_full	groot_n15_dit_block_residual_full_tokens_denoise	["layer","denoise_step","model_token","feature_dim"]	[7,4,49,1536]	[0,2,4,8,10,12,15]	n15_grid_v1	grid_coord	meta	meta_json	b8054b5e7258/worker2/PPCC/candle/s7/n6/base
b8054b5e7258	worker2	PPCC/candle	7	7	base	activation	b1fa1dff5bb42718	b1fa1dff5bb427180db6ab633c62d9392db8a494b05cbd8f7c0a43811bf9d700	lerobot_groot_n15	n15	lerobot_groot_n15__robocasa365_ckpt120000		0	Pick the candle from the counter and place it in the cabinet.	robocasa_panda_omron/PickPlaceCounterToCabinet_PandaOmron_Env	100402	1300007	0	1			5		1	all_token_full	groot_n15_dit_block_residual_full_tokens_denoise	["layer","denoise_step","model_token","feature_dim"]	[7,4,49,1536]	[0,2,4,8,10,12,15]	n15_grid_v1	grid_coord	meta	meta_json	b8054b5e7258/worker2/PPCC/candle/s7/n7/base
b8054b5e7258	worker2	PPCC/candle	7	8	base	activation	793ff925015c5e2a	793ff925015c5e2a57f4c292bc7cadbaa379e5b4d8a2e7599bc39d135f275fbd	lerobot_groot_n15	n15	lerobot_groot_n15__robocasa365_ckpt120000		0	Pick the candle from the counter and place it in the cabinet.	robocasa_panda_omron/PickPlaceCounterToCabinet_PandaOmron_Env	100402	1300008	0	1			5		1	all_token_full	groot_n15_dit_block_residual_full_tokens_denoise	["layer","denoise_step","model_token","feature_dim"]	[7,4,49,1536]	[0,2,4,8,10,12,15]	n15_grid_v1	grid_coord	meta	meta_json	b8054b5e7258/worker2/PPCC/candle/s7/n8/base
b8054b5e7258	worker2	PPCC/candle	7	9	base	activation	bfd2993cc125e6da	bfd2993cc125e6da8d517fdbe631e07023e62997f726b2bffde1430828e62c6b	lerobot_groot_n15	n15	lerobot_groot_n15__robocasa365_ckpt120000		0	Pick the candle from the counter and place it in the cabinet.	robocasa_panda_omron/PickPlaceCounterToCabinet_PandaOmron_Env	100402	1300009	0	1			5		1	all_token_full	groot_n15_dit_block_residual_full_tokens_denoise	["layer","denoise_step","model_token","feature_dim"]	[7,4,49,1536]	[0,2,4,8,10,12,15]	n15_grid_v1	grid_coord	meta	meta_json	b8054b5e7258/worker2/PPCC/candle/s7/n9/base
b8054b5e7258	worker2	PPCC/candle	8	0	base	activation	decf8da985f80e44	decf8da985f80e445020098c23dfd3e51a8a5f0af4f0b1b50870fac81380457d	lerobot_groot_n15	n15	lerobot_groot_n15__robocasa365_ckpt120000		0	Pick the candle from the counter and place it in the cabinet.	robocasa_panda_omron/PickPlaceCounterToCabinet_PandaOmron_Env	100676	1300000	0	0			5		1	all_token_full	groot_n15_dit_block_residual_full_tokens_denoise	["layer","denoise_step","model_token","feature_dim"]	[7,4,49,1536]	[0,2,4,8,10,12,15]	n15_grid_v1	grid_coord	meta	meta_json	b8054b5e7258/worker2/PPCC/candle/s8/n0/base
b8054b5e7258	worker2	PPCC/candle	8	1	base	activation	8e69bdf6cace6fb5	8e69bdf6cace6fb54a52e6a702910c97751a5a5ab820eda4c9de74c77ede477b	lerobot_groot_n15	n15	lerobot_groot_n15__robocasa365_ckpt120000		0	Pick the candle from the counter and place it in the cabinet.	robocasa_panda_omron/PickPlaceCounterToCabinet_PandaOmron_Env	100676	1300001	0	0			5		1	all_token_full	groot_n15_dit_block_residual_full_tokens_denoise	["layer","denoise_step","model_token","feature_dim"]	[7,4,49,1536]	[0,2,4,8,10,12,15]	n15_grid_v1	grid_coord	meta	meta_json	b8054b5e7258/worker2/PPCC/candle/s8/n1/base
b8054b5e7258	worker2	PPCC/candle	8	2	base	activation	b5ad22e62a7a6fb1	b5ad22e62a7a6fb196c4a7aafd13a5fe74ecb21dfa7d33b5b8e6927022db3309	lerobot_groot_n15	n15	lerobot_groot_n15__robocasa365_ckpt120000		0	Pick the candle from the counter and place it in the cabinet.	robocasa_panda_omron/PickPlaceCounterToCabinet_PandaOmron_Env	100676	1300002	0	0			5		1	all_token_full	groot_n15_dit_block_residual_full_tokens_denoise	["layer","denoise_step","model_token","feature_dim"]	[7,4,49,1536]	[0,2,4,8,10,12,15]	n15_grid_v1	grid_coord	meta	meta_json	b8054b5e7258/worker2/PPCC/candle/s8/n2/base
b8054b5e7258	worker2	PPCC/candle	8	3	base	activation	8c06b2596ab11fa5	8c06b2596ab11fa51fd173a0f6a39dfb9aba8591bd50b7862e8cbe07f087b6d6	lerobot_groot_n15	n15	lerobot_groot_n15__robocasa365_ckpt120000		0	Pick the candle from the counter and place it in the cabinet.	robocasa_panda_omron/PickPlaceCounterToCabinet_PandaOmron_Env	100676	1300003	0	0			5		1	all_token_full	groot_n15_dit_block_residual_full_tokens_denoise	["layer","denoise_step","model_token","feature_dim"]	[7,4,49,1536]	[0,2,4,8,10,12,15]	n15_grid_v1	grid_coord	meta	meta_json	b8054b5e7258/worker2/PPCC/candle/s8/n3/base
b8054b5e7258	worker2	PPCC/candle	8	4	base	activation	7b7ac39f98f50a6c	7b7ac39f98f50a6c58448ccdb933e73124e5271d370aac0b529a43dc2fb50c22	lerobot_groot_n15	n15	lerobot_groot_n15__robocasa365_ckpt120000		0	Pick the candle from the counter and place it in the cabinet.	robocasa_panda_omron/PickPlaceCounterToCabinet_PandaOmron_Env	100676	1300004	0	0			5		1	all_token_full	groot_n15_dit_block_residual_full_tokens_denoise	["layer","denoise_step","model_token","feature_dim"]	[7,4,49,1536]	[0,2,4,8,10,12,15]	n15_grid_v1	grid_coord	meta	meta_json	b8054b5e7258/worker2/PPCC/candle/s8/n4/base
b8054b5e7258	worker2	PPCC/candle	8	5	base	activation	1cabbbe1b712df79	1cabbbe1b712df7971a316211f275af9759c841f608f6215f3df72a494948557	lerobot_groot_n15	n15	lerobot_groot_n15__robocasa365_ckpt120000		0	Pick the candle from the counter and place it in the cabinet.	robocasa_panda_omron/PickPlaceCounterToCabinet_PandaOmron_Env	100676	1300005	0	0			5		1	all_token_full	groot_n15_dit_block_residual_full_tokens_denoise	["layer","denoise_step","model_token","feature_dim"]	[7,4,49,1536]	[0,2,4,8,10,12,15]	n15_grid_v1	grid_coord	meta	meta_json	b8054b5e7258/worker2/PPCC/candle/s8/n5/base
b8054b5e7258	worker2	PPCC/candle	8	6	base	activation	74de6cdce441057e	74de6cdce441057ef04b1378265e0ed0390288af1f7b63f9a833f0469f5b630b	lerobot_groot_n15	n15	lerobot_groot_n15__robocasa365_ckpt120000		0	Pick the candle from the counter and place it in the cabinet.	robocasa_panda_omron/PickPlaceCounterToCabinet_PandaOmron_Env	100676	1300006	0	0			5		1	all_token_full	groot_n15_dit_block_residual_full_tokens_denoise	["layer","denoise_step","model_token","feature_dim"]	[7,4,49,1536]	[0,2,4,8,10,12,15]	n15_grid_v1	grid_coord	meta	meta_json	b8054b5e7258/worker2/PPCC/candle/s8/n6/base
b8054b5e7258	worker2	PPCC/candle	8	7	base	activation	71b955ad4db8fb61	71b955ad4db8fb61a0ea17e557af829bd5fe7d09b40c735f3d164a68863e8b34	lerobot_groot_n15	n15	lerobot_groot_n15__robocasa365_ckpt120000		0	Pick the candle from the counter and place it in the cabinet.	robocasa_panda_omron/PickPlaceCounterToCabinet_PandaOmron_Env	100676	1300007	0	0			5		1	all_token_full	groot_n15_dit_block_residual_full_tokens_denoise	["layer","denoise_step","model_token","feature_dim"]	[7,4,49,1536]	[0,2,4,8,10,12,15]	n15_grid_v1	grid_coord	meta	meta_json	b8054b5e7258/worker2/PPCC/candle/s8/n7/base
b8054b5e7258	worker2	PPCC/candle	8	8	base	activation	57a5ddba51e4dc83	57a5ddba51e4dc835bb425c51a362ad723e895204739d11a2c07368cd57de567	lerobot_groot_n15	n15	lerobot_groot_n15__robocasa365_ckpt120000		0	Pick the candle from the counter and place it in the cabinet.	robocasa_panda_omron/PickPlaceCounterToCabinet_PandaOmron_Env	100676	1300008	0	1			5		1	all_token_full	groot_n15_dit_block_residual_full_tokens_denoise	["layer","denoise_step","model_token","feature_dim"]	[7,4,49,1536]	[0,2,4,8,10,12,15]	n15_grid_v1	grid_coord	meta	meta_json	b8054b5e7258/worker2/PPCC/candle/s8/n8/base
b8054b5e7258	worker2	PPCC/candle	8	9	base	activation	626dd04793cd1026	626dd04793cd1026f2a890fd44179b9e91c1c5b585c061087c2da4b104da3e78	lerobot_groot_n15	n15	lerobot_groot_n15__robocasa365_ckpt120000		0	Pick the candle from the counter and place it in the cabinet.	robocasa_panda_omron/PickPlaceCounterToCabinet_PandaOmron_Env	100676	1300009	0	0			5		1	all_token_full	groot_n15_dit_block_residual_full_tokens_denoise	["layer","denoise_step","model_token","feature_dim"]	[7,4,49,1536]	[0,2,4,8,10,12,15]	n15_grid_v1	grid_coord	meta	meta_json	b8054b5e7258/worker2/PPCC/candle/s8/n9/base
b8054b5e7258	worker2	PPCC/candle	9	0	base	activation	037f65e7f2341ed0	037f65e7f2341ed0534af891d919b3b832b3672bf7ea99cf88fa0b170b78709d	lerobot_groot_n15	n15	lerobot_groot_n15__robocasa365_ckpt120000		0	Pick the candle from the counter and place it in the cabinet.	robocasa_panda_omron/PickPlaceCounterToCabinet_PandaOmron_Env	100741	1300000	0	1			5		1	all_token_full	groot_n15_dit_block_residual_full_tokens_denoise	["layer","denoise_step","model_token","feature_dim"]	[7,4,49,1536]	[0,2,4,8,10,12,15]	n15_grid_v1	grid_coord	meta	meta_json	b8054b5e7258/worker2/PPCC/candle/s9/n0/base
b8054b5e7258	worker2	PPCC/candle	9	1	base	activation	075e1ab940774fc1	075e1ab940774fc1b72410740bca92f33967994112bdf0f7b777d4e24014e2a6	lerobot_groot_n15	n15	lerobot_groot_n15__robocasa365_ckpt120000		0	Pick the candle from the counter and place it in the cabinet.	robocasa_panda_omron/PickPlaceCounterToCabinet_PandaOmron_Env	100741	1300001	0	0			5		1	all_token_full	groot_n15_dit_block_residual_full_tokens_denoise	["layer","denoise_step","model_token","feature_dim"]	[7,4,49,1536]	[0,2,4,8,10,12,15]	n15_grid_v1	grid_coord	meta	meta_json	b8054b5e7258/worker2/PPCC/candle/s9/n1/base
b8054b5e7258	worker2	PPCC/candle	9	2	base	activation	8ca210cbf0896e55	8ca210cbf0896e55bc4c84c4f9b23d5e2c8889cff74556867c2bbe6ff13ff8b8	lerobot_groot_n15	n15	lerobot_groot_n15__robocasa365_ckpt120000		0	Pick the candle from the counter and place it in the cabinet.	robocasa_panda_omron/PickPlaceCounterToCabinet_PandaOmron_Env	100741	1300002	0	1			5		1	all_token_full	groot_n15_dit_block_residual_full_tokens_denoise	["layer","denoise_step","model_token","feature_dim"]	[7,4,49,1536]	[0,2,4,8,10,12,15]	n15_grid_v1	grid_coord	meta	meta_json	b8054b5e7258/worker2/PPCC/candle/s9/n2/base
b8054b5e7258	worker2	PPCC/candle	9	3	base	activation	47c39958566dbf38	47c39958566dbf383d55b6b65fcdf339d1a3794b6b229345c41faf011e876333	lerobot_groot_n15	n15	lerobot_groot_n15__robocasa365_ckpt120000		0	Pick the candle from the counter and place it in the cabinet.	robocasa_panda_omron/PickPlaceCounterToCabinet_PandaOmron_Env	100741	1300003	0	0			5		1	all_token_full	groot_n15_dit_block_residual_full_tokens_denoise	["layer","denoise_step","model_token","feature_dim"]	[7,4,49,1536]	[0,2,4,8,10,12,15]	n15_grid_v1	grid_coord	meta	meta_json	b8054b5e7258/worker2/PPCC/candle/s9/n3/base
b8054b5e7258	worker2	PPCC/candle	9	4	base	activation	fda24b5910c3a207	fda24b5910c3a207ea58e831bd5f757f8f27c9f3ce8b4e1657a2f5640cee87b4	lerobot_groot_n15	n15	lerobot_groot_n15__robocasa365_ckpt120000		0	Pick the candle from the counter and place it in the cabinet.	robocasa_panda_omron/PickPlaceCounterToCabinet_PandaOmron_Env	100741	1300004	0	0			5		1	all_token_full	groot_n15_dit_block_residual_full_tokens_denoise	["layer","denoise_step","model_token","feature_dim"]	[7,4,49,1536]	[0,2,4,8,10,12,15]	n15_grid_v1	grid_coord	meta	meta_json	b8054b5e7258/worker2/PPCC/candle/s9/n4/base
b8054b5e7258	worker2	PPCC/candle	9	5	base	activation	3368ab9513b84b86	3368ab9513b84b86a5390354d478352c192f69eafbb94e309a0199bb021278a8	lerobot_groot_n15	n15	lerobot_groot_n15__robocasa365_ckpt120000		0	Pick the candle from the counter and place it in the cabinet.	robocasa_panda_omron/PickPlaceCounterToCabinet_PandaOmron_Env	100741	1300005	0	0			5		1	all_token_full	groot_n15_dit_block_residual_full_tokens_denoise	["layer","denoise_step","model_token","feature_dim"]	[7,4,49,1536]	[0,2,4,8,10,12,15]	n15_grid_v1	grid_coord	meta	meta_json	b8054b5e7258/worker2/PPCC/candle/s9/n5/base
b8054b5e7258	worker2	PPCC/candle	9	6	base	activation	1e7810c107c17309	1e7810c107c173095733e5966d786ca51daf482b25af5f7b3180f387de54236b	lerobot_groot_n15	n15	lerobot_groot_n15__robocasa365_ckpt120000		0	Pick the candle from the counter and place it in the cabinet.	robocasa_panda_omron/PickPlaceCounterToCabinet_PandaOmron_Env	100741	1300006	0	0			5		1	all_token_full	groot_n15_dit_block_residual_full_tokens_denoise	["layer","denoise_step","model_token","feature_dim"]	[7,4,49,1536]	[0,2,4,8,10,12,15]	n15_grid_v1	grid_coord	meta	meta_json	b8054b5e7258/worker2/PPCC/candle/s9/n6/base
b8054b5e7258	worker2	PPCC/candle	9	7	base	activation	86db4604ff5b8f68	86db4604ff5b8f68a18a8113cbde87ecfc273f845d3a2c17be23cdaa5cdd423e	lerobot_groot_n15	n15	lerobot_groot_n15__robocasa365_ckpt120000		0	Pick the candle from the counter and place it in the cabinet.	robocasa_panda_omron/PickPlaceCounterToCabinet_PandaOmron_Env	100741	1300007	0	0			5		1	all_token_full	groot_n15_dit_block_residual_full_tokens_denoise	["layer","denoise_step","model_token","feature_dim"]	[7,4,49,1536]	[0,2,4,8,10,12,15]	n15_grid_v1	grid_coord	meta	meta_json	b8054b5e7258/worker2/PPCC/candle/s9/n7/base
b8054b5e7258	worker2	PPCC/candle	9	8	base	activation	51a4e25eb6f31a7e	51a4e25eb6f31a7e4a098627d94b28cbb5845197266c3851093ea5454f98da3a	lerobot_groot_n15	n15	lerobot_groot_n15__robocasa365_ckpt120000		0	Pick the candle from the counter and place it in the cabinet.	robocasa_panda_omron/PickPlaceCounterToCabinet_PandaOmron_Env	100741	1300008	0	0			5		1	all_token_full	groot_n15_dit_block_residual_full_tokens_denoise	["layer","denoise_step","model_token","feature_dim"]	[7,4,49,1536]	[0,2,4,8,10,12,15]	n15_grid_v1	grid_coord	meta	meta_json	b8054b5e7258/worker2/PPCC/candle/s9/n8/base
b8054b5e7258	worker2	PPCC/candle	9	9	base	activation	4a7665475adae8be	4a7665475adae8bee4e3d3cb7c7d7fc11a666bfc6485a07b5c4039adf4fa9c4a	lerobot_groot_n15	n15	lerobot_groot_n15__robocasa365_ckpt120000		0	Pick the candle from the counter and place it in the cabinet.	robocasa_panda_omron/PickPlaceCounterToCabinet_PandaOmron_Env	100741	1300009	0	1			5		1	all_token_full	groot_n15_dit_block_residual_full_tokens_denoise	["layer","denoise_step","model_token","feature_dim"]	[7,4,49,1536]	[0,2,4,8,10,12,15]	n15_grid_v1	grid_coord	meta	meta_json	b8054b5e7258/worker2/PPCC/candle/s9/n9/base
