plan_id	machine	grid_instruction	scene_idx	noise_idx	armsig	kind	sig	pkl_sha256	model	version	ckpt	task	task_id	instruction	env_name	env_seed	inference_seed	episode_idx	success	steps	n_inferences	n_action_steps	chunk_len	has_pkl	capture_token_mode	feature_kind	feature_axes	record_shape	capture_layers	plan_name	machine_source	ckpt_source	meta_source	rel_path	cell_si	jitter_reset_idx
46ea62d53e09	kanu	OpenDrawer/left	0	0	base	activation	feca0eef96e4a057	feca0eef96e4a057e1e984664fa35b3997d567b552325eac2aedb08cf3929762	lerobot_groot_n15	n15	lerobot_groot_n15__robocasa365_ckpt120000		0	Open the left drawer.	robocasa_panda_omron/OpenDrawer_PandaOmron_Env	100001	1300000	0	0			5		1	all_token_full	groot_n15_dit_block_residual_full_tokens_denoise	"[""layer"",""denoise_step"",""model_token"",""feature_dim""]"	[7,4,49,1536]	[0,2,4,8,10,12,15]	n15_grid_v4_jitter	grid_coord	meta	meta_json	46ea62d53e09/kanu/OpenDrawer/left/s1/n0/base	1	1
46ea62d53e09	kanu	OpenDrawer/left	0	1	base	activation	78b1ca36743ad0f1	78b1ca36743ad0f11f336fa07ee10342c9b5e380c7ad6bd22c8afd5546c68fec	lerobot_groot_n15	n15	lerobot_groot_n15__robocasa365_ckpt120000		0	Open the left drawer.	robocasa_panda_omron/OpenDrawer_PandaOmron_Env	100001	1300001	0	0			5		1	all_token_full	groot_n15_dit_block_residual_full_tokens_denoise	"[""layer"",""denoise_step"",""model_token"",""feature_dim""]"	[7,4,49,1536]	[0,2,4,8,10,12,15]	n15_grid_v4_jitter	grid_coord	meta	meta_json	46ea62d53e09/kanu/OpenDrawer/left/s1/n1/base	1	1
46ea62d53e09	kanu	OpenDrawer/left	0	2	base	activation	d9d4d84bd2ceaf69	d9d4d84bd2ceaf69c3ffb3dc701870b45fe1410d74f457a0142c12d5bd4b4e52	lerobot_groot_n15	n15	lerobot_groot_n15__robocasa365_ckpt120000		0	Open the left drawer.	robocasa_panda_omron/OpenDrawer_PandaOmron_Env	100001	1300002	0	0			5		1	all_token_full	groot_n15_dit_block_residual_full_tokens_denoise	"[""layer"",""denoise_step"",""model_token"",""feature_dim""]"	[7,4,49,1536]	[0,2,4,8,10,12,15]	n15_grid_v4_jitter	grid_coord	meta	meta_json	46ea62d53e09/kanu/OpenDrawer/left/s1/n2/base	1	1
46ea62d53e09	kanu	OpenDrawer/left	0	3	base	activation	d177736f95008d48	d177736f95008d48637dab7aa302c90d50593d639ada062dd62995e52e6c9d95	lerobot_groot_n15	n15	lerobot_groot_n15__robocasa365_ckpt120000		0	Open the left drawer.	robocasa_panda_omron/OpenDrawer_PandaOmron_Env	100001	1300003	0	0			5		1	all_token_full	groot_n15_dit_block_residual_full_tokens_denoise	"[""layer"",""denoise_step"",""model_token"",""feature_dim""]"	[7,4,49,1536]	[0,2,4,8,10,12,15]	n15_grid_v4_jitter	grid_coord	meta	meta_json	46ea62d53e09/kanu/OpenDrawer/left/s1/n3/base	1	1
46ea62d53e09	kanu	OpenDrawer/left	0	4	base	activation	ccc98412bb4ec2fa	ccc98412bb4ec2fa7daa9469a67952b8c3c6817a69339c153f998078074e8841	lerobot_groot_n15	n15	lerobot_groot_n15__robocasa365_ckpt120000		0	Open the left drawer.	robocasa_panda_omron/OpenDrawer_PandaOmron_Env	100001	1300004	0	0			5		1	all_token_full	groot_n15_dit_block_residual_full_tokens_denoise	"[""layer"",""denoise_step"",""model_token"",""feature_dim""]"	[7,4,49,1536]	[0,2,4,8,10,12,15]	n15_grid_v4_jitter	grid_coord	meta	meta_json	46ea62d53e09/kanu/OpenDrawer/left/s1/n4/base	1	1
46ea62d53e09	kanu	OpenDrawer/left	1	0	base	activation	45676a07729fa890	45676a07729fa8902e5026c4f38a1d6a8f10769367d84c057226cc4d2fc3d4d8	lerobot_groot_n15	n15	lerobot_groot_n15__robocasa365_ckpt120000		0	Open the left drawer.	robocasa_panda_omron/OpenDrawer_PandaOmron_Env	100002	1300000	0	0			5		1	all_token_full	groot_n15_dit_block_residual_full_tokens_denoise	"[""layer"",""denoise_step"",""model_token"",""feature_dim""]"	[7,4,49,1536]	[0,2,4,8,10,12,15]	n15_grid_v4_jitter	grid_coord	meta	meta_json	46ea62d53e09/kanu/OpenDrawer/left/s101/n0/base	101	1
46ea62d53e09	kanu	OpenDrawer/left	1	1	base	activation	65f0ee60298fb384	65f0ee60298fb384f38181a06bed17ff3565e50f593b8e30c0b406307d18e64f	lerobot_groot_n15	n15	lerobot_groot_n15__robocasa365_ckpt120000		0	Open the left drawer.	robocasa_panda_omron/OpenDrawer_PandaOmron_Env	100002	1300001	0	0			5		1	all_token_full	groot_n15_dit_block_residual_full_tokens_denoise	"[""layer"",""denoise_step"",""model_token"",""feature_dim""]"	[7,4,49,1536]	[0,2,4,8,10,12,15]	n15_grid_v4_jitter	grid_coord	meta	meta_json	46ea62d53e09/kanu/OpenDrawer/left/s101/n1/base	101	1
46ea62d53e09	kanu	OpenDrawer/left	1	2	base	activation	eb25d3ff81364f35	eb25d3ff81364f35b03307f3c0bf24e33d64424c6ecfa07dcb9c2db1b8bd71f6	lerobot_groot_n15	n15	lerobot_groot_n15__robocasa365_ckpt120000		0	Open the left drawer.	robocasa_panda_omron/OpenDrawer_PandaOmron_Env	100002	1300002	0	0			5		1	all_token_full	groot_n15_dit_block_residual_full_tokens_denoise	"[""layer"",""denoise_step"",""model_token"",""feature_dim""]"	[7,4,49,1536]	[0,2,4,8,10,12,15]	n15_grid_v4_jitter	grid_coord	meta	meta_json	46ea62d53e09/kanu/OpenDrawer/left/s101/n2/base	101	1
46ea62d53e09	kanu	OpenDrawer/left	1	3	base	activation	5a0a759d0c929c8a	5a0a759d0c929c8ad70793efcc9f0d6a182bccac2e07afdcaebf8aa654c0d6b3	lerobot_groot_n15	n15	lerobot_groot_n15__robocasa365_ckpt120000		0	Open the left drawer.	robocasa_panda_omron/OpenDrawer_PandaOmron_Env	100002	1300003	0	0			5		1	all_token_full	groot_n15_dit_block_residual_full_tokens_denoise	"[""layer"",""denoise_step"",""model_token"",""feature_dim""]"	[7,4,49,1536]	[0,2,4,8,10,12,15]	n15_grid_v4_jitter	grid_coord	meta	meta_json	46ea62d53e09/kanu/OpenDrawer/left/s101/n3/base	101	1
46ea62d53e09	kanu	OpenDrawer/left	1	4	base	activation	f3e7f6cb5618063e	f3e7f6cb5618063e68db1c65849d631f50630d63dde129b12c788b10d4c4db37	lerobot_groot_n15	n15	lerobot_groot_n15__robocasa365_ckpt120000		0	Open the left drawer.	robocasa_panda_omron/OpenDrawer_PandaOmron_Env	100002	1300004	0	0			5		1	all_token_full	groot_n15_dit_block_residual_full_tokens_denoise	"[""layer"",""denoise_step"",""model_token"",""feature_dim""]"	[7,4,49,1536]	[0,2,4,8,10,12,15]	n15_grid_v4_jitter	grid_coord	meta	meta_json	46ea62d53e09/kanu/OpenDrawer/left/s101/n4/base	101	1
46ea62d53e09	kanu	OpenDrawer/left	1	0	base	activation	33e3fcb86742f7a1	33e3fcb86742f7a14c970688c559d3683942c3eab1313ee09646de3c56ec71f7	lerobot_groot_n15	n15	lerobot_groot_n15__robocasa365_ckpt120000		0	Open the left drawer.	robocasa_panda_omron/OpenDrawer_PandaOmron_Env	100002	1300000	0	0			5		1	all_token_full	groot_n15_dit_block_residual_full_tokens_denoise	"[""layer"",""denoise_step"",""model_token"",""feature_dim""]"	[7,4,49,1536]	[0,2,4,8,10,12,15]	n15_grid_v4_jitter	grid_coord	meta	meta_json	46ea62d53e09/kanu/OpenDrawer/left/s103/n0/base	103	3
46ea62d53e09	kanu	OpenDrawer/left	1	1	base	activation	b875a52069c9500f	b875a52069c9500f00d9daf7dec77f960555d742ec30a48c864be20c5c2f0186	lerobot_groot_n15	n15	lerobot_groot_n15__robocasa365_ckpt120000		0	Open the left drawer.	robocasa_panda_omron/OpenDrawer_PandaOmron_Env	100002	1300001	0	0			5		1	all_token_full	groot_n15_dit_block_residual_full_tokens_denoise	"[""layer"",""denoise_step"",""model_token"",""feature_dim""]"	[7,4,49,1536]	[0,2,4,8,10,12,15]	n15_grid_v4_jitter	grid_coord	meta	meta_json	46ea62d53e09/kanu/OpenDrawer/left/s103/n1/base	103	3
46ea62d53e09	kanu	OpenDrawer/left	1	2	base	activation	7c84465e32b53172	7c84465e32b53172bcf87e353681849e6c86e9a1a87c93310e80974ee7e9994c	lerobot_groot_n15	n15	lerobot_groot_n15__robocasa365_ckpt120000		0	Open the left drawer.	robocasa_panda_omron/OpenDrawer_PandaOmron_Env	100002	1300002	0	0			5		1	all_token_full	groot_n15_dit_block_residual_full_tokens_denoise	"[""layer"",""denoise_step"",""model_token"",""feature_dim""]"	[7,4,49,1536]	[0,2,4,8,10,12,15]	n15_grid_v4_jitter	grid_coord	meta	meta_json	46ea62d53e09/kanu/OpenDrawer/left/s103/n2/base	103	3
46ea62d53e09	kanu	OpenDrawer/left	1	3	base	activation	8134b8546d0017e4	8134b8546d0017e490952f16c207f455f75a3cc4f8b52c8ad00fcebc60653a6e	lerobot_groot_n15	n15	lerobot_groot_n15__robocasa365_ckpt120000		0	Open the left drawer.	robocasa_panda_omron/OpenDrawer_PandaOmron_Env	100002	1300003	0	0			5		1	all_token_full	groot_n15_dit_block_residual_full_tokens_denoise	"[""layer"",""denoise_step"",""model_token"",""feature_dim""]"	[7,4,49,1536]	[0,2,4,8,10,12,15]	n15_grid_v4_jitter	grid_coord	meta	meta_json	46ea62d53e09/kanu/OpenDrawer/left/s103/n3/base	103	3
46ea62d53e09	kanu	OpenDrawer/left	1	4	base	activation	11ae631a660153f3	11ae631a660153f30ab7ebd83a4ddb676c849012111bc919e65f9d112fe261bf	lerobot_groot_n15	n15	lerobot_groot_n15__robocasa365_ckpt120000		0	Open the left drawer.	robocasa_panda_omron/OpenDrawer_PandaOmron_Env	100002	1300004	0	0			5		1	all_token_full	groot_n15_dit_block_residual_full_tokens_denoise	"[""layer"",""denoise_step"",""model_token"",""feature_dim""]"	[7,4,49,1536]	[0,2,4,8,10,12,15]	n15_grid_v4_jitter	grid_coord	meta	meta_json	46ea62d53e09/kanu/OpenDrawer/left/s103/n4/base	103	3
46ea62d53e09	kanu	OpenDrawer/left	1	0	base	activation	b694368c538605cc	b694368c538605cc03200c0dceb252f0a5de258a07f5fa2bd5dacb6775d178f8	lerobot_groot_n15	n15	lerobot_groot_n15__robocasa365_ckpt120000		0	Open the left drawer.	robocasa_panda_omron/OpenDrawer_PandaOmron_Env	100002	1300000	0	0			5		1	all_token_full	groot_n15_dit_block_residual_full_tokens_denoise	"[""layer"",""denoise_step"",""model_token"",""feature_dim""]"	[7,4,49,1536]	[0,2,4,8,10,12,15]	n15_grid_v4_jitter	grid_coord	meta	meta_json	46ea62d53e09/kanu/OpenDrawer/left/s105/n0/base	105	5
46ea62d53e09	kanu	OpenDrawer/left	1	1	base	activation	c6445ccb1fe2d977	c6445ccb1fe2d9778b9283c406bbe22ad61fc1326265cd764da7afe63bf8d39f	lerobot_groot_n15	n15	lerobot_groot_n15__robocasa365_ckpt120000		0	Open the left drawer.	robocasa_panda_omron/OpenDrawer_PandaOmron_Env	100002	1300001	0	0			5		1	all_token_full	groot_n15_dit_block_residual_full_tokens_denoise	"[""layer"",""denoise_step"",""model_token"",""feature_dim""]"	[7,4,49,1536]	[0,2,4,8,10,12,15]	n15_grid_v4_jitter	grid_coord	meta	meta_json	46ea62d53e09/kanu/OpenDrawer/left/s105/n1/base	105	5
46ea62d53e09	kanu	OpenDrawer/left	1	2	base	activation	c9ab3ff2cc870ca0	c9ab3ff2cc870ca022e071308474662be85cc5cdd76b40439aa996317e2cec09	lerobot_groot_n15	n15	lerobot_groot_n15__robocasa365_ckpt120000		0	Open the left drawer.	robocasa_panda_omron/OpenDrawer_PandaOmron_Env	100002	1300002	0	0			5		1	all_token_full	groot_n15_dit_block_residual_full_tokens_denoise	"[""layer"",""denoise_step"",""model_token"",""feature_dim""]"	[7,4,49,1536]	[0,2,4,8,10,12,15]	n15_grid_v4_jitter	grid_coord	meta	meta_json	46ea62d53e09/kanu/OpenDrawer/left/s105/n2/base	105	5
46ea62d53e09	kanu	OpenDrawer/left	1	3	base	activation	d0c95ce47fc4b5c6	d0c95ce47fc4b5c68ce4d147969d695df3f3e6d176b6883d031a6cc33daf24c7	lerobot_groot_n15	n15	lerobot_groot_n15__robocasa365_ckpt120000		0	Open the left drawer.	robocasa_panda_omron/OpenDrawer_PandaOmron_Env	100002	1300003	0	0			5		1	all_token_full	groot_n15_dit_block_residual_full_tokens_denoise	"[""layer"",""denoise_step"",""model_token"",""feature_dim""]"	[7,4,49,1536]	[0,2,4,8,10,12,15]	n15_grid_v4_jitter	grid_coord	meta	meta_json	46ea62d53e09/kanu/OpenDrawer/left/s105/n3/base	105	5
46ea62d53e09	kanu	OpenDrawer/left	1	4	base	activation	69d9c40a805a48ff	69d9c40a805a48ffbedde01dced09347670555b0fa81dcef21c42e3e1a50518b	lerobot_groot_n15	n15	lerobot_groot_n15__robocasa365_ckpt120000		0	Open the left drawer.	robocasa_panda_omron/OpenDrawer_PandaOmron_Env	100002	1300004	0	0			5		1	all_token_full	groot_n15_dit_block_residual_full_tokens_denoise	"[""layer"",""denoise_step"",""model_token"",""feature_dim""]"	[7,4,49,1536]	[0,2,4,8,10,12,15]	n15_grid_v4_jitter	grid_coord	meta	meta_json	46ea62d53e09/kanu/OpenDrawer/left/s105/n4/base	105	5
46ea62d53e09	kanu	OpenDrawer/left	1	0	base	activation	505339c17d947839	505339c17d947839eff15c5209384256c15fffd572282e71407086b88aec19f2	lerobot_groot_n15	n15	lerobot_groot_n15__robocasa365_ckpt120000		0	Open the left drawer.	robocasa_panda_omron/OpenDrawer_PandaOmron_Env	100002	1300000	0	0			5		1	all_token_full	groot_n15_dit_block_residual_full_tokens_denoise	"[""layer"",""denoise_step"",""model_token"",""feature_dim""]"	[7,4,49,1536]	[0,2,4,8,10,12,15]	n15_grid_v4_jitter	grid_coord	meta	meta_json	46ea62d53e09/kanu/OpenDrawer/left/s106/n0/base	106	6
46ea62d53e09	kanu	OpenDrawer/left	1	1	base	activation	57b32c8bf43b1b96	57b32c8bf43b1b96442aa23fdd04144eaea408ac69370bdcb5ec422dcd31d1d3	lerobot_groot_n15	n15	lerobot_groot_n15__robocasa365_ckpt120000		0	Open the left drawer.	robocasa_panda_omron/OpenDrawer_PandaOmron_Env	100002	1300001	0	0			5		1	all_token_full	groot_n15_dit_block_residual_full_tokens_denoise	"[""layer"",""denoise_step"",""model_token"",""feature_dim""]"	[7,4,49,1536]	[0,2,4,8,10,12,15]	n15_grid_v4_jitter	grid_coord	meta	meta_json	46ea62d53e09/kanu/OpenDrawer/left/s106/n1/base	106	6
46ea62d53e09	kanu	OpenDrawer/left	1	2	base	activation	2632a8f51061aa79	2632a8f51061aa79ce1b790fe2d8147d0c9a1b7ff2a4dcb6a3a79aaf61c59884	lerobot_groot_n15	n15	lerobot_groot_n15__robocasa365_ckpt120000		0	Open the left drawer.	robocasa_panda_omron/OpenDrawer_PandaOmron_Env	100002	1300002	0	0			5		1	all_token_full	groot_n15_dit_block_residual_full_tokens_denoise	"[""layer"",""denoise_step"",""model_token"",""feature_dim""]"	[7,4,49,1536]	[0,2,4,8,10,12,15]	n15_grid_v4_jitter	grid_coord	meta	meta_json	46ea62d53e09/kanu/OpenDrawer/left/s106/n2/base	106	6
46ea62d53e09	kanu	OpenDrawer/left	1	3	base	activation	754287f4be7c40a0	754287f4be7c40a09def78d2f907e98b53b32eee1db23642ce649d7a9a2b936d	lerobot_groot_n15	n15	lerobot_groot_n15__robocasa365_ckpt120000		0	Open the left drawer.	robocasa_panda_omron/OpenDrawer_PandaOmron_Env	100002	1300003	0	0			5		1	all_token_full	groot_n15_dit_block_residual_full_tokens_denoise	"[""layer"",""denoise_step"",""model_token"",""feature_dim""]"	[7,4,49,1536]	[0,2,4,8,10,12,15]	n15_grid_v4_jitter	grid_coord	meta	meta_json	46ea62d53e09/kanu/OpenDrawer/left/s106/n3/base	106	6
46ea62d53e09	kanu	OpenDrawer/left	1	4	base	activation	a5d5c8029f79ff39	a5d5c8029f79ff399dda676428006f3f0194240ef69fe845af203273c65a65ea	lerobot_groot_n15	n15	lerobot_groot_n15__robocasa365_ckpt120000		0	Open the left drawer.	robocasa_panda_omron/OpenDrawer_PandaOmron_Env	100002	1300004	0	0			5		1	all_token_full	groot_n15_dit_block_residual_full_tokens_denoise	"[""layer"",""denoise_step"",""model_token"",""feature_dim""]"	[7,4,49,1536]	[0,2,4,8,10,12,15]	n15_grid_v4_jitter	grid_coord	meta	meta_json	46ea62d53e09/kanu/OpenDrawer/left/s106/n4/base	106	6
46ea62d53e09	kanu	OpenDrawer/left	2	0	base	activation	7a74d02c85c9780a	7a74d02c85c9780a934aab3c04c3de2537eb4a0d876ad297f95d85473aedcd24	lerobot_groot_n15	n15	lerobot_groot_n15__robocasa365_ckpt120000		0	Open the left drawer.	robocasa_panda_omron/OpenDrawer_PandaOmron_Env	100004	1300000	0	1			5		1	all_token_full	groot_n15_dit_block_residual_full_tokens_denoise	"[""layer"",""denoise_step"",""model_token"",""feature_dim""]"	[7,4,49,1536]	[0,2,4,8,10,12,15]	n15_grid_v4_jitter	grid_coord	meta	meta_json	46ea62d53e09/kanu/OpenDrawer/left/s200/n0/base	200	0
46ea62d53e09	kanu	OpenDrawer/left	2	1	base	activation	24df48c48c12cab3	24df48c48c12cab3c4dc5c74074cb61d87da398b2c888e0f19a24ea7a03d6e88	lerobot_groot_n15	n15	lerobot_groot_n15__robocasa365_ckpt120000		0	Open the left drawer.	robocasa_panda_omron/OpenDrawer_PandaOmron_Env	100004	1300001	0	1			5		1	all_token_full	groot_n15_dit_block_residual_full_tokens_denoise	"[""layer"",""denoise_step"",""model_token"",""feature_dim""]"	[7,4,49,1536]	[0,2,4,8,10,12,15]	n15_grid_v4_jitter	grid_coord	meta	meta_json	46ea62d53e09/kanu/OpenDrawer/left/s200/n1/base	200	0
46ea62d53e09	kanu	OpenDrawer/left	2	2	base	activation	ae7fb62d862e6292	ae7fb62d862e629230d7c878976347b1b2f6dbc4280a38a4dd9e92cb96b1aeb6	lerobot_groot_n15	n15	lerobot_groot_n15__robocasa365_ckpt120000		0	Open the left drawer.	robocasa_panda_omron/OpenDrawer_PandaOmron_Env	100004	1300002	0	1			5		1	all_token_full	groot_n15_dit_block_residual_full_tokens_denoise	"[""layer"",""denoise_step"",""model_token"",""feature_dim""]"	[7,4,49,1536]	[0,2,4,8,10,12,15]	n15_grid_v4_jitter	grid_coord	meta	meta_json	46ea62d53e09/kanu/OpenDrawer/left/s200/n2/base	200	0
46ea62d53e09	kanu	OpenDrawer/left	2	3	base	activation	062589d7b1d48048	062589d7b1d480483c54c39e5bfefcd7dd16149839a863214fc4600116ed2ff5	lerobot_groot_n15	n15	lerobot_groot_n15__robocasa365_ckpt120000		0	Open the left drawer.	robocasa_panda_omron/OpenDrawer_PandaOmron_Env	100004	1300003	0	1			5		1	all_token_full	groot_n15_dit_block_residual_full_tokens_denoise	"[""layer"",""denoise_step"",""model_token"",""feature_dim""]"	[7,4,49,1536]	[0,2,4,8,10,12,15]	n15_grid_v4_jitter	grid_coord	meta	meta_json	46ea62d53e09/kanu/OpenDrawer/left/s200/n3/base	200	0
46ea62d53e09	kanu	OpenDrawer/left	2	4	base	activation	c6947ba71128bd5a	c6947ba71128bd5abde00d2f0d3cda901ac914bea569327ef1eabb959a902f3f	lerobot_groot_n15	n15	lerobot_groot_n15__robocasa365_ckpt120000		0	Open the left drawer.	robocasa_panda_omron/OpenDrawer_PandaOmron_Env	100004	1300004	0	1			5		1	all_token_full	groot_n15_dit_block_residual_full_tokens_denoise	"[""layer"",""denoise_step"",""model_token"",""feature_dim""]"	[7,4,49,1536]	[0,2,4,8,10,12,15]	n15_grid_v4_jitter	grid_coord	meta	meta_json	46ea62d53e09/kanu/OpenDrawer/left/s200/n4/base	200	0
46ea62d53e09	kanu	OpenDrawer/left	2	0	base	activation	58b52587eec0fea6	58b52587eec0fea6fd386702bef9c8b7f7cb1d809b8634a372fada2018cf2857	lerobot_groot_n15	n15	lerobot_groot_n15__robocasa365_ckpt120000		0	Open the left drawer.	robocasa_panda_omron/OpenDrawer_PandaOmron_Env	100004	1300000	0	1			5		1	all_token_full	groot_n15_dit_block_residual_full_tokens_denoise	"[""layer"",""denoise_step"",""model_token"",""feature_dim""]"	[7,4,49,1536]	[0,2,4,8,10,12,15]	n15_grid_v4_jitter	grid_coord	meta	meta_json	46ea62d53e09/kanu/OpenDrawer/left/s201/n0/base	201	1
46ea62d53e09	kanu	OpenDrawer/left	2	1	base	activation	3769e71ef1b9a775	3769e71ef1b9a775ce97a68d70691aa33813cfe186539a0409a4849243fd2352	lerobot_groot_n15	n15	lerobot_groot_n15__robocasa365_ckpt120000		0	Open the left drawer.	robocasa_panda_omron/OpenDrawer_PandaOmron_Env	100004	1300001	0	1			5		1	all_token_full	groot_n15_dit_block_residual_full_tokens_denoise	"[""layer"",""denoise_step"",""model_token"",""feature_dim""]"	[7,4,49,1536]	[0,2,4,8,10,12,15]	n15_grid_v4_jitter	grid_coord	meta	meta_json	46ea62d53e09/kanu/OpenDrawer/left/s201/n1/base	201	1
46ea62d53e09	kanu	OpenDrawer/left	2	2	base	activation	237c414b7d9635cd	237c414b7d9635cdb0ab5528985b6e8b55414a7a94dab597adb551bc860e8799	lerobot_groot_n15	n15	lerobot_groot_n15__robocasa365_ckpt120000		0	Open the left drawer.	robocasa_panda_omron/OpenDrawer_PandaOmron_Env	100004	1300002	0	1			5		1	all_token_full	groot_n15_dit_block_residual_full_tokens_denoise	"[""layer"",""denoise_step"",""model_token"",""feature_dim""]"	[7,4,49,1536]	[0,2,4,8,10,12,15]	n15_grid_v4_jitter	grid_coord	meta	meta_json	46ea62d53e09/kanu/OpenDrawer/left/s201/n2/base	201	1
46ea62d53e09	kanu	OpenDrawer/left	2	3	base	activation	ea039b70d70c2c78	ea039b70d70c2c78b3d8167d8c27d5c1012e9f4e4a39418062e10b7d6344cf56	lerobot_groot_n15	n15	lerobot_groot_n15__robocasa365_ckpt120000		0	Open the left drawer.	robocasa_panda_omron/OpenDrawer_PandaOmron_Env	100004	1300003	0	1			5		1	all_token_full	groot_n15_dit_block_residual_full_tokens_denoise	"[""layer"",""denoise_step"",""model_token"",""feature_dim""]"	[7,4,49,1536]	[0,2,4,8,10,12,15]	n15_grid_v4_jitter	grid_coord	meta	meta_json	46ea62d53e09/kanu/OpenDrawer/left/s201/n3/base	201	1
46ea62d53e09	kanu	OpenDrawer/left	2	4	base	activation	57b93c1fbc1a5b41	57b93c1fbc1a5b41429e7610c0a580db751f932a69399df340f37557e8fc7d35	lerobot_groot_n15	n15	lerobot_groot_n15__robocasa365_ckpt120000		0	Open the left drawer.	robocasa_panda_omron/OpenDrawer_PandaOmron_Env	100004	1300004	0	1			5		1	all_token_full	groot_n15_dit_block_residual_full_tokens_denoise	"[""layer"",""denoise_step"",""model_token"",""feature_dim""]"	[7,4,49,1536]	[0,2,4,8,10,12,15]	n15_grid_v4_jitter	grid_coord	meta	meta_json	46ea62d53e09/kanu/OpenDrawer/left/s201/n4/base	201	1
46ea62d53e09	kanu	OpenDrawer/left	2	0	base	activation	55d204d49de87c19	55d204d49de87c1956ce8aa81217d259c5654cff571701391c8bd922cde2572c	lerobot_groot_n15	n15	lerobot_groot_n15__robocasa365_ckpt120000		0	Open the left drawer.	robocasa_panda_omron/OpenDrawer_PandaOmron_Env	100004	1300000	0	1			5		1	all_token_full	groot_n15_dit_block_residual_full_tokens_denoise	"[""layer"",""denoise_step"",""model_token"",""feature_dim""]"	[7,4,49,1536]	[0,2,4,8,10,12,15]	n15_grid_v4_jitter	grid_coord	meta	meta_json	46ea62d53e09/kanu/OpenDrawer/left/s202/n0/base	202	2
46ea62d53e09	kanu	OpenDrawer/left	2	1	base	activation	82079b918d61d36b	82079b918d61d36b451f4474c3cbafe770ddcf821a21913cde574f675fa3bd4d	lerobot_groot_n15	n15	lerobot_groot_n15__robocasa365_ckpt120000		0	Open the left drawer.	robocasa_panda_omron/OpenDrawer_PandaOmron_Env	100004	1300001	0	1			5		1	all_token_full	groot_n15_dit_block_residual_full_tokens_denoise	"[""layer"",""denoise_step"",""model_token"",""feature_dim""]"	[7,4,49,1536]	[0,2,4,8,10,12,15]	n15_grid_v4_jitter	grid_coord	meta	meta_json	46ea62d53e09/kanu/OpenDrawer/left/s202/n1/base	202	2
46ea62d53e09	kanu	OpenDrawer/left	2	2	base	activation	d9552e1f11ce8544	d9552e1f11ce854495b10f3de26b3d919bc0c90c87834671c3908a780fd0f43c	lerobot_groot_n15	n15	lerobot_groot_n15__robocasa365_ckpt120000		0	Open the left drawer.	robocasa_panda_omron/OpenDrawer_PandaOmron_Env	100004	1300002	0	1			5		1	all_token_full	groot_n15_dit_block_residual_full_tokens_denoise	"[""layer"",""denoise_step"",""model_token"",""feature_dim""]"	[7,4,49,1536]	[0,2,4,8,10,12,15]	n15_grid_v4_jitter	grid_coord	meta	meta_json	46ea62d53e09/kanu/OpenDrawer/left/s202/n2/base	202	2
46ea62d53e09	kanu	OpenDrawer/left	2	3	base	activation	26814b1a680a1f11	26814b1a680a1f11037b35735addde9486464cc90dd78ffcb48615c41d4e7e9d	lerobot_groot_n15	n15	lerobot_groot_n15__robocasa365_ckpt120000		0	Open the left drawer.	robocasa_panda_omron/OpenDrawer_PandaOmron_Env	100004	1300003	0	1			5		1	all_token_full	groot_n15_dit_block_residual_full_tokens_denoise	"[""layer"",""denoise_step"",""model_token"",""feature_dim""]"	[7,4,49,1536]	[0,2,4,8,10,12,15]	n15_grid_v4_jitter	grid_coord	meta	meta_json	46ea62d53e09/kanu/OpenDrawer/left/s202/n3/base	202	2
46ea62d53e09	kanu	OpenDrawer/left	2	4	base	activation	69a5abeb9b3734bd	69a5abeb9b3734bd9a9a8b2789f471750f8f5ee1e9dd2a458adfbe41bd55264f	lerobot_groot_n15	n15	lerobot_groot_n15__robocasa365_ckpt120000		0	Open the left drawer.	robocasa_panda_omron/OpenDrawer_PandaOmron_Env	100004	1300004	0	1			5		1	all_token_full	groot_n15_dit_block_residual_full_tokens_denoise	"[""layer"",""denoise_step"",""model_token"",""feature_dim""]"	[7,4,49,1536]	[0,2,4,8,10,12,15]	n15_grid_v4_jitter	grid_coord	meta	meta_json	46ea62d53e09/kanu/OpenDrawer/left/s202/n4/base	202	2
46ea62d53e09	kanu	OpenDrawer/left	2	0	base	activation	935b5bd78400dc24	935b5bd78400dc24aa0cdf53324450a1795ae8dcba7b56e74313d33b832712d0	lerobot_groot_n15	n15	lerobot_groot_n15__robocasa365_ckpt120000		0	Open the left drawer.	robocasa_panda_omron/OpenDrawer_PandaOmron_Env	100004	1300000	0	0			5		1	all_token_full	groot_n15_dit_block_residual_full_tokens_denoise	"[""layer"",""denoise_step"",""model_token"",""feature_dim""]"	[7,4,49,1536]	[0,2,4,8,10,12,15]	n15_grid_v4_jitter	grid_coord	meta	meta_json	46ea62d53e09/kanu/OpenDrawer/left/s203/n0/base	203	3
46ea62d53e09	kanu	OpenDrawer/left	2	1	base	activation	0f0f8f60b4e632fd	0f0f8f60b4e632fd8ea75d6c98249f8589165ec49aaa7bc5b931978cc039ca5d	lerobot_groot_n15	n15	lerobot_groot_n15__robocasa365_ckpt120000		0	Open the left drawer.	robocasa_panda_omron/OpenDrawer_PandaOmron_Env	100004	1300001	0	1			5		1	all_token_full	groot_n15_dit_block_residual_full_tokens_denoise	"[""layer"",""denoise_step"",""model_token"",""feature_dim""]"	[7,4,49,1536]	[0,2,4,8,10,12,15]	n15_grid_v4_jitter	grid_coord	meta	meta_json	46ea62d53e09/kanu/OpenDrawer/left/s203/n1/base	203	3
46ea62d53e09	kanu	OpenDrawer/left	2	2	base	activation	267d64534115bafe	267d64534115bafed047f52cf352627227aa949ee92c9a2231ff4304933e8258	lerobot_groot_n15	n15	lerobot_groot_n15__robocasa365_ckpt120000		0	Open the left drawer.	robocasa_panda_omron/OpenDrawer_PandaOmron_Env	100004	1300002	0	1			5		1	all_token_full	groot_n15_dit_block_residual_full_tokens_denoise	"[""layer"",""denoise_step"",""model_token"",""feature_dim""]"	[7,4,49,1536]	[0,2,4,8,10,12,15]	n15_grid_v4_jitter	grid_coord	meta	meta_json	46ea62d53e09/kanu/OpenDrawer/left/s203/n2/base	203	3
46ea62d53e09	kanu	OpenDrawer/left	2	3	base	activation	33d96bf4283e2a9d	33d96bf4283e2a9d3f18bf19fdfe05722ad529755e3dcd2dc59bc10119058220	lerobot_groot_n15	n15	lerobot_groot_n15__robocasa365_ckpt120000		0	Open the left drawer.	robocasa_panda_omron/OpenDrawer_PandaOmron_Env	100004	1300003	0	1			5		1	all_token_full	groot_n15_dit_block_residual_full_tokens_denoise	"[""layer"",""denoise_step"",""model_token"",""feature_dim""]"	[7,4,49,1536]	[0,2,4,8,10,12,15]	n15_grid_v4_jitter	grid_coord	meta	meta_json	46ea62d53e09/kanu/OpenDrawer/left/s203/n3/base	203	3
46ea62d53e09	kanu	OpenDrawer/left	2	4	base	activation	47e55350ac13236e	47e55350ac13236e2c0392f129a8823aa20cbf2fa6c1d7e91bb3a0a369857fad	lerobot_groot_n15	n15	lerobot_groot_n15__robocasa365_ckpt120000		0	Open the left drawer.	robocasa_panda_omron/OpenDrawer_PandaOmron_Env	100004	1300004	0	1			5		1	all_token_full	groot_n15_dit_block_residual_full_tokens_denoise	"[""layer"",""denoise_step"",""model_token"",""feature_dim""]"	[7,4,49,1536]	[0,2,4,8,10,12,15]	n15_grid_v4_jitter	grid_coord	meta	meta_json	46ea62d53e09/kanu/OpenDrawer/left/s203/n4/base	203	3
46ea62d53e09	kanu	OpenDrawer/left	3	0	base	activation	aea9cc8590f8cecc	aea9cc8590f8cecc87434b8b5797324f1f03f8c14be4af878a58cae911235b55	lerobot_groot_n15	n15	lerobot_groot_n15__robocasa365_ckpt120000		0	Open the left drawer.	robocasa_panda_omron/OpenDrawer_PandaOmron_Env	100007	1300000	0	0			5		1	all_token_full	groot_n15_dit_block_residual_full_tokens_denoise	"[""layer"",""denoise_step"",""model_token"",""feature_dim""]"	[7,4,49,1536]	[0,2,4,8,10,12,15]	n15_grid_v4_jitter	grid_coord	meta	meta_json	46ea62d53e09/kanu/OpenDrawer/left/s301/n0/base	301	1
46ea62d53e09	kanu	OpenDrawer/left	3	1	base	activation	0766cafc93710a44	0766cafc93710a4451fe81a5bf2f5836f4b99bc0ce5c40102eae94aef053cc31	lerobot_groot_n15	n15	lerobot_groot_n15__robocasa365_ckpt120000		0	Open the left drawer.	robocasa_panda_omron/OpenDrawer_PandaOmron_Env	100007	1300001	0	0			5		1	all_token_full	groot_n15_dit_block_residual_full_tokens_denoise	"[""layer"",""denoise_step"",""model_token"",""feature_dim""]"	[7,4,49,1536]	[0,2,4,8,10,12,15]	n15_grid_v4_jitter	grid_coord	meta	meta_json	46ea62d53e09/kanu/OpenDrawer/left/s301/n1/base	301	1
46ea62d53e09	kanu	OpenDrawer/left	3	2	base	activation	95b49290db1a2fbc	95b49290db1a2fbc76bd2c749d64af74c85fcedcc01ba2cea43b903f04aa564c	lerobot_groot_n15	n15	lerobot_groot_n15__robocasa365_ckpt120000		0	Open the left drawer.	robocasa_panda_omron/OpenDrawer_PandaOmron_Env	100007	1300002	0	0			5		1	all_token_full	groot_n15_dit_block_residual_full_tokens_denoise	"[""layer"",""denoise_step"",""model_token"",""feature_dim""]"	[7,4,49,1536]	[0,2,4,8,10,12,15]	n15_grid_v4_jitter	grid_coord	meta	meta_json	46ea62d53e09/kanu/OpenDrawer/left/s301/n2/base	301	1
46ea62d53e09	kanu	OpenDrawer/left	3	3	base	activation	ea7e9ec3ca405f25	ea7e9ec3ca405f2532025e7a45722489d53403b0fcf780d5dcd88de819b24e47	lerobot_groot_n15	n15	lerobot_groot_n15__robocasa365_ckpt120000		0	Open the left drawer.	robocasa_panda_omron/OpenDrawer_PandaOmron_Env	100007	1300003	0	0			5		1	all_token_full	groot_n15_dit_block_residual_full_tokens_denoise	"[""layer"",""denoise_step"",""model_token"",""feature_dim""]"	[7,4,49,1536]	[0,2,4,8,10,12,15]	n15_grid_v4_jitter	grid_coord	meta	meta_json	46ea62d53e09/kanu/OpenDrawer/left/s301/n3/base	301	1
46ea62d53e09	kanu	OpenDrawer/left	3	4	base	activation	b19cb3e3c8ff5752	b19cb3e3c8ff5752f0ee38abb427dab1cad53ee5891f46b11eabeb83eeb1dc03	lerobot_groot_n15	n15	lerobot_groot_n15__robocasa365_ckpt120000		0	Open the left drawer.	robocasa_panda_omron/OpenDrawer_PandaOmron_Env	100007	1300004	0	0			5		1	all_token_full	groot_n15_dit_block_residual_full_tokens_denoise	"[""layer"",""denoise_step"",""model_token"",""feature_dim""]"	[7,4,49,1536]	[0,2,4,8,10,12,15]	n15_grid_v4_jitter	grid_coord	meta	meta_json	46ea62d53e09/kanu/OpenDrawer/left/s301/n4/base	301	1
46ea62d53e09	kanu	OpenDrawer/left	3	0	base	activation	4942e0f7d21cd15f	4942e0f7d21cd15f38447201f519a26c0b8aa6882ce65a1b4eee96489e357dae	lerobot_groot_n15	n15	lerobot_groot_n15__robocasa365_ckpt120000		0	Open the left drawer.	robocasa_panda_omron/OpenDrawer_PandaOmron_Env	100007	1300000	0	0			5		1	all_token_full	groot_n15_dit_block_residual_full_tokens_denoise	"[""layer"",""denoise_step"",""model_token"",""feature_dim""]"	[7,4,49,1536]	[0,2,4,8,10,12,15]	n15_grid_v4_jitter	grid_coord	meta	meta_json	46ea62d53e09/kanu/OpenDrawer/left/s303/n0/base	303	3
46ea62d53e09	kanu	OpenDrawer/left	3	1	base	activation	bb09796458cbcc31	bb09796458cbcc311ce93e3caccd795b2f9439a32ab1d7fa529b0ba956971939	lerobot_groot_n15	n15	lerobot_groot_n15__robocasa365_ckpt120000		0	Open the left drawer.	robocasa_panda_omron/OpenDrawer_PandaOmron_Env	100007	1300001	0	1			5		1	all_token_full	groot_n15_dit_block_residual_full_tokens_denoise	"[""layer"",""denoise_step"",""model_token"",""feature_dim""]"	[7,4,49,1536]	[0,2,4,8,10,12,15]	n15_grid_v4_jitter	grid_coord	meta	meta_json	46ea62d53e09/kanu/OpenDrawer/left/s303/n1/base	303	3
46ea62d53e09	kanu	OpenDrawer/left	3	2	base	activation	cf6c2a5a9d7499e2	cf6c2a5a9d7499e2ceb436c706e4c0dcc36e1774f7e41cd9c874630994006838	lerobot_groot_n15	n15	lerobot_groot_n15__robocasa365_ckpt120000		0	Open the left drawer.	robocasa_panda_omron/OpenDrawer_PandaOmron_Env	100007	1300002	0	1			5		1	all_token_full	groot_n15_dit_block_residual_full_tokens_denoise	"[""layer"",""denoise_step"",""model_token"",""feature_dim""]"	[7,4,49,1536]	[0,2,4,8,10,12,15]	n15_grid_v4_jitter	grid_coord	meta	meta_json	46ea62d53e09/kanu/OpenDrawer/left/s303/n2/base	303	3
46ea62d53e09	kanu	OpenDrawer/left	3	3	base	activation	f4dab8135da2d268	f4dab8135da2d268f1b8c3f95be3f7e349993bf21bc375789154df910de88bb7	lerobot_groot_n15	n15	lerobot_groot_n15__robocasa365_ckpt120000		0	Open the left drawer.	robocasa_panda_omron/OpenDrawer_PandaOmron_Env	100007	1300003	0	1			5		1	all_token_full	groot_n15_dit_block_residual_full_tokens_denoise	"[""layer"",""denoise_step"",""model_token"",""feature_dim""]"	[7,4,49,1536]	[0,2,4,8,10,12,15]	n15_grid_v4_jitter	grid_coord	meta	meta_json	46ea62d53e09/kanu/OpenDrawer/left/s303/n3/base	303	3
46ea62d53e09	kanu	OpenDrawer/left	3	4	base	activation	d7cd53b9f4d765ff	d7cd53b9f4d765ff38f19280a8af9aa632f23777ae42bf6c4e37640b6ff4d000	lerobot_groot_n15	n15	lerobot_groot_n15__robocasa365_ckpt120000		0	Open the left drawer.	robocasa_panda_omron/OpenDrawer_PandaOmron_Env	100007	1300004	0	1			5		1	all_token_full	groot_n15_dit_block_residual_full_tokens_denoise	"[""layer"",""denoise_step"",""model_token"",""feature_dim""]"	[7,4,49,1536]	[0,2,4,8,10,12,15]	n15_grid_v4_jitter	grid_coord	meta	meta_json	46ea62d53e09/kanu/OpenDrawer/left/s303/n4/base	303	3
46ea62d53e09	kanu	OpenDrawer/left	3	0	base	activation	0795335ca3d682b3	0795335ca3d682b370923215e1d91b3d20b1fb650c5fedfc067205171dec2057	lerobot_groot_n15	n15	lerobot_groot_n15__robocasa365_ckpt120000		0	Open the left drawer.	robocasa_panda_omron/OpenDrawer_PandaOmron_Env	100007	1300000	0	0			5		1	all_token_full	groot_n15_dit_block_residual_full_tokens_denoise	"[""layer"",""denoise_step"",""model_token"",""feature_dim""]"	[7,4,49,1536]	[0,2,4,8,10,12,15]	n15_grid_v4_jitter	grid_coord	meta	meta_json	46ea62d53e09/kanu/OpenDrawer/left/s306/n0/base	306	6
46ea62d53e09	kanu	OpenDrawer/left	3	1	base	activation	7c1d8697c59b32e5	7c1d8697c59b32e5f2b17e6a89858c36142f6f15653651e50bdc1658d8cb84be	lerobot_groot_n15	n15	lerobot_groot_n15__robocasa365_ckpt120000		0	Open the left drawer.	robocasa_panda_omron/OpenDrawer_PandaOmron_Env	100007	1300001	0	1			5		1	all_token_full	groot_n15_dit_block_residual_full_tokens_denoise	"[""layer"",""denoise_step"",""model_token"",""feature_dim""]"	[7,4,49,1536]	[0,2,4,8,10,12,15]	n15_grid_v4_jitter	grid_coord	meta	meta_json	46ea62d53e09/kanu/OpenDrawer/left/s306/n1/base	306	6
46ea62d53e09	kanu	OpenDrawer/left	3	2	base	activation	a44a604788a26664	a44a604788a266644c0edaa8df4a92edf762e0902b52f0450ec1043d60b79a1d	lerobot_groot_n15	n15	lerobot_groot_n15__robocasa365_ckpt120000		0	Open the left drawer.	robocasa_panda_omron/OpenDrawer_PandaOmron_Env	100007	1300002	0	0			5		1	all_token_full	groot_n15_dit_block_residual_full_tokens_denoise	"[""layer"",""denoise_step"",""model_token"",""feature_dim""]"	[7,4,49,1536]	[0,2,4,8,10,12,15]	n15_grid_v4_jitter	grid_coord	meta	meta_json	46ea62d53e09/kanu/OpenDrawer/left/s306/n2/base	306	6
46ea62d53e09	kanu	OpenDrawer/left	3	3	base	activation	04f20a41dbaebc27	04f20a41dbaebc27b9c68d7c9444bf68c60c682070cd1a90c9021a508a8cf7a2	lerobot_groot_n15	n15	lerobot_groot_n15__robocasa365_ckpt120000		0	Open the left drawer.	robocasa_panda_omron/OpenDrawer_PandaOmron_Env	100007	1300003	0	0			5		1	all_token_full	groot_n15_dit_block_residual_full_tokens_denoise	"[""layer"",""denoise_step"",""model_token"",""feature_dim""]"	[7,4,49,1536]	[0,2,4,8,10,12,15]	n15_grid_v4_jitter	grid_coord	meta	meta_json	46ea62d53e09/kanu/OpenDrawer/left/s306/n3/base	306	6
46ea62d53e09	kanu	OpenDrawer/left	3	4	base	activation	eade79736f5bfc28	eade79736f5bfc284dd86f7dc829f1bdd5899038beff8f1a3c4c6645ac1b9cde	lerobot_groot_n15	n15	lerobot_groot_n15__robocasa365_ckpt120000		0	Open the left drawer.	robocasa_panda_omron/OpenDrawer_PandaOmron_Env	100007	1300004	0	1			5		1	all_token_full	groot_n15_dit_block_residual_full_tokens_denoise	"[""layer"",""denoise_step"",""model_token"",""feature_dim""]"	[7,4,49,1536]	[0,2,4,8,10,12,15]	n15_grid_v4_jitter	grid_coord	meta	meta_json	46ea62d53e09/kanu/OpenDrawer/left/s306/n4/base	306	6
46ea62d53e09	kanu	OpenDrawer/left	3	0	base	activation	335c5690e41d362b	335c5690e41d362b8bb40647a2f15f14e9bae2590a38a4243dd2b9918e5faae6	lerobot_groot_n15	n15	lerobot_groot_n15__robocasa365_ckpt120000		0	Open the left drawer.	robocasa_panda_omron/OpenDrawer_PandaOmron_Env	100007	1300000	0	0			5		1	all_token_full	groot_n15_dit_block_residual_full_tokens_denoise	"[""layer"",""denoise_step"",""model_token"",""feature_dim""]"	[7,4,49,1536]	[0,2,4,8,10,12,15]	n15_grid_v4_jitter	grid_coord	meta	meta_json	46ea62d53e09/kanu/OpenDrawer/left/s307/n0/base	307	7
46ea62d53e09	kanu	OpenDrawer/left	3	1	base	activation	14dada4c2ee3f08b	14dada4c2ee3f08b9274b444326a11104a258b92a4cf9820e86f8f622ca1ff91	lerobot_groot_n15	n15	lerobot_groot_n15__robocasa365_ckpt120000		0	Open the left drawer.	robocasa_panda_omron/OpenDrawer_PandaOmron_Env	100007	1300001	0	1			5		1	all_token_full	groot_n15_dit_block_residual_full_tokens_denoise	"[""layer"",""denoise_step"",""model_token"",""feature_dim""]"	[7,4,49,1536]	[0,2,4,8,10,12,15]	n15_grid_v4_jitter	grid_coord	meta	meta_json	46ea62d53e09/kanu/OpenDrawer/left/s307/n1/base	307	7
46ea62d53e09	kanu	OpenDrawer/left	3	2	base	activation	0d031f33af78926c	0d031f33af78926c64b4a72bcefd634a83f6f8a7d77b8823dbddf2a25108b28c	lerobot_groot_n15	n15	lerobot_groot_n15__robocasa365_ckpt120000		0	Open the left drawer.	robocasa_panda_omron/OpenDrawer_PandaOmron_Env	100007	1300002	0	0			5		1	all_token_full	groot_n15_dit_block_residual_full_tokens_denoise	"[""layer"",""denoise_step"",""model_token"",""feature_dim""]"	[7,4,49,1536]	[0,2,4,8,10,12,15]	n15_grid_v4_jitter	grid_coord	meta	meta_json	46ea62d53e09/kanu/OpenDrawer/left/s307/n2/base	307	7
46ea62d53e09	kanu	OpenDrawer/left	3	3	base	activation	31b3254005a8a152	31b3254005a8a1521f77133ab4facb2a407fd99fcca7f316e42a77d39d79e18e	lerobot_groot_n15	n15	lerobot_groot_n15__robocasa365_ckpt120000		0	Open the left drawer.	robocasa_panda_omron/OpenDrawer_PandaOmron_Env	100007	1300003	0	0			5		1	all_token_full	groot_n15_dit_block_residual_full_tokens_denoise	"[""layer"",""denoise_step"",""model_token"",""feature_dim""]"	[7,4,49,1536]	[0,2,4,8,10,12,15]	n15_grid_v4_jitter	grid_coord	meta	meta_json	46ea62d53e09/kanu/OpenDrawer/left/s307/n3/base	307	7
46ea62d53e09	kanu	OpenDrawer/left	3	4	base	activation	bf21107dede3568f	bf21107dede3568f6534a5be1b7306a84f98e9a92a9b17f6c82971deb27e86e3	lerobot_groot_n15	n15	lerobot_groot_n15__robocasa365_ckpt120000		0	Open the left drawer.	robocasa_panda_omron/OpenDrawer_PandaOmron_Env	100007	1300004	0	1			5		1	all_token_full	groot_n15_dit_block_residual_full_tokens_denoise	"[""layer"",""denoise_step"",""model_token"",""feature_dim""]"	[7,4,49,1536]	[0,2,4,8,10,12,15]	n15_grid_v4_jitter	grid_coord	meta	meta_json	46ea62d53e09/kanu/OpenDrawer/left/s307/n4/base	307	7
46ea62d53e09	kanu	OpenDrawer/left	0	0	base	activation	e96b40ed9c0842ed	e96b40ed9c0842ed65fd60009100c791fa067f1375ef647e7595489369ed482b	lerobot_groot_n15	n15	lerobot_groot_n15__robocasa365_ckpt120000		0	Open the left drawer.	robocasa_panda_omron/OpenDrawer_PandaOmron_Env	100001	1300000	0	0			5		1	all_token_full	groot_n15_dit_block_residual_full_tokens_denoise	"[""layer"",""denoise_step"",""model_token"",""feature_dim""]"	[7,4,49,1536]	[0,2,4,8,10,12,15]	n15_grid_v4_jitter	grid_coord	meta	meta_json	46ea62d53e09/kanu/OpenDrawer/left/s4/n0/base	4	4
46ea62d53e09	kanu	OpenDrawer/left	0	1	base	activation	18baea738b397a3a	18baea738b397a3aef00673255818f85e15ede2df29a2bc11452933c07410fa6	lerobot_groot_n15	n15	lerobot_groot_n15__robocasa365_ckpt120000		0	Open the left drawer.	robocasa_panda_omron/OpenDrawer_PandaOmron_Env	100001	1300001	0	0			5		1	all_token_full	groot_n15_dit_block_residual_full_tokens_denoise	"[""layer"",""denoise_step"",""model_token"",""feature_dim""]"	[7,4,49,1536]	[0,2,4,8,10,12,15]	n15_grid_v4_jitter	grid_coord	meta	meta_json	46ea62d53e09/kanu/OpenDrawer/left/s4/n1/base	4	4
46ea62d53e09	kanu	OpenDrawer/left	0	2	base	activation	093953c14752cde0	093953c14752cde0bd5f207fd9ed9f595b2c3b73d36f3b4de0f41deedbcecfe3	lerobot_groot_n15	n15	lerobot_groot_n15__robocasa365_ckpt120000		0	Open the left drawer.	robocasa_panda_omron/OpenDrawer_PandaOmron_Env	100001	1300002	0	0			5		1	all_token_full	groot_n15_dit_block_residual_full_tokens_denoise	"[""layer"",""denoise_step"",""model_token"",""feature_dim""]"	[7,4,49,1536]	[0,2,4,8,10,12,15]	n15_grid_v4_jitter	grid_coord	meta	meta_json	46ea62d53e09/kanu/OpenDrawer/left/s4/n2/base	4	4
46ea62d53e09	kanu	OpenDrawer/left	0	3	base	activation	f903a579af36fe7f	f903a579af36fe7fa3c562f6d8bed1b4b2259474edbadedbc04f5bbcfad40d1c	lerobot_groot_n15	n15	lerobot_groot_n15__robocasa365_ckpt120000		0	Open the left drawer.	robocasa_panda_omron/OpenDrawer_PandaOmron_Env	100001	1300003	0	1			5		1	all_token_full	groot_n15_dit_block_residual_full_tokens_denoise	"[""layer"",""denoise_step"",""model_token"",""feature_dim""]"	[7,4,49,1536]	[0,2,4,8,10,12,15]	n15_grid_v4_jitter	grid_coord	meta	meta_json	46ea62d53e09/kanu/OpenDrawer/left/s4/n3/base	4	4
46ea62d53e09	kanu	OpenDrawer/left	0	4	base	activation	0f5da9d4b15ad052	0f5da9d4b15ad0521ad43ccff0cd72baa0793d0a53a15345d168c94fb20f9d87	lerobot_groot_n15	n15	lerobot_groot_n15__robocasa365_ckpt120000		0	Open the left drawer.	robocasa_panda_omron/OpenDrawer_PandaOmron_Env	100001	1300004	0	1			5		1	all_token_full	groot_n15_dit_block_residual_full_tokens_denoise	"[""layer"",""denoise_step"",""model_token"",""feature_dim""]"	[7,4,49,1536]	[0,2,4,8,10,12,15]	n15_grid_v4_jitter	grid_coord	meta	meta_json	46ea62d53e09/kanu/OpenDrawer/left/s4/n4/base	4	4
46ea62d53e09	kanu	OpenDrawer/left	4	0	base	activation	4a059fbdfda139a1	4a059fbdfda139a1f894b042f9ab46cfc22befdbc9f791320cb42be0d64860d8	lerobot_groot_n15	n15	lerobot_groot_n15__robocasa365_ckpt120000		0	Open the left drawer.	robocasa_panda_omron/OpenDrawer_PandaOmron_Env	100008	1300000	0	1			5		1	all_token_full	groot_n15_dit_block_residual_full_tokens_denoise	"[""layer"",""denoise_step"",""model_token"",""feature_dim""]"	[7,4,49,1536]	[0,2,4,8,10,12,15]	n15_grid_v4_jitter	grid_coord	meta	meta_json	46ea62d53e09/kanu/OpenDrawer/left/s402/n0/base	402	2
46ea62d53e09	kanu	OpenDrawer/left	4	1	base	activation	08fea35eacabdc5e	08fea35eacabdc5e50e60b205f0d8aac48bfee77ac3fdba0ef89179d2f1beb14	lerobot_groot_n15	n15	lerobot_groot_n15__robocasa365_ckpt120000		0	Open the left drawer.	robocasa_panda_omron/OpenDrawer_PandaOmron_Env	100008	1300001	0	0			5		1	all_token_full	groot_n15_dit_block_residual_full_tokens_denoise	"[""layer"",""denoise_step"",""model_token"",""feature_dim""]"	[7,4,49,1536]	[0,2,4,8,10,12,15]	n15_grid_v4_jitter	grid_coord	meta	meta_json	46ea62d53e09/kanu/OpenDrawer/left/s402/n1/base	402	2
46ea62d53e09	kanu	OpenDrawer/left	4	2	base	activation	f05ab21e935d6a2d	f05ab21e935d6a2d46326c07d158570693181039ccb02e608f4e13fd31400982	lerobot_groot_n15	n15	lerobot_groot_n15__robocasa365_ckpt120000		0	Open the left drawer.	robocasa_panda_omron/OpenDrawer_PandaOmron_Env	100008	1300002	0	0			5		1	all_token_full	groot_n15_dit_block_residual_full_tokens_denoise	"[""layer"",""denoise_step"",""model_token"",""feature_dim""]"	[7,4,49,1536]	[0,2,4,8,10,12,15]	n15_grid_v4_jitter	grid_coord	meta	meta_json	46ea62d53e09/kanu/OpenDrawer/left/s402/n2/base	402	2
46ea62d53e09	kanu	OpenDrawer/left	4	3	base	activation	7ad1309d720fd0b2	7ad1309d720fd0b24b6395c66a4fd2a64d81dba547ad5bd0402f203830eada2d	lerobot_groot_n15	n15	lerobot_groot_n15__robocasa365_ckpt120000		0	Open the left drawer.	robocasa_panda_omron/OpenDrawer_PandaOmron_Env	100008	1300003	0	1			5		1	all_token_full	groot_n15_dit_block_residual_full_tokens_denoise	"[""layer"",""denoise_step"",""model_token"",""feature_dim""]"	[7,4,49,1536]	[0,2,4,8,10,12,15]	n15_grid_v4_jitter	grid_coord	meta	meta_json	46ea62d53e09/kanu/OpenDrawer/left/s402/n3/base	402	2
46ea62d53e09	kanu	OpenDrawer/left	4	4	base	activation	0a02cb34ae1eb6df	0a02cb34ae1eb6dfe4ba305aac096315af8f4da188850d317bd0ced234ad0e56	lerobot_groot_n15	n15	lerobot_groot_n15__robocasa365_ckpt120000		0	Open the left drawer.	robocasa_panda_omron/OpenDrawer_PandaOmron_Env	100008	1300004	0	1			5		1	all_token_full	groot_n15_dit_block_residual_full_tokens_denoise	"[""layer"",""denoise_step"",""model_token"",""feature_dim""]"	[7,4,49,1536]	[0,2,4,8,10,12,15]	n15_grid_v4_jitter	grid_coord	meta	meta_json	46ea62d53e09/kanu/OpenDrawer/left/s402/n4/base	402	2
46ea62d53e09	kanu	OpenDrawer/left	4	0	base	activation	286f1d6f9bdd0c88	286f1d6f9bdd0c888760129f7a0c052c4b5065be66021142de582682b50f5a7a	lerobot_groot_n15	n15	lerobot_groot_n15__robocasa365_ckpt120000		0	Open the left drawer.	robocasa_panda_omron/OpenDrawer_PandaOmron_Env	100008	1300000	0	1			5		1	all_token_full	groot_n15_dit_block_residual_full_tokens_denoise	"[""layer"",""denoise_step"",""model_token"",""feature_dim""]"	[7,4,49,1536]	[0,2,4,8,10,12,15]	n15_grid_v4_jitter	grid_coord	meta	meta_json	46ea62d53e09/kanu/OpenDrawer/left/s404/n0/base	404	4
46ea62d53e09	kanu	OpenDrawer/left	4	1	base	activation	4ca04e8ed0a733d2	4ca04e8ed0a733d2f503ce6058264fb4953927d618305716a15b2b08df2e1dba	lerobot_groot_n15	n15	lerobot_groot_n15__robocasa365_ckpt120000		0	Open the left drawer.	robocasa_panda_omron/OpenDrawer_PandaOmron_Env	100008	1300001	0	1			5		1	all_token_full	groot_n15_dit_block_residual_full_tokens_denoise	"[""layer"",""denoise_step"",""model_token"",""feature_dim""]"	[7,4,49,1536]	[0,2,4,8,10,12,15]	n15_grid_v4_jitter	grid_coord	meta	meta_json	46ea62d53e09/kanu/OpenDrawer/left/s404/n1/base	404	4
46ea62d53e09	kanu	OpenDrawer/left	4	2	base	activation	f298dce4f3122e48	f298dce4f3122e483afd45041c0991b1e0f31648137460111c18d287643bf7ec	lerobot_groot_n15	n15	lerobot_groot_n15__robocasa365_ckpt120000		0	Open the left drawer.	robocasa_panda_omron/OpenDrawer_PandaOmron_Env	100008	1300002	0	1			5		1	all_token_full	groot_n15_dit_block_residual_full_tokens_denoise	"[""layer"",""denoise_step"",""model_token"",""feature_dim""]"	[7,4,49,1536]	[0,2,4,8,10,12,15]	n15_grid_v4_jitter	grid_coord	meta	meta_json	46ea62d53e09/kanu/OpenDrawer/left/s404/n2/base	404	4
46ea62d53e09	kanu	OpenDrawer/left	4	3	base	activation	6006b2d14fa99576	6006b2d14fa99576ac9374ed709231191f03c368733dc7cb6d2df30de6260f8a	lerobot_groot_n15	n15	lerobot_groot_n15__robocasa365_ckpt120000		0	Open the left drawer.	robocasa_panda_omron/OpenDrawer_PandaOmron_Env	100008	1300003	0	1			5		1	all_token_full	groot_n15_dit_block_residual_full_tokens_denoise	"[""layer"",""denoise_step"",""model_token"",""feature_dim""]"	[7,4,49,1536]	[0,2,4,8,10,12,15]	n15_grid_v4_jitter	grid_coord	meta	meta_json	46ea62d53e09/kanu/OpenDrawer/left/s404/n3/base	404	4
46ea62d53e09	kanu	OpenDrawer/left	4	4	base	activation	3681d8b67b577db1	3681d8b67b577db18a7434308ff9d68a59fc05bfa9ef56be42521f3da032ad4d	lerobot_groot_n15	n15	lerobot_groot_n15__robocasa365_ckpt120000		0	Open the left drawer.	robocasa_panda_omron/OpenDrawer_PandaOmron_Env	100008	1300004	0	1			5		1	all_token_full	groot_n15_dit_block_residual_full_tokens_denoise	"[""layer"",""denoise_step"",""model_token"",""feature_dim""]"	[7,4,49,1536]	[0,2,4,8,10,12,15]	n15_grid_v4_jitter	grid_coord	meta	meta_json	46ea62d53e09/kanu/OpenDrawer/left/s404/n4/base	404	4
46ea62d53e09	kanu	OpenDrawer/left	4	0	base	activation	5f68d1dd564e789e	5f68d1dd564e789e1bf583c4f3a417fbfd9d5e3d078d5f287f574f7a3ef5dd1f	lerobot_groot_n15	n15	lerobot_groot_n15__robocasa365_ckpt120000		0	Open the left drawer.	robocasa_panda_omron/OpenDrawer_PandaOmron_Env	100008	1300000	0	0			5		1	all_token_full	groot_n15_dit_block_residual_full_tokens_denoise	"[""layer"",""denoise_step"",""model_token"",""feature_dim""]"	[7,4,49,1536]	[0,2,4,8,10,12,15]	n15_grid_v4_jitter	grid_coord	meta	meta_json	46ea62d53e09/kanu/OpenDrawer/left/s406/n0/base	406	6
46ea62d53e09	kanu	OpenDrawer/left	4	1	base	activation	4cbf296e5c1b8864	4cbf296e5c1b8864e3123cadaf5056f0911a332a01e880e5f236c5910666a700	lerobot_groot_n15	n15	lerobot_groot_n15__robocasa365_ckpt120000		0	Open the left drawer.	robocasa_panda_omron/OpenDrawer_PandaOmron_Env	100008	1300001	0	0			5		1	all_token_full	groot_n15_dit_block_residual_full_tokens_denoise	"[""layer"",""denoise_step"",""model_token"",""feature_dim""]"	[7,4,49,1536]	[0,2,4,8,10,12,15]	n15_grid_v4_jitter	grid_coord	meta	meta_json	46ea62d53e09/kanu/OpenDrawer/left/s406/n1/base	406	6
46ea62d53e09	kanu	OpenDrawer/left	4	2	base	activation	06fc515f60f47a14	06fc515f60f47a14b2ec4ea24d7587261c227aae1e808bd9f042cec404c691ae	lerobot_groot_n15	n15	lerobot_groot_n15__robocasa365_ckpt120000		0	Open the left drawer.	robocasa_panda_omron/OpenDrawer_PandaOmron_Env	100008	1300002	0	0			5		1	all_token_full	groot_n15_dit_block_residual_full_tokens_denoise	"[""layer"",""denoise_step"",""model_token"",""feature_dim""]"	[7,4,49,1536]	[0,2,4,8,10,12,15]	n15_grid_v4_jitter	grid_coord	meta	meta_json	46ea62d53e09/kanu/OpenDrawer/left/s406/n2/base	406	6
46ea62d53e09	kanu	OpenDrawer/left	4	3	base	activation	b3781635701c6a83	b3781635701c6a83805162ce05e9fedc65bf5067eff5b2be9d16996c3cd48283	lerobot_groot_n15	n15	lerobot_groot_n15__robocasa365_ckpt120000		0	Open the left drawer.	robocasa_panda_omron/OpenDrawer_PandaOmron_Env	100008	1300003	0	0			5		1	all_token_full	groot_n15_dit_block_residual_full_tokens_denoise	"[""layer"",""denoise_step"",""model_token"",""feature_dim""]"	[7,4,49,1536]	[0,2,4,8,10,12,15]	n15_grid_v4_jitter	grid_coord	meta	meta_json	46ea62d53e09/kanu/OpenDrawer/left/s406/n3/base	406	6
46ea62d53e09	kanu	OpenDrawer/left	4	4	base	activation	e353e458da810a33	e353e458da810a337bf5d58212bf4cb73a7cc030c6698960bf07e53fd1111cff	lerobot_groot_n15	n15	lerobot_groot_n15__robocasa365_ckpt120000		0	Open the left drawer.	robocasa_panda_omron/OpenDrawer_PandaOmron_Env	100008	1300004	0	0			5		1	all_token_full	groot_n15_dit_block_residual_full_tokens_denoise	"[""layer"",""denoise_step"",""model_token"",""feature_dim""]"	[7,4,49,1536]	[0,2,4,8,10,12,15]	n15_grid_v4_jitter	grid_coord	meta	meta_json	46ea62d53e09/kanu/OpenDrawer/left/s406/n4/base	406	6
46ea62d53e09	kanu	OpenDrawer/left	4	0	base	activation	0ef072d6ec1f5d30	0ef072d6ec1f5d30a6341e5d114e8ac89cc9b5422d495204e8718540a48587be	lerobot_groot_n15	n15	lerobot_groot_n15__robocasa365_ckpt120000		0	Open the left drawer.	robocasa_panda_omron/OpenDrawer_PandaOmron_Env	100008	1300000	0	0			5		1	all_token_full	groot_n15_dit_block_residual_full_tokens_denoise	"[""layer"",""denoise_step"",""model_token"",""feature_dim""]"	[7,4,49,1536]	[0,2,4,8,10,12,15]	n15_grid_v4_jitter	grid_coord	meta	meta_json	46ea62d53e09/kanu/OpenDrawer/left/s409/n0/base	409	9
46ea62d53e09	kanu	OpenDrawer/left	4	1	base	activation	a1347297e9c4b788	a1347297e9c4b7886f3aa965334ac6b85770725711b41952e758c44c4f368383	lerobot_groot_n15	n15	lerobot_groot_n15__robocasa365_ckpt120000		0	Open the left drawer.	robocasa_panda_omron/OpenDrawer_PandaOmron_Env	100008	1300001	0	0			5		1	all_token_full	groot_n15_dit_block_residual_full_tokens_denoise	"[""layer"",""denoise_step"",""model_token"",""feature_dim""]"	[7,4,49,1536]	[0,2,4,8,10,12,15]	n15_grid_v4_jitter	grid_coord	meta	meta_json	46ea62d53e09/kanu/OpenDrawer/left/s409/n1/base	409	9
46ea62d53e09	kanu	OpenDrawer/left	4	2	base	activation	369ac309e4356354	369ac309e43563542e6e0b6b59f759345b94391ac325d75766d466bdb8389862	lerobot_groot_n15	n15	lerobot_groot_n15__robocasa365_ckpt120000		0	Open the left drawer.	robocasa_panda_omron/OpenDrawer_PandaOmron_Env	100008	1300002	0	0			5		1	all_token_full	groot_n15_dit_block_residual_full_tokens_denoise	"[""layer"",""denoise_step"",""model_token"",""feature_dim""]"	[7,4,49,1536]	[0,2,4,8,10,12,15]	n15_grid_v4_jitter	grid_coord	meta	meta_json	46ea62d53e09/kanu/OpenDrawer/left/s409/n2/base	409	9
46ea62d53e09	kanu	OpenDrawer/left	4	3	base	activation	edc96555f0f526c5	edc96555f0f526c5fe6faf4888e22ebf8c182627617db3509e908f9398f951db	lerobot_groot_n15	n15	lerobot_groot_n15__robocasa365_ckpt120000		0	Open the left drawer.	robocasa_panda_omron/OpenDrawer_PandaOmron_Env	100008	1300003	0	0			5		1	all_token_full	groot_n15_dit_block_residual_full_tokens_denoise	"[""layer"",""denoise_step"",""model_token"",""feature_dim""]"	[7,4,49,1536]	[0,2,4,8,10,12,15]	n15_grid_v4_jitter	grid_coord	meta	meta_json	46ea62d53e09/kanu/OpenDrawer/left/s409/n3/base	409	9
46ea62d53e09	kanu	OpenDrawer/left	4	4	base	activation	c985a50ceb006bdf	c985a50ceb006bdf6911f2b255f97b63c5c1cec5ac5c583d1fa803242b7c5dcc	lerobot_groot_n15	n15	lerobot_groot_n15__robocasa365_ckpt120000		0	Open the left drawer.	robocasa_panda_omron/OpenDrawer_PandaOmron_Env	100008	1300004	0	0			5		1	all_token_full	groot_n15_dit_block_residual_full_tokens_denoise	"[""layer"",""denoise_step"",""model_token"",""feature_dim""]"	[7,4,49,1536]	[0,2,4,8,10,12,15]	n15_grid_v4_jitter	grid_coord	meta	meta_json	46ea62d53e09/kanu/OpenDrawer/left/s409/n4/base	409	9
46ea62d53e09	kanu	OpenDrawer/left	0	0	base	activation	b5695e60267471bc	b5695e60267471bcbf80e27c4ada8b177ef49548ad13cfd37b27e2988513b4a9	lerobot_groot_n15	n15	lerobot_groot_n15__robocasa365_ckpt120000		0	Open the left drawer.	robocasa_panda_omron/OpenDrawer_PandaOmron_Env	100001	1300000	0	0			5		1	all_token_full	groot_n15_dit_block_residual_full_tokens_denoise	"[""layer"",""denoise_step"",""model_token"",""feature_dim""]"	[7,4,49,1536]	[0,2,4,8,10,12,15]	n15_grid_v4_jitter	grid_coord	meta	meta_json	46ea62d53e09/kanu/OpenDrawer/left/s6/n0/base	6	6
46ea62d53e09	kanu	OpenDrawer/left	0	1	base	activation	301c46958d8b1a60	301c46958d8b1a60dd6bf99e27bd3a78ccf916ae976f9fba09032ff86f57e893	lerobot_groot_n15	n15	lerobot_groot_n15__robocasa365_ckpt120000		0	Open the left drawer.	robocasa_panda_omron/OpenDrawer_PandaOmron_Env	100001	1300001	0	0			5		1	all_token_full	groot_n15_dit_block_residual_full_tokens_denoise	"[""layer"",""denoise_step"",""model_token"",""feature_dim""]"	[7,4,49,1536]	[0,2,4,8,10,12,15]	n15_grid_v4_jitter	grid_coord	meta	meta_json	46ea62d53e09/kanu/OpenDrawer/left/s6/n1/base	6	6
46ea62d53e09	kanu	OpenDrawer/left	0	2	base	activation	37f79a4a9c027af6	37f79a4a9c027af6f27ad3883d09900737013a224db65138c4e7d975f3e5a759	lerobot_groot_n15	n15	lerobot_groot_n15__robocasa365_ckpt120000		0	Open the left drawer.	robocasa_panda_omron/OpenDrawer_PandaOmron_Env	100001	1300002	0	0			5		1	all_token_full	groot_n15_dit_block_residual_full_tokens_denoise	"[""layer"",""denoise_step"",""model_token"",""feature_dim""]"	[7,4,49,1536]	[0,2,4,8,10,12,15]	n15_grid_v4_jitter	grid_coord	meta	meta_json	46ea62d53e09/kanu/OpenDrawer/left/s6/n2/base	6	6
46ea62d53e09	kanu	OpenDrawer/left	0	3	base	activation	81c284ae9bebb0cf	81c284ae9bebb0cfc92f7bfddf7078ecf4055212d26db8bf077e98fd958603c8	lerobot_groot_n15	n15	lerobot_groot_n15__robocasa365_ckpt120000		0	Open the left drawer.	robocasa_panda_omron/OpenDrawer_PandaOmron_Env	100001	1300003	0	0			5		1	all_token_full	groot_n15_dit_block_residual_full_tokens_denoise	"[""layer"",""denoise_step"",""model_token"",""feature_dim""]"	[7,4,49,1536]	[0,2,4,8,10,12,15]	n15_grid_v4_jitter	grid_coord	meta	meta_json	46ea62d53e09/kanu/OpenDrawer/left/s6/n3/base	6	6
46ea62d53e09	kanu	OpenDrawer/left	0	4	base	activation	affbbdecf61b437c	affbbdecf61b437c2c7cfcde0a860dd4157c38737527ce23b43728b056a95330	lerobot_groot_n15	n15	lerobot_groot_n15__robocasa365_ckpt120000		0	Open the left drawer.	robocasa_panda_omron/OpenDrawer_PandaOmron_Env	100001	1300004	0	0			5		1	all_token_full	groot_n15_dit_block_residual_full_tokens_denoise	"[""layer"",""denoise_step"",""model_token"",""feature_dim""]"	[7,4,49,1536]	[0,2,4,8,10,12,15]	n15_grid_v4_jitter	grid_coord	meta	meta_json	46ea62d53e09/kanu/OpenDrawer/left/s6/n4/base	6	6
46ea62d53e09	kanu	OpenDrawer/left	0	0	base	activation	eb48fef799fd5c4c	eb48fef799fd5c4c65b2d0be400920b8daf2a52a6b6607199312951f26457bb5	lerobot_groot_n15	n15	lerobot_groot_n15__robocasa365_ckpt120000		0	Open the left drawer.	robocasa_panda_omron/OpenDrawer_PandaOmron_Env	100001	1300000	0	0			5		1	all_token_full	groot_n15_dit_block_residual_full_tokens_denoise	"[""layer"",""denoise_step"",""model_token"",""feature_dim""]"	[7,4,49,1536]	[0,2,4,8,10,12,15]	n15_grid_v4_jitter	grid_coord	meta	meta_json	46ea62d53e09/kanu/OpenDrawer/left/s8/n0/base	8	8
46ea62d53e09	kanu	OpenDrawer/left	0	1	base	activation	1f45cd239bf0a8cc	1f45cd239bf0a8ccd6bfde53258dfe539c5af237f76dec7b767c84082c0dfb81	lerobot_groot_n15	n15	lerobot_groot_n15__robocasa365_ckpt120000		0	Open the left drawer.	robocasa_panda_omron/OpenDrawer_PandaOmron_Env	100001	1300001	0	0			5		1	all_token_full	groot_n15_dit_block_residual_full_tokens_denoise	"[""layer"",""denoise_step"",""model_token"",""feature_dim""]"	[7,4,49,1536]	[0,2,4,8,10,12,15]	n15_grid_v4_jitter	grid_coord	meta	meta_json	46ea62d53e09/kanu/OpenDrawer/left/s8/n1/base	8	8
46ea62d53e09	kanu	OpenDrawer/left	0	2	base	activation	1ff31bbdd1fcd058	1ff31bbdd1fcd058bfd9fa4265392b2cd38c5c42869346ec4e478475eb001902	lerobot_groot_n15	n15	lerobot_groot_n15__robocasa365_ckpt120000		0	Open the left drawer.	robocasa_panda_omron/OpenDrawer_PandaOmron_Env	100001	1300002	0	0			5		1	all_token_full	groot_n15_dit_block_residual_full_tokens_denoise	"[""layer"",""denoise_step"",""model_token"",""feature_dim""]"	[7,4,49,1536]	[0,2,4,8,10,12,15]	n15_grid_v4_jitter	grid_coord	meta	meta_json	46ea62d53e09/kanu/OpenDrawer/left/s8/n2/base	8	8
46ea62d53e09	kanu	OpenDrawer/left	0	3	base	activation	d452e7762a05c9e4	d452e7762a05c9e428bf59551d973cce441d896827cbbe58aca7c0abf357f43e	lerobot_groot_n15	n15	lerobot_groot_n15__robocasa365_ckpt120000		0	Open the left drawer.	robocasa_panda_omron/OpenDrawer_PandaOmron_Env	100001	1300003	0	0			5		1	all_token_full	groot_n15_dit_block_residual_full_tokens_denoise	"[""layer"",""denoise_step"",""model_token"",""feature_dim""]"	[7,4,49,1536]	[0,2,4,8,10,12,15]	n15_grid_v4_jitter	grid_coord	meta	meta_json	46ea62d53e09/kanu/OpenDrawer/left/s8/n3/base	8	8
46ea62d53e09	kanu	OpenDrawer/left	0	4	base	activation	7db57c550e17879a	7db57c550e17879a61e2f73dec2e634280420cceb773d7cae14a99ea04bffd66	lerobot_groot_n15	n15	lerobot_groot_n15__robocasa365_ckpt120000		0	Open the left drawer.	robocasa_panda_omron/OpenDrawer_PandaOmron_Env	100001	1300004	0	1			5		1	all_token_full	groot_n15_dit_block_residual_full_tokens_denoise	"[""layer"",""denoise_step"",""model_token"",""feature_dim""]"	[7,4,49,1536]	[0,2,4,8,10,12,15]	n15_grid_v4_jitter	grid_coord	meta	meta_json	46ea62d53e09/kanu/OpenDrawer/left/s8/n4/base	8	8
46ea62d53e09	kanu	OvenRack/out	0	0	base	activation	7fa1e53943cafc74	7fa1e53943cafc74271b3c9b549ee30d6169337f3951b015cd120a681f7cc975	lerobot_groot_n15	n15	lerobot_groot_n15__robocasa365_ckpt120000		0	Fully slide the oven rack out.	robocasa_panda_omron/SlideOvenRack_PandaOmron_Env	100006	1300000	0	1			5		1	all_token_full	groot_n15_dit_block_residual_full_tokens_denoise	"[""layer"",""denoise_step"",""model_token"",""feature_dim""]"	[7,4,49,1536]	[0,2,4,8,10,12,15]	n15_grid_v4_jitter	grid_coord	meta	meta_json	46ea62d53e09/kanu/OvenRack/out/s0/n0/base	0	0
46ea62d53e09	kanu	OvenRack/out	0	1	base	activation	95b8ec7204e7f7e8	95b8ec7204e7f7e8c34291508d998d58ca2a4815784a823e4d94ddf61a723c1a	lerobot_groot_n15	n15	lerobot_groot_n15__robocasa365_ckpt120000		0	Fully slide the oven rack out.	robocasa_panda_omron/SlideOvenRack_PandaOmron_Env	100006	1300001	0	1			5		1	all_token_full	groot_n15_dit_block_residual_full_tokens_denoise	"[""layer"",""denoise_step"",""model_token"",""feature_dim""]"	[7,4,49,1536]	[0,2,4,8,10,12,15]	n15_grid_v4_jitter	grid_coord	meta	meta_json	46ea62d53e09/kanu/OvenRack/out/s0/n1/base	0	0
46ea62d53e09	kanu	OvenRack/out	0	2	base	activation	5d5b7b761f471903	5d5b7b761f471903e46e673d89e6ec36f4efa6b068d74dfedcb816c0358da758	lerobot_groot_n15	n15	lerobot_groot_n15__robocasa365_ckpt120000		0	Fully slide the oven rack out.	robocasa_panda_omron/SlideOvenRack_PandaOmron_Env	100006	1300002	0	1			5		1	all_token_full	groot_n15_dit_block_residual_full_tokens_denoise	"[""layer"",""denoise_step"",""model_token"",""feature_dim""]"	[7,4,49,1536]	[0,2,4,8,10,12,15]	n15_grid_v4_jitter	grid_coord	meta	meta_json	46ea62d53e09/kanu/OvenRack/out/s0/n2/base	0	0
46ea62d53e09	kanu	OvenRack/out	0	3	base	activation	923198c8b72c244e	923198c8b72c244ef65d49af460a26481cb0538eef36eec427a4a8ac43860763	lerobot_groot_n15	n15	lerobot_groot_n15__robocasa365_ckpt120000		0	Fully slide the oven rack out.	robocasa_panda_omron/SlideOvenRack_PandaOmron_Env	100006	1300003	0	1			5		1	all_token_full	groot_n15_dit_block_residual_full_tokens_denoise	"[""layer"",""denoise_step"",""model_token"",""feature_dim""]"	[7,4,49,1536]	[0,2,4,8,10,12,15]	n15_grid_v4_jitter	grid_coord	meta	meta_json	46ea62d53e09/kanu/OvenRack/out/s0/n3/base	0	0
46ea62d53e09	kanu	OvenRack/out	0	4	base	activation	8074ea3c163471bf	8074ea3c163471bf62a3d7f753e25b8ab7dff76098151ca5b51fe36d714fc561	lerobot_groot_n15	n15	lerobot_groot_n15__robocasa365_ckpt120000		0	Fully slide the oven rack out.	robocasa_panda_omron/SlideOvenRack_PandaOmron_Env	100006	1300004	0	1			5		1	all_token_full	groot_n15_dit_block_residual_full_tokens_denoise	"[""layer"",""denoise_step"",""model_token"",""feature_dim""]"	[7,4,49,1536]	[0,2,4,8,10,12,15]	n15_grid_v4_jitter	grid_coord	meta	meta_json	46ea62d53e09/kanu/OvenRack/out/s0/n4/base	0	0
46ea62d53e09	kanu	OvenRack/out	0	0	base	activation	404b427d64929e5f	404b427d64929e5f587af8832025ef1dc6fcbe768a9f6c597be79c33f78aa939	lerobot_groot_n15	n15	lerobot_groot_n15__robocasa365_ckpt120000		0	Fully slide the oven rack out.	robocasa_panda_omron/SlideOvenRack_PandaOmron_Env	100006	1300000	0	1			5		1	all_token_full	groot_n15_dit_block_residual_full_tokens_denoise	"[""layer"",""denoise_step"",""model_token"",""feature_dim""]"	[7,4,49,1536]	[0,2,4,8,10,12,15]	n15_grid_v4_jitter	grid_coord	meta	meta_json	46ea62d53e09/kanu/OvenRack/out/s1/n0/base	1	1
46ea62d53e09	kanu	OvenRack/out	0	1	base	activation	4dbd70f134e123f6	4dbd70f134e123f666049c9e5913a8e7dab1632ad0a0971328ad9b05766e34b9	lerobot_groot_n15	n15	lerobot_groot_n15__robocasa365_ckpt120000		0	Fully slide the oven rack out.	robocasa_panda_omron/SlideOvenRack_PandaOmron_Env	100006	1300001	0	1			5		1	all_token_full	groot_n15_dit_block_residual_full_tokens_denoise	"[""layer"",""denoise_step"",""model_token"",""feature_dim""]"	[7,4,49,1536]	[0,2,4,8,10,12,15]	n15_grid_v4_jitter	grid_coord	meta	meta_json	46ea62d53e09/kanu/OvenRack/out/s1/n1/base	1	1
46ea62d53e09	kanu	OvenRack/out	0	2	base	activation	19db79e807bc2ca2	19db79e807bc2ca205acb6e4bce3641bf7ed38a2979017f4bf12bfe9fa2d2a61	lerobot_groot_n15	n15	lerobot_groot_n15__robocasa365_ckpt120000		0	Fully slide the oven rack out.	robocasa_panda_omron/SlideOvenRack_PandaOmron_Env	100006	1300002	0	1			5		1	all_token_full	groot_n15_dit_block_residual_full_tokens_denoise	"[""layer"",""denoise_step"",""model_token"",""feature_dim""]"	[7,4,49,1536]	[0,2,4,8,10,12,15]	n15_grid_v4_jitter	grid_coord	meta	meta_json	46ea62d53e09/kanu/OvenRack/out/s1/n2/base	1	1
46ea62d53e09	kanu	OvenRack/out	0	3	base	activation	e6e2c6541e60e94d	e6e2c6541e60e94d004bafb10a8cc93eff7e684ff723834042256a9ff23e7e8a	lerobot_groot_n15	n15	lerobot_groot_n15__robocasa365_ckpt120000		0	Fully slide the oven rack out.	robocasa_panda_omron/SlideOvenRack_PandaOmron_Env	100006	1300003	0	1			5		1	all_token_full	groot_n15_dit_block_residual_full_tokens_denoise	"[""layer"",""denoise_step"",""model_token"",""feature_dim""]"	[7,4,49,1536]	[0,2,4,8,10,12,15]	n15_grid_v4_jitter	grid_coord	meta	meta_json	46ea62d53e09/kanu/OvenRack/out/s1/n3/base	1	1
46ea62d53e09	kanu	OvenRack/out	0	4	base	activation	5c203f4d03e7905e	5c203f4d03e7905eb6a826aaf47dfc19e91522ce1e25e5d3756731f5ecccc19c	lerobot_groot_n15	n15	lerobot_groot_n15__robocasa365_ckpt120000		0	Fully slide the oven rack out.	robocasa_panda_omron/SlideOvenRack_PandaOmron_Env	100006	1300004	0	1			5		1	all_token_full	groot_n15_dit_block_residual_full_tokens_denoise	"[""layer"",""denoise_step"",""model_token"",""feature_dim""]"	[7,4,49,1536]	[0,2,4,8,10,12,15]	n15_grid_v4_jitter	grid_coord	meta	meta_json	46ea62d53e09/kanu/OvenRack/out/s1/n4/base	1	1
46ea62d53e09	kanu	OvenRack/out	1	0	base	activation	bc130f43331acec3	bc130f43331acec333e04fe46f94403be08a0e1243830ea6bf9d9f5d0044b3c7	lerobot_groot_n15	n15	lerobot_groot_n15__robocasa365_ckpt120000		0	Fully slide the oven rack out.	robocasa_panda_omron/SlideOvenRack_PandaOmron_Env	100014	1300000	0	1			5		1	all_token_full	groot_n15_dit_block_residual_full_tokens_denoise	"[""layer"",""denoise_step"",""model_token"",""feature_dim""]"	[7,4,49,1536]	[0,2,4,8,10,12,15]	n15_grid_v4_jitter	grid_coord	meta	meta_json	46ea62d53e09/kanu/OvenRack/out/s100/n0/base	100	0
46ea62d53e09	kanu	OvenRack/out	1	1	base	activation	8f625ca31160d564	8f625ca31160d5647287af996180397f911226805d8d5a77050e65a81c273ce5	lerobot_groot_n15	n15	lerobot_groot_n15__robocasa365_ckpt120000		0	Fully slide the oven rack out.	robocasa_panda_omron/SlideOvenRack_PandaOmron_Env	100014	1300001	0	1			5		1	all_token_full	groot_n15_dit_block_residual_full_tokens_denoise	"[""layer"",""denoise_step"",""model_token"",""feature_dim""]"	[7,4,49,1536]	[0,2,4,8,10,12,15]	n15_grid_v4_jitter	grid_coord	meta	meta_json	46ea62d53e09/kanu/OvenRack/out/s100/n1/base	100	0
46ea62d53e09	kanu	OvenRack/out	1	2	base	activation	35030850a95e7087	35030850a95e708722811269c19a64cdb67b605dfdc2f745a388916f7349a61b	lerobot_groot_n15	n15	lerobot_groot_n15__robocasa365_ckpt120000		0	Fully slide the oven rack out.	robocasa_panda_omron/SlideOvenRack_PandaOmron_Env	100014	1300002	0	1			5		1	all_token_full	groot_n15_dit_block_residual_full_tokens_denoise	"[""layer"",""denoise_step"",""model_token"",""feature_dim""]"	[7,4,49,1536]	[0,2,4,8,10,12,15]	n15_grid_v4_jitter	grid_coord	meta	meta_json	46ea62d53e09/kanu/OvenRack/out/s100/n2/base	100	0
46ea62d53e09	kanu	OvenRack/out	1	3	base	activation	efb814bb31623df9	efb814bb31623df9870a3c92451e4944ff9ad60b9ef3d4a5e3c9e9597c10e7fb	lerobot_groot_n15	n15	lerobot_groot_n15__robocasa365_ckpt120000		0	Fully slide the oven rack out.	robocasa_panda_omron/SlideOvenRack_PandaOmron_Env	100014	1300003	0	1			5		1	all_token_full	groot_n15_dit_block_residual_full_tokens_denoise	"[""layer"",""denoise_step"",""model_token"",""feature_dim""]"	[7,4,49,1536]	[0,2,4,8,10,12,15]	n15_grid_v4_jitter	grid_coord	meta	meta_json	46ea62d53e09/kanu/OvenRack/out/s100/n3/base	100	0
46ea62d53e09	kanu	OvenRack/out	1	4	base	activation	0b16f71629447b76	0b16f71629447b761f63ad27ea954980a1bd3b956d78be968983a56048040581	lerobot_groot_n15	n15	lerobot_groot_n15__robocasa365_ckpt120000		0	Fully slide the oven rack out.	robocasa_panda_omron/SlideOvenRack_PandaOmron_Env	100014	1300004	0	1			5		1	all_token_full	groot_n15_dit_block_residual_full_tokens_denoise	"[""layer"",""denoise_step"",""model_token"",""feature_dim""]"	[7,4,49,1536]	[0,2,4,8,10,12,15]	n15_grid_v4_jitter	grid_coord	meta	meta_json	46ea62d53e09/kanu/OvenRack/out/s100/n4/base	100	0
46ea62d53e09	kanu	OvenRack/out	1	0	base	activation	494ee8937f357632	494ee8937f357632c6cf036b23042a841be75a61bcad2f38318235649e310093	lerobot_groot_n15	n15	lerobot_groot_n15__robocasa365_ckpt120000		0	Fully slide the oven rack out.	robocasa_panda_omron/SlideOvenRack_PandaOmron_Env	100014	1300000	0	1			5		1	all_token_full	groot_n15_dit_block_residual_full_tokens_denoise	"[""layer"",""denoise_step"",""model_token"",""feature_dim""]"	[7,4,49,1536]	[0,2,4,8,10,12,15]	n15_grid_v4_jitter	grid_coord	meta	meta_json	46ea62d53e09/kanu/OvenRack/out/s101/n0/base	101	1
46ea62d53e09	kanu	OvenRack/out	1	1	base	activation	ac47ebdd8a5d8bfe	ac47ebdd8a5d8bfec6bd522d2fc64b1f5ecc635d6f78b25eda73274bb6696ea4	lerobot_groot_n15	n15	lerobot_groot_n15__robocasa365_ckpt120000		0	Fully slide the oven rack out.	robocasa_panda_omron/SlideOvenRack_PandaOmron_Env	100014	1300001	0	1			5		1	all_token_full	groot_n15_dit_block_residual_full_tokens_denoise	"[""layer"",""denoise_step"",""model_token"",""feature_dim""]"	[7,4,49,1536]	[0,2,4,8,10,12,15]	n15_grid_v4_jitter	grid_coord	meta	meta_json	46ea62d53e09/kanu/OvenRack/out/s101/n1/base	101	1
46ea62d53e09	kanu	OvenRack/out	1	2	base	activation	64c013c8798c9e13	64c013c8798c9e1385f4c341edc4970e7cf308f11485e035b3fe1f71c6c6ce27	lerobot_groot_n15	n15	lerobot_groot_n15__robocasa365_ckpt120000		0	Fully slide the oven rack out.	robocasa_panda_omron/SlideOvenRack_PandaOmron_Env	100014	1300002	0	1			5		1	all_token_full	groot_n15_dit_block_residual_full_tokens_denoise	"[""layer"",""denoise_step"",""model_token"",""feature_dim""]"	[7,4,49,1536]	[0,2,4,8,10,12,15]	n15_grid_v4_jitter	grid_coord	meta	meta_json	46ea62d53e09/kanu/OvenRack/out/s101/n2/base	101	1
46ea62d53e09	kanu	OvenRack/out	1	3	base	activation	5060a3ff25b86690	5060a3ff25b866909c9d6b692c3ccaa963c6a3fbad090c98a8690568d38cb970	lerobot_groot_n15	n15	lerobot_groot_n15__robocasa365_ckpt120000		0	Fully slide the oven rack out.	robocasa_panda_omron/SlideOvenRack_PandaOmron_Env	100014	1300003	0	1			5		1	all_token_full	groot_n15_dit_block_residual_full_tokens_denoise	"[""layer"",""denoise_step"",""model_token"",""feature_dim""]"	[7,4,49,1536]	[0,2,4,8,10,12,15]	n15_grid_v4_jitter	grid_coord	meta	meta_json	46ea62d53e09/kanu/OvenRack/out/s101/n3/base	101	1
46ea62d53e09	kanu	OvenRack/out	1	4	base	activation	fbeaa723e7faaa77	fbeaa723e7faaa771581f9a1be8697a2c82d7e14da7fc5558cd1159f783f7855	lerobot_groot_n15	n15	lerobot_groot_n15__robocasa365_ckpt120000		0	Fully slide the oven rack out.	robocasa_panda_omron/SlideOvenRack_PandaOmron_Env	100014	1300004	0	1			5		1	all_token_full	groot_n15_dit_block_residual_full_tokens_denoise	"[""layer"",""denoise_step"",""model_token"",""feature_dim""]"	[7,4,49,1536]	[0,2,4,8,10,12,15]	n15_grid_v4_jitter	grid_coord	meta	meta_json	46ea62d53e09/kanu/OvenRack/out/s101/n4/base	101	1
46ea62d53e09	kanu	OvenRack/out	1	0	base	activation	5fd2a3bec3239dde	5fd2a3bec3239ddea8d216a228f43b2e6a56605c062646a40a2d02d4b04d39b3	lerobot_groot_n15	n15	lerobot_groot_n15__robocasa365_ckpt120000		0	Fully slide the oven rack out.	robocasa_panda_omron/SlideOvenRack_PandaOmron_Env	100014	1300000	0	1			5		1	all_token_full	groot_n15_dit_block_residual_full_tokens_denoise	"[""layer"",""denoise_step"",""model_token"",""feature_dim""]"	[7,4,49,1536]	[0,2,4,8,10,12,15]	n15_grid_v4_jitter	grid_coord	meta	meta_json	46ea62d53e09/kanu/OvenRack/out/s102/n0/base	102	2
46ea62d53e09	kanu	OvenRack/out	1	1	base	activation	06598a02055d02a7	06598a02055d02a79e54b1a2c71c5a80eb88b6713e13ecab87b3894d340cf05b	lerobot_groot_n15	n15	lerobot_groot_n15__robocasa365_ckpt120000		0	Fully slide the oven rack out.	robocasa_panda_omron/SlideOvenRack_PandaOmron_Env	100014	1300001	0	1			5		1	all_token_full	groot_n15_dit_block_residual_full_tokens_denoise	"[""layer"",""denoise_step"",""model_token"",""feature_dim""]"	[7,4,49,1536]	[0,2,4,8,10,12,15]	n15_grid_v4_jitter	grid_coord	meta	meta_json	46ea62d53e09/kanu/OvenRack/out/s102/n1/base	102	2
46ea62d53e09	kanu	OvenRack/out	1	2	base	activation	f91328bece85dda2	f91328bece85dda2b4b52f0f46530e66f9c6d73600ba9311fc86d14ebc6926e7	lerobot_groot_n15	n15	lerobot_groot_n15__robocasa365_ckpt120000		0	Fully slide the oven rack out.	robocasa_panda_omron/SlideOvenRack_PandaOmron_Env	100014	1300002	0	1			5		1	all_token_full	groot_n15_dit_block_residual_full_tokens_denoise	"[""layer"",""denoise_step"",""model_token"",""feature_dim""]"	[7,4,49,1536]	[0,2,4,8,10,12,15]	n15_grid_v4_jitter	grid_coord	meta	meta_json	46ea62d53e09/kanu/OvenRack/out/s102/n2/base	102	2
46ea62d53e09	kanu	OvenRack/out	1	3	base	activation	23ca72012b530f92	23ca72012b530f92fd81ff8a54c055814171e7cb1d3da9729ea416b2dcf57342	lerobot_groot_n15	n15	lerobot_groot_n15__robocasa365_ckpt120000		0	Fully slide the oven rack out.	robocasa_panda_omron/SlideOvenRack_PandaOmron_Env	100014	1300003	0	1			5		1	all_token_full	groot_n15_dit_block_residual_full_tokens_denoise	"[""layer"",""denoise_step"",""model_token"",""feature_dim""]"	[7,4,49,1536]	[0,2,4,8,10,12,15]	n15_grid_v4_jitter	grid_coord	meta	meta_json	46ea62d53e09/kanu/OvenRack/out/s102/n3/base	102	2
46ea62d53e09	kanu	OvenRack/out	1	4	base	activation	67e924bfbf234ad5	67e924bfbf234ad51e052754e611a3829593ae258e777dd388807eb423fcf9bd	lerobot_groot_n15	n15	lerobot_groot_n15__robocasa365_ckpt120000		0	Fully slide the oven rack out.	robocasa_panda_omron/SlideOvenRack_PandaOmron_Env	100014	1300004	0	1			5		1	all_token_full	groot_n15_dit_block_residual_full_tokens_denoise	"[""layer"",""denoise_step"",""model_token"",""feature_dim""]"	[7,4,49,1536]	[0,2,4,8,10,12,15]	n15_grid_v4_jitter	grid_coord	meta	meta_json	46ea62d53e09/kanu/OvenRack/out/s102/n4/base	102	2
46ea62d53e09	kanu	OvenRack/out	1	0	base	activation	7f480c1fac2ceb94	7f480c1fac2ceb94fdecfb347b3a40bc51f4d7aff56da5dfecf81b5a84413b88	lerobot_groot_n15	n15	lerobot_groot_n15__robocasa365_ckpt120000		0	Fully slide the oven rack out.	robocasa_panda_omron/SlideOvenRack_PandaOmron_Env	100014	1300000	0	0			5		1	all_token_full	groot_n15_dit_block_residual_full_tokens_denoise	"[""layer"",""denoise_step"",""model_token"",""feature_dim""]"	[7,4,49,1536]	[0,2,4,8,10,12,15]	n15_grid_v4_jitter	grid_coord	meta	meta_json	46ea62d53e09/kanu/OvenRack/out/s103/n0/base	103	3
46ea62d53e09	kanu	OvenRack/out	1	1	base	activation	a462c3069d17b13a	a462c3069d17b13a7a919b199587c090ef1fbe86b567d5f56544a4ad115fb7a0	lerobot_groot_n15	n15	lerobot_groot_n15__robocasa365_ckpt120000		0	Fully slide the oven rack out.	robocasa_panda_omron/SlideOvenRack_PandaOmron_Env	100014	1300001	0	1			5		1	all_token_full	groot_n15_dit_block_residual_full_tokens_denoise	"[""layer"",""denoise_step"",""model_token"",""feature_dim""]"	[7,4,49,1536]	[0,2,4,8,10,12,15]	n15_grid_v4_jitter	grid_coord	meta	meta_json	46ea62d53e09/kanu/OvenRack/out/s103/n1/base	103	3
46ea62d53e09	kanu	OvenRack/out	1	2	base	activation	d4a33c45255e4b12	d4a33c45255e4b12c3f97b29918e42912b1070dae89c5e1e0d80f05305bca25c	lerobot_groot_n15	n15	lerobot_groot_n15__robocasa365_ckpt120000		0	Fully slide the oven rack out.	robocasa_panda_omron/SlideOvenRack_PandaOmron_Env	100014	1300002	0	1			5		1	all_token_full	groot_n15_dit_block_residual_full_tokens_denoise	"[""layer"",""denoise_step"",""model_token"",""feature_dim""]"	[7,4,49,1536]	[0,2,4,8,10,12,15]	n15_grid_v4_jitter	grid_coord	meta	meta_json	46ea62d53e09/kanu/OvenRack/out/s103/n2/base	103	3
46ea62d53e09	kanu	OvenRack/out	1	3	base	activation	30071cec859a1ac6	30071cec859a1ac682dd57f3ca377bdc7bfd9bd769bc3e771b8c6b70ff93d305	lerobot_groot_n15	n15	lerobot_groot_n15__robocasa365_ckpt120000		0	Fully slide the oven rack out.	robocasa_panda_omron/SlideOvenRack_PandaOmron_Env	100014	1300003	0	1			5		1	all_token_full	groot_n15_dit_block_residual_full_tokens_denoise	"[""layer"",""denoise_step"",""model_token"",""feature_dim""]"	[7,4,49,1536]	[0,2,4,8,10,12,15]	n15_grid_v4_jitter	grid_coord	meta	meta_json	46ea62d53e09/kanu/OvenRack/out/s103/n3/base	103	3
46ea62d53e09	kanu	OvenRack/out	1	4	base	activation	9a6817ddd1546f17	9a6817ddd1546f17fce1e5ba9cd77578f5aeb8ae9e917274e18433e61cb5e0d1	lerobot_groot_n15	n15	lerobot_groot_n15__robocasa365_ckpt120000		0	Fully slide the oven rack out.	robocasa_panda_omron/SlideOvenRack_PandaOmron_Env	100014	1300004	0	0			5		1	all_token_full	groot_n15_dit_block_residual_full_tokens_denoise	"[""layer"",""denoise_step"",""model_token"",""feature_dim""]"	[7,4,49,1536]	[0,2,4,8,10,12,15]	n15_grid_v4_jitter	grid_coord	meta	meta_json	46ea62d53e09/kanu/OvenRack/out/s103/n4/base	103	3
46ea62d53e09	kanu	OvenRack/out	0	0	base	activation	68d3700cf617eb8b	68d3700cf617eb8bfb943d11dc7604a2b99548c81b0af132f9f3574c65dc019f	lerobot_groot_n15	n15	lerobot_groot_n15__robocasa365_ckpt120000		0	Fully slide the oven rack out.	robocasa_panda_omron/SlideOvenRack_PandaOmron_Env	100006	1300000	0	1			5		1	all_token_full	groot_n15_dit_block_residual_full_tokens_denoise	"[""layer"",""denoise_step"",""model_token"",""feature_dim""]"	[7,4,49,1536]	[0,2,4,8,10,12,15]	n15_grid_v4_jitter	grid_coord	meta	meta_json	46ea62d53e09/kanu/OvenRack/out/s2/n0/base	2	2
46ea62d53e09	kanu	OvenRack/out	0	1	base	activation	e9c975664b5ac700	e9c975664b5ac70060c6b6c6f76834c17357f415d035ccc6752d9098b440e273	lerobot_groot_n15	n15	lerobot_groot_n15__robocasa365_ckpt120000		0	Fully slide the oven rack out.	robocasa_panda_omron/SlideOvenRack_PandaOmron_Env	100006	1300001	0	1			5		1	all_token_full	groot_n15_dit_block_residual_full_tokens_denoise	"[""layer"",""denoise_step"",""model_token"",""feature_dim""]"	[7,4,49,1536]	[0,2,4,8,10,12,15]	n15_grid_v4_jitter	grid_coord	meta	meta_json	46ea62d53e09/kanu/OvenRack/out/s2/n1/base	2	2
46ea62d53e09	kanu	OvenRack/out	0	2	base	activation	d13b9189e63a333d	d13b9189e63a333dc062b93f0efc0ac3c267f28b8aa3aed1c247154e9963afdf	lerobot_groot_n15	n15	lerobot_groot_n15__robocasa365_ckpt120000		0	Fully slide the oven rack out.	robocasa_panda_omron/SlideOvenRack_PandaOmron_Env	100006	1300002	0	1			5		1	all_token_full	groot_n15_dit_block_residual_full_tokens_denoise	"[""layer"",""denoise_step"",""model_token"",""feature_dim""]"	[7,4,49,1536]	[0,2,4,8,10,12,15]	n15_grid_v4_jitter	grid_coord	meta	meta_json	46ea62d53e09/kanu/OvenRack/out/s2/n2/base	2	2
46ea62d53e09	kanu	OvenRack/out	0	3	base	activation	2a13014f49632fc3	2a13014f49632fc30faa6e7bb2b4b199a312ac01db3bd6ebdda0c97089f96a8f	lerobot_groot_n15	n15	lerobot_groot_n15__robocasa365_ckpt120000		0	Fully slide the oven rack out.	robocasa_panda_omron/SlideOvenRack_PandaOmron_Env	100006	1300003	0	1			5		1	all_token_full	groot_n15_dit_block_residual_full_tokens_denoise	"[""layer"",""denoise_step"",""model_token"",""feature_dim""]"	[7,4,49,1536]	[0,2,4,8,10,12,15]	n15_grid_v4_jitter	grid_coord	meta	meta_json	46ea62d53e09/kanu/OvenRack/out/s2/n3/base	2	2
46ea62d53e09	kanu	OvenRack/out	0	4	base	activation	3acece8282905691	3acece8282905691270f5289d8ff80c1f1f7118c7bc4ee62759ac253d143ecc5	lerobot_groot_n15	n15	lerobot_groot_n15__robocasa365_ckpt120000		0	Fully slide the oven rack out.	robocasa_panda_omron/SlideOvenRack_PandaOmron_Env	100006	1300004	0	1			5		1	all_token_full	groot_n15_dit_block_residual_full_tokens_denoise	"[""layer"",""denoise_step"",""model_token"",""feature_dim""]"	[7,4,49,1536]	[0,2,4,8,10,12,15]	n15_grid_v4_jitter	grid_coord	meta	meta_json	46ea62d53e09/kanu/OvenRack/out/s2/n4/base	2	2
46ea62d53e09	kanu	OvenRack/out	2	0	base	activation	75d63cc5e5a3ad6b	75d63cc5e5a3ad6b80468a811e0a86a1bc9a91ca206e9baf9d588558fe87d686	lerobot_groot_n15	n15	lerobot_groot_n15__robocasa365_ckpt120000		0	Fully slide the oven rack out.	robocasa_panda_omron/SlideOvenRack_PandaOmron_Env	100016	1300000	0	1			5		1	all_token_full	groot_n15_dit_block_residual_full_tokens_denoise	"[""layer"",""denoise_step"",""model_token"",""feature_dim""]"	[7,4,49,1536]	[0,2,4,8,10,12,15]	n15_grid_v4_jitter	grid_coord	meta	meta_json	46ea62d53e09/kanu/OvenRack/out/s200/n0/base	200	0
46ea62d53e09	kanu	OvenRack/out	2	1	base	activation	3b4c0ef512105b55	3b4c0ef512105b55e1dba4abb89d5f7d1e969fd928d193958b1c83b916e5b786	lerobot_groot_n15	n15	lerobot_groot_n15__robocasa365_ckpt120000		0	Fully slide the oven rack out.	robocasa_panda_omron/SlideOvenRack_PandaOmron_Env	100016	1300001	0	1			5		1	all_token_full	groot_n15_dit_block_residual_full_tokens_denoise	"[""layer"",""denoise_step"",""model_token"",""feature_dim""]"	[7,4,49,1536]	[0,2,4,8,10,12,15]	n15_grid_v4_jitter	grid_coord	meta	meta_json	46ea62d53e09/kanu/OvenRack/out/s200/n1/base	200	0
46ea62d53e09	kanu	OvenRack/out	2	2	base	activation	fdf2984c767d47c3	fdf2984c767d47c3dbc29a9de391850ea5015004e60fff61a307050b30904843	lerobot_groot_n15	n15	lerobot_groot_n15__robocasa365_ckpt120000		0	Fully slide the oven rack out.	robocasa_panda_omron/SlideOvenRack_PandaOmron_Env	100016	1300002	0	1			5		1	all_token_full	groot_n15_dit_block_residual_full_tokens_denoise	"[""layer"",""denoise_step"",""model_token"",""feature_dim""]"	[7,4,49,1536]	[0,2,4,8,10,12,15]	n15_grid_v4_jitter	grid_coord	meta	meta_json	46ea62d53e09/kanu/OvenRack/out/s200/n2/base	200	0
46ea62d53e09	kanu	OvenRack/out	2	3	base	activation	8c3baa3a55f0ee59	8c3baa3a55f0ee59797238c54a3eeb81958d4294d951fa70568ddc9dd3ab584a	lerobot_groot_n15	n15	lerobot_groot_n15__robocasa365_ckpt120000		0	Fully slide the oven rack out.	robocasa_panda_omron/SlideOvenRack_PandaOmron_Env	100016	1300003	0	1			5		1	all_token_full	groot_n15_dit_block_residual_full_tokens_denoise	"[""layer"",""denoise_step"",""model_token"",""feature_dim""]"	[7,4,49,1536]	[0,2,4,8,10,12,15]	n15_grid_v4_jitter	grid_coord	meta	meta_json	46ea62d53e09/kanu/OvenRack/out/s200/n3/base	200	0
46ea62d53e09	kanu	OvenRack/out	2	4	base	activation	e3e81b1711752142	e3e81b1711752142f21a086521196181b9708225d611a642b32b12b19e7e05f6	lerobot_groot_n15	n15	lerobot_groot_n15__robocasa365_ckpt120000		0	Fully slide the oven rack out.	robocasa_panda_omron/SlideOvenRack_PandaOmron_Env	100016	1300004	0	1			5		1	all_token_full	groot_n15_dit_block_residual_full_tokens_denoise	"[""layer"",""denoise_step"",""model_token"",""feature_dim""]"	[7,4,49,1536]	[0,2,4,8,10,12,15]	n15_grid_v4_jitter	grid_coord	meta	meta_json	46ea62d53e09/kanu/OvenRack/out/s200/n4/base	200	0
46ea62d53e09	kanu	OvenRack/out	2	0	base	activation	6d4af9569c82be7a	6d4af9569c82be7ac8ac6a4a4bc80489dbbf281d2f21243354ae8373fa6fa342	lerobot_groot_n15	n15	lerobot_groot_n15__robocasa365_ckpt120000		0	Fully slide the oven rack out.	robocasa_panda_omron/SlideOvenRack_PandaOmron_Env	100016	1300000	0	1			5		1	all_token_full	groot_n15_dit_block_residual_full_tokens_denoise	"[""layer"",""denoise_step"",""model_token"",""feature_dim""]"	[7,4,49,1536]	[0,2,4,8,10,12,15]	n15_grid_v4_jitter	grid_coord	meta	meta_json	46ea62d53e09/kanu/OvenRack/out/s201/n0/base	201	1
46ea62d53e09	kanu	OvenRack/out	2	1	base	activation	ea28fe7af6be64ef	ea28fe7af6be64ef1fd564beb831c868ca5760acaf1791df7ea18308769cb7d5	lerobot_groot_n15	n15	lerobot_groot_n15__robocasa365_ckpt120000		0	Fully slide the oven rack out.	robocasa_panda_omron/SlideOvenRack_PandaOmron_Env	100016	1300001	0	1			5		1	all_token_full	groot_n15_dit_block_residual_full_tokens_denoise	"[""layer"",""denoise_step"",""model_token"",""feature_dim""]"	[7,4,49,1536]	[0,2,4,8,10,12,15]	n15_grid_v4_jitter	grid_coord	meta	meta_json	46ea62d53e09/kanu/OvenRack/out/s201/n1/base	201	1
46ea62d53e09	kanu	OvenRack/out	2	2	base	activation	4660c1bce28ff2fd	4660c1bce28ff2fd563fdd401ca1fb615f5945e4b98ee20fbcd435ef1a2c0c60	lerobot_groot_n15	n15	lerobot_groot_n15__robocasa365_ckpt120000		0	Fully slide the oven rack out.	robocasa_panda_omron/SlideOvenRack_PandaOmron_Env	100016	1300002	0	1			5		1	all_token_full	groot_n15_dit_block_residual_full_tokens_denoise	"[""layer"",""denoise_step"",""model_token"",""feature_dim""]"	[7,4,49,1536]	[0,2,4,8,10,12,15]	n15_grid_v4_jitter	grid_coord	meta	meta_json	46ea62d53e09/kanu/OvenRack/out/s201/n2/base	201	1
46ea62d53e09	kanu	OvenRack/out	2	3	base	activation	1b32575c3d52afc9	1b32575c3d52afc9aae8b2cce335ca80abcaf60a502d01921b169916cf7dd820	lerobot_groot_n15	n15	lerobot_groot_n15__robocasa365_ckpt120000		0	Fully slide the oven rack out.	robocasa_panda_omron/SlideOvenRack_PandaOmron_Env	100016	1300003	0	1			5		1	all_token_full	groot_n15_dit_block_residual_full_tokens_denoise	"[""layer"",""denoise_step"",""model_token"",""feature_dim""]"	[7,4,49,1536]	[0,2,4,8,10,12,15]	n15_grid_v4_jitter	grid_coord	meta	meta_json	46ea62d53e09/kanu/OvenRack/out/s201/n3/base	201	1
46ea62d53e09	kanu	OvenRack/out	2	4	base	activation	7d2a8ad97b419354	7d2a8ad97b419354f4f7ec2d637359becdfec563c1eb274f4b788c03418b4d49	lerobot_groot_n15	n15	lerobot_groot_n15__robocasa365_ckpt120000		0	Fully slide the oven rack out.	robocasa_panda_omron/SlideOvenRack_PandaOmron_Env	100016	1300004	0	1			5		1	all_token_full	groot_n15_dit_block_residual_full_tokens_denoise	"[""layer"",""denoise_step"",""model_token"",""feature_dim""]"	[7,4,49,1536]	[0,2,4,8,10,12,15]	n15_grid_v4_jitter	grid_coord	meta	meta_json	46ea62d53e09/kanu/OvenRack/out/s201/n4/base	201	1
46ea62d53e09	kanu	OvenRack/out	2	0	base	activation	d714929f6e018628	d714929f6e0186287fcc630061d474268c762bd88978a648f1a935e3b52642c9	lerobot_groot_n15	n15	lerobot_groot_n15__robocasa365_ckpt120000		0	Fully slide the oven rack out.	robocasa_panda_omron/SlideOvenRack_PandaOmron_Env	100016	1300000	0	1			5		1	all_token_full	groot_n15_dit_block_residual_full_tokens_denoise	"[""layer"",""denoise_step"",""model_token"",""feature_dim""]"	[7,4,49,1536]	[0,2,4,8,10,12,15]	n15_grid_v4_jitter	grid_coord	meta	meta_json	46ea62d53e09/kanu/OvenRack/out/s202/n0/base	202	2
46ea62d53e09	kanu	OvenRack/out	2	1	base	activation	e05a7b2993f45398	e05a7b2993f453981434fd0157e769c0e4ff8f82d6f8472304b5b4be8669283c	lerobot_groot_n15	n15	lerobot_groot_n15__robocasa365_ckpt120000		0	Fully slide the oven rack out.	robocasa_panda_omron/SlideOvenRack_PandaOmron_Env	100016	1300001	0	1			5		1	all_token_full	groot_n15_dit_block_residual_full_tokens_denoise	"[""layer"",""denoise_step"",""model_token"",""feature_dim""]"	[7,4,49,1536]	[0,2,4,8,10,12,15]	n15_grid_v4_jitter	grid_coord	meta	meta_json	46ea62d53e09/kanu/OvenRack/out/s202/n1/base	202	2
46ea62d53e09	kanu	OvenRack/out	2	2	base	activation	7605ec17e4c4213c	7605ec17e4c4213c6c819d2863edd6baf0ae4dcb846219fe2dc50b369653b132	lerobot_groot_n15	n15	lerobot_groot_n15__robocasa365_ckpt120000		0	Fully slide the oven rack out.	robocasa_panda_omron/SlideOvenRack_PandaOmron_Env	100016	1300002	0	1			5		1	all_token_full	groot_n15_dit_block_residual_full_tokens_denoise	"[""layer"",""denoise_step"",""model_token"",""feature_dim""]"	[7,4,49,1536]	[0,2,4,8,10,12,15]	n15_grid_v4_jitter	grid_coord	meta	meta_json	46ea62d53e09/kanu/OvenRack/out/s202/n2/base	202	2
46ea62d53e09	kanu	OvenRack/out	2	3	base	activation	f2cddd9ed25f0fbd	f2cddd9ed25f0fbd4a81f574f8000805f4525510d88c418efc0d86eed357e4d8	lerobot_groot_n15	n15	lerobot_groot_n15__robocasa365_ckpt120000		0	Fully slide the oven rack out.	robocasa_panda_omron/SlideOvenRack_PandaOmron_Env	100016	1300003	0	1			5		1	all_token_full	groot_n15_dit_block_residual_full_tokens_denoise	"[""layer"",""denoise_step"",""model_token"",""feature_dim""]"	[7,4,49,1536]	[0,2,4,8,10,12,15]	n15_grid_v4_jitter	grid_coord	meta	meta_json	46ea62d53e09/kanu/OvenRack/out/s202/n3/base	202	2
46ea62d53e09	kanu	OvenRack/out	2	4	base	activation	3e2df6b4d1f0da30	3e2df6b4d1f0da30cdfcee4ba60f377695a8a84e18a9c88fec0cdc18fc532c76	lerobot_groot_n15	n15	lerobot_groot_n15__robocasa365_ckpt120000		0	Fully slide the oven rack out.	robocasa_panda_omron/SlideOvenRack_PandaOmron_Env	100016	1300004	0	1			5		1	all_token_full	groot_n15_dit_block_residual_full_tokens_denoise	"[""layer"",""denoise_step"",""model_token"",""feature_dim""]"	[7,4,49,1536]	[0,2,4,8,10,12,15]	n15_grid_v4_jitter	grid_coord	meta	meta_json	46ea62d53e09/kanu/OvenRack/out/s202/n4/base	202	2
46ea62d53e09	kanu	OvenRack/out	2	0	base	activation	787ddbe0fc20227c	787ddbe0fc20227ce4c4957397f5e512347e05b2c22b166a322f28a183058bd2	lerobot_groot_n15	n15	lerobot_groot_n15__robocasa365_ckpt120000		0	Fully slide the oven rack out.	robocasa_panda_omron/SlideOvenRack_PandaOmron_Env	100016	1300000	0	1			5		1	all_token_full	groot_n15_dit_block_residual_full_tokens_denoise	"[""layer"",""denoise_step"",""model_token"",""feature_dim""]"	[7,4,49,1536]	[0,2,4,8,10,12,15]	n15_grid_v4_jitter	grid_coord	meta	meta_json	46ea62d53e09/kanu/OvenRack/out/s203/n0/base	203	3
46ea62d53e09	kanu	OvenRack/out	2	1	base	activation	5bafbd531a6b1f74	5bafbd531a6b1f74ae928233af9253c8b6faf052bac544cc62c13c70c1e8600a	lerobot_groot_n15	n15	lerobot_groot_n15__robocasa365_ckpt120000		0	Fully slide the oven rack out.	robocasa_panda_omron/SlideOvenRack_PandaOmron_Env	100016	1300001	0	0			5		1	all_token_full	groot_n15_dit_block_residual_full_tokens_denoise	"[""layer"",""denoise_step"",""model_token"",""feature_dim""]"	[7,4,49,1536]	[0,2,4,8,10,12,15]	n15_grid_v4_jitter	grid_coord	meta	meta_json	46ea62d53e09/kanu/OvenRack/out/s203/n1/base	203	3
46ea62d53e09	kanu	OvenRack/out	2	2	base	activation	b62f50e37ab81dab	b62f50e37ab81dab5c698f9b5e89f657c7b4f04b0040331673b5d7f83e7882a4	lerobot_groot_n15	n15	lerobot_groot_n15__robocasa365_ckpt120000		0	Fully slide the oven rack out.	robocasa_panda_omron/SlideOvenRack_PandaOmron_Env	100016	1300002	0	1			5		1	all_token_full	groot_n15_dit_block_residual_full_tokens_denoise	"[""layer"",""denoise_step"",""model_token"",""feature_dim""]"	[7,4,49,1536]	[0,2,4,8,10,12,15]	n15_grid_v4_jitter	grid_coord	meta	meta_json	46ea62d53e09/kanu/OvenRack/out/s203/n2/base	203	3
46ea62d53e09	kanu	OvenRack/out	2	3	base	activation	ffadecb8dc5688f5	ffadecb8dc5688f599b8ca9f7e7e204469d269490eb778d14b51fc5c596b5ee1	lerobot_groot_n15	n15	lerobot_groot_n15__robocasa365_ckpt120000		0	Fully slide the oven rack out.	robocasa_panda_omron/SlideOvenRack_PandaOmron_Env	100016	1300003	0	1			5		1	all_token_full	groot_n15_dit_block_residual_full_tokens_denoise	"[""layer"",""denoise_step"",""model_token"",""feature_dim""]"	[7,4,49,1536]	[0,2,4,8,10,12,15]	n15_grid_v4_jitter	grid_coord	meta	meta_json	46ea62d53e09/kanu/OvenRack/out/s203/n3/base	203	3
46ea62d53e09	kanu	OvenRack/out	2	4	base	activation	c1fdcc022790acd7	c1fdcc022790acd7d8b61bbf869c39332968caedfa8507e8e542ebc86dc6ebdd	lerobot_groot_n15	n15	lerobot_groot_n15__robocasa365_ckpt120000		0	Fully slide the oven rack out.	robocasa_panda_omron/SlideOvenRack_PandaOmron_Env	100016	1300004	0	1			5		1	all_token_full	groot_n15_dit_block_residual_full_tokens_denoise	"[""layer"",""denoise_step"",""model_token"",""feature_dim""]"	[7,4,49,1536]	[0,2,4,8,10,12,15]	n15_grid_v4_jitter	grid_coord	meta	meta_json	46ea62d53e09/kanu/OvenRack/out/s203/n4/base	203	3
46ea62d53e09	kanu	OvenRack/out	0	0	base	activation	5ea7583175ddf0a1	5ea7583175ddf0a12004d655fb61469949466eab5eafea82c3895d95837f3833	lerobot_groot_n15	n15	lerobot_groot_n15__robocasa365_ckpt120000		0	Fully slide the oven rack out.	robocasa_panda_omron/SlideOvenRack_PandaOmron_Env	100006	1300000	0	1			5		1	all_token_full	groot_n15_dit_block_residual_full_tokens_denoise	"[""layer"",""denoise_step"",""model_token"",""feature_dim""]"	[7,4,49,1536]	[0,2,4,8,10,12,15]	n15_grid_v4_jitter	grid_coord	meta	meta_json	46ea62d53e09/kanu/OvenRack/out/s3/n0/base	3	3
46ea62d53e09	kanu	OvenRack/out	0	1	base	activation	689c7d1848d129aa	689c7d1848d129aa2131cbf11b4af3f9ee28161ec6b7b4e6d7e0782b07b2cfb3	lerobot_groot_n15	n15	lerobot_groot_n15__robocasa365_ckpt120000		0	Fully slide the oven rack out.	robocasa_panda_omron/SlideOvenRack_PandaOmron_Env	100006	1300001	0	1			5		1	all_token_full	groot_n15_dit_block_residual_full_tokens_denoise	"[""layer"",""denoise_step"",""model_token"",""feature_dim""]"	[7,4,49,1536]	[0,2,4,8,10,12,15]	n15_grid_v4_jitter	grid_coord	meta	meta_json	46ea62d53e09/kanu/OvenRack/out/s3/n1/base	3	3
46ea62d53e09	kanu	OvenRack/out	0	2	base	activation	67bee7be84128556	67bee7be84128556d458e10087ae835312fa43f60733d57c15ba6d1f840bcdc6	lerobot_groot_n15	n15	lerobot_groot_n15__robocasa365_ckpt120000		0	Fully slide the oven rack out.	robocasa_panda_omron/SlideOvenRack_PandaOmron_Env	100006	1300002	0	1			5		1	all_token_full	groot_n15_dit_block_residual_full_tokens_denoise	"[""layer"",""denoise_step"",""model_token"",""feature_dim""]"	[7,4,49,1536]	[0,2,4,8,10,12,15]	n15_grid_v4_jitter	grid_coord	meta	meta_json	46ea62d53e09/kanu/OvenRack/out/s3/n2/base	3	3
46ea62d53e09	kanu	OvenRack/out	0	3	base	activation	d470935066e47f5b	d470935066e47f5b08ab04d7d9155f66491809e1980961c430a60ccd88506985	lerobot_groot_n15	n15	lerobot_groot_n15__robocasa365_ckpt120000		0	Fully slide the oven rack out.	robocasa_panda_omron/SlideOvenRack_PandaOmron_Env	100006	1300003	0	1			5		1	all_token_full	groot_n15_dit_block_residual_full_tokens_denoise	"[""layer"",""denoise_step"",""model_token"",""feature_dim""]"	[7,4,49,1536]	[0,2,4,8,10,12,15]	n15_grid_v4_jitter	grid_coord	meta	meta_json	46ea62d53e09/kanu/OvenRack/out/s3/n3/base	3	3
46ea62d53e09	kanu	OvenRack/out	0	4	base	activation	7356eec2b6d9b7d4	7356eec2b6d9b7d42e8bae541c79f882be2385c9cf2a785a8a7932dc3e444228	lerobot_groot_n15	n15	lerobot_groot_n15__robocasa365_ckpt120000		0	Fully slide the oven rack out.	robocasa_panda_omron/SlideOvenRack_PandaOmron_Env	100006	1300004	0	1			5		1	all_token_full	groot_n15_dit_block_residual_full_tokens_denoise	"[""layer"",""denoise_step"",""model_token"",""feature_dim""]"	[7,4,49,1536]	[0,2,4,8,10,12,15]	n15_grid_v4_jitter	grid_coord	meta	meta_json	46ea62d53e09/kanu/OvenRack/out/s3/n4/base	3	3
46ea62d53e09	kanu	OvenRack/out	3	0	base	activation	764a575ad1245ecb	764a575ad1245ecb332af46a76e971c090bb40204aaaa2940677c5fd335316ad	lerobot_groot_n15	n15	lerobot_groot_n15__robocasa365_ckpt120000		0	Fully slide the oven rack out.	robocasa_panda_omron/SlideOvenRack_PandaOmron_Env	100017	1300000	0	0			5		1	all_token_full	groot_n15_dit_block_residual_full_tokens_denoise	"[""layer"",""denoise_step"",""model_token"",""feature_dim""]"	[7,4,49,1536]	[0,2,4,8,10,12,15]	n15_grid_v4_jitter	grid_coord	meta	meta_json	46ea62d53e09/kanu/OvenRack/out/s300/n0/base	300	0
46ea62d53e09	kanu	OvenRack/out	3	1	base	activation	726474c3df48afe5	726474c3df48afe58ee70c09c4932ac901a822dbcb1202b57562857d6706b85a	lerobot_groot_n15	n15	lerobot_groot_n15__robocasa365_ckpt120000		0	Fully slide the oven rack out.	robocasa_panda_omron/SlideOvenRack_PandaOmron_Env	100017	1300001	0	1			5		1	all_token_full	groot_n15_dit_block_residual_full_tokens_denoise	"[""layer"",""denoise_step"",""model_token"",""feature_dim""]"	[7,4,49,1536]	[0,2,4,8,10,12,15]	n15_grid_v4_jitter	grid_coord	meta	meta_json	46ea62d53e09/kanu/OvenRack/out/s300/n1/base	300	0
46ea62d53e09	kanu	OvenRack/out	3	2	base	activation	2ec095932c5bcaf0	2ec095932c5bcaf0ab8a6bb6097ff33530bf9e6056b792667e6224d7a7e3aff5	lerobot_groot_n15	n15	lerobot_groot_n15__robocasa365_ckpt120000		0	Fully slide the oven rack out.	robocasa_panda_omron/SlideOvenRack_PandaOmron_Env	100017	1300002	0	1			5		1	all_token_full	groot_n15_dit_block_residual_full_tokens_denoise	"[""layer"",""denoise_step"",""model_token"",""feature_dim""]"	[7,4,49,1536]	[0,2,4,8,10,12,15]	n15_grid_v4_jitter	grid_coord	meta	meta_json	46ea62d53e09/kanu/OvenRack/out/s300/n2/base	300	0
46ea62d53e09	kanu	OvenRack/out	3	3	base	activation	7edc54c1b33481b6	7edc54c1b33481b6e3a73b01604a0688072ba0c0d275c57d7eead4a26273a277	lerobot_groot_n15	n15	lerobot_groot_n15__robocasa365_ckpt120000		0	Fully slide the oven rack out.	robocasa_panda_omron/SlideOvenRack_PandaOmron_Env	100017	1300003	0	1			5		1	all_token_full	groot_n15_dit_block_residual_full_tokens_denoise	"[""layer"",""denoise_step"",""model_token"",""feature_dim""]"	[7,4,49,1536]	[0,2,4,8,10,12,15]	n15_grid_v4_jitter	grid_coord	meta	meta_json	46ea62d53e09/kanu/OvenRack/out/s300/n3/base	300	0
46ea62d53e09	kanu	OvenRack/out	3	4	base	activation	6fffeffda2618dfc	6fffeffda2618dfc22fe9a3a9bfc9ce26ac308d9fb541b53583a04e60e51a966	lerobot_groot_n15	n15	lerobot_groot_n15__robocasa365_ckpt120000		0	Fully slide the oven rack out.	robocasa_panda_omron/SlideOvenRack_PandaOmron_Env	100017	1300004	0	1			5		1	all_token_full	groot_n15_dit_block_residual_full_tokens_denoise	"[""layer"",""denoise_step"",""model_token"",""feature_dim""]"	[7,4,49,1536]	[0,2,4,8,10,12,15]	n15_grid_v4_jitter	grid_coord	meta	meta_json	46ea62d53e09/kanu/OvenRack/out/s300/n4/base	300	0
46ea62d53e09	kanu	OvenRack/out	3	0	base	activation	1b6c867f27820332	1b6c867f27820332e94b171c7952d8c41262f48bd95d5e0cb655c41635f4159c	lerobot_groot_n15	n15	lerobot_groot_n15__robocasa365_ckpt120000		0	Fully slide the oven rack out.	robocasa_panda_omron/SlideOvenRack_PandaOmron_Env	100017	1300000	0	1			5		1	all_token_full	groot_n15_dit_block_residual_full_tokens_denoise	"[""layer"",""denoise_step"",""model_token"",""feature_dim""]"	[7,4,49,1536]	[0,2,4,8,10,12,15]	n15_grid_v4_jitter	grid_coord	meta	meta_json	46ea62d53e09/kanu/OvenRack/out/s301/n0/base	301	1
46ea62d53e09	kanu	OvenRack/out	3	1	base	activation	09a1d06501742559	09a1d065017425594b94ef4f8bca9797171298deab0546977784504beb1c82e4	lerobot_groot_n15	n15	lerobot_groot_n15__robocasa365_ckpt120000		0	Fully slide the oven rack out.	robocasa_panda_omron/SlideOvenRack_PandaOmron_Env	100017	1300001	0	1			5		1	all_token_full	groot_n15_dit_block_residual_full_tokens_denoise	"[""layer"",""denoise_step"",""model_token"",""feature_dim""]"	[7,4,49,1536]	[0,2,4,8,10,12,15]	n15_grid_v4_jitter	grid_coord	meta	meta_json	46ea62d53e09/kanu/OvenRack/out/s301/n1/base	301	1
46ea62d53e09	kanu	OvenRack/out	3	2	base	activation	709ac0263a6016ec	709ac0263a6016ec1688555058654dad0d0ceb573e37f49d1e540b6c7c814dd4	lerobot_groot_n15	n15	lerobot_groot_n15__robocasa365_ckpt120000		0	Fully slide the oven rack out.	robocasa_panda_omron/SlideOvenRack_PandaOmron_Env	100017	1300002	0	1			5		1	all_token_full	groot_n15_dit_block_residual_full_tokens_denoise	"[""layer"",""denoise_step"",""model_token"",""feature_dim""]"	[7,4,49,1536]	[0,2,4,8,10,12,15]	n15_grid_v4_jitter	grid_coord	meta	meta_json	46ea62d53e09/kanu/OvenRack/out/s301/n2/base	301	1
46ea62d53e09	kanu	OvenRack/out	3	3	base	activation	a2f54f915733cf59	a2f54f915733cf595523849e823189accd8126fa3f9eac691d4da7214c4bc194	lerobot_groot_n15	n15	lerobot_groot_n15__robocasa365_ckpt120000		0	Fully slide the oven rack out.	robocasa_panda_omron/SlideOvenRack_PandaOmron_Env	100017	1300003	0	1			5		1	all_token_full	groot_n15_dit_block_residual_full_tokens_denoise	"[""layer"",""denoise_step"",""model_token"",""feature_dim""]"	[7,4,49,1536]	[0,2,4,8,10,12,15]	n15_grid_v4_jitter	grid_coord	meta	meta_json	46ea62d53e09/kanu/OvenRack/out/s301/n3/base	301	1
46ea62d53e09	kanu	OvenRack/out	3	4	base	activation	acac0b068d2c71df	acac0b068d2c71df8e92476ba50663fd01bd82e8844e70549454f17f9cfb183b	lerobot_groot_n15	n15	lerobot_groot_n15__robocasa365_ckpt120000		0	Fully slide the oven rack out.	robocasa_panda_omron/SlideOvenRack_PandaOmron_Env	100017	1300004	0	1			5		1	all_token_full	groot_n15_dit_block_residual_full_tokens_denoise	"[""layer"",""denoise_step"",""model_token"",""feature_dim""]"	[7,4,49,1536]	[0,2,4,8,10,12,15]	n15_grid_v4_jitter	grid_coord	meta	meta_json	46ea62d53e09/kanu/OvenRack/out/s301/n4/base	301	1
46ea62d53e09	kanu	OvenRack/out	3	0	base	activation	839e3fd8878627e6	839e3fd8878627e6400653eb09bade35d2d105f0c6fa81d22a17f4e14ec957a3	lerobot_groot_n15	n15	lerobot_groot_n15__robocasa365_ckpt120000		0	Fully slide the oven rack out.	robocasa_panda_omron/SlideOvenRack_PandaOmron_Env	100017	1300000	0	1			5		1	all_token_full	groot_n15_dit_block_residual_full_tokens_denoise	"[""layer"",""denoise_step"",""model_token"",""feature_dim""]"	[7,4,49,1536]	[0,2,4,8,10,12,15]	n15_grid_v4_jitter	grid_coord	meta	meta_json	46ea62d53e09/kanu/OvenRack/out/s302/n0/base	302	2
46ea62d53e09	kanu	OvenRack/out	3	1	base	activation	d581f33cf6c65232	d581f33cf6c652321050ed0c29fa0cd3fe0f009a0313da35748afecd9e8a6b2d	lerobot_groot_n15	n15	lerobot_groot_n15__robocasa365_ckpt120000		0	Fully slide the oven rack out.	robocasa_panda_omron/SlideOvenRack_PandaOmron_Env	100017	1300001	0	1			5		1	all_token_full	groot_n15_dit_block_residual_full_tokens_denoise	"[""layer"",""denoise_step"",""model_token"",""feature_dim""]"	[7,4,49,1536]	[0,2,4,8,10,12,15]	n15_grid_v4_jitter	grid_coord	meta	meta_json	46ea62d53e09/kanu/OvenRack/out/s302/n1/base	302	2
46ea62d53e09	kanu	OvenRack/out	3	2	base	activation	e3a0ee4327f281e5	e3a0ee4327f281e52e061d0358204fe4c4dda3a113ab2ad3f39d3859102ffdbf	lerobot_groot_n15	n15	lerobot_groot_n15__robocasa365_ckpt120000		0	Fully slide the oven rack out.	robocasa_panda_omron/SlideOvenRack_PandaOmron_Env	100017	1300002	0	1			5		1	all_token_full	groot_n15_dit_block_residual_full_tokens_denoise	"[""layer"",""denoise_step"",""model_token"",""feature_dim""]"	[7,4,49,1536]	[0,2,4,8,10,12,15]	n15_grid_v4_jitter	grid_coord	meta	meta_json	46ea62d53e09/kanu/OvenRack/out/s302/n2/base	302	2
46ea62d53e09	kanu	OvenRack/out	3	3	base	activation	7447924d22f62372	7447924d22f6237283130af4f9d15a6d24b6efc9367345d426a1ca200c5666c5	lerobot_groot_n15	n15	lerobot_groot_n15__robocasa365_ckpt120000		0	Fully slide the oven rack out.	robocasa_panda_omron/SlideOvenRack_PandaOmron_Env	100017	1300003	0	1			5		1	all_token_full	groot_n15_dit_block_residual_full_tokens_denoise	"[""layer"",""denoise_step"",""model_token"",""feature_dim""]"	[7,4,49,1536]	[0,2,4,8,10,12,15]	n15_grid_v4_jitter	grid_coord	meta	meta_json	46ea62d53e09/kanu/OvenRack/out/s302/n3/base	302	2
46ea62d53e09	kanu	OvenRack/out	3	4	base	activation	2c6eaa7c6f74ef4c	2c6eaa7c6f74ef4c83a7584018846e85ff87bbb207dc4258303f0d8fc3124bab	lerobot_groot_n15	n15	lerobot_groot_n15__robocasa365_ckpt120000		0	Fully slide the oven rack out.	robocasa_panda_omron/SlideOvenRack_PandaOmron_Env	100017	1300004	0	1			5		1	all_token_full	groot_n15_dit_block_residual_full_tokens_denoise	"[""layer"",""denoise_step"",""model_token"",""feature_dim""]"	[7,4,49,1536]	[0,2,4,8,10,12,15]	n15_grid_v4_jitter	grid_coord	meta	meta_json	46ea62d53e09/kanu/OvenRack/out/s302/n4/base	302	2
46ea62d53e09	kanu	OvenRack/out	3	0	base	activation	2fc5f648f668ea95	2fc5f648f668ea951489fe2c244d981d0605cee4c7fda149f9f93020c3c42af7	lerobot_groot_n15	n15	lerobot_groot_n15__robocasa365_ckpt120000		0	Fully slide the oven rack out.	robocasa_panda_omron/SlideOvenRack_PandaOmron_Env	100017	1300000	0	1			5		1	all_token_full	groot_n15_dit_block_residual_full_tokens_denoise	"[""layer"",""denoise_step"",""model_token"",""feature_dim""]"	[7,4,49,1536]	[0,2,4,8,10,12,15]	n15_grid_v4_jitter	grid_coord	meta	meta_json	46ea62d53e09/kanu/OvenRack/out/s303/n0/base	303	3
46ea62d53e09	kanu	OvenRack/out	3	1	base	activation	4b63833f23b41b20	4b63833f23b41b209af86c9e1cb3891d9466f8afd2bf4d7ce65016a083f5a50d	lerobot_groot_n15	n15	lerobot_groot_n15__robocasa365_ckpt120000		0	Fully slide the oven rack out.	robocasa_panda_omron/SlideOvenRack_PandaOmron_Env	100017	1300001	0	1			5		1	all_token_full	groot_n15_dit_block_residual_full_tokens_denoise	"[""layer"",""denoise_step"",""model_token"",""feature_dim""]"	[7,4,49,1536]	[0,2,4,8,10,12,15]	n15_grid_v4_jitter	grid_coord	meta	meta_json	46ea62d53e09/kanu/OvenRack/out/s303/n1/base	303	3
46ea62d53e09	kanu	OvenRack/out	3	2	base	activation	69dffb5183ce872b	69dffb5183ce872bfe2a2088ad9a18c092ef208ef4919707cc063887eec772cb	lerobot_groot_n15	n15	lerobot_groot_n15__robocasa365_ckpt120000		0	Fully slide the oven rack out.	robocasa_panda_omron/SlideOvenRack_PandaOmron_Env	100017	1300002	0	1			5		1	all_token_full	groot_n15_dit_block_residual_full_tokens_denoise	"[""layer"",""denoise_step"",""model_token"",""feature_dim""]"	[7,4,49,1536]	[0,2,4,8,10,12,15]	n15_grid_v4_jitter	grid_coord	meta	meta_json	46ea62d53e09/kanu/OvenRack/out/s303/n2/base	303	3
46ea62d53e09	kanu	OvenRack/out	3	3	base	activation	860e4ac4ab0f67d0	860e4ac4ab0f67d0ca3a2072bf7e74984678f79e15292f57ab042bc99d35355e	lerobot_groot_n15	n15	lerobot_groot_n15__robocasa365_ckpt120000		0	Fully slide the oven rack out.	robocasa_panda_omron/SlideOvenRack_PandaOmron_Env	100017	1300003	0	1			5		1	all_token_full	groot_n15_dit_block_residual_full_tokens_denoise	"[""layer"",""denoise_step"",""model_token"",""feature_dim""]"	[7,4,49,1536]	[0,2,4,8,10,12,15]	n15_grid_v4_jitter	grid_coord	meta	meta_json	46ea62d53e09/kanu/OvenRack/out/s303/n3/base	303	3
46ea62d53e09	kanu	OvenRack/out	3	4	base	activation	4741af739c04c29d	4741af739c04c29d7a6bb3e147b82779a5477cae0ee148316009528431063535	lerobot_groot_n15	n15	lerobot_groot_n15__robocasa365_ckpt120000		0	Fully slide the oven rack out.	robocasa_panda_omron/SlideOvenRack_PandaOmron_Env	100017	1300004	0	1			5		1	all_token_full	groot_n15_dit_block_residual_full_tokens_denoise	"[""layer"",""denoise_step"",""model_token"",""feature_dim""]"	[7,4,49,1536]	[0,2,4,8,10,12,15]	n15_grid_v4_jitter	grid_coord	meta	meta_json	46ea62d53e09/kanu/OvenRack/out/s303/n4/base	303	3
46ea62d53e09	kanu	OvenRack/out	4	0	base	activation	bf9174cd9e4e88c5	bf9174cd9e4e88c5985d17c710215227d4e87eae27d8f4077e41a76124790994	lerobot_groot_n15	n15	lerobot_groot_n15__robocasa365_ckpt120000		0	Fully slide the oven rack out.	robocasa_panda_omron/SlideOvenRack_PandaOmron_Env	100020	1300000	0	0			5		1	all_token_full	groot_n15_dit_block_residual_full_tokens_denoise	"[""layer"",""denoise_step"",""model_token"",""feature_dim""]"	[7,4,49,1536]	[0,2,4,8,10,12,15]	n15_grid_v4_jitter	grid_coord	meta	meta_json	46ea62d53e09/kanu/OvenRack/out/s400/n0/base	400	0
46ea62d53e09	kanu	OvenRack/out	4	1	base	activation	688204f3f0e04ef2	688204f3f0e04ef2f043e7fa2f57955fa0dd4b1b814afd71c13c03bcb0a92da1	lerobot_groot_n15	n15	lerobot_groot_n15__robocasa365_ckpt120000		0	Fully slide the oven rack out.	robocasa_panda_omron/SlideOvenRack_PandaOmron_Env	100020	1300001	0	0			5		1	all_token_full	groot_n15_dit_block_residual_full_tokens_denoise	"[""layer"",""denoise_step"",""model_token"",""feature_dim""]"	[7,4,49,1536]	[0,2,4,8,10,12,15]	n15_grid_v4_jitter	grid_coord	meta	meta_json	46ea62d53e09/kanu/OvenRack/out/s400/n1/base	400	0
46ea62d53e09	kanu	OvenRack/out	4	2	base	activation	76a3f330f13576e6	76a3f330f13576e63d24a4055323b9001a340641fdc538bed218f62524e473e0	lerobot_groot_n15	n15	lerobot_groot_n15__robocasa365_ckpt120000		0	Fully slide the oven rack out.	robocasa_panda_omron/SlideOvenRack_PandaOmron_Env	100020	1300002	0	0			5		1	all_token_full	groot_n15_dit_block_residual_full_tokens_denoise	"[""layer"",""denoise_step"",""model_token"",""feature_dim""]"	[7,4,49,1536]	[0,2,4,8,10,12,15]	n15_grid_v4_jitter	grid_coord	meta	meta_json	46ea62d53e09/kanu/OvenRack/out/s400/n2/base	400	0
46ea62d53e09	kanu	OvenRack/out	4	3	base	activation	c28a72226c8ac0ec	c28a72226c8ac0ec1b2f51242b297522c9ea02188267cb4e80bd2c931bd60d03	lerobot_groot_n15	n15	lerobot_groot_n15__robocasa365_ckpt120000		0	Fully slide the oven rack out.	robocasa_panda_omron/SlideOvenRack_PandaOmron_Env	100020	1300003	0	0			5		1	all_token_full	groot_n15_dit_block_residual_full_tokens_denoise	"[""layer"",""denoise_step"",""model_token"",""feature_dim""]"	[7,4,49,1536]	[0,2,4,8,10,12,15]	n15_grid_v4_jitter	grid_coord	meta	meta_json	46ea62d53e09/kanu/OvenRack/out/s400/n3/base	400	0
46ea62d53e09	kanu	OvenRack/out	4	4	base	activation	6b0af89c89f04f26	6b0af89c89f04f26d673b14bcf1a33235e4bc84f83b320faf9b008665ad8d005	lerobot_groot_n15	n15	lerobot_groot_n15__robocasa365_ckpt120000		0	Fully slide the oven rack out.	robocasa_panda_omron/SlideOvenRack_PandaOmron_Env	100020	1300004	0	0			5		1	all_token_full	groot_n15_dit_block_residual_full_tokens_denoise	"[""layer"",""denoise_step"",""model_token"",""feature_dim""]"	[7,4,49,1536]	[0,2,4,8,10,12,15]	n15_grid_v4_jitter	grid_coord	meta	meta_json	46ea62d53e09/kanu/OvenRack/out/s400/n4/base	400	0
46ea62d53e09	kanu	OvenRack/out	4	0	base	activation	258fde4359a36136	258fde4359a36136e4a34ebe5b0b9b685fc397a93a4c3a6f22ba13043be16c46	lerobot_groot_n15	n15	lerobot_groot_n15__robocasa365_ckpt120000		0	Fully slide the oven rack out.	robocasa_panda_omron/SlideOvenRack_PandaOmron_Env	100020	1300000	0	0			5		1	all_token_full	groot_n15_dit_block_residual_full_tokens_denoise	"[""layer"",""denoise_step"",""model_token"",""feature_dim""]"	[7,4,49,1536]	[0,2,4,8,10,12,15]	n15_grid_v4_jitter	grid_coord	meta	meta_json	46ea62d53e09/kanu/OvenRack/out/s401/n0/base	401	1
46ea62d53e09	kanu	OvenRack/out	4	1	base	activation	40b66467f3ec66e6	40b66467f3ec66e6e1e7ef4842a83e351f55786203cbea81f2a4b09da4f934c4	lerobot_groot_n15	n15	lerobot_groot_n15__robocasa365_ckpt120000		0	Fully slide the oven rack out.	robocasa_panda_omron/SlideOvenRack_PandaOmron_Env	100020	1300001	0	0			5		1	all_token_full	groot_n15_dit_block_residual_full_tokens_denoise	"[""layer"",""denoise_step"",""model_token"",""feature_dim""]"	[7,4,49,1536]	[0,2,4,8,10,12,15]	n15_grid_v4_jitter	grid_coord	meta	meta_json	46ea62d53e09/kanu/OvenRack/out/s401/n1/base	401	1
46ea62d53e09	kanu	OvenRack/out	4	2	base	activation	25a04dbc75d00ce5	25a04dbc75d00ce59d29d9f59a2af9a7d625c50048498ea61ecbd7990c562c2a	lerobot_groot_n15	n15	lerobot_groot_n15__robocasa365_ckpt120000		0	Fully slide the oven rack out.	robocasa_panda_omron/SlideOvenRack_PandaOmron_Env	100020	1300002	0	0			5		1	all_token_full	groot_n15_dit_block_residual_full_tokens_denoise	"[""layer"",""denoise_step"",""model_token"",""feature_dim""]"	[7,4,49,1536]	[0,2,4,8,10,12,15]	n15_grid_v4_jitter	grid_coord	meta	meta_json	46ea62d53e09/kanu/OvenRack/out/s401/n2/base	401	1
46ea62d53e09	kanu	OvenRack/out	4	3	base	activation	f92bdd3977154ad7	f92bdd3977154ad77b6eea530cd4f39b1616c2bd1501a3185cd9d623524c6e9a	lerobot_groot_n15	n15	lerobot_groot_n15__robocasa365_ckpt120000		0	Fully slide the oven rack out.	robocasa_panda_omron/SlideOvenRack_PandaOmron_Env	100020	1300003	0	1			5		1	all_token_full	groot_n15_dit_block_residual_full_tokens_denoise	"[""layer"",""denoise_step"",""model_token"",""feature_dim""]"	[7,4,49,1536]	[0,2,4,8,10,12,15]	n15_grid_v4_jitter	grid_coord	meta	meta_json	46ea62d53e09/kanu/OvenRack/out/s401/n3/base	401	1
46ea62d53e09	kanu	OvenRack/out	4	4	base	activation	847c47787ce6d662	847c47787ce6d662cc74153cd4c2f453b31e8c8f92b8519ed6a20454d7fd38c3	lerobot_groot_n15	n15	lerobot_groot_n15__robocasa365_ckpt120000		0	Fully slide the oven rack out.	robocasa_panda_omron/SlideOvenRack_PandaOmron_Env	100020	1300004	0	0			5		1	all_token_full	groot_n15_dit_block_residual_full_tokens_denoise	"[""layer"",""denoise_step"",""model_token"",""feature_dim""]"	[7,4,49,1536]	[0,2,4,8,10,12,15]	n15_grid_v4_jitter	grid_coord	meta	meta_json	46ea62d53e09/kanu/OvenRack/out/s401/n4/base	401	1
46ea62d53e09	kanu	OvenRack/out	4	0	base	activation	281e27a9613dcb6c	281e27a9613dcb6c25e9845a8d54da4379e3828e9e0dee44cae4d54bd46c4529	lerobot_groot_n15	n15	lerobot_groot_n15__robocasa365_ckpt120000		0	Fully slide the oven rack out.	robocasa_panda_omron/SlideOvenRack_PandaOmron_Env	100020	1300000	0	0			5		1	all_token_full	groot_n15_dit_block_residual_full_tokens_denoise	"[""layer"",""denoise_step"",""model_token"",""feature_dim""]"	[7,4,49,1536]	[0,2,4,8,10,12,15]	n15_grid_v4_jitter	grid_coord	meta	meta_json	46ea62d53e09/kanu/OvenRack/out/s402/n0/base	402	2
46ea62d53e09	kanu	OvenRack/out	4	1	base	activation	1bcc9107e3136972	1bcc9107e313697246d53adfd65fcfcff7d264f5bd42b7303916f823e851fbd9	lerobot_groot_n15	n15	lerobot_groot_n15__robocasa365_ckpt120000		0	Fully slide the oven rack out.	robocasa_panda_omron/SlideOvenRack_PandaOmron_Env	100020	1300001	0	0			5		1	all_token_full	groot_n15_dit_block_residual_full_tokens_denoise	"[""layer"",""denoise_step"",""model_token"",""feature_dim""]"	[7,4,49,1536]	[0,2,4,8,10,12,15]	n15_grid_v4_jitter	grid_coord	meta	meta_json	46ea62d53e09/kanu/OvenRack/out/s402/n1/base	402	2
46ea62d53e09	kanu	OvenRack/out	4	2	base	activation	84f753d5f9c345d2	84f753d5f9c345d2c18638b1106bc10ee6dd2269577a98fd50e24d34657aa523	lerobot_groot_n15	n15	lerobot_groot_n15__robocasa365_ckpt120000		0	Fully slide the oven rack out.	robocasa_panda_omron/SlideOvenRack_PandaOmron_Env	100020	1300002	0	0			5		1	all_token_full	groot_n15_dit_block_residual_full_tokens_denoise	"[""layer"",""denoise_step"",""model_token"",""feature_dim""]"	[7,4,49,1536]	[0,2,4,8,10,12,15]	n15_grid_v4_jitter	grid_coord	meta	meta_json	46ea62d53e09/kanu/OvenRack/out/s402/n2/base	402	2
46ea62d53e09	kanu	OvenRack/out	4	3	base	activation	313c7ffb95e98174	313c7ffb95e98174e4b4fc1b134eae20afce1a5abf4a75bad56276b1d04b29ca	lerobot_groot_n15	n15	lerobot_groot_n15__robocasa365_ckpt120000		0	Fully slide the oven rack out.	robocasa_panda_omron/SlideOvenRack_PandaOmron_Env	100020	1300003	0	0			5		1	all_token_full	groot_n15_dit_block_residual_full_tokens_denoise	"[""layer"",""denoise_step"",""model_token"",""feature_dim""]"	[7,4,49,1536]	[0,2,4,8,10,12,15]	n15_grid_v4_jitter	grid_coord	meta	meta_json	46ea62d53e09/kanu/OvenRack/out/s402/n3/base	402	2
46ea62d53e09	kanu	OvenRack/out	4	4	base	activation	ddaf74e99a03320c	ddaf74e99a03320cf7644f5e6ef9fac5ed695bcb8141969f31c11f506ed34605	lerobot_groot_n15	n15	lerobot_groot_n15__robocasa365_ckpt120000		0	Fully slide the oven rack out.	robocasa_panda_omron/SlideOvenRack_PandaOmron_Env	100020	1300004	0	0			5		1	all_token_full	groot_n15_dit_block_residual_full_tokens_denoise	"[""layer"",""denoise_step"",""model_token"",""feature_dim""]"	[7,4,49,1536]	[0,2,4,8,10,12,15]	n15_grid_v4_jitter	grid_coord	meta	meta_json	46ea62d53e09/kanu/OvenRack/out/s402/n4/base	402	2
46ea62d53e09	kanu	OvenRack/out	4	0	base	activation	54bb4cb784182998	54bb4cb784182998a8c8417241161db3e4bd4a03dbc080a856eaf1df5e9e835f	lerobot_groot_n15	n15	lerobot_groot_n15__robocasa365_ckpt120000		0	Fully slide the oven rack out.	robocasa_panda_omron/SlideOvenRack_PandaOmron_Env	100020	1300000	0	0			5		1	all_token_full	groot_n15_dit_block_residual_full_tokens_denoise	"[""layer"",""denoise_step"",""model_token"",""feature_dim""]"	[7,4,49,1536]	[0,2,4,8,10,12,15]	n15_grid_v4_jitter	grid_coord	meta	meta_json	46ea62d53e09/kanu/OvenRack/out/s403/n0/base	403	3
46ea62d53e09	kanu	OvenRack/out	4	1	base	activation	c4ea7d69864660ae	c4ea7d69864660ae2a72500f77f9b10e5043577bc71c7007fc1e3f5828efaaff	lerobot_groot_n15	n15	lerobot_groot_n15__robocasa365_ckpt120000		0	Fully slide the oven rack out.	robocasa_panda_omron/SlideOvenRack_PandaOmron_Env	100020	1300001	0	0			5		1	all_token_full	groot_n15_dit_block_residual_full_tokens_denoise	"[""layer"",""denoise_step"",""model_token"",""feature_dim""]"	[7,4,49,1536]	[0,2,4,8,10,12,15]	n15_grid_v4_jitter	grid_coord	meta	meta_json	46ea62d53e09/kanu/OvenRack/out/s403/n1/base	403	3
46ea62d53e09	kanu	OvenRack/out	4	2	base	activation	902ad13b3bcd4cf1	902ad13b3bcd4cf171e1c713b02c60924e7e2a549091ab27fa1b09c02d6a3691	lerobot_groot_n15	n15	lerobot_groot_n15__robocasa365_ckpt120000		0	Fully slide the oven rack out.	robocasa_panda_omron/SlideOvenRack_PandaOmron_Env	100020	1300002	0	0			5		1	all_token_full	groot_n15_dit_block_residual_full_tokens_denoise	"[""layer"",""denoise_step"",""model_token"",""feature_dim""]"	[7,4,49,1536]	[0,2,4,8,10,12,15]	n15_grid_v4_jitter	grid_coord	meta	meta_json	46ea62d53e09/kanu/OvenRack/out/s403/n2/base	403	3
46ea62d53e09	kanu	OvenRack/out	4	3	base	activation	6b8c67130d01f4c6	6b8c67130d01f4c6b1e6253e47a1b6052ebf1e278ba787851582985448669ac5	lerobot_groot_n15	n15	lerobot_groot_n15__robocasa365_ckpt120000		0	Fully slide the oven rack out.	robocasa_panda_omron/SlideOvenRack_PandaOmron_Env	100020	1300003	0	0			5		1	all_token_full	groot_n15_dit_block_residual_full_tokens_denoise	"[""layer"",""denoise_step"",""model_token"",""feature_dim""]"	[7,4,49,1536]	[0,2,4,8,10,12,15]	n15_grid_v4_jitter	grid_coord	meta	meta_json	46ea62d53e09/kanu/OvenRack/out/s403/n3/base	403	3
46ea62d53e09	kanu	OvenRack/out	4	4	base	activation	3b478ecfa225862a	3b478ecfa225862aca41b6a5376e6b8f6f8a764897b1f442a9342afada6e7ec9	lerobot_groot_n15	n15	lerobot_groot_n15__robocasa365_ckpt120000		0	Fully slide the oven rack out.	robocasa_panda_omron/SlideOvenRack_PandaOmron_Env	100020	1300004	0	0			5		1	all_token_full	groot_n15_dit_block_residual_full_tokens_denoise	"[""layer"",""denoise_step"",""model_token"",""feature_dim""]"	[7,4,49,1536]	[0,2,4,8,10,12,15]	n15_grid_v4_jitter	grid_coord	meta	meta_json	46ea62d53e09/kanu/OvenRack/out/s403/n4/base	403	3
46ea62d53e09	kanu	PPCC/apple	0	0	base	activation	f3e4d3b600450d9d	f3e4d3b600450d9d2f9dcaccd6e2290fabc7dc06f3c3d73ded5ad74e88dc0fdf	lerobot_groot_n15	n15	lerobot_groot_n15__robocasa365_ckpt120000		0	Pick the apple from the counter and place it in the cabinet.	robocasa_panda_omron/PickPlaceCounterToCabinet_PandaOmron_Env	100025	1300000	0	1			5		1	all_token_full	groot_n15_dit_block_residual_full_tokens_denoise	"[""layer"",""denoise_step"",""model_token"",""feature_dim""]"	[7,4,49,1536]	[0,2,4,8,10,12,15]	n15_grid_v4_jitter	grid_coord	meta	meta_json	46ea62d53e09/kanu/PPCC/apple/s0/n0/base	0	0
46ea62d53e09	kanu	PPCC/apple	0	1	base	activation	fdceb10e24993167	fdceb10e24993167e12e93f38ce011e6a864570d089a3a4c730c1e2a7d79f9b4	lerobot_groot_n15	n15	lerobot_groot_n15__robocasa365_ckpt120000		0	Pick the apple from the counter and place it in the cabinet.	robocasa_panda_omron/PickPlaceCounterToCabinet_PandaOmron_Env	100025	1300001	0	1			5		1	all_token_full	groot_n15_dit_block_residual_full_tokens_denoise	"[""layer"",""denoise_step"",""model_token"",""feature_dim""]"	[7,4,49,1536]	[0,2,4,8,10,12,15]	n15_grid_v4_jitter	grid_coord	meta	meta_json	46ea62d53e09/kanu/PPCC/apple/s0/n1/base	0	0
46ea62d53e09	kanu	PPCC/apple	0	2	base	activation	fb0c2050e5d99a00	fb0c2050e5d99a00e50ffdaee64066da9dcc9945faf9f9ca05cde0502e69b867	lerobot_groot_n15	n15	lerobot_groot_n15__robocasa365_ckpt120000		0	Pick the apple from the counter and place it in the cabinet.	robocasa_panda_omron/PickPlaceCounterToCabinet_PandaOmron_Env	100025	1300002	0	1			5		1	all_token_full	groot_n15_dit_block_residual_full_tokens_denoise	"[""layer"",""denoise_step"",""model_token"",""feature_dim""]"	[7,4,49,1536]	[0,2,4,8,10,12,15]	n15_grid_v4_jitter	grid_coord	meta	meta_json	46ea62d53e09/kanu/PPCC/apple/s0/n2/base	0	0
46ea62d53e09	kanu	PPCC/apple	0	3	base	activation	262a81bc15f28122	262a81bc15f28122c764612de300fc52268b117f7960036a62d38493d85ac2a6	lerobot_groot_n15	n15	lerobot_groot_n15__robocasa365_ckpt120000		0	Pick the apple from the counter and place it in the cabinet.	robocasa_panda_omron/PickPlaceCounterToCabinet_PandaOmron_Env	100025	1300003	0	1			5		1	all_token_full	groot_n15_dit_block_residual_full_tokens_denoise	"[""layer"",""denoise_step"",""model_token"",""feature_dim""]"	[7,4,49,1536]	[0,2,4,8,10,12,15]	n15_grid_v4_jitter	grid_coord	meta	meta_json	46ea62d53e09/kanu/PPCC/apple/s0/n3/base	0	0
46ea62d53e09	kanu	PPCC/apple	0	4	base	activation	08539b767181a83b	08539b767181a83bc2e8dccd19c4835fdef3819b94b3e2bc3dc5b6773a988069	lerobot_groot_n15	n15	lerobot_groot_n15__robocasa365_ckpt120000		0	Pick the apple from the counter and place it in the cabinet.	robocasa_panda_omron/PickPlaceCounterToCabinet_PandaOmron_Env	100025	1300004	0	1			5		1	all_token_full	groot_n15_dit_block_residual_full_tokens_denoise	"[""layer"",""denoise_step"",""model_token"",""feature_dim""]"	[7,4,49,1536]	[0,2,4,8,10,12,15]	n15_grid_v4_jitter	grid_coord	meta	meta_json	46ea62d53e09/kanu/PPCC/apple/s0/n4/base	0	0
46ea62d53e09	kanu	PPCC/apple	0	0	base	activation	19b3551e770da4d9	19b3551e770da4d975c1de3de5ef89e46823ac479c5ec711c3218830ec93088c	lerobot_groot_n15	n15	lerobot_groot_n15__robocasa365_ckpt120000		0	Pick the apple from the counter and place it in the cabinet.	robocasa_panda_omron/PickPlaceCounterToCabinet_PandaOmron_Env	100025	1300000	0	1			5		1	all_token_full	groot_n15_dit_block_residual_full_tokens_denoise	"[""layer"",""denoise_step"",""model_token"",""feature_dim""]"	[7,4,49,1536]	[0,2,4,8,10,12,15]	n15_grid_v4_jitter	grid_coord	meta	meta_json	46ea62d53e09/kanu/PPCC/apple/s1/n0/base	1	1
46ea62d53e09	kanu	PPCC/apple	0	1	base	activation	642d58548ba57922	642d58548ba57922cdba21fbae409c4cca80d44c2145563f58d9b226665006ce	lerobot_groot_n15	n15	lerobot_groot_n15__robocasa365_ckpt120000		0	Pick the apple from the counter and place it in the cabinet.	robocasa_panda_omron/PickPlaceCounterToCabinet_PandaOmron_Env	100025	1300001	0	1			5		1	all_token_full	groot_n15_dit_block_residual_full_tokens_denoise	"[""layer"",""denoise_step"",""model_token"",""feature_dim""]"	[7,4,49,1536]	[0,2,4,8,10,12,15]	n15_grid_v4_jitter	grid_coord	meta	meta_json	46ea62d53e09/kanu/PPCC/apple/s1/n1/base	1	1
46ea62d53e09	kanu	PPCC/apple	0	2	base	activation	6ea1a09482b293c6	6ea1a09482b293c6cbf6a93bbccba0d7953e76b720a4bd135ee95864014b63a2	lerobot_groot_n15	n15	lerobot_groot_n15__robocasa365_ckpt120000		0	Pick the apple from the counter and place it in the cabinet.	robocasa_panda_omron/PickPlaceCounterToCabinet_PandaOmron_Env	100025	1300002	0	1			5		1	all_token_full	groot_n15_dit_block_residual_full_tokens_denoise	"[""layer"",""denoise_step"",""model_token"",""feature_dim""]"	[7,4,49,1536]	[0,2,4,8,10,12,15]	n15_grid_v4_jitter	grid_coord	meta	meta_json	46ea62d53e09/kanu/PPCC/apple/s1/n2/base	1	1
46ea62d53e09	kanu	PPCC/apple	0	3	base	activation	6efe2903836c6cf7	6efe2903836c6cf74c3339765e454fe7a5565346bf9cf45a56ced7b08b5cfc8b	lerobot_groot_n15	n15	lerobot_groot_n15__robocasa365_ckpt120000		0	Pick the apple from the counter and place it in the cabinet.	robocasa_panda_omron/PickPlaceCounterToCabinet_PandaOmron_Env	100025	1300003	0	1			5		1	all_token_full	groot_n15_dit_block_residual_full_tokens_denoise	"[""layer"",""denoise_step"",""model_token"",""feature_dim""]"	[7,4,49,1536]	[0,2,4,8,10,12,15]	n15_grid_v4_jitter	grid_coord	meta	meta_json	46ea62d53e09/kanu/PPCC/apple/s1/n3/base	1	1
46ea62d53e09	kanu	PPCC/apple	0	4	base	activation	e13752888460666d	e13752888460666d0c22b7203ca1bfdfde0268100f8183c67040e7a51737d1db	lerobot_groot_n15	n15	lerobot_groot_n15__robocasa365_ckpt120000		0	Pick the apple from the counter and place it in the cabinet.	robocasa_panda_omron/PickPlaceCounterToCabinet_PandaOmron_Env	100025	1300004	0	1			5		1	all_token_full	groot_n15_dit_block_residual_full_tokens_denoise	"[""layer"",""denoise_step"",""model_token"",""feature_dim""]"	[7,4,49,1536]	[0,2,4,8,10,12,15]	n15_grid_v4_jitter	grid_coord	meta	meta_json	46ea62d53e09/kanu/PPCC/apple/s1/n4/base	1	1
46ea62d53e09	kanu	PPCC/apple	1	0	base	activation	e11ecf52dfd38097	e11ecf52dfd38097d496a2caea1dce0bbe3e8aafb9fa57e9ac4779e1e7ed2f7f	lerobot_groot_n15	n15	lerobot_groot_n15__robocasa365_ckpt120000		0	Pick the apple from the counter and place it in the cabinet.	robocasa_panda_omron/PickPlaceCounterToCabinet_PandaOmron_Env	100069	1300000	0	1			5		1	all_token_full	groot_n15_dit_block_residual_full_tokens_denoise	"[""layer"",""denoise_step"",""model_token"",""feature_dim""]"	[7,4,49,1536]	[0,2,4,8,10,12,15]	n15_grid_v4_jitter	grid_coord	meta	meta_json	46ea62d53e09/kanu/PPCC/apple/s100/n0/base	100	0
46ea62d53e09	kanu	PPCC/apple	1	1	base	activation	f427d59a61ac7b6e	f427d59a61ac7b6e67efb0ec09cc29048fd22e7100d852d54d4818fc21c71408	lerobot_groot_n15	n15	lerobot_groot_n15__robocasa365_ckpt120000		0	Pick the apple from the counter and place it in the cabinet.	robocasa_panda_omron/PickPlaceCounterToCabinet_PandaOmron_Env	100069	1300001	0	1			5		1	all_token_full	groot_n15_dit_block_residual_full_tokens_denoise	"[""layer"",""denoise_step"",""model_token"",""feature_dim""]"	[7,4,49,1536]	[0,2,4,8,10,12,15]	n15_grid_v4_jitter	grid_coord	meta	meta_json	46ea62d53e09/kanu/PPCC/apple/s100/n1/base	100	0
46ea62d53e09	kanu	PPCC/apple	1	2	base	activation	fa2c55465d298d68	fa2c55465d298d68d54c289ee9ab6983f2bcf8286609c6d6bfd0c24c2443919d	lerobot_groot_n15	n15	lerobot_groot_n15__robocasa365_ckpt120000		0	Pick the apple from the counter and place it in the cabinet.	robocasa_panda_omron/PickPlaceCounterToCabinet_PandaOmron_Env	100069	1300002	0	1			5		1	all_token_full	groot_n15_dit_block_residual_full_tokens_denoise	"[""layer"",""denoise_step"",""model_token"",""feature_dim""]"	[7,4,49,1536]	[0,2,4,8,10,12,15]	n15_grid_v4_jitter	grid_coord	meta	meta_json	46ea62d53e09/kanu/PPCC/apple/s100/n2/base	100	0
46ea62d53e09	kanu	PPCC/apple	1	3	base	activation	4c66c189a42d2fa3	4c66c189a42d2fa33abb2afad7306813189e33c243ba523d1859fa63b81af7e2	lerobot_groot_n15	n15	lerobot_groot_n15__robocasa365_ckpt120000		0	Pick the apple from the counter and place it in the cabinet.	robocasa_panda_omron/PickPlaceCounterToCabinet_PandaOmron_Env	100069	1300003	0	1			5		1	all_token_full	groot_n15_dit_block_residual_full_tokens_denoise	"[""layer"",""denoise_step"",""model_token"",""feature_dim""]"	[7,4,49,1536]	[0,2,4,8,10,12,15]	n15_grid_v4_jitter	grid_coord	meta	meta_json	46ea62d53e09/kanu/PPCC/apple/s100/n3/base	100	0
46ea62d53e09	kanu	PPCC/apple	1	4	base	activation	5d33632d187f5040	5d33632d187f504031721745728b28e550ae92cafee9cb81aaf2230c88167412	lerobot_groot_n15	n15	lerobot_groot_n15__robocasa365_ckpt120000		0	Pick the apple from the counter and place it in the cabinet.	robocasa_panda_omron/PickPlaceCounterToCabinet_PandaOmron_Env	100069	1300004	0	1			5		1	all_token_full	groot_n15_dit_block_residual_full_tokens_denoise	"[""layer"",""denoise_step"",""model_token"",""feature_dim""]"	[7,4,49,1536]	[0,2,4,8,10,12,15]	n15_grid_v4_jitter	grid_coord	meta	meta_json	46ea62d53e09/kanu/PPCC/apple/s100/n4/base	100	0
46ea62d53e09	kanu	PPCC/apple	1	0	base	activation	a6c51accbb95a43a	a6c51accbb95a43a866184598b5d9a368a812c1602b597a79e77a36a7e6845c5	lerobot_groot_n15	n15	lerobot_groot_n15__robocasa365_ckpt120000		0	Pick the apple from the counter and place it in the cabinet.	robocasa_panda_omron/PickPlaceCounterToCabinet_PandaOmron_Env	100069	1300000	0	1			5		1	all_token_full	groot_n15_dit_block_residual_full_tokens_denoise	"[""layer"",""denoise_step"",""model_token"",""feature_dim""]"	[7,4,49,1536]	[0,2,4,8,10,12,15]	n15_grid_v4_jitter	grid_coord	meta	meta_json	46ea62d53e09/kanu/PPCC/apple/s101/n0/base	101	1
46ea62d53e09	kanu	PPCC/apple	1	1	base	activation	150c47202e42096f	150c47202e42096fa453519f217bdf04f31b256f3269dec74e145f6279bb577e	lerobot_groot_n15	n15	lerobot_groot_n15__robocasa365_ckpt120000		0	Pick the apple from the counter and place it in the cabinet.	robocasa_panda_omron/PickPlaceCounterToCabinet_PandaOmron_Env	100069	1300001	0	1			5		1	all_token_full	groot_n15_dit_block_residual_full_tokens_denoise	"[""layer"",""denoise_step"",""model_token"",""feature_dim""]"	[7,4,49,1536]	[0,2,4,8,10,12,15]	n15_grid_v4_jitter	grid_coord	meta	meta_json	46ea62d53e09/kanu/PPCC/apple/s101/n1/base	101	1
46ea62d53e09	kanu	PPCC/apple	1	2	base	activation	25fba76ccb06cf76	25fba76ccb06cf767ef9add5fb8917679c50a7e8f0110df98b0732d0cc58ad9a	lerobot_groot_n15	n15	lerobot_groot_n15__robocasa365_ckpt120000		0	Pick the apple from the counter and place it in the cabinet.	robocasa_panda_omron/PickPlaceCounterToCabinet_PandaOmron_Env	100069	1300002	0	1			5		1	all_token_full	groot_n15_dit_block_residual_full_tokens_denoise	"[""layer"",""denoise_step"",""model_token"",""feature_dim""]"	[7,4,49,1536]	[0,2,4,8,10,12,15]	n15_grid_v4_jitter	grid_coord	meta	meta_json	46ea62d53e09/kanu/PPCC/apple/s101/n2/base	101	1
46ea62d53e09	kanu	PPCC/apple	1	3	base	activation	499f170b596d30fe	499f170b596d30fe7e624a0e59eb91d10311ae7570f30acd56262750a48727d7	lerobot_groot_n15	n15	lerobot_groot_n15__robocasa365_ckpt120000		0	Pick the apple from the counter and place it in the cabinet.	robocasa_panda_omron/PickPlaceCounterToCabinet_PandaOmron_Env	100069	1300003	0	1			5		1	all_token_full	groot_n15_dit_block_residual_full_tokens_denoise	"[""layer"",""denoise_step"",""model_token"",""feature_dim""]"	[7,4,49,1536]	[0,2,4,8,10,12,15]	n15_grid_v4_jitter	grid_coord	meta	meta_json	46ea62d53e09/kanu/PPCC/apple/s101/n3/base	101	1
46ea62d53e09	kanu	PPCC/apple	1	4	base	activation	ce20a83cb6d5b272	ce20a83cb6d5b272a91873787ff87c78f632e43b69ddb99cffae2f38cbc2dfa3	lerobot_groot_n15	n15	lerobot_groot_n15__robocasa365_ckpt120000		0	Pick the apple from the counter and place it in the cabinet.	robocasa_panda_omron/PickPlaceCounterToCabinet_PandaOmron_Env	100069	1300004	0	1			5		1	all_token_full	groot_n15_dit_block_residual_full_tokens_denoise	"[""layer"",""denoise_step"",""model_token"",""feature_dim""]"	[7,4,49,1536]	[0,2,4,8,10,12,15]	n15_grid_v4_jitter	grid_coord	meta	meta_json	46ea62d53e09/kanu/PPCC/apple/s101/n4/base	101	1
46ea62d53e09	kanu	PPCC/apple	1	0	base	activation	06da829e548e5bad	06da829e548e5bad7aa2e829ec6e8bff983c062368e2a606203c6f25d20027df	lerobot_groot_n15	n15	lerobot_groot_n15__robocasa365_ckpt120000		0	Pick the apple from the counter and place it in the cabinet.	robocasa_panda_omron/PickPlaceCounterToCabinet_PandaOmron_Env	100069	1300000	0	1			5		1	all_token_full	groot_n15_dit_block_residual_full_tokens_denoise	"[""layer"",""denoise_step"",""model_token"",""feature_dim""]"	[7,4,49,1536]	[0,2,4,8,10,12,15]	n15_grid_v4_jitter	grid_coord	meta	meta_json	46ea62d53e09/kanu/PPCC/apple/s102/n0/base	102	2
46ea62d53e09	kanu	PPCC/apple	1	1	base	activation	48b3faa253bdd711	48b3faa253bdd7115183d4100b95c61e9805ded8848549373704331bdc64c511	lerobot_groot_n15	n15	lerobot_groot_n15__robocasa365_ckpt120000		0	Pick the apple from the counter and place it in the cabinet.	robocasa_panda_omron/PickPlaceCounterToCabinet_PandaOmron_Env	100069	1300001	0	1			5		1	all_token_full	groot_n15_dit_block_residual_full_tokens_denoise	"[""layer"",""denoise_step"",""model_token"",""feature_dim""]"	[7,4,49,1536]	[0,2,4,8,10,12,15]	n15_grid_v4_jitter	grid_coord	meta	meta_json	46ea62d53e09/kanu/PPCC/apple/s102/n1/base	102	2
46ea62d53e09	kanu	PPCC/apple	1	2	base	activation	b6f2db4de4a9117c	b6f2db4de4a9117c1cd563f262ee4954cd87b06ffb92bb83bab601e175e01e62	lerobot_groot_n15	n15	lerobot_groot_n15__robocasa365_ckpt120000		0	Pick the apple from the counter and place it in the cabinet.	robocasa_panda_omron/PickPlaceCounterToCabinet_PandaOmron_Env	100069	1300002	0	1			5		1	all_token_full	groot_n15_dit_block_residual_full_tokens_denoise	"[""layer"",""denoise_step"",""model_token"",""feature_dim""]"	[7,4,49,1536]	[0,2,4,8,10,12,15]	n15_grid_v4_jitter	grid_coord	meta	meta_json	46ea62d53e09/kanu/PPCC/apple/s102/n2/base	102	2
46ea62d53e09	kanu	PPCC/apple	1	3	base	activation	b9d06154b976ffb9	b9d06154b976ffb9b071325b0a67d49bd532c67429889b83dc11f20052094c65	lerobot_groot_n15	n15	lerobot_groot_n15__robocasa365_ckpt120000		0	Pick the apple from the counter and place it in the cabinet.	robocasa_panda_omron/PickPlaceCounterToCabinet_PandaOmron_Env	100069	1300003	0	1			5		1	all_token_full	groot_n15_dit_block_residual_full_tokens_denoise	"[""layer"",""denoise_step"",""model_token"",""feature_dim""]"	[7,4,49,1536]	[0,2,4,8,10,12,15]	n15_grid_v4_jitter	grid_coord	meta	meta_json	46ea62d53e09/kanu/PPCC/apple/s102/n3/base	102	2
46ea62d53e09	kanu	PPCC/apple	1	4	base	activation	a82e63bcc2f4bf6e	a82e63bcc2f4bf6ea3733d6830f0675ff1a3c649e07b2ca21312f5e1c06e087f	lerobot_groot_n15	n15	lerobot_groot_n15__robocasa365_ckpt120000		0	Pick the apple from the counter and place it in the cabinet.	robocasa_panda_omron/PickPlaceCounterToCabinet_PandaOmron_Env	100069	1300004	0	1			5		1	all_token_full	groot_n15_dit_block_residual_full_tokens_denoise	"[""layer"",""denoise_step"",""model_token"",""feature_dim""]"	[7,4,49,1536]	[0,2,4,8,10,12,15]	n15_grid_v4_jitter	grid_coord	meta	meta_json	46ea62d53e09/kanu/PPCC/apple/s102/n4/base	102	2
46ea62d53e09	kanu	PPCC/apple	1	0	base	activation	82206ccf0e8261d6	82206ccf0e8261d65bf2b487812ecb2a99bea57b7eadf28456ceea0cd524a2cf	lerobot_groot_n15	n15	lerobot_groot_n15__robocasa365_ckpt120000		0	Pick the apple from the counter and place it in the cabinet.	robocasa_panda_omron/PickPlaceCounterToCabinet_PandaOmron_Env	100069	1300000	0	1			5		1	all_token_full	groot_n15_dit_block_residual_full_tokens_denoise	"[""layer"",""denoise_step"",""model_token"",""feature_dim""]"	[7,4,49,1536]	[0,2,4,8,10,12,15]	n15_grid_v4_jitter	grid_coord	meta	meta_json	46ea62d53e09/kanu/PPCC/apple/s103/n0/base	103	3
46ea62d53e09	kanu	PPCC/apple	1	1	base	activation	5bde79943b595971	5bde79943b5959718d9f0d0df2f91c97526ca70b0218bcd486dfc20933794dc4	lerobot_groot_n15	n15	lerobot_groot_n15__robocasa365_ckpt120000		0	Pick the apple from the counter and place it in the cabinet.	robocasa_panda_omron/PickPlaceCounterToCabinet_PandaOmron_Env	100069	1300001	0	1			5		1	all_token_full	groot_n15_dit_block_residual_full_tokens_denoise	"[""layer"",""denoise_step"",""model_token"",""feature_dim""]"	[7,4,49,1536]	[0,2,4,8,10,12,15]	n15_grid_v4_jitter	grid_coord	meta	meta_json	46ea62d53e09/kanu/PPCC/apple/s103/n1/base	103	3
46ea62d53e09	kanu	PPCC/apple	1	2	base	activation	ca533293d7722e5f	ca533293d7722e5fb0f1eb83b209e2111d932b85adf808d07dba042e7bd6531a	lerobot_groot_n15	n15	lerobot_groot_n15__robocasa365_ckpt120000		0	Pick the apple from the counter and place it in the cabinet.	robocasa_panda_omron/PickPlaceCounterToCabinet_PandaOmron_Env	100069	1300002	0	1			5		1	all_token_full	groot_n15_dit_block_residual_full_tokens_denoise	"[""layer"",""denoise_step"",""model_token"",""feature_dim""]"	[7,4,49,1536]	[0,2,4,8,10,12,15]	n15_grid_v4_jitter	grid_coord	meta	meta_json	46ea62d53e09/kanu/PPCC/apple/s103/n2/base	103	3
46ea62d53e09	kanu	PPCC/apple	1	3	base	activation	de8adc9f572e013a	de8adc9f572e013a0bdc8b142e6c025ab464d4ab97d75089f2e3b35cfaff9793	lerobot_groot_n15	n15	lerobot_groot_n15__robocasa365_ckpt120000		0	Pick the apple from the counter and place it in the cabinet.	robocasa_panda_omron/PickPlaceCounterToCabinet_PandaOmron_Env	100069	1300003	0	1			5		1	all_token_full	groot_n15_dit_block_residual_full_tokens_denoise	"[""layer"",""denoise_step"",""model_token"",""feature_dim""]"	[7,4,49,1536]	[0,2,4,8,10,12,15]	n15_grid_v4_jitter	grid_coord	meta	meta_json	46ea62d53e09/kanu/PPCC/apple/s103/n3/base	103	3
46ea62d53e09	kanu	PPCC/apple	1	4	base	activation	cd24ee9548d86eb3	cd24ee9548d86eb3ff3ecab0cc58481eda4fab052483df588543ba4274de56cf	lerobot_groot_n15	n15	lerobot_groot_n15__robocasa365_ckpt120000		0	Pick the apple from the counter and place it in the cabinet.	robocasa_panda_omron/PickPlaceCounterToCabinet_PandaOmron_Env	100069	1300004	0	1			5		1	all_token_full	groot_n15_dit_block_residual_full_tokens_denoise	"[""layer"",""denoise_step"",""model_token"",""feature_dim""]"	[7,4,49,1536]	[0,2,4,8,10,12,15]	n15_grid_v4_jitter	grid_coord	meta	meta_json	46ea62d53e09/kanu/PPCC/apple/s103/n4/base	103	3
46ea62d53e09	kanu	PPCC/apple	0	0	base	activation	5e680fcc5965bc07	5e680fcc5965bc07ac92cef9c4c4dab22f9b5cfa4049365f1271b00820e4ebdd	lerobot_groot_n15	n15	lerobot_groot_n15__robocasa365_ckpt120000		0	Pick the apple from the counter and place it in the cabinet.	robocasa_panda_omron/PickPlaceCounterToCabinet_PandaOmron_Env	100025	1300000	0	1			5		1	all_token_full	groot_n15_dit_block_residual_full_tokens_denoise	"[""layer"",""denoise_step"",""model_token"",""feature_dim""]"	[7,4,49,1536]	[0,2,4,8,10,12,15]	n15_grid_v4_jitter	grid_coord	meta	meta_json	46ea62d53e09/kanu/PPCC/apple/s2/n0/base	2	2
46ea62d53e09	kanu	PPCC/apple	0	1	base	activation	3013268ce0aa3c25	3013268ce0aa3c2558cf2b2f71a01dc3e033691fa929f7ba41f9ba6903fc0e9c	lerobot_groot_n15	n15	lerobot_groot_n15__robocasa365_ckpt120000		0	Pick the apple from the counter and place it in the cabinet.	robocasa_panda_omron/PickPlaceCounterToCabinet_PandaOmron_Env	100025	1300001	0	1			5		1	all_token_full	groot_n15_dit_block_residual_full_tokens_denoise	"[""layer"",""denoise_step"",""model_token"",""feature_dim""]"	[7,4,49,1536]	[0,2,4,8,10,12,15]	n15_grid_v4_jitter	grid_coord	meta	meta_json	46ea62d53e09/kanu/PPCC/apple/s2/n1/base	2	2
46ea62d53e09	kanu	PPCC/apple	0	2	base	activation	4d78aaeefe7a8e90	4d78aaeefe7a8e90e9db3901755954de4bd2e935f82abcf1c5cc0530d7c6ac82	lerobot_groot_n15	n15	lerobot_groot_n15__robocasa365_ckpt120000		0	Pick the apple from the counter and place it in the cabinet.	robocasa_panda_omron/PickPlaceCounterToCabinet_PandaOmron_Env	100025	1300002	0	1			5		1	all_token_full	groot_n15_dit_block_residual_full_tokens_denoise	"[""layer"",""denoise_step"",""model_token"",""feature_dim""]"	[7,4,49,1536]	[0,2,4,8,10,12,15]	n15_grid_v4_jitter	grid_coord	meta	meta_json	46ea62d53e09/kanu/PPCC/apple/s2/n2/base	2	2
46ea62d53e09	kanu	PPCC/apple	0	3	base	activation	0b1360a414b4c113	0b1360a414b4c11358910090ad4372aeaf6e46a18feac16c2d491b956ddff7be	lerobot_groot_n15	n15	lerobot_groot_n15__robocasa365_ckpt120000		0	Pick the apple from the counter and place it in the cabinet.	robocasa_panda_omron/PickPlaceCounterToCabinet_PandaOmron_Env	100025	1300003	0	1			5		1	all_token_full	groot_n15_dit_block_residual_full_tokens_denoise	"[""layer"",""denoise_step"",""model_token"",""feature_dim""]"	[7,4,49,1536]	[0,2,4,8,10,12,15]	n15_grid_v4_jitter	grid_coord	meta	meta_json	46ea62d53e09/kanu/PPCC/apple/s2/n3/base	2	2
46ea62d53e09	kanu	PPCC/apple	0	4	base	activation	a1e22c3bcc93cbb0	a1e22c3bcc93cbb0b37e9aad8161058dd70ce22cabb9fa3ecb7b74bad3e39080	lerobot_groot_n15	n15	lerobot_groot_n15__robocasa365_ckpt120000		0	Pick the apple from the counter and place it in the cabinet.	robocasa_panda_omron/PickPlaceCounterToCabinet_PandaOmron_Env	100025	1300004	0	1			5		1	all_token_full	groot_n15_dit_block_residual_full_tokens_denoise	"[""layer"",""denoise_step"",""model_token"",""feature_dim""]"	[7,4,49,1536]	[0,2,4,8,10,12,15]	n15_grid_v4_jitter	grid_coord	meta	meta_json	46ea62d53e09/kanu/PPCC/apple/s2/n4/base	2	2
46ea62d53e09	kanu	PPCC/apple	2	0	base	activation	67ae39667cc52983	67ae39667cc529830d1eb326a99f31dd953fde8c28b4983b529cdf743a52eea2	lerobot_groot_n15	n15	lerobot_groot_n15__robocasa365_ckpt120000		0	Pick the apple from the counter and place it in the cabinet.	robocasa_panda_omron/PickPlaceCounterToCabinet_PandaOmron_Env	100192	1300000	0	1			5		1	all_token_full	groot_n15_dit_block_residual_full_tokens_denoise	"[""layer"",""denoise_step"",""model_token"",""feature_dim""]"	[7,4,49,1536]	[0,2,4,8,10,12,15]	n15_grid_v4_jitter	grid_coord	meta	meta_json	46ea62d53e09/kanu/PPCC/apple/s200/n0/base	200	0
46ea62d53e09	kanu	PPCC/apple	2	1	base	activation	85c67b540da9bad2	85c67b540da9bad2857fa7b3c99f1594a50c5f5e544cb79b9d312cb796d0a3b4	lerobot_groot_n15	n15	lerobot_groot_n15__robocasa365_ckpt120000		0	Pick the apple from the counter and place it in the cabinet.	robocasa_panda_omron/PickPlaceCounterToCabinet_PandaOmron_Env	100192	1300001	0	1			5		1	all_token_full	groot_n15_dit_block_residual_full_tokens_denoise	"[""layer"",""denoise_step"",""model_token"",""feature_dim""]"	[7,4,49,1536]	[0,2,4,8,10,12,15]	n15_grid_v4_jitter	grid_coord	meta	meta_json	46ea62d53e09/kanu/PPCC/apple/s200/n1/base	200	0
46ea62d53e09	kanu	PPCC/apple	2	2	base	activation	38d806662caa90a4	38d806662caa90a48cf8a41cee5d21f11cae7408fecc35ae74b96c90529d71dc	lerobot_groot_n15	n15	lerobot_groot_n15__robocasa365_ckpt120000		0	Pick the apple from the counter and place it in the cabinet.	robocasa_panda_omron/PickPlaceCounterToCabinet_PandaOmron_Env	100192	1300002	0	1			5		1	all_token_full	groot_n15_dit_block_residual_full_tokens_denoise	"[""layer"",""denoise_step"",""model_token"",""feature_dim""]"	[7,4,49,1536]	[0,2,4,8,10,12,15]	n15_grid_v4_jitter	grid_coord	meta	meta_json	46ea62d53e09/kanu/PPCC/apple/s200/n2/base	200	0
46ea62d53e09	kanu	PPCC/apple	2	3	base	activation	dfb7dbb48d82b786	dfb7dbb48d82b786d122095ef853b99a21926f030db7c8982f4a4afa9bc68b4d	lerobot_groot_n15	n15	lerobot_groot_n15__robocasa365_ckpt120000		0	Pick the apple from the counter and place it in the cabinet.	robocasa_panda_omron/PickPlaceCounterToCabinet_PandaOmron_Env	100192	1300003	0	1			5		1	all_token_full	groot_n15_dit_block_residual_full_tokens_denoise	"[""layer"",""denoise_step"",""model_token"",""feature_dim""]"	[7,4,49,1536]	[0,2,4,8,10,12,15]	n15_grid_v4_jitter	grid_coord	meta	meta_json	46ea62d53e09/kanu/PPCC/apple/s200/n3/base	200	0
46ea62d53e09	kanu	PPCC/apple	2	4	base	activation	b26ad64a30dc3e59	b26ad64a30dc3e59023e7e9f56de3e8ba66292dc28990fd776535f8777311db5	lerobot_groot_n15	n15	lerobot_groot_n15__robocasa365_ckpt120000		0	Pick the apple from the counter and place it in the cabinet.	robocasa_panda_omron/PickPlaceCounterToCabinet_PandaOmron_Env	100192	1300004	0	1			5		1	all_token_full	groot_n15_dit_block_residual_full_tokens_denoise	"[""layer"",""denoise_step"",""model_token"",""feature_dim""]"	[7,4,49,1536]	[0,2,4,8,10,12,15]	n15_grid_v4_jitter	grid_coord	meta	meta_json	46ea62d53e09/kanu/PPCC/apple/s200/n4/base	200	0
46ea62d53e09	kanu	PPCC/apple	2	0	base	activation	3f0cce7fe4d7ac12	3f0cce7fe4d7ac1297e88d144e940b8bc2a2738aa28a637ba518fb3ad5fab01d	lerobot_groot_n15	n15	lerobot_groot_n15__robocasa365_ckpt120000		0	Pick the apple from the counter and place it in the cabinet.	robocasa_panda_omron/PickPlaceCounterToCabinet_PandaOmron_Env	100192	1300000	0	1			5		1	all_token_full	groot_n15_dit_block_residual_full_tokens_denoise	"[""layer"",""denoise_step"",""model_token"",""feature_dim""]"	[7,4,49,1536]	[0,2,4,8,10,12,15]	n15_grid_v4_jitter	grid_coord	meta	meta_json	46ea62d53e09/kanu/PPCC/apple/s201/n0/base	201	1
46ea62d53e09	kanu	PPCC/apple	2	1	base	activation	9ea4e4dacfc097cb	9ea4e4dacfc097cb147e2a64564bbec2349f53fba6b8e686cb00c2bc1f4bd9cc	lerobot_groot_n15	n15	lerobot_groot_n15__robocasa365_ckpt120000		0	Pick the apple from the counter and place it in the cabinet.	robocasa_panda_omron/PickPlaceCounterToCabinet_PandaOmron_Env	100192	1300001	0	1			5		1	all_token_full	groot_n15_dit_block_residual_full_tokens_denoise	"[""layer"",""denoise_step"",""model_token"",""feature_dim""]"	[7,4,49,1536]	[0,2,4,8,10,12,15]	n15_grid_v4_jitter	grid_coord	meta	meta_json	46ea62d53e09/kanu/PPCC/apple/s201/n1/base	201	1
46ea62d53e09	kanu	PPCC/apple	2	2	base	activation	fcb525bb082961ae	fcb525bb082961ae07aa47fd4977575ecdc4ac5fc36419418212db8afb8e2bb6	lerobot_groot_n15	n15	lerobot_groot_n15__robocasa365_ckpt120000		0	Pick the apple from the counter and place it in the cabinet.	robocasa_panda_omron/PickPlaceCounterToCabinet_PandaOmron_Env	100192	1300002	0	1			5		1	all_token_full	groot_n15_dit_block_residual_full_tokens_denoise	"[""layer"",""denoise_step"",""model_token"",""feature_dim""]"	[7,4,49,1536]	[0,2,4,8,10,12,15]	n15_grid_v4_jitter	grid_coord	meta	meta_json	46ea62d53e09/kanu/PPCC/apple/s201/n2/base	201	1
46ea62d53e09	kanu	PPCC/apple	2	3	base	activation	235887bc1e2c3a64	235887bc1e2c3a64d4bb916936b28f6ac2e5b4c0acd4effedc1e5f3fde44c259	lerobot_groot_n15	n15	lerobot_groot_n15__robocasa365_ckpt120000		0	Pick the apple from the counter and place it in the cabinet.	robocasa_panda_omron/PickPlaceCounterToCabinet_PandaOmron_Env	100192	1300003	0	1			5		1	all_token_full	groot_n15_dit_block_residual_full_tokens_denoise	"[""layer"",""denoise_step"",""model_token"",""feature_dim""]"	[7,4,49,1536]	[0,2,4,8,10,12,15]	n15_grid_v4_jitter	grid_coord	meta	meta_json	46ea62d53e09/kanu/PPCC/apple/s201/n3/base	201	1
46ea62d53e09	kanu	PPCC/apple	2	4	base	activation	ec26aaff43c6a3a5	ec26aaff43c6a3a56218fc242612caa4220614b22f95d67f08b4fe590fb67342	lerobot_groot_n15	n15	lerobot_groot_n15__robocasa365_ckpt120000		0	Pick the apple from the counter and place it in the cabinet.	robocasa_panda_omron/PickPlaceCounterToCabinet_PandaOmron_Env	100192	1300004	0	1			5		1	all_token_full	groot_n15_dit_block_residual_full_tokens_denoise	"[""layer"",""denoise_step"",""model_token"",""feature_dim""]"	[7,4,49,1536]	[0,2,4,8,10,12,15]	n15_grid_v4_jitter	grid_coord	meta	meta_json	46ea62d53e09/kanu/PPCC/apple/s201/n4/base	201	1
46ea62d53e09	kanu	PPCC/apple	2	0	base	activation	a857e123dccafba0	a857e123dccafba0bf2014a210fc08d7aab7dcc52050785d3bd61d0911a765ec	lerobot_groot_n15	n15	lerobot_groot_n15__robocasa365_ckpt120000		0	Pick the apple from the counter and place it in the cabinet.	robocasa_panda_omron/PickPlaceCounterToCabinet_PandaOmron_Env	100192	1300000	0	1			5		1	all_token_full	groot_n15_dit_block_residual_full_tokens_denoise	"[""layer"",""denoise_step"",""model_token"",""feature_dim""]"	[7,4,49,1536]	[0,2,4,8,10,12,15]	n15_grid_v4_jitter	grid_coord	meta	meta_json	46ea62d53e09/kanu/PPCC/apple/s202/n0/base	202	2
46ea62d53e09	kanu	PPCC/apple	2	1	base	activation	68ea20ec81bf4110	68ea20ec81bf411078829040f30b333740e325984d0234603928fc75b43641f9	lerobot_groot_n15	n15	lerobot_groot_n15__robocasa365_ckpt120000		0	Pick the apple from the counter and place it in the cabinet.	robocasa_panda_omron/PickPlaceCounterToCabinet_PandaOmron_Env	100192	1300001	0	1			5		1	all_token_full	groot_n15_dit_block_residual_full_tokens_denoise	"[""layer"",""denoise_step"",""model_token"",""feature_dim""]"	[7,4,49,1536]	[0,2,4,8,10,12,15]	n15_grid_v4_jitter	grid_coord	meta	meta_json	46ea62d53e09/kanu/PPCC/apple/s202/n1/base	202	2
46ea62d53e09	kanu	PPCC/apple	2	2	base	activation	d3e4a7b376f4e578	d3e4a7b376f4e5783bea188ebe5973773612339d216b0d292042699c97d93caf	lerobot_groot_n15	n15	lerobot_groot_n15__robocasa365_ckpt120000		0	Pick the apple from the counter and place it in the cabinet.	robocasa_panda_omron/PickPlaceCounterToCabinet_PandaOmron_Env	100192	1300002	0	1			5		1	all_token_full	groot_n15_dit_block_residual_full_tokens_denoise	"[""layer"",""denoise_step"",""model_token"",""feature_dim""]"	[7,4,49,1536]	[0,2,4,8,10,12,15]	n15_grid_v4_jitter	grid_coord	meta	meta_json	46ea62d53e09/kanu/PPCC/apple/s202/n2/base	202	2
46ea62d53e09	kanu	PPCC/apple	2	3	base	activation	686b6cdc3d6ec9ce	686b6cdc3d6ec9ce3054d3777c2c97548838d547bce0590eb4d67d2b5d607e94	lerobot_groot_n15	n15	lerobot_groot_n15__robocasa365_ckpt120000		0	Pick the apple from the counter and place it in the cabinet.	robocasa_panda_omron/PickPlaceCounterToCabinet_PandaOmron_Env	100192	1300003	0	1			5		1	all_token_full	groot_n15_dit_block_residual_full_tokens_denoise	"[""layer"",""denoise_step"",""model_token"",""feature_dim""]"	[7,4,49,1536]	[0,2,4,8,10,12,15]	n15_grid_v4_jitter	grid_coord	meta	meta_json	46ea62d53e09/kanu/PPCC/apple/s202/n3/base	202	2
46ea62d53e09	kanu	PPCC/apple	2	4	base	activation	9705ba6c460c2851	9705ba6c460c285135a565f10898ef95fd074c628cff0fabfd5f187da28e909c	lerobot_groot_n15	n15	lerobot_groot_n15__robocasa365_ckpt120000		0	Pick the apple from the counter and place it in the cabinet.	robocasa_panda_omron/PickPlaceCounterToCabinet_PandaOmron_Env	100192	1300004	0	1			5		1	all_token_full	groot_n15_dit_block_residual_full_tokens_denoise	"[""layer"",""denoise_step"",""model_token"",""feature_dim""]"	[7,4,49,1536]	[0,2,4,8,10,12,15]	n15_grid_v4_jitter	grid_coord	meta	meta_json	46ea62d53e09/kanu/PPCC/apple/s202/n4/base	202	2
46ea62d53e09	kanu	PPCC/apple	2	0	base	activation	2d7106a7e673f0f3	2d7106a7e673f0f30533abffa065773590e62baea71f11c63618326e7aaa8ad6	lerobot_groot_n15	n15	lerobot_groot_n15__robocasa365_ckpt120000		0	Pick the apple from the counter and place it in the cabinet.	robocasa_panda_omron/PickPlaceCounterToCabinet_PandaOmron_Env	100192	1300000	0	1			5		1	all_token_full	groot_n15_dit_block_residual_full_tokens_denoise	"[""layer"",""denoise_step"",""model_token"",""feature_dim""]"	[7,4,49,1536]	[0,2,4,8,10,12,15]	n15_grid_v4_jitter	grid_coord	meta	meta_json	46ea62d53e09/kanu/PPCC/apple/s203/n0/base	203	3
46ea62d53e09	kanu	PPCC/apple	2	1	base	activation	64d50e306ed8952c	64d50e306ed8952cc7bb552c034ae65daca1cb62dd9929dbdd84944a2a4ffb2b	lerobot_groot_n15	n15	lerobot_groot_n15__robocasa365_ckpt120000		0	Pick the apple from the counter and place it in the cabinet.	robocasa_panda_omron/PickPlaceCounterToCabinet_PandaOmron_Env	100192	1300001	0	1			5		1	all_token_full	groot_n15_dit_block_residual_full_tokens_denoise	"[""layer"",""denoise_step"",""model_token"",""feature_dim""]"	[7,4,49,1536]	[0,2,4,8,10,12,15]	n15_grid_v4_jitter	grid_coord	meta	meta_json	46ea62d53e09/kanu/PPCC/apple/s203/n1/base	203	3
46ea62d53e09	kanu	PPCC/apple	2	2	base	activation	2fcaa8ef178375c3	2fcaa8ef178375c3a192f33d2b6626d5134ff4b9404a6ce07f855e7f4eb4adba	lerobot_groot_n15	n15	lerobot_groot_n15__robocasa365_ckpt120000		0	Pick the apple from the counter and place it in the cabinet.	robocasa_panda_omron/PickPlaceCounterToCabinet_PandaOmron_Env	100192	1300002	0	1			5		1	all_token_full	groot_n15_dit_block_residual_full_tokens_denoise	"[""layer"",""denoise_step"",""model_token"",""feature_dim""]"	[7,4,49,1536]	[0,2,4,8,10,12,15]	n15_grid_v4_jitter	grid_coord	meta	meta_json	46ea62d53e09/kanu/PPCC/apple/s203/n2/base	203	3
46ea62d53e09	kanu	PPCC/apple	2	3	base	activation	316942609bbad8af	316942609bbad8af7c5132460ce383fd0c6cef935f0d859ada8b8bccca82553b	lerobot_groot_n15	n15	lerobot_groot_n15__robocasa365_ckpt120000		0	Pick the apple from the counter and place it in the cabinet.	robocasa_panda_omron/PickPlaceCounterToCabinet_PandaOmron_Env	100192	1300003	0	1			5		1	all_token_full	groot_n15_dit_block_residual_full_tokens_denoise	"[""layer"",""denoise_step"",""model_token"",""feature_dim""]"	[7,4,49,1536]	[0,2,4,8,10,12,15]	n15_grid_v4_jitter	grid_coord	meta	meta_json	46ea62d53e09/kanu/PPCC/apple/s203/n3/base	203	3
46ea62d53e09	kanu	PPCC/apple	2	4	base	activation	ecd19060de10d264	ecd19060de10d264d376db9b6db231fc06fe0c9945e81ccd363b29fefee9b48e	lerobot_groot_n15	n15	lerobot_groot_n15__robocasa365_ckpt120000		0	Pick the apple from the counter and place it in the cabinet.	robocasa_panda_omron/PickPlaceCounterToCabinet_PandaOmron_Env	100192	1300004	0	1			5		1	all_token_full	groot_n15_dit_block_residual_full_tokens_denoise	"[""layer"",""denoise_step"",""model_token"",""feature_dim""]"	[7,4,49,1536]	[0,2,4,8,10,12,15]	n15_grid_v4_jitter	grid_coord	meta	meta_json	46ea62d53e09/kanu/PPCC/apple/s203/n4/base	203	3
46ea62d53e09	kanu	PPCC/apple	0	0	base	activation	26d28d5192eb11ba	26d28d5192eb11ba444179560d71fadfe1a5413a8858c4535ae2a4f64763f7ff	lerobot_groot_n15	n15	lerobot_groot_n15__robocasa365_ckpt120000		0	Pick the apple from the counter and place it in the cabinet.	robocasa_panda_omron/PickPlaceCounterToCabinet_PandaOmron_Env	100025	1300000	0	1			5		1	all_token_full	groot_n15_dit_block_residual_full_tokens_denoise	"[""layer"",""denoise_step"",""model_token"",""feature_dim""]"	[7,4,49,1536]	[0,2,4,8,10,12,15]	n15_grid_v4_jitter	grid_coord	meta	meta_json	46ea62d53e09/kanu/PPCC/apple/s3/n0/base	3	3
46ea62d53e09	kanu	PPCC/apple	0	1	base	activation	dc8c7eee7d2b8594	dc8c7eee7d2b8594091266ac7c68d1cee1d29505cc75f2147638841071c8c3a6	lerobot_groot_n15	n15	lerobot_groot_n15__robocasa365_ckpt120000		0	Pick the apple from the counter and place it in the cabinet.	robocasa_panda_omron/PickPlaceCounterToCabinet_PandaOmron_Env	100025	1300001	0	1			5		1	all_token_full	groot_n15_dit_block_residual_full_tokens_denoise	"[""layer"",""denoise_step"",""model_token"",""feature_dim""]"	[7,4,49,1536]	[0,2,4,8,10,12,15]	n15_grid_v4_jitter	grid_coord	meta	meta_json	46ea62d53e09/kanu/PPCC/apple/s3/n1/base	3	3
46ea62d53e09	kanu	PPCC/apple	0	2	base	activation	dd3e380b975249d4	dd3e380b975249d474358e6688faed6fa72a5ceb719c9c384cc23c77dad29541	lerobot_groot_n15	n15	lerobot_groot_n15__robocasa365_ckpt120000		0	Pick the apple from the counter and place it in the cabinet.	robocasa_panda_omron/PickPlaceCounterToCabinet_PandaOmron_Env	100025	1300002	0	1			5		1	all_token_full	groot_n15_dit_block_residual_full_tokens_denoise	"[""layer"",""denoise_step"",""model_token"",""feature_dim""]"	[7,4,49,1536]	[0,2,4,8,10,12,15]	n15_grid_v4_jitter	grid_coord	meta	meta_json	46ea62d53e09/kanu/PPCC/apple/s3/n2/base	3	3
46ea62d53e09	kanu	PPCC/apple	0	3	base	activation	16a3a0bfd36354a8	16a3a0bfd36354a848059a00c6043864f3d65da64540450ef8dd24596ed562c2	lerobot_groot_n15	n15	lerobot_groot_n15__robocasa365_ckpt120000		0	Pick the apple from the counter and place it in the cabinet.	robocasa_panda_omron/PickPlaceCounterToCabinet_PandaOmron_Env	100025	1300003	0	1			5		1	all_token_full	groot_n15_dit_block_residual_full_tokens_denoise	"[""layer"",""denoise_step"",""model_token"",""feature_dim""]"	[7,4,49,1536]	[0,2,4,8,10,12,15]	n15_grid_v4_jitter	grid_coord	meta	meta_json	46ea62d53e09/kanu/PPCC/apple/s3/n3/base	3	3
46ea62d53e09	kanu	PPCC/apple	0	4	base	activation	7da29223f01fd5d6	7da29223f01fd5d62bc7012d10ef750266171ea9986a844a50f4090c87ba6172	lerobot_groot_n15	n15	lerobot_groot_n15__robocasa365_ckpt120000		0	Pick the apple from the counter and place it in the cabinet.	robocasa_panda_omron/PickPlaceCounterToCabinet_PandaOmron_Env	100025	1300004	0	1			5		1	all_token_full	groot_n15_dit_block_residual_full_tokens_denoise	"[""layer"",""denoise_step"",""model_token"",""feature_dim""]"	[7,4,49,1536]	[0,2,4,8,10,12,15]	n15_grid_v4_jitter	grid_coord	meta	meta_json	46ea62d53e09/kanu/PPCC/apple/s3/n4/base	3	3
46ea62d53e09	kanu	PPCC/apple	3	0	base	activation	6ce99c403ce0d7fc	6ce99c403ce0d7fcbccd3261a68fa57bc53f5c069867fc5a693bf4476bd19e76	lerobot_groot_n15	n15	lerobot_groot_n15__robocasa365_ckpt120000		0	Pick the apple from the counter and place it in the cabinet.	robocasa_panda_omron/PickPlaceCounterToCabinet_PandaOmron_Env	100195	1300000	0	1			5		1	all_token_full	groot_n15_dit_block_residual_full_tokens_denoise	"[""layer"",""denoise_step"",""model_token"",""feature_dim""]"	[7,4,49,1536]	[0,2,4,8,10,12,15]	n15_grid_v4_jitter	grid_coord	meta	meta_json	46ea62d53e09/kanu/PPCC/apple/s300/n0/base	300	0
46ea62d53e09	kanu	PPCC/apple	3	1	base	activation	51938a082d23836b	51938a082d23836b6b54243417301b749ac61668875a6fef09d68cea99fafdbd	lerobot_groot_n15	n15	lerobot_groot_n15__robocasa365_ckpt120000		0	Pick the apple from the counter and place it in the cabinet.	robocasa_panda_omron/PickPlaceCounterToCabinet_PandaOmron_Env	100195	1300001	0	1			5		1	all_token_full	groot_n15_dit_block_residual_full_tokens_denoise	"[""layer"",""denoise_step"",""model_token"",""feature_dim""]"	[7,4,49,1536]	[0,2,4,8,10,12,15]	n15_grid_v4_jitter	grid_coord	meta	meta_json	46ea62d53e09/kanu/PPCC/apple/s300/n1/base	300	0
46ea62d53e09	kanu	PPCC/apple	3	2	base	activation	0db3e811e3bf04bd	0db3e811e3bf04bd7a630cbcd445a55e164c6a1e8361f6470f8b61b53a6f8e77	lerobot_groot_n15	n15	lerobot_groot_n15__robocasa365_ckpt120000		0	Pick the apple from the counter and place it in the cabinet.	robocasa_panda_omron/PickPlaceCounterToCabinet_PandaOmron_Env	100195	1300002	0	1			5		1	all_token_full	groot_n15_dit_block_residual_full_tokens_denoise	"[""layer"",""denoise_step"",""model_token"",""feature_dim""]"	[7,4,49,1536]	[0,2,4,8,10,12,15]	n15_grid_v4_jitter	grid_coord	meta	meta_json	46ea62d53e09/kanu/PPCC/apple/s300/n2/base	300	0
46ea62d53e09	kanu	PPCC/apple	3	3	base	activation	22a813a372ef5b4f	22a813a372ef5b4f64f03c70496b2d9ec20c38723be6ad06c1fa12ab13d37254	lerobot_groot_n15	n15	lerobot_groot_n15__robocasa365_ckpt120000		0	Pick the apple from the counter and place it in the cabinet.	robocasa_panda_omron/PickPlaceCounterToCabinet_PandaOmron_Env	100195	1300003	0	1			5		1	all_token_full	groot_n15_dit_block_residual_full_tokens_denoise	"[""layer"",""denoise_step"",""model_token"",""feature_dim""]"	[7,4,49,1536]	[0,2,4,8,10,12,15]	n15_grid_v4_jitter	grid_coord	meta	meta_json	46ea62d53e09/kanu/PPCC/apple/s300/n3/base	300	0
46ea62d53e09	kanu	PPCC/apple	3	4	base	activation	273736250a41bae5	273736250a41bae5b9952d8e04516566c0741f16ecd616fe5f2ef4f380c55c3a	lerobot_groot_n15	n15	lerobot_groot_n15__robocasa365_ckpt120000		0	Pick the apple from the counter and place it in the cabinet.	robocasa_panda_omron/PickPlaceCounterToCabinet_PandaOmron_Env	100195	1300004	0	1			5		1	all_token_full	groot_n15_dit_block_residual_full_tokens_denoise	"[""layer"",""denoise_step"",""model_token"",""feature_dim""]"	[7,4,49,1536]	[0,2,4,8,10,12,15]	n15_grid_v4_jitter	grid_coord	meta	meta_json	46ea62d53e09/kanu/PPCC/apple/s300/n4/base	300	0
46ea62d53e09	kanu	PPCC/apple	3	0	base	activation	3ddae2ae33f84553	3ddae2ae33f8455396dd214c1b76cf70a9f55fdde5ef1fe9bd6ac6b46f69f636	lerobot_groot_n15	n15	lerobot_groot_n15__robocasa365_ckpt120000		0	Pick the apple from the counter and place it in the cabinet.	robocasa_panda_omron/PickPlaceCounterToCabinet_PandaOmron_Env	100195	1300000	0	1			5		1	all_token_full	groot_n15_dit_block_residual_full_tokens_denoise	"[""layer"",""denoise_step"",""model_token"",""feature_dim""]"	[7,4,49,1536]	[0,2,4,8,10,12,15]	n15_grid_v4_jitter	grid_coord	meta	meta_json	46ea62d53e09/kanu/PPCC/apple/s301/n0/base	301	1
46ea62d53e09	kanu	PPCC/apple	3	1	base	activation	1493f65f8d3a2150	1493f65f8d3a2150379016027c40f3e22dc077d7ee82ec38b18ee4ba7b76e092	lerobot_groot_n15	n15	lerobot_groot_n15__robocasa365_ckpt120000		0	Pick the apple from the counter and place it in the cabinet.	robocasa_panda_omron/PickPlaceCounterToCabinet_PandaOmron_Env	100195	1300001	0	1			5		1	all_token_full	groot_n15_dit_block_residual_full_tokens_denoise	"[""layer"",""denoise_step"",""model_token"",""feature_dim""]"	[7,4,49,1536]	[0,2,4,8,10,12,15]	n15_grid_v4_jitter	grid_coord	meta	meta_json	46ea62d53e09/kanu/PPCC/apple/s301/n1/base	301	1
46ea62d53e09	kanu	PPCC/apple	3	2	base	activation	aff953ee2bbac07e	aff953ee2bbac07efa256bda93c9c245939cd1b07494ca4080c8c8952826d249	lerobot_groot_n15	n15	lerobot_groot_n15__robocasa365_ckpt120000		0	Pick the apple from the counter and place it in the cabinet.	robocasa_panda_omron/PickPlaceCounterToCabinet_PandaOmron_Env	100195	1300002	0	1			5		1	all_token_full	groot_n15_dit_block_residual_full_tokens_denoise	"[""layer"",""denoise_step"",""model_token"",""feature_dim""]"	[7,4,49,1536]	[0,2,4,8,10,12,15]	n15_grid_v4_jitter	grid_coord	meta	meta_json	46ea62d53e09/kanu/PPCC/apple/s301/n2/base	301	1
46ea62d53e09	kanu	PPCC/apple	3	3	base	activation	aaeda7ed82113175	aaeda7ed821131751a5c378fddc55042881f16367c06bd4c286ce359628e4b12	lerobot_groot_n15	n15	lerobot_groot_n15__robocasa365_ckpt120000		0	Pick the apple from the counter and place it in the cabinet.	robocasa_panda_omron/PickPlaceCounterToCabinet_PandaOmron_Env	100195	1300003	0	1			5		1	all_token_full	groot_n15_dit_block_residual_full_tokens_denoise	"[""layer"",""denoise_step"",""model_token"",""feature_dim""]"	[7,4,49,1536]	[0,2,4,8,10,12,15]	n15_grid_v4_jitter	grid_coord	meta	meta_json	46ea62d53e09/kanu/PPCC/apple/s301/n3/base	301	1
46ea62d53e09	kanu	PPCC/apple	3	4	base	activation	21126ad902192a32	21126ad902192a32aec5a611eee936cc2f1385a791500c36c7df4cefaf943d37	lerobot_groot_n15	n15	lerobot_groot_n15__robocasa365_ckpt120000		0	Pick the apple from the counter and place it in the cabinet.	robocasa_panda_omron/PickPlaceCounterToCabinet_PandaOmron_Env	100195	1300004	0	1			5		1	all_token_full	groot_n15_dit_block_residual_full_tokens_denoise	"[""layer"",""denoise_step"",""model_token"",""feature_dim""]"	[7,4,49,1536]	[0,2,4,8,10,12,15]	n15_grid_v4_jitter	grid_coord	meta	meta_json	46ea62d53e09/kanu/PPCC/apple/s301/n4/base	301	1
46ea62d53e09	kanu	PPCC/apple	3	0	base	activation	cdd8a0de647d70f5	cdd8a0de647d70f5dd0b7eb17adaa08b1d488224b3b68742bb2773641716e0ed	lerobot_groot_n15	n15	lerobot_groot_n15__robocasa365_ckpt120000		0	Pick the apple from the counter and place it in the cabinet.	robocasa_panda_omron/PickPlaceCounterToCabinet_PandaOmron_Env	100195	1300000	0	1			5		1	all_token_full	groot_n15_dit_block_residual_full_tokens_denoise	"[""layer"",""denoise_step"",""model_token"",""feature_dim""]"	[7,4,49,1536]	[0,2,4,8,10,12,15]	n15_grid_v4_jitter	grid_coord	meta	meta_json	46ea62d53e09/kanu/PPCC/apple/s302/n0/base	302	2
46ea62d53e09	kanu	PPCC/apple	3	1	base	activation	7ee060affc2f73fc	7ee060affc2f73fc332693384e7c933c7a5eee26259c26473301e5926c035687	lerobot_groot_n15	n15	lerobot_groot_n15__robocasa365_ckpt120000		0	Pick the apple from the counter and place it in the cabinet.	robocasa_panda_omron/PickPlaceCounterToCabinet_PandaOmron_Env	100195	1300001	0	1			5		1	all_token_full	groot_n15_dit_block_residual_full_tokens_denoise	"[""layer"",""denoise_step"",""model_token"",""feature_dim""]"	[7,4,49,1536]	[0,2,4,8,10,12,15]	n15_grid_v4_jitter	grid_coord	meta	meta_json	46ea62d53e09/kanu/PPCC/apple/s302/n1/base	302	2
46ea62d53e09	kanu	PPCC/apple	3	2	base	activation	8f204a8d522d16b7	8f204a8d522d16b73f7dffd9be867e868bb41af0cff165f8b9e777de4fe2b7b0	lerobot_groot_n15	n15	lerobot_groot_n15__robocasa365_ckpt120000		0	Pick the apple from the counter and place it in the cabinet.	robocasa_panda_omron/PickPlaceCounterToCabinet_PandaOmron_Env	100195	1300002	0	1			5		1	all_token_full	groot_n15_dit_block_residual_full_tokens_denoise	"[""layer"",""denoise_step"",""model_token"",""feature_dim""]"	[7,4,49,1536]	[0,2,4,8,10,12,15]	n15_grid_v4_jitter	grid_coord	meta	meta_json	46ea62d53e09/kanu/PPCC/apple/s302/n2/base	302	2
46ea62d53e09	kanu	PPCC/apple	3	3	base	activation	9d7e22c89b038d63	9d7e22c89b038d633ac13251b76118fc6fdbcaadd5a0a2eda68e663ba4d5970e	lerobot_groot_n15	n15	lerobot_groot_n15__robocasa365_ckpt120000		0	Pick the apple from the counter and place it in the cabinet.	robocasa_panda_omron/PickPlaceCounterToCabinet_PandaOmron_Env	100195	1300003	0	1			5		1	all_token_full	groot_n15_dit_block_residual_full_tokens_denoise	"[""layer"",""denoise_step"",""model_token"",""feature_dim""]"	[7,4,49,1536]	[0,2,4,8,10,12,15]	n15_grid_v4_jitter	grid_coord	meta	meta_json	46ea62d53e09/kanu/PPCC/apple/s302/n3/base	302	2
46ea62d53e09	kanu	PPCC/apple	3	4	base	activation	bba79e8446fe32d8	bba79e8446fe32d8bc89d7d8846a1753143d3db8d91675d9ff02e1a734be2b76	lerobot_groot_n15	n15	lerobot_groot_n15__robocasa365_ckpt120000		0	Pick the apple from the counter and place it in the cabinet.	robocasa_panda_omron/PickPlaceCounterToCabinet_PandaOmron_Env	100195	1300004	0	1			5		1	all_token_full	groot_n15_dit_block_residual_full_tokens_denoise	"[""layer"",""denoise_step"",""model_token"",""feature_dim""]"	[7,4,49,1536]	[0,2,4,8,10,12,15]	n15_grid_v4_jitter	grid_coord	meta	meta_json	46ea62d53e09/kanu/PPCC/apple/s302/n4/base	302	2
46ea62d53e09	kanu	PPCC/apple	3	0	base	activation	d4691206adea259a	d4691206adea259a7bc1dc7146cd174558f3fd3464f0ed301e42945ef6d92f79	lerobot_groot_n15	n15	lerobot_groot_n15__robocasa365_ckpt120000		0	Pick the apple from the counter and place it in the cabinet.	robocasa_panda_omron/PickPlaceCounterToCabinet_PandaOmron_Env	100195	1300000	0	1			5		1	all_token_full	groot_n15_dit_block_residual_full_tokens_denoise	"[""layer"",""denoise_step"",""model_token"",""feature_dim""]"	[7,4,49,1536]	[0,2,4,8,10,12,15]	n15_grid_v4_jitter	grid_coord	meta	meta_json	46ea62d53e09/kanu/PPCC/apple/s303/n0/base	303	3
46ea62d53e09	kanu	PPCC/apple	3	1	base	activation	d947630e2c4b6727	d947630e2c4b672769f09a212ab05fde0c04128770bf0807732841bbfead6844	lerobot_groot_n15	n15	lerobot_groot_n15__robocasa365_ckpt120000		0	Pick the apple from the counter and place it in the cabinet.	robocasa_panda_omron/PickPlaceCounterToCabinet_PandaOmron_Env	100195	1300001	0	1			5		1	all_token_full	groot_n15_dit_block_residual_full_tokens_denoise	"[""layer"",""denoise_step"",""model_token"",""feature_dim""]"	[7,4,49,1536]	[0,2,4,8,10,12,15]	n15_grid_v4_jitter	grid_coord	meta	meta_json	46ea62d53e09/kanu/PPCC/apple/s303/n1/base	303	3
46ea62d53e09	kanu	PPCC/apple	3	2	base	activation	caee272468366418	caee272468366418cfeb863903727aa4f069167ccd4a72f75dcd042ed62e9317	lerobot_groot_n15	n15	lerobot_groot_n15__robocasa365_ckpt120000		0	Pick the apple from the counter and place it in the cabinet.	robocasa_panda_omron/PickPlaceCounterToCabinet_PandaOmron_Env	100195	1300002	0	1			5		1	all_token_full	groot_n15_dit_block_residual_full_tokens_denoise	"[""layer"",""denoise_step"",""model_token"",""feature_dim""]"	[7,4,49,1536]	[0,2,4,8,10,12,15]	n15_grid_v4_jitter	grid_coord	meta	meta_json	46ea62d53e09/kanu/PPCC/apple/s303/n2/base	303	3
46ea62d53e09	kanu	PPCC/apple	3	3	base	activation	fcf452037009b536	fcf452037009b53689da6b9c8a98dde286c8569d9aef6770e96cabbec2f832e8	lerobot_groot_n15	n15	lerobot_groot_n15__robocasa365_ckpt120000		0	Pick the apple from the counter and place it in the cabinet.	robocasa_panda_omron/PickPlaceCounterToCabinet_PandaOmron_Env	100195	1300003	0	1			5		1	all_token_full	groot_n15_dit_block_residual_full_tokens_denoise	"[""layer"",""denoise_step"",""model_token"",""feature_dim""]"	[7,4,49,1536]	[0,2,4,8,10,12,15]	n15_grid_v4_jitter	grid_coord	meta	meta_json	46ea62d53e09/kanu/PPCC/apple/s303/n3/base	303	3
46ea62d53e09	kanu	PPCC/apple	3	4	base	activation	873e991ae19fd39c	873e991ae19fd39c5ddb10cd0f5b0576632185bb8e7d51c889b69a11a67c1407	lerobot_groot_n15	n15	lerobot_groot_n15__robocasa365_ckpt120000		0	Pick the apple from the counter and place it in the cabinet.	robocasa_panda_omron/PickPlaceCounterToCabinet_PandaOmron_Env	100195	1300004	0	1			5		1	all_token_full	groot_n15_dit_block_residual_full_tokens_denoise	"[""layer"",""denoise_step"",""model_token"",""feature_dim""]"	[7,4,49,1536]	[0,2,4,8,10,12,15]	n15_grid_v4_jitter	grid_coord	meta	meta_json	46ea62d53e09/kanu/PPCC/apple/s303/n4/base	303	3
46ea62d53e09	kanu	PPCC/apple	4	0	base	activation	999afd8a09e7a554	999afd8a09e7a554277306734b73e6a248b234f22c967e663fb15d51dd9be1fc	lerobot_groot_n15	n15	lerobot_groot_n15__robocasa365_ckpt120000		0	Pick the apple from the counter and place it in the cabinet.	robocasa_panda_omron/PickPlaceCounterToCabinet_PandaOmron_Env	100243	1300000	0	1			5		1	all_token_full	groot_n15_dit_block_residual_full_tokens_denoise	"[""layer"",""denoise_step"",""model_token"",""feature_dim""]"	[7,4,49,1536]	[0,2,4,8,10,12,15]	n15_grid_v4_jitter	grid_coord	meta	meta_json	46ea62d53e09/kanu/PPCC/apple/s400/n0/base	400	0
46ea62d53e09	kanu	PPCC/apple	4	1	base	activation	e6372dbfc775e984	e6372dbfc775e9847809d13ca16aa8b60096c9313cfb4a9c208cb46a18bec884	lerobot_groot_n15	n15	lerobot_groot_n15__robocasa365_ckpt120000		0	Pick the apple from the counter and place it in the cabinet.	robocasa_panda_omron/PickPlaceCounterToCabinet_PandaOmron_Env	100243	1300001	0	1			5		1	all_token_full	groot_n15_dit_block_residual_full_tokens_denoise	"[""layer"",""denoise_step"",""model_token"",""feature_dim""]"	[7,4,49,1536]	[0,2,4,8,10,12,15]	n15_grid_v4_jitter	grid_coord	meta	meta_json	46ea62d53e09/kanu/PPCC/apple/s400/n1/base	400	0
46ea62d53e09	kanu	PPCC/apple	4	2	base	activation	567189ff2023f77c	567189ff2023f77cecc90485fda20f816b13dd1fa019de587e1e523ea521034d	lerobot_groot_n15	n15	lerobot_groot_n15__robocasa365_ckpt120000		0	Pick the apple from the counter and place it in the cabinet.	robocasa_panda_omron/PickPlaceCounterToCabinet_PandaOmron_Env	100243	1300002	0	1			5		1	all_token_full	groot_n15_dit_block_residual_full_tokens_denoise	"[""layer"",""denoise_step"",""model_token"",""feature_dim""]"	[7,4,49,1536]	[0,2,4,8,10,12,15]	n15_grid_v4_jitter	grid_coord	meta	meta_json	46ea62d53e09/kanu/PPCC/apple/s400/n2/base	400	0
46ea62d53e09	kanu	PPCC/apple	4	3	base	activation	161e2318816c02af	161e2318816c02afb367a23d7004a9a02aa7e637e1edc92fa67a7d94e26e1d89	lerobot_groot_n15	n15	lerobot_groot_n15__robocasa365_ckpt120000		0	Pick the apple from the counter and place it in the cabinet.	robocasa_panda_omron/PickPlaceCounterToCabinet_PandaOmron_Env	100243	1300003	0	1			5		1	all_token_full	groot_n15_dit_block_residual_full_tokens_denoise	"[""layer"",""denoise_step"",""model_token"",""feature_dim""]"	[7,4,49,1536]	[0,2,4,8,10,12,15]	n15_grid_v4_jitter	grid_coord	meta	meta_json	46ea62d53e09/kanu/PPCC/apple/s400/n3/base	400	0
46ea62d53e09	kanu	PPCC/apple	4	4	base	activation	23e0305516a93ca0	23e0305516a93ca0ecc371e822bd51c68424203c97c5bee539657f37541b3d13	lerobot_groot_n15	n15	lerobot_groot_n15__robocasa365_ckpt120000		0	Pick the apple from the counter and place it in the cabinet.	robocasa_panda_omron/PickPlaceCounterToCabinet_PandaOmron_Env	100243	1300004	0	1			5		1	all_token_full	groot_n15_dit_block_residual_full_tokens_denoise	"[""layer"",""denoise_step"",""model_token"",""feature_dim""]"	[7,4,49,1536]	[0,2,4,8,10,12,15]	n15_grid_v4_jitter	grid_coord	meta	meta_json	46ea62d53e09/kanu/PPCC/apple/s400/n4/base	400	0
46ea62d53e09	kanu	PPCC/apple	4	0	base	activation	a49a18a84f54dc7c	a49a18a84f54dc7c03f9c27e45fc4e0da75c62bff9209309af7329adc7c53a33	lerobot_groot_n15	n15	lerobot_groot_n15__robocasa365_ckpt120000		0	Pick the apple from the counter and place it in the cabinet.	robocasa_panda_omron/PickPlaceCounterToCabinet_PandaOmron_Env	100243	1300000	0	1			5		1	all_token_full	groot_n15_dit_block_residual_full_tokens_denoise	"[""layer"",""denoise_step"",""model_token"",""feature_dim""]"	[7,4,49,1536]	[0,2,4,8,10,12,15]	n15_grid_v4_jitter	grid_coord	meta	meta_json	46ea62d53e09/kanu/PPCC/apple/s401/n0/base	401	1
46ea62d53e09	kanu	PPCC/apple	4	1	base	activation	6144bead36d668f5	6144bead36d668f5012cb9f219a2c6e7155c7e9d2ef1862879aacb7c642a6057	lerobot_groot_n15	n15	lerobot_groot_n15__robocasa365_ckpt120000		0	Pick the apple from the counter and place it in the cabinet.	robocasa_panda_omron/PickPlaceCounterToCabinet_PandaOmron_Env	100243	1300001	0	1			5		1	all_token_full	groot_n15_dit_block_residual_full_tokens_denoise	"[""layer"",""denoise_step"",""model_token"",""feature_dim""]"	[7,4,49,1536]	[0,2,4,8,10,12,15]	n15_grid_v4_jitter	grid_coord	meta	meta_json	46ea62d53e09/kanu/PPCC/apple/s401/n1/base	401	1
46ea62d53e09	kanu	PPCC/apple	4	2	base	activation	89cc0d26a330e870	89cc0d26a330e870e34202563e2e25d490dea31d69504fe1867f7f04500ef31c	lerobot_groot_n15	n15	lerobot_groot_n15__robocasa365_ckpt120000		0	Pick the apple from the counter and place it in the cabinet.	robocasa_panda_omron/PickPlaceCounterToCabinet_PandaOmron_Env	100243	1300002	0	1			5		1	all_token_full	groot_n15_dit_block_residual_full_tokens_denoise	"[""layer"",""denoise_step"",""model_token"",""feature_dim""]"	[7,4,49,1536]	[0,2,4,8,10,12,15]	n15_grid_v4_jitter	grid_coord	meta	meta_json	46ea62d53e09/kanu/PPCC/apple/s401/n2/base	401	1
46ea62d53e09	kanu	PPCC/apple	4	3	base	activation	da8266c27bdfe3bb	da8266c27bdfe3bb4f716c45b5aa2d00fbffeae83e53376ccc529cb3f2c43be2	lerobot_groot_n15	n15	lerobot_groot_n15__robocasa365_ckpt120000		0	Pick the apple from the counter and place it in the cabinet.	robocasa_panda_omron/PickPlaceCounterToCabinet_PandaOmron_Env	100243	1300003	0	1			5		1	all_token_full	groot_n15_dit_block_residual_full_tokens_denoise	"[""layer"",""denoise_step"",""model_token"",""feature_dim""]"	[7,4,49,1536]	[0,2,4,8,10,12,15]	n15_grid_v4_jitter	grid_coord	meta	meta_json	46ea62d53e09/kanu/PPCC/apple/s401/n3/base	401	1
46ea62d53e09	kanu	PPCC/apple	4	4	base	activation	4ac3f93f361c44b4	4ac3f93f361c44b46995e50a866ddcbdc8217e6bc1fa85829cc7512557146fbb	lerobot_groot_n15	n15	lerobot_groot_n15__robocasa365_ckpt120000		0	Pick the apple from the counter and place it in the cabinet.	robocasa_panda_omron/PickPlaceCounterToCabinet_PandaOmron_Env	100243	1300004	0	1			5		1	all_token_full	groot_n15_dit_block_residual_full_tokens_denoise	"[""layer"",""denoise_step"",""model_token"",""feature_dim""]"	[7,4,49,1536]	[0,2,4,8,10,12,15]	n15_grid_v4_jitter	grid_coord	meta	meta_json	46ea62d53e09/kanu/PPCC/apple/s401/n4/base	401	1
46ea62d53e09	kanu	PPCC/apple	4	0	base	activation	a3bb5bd6336bebcc	a3bb5bd6336bebccd16f758d327550750d3f1d9715704b6b5b493d10e7100961	lerobot_groot_n15	n15	lerobot_groot_n15__robocasa365_ckpt120000		0	Pick the apple from the counter and place it in the cabinet.	robocasa_panda_omron/PickPlaceCounterToCabinet_PandaOmron_Env	100243	1300000	0	1			5		1	all_token_full	groot_n15_dit_block_residual_full_tokens_denoise	"[""layer"",""denoise_step"",""model_token"",""feature_dim""]"	[7,4,49,1536]	[0,2,4,8,10,12,15]	n15_grid_v4_jitter	grid_coord	meta	meta_json	46ea62d53e09/kanu/PPCC/apple/s402/n0/base	402	2
46ea62d53e09	kanu	PPCC/apple	4	1	base	activation	285d925503755e33	285d925503755e334b3972a83d54a7b48315bb21abf222aa750c08a4b0997def	lerobot_groot_n15	n15	lerobot_groot_n15__robocasa365_ckpt120000		0	Pick the apple from the counter and place it in the cabinet.	robocasa_panda_omron/PickPlaceCounterToCabinet_PandaOmron_Env	100243	1300001	0	1			5		1	all_token_full	groot_n15_dit_block_residual_full_tokens_denoise	"[""layer"",""denoise_step"",""model_token"",""feature_dim""]"	[7,4,49,1536]	[0,2,4,8,10,12,15]	n15_grid_v4_jitter	grid_coord	meta	meta_json	46ea62d53e09/kanu/PPCC/apple/s402/n1/base	402	2
46ea62d53e09	kanu	PPCC/apple	4	2	base	activation	6184461ef863be39	6184461ef863be39790cf129d40c42c3b13252ab447659c98db81f94b89a39c5	lerobot_groot_n15	n15	lerobot_groot_n15__robocasa365_ckpt120000		0	Pick the apple from the counter and place it in the cabinet.	robocasa_panda_omron/PickPlaceCounterToCabinet_PandaOmron_Env	100243	1300002	0	1			5		1	all_token_full	groot_n15_dit_block_residual_full_tokens_denoise	"[""layer"",""denoise_step"",""model_token"",""feature_dim""]"	[7,4,49,1536]	[0,2,4,8,10,12,15]	n15_grid_v4_jitter	grid_coord	meta	meta_json	46ea62d53e09/kanu/PPCC/apple/s402/n2/base	402	2
46ea62d53e09	kanu	PPCC/apple	4	3	base	activation	add1e40aa04edc30	add1e40aa04edc3041fd1b7a4598fc437906fd553912205f2d13d2825b08f339	lerobot_groot_n15	n15	lerobot_groot_n15__robocasa365_ckpt120000		0	Pick the apple from the counter and place it in the cabinet.	robocasa_panda_omron/PickPlaceCounterToCabinet_PandaOmron_Env	100243	1300003	0	1			5		1	all_token_full	groot_n15_dit_block_residual_full_tokens_denoise	"[""layer"",""denoise_step"",""model_token"",""feature_dim""]"	[7,4,49,1536]	[0,2,4,8,10,12,15]	n15_grid_v4_jitter	grid_coord	meta	meta_json	46ea62d53e09/kanu/PPCC/apple/s402/n3/base	402	2
46ea62d53e09	kanu	PPCC/apple	4	4	base	activation	2407f9d45399e07a	2407f9d45399e07a477a1b047b80ac2f50f0065a399f2630053b0b96ec5aefd4	lerobot_groot_n15	n15	lerobot_groot_n15__robocasa365_ckpt120000		0	Pick the apple from the counter and place it in the cabinet.	robocasa_panda_omron/PickPlaceCounterToCabinet_PandaOmron_Env	100243	1300004	0	1			5		1	all_token_full	groot_n15_dit_block_residual_full_tokens_denoise	"[""layer"",""denoise_step"",""model_token"",""feature_dim""]"	[7,4,49,1536]	[0,2,4,8,10,12,15]	n15_grid_v4_jitter	grid_coord	meta	meta_json	46ea62d53e09/kanu/PPCC/apple/s402/n4/base	402	2
46ea62d53e09	kanu	PPCC/apple	4	0	base	activation	025d670f1cec91d7	025d670f1cec91d7d910d2c2417bc836ef470b6acfb90e90c40b4b5ce9b045d5	lerobot_groot_n15	n15	lerobot_groot_n15__robocasa365_ckpt120000		0	Pick the apple from the counter and place it in the cabinet.	robocasa_panda_omron/PickPlaceCounterToCabinet_PandaOmron_Env	100243	1300000	0	1			5		1	all_token_full	groot_n15_dit_block_residual_full_tokens_denoise	"[""layer"",""denoise_step"",""model_token"",""feature_dim""]"	[7,4,49,1536]	[0,2,4,8,10,12,15]	n15_grid_v4_jitter	grid_coord	meta	meta_json	46ea62d53e09/kanu/PPCC/apple/s403/n0/base	403	3
46ea62d53e09	kanu	PPCC/apple	4	1	base	activation	7b4548ad5254b571	7b4548ad5254b57100f1040ff654f32f9f6f3897aa9ccf0eb9a2ae3db53f04a3	lerobot_groot_n15	n15	lerobot_groot_n15__robocasa365_ckpt120000		0	Pick the apple from the counter and place it in the cabinet.	robocasa_panda_omron/PickPlaceCounterToCabinet_PandaOmron_Env	100243	1300001	0	1			5		1	all_token_full	groot_n15_dit_block_residual_full_tokens_denoise	"[""layer"",""denoise_step"",""model_token"",""feature_dim""]"	[7,4,49,1536]	[0,2,4,8,10,12,15]	n15_grid_v4_jitter	grid_coord	meta	meta_json	46ea62d53e09/kanu/PPCC/apple/s403/n1/base	403	3
46ea62d53e09	kanu	PPCC/apple	4	2	base	activation	a15f0e97103ba27d	a15f0e97103ba27ddd96fc9b0fc9794dbdde09b6140388aef424cc332f5d76ed	lerobot_groot_n15	n15	lerobot_groot_n15__robocasa365_ckpt120000		0	Pick the apple from the counter and place it in the cabinet.	robocasa_panda_omron/PickPlaceCounterToCabinet_PandaOmron_Env	100243	1300002	0	1			5		1	all_token_full	groot_n15_dit_block_residual_full_tokens_denoise	"[""layer"",""denoise_step"",""model_token"",""feature_dim""]"	[7,4,49,1536]	[0,2,4,8,10,12,15]	n15_grid_v4_jitter	grid_coord	meta	meta_json	46ea62d53e09/kanu/PPCC/apple/s403/n2/base	403	3
46ea62d53e09	kanu	PPCC/apple	4	3	base	activation	4e31fd100ad0a83a	4e31fd100ad0a83aa82194d77bd93b8f45c04b7c51d4d907499779bf53200ec6	lerobot_groot_n15	n15	lerobot_groot_n15__robocasa365_ckpt120000		0	Pick the apple from the counter and place it in the cabinet.	robocasa_panda_omron/PickPlaceCounterToCabinet_PandaOmron_Env	100243	1300003	0	1			5		1	all_token_full	groot_n15_dit_block_residual_full_tokens_denoise	"[""layer"",""denoise_step"",""model_token"",""feature_dim""]"	[7,4,49,1536]	[0,2,4,8,10,12,15]	n15_grid_v4_jitter	grid_coord	meta	meta_json	46ea62d53e09/kanu/PPCC/apple/s403/n3/base	403	3
46ea62d53e09	kanu	PPCC/apple	4	4	base	activation	11c130d5f34ec45a	11c130d5f34ec45a466d081e55b94bb866647c1d2c3b5411c72ab83dd0647607	lerobot_groot_n15	n15	lerobot_groot_n15__robocasa365_ckpt120000		0	Pick the apple from the counter and place it in the cabinet.	robocasa_panda_omron/PickPlaceCounterToCabinet_PandaOmron_Env	100243	1300004	0	1			5		1	all_token_full	groot_n15_dit_block_residual_full_tokens_denoise	"[""layer"",""denoise_step"",""model_token"",""feature_dim""]"	[7,4,49,1536]	[0,2,4,8,10,12,15]	n15_grid_v4_jitter	grid_coord	meta	meta_json	46ea62d53e09/kanu/PPCC/apple/s403/n4/base	403	3
46ea62d53e09	kanu	PPCC/bread	0	0	base	activation	29865df56899f31e	29865df56899f31e6ee54c9e40ace8841f3f13a261777e5e3e37b9f37b4f470d	lerobot_groot_n15	n15	lerobot_groot_n15__robocasa365_ckpt120000		0	Pick the bread from the counter and place it in the cabinet.	robocasa_panda_omron/PickPlaceCounterToCabinet_PandaOmron_Env	100084	1300000	0	0			5		1	all_token_full	groot_n15_dit_block_residual_full_tokens_denoise	"[""layer"",""denoise_step"",""model_token"",""feature_dim""]"	[7,4,49,1536]	[0,2,4,8,10,12,15]	n15_grid_v4_jitter	grid_coord	meta	meta_json	46ea62d53e09/kanu/PPCC/bread/s0/n0/base	0	0
46ea62d53e09	kanu	PPCC/bread	0	1	base	activation	6b7921ad5a6cda08	6b7921ad5a6cda08a2c6734b42046f75cf0693799f3a16342644b5cf8863ed38	lerobot_groot_n15	n15	lerobot_groot_n15__robocasa365_ckpt120000		0	Pick the bread from the counter and place it in the cabinet.	robocasa_panda_omron/PickPlaceCounterToCabinet_PandaOmron_Env	100084	1300001	0	0			5		1	all_token_full	groot_n15_dit_block_residual_full_tokens_denoise	"[""layer"",""denoise_step"",""model_token"",""feature_dim""]"	[7,4,49,1536]	[0,2,4,8,10,12,15]	n15_grid_v4_jitter	grid_coord	meta	meta_json	46ea62d53e09/kanu/PPCC/bread/s0/n1/base	0	0
46ea62d53e09	kanu	PPCC/bread	0	2	base	activation	24c64fc8b6f82414	24c64fc8b6f824142013e10a68f65c1574b6258547c384d67942b49ff1063eef	lerobot_groot_n15	n15	lerobot_groot_n15__robocasa365_ckpt120000		0	Pick the bread from the counter and place it in the cabinet.	robocasa_panda_omron/PickPlaceCounterToCabinet_PandaOmron_Env	100084	1300002	0	1			5		1	all_token_full	groot_n15_dit_block_residual_full_tokens_denoise	"[""layer"",""denoise_step"",""model_token"",""feature_dim""]"	[7,4,49,1536]	[0,2,4,8,10,12,15]	n15_grid_v4_jitter	grid_coord	meta	meta_json	46ea62d53e09/kanu/PPCC/bread/s0/n2/base	0	0
46ea62d53e09	kanu	PPCC/bread	0	3	base	activation	85e55c74a68dfec8	85e55c74a68dfec8f3713fd944513d6b4c469da8b41dcde562d8136943b22d29	lerobot_groot_n15	n15	lerobot_groot_n15__robocasa365_ckpt120000		0	Pick the bread from the counter and place it in the cabinet.	robocasa_panda_omron/PickPlaceCounterToCabinet_PandaOmron_Env	100084	1300003	0	1			5		1	all_token_full	groot_n15_dit_block_residual_full_tokens_denoise	"[""layer"",""denoise_step"",""model_token"",""feature_dim""]"	[7,4,49,1536]	[0,2,4,8,10,12,15]	n15_grid_v4_jitter	grid_coord	meta	meta_json	46ea62d53e09/kanu/PPCC/bread/s0/n3/base	0	0
46ea62d53e09	kanu	PPCC/bread	0	4	base	activation	29df3716f50ace7b	29df3716f50ace7bd98d4cd568cac6ade8a075d13734be50bc71c2f7f9690599	lerobot_groot_n15	n15	lerobot_groot_n15__robocasa365_ckpt120000		0	Pick the bread from the counter and place it in the cabinet.	robocasa_panda_omron/PickPlaceCounterToCabinet_PandaOmron_Env	100084	1300004	0	1			5		1	all_token_full	groot_n15_dit_block_residual_full_tokens_denoise	"[""layer"",""denoise_step"",""model_token"",""feature_dim""]"	[7,4,49,1536]	[0,2,4,8,10,12,15]	n15_grid_v4_jitter	grid_coord	meta	meta_json	46ea62d53e09/kanu/PPCC/bread/s0/n4/base	0	0
46ea62d53e09	kanu	PPCC/bread	0	0	base	activation	d98e05fd333b241e	d98e05fd333b241ec11345721ceea89ef404c10a28d07258d96307f6777cc987	lerobot_groot_n15	n15	lerobot_groot_n15__robocasa365_ckpt120000		0	Pick the bread from the counter and place it in the cabinet.	robocasa_panda_omron/PickPlaceCounterToCabinet_PandaOmron_Env	100084	1300000	0	1			5		1	all_token_full	groot_n15_dit_block_residual_full_tokens_denoise	"[""layer"",""denoise_step"",""model_token"",""feature_dim""]"	[7,4,49,1536]	[0,2,4,8,10,12,15]	n15_grid_v4_jitter	grid_coord	meta	meta_json	46ea62d53e09/kanu/PPCC/bread/s1/n0/base	1	1
46ea62d53e09	kanu	PPCC/bread	0	1	base	activation	fd480dffd805bb06	fd480dffd805bb0696e31aa471435ffb740d35fbf06d0a0a13d36a97d7d9e964	lerobot_groot_n15	n15	lerobot_groot_n15__robocasa365_ckpt120000		0	Pick the bread from the counter and place it in the cabinet.	robocasa_panda_omron/PickPlaceCounterToCabinet_PandaOmron_Env	100084	1300001	0	1			5		1	all_token_full	groot_n15_dit_block_residual_full_tokens_denoise	"[""layer"",""denoise_step"",""model_token"",""feature_dim""]"	[7,4,49,1536]	[0,2,4,8,10,12,15]	n15_grid_v4_jitter	grid_coord	meta	meta_json	46ea62d53e09/kanu/PPCC/bread/s1/n1/base	1	1
46ea62d53e09	kanu	PPCC/bread	0	2	base	activation	7b23d6efd012d544	7b23d6efd012d54441d62284df22545c85828ebd22cad9eead8dab82e936e73b	lerobot_groot_n15	n15	lerobot_groot_n15__robocasa365_ckpt120000		0	Pick the bread from the counter and place it in the cabinet.	robocasa_panda_omron/PickPlaceCounterToCabinet_PandaOmron_Env	100084	1300002	0	1			5		1	all_token_full	groot_n15_dit_block_residual_full_tokens_denoise	"[""layer"",""denoise_step"",""model_token"",""feature_dim""]"	[7,4,49,1536]	[0,2,4,8,10,12,15]	n15_grid_v4_jitter	grid_coord	meta	meta_json	46ea62d53e09/kanu/PPCC/bread/s1/n2/base	1	1
46ea62d53e09	kanu	PPCC/bread	0	3	base	activation	4c8c1808426eb2ec	4c8c1808426eb2ec29934fac351ca0038559141b3e2694880e25a5e2f103a9ab	lerobot_groot_n15	n15	lerobot_groot_n15__robocasa365_ckpt120000		0	Pick the bread from the counter and place it in the cabinet.	robocasa_panda_omron/PickPlaceCounterToCabinet_PandaOmron_Env	100084	1300003	0	0			5		1	all_token_full	groot_n15_dit_block_residual_full_tokens_denoise	"[""layer"",""denoise_step"",""model_token"",""feature_dim""]"	[7,4,49,1536]	[0,2,4,8,10,12,15]	n15_grid_v4_jitter	grid_coord	meta	meta_json	46ea62d53e09/kanu/PPCC/bread/s1/n3/base	1	1
46ea62d53e09	kanu	PPCC/bread	0	4	base	activation	c73855f0a580ad5e	c73855f0a580ad5eeb8815aafd36ba81f751075a7e3c70e11c823a38c7f54d59	lerobot_groot_n15	n15	lerobot_groot_n15__robocasa365_ckpt120000		0	Pick the bread from the counter and place it in the cabinet.	robocasa_panda_omron/PickPlaceCounterToCabinet_PandaOmron_Env	100084	1300004	0	0			5		1	all_token_full	groot_n15_dit_block_residual_full_tokens_denoise	"[""layer"",""denoise_step"",""model_token"",""feature_dim""]"	[7,4,49,1536]	[0,2,4,8,10,12,15]	n15_grid_v4_jitter	grid_coord	meta	meta_json	46ea62d53e09/kanu/PPCC/bread/s1/n4/base	1	1
46ea62d53e09	kanu	PPCC/bread	1	0	base	activation	cd363df9c40b3bb1	cd363df9c40b3bb19408071ba1103f1f45ecf5c27b3835962cc7e2139ae7d2aa	lerobot_groot_n15	n15	lerobot_groot_n15__robocasa365_ckpt120000		0	Pick the bread from the counter and place it in the cabinet.	robocasa_panda_omron/PickPlaceCounterToCabinet_PandaOmron_Env	100197	1300000	0	1			5		1	all_token_full	groot_n15_dit_block_residual_full_tokens_denoise	"[""layer"",""denoise_step"",""model_token"",""feature_dim""]"	[7,4,49,1536]	[0,2,4,8,10,12,15]	n15_grid_v4_jitter	grid_coord	meta	meta_json	46ea62d53e09/kanu/PPCC/bread/s100/n0/base	100	0
46ea62d53e09	kanu	PPCC/bread	1	1	base	activation	cdae5d989872c08f	cdae5d989872c08f75a67361855380d7bf1b15209df3d26f95b4b186985fb501	lerobot_groot_n15	n15	lerobot_groot_n15__robocasa365_ckpt120000		0	Pick the bread from the counter and place it in the cabinet.	robocasa_panda_omron/PickPlaceCounterToCabinet_PandaOmron_Env	100197	1300001	0	0			5		1	all_token_full	groot_n15_dit_block_residual_full_tokens_denoise	"[""layer"",""denoise_step"",""model_token"",""feature_dim""]"	[7,4,49,1536]	[0,2,4,8,10,12,15]	n15_grid_v4_jitter	grid_coord	meta	meta_json	46ea62d53e09/kanu/PPCC/bread/s100/n1/base	100	0
46ea62d53e09	kanu	PPCC/bread	1	2	base	activation	0cde2d4a52168372	0cde2d4a52168372c5f825aed3c51d595446bf3eb8f753d90bc9952a4726f125	lerobot_groot_n15	n15	lerobot_groot_n15__robocasa365_ckpt120000		0	Pick the bread from the counter and place it in the cabinet.	robocasa_panda_omron/PickPlaceCounterToCabinet_PandaOmron_Env	100197	1300002	0	1			5		1	all_token_full	groot_n15_dit_block_residual_full_tokens_denoise	"[""layer"",""denoise_step"",""model_token"",""feature_dim""]"	[7,4,49,1536]	[0,2,4,8,10,12,15]	n15_grid_v4_jitter	grid_coord	meta	meta_json	46ea62d53e09/kanu/PPCC/bread/s100/n2/base	100	0
46ea62d53e09	kanu	PPCC/bread	1	3	base	activation	9f127c2f51eb8e54	9f127c2f51eb8e541cb0aa852752ac5b13ae1ce9bc6f887e62ca5f2710624acd	lerobot_groot_n15	n15	lerobot_groot_n15__robocasa365_ckpt120000		0	Pick the bread from the counter and place it in the cabinet.	robocasa_panda_omron/PickPlaceCounterToCabinet_PandaOmron_Env	100197	1300003	0	0			5		1	all_token_full	groot_n15_dit_block_residual_full_tokens_denoise	"[""layer"",""denoise_step"",""model_token"",""feature_dim""]"	[7,4,49,1536]	[0,2,4,8,10,12,15]	n15_grid_v4_jitter	grid_coord	meta	meta_json	46ea62d53e09/kanu/PPCC/bread/s100/n3/base	100	0
46ea62d53e09	kanu	PPCC/bread	1	4	base	activation	7e23a928f1c472f0	7e23a928f1c472f02e31b01aefb7a6d1cad6f35d9b3de20a8cfd84eb3bed6d41	lerobot_groot_n15	n15	lerobot_groot_n15__robocasa365_ckpt120000		0	Pick the bread from the counter and place it in the cabinet.	robocasa_panda_omron/PickPlaceCounterToCabinet_PandaOmron_Env	100197	1300004	0	0			5		1	all_token_full	groot_n15_dit_block_residual_full_tokens_denoise	"[""layer"",""denoise_step"",""model_token"",""feature_dim""]"	[7,4,49,1536]	[0,2,4,8,10,12,15]	n15_grid_v4_jitter	grid_coord	meta	meta_json	46ea62d53e09/kanu/PPCC/bread/s100/n4/base	100	0
46ea62d53e09	kanu	PPCC/bread	1	0	base	activation	2dfb10f55fb60e7f	2dfb10f55fb60e7f01d654b26815a8cd0e1380c7536e4cd8fee30ed357c8d183	lerobot_groot_n15	n15	lerobot_groot_n15__robocasa365_ckpt120000		0	Pick the bread from the counter and place it in the cabinet.	robocasa_panda_omron/PickPlaceCounterToCabinet_PandaOmron_Env	100197	1300000	0	1			5		1	all_token_full	groot_n15_dit_block_residual_full_tokens_denoise	"[""layer"",""denoise_step"",""model_token"",""feature_dim""]"	[7,4,49,1536]	[0,2,4,8,10,12,15]	n15_grid_v4_jitter	grid_coord	meta	meta_json	46ea62d53e09/kanu/PPCC/bread/s101/n0/base	101	1
46ea62d53e09	kanu	PPCC/bread	1	1	base	activation	e24ef91ed0cf1ad8	e24ef91ed0cf1ad8f6109cb274c9fc017c0d1a81d4af479b0c3e13a735195cdc	lerobot_groot_n15	n15	lerobot_groot_n15__robocasa365_ckpt120000		0	Pick the bread from the counter and place it in the cabinet.	robocasa_panda_omron/PickPlaceCounterToCabinet_PandaOmron_Env	100197	1300001	0	1			5		1	all_token_full	groot_n15_dit_block_residual_full_tokens_denoise	"[""layer"",""denoise_step"",""model_token"",""feature_dim""]"	[7,4,49,1536]	[0,2,4,8,10,12,15]	n15_grid_v4_jitter	grid_coord	meta	meta_json	46ea62d53e09/kanu/PPCC/bread/s101/n1/base	101	1
46ea62d53e09	kanu	PPCC/bread	1	2	base	activation	e2f0c462d7bed42c	e2f0c462d7bed42cc4a74afcb1c78473ca9b233d19d73837bbdee825d68af616	lerobot_groot_n15	n15	lerobot_groot_n15__robocasa365_ckpt120000		0	Pick the bread from the counter and place it in the cabinet.	robocasa_panda_omron/PickPlaceCounterToCabinet_PandaOmron_Env	100197	1300002	0	1			5		1	all_token_full	groot_n15_dit_block_residual_full_tokens_denoise	"[""layer"",""denoise_step"",""model_token"",""feature_dim""]"	[7,4,49,1536]	[0,2,4,8,10,12,15]	n15_grid_v4_jitter	grid_coord	meta	meta_json	46ea62d53e09/kanu/PPCC/bread/s101/n2/base	101	1
46ea62d53e09	kanu	PPCC/bread	1	3	base	activation	10b21d216b43680f	10b21d216b43680fb267eda621e4a1a7f6649213a27fde3707bd17b4e8f1cb9c	lerobot_groot_n15	n15	lerobot_groot_n15__robocasa365_ckpt120000		0	Pick the bread from the counter and place it in the cabinet.	robocasa_panda_omron/PickPlaceCounterToCabinet_PandaOmron_Env	100197	1300003	0	1			5		1	all_token_full	groot_n15_dit_block_residual_full_tokens_denoise	"[""layer"",""denoise_step"",""model_token"",""feature_dim""]"	[7,4,49,1536]	[0,2,4,8,10,12,15]	n15_grid_v4_jitter	grid_coord	meta	meta_json	46ea62d53e09/kanu/PPCC/bread/s101/n3/base	101	1
46ea62d53e09	kanu	PPCC/bread	1	4	base	activation	f559c147c66e919c	f559c147c66e919cbfe5a4b5787c6750ec6052a7acd7ee3f2fc19b2fddac6d74	lerobot_groot_n15	n15	lerobot_groot_n15__robocasa365_ckpt120000		0	Pick the bread from the counter and place it in the cabinet.	robocasa_panda_omron/PickPlaceCounterToCabinet_PandaOmron_Env	100197	1300004	0	1			5		1	all_token_full	groot_n15_dit_block_residual_full_tokens_denoise	"[""layer"",""denoise_step"",""model_token"",""feature_dim""]"	[7,4,49,1536]	[0,2,4,8,10,12,15]	n15_grid_v4_jitter	grid_coord	meta	meta_json	46ea62d53e09/kanu/PPCC/bread/s101/n4/base	101	1
46ea62d53e09	kanu	PPCC/bread	1	0	base	activation	e744398049a8b8f7	e744398049a8b8f719996fdec7260efa76be26f7a429bd6ffdb3de992dcddb75	lerobot_groot_n15	n15	lerobot_groot_n15__robocasa365_ckpt120000		0	Pick the bread from the counter and place it in the cabinet.	robocasa_panda_omron/PickPlaceCounterToCabinet_PandaOmron_Env	100197	1300000	0	0			5		1	all_token_full	groot_n15_dit_block_residual_full_tokens_denoise	"[""layer"",""denoise_step"",""model_token"",""feature_dim""]"	[7,4,49,1536]	[0,2,4,8,10,12,15]	n15_grid_v4_jitter	grid_coord	meta	meta_json	46ea62d53e09/kanu/PPCC/bread/s102/n0/base	102	2
46ea62d53e09	kanu	PPCC/bread	1	1	base	activation	e714d381f62f74b0	e714d381f62f74b0cdaeeda45d8a9d9e22c9a8c0c0ef232aa9bcbf7aa03f103a	lerobot_groot_n15	n15	lerobot_groot_n15__robocasa365_ckpt120000		0	Pick the bread from the counter and place it in the cabinet.	robocasa_panda_omron/PickPlaceCounterToCabinet_PandaOmron_Env	100197	1300001	0	1			5		1	all_token_full	groot_n15_dit_block_residual_full_tokens_denoise	"[""layer"",""denoise_step"",""model_token"",""feature_dim""]"	[7,4,49,1536]	[0,2,4,8,10,12,15]	n15_grid_v4_jitter	grid_coord	meta	meta_json	46ea62d53e09/kanu/PPCC/bread/s102/n1/base	102	2
46ea62d53e09	kanu	PPCC/bread	1	2	base	activation	62db5428158d1edd	62db5428158d1edd7f96c8d28e3abb52fff167f8ae79d58c1d9a57e411a154b7	lerobot_groot_n15	n15	lerobot_groot_n15__robocasa365_ckpt120000		0	Pick the bread from the counter and place it in the cabinet.	robocasa_panda_omron/PickPlaceCounterToCabinet_PandaOmron_Env	100197	1300002	0	0			5		1	all_token_full	groot_n15_dit_block_residual_full_tokens_denoise	"[""layer"",""denoise_step"",""model_token"",""feature_dim""]"	[7,4,49,1536]	[0,2,4,8,10,12,15]	n15_grid_v4_jitter	grid_coord	meta	meta_json	46ea62d53e09/kanu/PPCC/bread/s102/n2/base	102	2
46ea62d53e09	kanu	PPCC/bread	1	3	base	activation	24e16ed08810f8ab	24e16ed08810f8ab6db8d629e0d6fff93e4aba4c0813d002cb9f3edd7e351965	lerobot_groot_n15	n15	lerobot_groot_n15__robocasa365_ckpt120000		0	Pick the bread from the counter and place it in the cabinet.	robocasa_panda_omron/PickPlaceCounterToCabinet_PandaOmron_Env	100197	1300003	0	1			5		1	all_token_full	groot_n15_dit_block_residual_full_tokens_denoise	"[""layer"",""denoise_step"",""model_token"",""feature_dim""]"	[7,4,49,1536]	[0,2,4,8,10,12,15]	n15_grid_v4_jitter	grid_coord	meta	meta_json	46ea62d53e09/kanu/PPCC/bread/s102/n3/base	102	2
46ea62d53e09	kanu	PPCC/bread	1	4	base	activation	d6f28fad776a95e4	d6f28fad776a95e4b943ae74e37b463f5c3a39788cc09b391885e73d690469f6	lerobot_groot_n15	n15	lerobot_groot_n15__robocasa365_ckpt120000		0	Pick the bread from the counter and place it in the cabinet.	robocasa_panda_omron/PickPlaceCounterToCabinet_PandaOmron_Env	100197	1300004	0	0			5		1	all_token_full	groot_n15_dit_block_residual_full_tokens_denoise	"[""layer"",""denoise_step"",""model_token"",""feature_dim""]"	[7,4,49,1536]	[0,2,4,8,10,12,15]	n15_grid_v4_jitter	grid_coord	meta	meta_json	46ea62d53e09/kanu/PPCC/bread/s102/n4/base	102	2
46ea62d53e09	kanu	PPCC/bread	1	0	base	activation	9da1718935f80a35	9da1718935f80a35586c07785c8c517a9a0c8df54d6e1996659e946256ace9e3	lerobot_groot_n15	n15	lerobot_groot_n15__robocasa365_ckpt120000		0	Pick the bread from the counter and place it in the cabinet.	robocasa_panda_omron/PickPlaceCounterToCabinet_PandaOmron_Env	100197	1300000	0	1			5		1	all_token_full	groot_n15_dit_block_residual_full_tokens_denoise	"[""layer"",""denoise_step"",""model_token"",""feature_dim""]"	[7,4,49,1536]	[0,2,4,8,10,12,15]	n15_grid_v4_jitter	grid_coord	meta	meta_json	46ea62d53e09/kanu/PPCC/bread/s103/n0/base	103	3
46ea62d53e09	kanu	PPCC/bread	1	1	base	activation	3556e1b6a0983bfb	3556e1b6a0983bfb86e626d1f4acb4aacaf322ebd086af9132e17330e07f120e	lerobot_groot_n15	n15	lerobot_groot_n15__robocasa365_ckpt120000		0	Pick the bread from the counter and place it in the cabinet.	robocasa_panda_omron/PickPlaceCounterToCabinet_PandaOmron_Env	100197	1300001	0	0			5		1	all_token_full	groot_n15_dit_block_residual_full_tokens_denoise	"[""layer"",""denoise_step"",""model_token"",""feature_dim""]"	[7,4,49,1536]	[0,2,4,8,10,12,15]	n15_grid_v4_jitter	grid_coord	meta	meta_json	46ea62d53e09/kanu/PPCC/bread/s103/n1/base	103	3
46ea62d53e09	kanu	PPCC/bread	1	2	base	activation	080ade6c43dcaf2e	080ade6c43dcaf2ebcb4590c633c1fbc6f506d10241c3f59033305d6ecf657df	lerobot_groot_n15	n15	lerobot_groot_n15__robocasa365_ckpt120000		0	Pick the bread from the counter and place it in the cabinet.	robocasa_panda_omron/PickPlaceCounterToCabinet_PandaOmron_Env	100197	1300002	0	0			5		1	all_token_full	groot_n15_dit_block_residual_full_tokens_denoise	"[""layer"",""denoise_step"",""model_token"",""feature_dim""]"	[7,4,49,1536]	[0,2,4,8,10,12,15]	n15_grid_v4_jitter	grid_coord	meta	meta_json	46ea62d53e09/kanu/PPCC/bread/s103/n2/base	103	3
46ea62d53e09	kanu	PPCC/bread	1	3	base	activation	c94c1bdd756fbecc	c94c1bdd756fbecc47f680d43b029712b8cd82ff1e4cf0293cdffb6f1f1d7fbf	lerobot_groot_n15	n15	lerobot_groot_n15__robocasa365_ckpt120000		0	Pick the bread from the counter and place it in the cabinet.	robocasa_panda_omron/PickPlaceCounterToCabinet_PandaOmron_Env	100197	1300003	0	0			5		1	all_token_full	groot_n15_dit_block_residual_full_tokens_denoise	"[""layer"",""denoise_step"",""model_token"",""feature_dim""]"	[7,4,49,1536]	[0,2,4,8,10,12,15]	n15_grid_v4_jitter	grid_coord	meta	meta_json	46ea62d53e09/kanu/PPCC/bread/s103/n3/base	103	3
46ea62d53e09	kanu	PPCC/bread	1	4	base	activation	71a4fd9c0b3d883b	71a4fd9c0b3d883b72e34bf5f8f51912239f600234a9ea18ede047caa79d0971	lerobot_groot_n15	n15	lerobot_groot_n15__robocasa365_ckpt120000		0	Pick the bread from the counter and place it in the cabinet.	robocasa_panda_omron/PickPlaceCounterToCabinet_PandaOmron_Env	100197	1300004	0	0			5		1	all_token_full	groot_n15_dit_block_residual_full_tokens_denoise	"[""layer"",""denoise_step"",""model_token"",""feature_dim""]"	[7,4,49,1536]	[0,2,4,8,10,12,15]	n15_grid_v4_jitter	grid_coord	meta	meta_json	46ea62d53e09/kanu/PPCC/bread/s103/n4/base	103	3
46ea62d53e09	kanu	PPCC/bread	0	0	base	activation	c07a535d802e0d4d	c07a535d802e0d4d5937b95b5013e053f5155b02c26711563b86b05fb5f39ca0	lerobot_groot_n15	n15	lerobot_groot_n15__robocasa365_ckpt120000		0	Pick the bread from the counter and place it in the cabinet.	robocasa_panda_omron/PickPlaceCounterToCabinet_PandaOmron_Env	100084	1300000	0	1			5		1	all_token_full	groot_n15_dit_block_residual_full_tokens_denoise	"[""layer"",""denoise_step"",""model_token"",""feature_dim""]"	[7,4,49,1536]	[0,2,4,8,10,12,15]	n15_grid_v4_jitter	grid_coord	meta	meta_json	46ea62d53e09/kanu/PPCC/bread/s2/n0/base	2	2
46ea62d53e09	kanu	PPCC/bread	0	1	base	activation	bed92438b7352c18	bed92438b7352c183e0a95fa72f94d0d7307eea0c53fb4d7525fdda21856ddd9	lerobot_groot_n15	n15	lerobot_groot_n15__robocasa365_ckpt120000		0	Pick the bread from the counter and place it in the cabinet.	robocasa_panda_omron/PickPlaceCounterToCabinet_PandaOmron_Env	100084	1300001	0	1			5		1	all_token_full	groot_n15_dit_block_residual_full_tokens_denoise	"[""layer"",""denoise_step"",""model_token"",""feature_dim""]"	[7,4,49,1536]	[0,2,4,8,10,12,15]	n15_grid_v4_jitter	grid_coord	meta	meta_json	46ea62d53e09/kanu/PPCC/bread/s2/n1/base	2	2
46ea62d53e09	kanu	PPCC/bread	0	2	base	activation	c530a1ba6694ee0f	c530a1ba6694ee0fd68be7b52a8f335b02508adc38d6d49f219092ce46f259d6	lerobot_groot_n15	n15	lerobot_groot_n15__robocasa365_ckpt120000		0	Pick the bread from the counter and place it in the cabinet.	robocasa_panda_omron/PickPlaceCounterToCabinet_PandaOmron_Env	100084	1300002	0	1			5		1	all_token_full	groot_n15_dit_block_residual_full_tokens_denoise	"[""layer"",""denoise_step"",""model_token"",""feature_dim""]"	[7,4,49,1536]	[0,2,4,8,10,12,15]	n15_grid_v4_jitter	grid_coord	meta	meta_json	46ea62d53e09/kanu/PPCC/bread/s2/n2/base	2	2
46ea62d53e09	kanu	PPCC/bread	0	3	base	activation	849a76fcc18c4470	849a76fcc18c4470076457fb175edbf416bec8f54050d291e81e87844b8d3d7d	lerobot_groot_n15	n15	lerobot_groot_n15__robocasa365_ckpt120000		0	Pick the bread from the counter and place it in the cabinet.	robocasa_panda_omron/PickPlaceCounterToCabinet_PandaOmron_Env	100084	1300003	0	0			5		1	all_token_full	groot_n15_dit_block_residual_full_tokens_denoise	"[""layer"",""denoise_step"",""model_token"",""feature_dim""]"	[7,4,49,1536]	[0,2,4,8,10,12,15]	n15_grid_v4_jitter	grid_coord	meta	meta_json	46ea62d53e09/kanu/PPCC/bread/s2/n3/base	2	2
46ea62d53e09	kanu	PPCC/bread	0	4	base	activation	014b803056fcd66e	014b803056fcd66e5eab9d49f31af5ceb22e134b5c462d39441c4490963ab306	lerobot_groot_n15	n15	lerobot_groot_n15__robocasa365_ckpt120000		0	Pick the bread from the counter and place it in the cabinet.	robocasa_panda_omron/PickPlaceCounterToCabinet_PandaOmron_Env	100084	1300004	0	0			5		1	all_token_full	groot_n15_dit_block_residual_full_tokens_denoise	"[""layer"",""denoise_step"",""model_token"",""feature_dim""]"	[7,4,49,1536]	[0,2,4,8,10,12,15]	n15_grid_v4_jitter	grid_coord	meta	meta_json	46ea62d53e09/kanu/PPCC/bread/s2/n4/base	2	2
46ea62d53e09	kanu	PPCC/bread	2	0	base	activation	00dbb8614278cb91	00dbb8614278cb915b4a775d5f9c26741b94d63cde4652d56cbd7043935f359c	lerobot_groot_n15	n15	lerobot_groot_n15__robocasa365_ckpt120000		0	Pick the bread from the counter and place it in the cabinet.	robocasa_panda_omron/PickPlaceCounterToCabinet_PandaOmron_Env	100201	1300000	0	0			5		1	all_token_full	groot_n15_dit_block_residual_full_tokens_denoise	"[""layer"",""denoise_step"",""model_token"",""feature_dim""]"	[7,4,49,1536]	[0,2,4,8,10,12,15]	n15_grid_v4_jitter	grid_coord	meta	meta_json	46ea62d53e09/kanu/PPCC/bread/s200/n0/base	200	0
46ea62d53e09	kanu	PPCC/bread	2	1	base	activation	ab59b7aba9ef4133	ab59b7aba9ef4133276cce8e88ee59a98f30c2e6343606b5049021cf81e587cf	lerobot_groot_n15	n15	lerobot_groot_n15__robocasa365_ckpt120000		0	Pick the bread from the counter and place it in the cabinet.	robocasa_panda_omron/PickPlaceCounterToCabinet_PandaOmron_Env	100201	1300001	0	1			5		1	all_token_full	groot_n15_dit_block_residual_full_tokens_denoise	"[""layer"",""denoise_step"",""model_token"",""feature_dim""]"	[7,4,49,1536]	[0,2,4,8,10,12,15]	n15_grid_v4_jitter	grid_coord	meta	meta_json	46ea62d53e09/kanu/PPCC/bread/s200/n1/base	200	0
46ea62d53e09	kanu	PPCC/bread	2	2	base	activation	a0b293bab150bbc5	a0b293bab150bbc59f4309350e402e9eb5c7eab918db36b974cb1579ca7fb516	lerobot_groot_n15	n15	lerobot_groot_n15__robocasa365_ckpt120000		0	Pick the bread from the counter and place it in the cabinet.	robocasa_panda_omron/PickPlaceCounterToCabinet_PandaOmron_Env	100201	1300002	0	1			5		1	all_token_full	groot_n15_dit_block_residual_full_tokens_denoise	"[""layer"",""denoise_step"",""model_token"",""feature_dim""]"	[7,4,49,1536]	[0,2,4,8,10,12,15]	n15_grid_v4_jitter	grid_coord	meta	meta_json	46ea62d53e09/kanu/PPCC/bread/s200/n2/base	200	0
46ea62d53e09	kanu	PPCC/bread	2	3	base	activation	fc5f12dc24c9e404	fc5f12dc24c9e4044d2b35e3b1de0083982d50fc3a097a971daf07ee3044b469	lerobot_groot_n15	n15	lerobot_groot_n15__robocasa365_ckpt120000		0	Pick the bread from the counter and place it in the cabinet.	robocasa_panda_omron/PickPlaceCounterToCabinet_PandaOmron_Env	100201	1300003	0	1			5		1	all_token_full	groot_n15_dit_block_residual_full_tokens_denoise	"[""layer"",""denoise_step"",""model_token"",""feature_dim""]"	[7,4,49,1536]	[0,2,4,8,10,12,15]	n15_grid_v4_jitter	grid_coord	meta	meta_json	46ea62d53e09/kanu/PPCC/bread/s200/n3/base	200	0
46ea62d53e09	kanu	PPCC/bread	2	4	base	activation	8118513eac9a8211	8118513eac9a8211b3dfc397177dea7491fad01c86d5f121082ce9b099588fb2	lerobot_groot_n15	n15	lerobot_groot_n15__robocasa365_ckpt120000		0	Pick the bread from the counter and place it in the cabinet.	robocasa_panda_omron/PickPlaceCounterToCabinet_PandaOmron_Env	100201	1300004	0	1			5		1	all_token_full	groot_n15_dit_block_residual_full_tokens_denoise	"[""layer"",""denoise_step"",""model_token"",""feature_dim""]"	[7,4,49,1536]	[0,2,4,8,10,12,15]	n15_grid_v4_jitter	grid_coord	meta	meta_json	46ea62d53e09/kanu/PPCC/bread/s200/n4/base	200	0
46ea62d53e09	kanu	PPCC/bread	2	0	base	activation	e232013300d25404	e232013300d25404ccc8970a957db18db6a068fb06f5a599453eaabe386be652	lerobot_groot_n15	n15	lerobot_groot_n15__robocasa365_ckpt120000		0	Pick the bread from the counter and place it in the cabinet.	robocasa_panda_omron/PickPlaceCounterToCabinet_PandaOmron_Env	100201	1300000	0	1			5		1	all_token_full	groot_n15_dit_block_residual_full_tokens_denoise	"[""layer"",""denoise_step"",""model_token"",""feature_dim""]"	[7,4,49,1536]	[0,2,4,8,10,12,15]	n15_grid_v4_jitter	grid_coord	meta	meta_json	46ea62d53e09/kanu/PPCC/bread/s201/n0/base	201	1
46ea62d53e09	kanu	PPCC/bread	2	1	base	activation	d69e01f56119f5f5	d69e01f56119f5f5bc7f18de3c35e2f023e4961331baab1423e8e4f0dedd3c90	lerobot_groot_n15	n15	lerobot_groot_n15__robocasa365_ckpt120000		0	Pick the bread from the counter and place it in the cabinet.	robocasa_panda_omron/PickPlaceCounterToCabinet_PandaOmron_Env	100201	1300001	0	1			5		1	all_token_full	groot_n15_dit_block_residual_full_tokens_denoise	"[""layer"",""denoise_step"",""model_token"",""feature_dim""]"	[7,4,49,1536]	[0,2,4,8,10,12,15]	n15_grid_v4_jitter	grid_coord	meta	meta_json	46ea62d53e09/kanu/PPCC/bread/s201/n1/base	201	1
46ea62d53e09	kanu	PPCC/bread	2	2	base	activation	f1beb5cd4965bb4e	f1beb5cd4965bb4e63b2998bbfc9e42d40fd8b0045a2af7e0a0973e52f897706	lerobot_groot_n15	n15	lerobot_groot_n15__robocasa365_ckpt120000		0	Pick the bread from the counter and place it in the cabinet.	robocasa_panda_omron/PickPlaceCounterToCabinet_PandaOmron_Env	100201	1300002	0	1			5		1	all_token_full	groot_n15_dit_block_residual_full_tokens_denoise	"[""layer"",""denoise_step"",""model_token"",""feature_dim""]"	[7,4,49,1536]	[0,2,4,8,10,12,15]	n15_grid_v4_jitter	grid_coord	meta	meta_json	46ea62d53e09/kanu/PPCC/bread/s201/n2/base	201	1
46ea62d53e09	kanu	PPCC/bread	2	3	base	activation	bdc4ea0d0e392bca	bdc4ea0d0e392bcaca2a3b4b321d6b0b13814fc37036773b974067fc7d2fe96c	lerobot_groot_n15	n15	lerobot_groot_n15__robocasa365_ckpt120000		0	Pick the bread from the counter and place it in the cabinet.	robocasa_panda_omron/PickPlaceCounterToCabinet_PandaOmron_Env	100201	1300003	0	1			5		1	all_token_full	groot_n15_dit_block_residual_full_tokens_denoise	"[""layer"",""denoise_step"",""model_token"",""feature_dim""]"	[7,4,49,1536]	[0,2,4,8,10,12,15]	n15_grid_v4_jitter	grid_coord	meta	meta_json	46ea62d53e09/kanu/PPCC/bread/s201/n3/base	201	1
46ea62d53e09	kanu	PPCC/bread	2	4	base	activation	8e8eefa004dd2799	8e8eefa004dd27998fd307c80a325a83d4b8e0cfe0602431b4d1f28dca4e2ff9	lerobot_groot_n15	n15	lerobot_groot_n15__robocasa365_ckpt120000		0	Pick the bread from the counter and place it in the cabinet.	robocasa_panda_omron/PickPlaceCounterToCabinet_PandaOmron_Env	100201	1300004	0	1			5		1	all_token_full	groot_n15_dit_block_residual_full_tokens_denoise	"[""layer"",""denoise_step"",""model_token"",""feature_dim""]"	[7,4,49,1536]	[0,2,4,8,10,12,15]	n15_grid_v4_jitter	grid_coord	meta	meta_json	46ea62d53e09/kanu/PPCC/bread/s201/n4/base	201	1
46ea62d53e09	kanu	PPCC/bread	2	0	base	activation	62433c631345f9c0	62433c631345f9c0d581faf65b0e357f59c0831acb11e037482d5e54486aced2	lerobot_groot_n15	n15	lerobot_groot_n15__robocasa365_ckpt120000		0	Pick the bread from the counter and place it in the cabinet.	robocasa_panda_omron/PickPlaceCounterToCabinet_PandaOmron_Env	100201	1300000	0	1			5		1	all_token_full	groot_n15_dit_block_residual_full_tokens_denoise	"[""layer"",""denoise_step"",""model_token"",""feature_dim""]"	[7,4,49,1536]	[0,2,4,8,10,12,15]	n15_grid_v4_jitter	grid_coord	meta	meta_json	46ea62d53e09/kanu/PPCC/bread/s202/n0/base	202	2
46ea62d53e09	kanu	PPCC/bread	2	1	base	activation	11c69d752df1dd43	11c69d752df1dd43f9b7bd44c18a1b11f73f09d4b3f67d1b42d177ca7144c40a	lerobot_groot_n15	n15	lerobot_groot_n15__robocasa365_ckpt120000		0	Pick the bread from the counter and place it in the cabinet.	robocasa_panda_omron/PickPlaceCounterToCabinet_PandaOmron_Env	100201	1300001	0	1			5		1	all_token_full	groot_n15_dit_block_residual_full_tokens_denoise	"[""layer"",""denoise_step"",""model_token"",""feature_dim""]"	[7,4,49,1536]	[0,2,4,8,10,12,15]	n15_grid_v4_jitter	grid_coord	meta	meta_json	46ea62d53e09/kanu/PPCC/bread/s202/n1/base	202	2
46ea62d53e09	kanu	PPCC/bread	2	2	base	activation	60c427deca2ad933	60c427deca2ad933be6128e4f9950c0342ef0cb8d568fa19d79b859d3719d7ad	lerobot_groot_n15	n15	lerobot_groot_n15__robocasa365_ckpt120000		0	Pick the bread from the counter and place it in the cabinet.	robocasa_panda_omron/PickPlaceCounterToCabinet_PandaOmron_Env	100201	1300002	0	1			5		1	all_token_full	groot_n15_dit_block_residual_full_tokens_denoise	"[""layer"",""denoise_step"",""model_token"",""feature_dim""]"	[7,4,49,1536]	[0,2,4,8,10,12,15]	n15_grid_v4_jitter	grid_coord	meta	meta_json	46ea62d53e09/kanu/PPCC/bread/s202/n2/base	202	2
46ea62d53e09	kanu	PPCC/bread	2	3	base	activation	1a6ca5b2eb6bd209	1a6ca5b2eb6bd20992cea7d7ff78b47a502b4f042cc38f51cc05dd5cd1f0554f	lerobot_groot_n15	n15	lerobot_groot_n15__robocasa365_ckpt120000		0	Pick the bread from the counter and place it in the cabinet.	robocasa_panda_omron/PickPlaceCounterToCabinet_PandaOmron_Env	100201	1300003	0	1			5		1	all_token_full	groot_n15_dit_block_residual_full_tokens_denoise	"[""layer"",""denoise_step"",""model_token"",""feature_dim""]"	[7,4,49,1536]	[0,2,4,8,10,12,15]	n15_grid_v4_jitter	grid_coord	meta	meta_json	46ea62d53e09/kanu/PPCC/bread/s202/n3/base	202	2
46ea62d53e09	kanu	PPCC/bread	2	4	base	activation	468527562f3d2ad1	468527562f3d2ad162d33a38449b5f1ac8bdb86fee0c968d7388164192380528	lerobot_groot_n15	n15	lerobot_groot_n15__robocasa365_ckpt120000		0	Pick the bread from the counter and place it in the cabinet.	robocasa_panda_omron/PickPlaceCounterToCabinet_PandaOmron_Env	100201	1300004	0	1			5		1	all_token_full	groot_n15_dit_block_residual_full_tokens_denoise	"[""layer"",""denoise_step"",""model_token"",""feature_dim""]"	[7,4,49,1536]	[0,2,4,8,10,12,15]	n15_grid_v4_jitter	grid_coord	meta	meta_json	46ea62d53e09/kanu/PPCC/bread/s202/n4/base	202	2
46ea62d53e09	kanu	PPCC/bread	2	0	base	activation	0de30dfe6aeb9003	0de30dfe6aeb90036add0a0c62cbc490578d1a1c6a0ebab5492295bc2b2d827c	lerobot_groot_n15	n15	lerobot_groot_n15__robocasa365_ckpt120000		0	Pick the bread from the counter and place it in the cabinet.	robocasa_panda_omron/PickPlaceCounterToCabinet_PandaOmron_Env	100201	1300000	0	1			5		1	all_token_full	groot_n15_dit_block_residual_full_tokens_denoise	"[""layer"",""denoise_step"",""model_token"",""feature_dim""]"	[7,4,49,1536]	[0,2,4,8,10,12,15]	n15_grid_v4_jitter	grid_coord	meta	meta_json	46ea62d53e09/kanu/PPCC/bread/s203/n0/base	203	3
46ea62d53e09	kanu	PPCC/bread	2	1	base	activation	ce580152a74fc3cf	ce580152a74fc3cf1ecd7d4339cab562f64c5946f4b7b58670e143b62d41cdf7	lerobot_groot_n15	n15	lerobot_groot_n15__robocasa365_ckpt120000		0	Pick the bread from the counter and place it in the cabinet.	robocasa_panda_omron/PickPlaceCounterToCabinet_PandaOmron_Env	100201	1300001	0	1			5		1	all_token_full	groot_n15_dit_block_residual_full_tokens_denoise	"[""layer"",""denoise_step"",""model_token"",""feature_dim""]"	[7,4,49,1536]	[0,2,4,8,10,12,15]	n15_grid_v4_jitter	grid_coord	meta	meta_json	46ea62d53e09/kanu/PPCC/bread/s203/n1/base	203	3
46ea62d53e09	kanu	PPCC/bread	2	2	base	activation	d0ec2c77f8d31b33	d0ec2c77f8d31b338d6a2af3354795f1598a8e8f365d40f4d027a2e96488f0ab	lerobot_groot_n15	n15	lerobot_groot_n15__robocasa365_ckpt120000		0	Pick the bread from the counter and place it in the cabinet.	robocasa_panda_omron/PickPlaceCounterToCabinet_PandaOmron_Env	100201	1300002	0	1			5		1	all_token_full	groot_n15_dit_block_residual_full_tokens_denoise	"[""layer"",""denoise_step"",""model_token"",""feature_dim""]"	[7,4,49,1536]	[0,2,4,8,10,12,15]	n15_grid_v4_jitter	grid_coord	meta	meta_json	46ea62d53e09/kanu/PPCC/bread/s203/n2/base	203	3
46ea62d53e09	kanu	PPCC/bread	2	3	base	activation	07b7888609413925	07b788860941392585e8db01bae27bdba93513cdc2c5b25b4c403155523168ad	lerobot_groot_n15	n15	lerobot_groot_n15__robocasa365_ckpt120000		0	Pick the bread from the counter and place it in the cabinet.	robocasa_panda_omron/PickPlaceCounterToCabinet_PandaOmron_Env	100201	1300003	0	1			5		1	all_token_full	groot_n15_dit_block_residual_full_tokens_denoise	"[""layer"",""denoise_step"",""model_token"",""feature_dim""]"	[7,4,49,1536]	[0,2,4,8,10,12,15]	n15_grid_v4_jitter	grid_coord	meta	meta_json	46ea62d53e09/kanu/PPCC/bread/s203/n3/base	203	3
46ea62d53e09	kanu	PPCC/bread	2	4	base	activation	66cf295a8667b354	66cf295a8667b354647eb11baa78f2656d478ab57a619dd2425682f5108e6ce9	lerobot_groot_n15	n15	lerobot_groot_n15__robocasa365_ckpt120000		0	Pick the bread from the counter and place it in the cabinet.	robocasa_panda_omron/PickPlaceCounterToCabinet_PandaOmron_Env	100201	1300004	0	1			5		1	all_token_full	groot_n15_dit_block_residual_full_tokens_denoise	"[""layer"",""denoise_step"",""model_token"",""feature_dim""]"	[7,4,49,1536]	[0,2,4,8,10,12,15]	n15_grid_v4_jitter	grid_coord	meta	meta_json	46ea62d53e09/kanu/PPCC/bread/s203/n4/base	203	3
46ea62d53e09	kanu	PPCC/bread	0	0	base	activation	a795acc9df5807d4	a795acc9df5807d463c5561269c1a6f54d63c5ebcd4c259fe60425d6666da981	lerobot_groot_n15	n15	lerobot_groot_n15__robocasa365_ckpt120000		0	Pick the bread from the counter and place it in the cabinet.	robocasa_panda_omron/PickPlaceCounterToCabinet_PandaOmron_Env	100084	1300000	0	0			5		1	all_token_full	groot_n15_dit_block_residual_full_tokens_denoise	"[""layer"",""denoise_step"",""model_token"",""feature_dim""]"	[7,4,49,1536]	[0,2,4,8,10,12,15]	n15_grid_v4_jitter	grid_coord	meta	meta_json	46ea62d53e09/kanu/PPCC/bread/s3/n0/base	3	3
46ea62d53e09	kanu	PPCC/bread	0	1	base	activation	adca19e779e5d1dd	adca19e779e5d1ddd3de7c0fc4504e4588ddb10023d5ff97a33f9107bb6c5ff3	lerobot_groot_n15	n15	lerobot_groot_n15__robocasa365_ckpt120000		0	Pick the bread from the counter and place it in the cabinet.	robocasa_panda_omron/PickPlaceCounterToCabinet_PandaOmron_Env	100084	1300001	0	0			5		1	all_token_full	groot_n15_dit_block_residual_full_tokens_denoise	"[""layer"",""denoise_step"",""model_token"",""feature_dim""]"	[7,4,49,1536]	[0,2,4,8,10,12,15]	n15_grid_v4_jitter	grid_coord	meta	meta_json	46ea62d53e09/kanu/PPCC/bread/s3/n1/base	3	3
46ea62d53e09	kanu	PPCC/bread	0	2	base	activation	3210bac3ce7dd6cf	3210bac3ce7dd6cfe68ed412889f4980edfefef58353027eaec1f5c4ee20da62	lerobot_groot_n15	n15	lerobot_groot_n15__robocasa365_ckpt120000		0	Pick the bread from the counter and place it in the cabinet.	robocasa_panda_omron/PickPlaceCounterToCabinet_PandaOmron_Env	100084	1300002	0	0			5		1	all_token_full	groot_n15_dit_block_residual_full_tokens_denoise	"[""layer"",""denoise_step"",""model_token"",""feature_dim""]"	[7,4,49,1536]	[0,2,4,8,10,12,15]	n15_grid_v4_jitter	grid_coord	meta	meta_json	46ea62d53e09/kanu/PPCC/bread/s3/n2/base	3	3
46ea62d53e09	kanu	PPCC/bread	0	3	base	activation	5d3f8a6434a466c5	5d3f8a6434a466c530e89c7ff7b6a5be2104d8d7335d7fefac09feba0f8ba8e4	lerobot_groot_n15	n15	lerobot_groot_n15__robocasa365_ckpt120000		0	Pick the bread from the counter and place it in the cabinet.	robocasa_panda_omron/PickPlaceCounterToCabinet_PandaOmron_Env	100084	1300003	0	0			5		1	all_token_full	groot_n15_dit_block_residual_full_tokens_denoise	"[""layer"",""denoise_step"",""model_token"",""feature_dim""]"	[7,4,49,1536]	[0,2,4,8,10,12,15]	n15_grid_v4_jitter	grid_coord	meta	meta_json	46ea62d53e09/kanu/PPCC/bread/s3/n3/base	3	3
46ea62d53e09	kanu	PPCC/bread	0	4	base	activation	d5a099a51e1df7f9	d5a099a51e1df7f996160e33326872c33f32819afb5466c29b147dd42f4e69f0	lerobot_groot_n15	n15	lerobot_groot_n15__robocasa365_ckpt120000		0	Pick the bread from the counter and place it in the cabinet.	robocasa_panda_omron/PickPlaceCounterToCabinet_PandaOmron_Env	100084	1300004	0	0			5		1	all_token_full	groot_n15_dit_block_residual_full_tokens_denoise	"[""layer"",""denoise_step"",""model_token"",""feature_dim""]"	[7,4,49,1536]	[0,2,4,8,10,12,15]	n15_grid_v4_jitter	grid_coord	meta	meta_json	46ea62d53e09/kanu/PPCC/bread/s3/n4/base	3	3
46ea62d53e09	kanu	PPCC/bread	3	0	base	activation	ac49b7401240af3f	ac49b7401240af3f31715bac1e91150f43016e7ee7990d897b9a8da352e15176	lerobot_groot_n15	n15	lerobot_groot_n15__robocasa365_ckpt120000		0	Pick the bread from the counter and place it in the cabinet.	robocasa_panda_omron/PickPlaceCounterToCabinet_PandaOmron_Env	100228	1300000	0	1			5		1	all_token_full	groot_n15_dit_block_residual_full_tokens_denoise	"[""layer"",""denoise_step"",""model_token"",""feature_dim""]"	[7,4,49,1536]	[0,2,4,8,10,12,15]	n15_grid_v4_jitter	grid_coord	meta	meta_json	46ea62d53e09/kanu/PPCC/bread/s300/n0/base	300	0
46ea62d53e09	kanu	PPCC/bread	3	1	base	activation	7489f534de963ed4	7489f534de963ed40ec9f9326e23689fb8f09d7b26a7b8544816205ace173332	lerobot_groot_n15	n15	lerobot_groot_n15__robocasa365_ckpt120000		0	Pick the bread from the counter and place it in the cabinet.	robocasa_panda_omron/PickPlaceCounterToCabinet_PandaOmron_Env	100228	1300001	0	1			5		1	all_token_full	groot_n15_dit_block_residual_full_tokens_denoise	"[""layer"",""denoise_step"",""model_token"",""feature_dim""]"	[7,4,49,1536]	[0,2,4,8,10,12,15]	n15_grid_v4_jitter	grid_coord	meta	meta_json	46ea62d53e09/kanu/PPCC/bread/s300/n1/base	300	0
46ea62d53e09	kanu	PPCC/bread	3	2	base	activation	8d250b5504984c07	8d250b5504984c07ff5a8005d88f78cb6211f2b6ed638791f2295ef26c835163	lerobot_groot_n15	n15	lerobot_groot_n15__robocasa365_ckpt120000		0	Pick the bread from the counter and place it in the cabinet.	robocasa_panda_omron/PickPlaceCounterToCabinet_PandaOmron_Env	100228	1300002	0	1			5		1	all_token_full	groot_n15_dit_block_residual_full_tokens_denoise	"[""layer"",""denoise_step"",""model_token"",""feature_dim""]"	[7,4,49,1536]	[0,2,4,8,10,12,15]	n15_grid_v4_jitter	grid_coord	meta	meta_json	46ea62d53e09/kanu/PPCC/bread/s300/n2/base	300	0
46ea62d53e09	kanu	PPCC/bread	3	3	base	activation	65eb938ff4ab7ee4	65eb938ff4ab7ee4e052d8713946797c6ed31531d0241fa8f9018c054d1e7e54	lerobot_groot_n15	n15	lerobot_groot_n15__robocasa365_ckpt120000		0	Pick the bread from the counter and place it in the cabinet.	robocasa_panda_omron/PickPlaceCounterToCabinet_PandaOmron_Env	100228	1300003	0	1			5		1	all_token_full	groot_n15_dit_block_residual_full_tokens_denoise	"[""layer"",""denoise_step"",""model_token"",""feature_dim""]"	[7,4,49,1536]	[0,2,4,8,10,12,15]	n15_grid_v4_jitter	grid_coord	meta	meta_json	46ea62d53e09/kanu/PPCC/bread/s300/n3/base	300	0
46ea62d53e09	kanu	PPCC/bread	3	4	base	activation	427f9379918a9be0	427f9379918a9be002cfe0fae9dc23701170afca135bb037ed805b00e3843dd1	lerobot_groot_n15	n15	lerobot_groot_n15__robocasa365_ckpt120000		0	Pick the bread from the counter and place it in the cabinet.	robocasa_panda_omron/PickPlaceCounterToCabinet_PandaOmron_Env	100228	1300004	0	1			5		1	all_token_full	groot_n15_dit_block_residual_full_tokens_denoise	"[""layer"",""denoise_step"",""model_token"",""feature_dim""]"	[7,4,49,1536]	[0,2,4,8,10,12,15]	n15_grid_v4_jitter	grid_coord	meta	meta_json	46ea62d53e09/kanu/PPCC/bread/s300/n4/base	300	0
46ea62d53e09	kanu	PPCC/bread	3	0	base	activation	5432f96547b02f9e	5432f96547b02f9ea22088d556c8d092804a859245493f557a004fc1f1ed7278	lerobot_groot_n15	n15	lerobot_groot_n15__robocasa365_ckpt120000		0	Pick the bread from the counter and place it in the cabinet.	robocasa_panda_omron/PickPlaceCounterToCabinet_PandaOmron_Env	100228	1300000	0	1			5		1	all_token_full	groot_n15_dit_block_residual_full_tokens_denoise	"[""layer"",""denoise_step"",""model_token"",""feature_dim""]"	[7,4,49,1536]	[0,2,4,8,10,12,15]	n15_grid_v4_jitter	grid_coord	meta	meta_json	46ea62d53e09/kanu/PPCC/bread/s301/n0/base	301	1
46ea62d53e09	kanu	PPCC/bread	3	1	base	activation	9437545b190452d3	9437545b190452d30f7f957aa7c4ba6a1baf6e14da81fedb0b15b829f4cf1b6b	lerobot_groot_n15	n15	lerobot_groot_n15__robocasa365_ckpt120000		0	Pick the bread from the counter and place it in the cabinet.	robocasa_panda_omron/PickPlaceCounterToCabinet_PandaOmron_Env	100228	1300001	0	1			5		1	all_token_full	groot_n15_dit_block_residual_full_tokens_denoise	"[""layer"",""denoise_step"",""model_token"",""feature_dim""]"	[7,4,49,1536]	[0,2,4,8,10,12,15]	n15_grid_v4_jitter	grid_coord	meta	meta_json	46ea62d53e09/kanu/PPCC/bread/s301/n1/base	301	1
46ea62d53e09	kanu	PPCC/bread	3	2	base	activation	0fc1a25741785165	0fc1a257417851651df8f8dfa230d27d4aa229339f4424d815084341b9d8ccc3	lerobot_groot_n15	n15	lerobot_groot_n15__robocasa365_ckpt120000		0	Pick the bread from the counter and place it in the cabinet.	robocasa_panda_omron/PickPlaceCounterToCabinet_PandaOmron_Env	100228	1300002	0	1			5		1	all_token_full	groot_n15_dit_block_residual_full_tokens_denoise	"[""layer"",""denoise_step"",""model_token"",""feature_dim""]"	[7,4,49,1536]	[0,2,4,8,10,12,15]	n15_grid_v4_jitter	grid_coord	meta	meta_json	46ea62d53e09/kanu/PPCC/bread/s301/n2/base	301	1
46ea62d53e09	kanu	PPCC/bread	3	3	base	activation	fdeeeffef0a69def	fdeeeffef0a69def6570ee1efaded7d1b7c198635a6b9c65f115fb4abbd605ef	lerobot_groot_n15	n15	lerobot_groot_n15__robocasa365_ckpt120000		0	Pick the bread from the counter and place it in the cabinet.	robocasa_panda_omron/PickPlaceCounterToCabinet_PandaOmron_Env	100228	1300003	0	0			5		1	all_token_full	groot_n15_dit_block_residual_full_tokens_denoise	"[""layer"",""denoise_step"",""model_token"",""feature_dim""]"	[7,4,49,1536]	[0,2,4,8,10,12,15]	n15_grid_v4_jitter	grid_coord	meta	meta_json	46ea62d53e09/kanu/PPCC/bread/s301/n3/base	301	1
46ea62d53e09	kanu	PPCC/bread	3	4	base	activation	8744df929bacc3de	8744df929bacc3de945a6741722081eee6be2f4e9aea79e5339834c93174baa9	lerobot_groot_n15	n15	lerobot_groot_n15__robocasa365_ckpt120000		0	Pick the bread from the counter and place it in the cabinet.	robocasa_panda_omron/PickPlaceCounterToCabinet_PandaOmron_Env	100228	1300004	0	0			5		1	all_token_full	groot_n15_dit_block_residual_full_tokens_denoise	"[""layer"",""denoise_step"",""model_token"",""feature_dim""]"	[7,4,49,1536]	[0,2,4,8,10,12,15]	n15_grid_v4_jitter	grid_coord	meta	meta_json	46ea62d53e09/kanu/PPCC/bread/s301/n4/base	301	1
46ea62d53e09	kanu	PPCC/bread	3	0	base	activation	c5e4519b7e746cd1	c5e4519b7e746cd1c5e8d1485da778318c417b2375e07f716f8d9ad310da6b7b	lerobot_groot_n15	n15	lerobot_groot_n15__robocasa365_ckpt120000		0	Pick the bread from the counter and place it in the cabinet.	robocasa_panda_omron/PickPlaceCounterToCabinet_PandaOmron_Env	100228	1300000	0	1			5		1	all_token_full	groot_n15_dit_block_residual_full_tokens_denoise	"[""layer"",""denoise_step"",""model_token"",""feature_dim""]"	[7,4,49,1536]	[0,2,4,8,10,12,15]	n15_grid_v4_jitter	grid_coord	meta	meta_json	46ea62d53e09/kanu/PPCC/bread/s302/n0/base	302	2
46ea62d53e09	kanu	PPCC/bread	3	1	base	activation	b1041d20fedfca9f	b1041d20fedfca9fa69eb407437427fa2ba4c3afa7dbd8d81aef3f0586bd913b	lerobot_groot_n15	n15	lerobot_groot_n15__robocasa365_ckpt120000		0	Pick the bread from the counter and place it in the cabinet.	robocasa_panda_omron/PickPlaceCounterToCabinet_PandaOmron_Env	100228	1300001	0	1			5		1	all_token_full	groot_n15_dit_block_residual_full_tokens_denoise	"[""layer"",""denoise_step"",""model_token"",""feature_dim""]"	[7,4,49,1536]	[0,2,4,8,10,12,15]	n15_grid_v4_jitter	grid_coord	meta	meta_json	46ea62d53e09/kanu/PPCC/bread/s302/n1/base	302	2
46ea62d53e09	kanu	PPCC/bread	3	2	base	activation	104b53b8cc359768	104b53b8cc3597684d55aef6457e510026e8318d417a2777166ff07708ee8669	lerobot_groot_n15	n15	lerobot_groot_n15__robocasa365_ckpt120000		0	Pick the bread from the counter and place it in the cabinet.	robocasa_panda_omron/PickPlaceCounterToCabinet_PandaOmron_Env	100228	1300002	0	1			5		1	all_token_full	groot_n15_dit_block_residual_full_tokens_denoise	"[""layer"",""denoise_step"",""model_token"",""feature_dim""]"	[7,4,49,1536]	[0,2,4,8,10,12,15]	n15_grid_v4_jitter	grid_coord	meta	meta_json	46ea62d53e09/kanu/PPCC/bread/s302/n2/base	302	2
46ea62d53e09	kanu	PPCC/bread	3	3	base	activation	749526a52dc21fec	749526a52dc21feca15084da394cc808bd50552391cd2315b00e3f102e32ec58	lerobot_groot_n15	n15	lerobot_groot_n15__robocasa365_ckpt120000		0	Pick the bread from the counter and place it in the cabinet.	robocasa_panda_omron/PickPlaceCounterToCabinet_PandaOmron_Env	100228	1300003	0	1			5		1	all_token_full	groot_n15_dit_block_residual_full_tokens_denoise	"[""layer"",""denoise_step"",""model_token"",""feature_dim""]"	[7,4,49,1536]	[0,2,4,8,10,12,15]	n15_grid_v4_jitter	grid_coord	meta	meta_json	46ea62d53e09/kanu/PPCC/bread/s302/n3/base	302	2
46ea62d53e09	kanu	PPCC/bread	3	4	base	activation	a87183222fff51fb	a87183222fff51fb188e639213dca366e668a80157faecb509c42d61456a96b7	lerobot_groot_n15	n15	lerobot_groot_n15__robocasa365_ckpt120000		0	Pick the bread from the counter and place it in the cabinet.	robocasa_panda_omron/PickPlaceCounterToCabinet_PandaOmron_Env	100228	1300004	0	0			5		1	all_token_full	groot_n15_dit_block_residual_full_tokens_denoise	"[""layer"",""denoise_step"",""model_token"",""feature_dim""]"	[7,4,49,1536]	[0,2,4,8,10,12,15]	n15_grid_v4_jitter	grid_coord	meta	meta_json	46ea62d53e09/kanu/PPCC/bread/s302/n4/base	302	2
46ea62d53e09	kanu	PPCC/bread	3	0	base	activation	f28dce7fa4b81a5c	f28dce7fa4b81a5c61d403d7ea3277479fc0635a57e44f6cf0b655c37f3ed412	lerobot_groot_n15	n15	lerobot_groot_n15__robocasa365_ckpt120000		0	Pick the bread from the counter and place it in the cabinet.	robocasa_panda_omron/PickPlaceCounterToCabinet_PandaOmron_Env	100228	1300000	0	0			5		1	all_token_full	groot_n15_dit_block_residual_full_tokens_denoise	"[""layer"",""denoise_step"",""model_token"",""feature_dim""]"	[7,4,49,1536]	[0,2,4,8,10,12,15]	n15_grid_v4_jitter	grid_coord	meta	meta_json	46ea62d53e09/kanu/PPCC/bread/s303/n0/base	303	3
46ea62d53e09	kanu	PPCC/bread	3	1	base	activation	a37db6a4ed08a59f	a37db6a4ed08a59ffc8c51594bf6a65456e4dda0f57e998826009a64b9538c0a	lerobot_groot_n15	n15	lerobot_groot_n15__robocasa365_ckpt120000		0	Pick the bread from the counter and place it in the cabinet.	robocasa_panda_omron/PickPlaceCounterToCabinet_PandaOmron_Env	100228	1300001	0	0			5		1	all_token_full	groot_n15_dit_block_residual_full_tokens_denoise	"[""layer"",""denoise_step"",""model_token"",""feature_dim""]"	[7,4,49,1536]	[0,2,4,8,10,12,15]	n15_grid_v4_jitter	grid_coord	meta	meta_json	46ea62d53e09/kanu/PPCC/bread/s303/n1/base	303	3
46ea62d53e09	kanu	PPCC/bread	3	2	base	activation	8b6467194ab7bb4e	8b6467194ab7bb4ece52f7ad1943adf8f3aaf2c11d695b133ebccc386f0601e7	lerobot_groot_n15	n15	lerobot_groot_n15__robocasa365_ckpt120000		0	Pick the bread from the counter and place it in the cabinet.	robocasa_panda_omron/PickPlaceCounterToCabinet_PandaOmron_Env	100228	1300002	0	0			5		1	all_token_full	groot_n15_dit_block_residual_full_tokens_denoise	"[""layer"",""denoise_step"",""model_token"",""feature_dim""]"	[7,4,49,1536]	[0,2,4,8,10,12,15]	n15_grid_v4_jitter	grid_coord	meta	meta_json	46ea62d53e09/kanu/PPCC/bread/s303/n2/base	303	3
46ea62d53e09	kanu	PPCC/bread	3	3	base	activation	42cd3c468eb13dce	42cd3c468eb13dce5a7f71161ea9a11fd012856617d1b57baea67cc325e687bd	lerobot_groot_n15	n15	lerobot_groot_n15__robocasa365_ckpt120000		0	Pick the bread from the counter and place it in the cabinet.	robocasa_panda_omron/PickPlaceCounterToCabinet_PandaOmron_Env	100228	1300003	0	1			5		1	all_token_full	groot_n15_dit_block_residual_full_tokens_denoise	"[""layer"",""denoise_step"",""model_token"",""feature_dim""]"	[7,4,49,1536]	[0,2,4,8,10,12,15]	n15_grid_v4_jitter	grid_coord	meta	meta_json	46ea62d53e09/kanu/PPCC/bread/s303/n3/base	303	3
46ea62d53e09	kanu	PPCC/bread	3	4	base	activation	19e4795c747ffb23	19e4795c747ffb235b28e456978746da4ae80e1000c313b1c6c1c4fdae22cd55	lerobot_groot_n15	n15	lerobot_groot_n15__robocasa365_ckpt120000		0	Pick the bread from the counter and place it in the cabinet.	robocasa_panda_omron/PickPlaceCounterToCabinet_PandaOmron_Env	100228	1300004	0	1			5		1	all_token_full	groot_n15_dit_block_residual_full_tokens_denoise	"[""layer"",""denoise_step"",""model_token"",""feature_dim""]"	[7,4,49,1536]	[0,2,4,8,10,12,15]	n15_grid_v4_jitter	grid_coord	meta	meta_json	46ea62d53e09/kanu/PPCC/bread/s303/n4/base	303	3
46ea62d53e09	kanu	PPCC/bread	4	0	base	activation	bc01b653a58977f4	bc01b653a58977f435314fd7e012f2756261f4fd2ca322a86aba099c3eb01ffa	lerobot_groot_n15	n15	lerobot_groot_n15__robocasa365_ckpt120000		0	Pick the bread from the counter and place it in the cabinet.	robocasa_panda_omron/PickPlaceCounterToCabinet_PandaOmron_Env	100317	1300000	0	1			5		1	all_token_full	groot_n15_dit_block_residual_full_tokens_denoise	"[""layer"",""denoise_step"",""model_token"",""feature_dim""]"	[7,4,49,1536]	[0,2,4,8,10,12,15]	n15_grid_v4_jitter	grid_coord	meta	meta_json	46ea62d53e09/kanu/PPCC/bread/s400/n0/base	400	0
46ea62d53e09	kanu	PPCC/bread	4	1	base	activation	b05f5bd74e9cd40f	b05f5bd74e9cd40fd82b3b170072aae73838d348d8e250c50653cdf6416468e0	lerobot_groot_n15	n15	lerobot_groot_n15__robocasa365_ckpt120000		0	Pick the bread from the counter and place it in the cabinet.	robocasa_panda_omron/PickPlaceCounterToCabinet_PandaOmron_Env	100317	1300001	0	1			5		1	all_token_full	groot_n15_dit_block_residual_full_tokens_denoise	"[""layer"",""denoise_step"",""model_token"",""feature_dim""]"	[7,4,49,1536]	[0,2,4,8,10,12,15]	n15_grid_v4_jitter	grid_coord	meta	meta_json	46ea62d53e09/kanu/PPCC/bread/s400/n1/base	400	0
46ea62d53e09	kanu	PPCC/bread	4	2	base	activation	c157685eb74b74db	c157685eb74b74db0dda18278bbed908227b9b321ea120c8cc4ca163322ce44e	lerobot_groot_n15	n15	lerobot_groot_n15__robocasa365_ckpt120000		0	Pick the bread from the counter and place it in the cabinet.	robocasa_panda_omron/PickPlaceCounterToCabinet_PandaOmron_Env	100317	1300002	0	1			5		1	all_token_full	groot_n15_dit_block_residual_full_tokens_denoise	"[""layer"",""denoise_step"",""model_token"",""feature_dim""]"	[7,4,49,1536]	[0,2,4,8,10,12,15]	n15_grid_v4_jitter	grid_coord	meta	meta_json	46ea62d53e09/kanu/PPCC/bread/s400/n2/base	400	0
46ea62d53e09	kanu	PPCC/bread	4	3	base	activation	a82c0c879cfecdc5	a82c0c879cfecdc5572cba8f2d48819c58c45e2a8b7e62cbf04079b7ac6869e8	lerobot_groot_n15	n15	lerobot_groot_n15__robocasa365_ckpt120000		0	Pick the bread from the counter and place it in the cabinet.	robocasa_panda_omron/PickPlaceCounterToCabinet_PandaOmron_Env	100317	1300003	0	1			5		1	all_token_full	groot_n15_dit_block_residual_full_tokens_denoise	"[""layer"",""denoise_step"",""model_token"",""feature_dim""]"	[7,4,49,1536]	[0,2,4,8,10,12,15]	n15_grid_v4_jitter	grid_coord	meta	meta_json	46ea62d53e09/kanu/PPCC/bread/s400/n3/base	400	0
46ea62d53e09	kanu	PPCC/bread	4	4	base	activation	01b479ecf65f671f	01b479ecf65f671f5c01d544b83c61ed215c564a758a500c76d8738c62467fec	lerobot_groot_n15	n15	lerobot_groot_n15__robocasa365_ckpt120000		0	Pick the bread from the counter and place it in the cabinet.	robocasa_panda_omron/PickPlaceCounterToCabinet_PandaOmron_Env	100317	1300004	0	1			5		1	all_token_full	groot_n15_dit_block_residual_full_tokens_denoise	"[""layer"",""denoise_step"",""model_token"",""feature_dim""]"	[7,4,49,1536]	[0,2,4,8,10,12,15]	n15_grid_v4_jitter	grid_coord	meta	meta_json	46ea62d53e09/kanu/PPCC/bread/s400/n4/base	400	0
46ea62d53e09	kanu	PPCC/bread	4	0	base	activation	27971949c49f76a7	27971949c49f76a7a0dff588bd5f85792a5ed852a936c3bde3ff067b2da3b3de	lerobot_groot_n15	n15	lerobot_groot_n15__robocasa365_ckpt120000		0	Pick the bread from the counter and place it in the cabinet.	robocasa_panda_omron/PickPlaceCounterToCabinet_PandaOmron_Env	100317	1300000	0	1			5		1	all_token_full	groot_n15_dit_block_residual_full_tokens_denoise	"[""layer"",""denoise_step"",""model_token"",""feature_dim""]"	[7,4,49,1536]	[0,2,4,8,10,12,15]	n15_grid_v4_jitter	grid_coord	meta	meta_json	46ea62d53e09/kanu/PPCC/bread/s401/n0/base	401	1
46ea62d53e09	kanu	PPCC/bread	4	1	base	activation	a6fc476c23d41bfd	a6fc476c23d41bfd6cbc060dc776d8105a72897651b9986e87ea6915abcbee6c	lerobot_groot_n15	n15	lerobot_groot_n15__robocasa365_ckpt120000		0	Pick the bread from the counter and place it in the cabinet.	robocasa_panda_omron/PickPlaceCounterToCabinet_PandaOmron_Env	100317	1300001	0	1			5		1	all_token_full	groot_n15_dit_block_residual_full_tokens_denoise	"[""layer"",""denoise_step"",""model_token"",""feature_dim""]"	[7,4,49,1536]	[0,2,4,8,10,12,15]	n15_grid_v4_jitter	grid_coord	meta	meta_json	46ea62d53e09/kanu/PPCC/bread/s401/n1/base	401	1
46ea62d53e09	kanu	PPCC/bread	4	2	base	activation	e03610a4fc80f874	e03610a4fc80f8748c8ce2593a279cf0f93a51581c1f8f9c26acc5fe4e02eb25	lerobot_groot_n15	n15	lerobot_groot_n15__robocasa365_ckpt120000		0	Pick the bread from the counter and place it in the cabinet.	robocasa_panda_omron/PickPlaceCounterToCabinet_PandaOmron_Env	100317	1300002	0	1			5		1	all_token_full	groot_n15_dit_block_residual_full_tokens_denoise	"[""layer"",""denoise_step"",""model_token"",""feature_dim""]"	[7,4,49,1536]	[0,2,4,8,10,12,15]	n15_grid_v4_jitter	grid_coord	meta	meta_json	46ea62d53e09/kanu/PPCC/bread/s401/n2/base	401	1
46ea62d53e09	kanu	PPCC/bread	4	3	base	activation	bc09aebcc0883a95	bc09aebcc0883a95bd3b493b68281477260f9afcc3cf743dfa6682fc1d3eba31	lerobot_groot_n15	n15	lerobot_groot_n15__robocasa365_ckpt120000		0	Pick the bread from the counter and place it in the cabinet.	robocasa_panda_omron/PickPlaceCounterToCabinet_PandaOmron_Env	100317	1300003	0	1			5		1	all_token_full	groot_n15_dit_block_residual_full_tokens_denoise	"[""layer"",""denoise_step"",""model_token"",""feature_dim""]"	[7,4,49,1536]	[0,2,4,8,10,12,15]	n15_grid_v4_jitter	grid_coord	meta	meta_json	46ea62d53e09/kanu/PPCC/bread/s401/n3/base	401	1
46ea62d53e09	kanu	PPCC/bread	4	4	base	activation	b0dcea8adafbc966	b0dcea8adafbc9660386fe24038189fd47e70777f6aac02b1fe7358a31a69ddc	lerobot_groot_n15	n15	lerobot_groot_n15__robocasa365_ckpt120000		0	Pick the bread from the counter and place it in the cabinet.	robocasa_panda_omron/PickPlaceCounterToCabinet_PandaOmron_Env	100317	1300004	0	1			5		1	all_token_full	groot_n15_dit_block_residual_full_tokens_denoise	"[""layer"",""denoise_step"",""model_token"",""feature_dim""]"	[7,4,49,1536]	[0,2,4,8,10,12,15]	n15_grid_v4_jitter	grid_coord	meta	meta_json	46ea62d53e09/kanu/PPCC/bread/s401/n4/base	401	1
46ea62d53e09	kanu	PPCC/bread	4	0	base	activation	3c1cfde8d172ed3c	3c1cfde8d172ed3caf2e125db3f64ea8679b1b946ab18742537d4e21c87b6709	lerobot_groot_n15	n15	lerobot_groot_n15__robocasa365_ckpt120000		0	Pick the bread from the counter and place it in the cabinet.	robocasa_panda_omron/PickPlaceCounterToCabinet_PandaOmron_Env	100317	1300000	0	1			5		1	all_token_full	groot_n15_dit_block_residual_full_tokens_denoise	"[""layer"",""denoise_step"",""model_token"",""feature_dim""]"	[7,4,49,1536]	[0,2,4,8,10,12,15]	n15_grid_v4_jitter	grid_coord	meta	meta_json	46ea62d53e09/kanu/PPCC/bread/s402/n0/base	402	2
46ea62d53e09	kanu	PPCC/bread	4	1	base	activation	12dd9601cbd0aa9e	12dd9601cbd0aa9e61d99dd286fc4955acbdc704a6c722d8c46dabad3c28ea64	lerobot_groot_n15	n15	lerobot_groot_n15__robocasa365_ckpt120000		0	Pick the bread from the counter and place it in the cabinet.	robocasa_panda_omron/PickPlaceCounterToCabinet_PandaOmron_Env	100317	1300001	0	1			5		1	all_token_full	groot_n15_dit_block_residual_full_tokens_denoise	"[""layer"",""denoise_step"",""model_token"",""feature_dim""]"	[7,4,49,1536]	[0,2,4,8,10,12,15]	n15_grid_v4_jitter	grid_coord	meta	meta_json	46ea62d53e09/kanu/PPCC/bread/s402/n1/base	402	2
46ea62d53e09	kanu	PPCC/bread	4	2	base	activation	3accaf8ca31cc2ac	3accaf8ca31cc2acfc45b130e1e6e5c3d9556eaa5baac75f6f60e95813a079f9	lerobot_groot_n15	n15	lerobot_groot_n15__robocasa365_ckpt120000		0	Pick the bread from the counter and place it in the cabinet.	robocasa_panda_omron/PickPlaceCounterToCabinet_PandaOmron_Env	100317	1300002	0	1			5		1	all_token_full	groot_n15_dit_block_residual_full_tokens_denoise	"[""layer"",""denoise_step"",""model_token"",""feature_dim""]"	[7,4,49,1536]	[0,2,4,8,10,12,15]	n15_grid_v4_jitter	grid_coord	meta	meta_json	46ea62d53e09/kanu/PPCC/bread/s402/n2/base	402	2
46ea62d53e09	kanu	PPCC/bread	4	3	base	activation	41e316315c484d9e	41e316315c484d9e7ffa04dc91f0abc622a2d499154523e50d5c41b6d41ab69f	lerobot_groot_n15	n15	lerobot_groot_n15__robocasa365_ckpt120000		0	Pick the bread from the counter and place it in the cabinet.	robocasa_panda_omron/PickPlaceCounterToCabinet_PandaOmron_Env	100317	1300003	0	1			5		1	all_token_full	groot_n15_dit_block_residual_full_tokens_denoise	"[""layer"",""denoise_step"",""model_token"",""feature_dim""]"	[7,4,49,1536]	[0,2,4,8,10,12,15]	n15_grid_v4_jitter	grid_coord	meta	meta_json	46ea62d53e09/kanu/PPCC/bread/s402/n3/base	402	2
46ea62d53e09	kanu	PPCC/bread	4	4	base	activation	5f2126ef5c229a05	5f2126ef5c229a050948b3455c6757d0908c9d47e881c6c4a267dc61e2c2d49f	lerobot_groot_n15	n15	lerobot_groot_n15__robocasa365_ckpt120000		0	Pick the bread from the counter and place it in the cabinet.	robocasa_panda_omron/PickPlaceCounterToCabinet_PandaOmron_Env	100317	1300004	0	1			5		1	all_token_full	groot_n15_dit_block_residual_full_tokens_denoise	"[""layer"",""denoise_step"",""model_token"",""feature_dim""]"	[7,4,49,1536]	[0,2,4,8,10,12,15]	n15_grid_v4_jitter	grid_coord	meta	meta_json	46ea62d53e09/kanu/PPCC/bread/s402/n4/base	402	2
46ea62d53e09	kanu	PPCC/bread	4	0	base	activation	62a140725c811a87	62a140725c811a87abc3b7222322ae804397b70022e41a879760b356e43cf51d	lerobot_groot_n15	n15	lerobot_groot_n15__robocasa365_ckpt120000		0	Pick the bread from the counter and place it in the cabinet.	robocasa_panda_omron/PickPlaceCounterToCabinet_PandaOmron_Env	100317	1300000	0	1			5		1	all_token_full	groot_n15_dit_block_residual_full_tokens_denoise	"[""layer"",""denoise_step"",""model_token"",""feature_dim""]"	[7,4,49,1536]	[0,2,4,8,10,12,15]	n15_grid_v4_jitter	grid_coord	meta	meta_json	46ea62d53e09/kanu/PPCC/bread/s403/n0/base	403	3
46ea62d53e09	kanu	PPCC/bread	4	1	base	activation	ef0c616460dc7f25	ef0c616460dc7f25b5ee5202cb9af3893d09202cf0bb56353ca5a183ad89afd5	lerobot_groot_n15	n15	lerobot_groot_n15__robocasa365_ckpt120000		0	Pick the bread from the counter and place it in the cabinet.	robocasa_panda_omron/PickPlaceCounterToCabinet_PandaOmron_Env	100317	1300001	0	1			5		1	all_token_full	groot_n15_dit_block_residual_full_tokens_denoise	"[""layer"",""denoise_step"",""model_token"",""feature_dim""]"	[7,4,49,1536]	[0,2,4,8,10,12,15]	n15_grid_v4_jitter	grid_coord	meta	meta_json	46ea62d53e09/kanu/PPCC/bread/s403/n1/base	403	3
46ea62d53e09	kanu	PPCC/bread	4	2	base	activation	c226b460ce7269b8	c226b460ce7269b88125e1bef59442f79305543a8a7ba93d817089bc777bc105	lerobot_groot_n15	n15	lerobot_groot_n15__robocasa365_ckpt120000		0	Pick the bread from the counter and place it in the cabinet.	robocasa_panda_omron/PickPlaceCounterToCabinet_PandaOmron_Env	100317	1300002	0	1			5		1	all_token_full	groot_n15_dit_block_residual_full_tokens_denoise	"[""layer"",""denoise_step"",""model_token"",""feature_dim""]"	[7,4,49,1536]	[0,2,4,8,10,12,15]	n15_grid_v4_jitter	grid_coord	meta	meta_json	46ea62d53e09/kanu/PPCC/bread/s403/n2/base	403	3
46ea62d53e09	kanu	PPCC/bread	4	3	base	activation	b044de9443a2faf3	b044de9443a2faf3d030778da129800462d06085e81dd1c25e5958bf2bd84fce	lerobot_groot_n15	n15	lerobot_groot_n15__robocasa365_ckpt120000		0	Pick the bread from the counter and place it in the cabinet.	robocasa_panda_omron/PickPlaceCounterToCabinet_PandaOmron_Env	100317	1300003	0	1			5		1	all_token_full	groot_n15_dit_block_residual_full_tokens_denoise	"[""layer"",""denoise_step"",""model_token"",""feature_dim""]"	[7,4,49,1536]	[0,2,4,8,10,12,15]	n15_grid_v4_jitter	grid_coord	meta	meta_json	46ea62d53e09/kanu/PPCC/bread/s403/n3/base	403	3
46ea62d53e09	kanu	PPCC/bread	4	4	base	activation	5d0794c1e90452d2	5d0794c1e90452d23c60cddc2730dc6e6dec66c2a6378621392120925c7e774d	lerobot_groot_n15	n15	lerobot_groot_n15__robocasa365_ckpt120000		0	Pick the bread from the counter and place it in the cabinet.	robocasa_panda_omron/PickPlaceCounterToCabinet_PandaOmron_Env	100317	1300004	0	1			5		1	all_token_full	groot_n15_dit_block_residual_full_tokens_denoise	"[""layer"",""denoise_step"",""model_token"",""feature_dim""]"	[7,4,49,1536]	[0,2,4,8,10,12,15]	n15_grid_v4_jitter	grid_coord	meta	meta_json	46ea62d53e09/kanu/PPCC/bread/s403/n4/base	403	3
46ea62d53e09	kanu	PPCC/marshmallow	0	0	base	activation	16c15ae738886a74	16c15ae738886a7490fce912adb221428780f043e33826d53395788fb3f20cc4	lerobot_groot_n15	n15	lerobot_groot_n15__robocasa365_ckpt120000		0	Pick the marshmallow from the counter and place it in the cabinet.	robocasa_panda_omron/PickPlaceCounterToCabinet_PandaOmron_Env	100007	1300000	0	1			5		1	all_token_full	groot_n15_dit_block_residual_full_tokens_denoise	"[""layer"",""denoise_step"",""model_token"",""feature_dim""]"	[7,4,49,1536]	[0,2,4,8,10,12,15]	n15_grid_v4_jitter	grid_coord	meta	meta_json	46ea62d53e09/kanu/PPCC/marshmallow/s0/n0/base	0	0
46ea62d53e09	kanu	PPCC/marshmallow	0	1	base	activation	55e12168532a42d3	55e12168532a42d3da7f0e67dacd636023a7db1187e898985c85e193d6224885	lerobot_groot_n15	n15	lerobot_groot_n15__robocasa365_ckpt120000		0	Pick the marshmallow from the counter and place it in the cabinet.	robocasa_panda_omron/PickPlaceCounterToCabinet_PandaOmron_Env	100007	1300001	0	1			5		1	all_token_full	groot_n15_dit_block_residual_full_tokens_denoise	"[""layer"",""denoise_step"",""model_token"",""feature_dim""]"	[7,4,49,1536]	[0,2,4,8,10,12,15]	n15_grid_v4_jitter	grid_coord	meta	meta_json	46ea62d53e09/kanu/PPCC/marshmallow/s0/n1/base	0	0
46ea62d53e09	kanu	PPCC/marshmallow	0	2	base	activation	4683632551bbfd27	4683632551bbfd27e74e34f94899265a6b6f27d4b91f7885d8978e590a9aa337	lerobot_groot_n15	n15	lerobot_groot_n15__robocasa365_ckpt120000		0	Pick the marshmallow from the counter and place it in the cabinet.	robocasa_panda_omron/PickPlaceCounterToCabinet_PandaOmron_Env	100007	1300002	0	1			5		1	all_token_full	groot_n15_dit_block_residual_full_tokens_denoise	"[""layer"",""denoise_step"",""model_token"",""feature_dim""]"	[7,4,49,1536]	[0,2,4,8,10,12,15]	n15_grid_v4_jitter	grid_coord	meta	meta_json	46ea62d53e09/kanu/PPCC/marshmallow/s0/n2/base	0	0
46ea62d53e09	kanu	PPCC/marshmallow	0	3	base	activation	0132c3c148f708f6	0132c3c148f708f6d0cdb722ce893b366221ae3301f1953d1a2cbb2c3bf2ad8e	lerobot_groot_n15	n15	lerobot_groot_n15__robocasa365_ckpt120000		0	Pick the marshmallow from the counter and place it in the cabinet.	robocasa_panda_omron/PickPlaceCounterToCabinet_PandaOmron_Env	100007	1300003	0	1			5		1	all_token_full	groot_n15_dit_block_residual_full_tokens_denoise	"[""layer"",""denoise_step"",""model_token"",""feature_dim""]"	[7,4,49,1536]	[0,2,4,8,10,12,15]	n15_grid_v4_jitter	grid_coord	meta	meta_json	46ea62d53e09/kanu/PPCC/marshmallow/s0/n3/base	0	0
46ea62d53e09	kanu	PPCC/marshmallow	0	4	base	activation	f6a5e1bd1badab36	f6a5e1bd1badab362b85f267e4dbb6d3d3c9a95f381e826377d81e3e2da8e88a	lerobot_groot_n15	n15	lerobot_groot_n15__robocasa365_ckpt120000		0	Pick the marshmallow from the counter and place it in the cabinet.	robocasa_panda_omron/PickPlaceCounterToCabinet_PandaOmron_Env	100007	1300004	0	1			5		1	all_token_full	groot_n15_dit_block_residual_full_tokens_denoise	"[""layer"",""denoise_step"",""model_token"",""feature_dim""]"	[7,4,49,1536]	[0,2,4,8,10,12,15]	n15_grid_v4_jitter	grid_coord	meta	meta_json	46ea62d53e09/kanu/PPCC/marshmallow/s0/n4/base	0	0
46ea62d53e09	kanu	PPCC/marshmallow	0	0	base	activation	8a132904879e6cc9	8a132904879e6cc9e4170d90a2e2aa226e14c8cb65f8dcbcbc6286f4d086c3d5	lerobot_groot_n15	n15	lerobot_groot_n15__robocasa365_ckpt120000		0	Pick the marshmallow from the counter and place it in the cabinet.	robocasa_panda_omron/PickPlaceCounterToCabinet_PandaOmron_Env	100007	1300000	0	1			5		1	all_token_full	groot_n15_dit_block_residual_full_tokens_denoise	"[""layer"",""denoise_step"",""model_token"",""feature_dim""]"	[7,4,49,1536]	[0,2,4,8,10,12,15]	n15_grid_v4_jitter	grid_coord	meta	meta_json	46ea62d53e09/kanu/PPCC/marshmallow/s1/n0/base	1	1
46ea62d53e09	kanu	PPCC/marshmallow	0	1	base	activation	7bca69e653ea249e	7bca69e653ea249e9b141cf1e560ec7434b5438bd3e0b97e763a72e56f06f9cf	lerobot_groot_n15	n15	lerobot_groot_n15__robocasa365_ckpt120000		0	Pick the marshmallow from the counter and place it in the cabinet.	robocasa_panda_omron/PickPlaceCounterToCabinet_PandaOmron_Env	100007	1300001	0	1			5		1	all_token_full	groot_n15_dit_block_residual_full_tokens_denoise	"[""layer"",""denoise_step"",""model_token"",""feature_dim""]"	[7,4,49,1536]	[0,2,4,8,10,12,15]	n15_grid_v4_jitter	grid_coord	meta	meta_json	46ea62d53e09/kanu/PPCC/marshmallow/s1/n1/base	1	1
46ea62d53e09	kanu	PPCC/marshmallow	0	2	base	activation	f9d75d467deab51c	f9d75d467deab51ced3a477ee9572dfbb94138724e360443c71ea575cb2b6fad	lerobot_groot_n15	n15	lerobot_groot_n15__robocasa365_ckpt120000		0	Pick the marshmallow from the counter and place it in the cabinet.	robocasa_panda_omron/PickPlaceCounterToCabinet_PandaOmron_Env	100007	1300002	0	1			5		1	all_token_full	groot_n15_dit_block_residual_full_tokens_denoise	"[""layer"",""denoise_step"",""model_token"",""feature_dim""]"	[7,4,49,1536]	[0,2,4,8,10,12,15]	n15_grid_v4_jitter	grid_coord	meta	meta_json	46ea62d53e09/kanu/PPCC/marshmallow/s1/n2/base	1	1
46ea62d53e09	kanu	PPCC/marshmallow	0	3	base	activation	8f84a347005afc26	8f84a347005afc266702a0072f78ab4ddfdc916867f940361fe583421048d470	lerobot_groot_n15	n15	lerobot_groot_n15__robocasa365_ckpt120000		0	Pick the marshmallow from the counter and place it in the cabinet.	robocasa_panda_omron/PickPlaceCounterToCabinet_PandaOmron_Env	100007	1300003	0	1			5		1	all_token_full	groot_n15_dit_block_residual_full_tokens_denoise	"[""layer"",""denoise_step"",""model_token"",""feature_dim""]"	[7,4,49,1536]	[0,2,4,8,10,12,15]	n15_grid_v4_jitter	grid_coord	meta	meta_json	46ea62d53e09/kanu/PPCC/marshmallow/s1/n3/base	1	1
46ea62d53e09	kanu	PPCC/marshmallow	0	4	base	activation	8d9810048b454193	8d9810048b454193e05b8e41d7b25f664446b9c35b8ec9cc2669df90bf5c81a7	lerobot_groot_n15	n15	lerobot_groot_n15__robocasa365_ckpt120000		0	Pick the marshmallow from the counter and place it in the cabinet.	robocasa_panda_omron/PickPlaceCounterToCabinet_PandaOmron_Env	100007	1300004	0	1			5		1	all_token_full	groot_n15_dit_block_residual_full_tokens_denoise	"[""layer"",""denoise_step"",""model_token"",""feature_dim""]"	[7,4,49,1536]	[0,2,4,8,10,12,15]	n15_grid_v4_jitter	grid_coord	meta	meta_json	46ea62d53e09/kanu/PPCC/marshmallow/s1/n4/base	1	1
46ea62d53e09	kanu	PPCC/marshmallow	1	0	base	activation	28142ec96c3c09bb	28142ec96c3c09bb4e25f0e9737f845389ec320a8e44256d58c4e5428d17f5f8	lerobot_groot_n15	n15	lerobot_groot_n15__robocasa365_ckpt120000		0	Pick the marshmallow from the counter and place it in the cabinet.	robocasa_panda_omron/PickPlaceCounterToCabinet_PandaOmron_Env	100179	1300000	0	1			5		1	all_token_full	groot_n15_dit_block_residual_full_tokens_denoise	"[""layer"",""denoise_step"",""model_token"",""feature_dim""]"	[7,4,49,1536]	[0,2,4,8,10,12,15]	n15_grid_v4_jitter	grid_coord	meta	meta_json	46ea62d53e09/kanu/PPCC/marshmallow/s100/n0/base	100	0
46ea62d53e09	kanu	PPCC/marshmallow	1	1	base	activation	6c693c10643c810c	6c693c10643c810c1e6421a71cdbb21f6e44024401cbc732354791d9c2ced222	lerobot_groot_n15	n15	lerobot_groot_n15__robocasa365_ckpt120000		0	Pick the marshmallow from the counter and place it in the cabinet.	robocasa_panda_omron/PickPlaceCounterToCabinet_PandaOmron_Env	100179	1300001	0	0			5		1	all_token_full	groot_n15_dit_block_residual_full_tokens_denoise	"[""layer"",""denoise_step"",""model_token"",""feature_dim""]"	[7,4,49,1536]	[0,2,4,8,10,12,15]	n15_grid_v4_jitter	grid_coord	meta	meta_json	46ea62d53e09/kanu/PPCC/marshmallow/s100/n1/base	100	0
46ea62d53e09	kanu	PPCC/marshmallow	1	2	base	activation	6a33cb5240c77a5a	6a33cb5240c77a5a247dfe5035889d6c50d280507dea051736fc73a4db271680	lerobot_groot_n15	n15	lerobot_groot_n15__robocasa365_ckpt120000		0	Pick the marshmallow from the counter and place it in the cabinet.	robocasa_panda_omron/PickPlaceCounterToCabinet_PandaOmron_Env	100179	1300002	0	0			5		1	all_token_full	groot_n15_dit_block_residual_full_tokens_denoise	"[""layer"",""denoise_step"",""model_token"",""feature_dim""]"	[7,4,49,1536]	[0,2,4,8,10,12,15]	n15_grid_v4_jitter	grid_coord	meta	meta_json	46ea62d53e09/kanu/PPCC/marshmallow/s100/n2/base	100	0
46ea62d53e09	kanu	PPCC/marshmallow	1	3	base	activation	7e7814ebb2b329e7	7e7814ebb2b329e76da104a15bcb675810f48dd0d58fcfa1657fd4fa547eded4	lerobot_groot_n15	n15	lerobot_groot_n15__robocasa365_ckpt120000		0	Pick the marshmallow from the counter and place it in the cabinet.	robocasa_panda_omron/PickPlaceCounterToCabinet_PandaOmron_Env	100179	1300003	0	0			5		1	all_token_full	groot_n15_dit_block_residual_full_tokens_denoise	"[""layer"",""denoise_step"",""model_token"",""feature_dim""]"	[7,4,49,1536]	[0,2,4,8,10,12,15]	n15_grid_v4_jitter	grid_coord	meta	meta_json	46ea62d53e09/kanu/PPCC/marshmallow/s100/n3/base	100	0
46ea62d53e09	kanu	PPCC/marshmallow	1	4	base	activation	2533c135edcedb1b	2533c135edcedb1bcf1671682c462e0562f28a19bc32b02b901376c920ea9e13	lerobot_groot_n15	n15	lerobot_groot_n15__robocasa365_ckpt120000		0	Pick the marshmallow from the counter and place it in the cabinet.	robocasa_panda_omron/PickPlaceCounterToCabinet_PandaOmron_Env	100179	1300004	0	1			5		1	all_token_full	groot_n15_dit_block_residual_full_tokens_denoise	"[""layer"",""denoise_step"",""model_token"",""feature_dim""]"	[7,4,49,1536]	[0,2,4,8,10,12,15]	n15_grid_v4_jitter	grid_coord	meta	meta_json	46ea62d53e09/kanu/PPCC/marshmallow/s100/n4/base	100	0
46ea62d53e09	kanu	PPCC/marshmallow	1	0	base	activation	455f8d90b2e84e2b	455f8d90b2e84e2bd48326c87cf1baa1a65791065743f7915f919b3056ab68c8	lerobot_groot_n15	n15	lerobot_groot_n15__robocasa365_ckpt120000		0	Pick the marshmallow from the counter and place it in the cabinet.	robocasa_panda_omron/PickPlaceCounterToCabinet_PandaOmron_Env	100179	1300000	0	1			5		1	all_token_full	groot_n15_dit_block_residual_full_tokens_denoise	"[""layer"",""denoise_step"",""model_token"",""feature_dim""]"	[7,4,49,1536]	[0,2,4,8,10,12,15]	n15_grid_v4_jitter	grid_coord	meta	meta_json	46ea62d53e09/kanu/PPCC/marshmallow/s101/n0/base	101	1
46ea62d53e09	kanu	PPCC/marshmallow	1	1	base	activation	8c10527e22c008c1	8c10527e22c008c14c48abe586e56e819b19916bff998076b970901abe9a6773	lerobot_groot_n15	n15	lerobot_groot_n15__robocasa365_ckpt120000		0	Pick the marshmallow from the counter and place it in the cabinet.	robocasa_panda_omron/PickPlaceCounterToCabinet_PandaOmron_Env	100179	1300001	0	1			5		1	all_token_full	groot_n15_dit_block_residual_full_tokens_denoise	"[""layer"",""denoise_step"",""model_token"",""feature_dim""]"	[7,4,49,1536]	[0,2,4,8,10,12,15]	n15_grid_v4_jitter	grid_coord	meta	meta_json	46ea62d53e09/kanu/PPCC/marshmallow/s101/n1/base	101	1
46ea62d53e09	kanu	PPCC/marshmallow	1	2	base	activation	8108dfd5cf9a1ec8	8108dfd5cf9a1ec835202163b719aed37aeb4fc03d0d0ef5e34933a397bff106	lerobot_groot_n15	n15	lerobot_groot_n15__robocasa365_ckpt120000		0	Pick the marshmallow from the counter and place it in the cabinet.	robocasa_panda_omron/PickPlaceCounterToCabinet_PandaOmron_Env	100179	1300002	0	1			5		1	all_token_full	groot_n15_dit_block_residual_full_tokens_denoise	"[""layer"",""denoise_step"",""model_token"",""feature_dim""]"	[7,4,49,1536]	[0,2,4,8,10,12,15]	n15_grid_v4_jitter	grid_coord	meta	meta_json	46ea62d53e09/kanu/PPCC/marshmallow/s101/n2/base	101	1
46ea62d53e09	kanu	PPCC/marshmallow	1	3	base	activation	738c522de9d6c370	738c522de9d6c37079508e28c8b130576e0c65a55988dd3de8bcfa1d65f5f647	lerobot_groot_n15	n15	lerobot_groot_n15__robocasa365_ckpt120000		0	Pick the marshmallow from the counter and place it in the cabinet.	robocasa_panda_omron/PickPlaceCounterToCabinet_PandaOmron_Env	100179	1300003	0	1			5		1	all_token_full	groot_n15_dit_block_residual_full_tokens_denoise	"[""layer"",""denoise_step"",""model_token"",""feature_dim""]"	[7,4,49,1536]	[0,2,4,8,10,12,15]	n15_grid_v4_jitter	grid_coord	meta	meta_json	46ea62d53e09/kanu/PPCC/marshmallow/s101/n3/base	101	1
46ea62d53e09	kanu	PPCC/marshmallow	1	4	base	activation	0925fb2192baab74	0925fb2192baab7470ea95dbf21b7e9850d543047d46b229c00eacf9e479cbf2	lerobot_groot_n15	n15	lerobot_groot_n15__robocasa365_ckpt120000		0	Pick the marshmallow from the counter and place it in the cabinet.	robocasa_panda_omron/PickPlaceCounterToCabinet_PandaOmron_Env	100179	1300004	0	1			5		1	all_token_full	groot_n15_dit_block_residual_full_tokens_denoise	"[""layer"",""denoise_step"",""model_token"",""feature_dim""]"	[7,4,49,1536]	[0,2,4,8,10,12,15]	n15_grid_v4_jitter	grid_coord	meta	meta_json	46ea62d53e09/kanu/PPCC/marshmallow/s101/n4/base	101	1
46ea62d53e09	kanu	PPCC/marshmallow	1	0	base	activation	0c67e25de32d065f	0c67e25de32d065f7ddc2c89abb6a877c50543123059e62949bba1d2d0c98a7d	lerobot_groot_n15	n15	lerobot_groot_n15__robocasa365_ckpt120000		0	Pick the marshmallow from the counter and place it in the cabinet.	robocasa_panda_omron/PickPlaceCounterToCabinet_PandaOmron_Env	100179	1300000	0	1			5		1	all_token_full	groot_n15_dit_block_residual_full_tokens_denoise	"[""layer"",""denoise_step"",""model_token"",""feature_dim""]"	[7,4,49,1536]	[0,2,4,8,10,12,15]	n15_grid_v4_jitter	grid_coord	meta	meta_json	46ea62d53e09/kanu/PPCC/marshmallow/s102/n0/base	102	2
46ea62d53e09	kanu	PPCC/marshmallow	1	1	base	activation	ff5e4dbe82372b5f	ff5e4dbe82372b5fa15de7268bc6921b506b29706b4a983a896433ccf4742c6a	lerobot_groot_n15	n15	lerobot_groot_n15__robocasa365_ckpt120000		0	Pick the marshmallow from the counter and place it in the cabinet.	robocasa_panda_omron/PickPlaceCounterToCabinet_PandaOmron_Env	100179	1300001	0	1			5		1	all_token_full	groot_n15_dit_block_residual_full_tokens_denoise	"[""layer"",""denoise_step"",""model_token"",""feature_dim""]"	[7,4,49,1536]	[0,2,4,8,10,12,15]	n15_grid_v4_jitter	grid_coord	meta	meta_json	46ea62d53e09/kanu/PPCC/marshmallow/s102/n1/base	102	2
46ea62d53e09	kanu	PPCC/marshmallow	1	2	base	activation	355fcb639154e695	355fcb639154e695ddc4ff148ba980ec0b843364627feba6645156a182e90c92	lerobot_groot_n15	n15	lerobot_groot_n15__robocasa365_ckpt120000		0	Pick the marshmallow from the counter and place it in the cabinet.	robocasa_panda_omron/PickPlaceCounterToCabinet_PandaOmron_Env	100179	1300002	0	0			5		1	all_token_full	groot_n15_dit_block_residual_full_tokens_denoise	"[""layer"",""denoise_step"",""model_token"",""feature_dim""]"	[7,4,49,1536]	[0,2,4,8,10,12,15]	n15_grid_v4_jitter	grid_coord	meta	meta_json	46ea62d53e09/kanu/PPCC/marshmallow/s102/n2/base	102	2
46ea62d53e09	kanu	PPCC/marshmallow	1	3	base	activation	86e3ce4feeac6120	86e3ce4feeac6120966d268a06313a44707d0f3d2f1dc6c3707f80d5f87e5049	lerobot_groot_n15	n15	lerobot_groot_n15__robocasa365_ckpt120000		0	Pick the marshmallow from the counter and place it in the cabinet.	robocasa_panda_omron/PickPlaceCounterToCabinet_PandaOmron_Env	100179	1300003	0	1			5		1	all_token_full	groot_n15_dit_block_residual_full_tokens_denoise	"[""layer"",""denoise_step"",""model_token"",""feature_dim""]"	[7,4,49,1536]	[0,2,4,8,10,12,15]	n15_grid_v4_jitter	grid_coord	meta	meta_json	46ea62d53e09/kanu/PPCC/marshmallow/s102/n3/base	102	2
46ea62d53e09	kanu	PPCC/marshmallow	1	4	base	activation	be82370fcf67a788	be82370fcf67a78844a537338586b1926db8d20c4c56d2f8e95c2ebdab7f2072	lerobot_groot_n15	n15	lerobot_groot_n15__robocasa365_ckpt120000		0	Pick the marshmallow from the counter and place it in the cabinet.	robocasa_panda_omron/PickPlaceCounterToCabinet_PandaOmron_Env	100179	1300004	0	0			5		1	all_token_full	groot_n15_dit_block_residual_full_tokens_denoise	"[""layer"",""denoise_step"",""model_token"",""feature_dim""]"	[7,4,49,1536]	[0,2,4,8,10,12,15]	n15_grid_v4_jitter	grid_coord	meta	meta_json	46ea62d53e09/kanu/PPCC/marshmallow/s102/n4/base	102	2
46ea62d53e09	kanu	PPCC/marshmallow	1	0	base	activation	d09c44590342370e	d09c44590342370e44a13569f266f636fb7fd7013d81d2cc895ceebe04bb136e	lerobot_groot_n15	n15	lerobot_groot_n15__robocasa365_ckpt120000		0	Pick the marshmallow from the counter and place it in the cabinet.	robocasa_panda_omron/PickPlaceCounterToCabinet_PandaOmron_Env	100179	1300000	0	1			5		1	all_token_full	groot_n15_dit_block_residual_full_tokens_denoise	"[""layer"",""denoise_step"",""model_token"",""feature_dim""]"	[7,4,49,1536]	[0,2,4,8,10,12,15]	n15_grid_v4_jitter	grid_coord	meta	meta_json	46ea62d53e09/kanu/PPCC/marshmallow/s103/n0/base	103	3
46ea62d53e09	kanu	PPCC/marshmallow	1	1	base	activation	83864ff11136f4fd	83864ff11136f4fd2a42c345de4edda9806b4f9c65a3a31c94c4aeb1b38f1383	lerobot_groot_n15	n15	lerobot_groot_n15__robocasa365_ckpt120000		0	Pick the marshmallow from the counter and place it in the cabinet.	robocasa_panda_omron/PickPlaceCounterToCabinet_PandaOmron_Env	100179	1300001	0	1			5		1	all_token_full	groot_n15_dit_block_residual_full_tokens_denoise	"[""layer"",""denoise_step"",""model_token"",""feature_dim""]"	[7,4,49,1536]	[0,2,4,8,10,12,15]	n15_grid_v4_jitter	grid_coord	meta	meta_json	46ea62d53e09/kanu/PPCC/marshmallow/s103/n1/base	103	3
46ea62d53e09	kanu	PPCC/marshmallow	1	2	base	activation	2352e195ce335b3b	2352e195ce335b3b19f9dd2120fbd4dac60d6abfd32734a0aba4f4e7cf21c38c	lerobot_groot_n15	n15	lerobot_groot_n15__robocasa365_ckpt120000		0	Pick the marshmallow from the counter and place it in the cabinet.	robocasa_panda_omron/PickPlaceCounterToCabinet_PandaOmron_Env	100179	1300002	0	1			5		1	all_token_full	groot_n15_dit_block_residual_full_tokens_denoise	"[""layer"",""denoise_step"",""model_token"",""feature_dim""]"	[7,4,49,1536]	[0,2,4,8,10,12,15]	n15_grid_v4_jitter	grid_coord	meta	meta_json	46ea62d53e09/kanu/PPCC/marshmallow/s103/n2/base	103	3
46ea62d53e09	kanu	PPCC/marshmallow	1	3	base	activation	86f5f00d73eda655	86f5f00d73eda6559c87a82d257abd41b13191248554053487da2de5132e3d97	lerobot_groot_n15	n15	lerobot_groot_n15__robocasa365_ckpt120000		0	Pick the marshmallow from the counter and place it in the cabinet.	robocasa_panda_omron/PickPlaceCounterToCabinet_PandaOmron_Env	100179	1300003	0	1			5		1	all_token_full	groot_n15_dit_block_residual_full_tokens_denoise	"[""layer"",""denoise_step"",""model_token"",""feature_dim""]"	[7,4,49,1536]	[0,2,4,8,10,12,15]	n15_grid_v4_jitter	grid_coord	meta	meta_json	46ea62d53e09/kanu/PPCC/marshmallow/s103/n3/base	103	3
46ea62d53e09	kanu	PPCC/marshmallow	1	4	base	activation	4494fa046e0dced7	4494fa046e0dced761f507980955a27645c6c94f8c573d0917819014c6f96fff	lerobot_groot_n15	n15	lerobot_groot_n15__robocasa365_ckpt120000		0	Pick the marshmallow from the counter and place it in the cabinet.	robocasa_panda_omron/PickPlaceCounterToCabinet_PandaOmron_Env	100179	1300004	0	1			5		1	all_token_full	groot_n15_dit_block_residual_full_tokens_denoise	"[""layer"",""denoise_step"",""model_token"",""feature_dim""]"	[7,4,49,1536]	[0,2,4,8,10,12,15]	n15_grid_v4_jitter	grid_coord	meta	meta_json	46ea62d53e09/kanu/PPCC/marshmallow/s103/n4/base	103	3
46ea62d53e09	kanu	PPCC/marshmallow	0	0	base	activation	5f41530c05ba9f9a	5f41530c05ba9f9ac8ff2a8a6cab21a97e9faa21ff91b60e22bf3183a807b9c4	lerobot_groot_n15	n15	lerobot_groot_n15__robocasa365_ckpt120000		0	Pick the marshmallow from the counter and place it in the cabinet.	robocasa_panda_omron/PickPlaceCounterToCabinet_PandaOmron_Env	100007	1300000	0	1			5		1	all_token_full	groot_n15_dit_block_residual_full_tokens_denoise	"[""layer"",""denoise_step"",""model_token"",""feature_dim""]"	[7,4,49,1536]	[0,2,4,8,10,12,15]	n15_grid_v4_jitter	grid_coord	meta	meta_json	46ea62d53e09/kanu/PPCC/marshmallow/s2/n0/base	2	2
46ea62d53e09	kanu	PPCC/marshmallow	0	1	base	activation	cec51a2a6c8ccaff	cec51a2a6c8ccaff690bc7d37810287f5baba23dd5508b7e8505e7cce8a1c439	lerobot_groot_n15	n15	lerobot_groot_n15__robocasa365_ckpt120000		0	Pick the marshmallow from the counter and place it in the cabinet.	robocasa_panda_omron/PickPlaceCounterToCabinet_PandaOmron_Env	100007	1300001	0	1			5		1	all_token_full	groot_n15_dit_block_residual_full_tokens_denoise	"[""layer"",""denoise_step"",""model_token"",""feature_dim""]"	[7,4,49,1536]	[0,2,4,8,10,12,15]	n15_grid_v4_jitter	grid_coord	meta	meta_json	46ea62d53e09/kanu/PPCC/marshmallow/s2/n1/base	2	2
46ea62d53e09	kanu	PPCC/marshmallow	0	2	base	activation	711d4f9d4598fd23	711d4f9d4598fd23e6df0a1709b2537b3e3c861eb615a00e04ecd6b3efc92688	lerobot_groot_n15	n15	lerobot_groot_n15__robocasa365_ckpt120000		0	Pick the marshmallow from the counter and place it in the cabinet.	robocasa_panda_omron/PickPlaceCounterToCabinet_PandaOmron_Env	100007	1300002	0	1			5		1	all_token_full	groot_n15_dit_block_residual_full_tokens_denoise	"[""layer"",""denoise_step"",""model_token"",""feature_dim""]"	[7,4,49,1536]	[0,2,4,8,10,12,15]	n15_grid_v4_jitter	grid_coord	meta	meta_json	46ea62d53e09/kanu/PPCC/marshmallow/s2/n2/base	2	2
46ea62d53e09	kanu	PPCC/marshmallow	0	3	base	activation	9be4225194517f02	9be4225194517f02d970eef36788e8127a9cea2dd09cd0afcd06ec137eeac4a3	lerobot_groot_n15	n15	lerobot_groot_n15__robocasa365_ckpt120000		0	Pick the marshmallow from the counter and place it in the cabinet.	robocasa_panda_omron/PickPlaceCounterToCabinet_PandaOmron_Env	100007	1300003	0	1			5		1	all_token_full	groot_n15_dit_block_residual_full_tokens_denoise	"[""layer"",""denoise_step"",""model_token"",""feature_dim""]"	[7,4,49,1536]	[0,2,4,8,10,12,15]	n15_grid_v4_jitter	grid_coord	meta	meta_json	46ea62d53e09/kanu/PPCC/marshmallow/s2/n3/base	2	2
46ea62d53e09	kanu	PPCC/marshmallow	0	4	base	activation	f7101838dd575c48	f7101838dd575c48f1b6c26cdc6f33cbe4e760fbdf39e0475878ff38d130f21a	lerobot_groot_n15	n15	lerobot_groot_n15__robocasa365_ckpt120000		0	Pick the marshmallow from the counter and place it in the cabinet.	robocasa_panda_omron/PickPlaceCounterToCabinet_PandaOmron_Env	100007	1300004	0	0			5		1	all_token_full	groot_n15_dit_block_residual_full_tokens_denoise	"[""layer"",""denoise_step"",""model_token"",""feature_dim""]"	[7,4,49,1536]	[0,2,4,8,10,12,15]	n15_grid_v4_jitter	grid_coord	meta	meta_json	46ea62d53e09/kanu/PPCC/marshmallow/s2/n4/base	2	2
46ea62d53e09	kanu	PPCC/marshmallow	2	0	base	activation	b3ba31ddff0706a2	b3ba31ddff0706a239d2e3114e30a9f20c10cca65c795b7b560274385a8b4bd4	lerobot_groot_n15	n15	lerobot_groot_n15__robocasa365_ckpt120000		0	Pick the marshmallow from the counter and place it in the cabinet.	robocasa_panda_omron/PickPlaceCounterToCabinet_PandaOmron_Env	100222	1300000	0	1			5		1	all_token_full	groot_n15_dit_block_residual_full_tokens_denoise	"[""layer"",""denoise_step"",""model_token"",""feature_dim""]"	[7,4,49,1536]	[0,2,4,8,10,12,15]	n15_grid_v4_jitter	grid_coord	meta	meta_json	46ea62d53e09/kanu/PPCC/marshmallow/s200/n0/base	200	0
46ea62d53e09	kanu	PPCC/marshmallow	2	1	base	activation	14cbd26e0adb80cd	14cbd26e0adb80cdc5616c46af5365f1c5ab80bdfa91d71bffccc1173bfc9a9c	lerobot_groot_n15	n15	lerobot_groot_n15__robocasa365_ckpt120000		0	Pick the marshmallow from the counter and place it in the cabinet.	robocasa_panda_omron/PickPlaceCounterToCabinet_PandaOmron_Env	100222	1300001	0	1			5		1	all_token_full	groot_n15_dit_block_residual_full_tokens_denoise	"[""layer"",""denoise_step"",""model_token"",""feature_dim""]"	[7,4,49,1536]	[0,2,4,8,10,12,15]	n15_grid_v4_jitter	grid_coord	meta	meta_json	46ea62d53e09/kanu/PPCC/marshmallow/s200/n1/base	200	0
46ea62d53e09	kanu	PPCC/marshmallow	2	2	base	activation	1d50f7a474a3ae65	1d50f7a474a3ae652c1747937beb606f9bd193238a05e4eecfe5d7b1a62674df	lerobot_groot_n15	n15	lerobot_groot_n15__robocasa365_ckpt120000		0	Pick the marshmallow from the counter and place it in the cabinet.	robocasa_panda_omron/PickPlaceCounterToCabinet_PandaOmron_Env	100222	1300002	0	1			5		1	all_token_full	groot_n15_dit_block_residual_full_tokens_denoise	"[""layer"",""denoise_step"",""model_token"",""feature_dim""]"	[7,4,49,1536]	[0,2,4,8,10,12,15]	n15_grid_v4_jitter	grid_coord	meta	meta_json	46ea62d53e09/kanu/PPCC/marshmallow/s200/n2/base	200	0
46ea62d53e09	kanu	PPCC/marshmallow	2	3	base	activation	8e027a448d5c282e	8e027a448d5c282e107286d65e72e98c0e8a8f456fa867596a771037f1040a3e	lerobot_groot_n15	n15	lerobot_groot_n15__robocasa365_ckpt120000		0	Pick the marshmallow from the counter and place it in the cabinet.	robocasa_panda_omron/PickPlaceCounterToCabinet_PandaOmron_Env	100222	1300003	0	1			5		1	all_token_full	groot_n15_dit_block_residual_full_tokens_denoise	"[""layer"",""denoise_step"",""model_token"",""feature_dim""]"	[7,4,49,1536]	[0,2,4,8,10,12,15]	n15_grid_v4_jitter	grid_coord	meta	meta_json	46ea62d53e09/kanu/PPCC/marshmallow/s200/n3/base	200	0
46ea62d53e09	kanu	PPCC/marshmallow	2	4	base	activation	a2ae2b49d288d750	a2ae2b49d288d750fe535619adf1195057552c16ef531d6fdb98af7527681585	lerobot_groot_n15	n15	lerobot_groot_n15__robocasa365_ckpt120000		0	Pick the marshmallow from the counter and place it in the cabinet.	robocasa_panda_omron/PickPlaceCounterToCabinet_PandaOmron_Env	100222	1300004	0	1			5		1	all_token_full	groot_n15_dit_block_residual_full_tokens_denoise	"[""layer"",""denoise_step"",""model_token"",""feature_dim""]"	[7,4,49,1536]	[0,2,4,8,10,12,15]	n15_grid_v4_jitter	grid_coord	meta	meta_json	46ea62d53e09/kanu/PPCC/marshmallow/s200/n4/base	200	0
46ea62d53e09	kanu	PPCC/marshmallow	2	0	base	activation	dd67d4611140760e	dd67d4611140760e9124c0750a076ae322bf2fadf728b365956ba3c17ff23560	lerobot_groot_n15	n15	lerobot_groot_n15__robocasa365_ckpt120000		0	Pick the marshmallow from the counter and place it in the cabinet.	robocasa_panda_omron/PickPlaceCounterToCabinet_PandaOmron_Env	100222	1300000	0	1			5		1	all_token_full	groot_n15_dit_block_residual_full_tokens_denoise	"[""layer"",""denoise_step"",""model_token"",""feature_dim""]"	[7,4,49,1536]	[0,2,4,8,10,12,15]	n15_grid_v4_jitter	grid_coord	meta	meta_json	46ea62d53e09/kanu/PPCC/marshmallow/s201/n0/base	201	1
46ea62d53e09	kanu	PPCC/marshmallow	2	1	base	activation	76c8d850215e4fb1	76c8d850215e4fb1d0290f8626a2788dcfa46eece0e32288ea3623b9fd46e1da	lerobot_groot_n15	n15	lerobot_groot_n15__robocasa365_ckpt120000		0	Pick the marshmallow from the counter and place it in the cabinet.	robocasa_panda_omron/PickPlaceCounterToCabinet_PandaOmron_Env	100222	1300001	0	1			5		1	all_token_full	groot_n15_dit_block_residual_full_tokens_denoise	"[""layer"",""denoise_step"",""model_token"",""feature_dim""]"	[7,4,49,1536]	[0,2,4,8,10,12,15]	n15_grid_v4_jitter	grid_coord	meta	meta_json	46ea62d53e09/kanu/PPCC/marshmallow/s201/n1/base	201	1
46ea62d53e09	kanu	PPCC/marshmallow	2	2	base	activation	461c9890069259ff	461c9890069259ff475757e106c0fa07bb1e6a6669eab25987bd772642022dac	lerobot_groot_n15	n15	lerobot_groot_n15__robocasa365_ckpt120000		0	Pick the marshmallow from the counter and place it in the cabinet.	robocasa_panda_omron/PickPlaceCounterToCabinet_PandaOmron_Env	100222	1300002	0	1			5		1	all_token_full	groot_n15_dit_block_residual_full_tokens_denoise	"[""layer"",""denoise_step"",""model_token"",""feature_dim""]"	[7,4,49,1536]	[0,2,4,8,10,12,15]	n15_grid_v4_jitter	grid_coord	meta	meta_json	46ea62d53e09/kanu/PPCC/marshmallow/s201/n2/base	201	1
46ea62d53e09	kanu	PPCC/marshmallow	2	3	base	activation	bc0532b59ac0bc73	bc0532b59ac0bc73d895e11225101956627a34891ca090375222ac898be12bf2	lerobot_groot_n15	n15	lerobot_groot_n15__robocasa365_ckpt120000		0	Pick the marshmallow from the counter and place it in the cabinet.	robocasa_panda_omron/PickPlaceCounterToCabinet_PandaOmron_Env	100222	1300003	0	1			5		1	all_token_full	groot_n15_dit_block_residual_full_tokens_denoise	"[""layer"",""denoise_step"",""model_token"",""feature_dim""]"	[7,4,49,1536]	[0,2,4,8,10,12,15]	n15_grid_v4_jitter	grid_coord	meta	meta_json	46ea62d53e09/kanu/PPCC/marshmallow/s201/n3/base	201	1
46ea62d53e09	kanu	PPCC/marshmallow	2	4	base	activation	7979284e88fbe583	7979284e88fbe5831d1417c02ad56998c98631e5d4597d6ebd01ac1e2757b8db	lerobot_groot_n15	n15	lerobot_groot_n15__robocasa365_ckpt120000		0	Pick the marshmallow from the counter and place it in the cabinet.	robocasa_panda_omron/PickPlaceCounterToCabinet_PandaOmron_Env	100222	1300004	0	1			5		1	all_token_full	groot_n15_dit_block_residual_full_tokens_denoise	"[""layer"",""denoise_step"",""model_token"",""feature_dim""]"	[7,4,49,1536]	[0,2,4,8,10,12,15]	n15_grid_v4_jitter	grid_coord	meta	meta_json	46ea62d53e09/kanu/PPCC/marshmallow/s201/n4/base	201	1
46ea62d53e09	kanu	PPCC/marshmallow	2	0	base	activation	efce69de510ba558	efce69de510ba55832db7698b3806fc01475862e8327c0ebe704f42e86bc9dbe	lerobot_groot_n15	n15	lerobot_groot_n15__robocasa365_ckpt120000		0	Pick the marshmallow from the counter and place it in the cabinet.	robocasa_panda_omron/PickPlaceCounterToCabinet_PandaOmron_Env	100222	1300000	0	0			5		1	all_token_full	groot_n15_dit_block_residual_full_tokens_denoise	"[""layer"",""denoise_step"",""model_token"",""feature_dim""]"	[7,4,49,1536]	[0,2,4,8,10,12,15]	n15_grid_v4_jitter	grid_coord	meta	meta_json	46ea62d53e09/kanu/PPCC/marshmallow/s202/n0/base	202	2
46ea62d53e09	kanu	PPCC/marshmallow	2	1	base	activation	96803b95ed65db1d	96803b95ed65db1d73b232dfa525e1241441a670fe83e3730f272b978a14dc57	lerobot_groot_n15	n15	lerobot_groot_n15__robocasa365_ckpt120000		0	Pick the marshmallow from the counter and place it in the cabinet.	robocasa_panda_omron/PickPlaceCounterToCabinet_PandaOmron_Env	100222	1300001	0	0			5		1	all_token_full	groot_n15_dit_block_residual_full_tokens_denoise	"[""layer"",""denoise_step"",""model_token"",""feature_dim""]"	[7,4,49,1536]	[0,2,4,8,10,12,15]	n15_grid_v4_jitter	grid_coord	meta	meta_json	46ea62d53e09/kanu/PPCC/marshmallow/s202/n1/base	202	2
46ea62d53e09	kanu	PPCC/marshmallow	2	2	base	activation	4f58b9e207bbff28	4f58b9e207bbff28c57381da3c5f0ce7812ae15d4b7e54a4f6c8a7df7fed6acb	lerobot_groot_n15	n15	lerobot_groot_n15__robocasa365_ckpt120000		0	Pick the marshmallow from the counter and place it in the cabinet.	robocasa_panda_omron/PickPlaceCounterToCabinet_PandaOmron_Env	100222	1300002	0	0			5		1	all_token_full	groot_n15_dit_block_residual_full_tokens_denoise	"[""layer"",""denoise_step"",""model_token"",""feature_dim""]"	[7,4,49,1536]	[0,2,4,8,10,12,15]	n15_grid_v4_jitter	grid_coord	meta	meta_json	46ea62d53e09/kanu/PPCC/marshmallow/s202/n2/base	202	2
46ea62d53e09	kanu	PPCC/marshmallow	2	3	base	activation	473ff58d8dbaddb6	473ff58d8dbaddb69a946073cb05b041a01c15072b9c2e619ee6a5ab3860e71c	lerobot_groot_n15	n15	lerobot_groot_n15__robocasa365_ckpt120000		0	Pick the marshmallow from the counter and place it in the cabinet.	robocasa_panda_omron/PickPlaceCounterToCabinet_PandaOmron_Env	100222	1300003	0	0			5		1	all_token_full	groot_n15_dit_block_residual_full_tokens_denoise	"[""layer"",""denoise_step"",""model_token"",""feature_dim""]"	[7,4,49,1536]	[0,2,4,8,10,12,15]	n15_grid_v4_jitter	grid_coord	meta	meta_json	46ea62d53e09/kanu/PPCC/marshmallow/s202/n3/base	202	2
46ea62d53e09	kanu	PPCC/marshmallow	2	4	base	activation	658ee5a8d81b5a7d	658ee5a8d81b5a7d471a00c86e205a6944471dd9a2f6e4e88ee1f78d073899c5	lerobot_groot_n15	n15	lerobot_groot_n15__robocasa365_ckpt120000		0	Pick the marshmallow from the counter and place it in the cabinet.	robocasa_panda_omron/PickPlaceCounterToCabinet_PandaOmron_Env	100222	1300004	0	0			5		1	all_token_full	groot_n15_dit_block_residual_full_tokens_denoise	"[""layer"",""denoise_step"",""model_token"",""feature_dim""]"	[7,4,49,1536]	[0,2,4,8,10,12,15]	n15_grid_v4_jitter	grid_coord	meta	meta_json	46ea62d53e09/kanu/PPCC/marshmallow/s202/n4/base	202	2
46ea62d53e09	kanu	PPCC/marshmallow	2	0	base	activation	aa7c50b82d58c4d0	aa7c50b82d58c4d0150e8789dfd43f5dde6390596fb99b21d88465b900c580f7	lerobot_groot_n15	n15	lerobot_groot_n15__robocasa365_ckpt120000		0	Pick the marshmallow from the counter and place it in the cabinet.	robocasa_panda_omron/PickPlaceCounterToCabinet_PandaOmron_Env	100222	1300000	0	1			5		1	all_token_full	groot_n15_dit_block_residual_full_tokens_denoise	"[""layer"",""denoise_step"",""model_token"",""feature_dim""]"	[7,4,49,1536]	[0,2,4,8,10,12,15]	n15_grid_v4_jitter	grid_coord	meta	meta_json	46ea62d53e09/kanu/PPCC/marshmallow/s203/n0/base	203	3
46ea62d53e09	kanu	PPCC/marshmallow	2	1	base	activation	d8feeec7a8b3b9ad	d8feeec7a8b3b9ad3863af608ab16fbfe315931f87a380fdf8ef8b914abdda80	lerobot_groot_n15	n15	lerobot_groot_n15__robocasa365_ckpt120000		0	Pick the marshmallow from the counter and place it in the cabinet.	robocasa_panda_omron/PickPlaceCounterToCabinet_PandaOmron_Env	100222	1300001	0	1			5		1	all_token_full	groot_n15_dit_block_residual_full_tokens_denoise	"[""layer"",""denoise_step"",""model_token"",""feature_dim""]"	[7,4,49,1536]	[0,2,4,8,10,12,15]	n15_grid_v4_jitter	grid_coord	meta	meta_json	46ea62d53e09/kanu/PPCC/marshmallow/s203/n1/base	203	3
46ea62d53e09	kanu	PPCC/marshmallow	2	2	base	activation	1362d5a4e2895957	1362d5a4e2895957d940006baaa0c6c439e259c1cd5efb0c865c189a78d4dc9e	lerobot_groot_n15	n15	lerobot_groot_n15__robocasa365_ckpt120000		0	Pick the marshmallow from the counter and place it in the cabinet.	robocasa_panda_omron/PickPlaceCounterToCabinet_PandaOmron_Env	100222	1300002	0	1			5		1	all_token_full	groot_n15_dit_block_residual_full_tokens_denoise	"[""layer"",""denoise_step"",""model_token"",""feature_dim""]"	[7,4,49,1536]	[0,2,4,8,10,12,15]	n15_grid_v4_jitter	grid_coord	meta	meta_json	46ea62d53e09/kanu/PPCC/marshmallow/s203/n2/base	203	3
46ea62d53e09	kanu	PPCC/marshmallow	2	3	base	activation	45f5e3c23c6ba378	45f5e3c23c6ba3787c8bd028726e70235331595634fcd205ea7e2784f04552b2	lerobot_groot_n15	n15	lerobot_groot_n15__robocasa365_ckpt120000		0	Pick the marshmallow from the counter and place it in the cabinet.	robocasa_panda_omron/PickPlaceCounterToCabinet_PandaOmron_Env	100222	1300003	0	1			5		1	all_token_full	groot_n15_dit_block_residual_full_tokens_denoise	"[""layer"",""denoise_step"",""model_token"",""feature_dim""]"	[7,4,49,1536]	[0,2,4,8,10,12,15]	n15_grid_v4_jitter	grid_coord	meta	meta_json	46ea62d53e09/kanu/PPCC/marshmallow/s203/n3/base	203	3
46ea62d53e09	kanu	PPCC/marshmallow	2	4	base	activation	0b0343bafe4a2153	0b0343bafe4a215369f221064ad720d5e4f86892bb46cb2a2be917c35763e49f	lerobot_groot_n15	n15	lerobot_groot_n15__robocasa365_ckpt120000		0	Pick the marshmallow from the counter and place it in the cabinet.	robocasa_panda_omron/PickPlaceCounterToCabinet_PandaOmron_Env	100222	1300004	0	1			5		1	all_token_full	groot_n15_dit_block_residual_full_tokens_denoise	"[""layer"",""denoise_step"",""model_token"",""feature_dim""]"	[7,4,49,1536]	[0,2,4,8,10,12,15]	n15_grid_v4_jitter	grid_coord	meta	meta_json	46ea62d53e09/kanu/PPCC/marshmallow/s203/n4/base	203	3
46ea62d53e09	kanu	PPCC/marshmallow	0	0	base	activation	d750801a4fe6c3e9	d750801a4fe6c3e9f701a692db950ba44aa7069559dd9f025415e3905101cdf4	lerobot_groot_n15	n15	lerobot_groot_n15__robocasa365_ckpt120000		0	Pick the marshmallow from the counter and place it in the cabinet.	robocasa_panda_omron/PickPlaceCounterToCabinet_PandaOmron_Env	100007	1300000	0	1			5		1	all_token_full	groot_n15_dit_block_residual_full_tokens_denoise	"[""layer"",""denoise_step"",""model_token"",""feature_dim""]"	[7,4,49,1536]	[0,2,4,8,10,12,15]	n15_grid_v4_jitter	grid_coord	meta	meta_json	46ea62d53e09/kanu/PPCC/marshmallow/s3/n0/base	3	3
46ea62d53e09	kanu	PPCC/marshmallow	0	1	base	activation	42e14cbcbfc088d4	42e14cbcbfc088d43ed3ecac5ea1966acefff600092d93ce863199d3f46a20d4	lerobot_groot_n15	n15	lerobot_groot_n15__robocasa365_ckpt120000		0	Pick the marshmallow from the counter and place it in the cabinet.	robocasa_panda_omron/PickPlaceCounterToCabinet_PandaOmron_Env	100007	1300001	0	1			5		1	all_token_full	groot_n15_dit_block_residual_full_tokens_denoise	"[""layer"",""denoise_step"",""model_token"",""feature_dim""]"	[7,4,49,1536]	[0,2,4,8,10,12,15]	n15_grid_v4_jitter	grid_coord	meta	meta_json	46ea62d53e09/kanu/PPCC/marshmallow/s3/n1/base	3	3
46ea62d53e09	kanu	PPCC/marshmallow	0	2	base	activation	e832c1f46626d93f	e832c1f46626d93f095dc14f836306c0d4382224d5a839b423ad6133f33b1c20	lerobot_groot_n15	n15	lerobot_groot_n15__robocasa365_ckpt120000		0	Pick the marshmallow from the counter and place it in the cabinet.	robocasa_panda_omron/PickPlaceCounterToCabinet_PandaOmron_Env	100007	1300002	0	1			5		1	all_token_full	groot_n15_dit_block_residual_full_tokens_denoise	"[""layer"",""denoise_step"",""model_token"",""feature_dim""]"	[7,4,49,1536]	[0,2,4,8,10,12,15]	n15_grid_v4_jitter	grid_coord	meta	meta_json	46ea62d53e09/kanu/PPCC/marshmallow/s3/n2/base	3	3
46ea62d53e09	kanu	PPCC/marshmallow	0	3	base	activation	bcfb26644a651f0b	bcfb26644a651f0bd06f8b581d426cc2ce8aca15cdae5aae042996202ca04bb9	lerobot_groot_n15	n15	lerobot_groot_n15__robocasa365_ckpt120000		0	Pick the marshmallow from the counter and place it in the cabinet.	robocasa_panda_omron/PickPlaceCounterToCabinet_PandaOmron_Env	100007	1300003	0	1			5		1	all_token_full	groot_n15_dit_block_residual_full_tokens_denoise	"[""layer"",""denoise_step"",""model_token"",""feature_dim""]"	[7,4,49,1536]	[0,2,4,8,10,12,15]	n15_grid_v4_jitter	grid_coord	meta	meta_json	46ea62d53e09/kanu/PPCC/marshmallow/s3/n3/base	3	3
46ea62d53e09	kanu	PPCC/marshmallow	0	4	base	activation	9a06c1fc31adcbe2	9a06c1fc31adcbe202a83906575f17b37d89d31f91f688fee7425e328221e5e2	lerobot_groot_n15	n15	lerobot_groot_n15__robocasa365_ckpt120000		0	Pick the marshmallow from the counter and place it in the cabinet.	robocasa_panda_omron/PickPlaceCounterToCabinet_PandaOmron_Env	100007	1300004	0	1			5		1	all_token_full	groot_n15_dit_block_residual_full_tokens_denoise	"[""layer"",""denoise_step"",""model_token"",""feature_dim""]"	[7,4,49,1536]	[0,2,4,8,10,12,15]	n15_grid_v4_jitter	grid_coord	meta	meta_json	46ea62d53e09/kanu/PPCC/marshmallow/s3/n4/base	3	3
46ea62d53e09	kanu	PPCC/marshmallow	3	0	base	activation	c024d1b1facc5a82	c024d1b1facc5a82d31b72735b93897b9a47d8bda8069ca3db3593afeb3773f4	lerobot_groot_n15	n15	lerobot_groot_n15__robocasa365_ckpt120000		0	Pick the marshmallow from the counter and place it in the cabinet.	robocasa_panda_omron/PickPlaceCounterToCabinet_PandaOmron_Env	100424	1300000	0	1			5		1	all_token_full	groot_n15_dit_block_residual_full_tokens_denoise	"[""layer"",""denoise_step"",""model_token"",""feature_dim""]"	[7,4,49,1536]	[0,2,4,8,10,12,15]	n15_grid_v4_jitter	grid_coord	meta	meta_json	46ea62d53e09/kanu/PPCC/marshmallow/s300/n0/base	300	0
46ea62d53e09	kanu	PPCC/marshmallow	3	1	base	activation	5095dd1476a30aa0	5095dd1476a30aa071532c90714da9e0d5a61b4153d5e63053ea80c4ffdd10f1	lerobot_groot_n15	n15	lerobot_groot_n15__robocasa365_ckpt120000		0	Pick the marshmallow from the counter and place it in the cabinet.	robocasa_panda_omron/PickPlaceCounterToCabinet_PandaOmron_Env	100424	1300001	0	1			5		1	all_token_full	groot_n15_dit_block_residual_full_tokens_denoise	"[""layer"",""denoise_step"",""model_token"",""feature_dim""]"	[7,4,49,1536]	[0,2,4,8,10,12,15]	n15_grid_v4_jitter	grid_coord	meta	meta_json	46ea62d53e09/kanu/PPCC/marshmallow/s300/n1/base	300	0
46ea62d53e09	kanu	PPCC/marshmallow	3	2	base	activation	6176ddf98ceab087	6176ddf98ceab087d002de8c99d189209a8ea16fc0b669cb5c00a12f274e63a1	lerobot_groot_n15	n15	lerobot_groot_n15__robocasa365_ckpt120000		0	Pick the marshmallow from the counter and place it in the cabinet.	robocasa_panda_omron/PickPlaceCounterToCabinet_PandaOmron_Env	100424	1300002	0	1			5		1	all_token_full	groot_n15_dit_block_residual_full_tokens_denoise	"[""layer"",""denoise_step"",""model_token"",""feature_dim""]"	[7,4,49,1536]	[0,2,4,8,10,12,15]	n15_grid_v4_jitter	grid_coord	meta	meta_json	46ea62d53e09/kanu/PPCC/marshmallow/s300/n2/base	300	0
46ea62d53e09	kanu	PPCC/marshmallow	3	3	base	activation	620d5ce8d0974836	620d5ce8d0974836f1a79707d3f742910320085f10a7ac61a26ae0d92df4b248	lerobot_groot_n15	n15	lerobot_groot_n15__robocasa365_ckpt120000		0	Pick the marshmallow from the counter and place it in the cabinet.	robocasa_panda_omron/PickPlaceCounterToCabinet_PandaOmron_Env	100424	1300003	0	1			5		1	all_token_full	groot_n15_dit_block_residual_full_tokens_denoise	"[""layer"",""denoise_step"",""model_token"",""feature_dim""]"	[7,4,49,1536]	[0,2,4,8,10,12,15]	n15_grid_v4_jitter	grid_coord	meta	meta_json	46ea62d53e09/kanu/PPCC/marshmallow/s300/n3/base	300	0
46ea62d53e09	kanu	PPCC/marshmallow	3	4	base	activation	9a8c26c6df91627a	9a8c26c6df91627ae9b6347ca3fe4f08fb5d565babf839cfec7aa13192c5af8f	lerobot_groot_n15	n15	lerobot_groot_n15__robocasa365_ckpt120000		0	Pick the marshmallow from the counter and place it in the cabinet.	robocasa_panda_omron/PickPlaceCounterToCabinet_PandaOmron_Env	100424	1300004	0	1			5		1	all_token_full	groot_n15_dit_block_residual_full_tokens_denoise	"[""layer"",""denoise_step"",""model_token"",""feature_dim""]"	[7,4,49,1536]	[0,2,4,8,10,12,15]	n15_grid_v4_jitter	grid_coord	meta	meta_json	46ea62d53e09/kanu/PPCC/marshmallow/s300/n4/base	300	0
46ea62d53e09	kanu	PPCC/marshmallow	3	0	base	activation	a131acaaa480f6b1	a131acaaa480f6b16566e5974fe58db487d32314935141ff62030100b2e1056d	lerobot_groot_n15	n15	lerobot_groot_n15__robocasa365_ckpt120000		0	Pick the marshmallow from the counter and place it in the cabinet.	robocasa_panda_omron/PickPlaceCounterToCabinet_PandaOmron_Env	100424	1300000	0	1			5		1	all_token_full	groot_n15_dit_block_residual_full_tokens_denoise	"[""layer"",""denoise_step"",""model_token"",""feature_dim""]"	[7,4,49,1536]	[0,2,4,8,10,12,15]	n15_grid_v4_jitter	grid_coord	meta	meta_json	46ea62d53e09/kanu/PPCC/marshmallow/s301/n0/base	301	1
46ea62d53e09	kanu	PPCC/marshmallow	3	1	base	activation	98a506e427492372	98a506e4274923724a6a2f9d791337ed38aae165ac925acbc5cd53022e9fb9cc	lerobot_groot_n15	n15	lerobot_groot_n15__robocasa365_ckpt120000		0	Pick the marshmallow from the counter and place it in the cabinet.	robocasa_panda_omron/PickPlaceCounterToCabinet_PandaOmron_Env	100424	1300001	0	1			5		1	all_token_full	groot_n15_dit_block_residual_full_tokens_denoise	"[""layer"",""denoise_step"",""model_token"",""feature_dim""]"	[7,4,49,1536]	[0,2,4,8,10,12,15]	n15_grid_v4_jitter	grid_coord	meta	meta_json	46ea62d53e09/kanu/PPCC/marshmallow/s301/n1/base	301	1
46ea62d53e09	kanu	PPCC/marshmallow	3	2	base	activation	b68667c0d97b1bd9	b68667c0d97b1bd94e8f50de7aa52910a7c0951d6134dabb74ec09bebef28a0c	lerobot_groot_n15	n15	lerobot_groot_n15__robocasa365_ckpt120000		0	Pick the marshmallow from the counter and place it in the cabinet.	robocasa_panda_omron/PickPlaceCounterToCabinet_PandaOmron_Env	100424	1300002	0	1			5		1	all_token_full	groot_n15_dit_block_residual_full_tokens_denoise	"[""layer"",""denoise_step"",""model_token"",""feature_dim""]"	[7,4,49,1536]	[0,2,4,8,10,12,15]	n15_grid_v4_jitter	grid_coord	meta	meta_json	46ea62d53e09/kanu/PPCC/marshmallow/s301/n2/base	301	1
46ea62d53e09	kanu	PPCC/marshmallow	3	3	base	activation	9c980131696f86c0	9c980131696f86c0428c4b186c46e227ceb79ea2068c6658ff85991002d93d85	lerobot_groot_n15	n15	lerobot_groot_n15__robocasa365_ckpt120000		0	Pick the marshmallow from the counter and place it in the cabinet.	robocasa_panda_omron/PickPlaceCounterToCabinet_PandaOmron_Env	100424	1300003	0	1			5		1	all_token_full	groot_n15_dit_block_residual_full_tokens_denoise	"[""layer"",""denoise_step"",""model_token"",""feature_dim""]"	[7,4,49,1536]	[0,2,4,8,10,12,15]	n15_grid_v4_jitter	grid_coord	meta	meta_json	46ea62d53e09/kanu/PPCC/marshmallow/s301/n3/base	301	1
46ea62d53e09	kanu	PPCC/marshmallow	3	4	base	activation	a49c4520dfa42488	a49c4520dfa42488dc38edfe627353aaf998c94275522b3ecc9d600151bc88b8	lerobot_groot_n15	n15	lerobot_groot_n15__robocasa365_ckpt120000		0	Pick the marshmallow from the counter and place it in the cabinet.	robocasa_panda_omron/PickPlaceCounterToCabinet_PandaOmron_Env	100424	1300004	0	1			5		1	all_token_full	groot_n15_dit_block_residual_full_tokens_denoise	"[""layer"",""denoise_step"",""model_token"",""feature_dim""]"	[7,4,49,1536]	[0,2,4,8,10,12,15]	n15_grid_v4_jitter	grid_coord	meta	meta_json	46ea62d53e09/kanu/PPCC/marshmallow/s301/n4/base	301	1
46ea62d53e09	kanu	PPCC/marshmallow	3	0	base	activation	7e8d85e946f20cf6	7e8d85e946f20cf60bf1197103d158afdf3ea5d921777e7d4fb9f8e32c1bda90	lerobot_groot_n15	n15	lerobot_groot_n15__robocasa365_ckpt120000		0	Pick the marshmallow from the counter and place it in the cabinet.	robocasa_panda_omron/PickPlaceCounterToCabinet_PandaOmron_Env	100424	1300000	0	0			5		1	all_token_full	groot_n15_dit_block_residual_full_tokens_denoise	"[""layer"",""denoise_step"",""model_token"",""feature_dim""]"	[7,4,49,1536]	[0,2,4,8,10,12,15]	n15_grid_v4_jitter	grid_coord	meta	meta_json	46ea62d53e09/kanu/PPCC/marshmallow/s302/n0/base	302	2
46ea62d53e09	kanu	PPCC/marshmallow	3	1	base	activation	acfd10869b4fc738	acfd10869b4fc738d7c89923dc1f07544934fa25c51c27e1ba5abdd70e34481c	lerobot_groot_n15	n15	lerobot_groot_n15__robocasa365_ckpt120000		0	Pick the marshmallow from the counter and place it in the cabinet.	robocasa_panda_omron/PickPlaceCounterToCabinet_PandaOmron_Env	100424	1300001	0	0			5		1	all_token_full	groot_n15_dit_block_residual_full_tokens_denoise	"[""layer"",""denoise_step"",""model_token"",""feature_dim""]"	[7,4,49,1536]	[0,2,4,8,10,12,15]	n15_grid_v4_jitter	grid_coord	meta	meta_json	46ea62d53e09/kanu/PPCC/marshmallow/s302/n1/base	302	2
46ea62d53e09	kanu	PPCC/marshmallow	3	2	base	activation	af2ba19a8ee8a8b4	af2ba19a8ee8a8b4fecf8038f8733a0985e330cb6da1e66b7894c9cb2530a717	lerobot_groot_n15	n15	lerobot_groot_n15__robocasa365_ckpt120000		0	Pick the marshmallow from the counter and place it in the cabinet.	robocasa_panda_omron/PickPlaceCounterToCabinet_PandaOmron_Env	100424	1300002	0	0			5		1	all_token_full	groot_n15_dit_block_residual_full_tokens_denoise	"[""layer"",""denoise_step"",""model_token"",""feature_dim""]"	[7,4,49,1536]	[0,2,4,8,10,12,15]	n15_grid_v4_jitter	grid_coord	meta	meta_json	46ea62d53e09/kanu/PPCC/marshmallow/s302/n2/base	302	2
46ea62d53e09	kanu	PPCC/marshmallow	3	3	base	activation	f5ebf0bf9a907d05	f5ebf0bf9a907d054701ef034ab05af47cdb65a1fb5cf8cfe8f9a6a8fd8c34c2	lerobot_groot_n15	n15	lerobot_groot_n15__robocasa365_ckpt120000		0	Pick the marshmallow from the counter and place it in the cabinet.	robocasa_panda_omron/PickPlaceCounterToCabinet_PandaOmron_Env	100424	1300003	0	0			5		1	all_token_full	groot_n15_dit_block_residual_full_tokens_denoise	"[""layer"",""denoise_step"",""model_token"",""feature_dim""]"	[7,4,49,1536]	[0,2,4,8,10,12,15]	n15_grid_v4_jitter	grid_coord	meta	meta_json	46ea62d53e09/kanu/PPCC/marshmallow/s302/n3/base	302	2
46ea62d53e09	kanu	PPCC/marshmallow	3	4	base	activation	fc06bd4aa7812408	fc06bd4aa7812408efae2ace372918c5cd63d549558ade86a8fa2739b785a27d	lerobot_groot_n15	n15	lerobot_groot_n15__robocasa365_ckpt120000		0	Pick the marshmallow from the counter and place it in the cabinet.	robocasa_panda_omron/PickPlaceCounterToCabinet_PandaOmron_Env	100424	1300004	0	0			5		1	all_token_full	groot_n15_dit_block_residual_full_tokens_denoise	"[""layer"",""denoise_step"",""model_token"",""feature_dim""]"	[7,4,49,1536]	[0,2,4,8,10,12,15]	n15_grid_v4_jitter	grid_coord	meta	meta_json	46ea62d53e09/kanu/PPCC/marshmallow/s302/n4/base	302	2
46ea62d53e09	kanu	PPCC/marshmallow	3	0	base	activation	a792717d0102cf11	a792717d0102cf114d6e629bae170b3cdb0c429df8bb438f06df3832fe554a01	lerobot_groot_n15	n15	lerobot_groot_n15__robocasa365_ckpt120000		0	Pick the marshmallow from the counter and place it in the cabinet.	robocasa_panda_omron/PickPlaceCounterToCabinet_PandaOmron_Env	100424	1300000	0	1			5		1	all_token_full	groot_n15_dit_block_residual_full_tokens_denoise	"[""layer"",""denoise_step"",""model_token"",""feature_dim""]"	[7,4,49,1536]	[0,2,4,8,10,12,15]	n15_grid_v4_jitter	grid_coord	meta	meta_json	46ea62d53e09/kanu/PPCC/marshmallow/s303/n0/base	303	3
46ea62d53e09	kanu	PPCC/marshmallow	3	1	base	activation	4375875326832a21	4375875326832a219c68a2f4deb61f1aa6ed6e99bbd556d4696124bf02395bf7	lerobot_groot_n15	n15	lerobot_groot_n15__robocasa365_ckpt120000		0	Pick the marshmallow from the counter and place it in the cabinet.	robocasa_panda_omron/PickPlaceCounterToCabinet_PandaOmron_Env	100424	1300001	0	0			5		1	all_token_full	groot_n15_dit_block_residual_full_tokens_denoise	"[""layer"",""denoise_step"",""model_token"",""feature_dim""]"	[7,4,49,1536]	[0,2,4,8,10,12,15]	n15_grid_v4_jitter	grid_coord	meta	meta_json	46ea62d53e09/kanu/PPCC/marshmallow/s303/n1/base	303	3
46ea62d53e09	kanu	PPCC/marshmallow	3	2	base	activation	613204ec9b836720	613204ec9b836720200810e57aeab8f6b401e87bd8602bf6ff8a38e2f4af55a3	lerobot_groot_n15	n15	lerobot_groot_n15__robocasa365_ckpt120000		0	Pick the marshmallow from the counter and place it in the cabinet.	robocasa_panda_omron/PickPlaceCounterToCabinet_PandaOmron_Env	100424	1300002	0	0			5		1	all_token_full	groot_n15_dit_block_residual_full_tokens_denoise	"[""layer"",""denoise_step"",""model_token"",""feature_dim""]"	[7,4,49,1536]	[0,2,4,8,10,12,15]	n15_grid_v4_jitter	grid_coord	meta	meta_json	46ea62d53e09/kanu/PPCC/marshmallow/s303/n2/base	303	3
46ea62d53e09	kanu	PPCC/marshmallow	3	3	base	activation	8ab9c7e9ab87d25c	8ab9c7e9ab87d25ce05af853bc3072944b045d05224153ade543659ad9cdb763	lerobot_groot_n15	n15	lerobot_groot_n15__robocasa365_ckpt120000		0	Pick the marshmallow from the counter and place it in the cabinet.	robocasa_panda_omron/PickPlaceCounterToCabinet_PandaOmron_Env	100424	1300003	0	0			5		1	all_token_full	groot_n15_dit_block_residual_full_tokens_denoise	"[""layer"",""denoise_step"",""model_token"",""feature_dim""]"	[7,4,49,1536]	[0,2,4,8,10,12,15]	n15_grid_v4_jitter	grid_coord	meta	meta_json	46ea62d53e09/kanu/PPCC/marshmallow/s303/n3/base	303	3
46ea62d53e09	kanu	PPCC/marshmallow	3	4	base	activation	d588f1fd74935572	d588f1fd749355727547e19ae7b57b5a33c643cea640f87ec4e677b5d6556d26	lerobot_groot_n15	n15	lerobot_groot_n15__robocasa365_ckpt120000		0	Pick the marshmallow from the counter and place it in the cabinet.	robocasa_panda_omron/PickPlaceCounterToCabinet_PandaOmron_Env	100424	1300004	0	0			5		1	all_token_full	groot_n15_dit_block_residual_full_tokens_denoise	"[""layer"",""denoise_step"",""model_token"",""feature_dim""]"	[7,4,49,1536]	[0,2,4,8,10,12,15]	n15_grid_v4_jitter	grid_coord	meta	meta_json	46ea62d53e09/kanu/PPCC/marshmallow/s303/n4/base	303	3
46ea62d53e09	kanu	PPCC/marshmallow	4	0	base	activation	a2433164bbb625f9	a2433164bbb625f978f61cd9a0f3c00d24d4615177d0a36b50e12db8bca141a7	lerobot_groot_n15	n15	lerobot_groot_n15__robocasa365_ckpt120000		0	Pick the marshmallow from the counter and place it in the cabinet.	robocasa_panda_omron/PickPlaceCounterToCabinet_PandaOmron_Env	100553	1300000	0	0			5		1	all_token_full	groot_n15_dit_block_residual_full_tokens_denoise	"[""layer"",""denoise_step"",""model_token"",""feature_dim""]"	[7,4,49,1536]	[0,2,4,8,10,12,15]	n15_grid_v4_jitter	grid_coord	meta	meta_json	46ea62d53e09/kanu/PPCC/marshmallow/s400/n0/base	400	0
46ea62d53e09	kanu	PPCC/marshmallow	4	1	base	activation	d729e3aa84bc8be9	d729e3aa84bc8be9782328bfd597b969678bd6329c6eb127d61064ff5a58e652	lerobot_groot_n15	n15	lerobot_groot_n15__robocasa365_ckpt120000		0	Pick the marshmallow from the counter and place it in the cabinet.	robocasa_panda_omron/PickPlaceCounterToCabinet_PandaOmron_Env	100553	1300001	0	1			5		1	all_token_full	groot_n15_dit_block_residual_full_tokens_denoise	"[""layer"",""denoise_step"",""model_token"",""feature_dim""]"	[7,4,49,1536]	[0,2,4,8,10,12,15]	n15_grid_v4_jitter	grid_coord	meta	meta_json	46ea62d53e09/kanu/PPCC/marshmallow/s400/n1/base	400	0
46ea62d53e09	kanu	PPCC/marshmallow	4	2	base	activation	8e788b946e9431c1	8e788b946e9431c1f7cf8ecbe85f38bd462a21c97201722652e7cfef68fd4f79	lerobot_groot_n15	n15	lerobot_groot_n15__robocasa365_ckpt120000		0	Pick the marshmallow from the counter and place it in the cabinet.	robocasa_panda_omron/PickPlaceCounterToCabinet_PandaOmron_Env	100553	1300002	0	0			5		1	all_token_full	groot_n15_dit_block_residual_full_tokens_denoise	"[""layer"",""denoise_step"",""model_token"",""feature_dim""]"	[7,4,49,1536]	[0,2,4,8,10,12,15]	n15_grid_v4_jitter	grid_coord	meta	meta_json	46ea62d53e09/kanu/PPCC/marshmallow/s400/n2/base	400	0
46ea62d53e09	kanu	PPCC/marshmallow	4	3	base	activation	33faa9c4ab01c775	33faa9c4ab01c775331f8166d389c1617bf4ada76d5fdbe962f35cf7398291b1	lerobot_groot_n15	n15	lerobot_groot_n15__robocasa365_ckpt120000		0	Pick the marshmallow from the counter and place it in the cabinet.	robocasa_panda_omron/PickPlaceCounterToCabinet_PandaOmron_Env	100553	1300003	0	0			5		1	all_token_full	groot_n15_dit_block_residual_full_tokens_denoise	"[""layer"",""denoise_step"",""model_token"",""feature_dim""]"	[7,4,49,1536]	[0,2,4,8,10,12,15]	n15_grid_v4_jitter	grid_coord	meta	meta_json	46ea62d53e09/kanu/PPCC/marshmallow/s400/n3/base	400	0
46ea62d53e09	kanu	PPCC/marshmallow	4	4	base	activation	bdfa524b1cfdc3c3	bdfa524b1cfdc3c30fb5ffcd13391d783e09c227ba7d435f140506ecb7fe5496	lerobot_groot_n15	n15	lerobot_groot_n15__robocasa365_ckpt120000		0	Pick the marshmallow from the counter and place it in the cabinet.	robocasa_panda_omron/PickPlaceCounterToCabinet_PandaOmron_Env	100553	1300004	0	1			5		1	all_token_full	groot_n15_dit_block_residual_full_tokens_denoise	"[""layer"",""denoise_step"",""model_token"",""feature_dim""]"	[7,4,49,1536]	[0,2,4,8,10,12,15]	n15_grid_v4_jitter	grid_coord	meta	meta_json	46ea62d53e09/kanu/PPCC/marshmallow/s400/n4/base	400	0
46ea62d53e09	kanu	PPCC/marshmallow	4	0	base	activation	37f30674c2f4aaba	37f30674c2f4aaba81bc12b8b96a539be1f99d7f9fb413216834d467fa2cb9de	lerobot_groot_n15	n15	lerobot_groot_n15__robocasa365_ckpt120000		0	Pick the marshmallow from the counter and place it in the cabinet.	robocasa_panda_omron/PickPlaceCounterToCabinet_PandaOmron_Env	100553	1300000	0	1			5		1	all_token_full	groot_n15_dit_block_residual_full_tokens_denoise	"[""layer"",""denoise_step"",""model_token"",""feature_dim""]"	[7,4,49,1536]	[0,2,4,8,10,12,15]	n15_grid_v4_jitter	grid_coord	meta	meta_json	46ea62d53e09/kanu/PPCC/marshmallow/s401/n0/base	401	1
46ea62d53e09	kanu	PPCC/marshmallow	4	1	base	activation	5add96efb5318024	5add96efb53180241dc92fe39b3f06637e42e27fbaed44a6849121cb12809eff	lerobot_groot_n15	n15	lerobot_groot_n15__robocasa365_ckpt120000		0	Pick the marshmallow from the counter and place it in the cabinet.	robocasa_panda_omron/PickPlaceCounterToCabinet_PandaOmron_Env	100553	1300001	0	1			5		1	all_token_full	groot_n15_dit_block_residual_full_tokens_denoise	"[""layer"",""denoise_step"",""model_token"",""feature_dim""]"	[7,4,49,1536]	[0,2,4,8,10,12,15]	n15_grid_v4_jitter	grid_coord	meta	meta_json	46ea62d53e09/kanu/PPCC/marshmallow/s401/n1/base	401	1
46ea62d53e09	kanu	PPCC/marshmallow	4	2	base	activation	beee666a8ca2ceec	beee666a8ca2ceec82a3e8e6d7fb0d0416e59b8e4ca31c6915fa7f6b36df2b92	lerobot_groot_n15	n15	lerobot_groot_n15__robocasa365_ckpt120000		0	Pick the marshmallow from the counter and place it in the cabinet.	robocasa_panda_omron/PickPlaceCounterToCabinet_PandaOmron_Env	100553	1300002	0	1			5		1	all_token_full	groot_n15_dit_block_residual_full_tokens_denoise	"[""layer"",""denoise_step"",""model_token"",""feature_dim""]"	[7,4,49,1536]	[0,2,4,8,10,12,15]	n15_grid_v4_jitter	grid_coord	meta	meta_json	46ea62d53e09/kanu/PPCC/marshmallow/s401/n2/base	401	1
46ea62d53e09	kanu	PPCC/marshmallow	4	3	base	activation	a534e4cbb2708515	a534e4cbb2708515a5982e0cdd13da0783d4c074b2cda3d6187dee3648d36219	lerobot_groot_n15	n15	lerobot_groot_n15__robocasa365_ckpt120000		0	Pick the marshmallow from the counter and place it in the cabinet.	robocasa_panda_omron/PickPlaceCounterToCabinet_PandaOmron_Env	100553	1300003	0	1			5		1	all_token_full	groot_n15_dit_block_residual_full_tokens_denoise	"[""layer"",""denoise_step"",""model_token"",""feature_dim""]"	[7,4,49,1536]	[0,2,4,8,10,12,15]	n15_grid_v4_jitter	grid_coord	meta	meta_json	46ea62d53e09/kanu/PPCC/marshmallow/s401/n3/base	401	1
46ea62d53e09	kanu	PPCC/marshmallow	4	4	base	activation	64ccfbcaab8351b9	64ccfbcaab8351b9003c3f391c422b1454b1be5eb898c9fdb6fd51b8e06a57f6	lerobot_groot_n15	n15	lerobot_groot_n15__robocasa365_ckpt120000		0	Pick the marshmallow from the counter and place it in the cabinet.	robocasa_panda_omron/PickPlaceCounterToCabinet_PandaOmron_Env	100553	1300004	0	1			5		1	all_token_full	groot_n15_dit_block_residual_full_tokens_denoise	"[""layer"",""denoise_step"",""model_token"",""feature_dim""]"	[7,4,49,1536]	[0,2,4,8,10,12,15]	n15_grid_v4_jitter	grid_coord	meta	meta_json	46ea62d53e09/kanu/PPCC/marshmallow/s401/n4/base	401	1
46ea62d53e09	kanu	PPCC/marshmallow	4	0	base	activation	f32bc8f2dbd69afa	f32bc8f2dbd69afa6f4043105a0195715dadb489a4c309067c13383b27711ce8	lerobot_groot_n15	n15	lerobot_groot_n15__robocasa365_ckpt120000		0	Pick the marshmallow from the counter and place it in the cabinet.	robocasa_panda_omron/PickPlaceCounterToCabinet_PandaOmron_Env	100553	1300000	0	1			5		1	all_token_full	groot_n15_dit_block_residual_full_tokens_denoise	"[""layer"",""denoise_step"",""model_token"",""feature_dim""]"	[7,4,49,1536]	[0,2,4,8,10,12,15]	n15_grid_v4_jitter	grid_coord	meta	meta_json	46ea62d53e09/kanu/PPCC/marshmallow/s402/n0/base	402	2
46ea62d53e09	kanu	PPCC/marshmallow	4	1	base	activation	e3ef470f8a30d1d3	e3ef470f8a30d1d3ca2d7b0a932cf560d80246890f8a48706381c8558106f0d2	lerobot_groot_n15	n15	lerobot_groot_n15__robocasa365_ckpt120000		0	Pick the marshmallow from the counter and place it in the cabinet.	robocasa_panda_omron/PickPlaceCounterToCabinet_PandaOmron_Env	100553	1300001	0	1			5		1	all_token_full	groot_n15_dit_block_residual_full_tokens_denoise	"[""layer"",""denoise_step"",""model_token"",""feature_dim""]"	[7,4,49,1536]	[0,2,4,8,10,12,15]	n15_grid_v4_jitter	grid_coord	meta	meta_json	46ea62d53e09/kanu/PPCC/marshmallow/s402/n1/base	402	2
46ea62d53e09	kanu	PPCC/marshmallow	4	2	base	activation	e5ba8b807ab87dce	e5ba8b807ab87dce65651523aa5faf716d273969ae0b4ae12eb80aea9594c963	lerobot_groot_n15	n15	lerobot_groot_n15__robocasa365_ckpt120000		0	Pick the marshmallow from the counter and place it in the cabinet.	robocasa_panda_omron/PickPlaceCounterToCabinet_PandaOmron_Env	100553	1300002	0	1			5		1	all_token_full	groot_n15_dit_block_residual_full_tokens_denoise	"[""layer"",""denoise_step"",""model_token"",""feature_dim""]"	[7,4,49,1536]	[0,2,4,8,10,12,15]	n15_grid_v4_jitter	grid_coord	meta	meta_json	46ea62d53e09/kanu/PPCC/marshmallow/s402/n2/base	402	2
46ea62d53e09	kanu	PPCC/marshmallow	4	3	base	activation	3e89c80d647126e7	3e89c80d647126e70e903b35589d4e08bf0f6d46380ee97c3748a7eedf57c33c	lerobot_groot_n15	n15	lerobot_groot_n15__robocasa365_ckpt120000		0	Pick the marshmallow from the counter and place it in the cabinet.	robocasa_panda_omron/PickPlaceCounterToCabinet_PandaOmron_Env	100553	1300003	0	1			5		1	all_token_full	groot_n15_dit_block_residual_full_tokens_denoise	"[""layer"",""denoise_step"",""model_token"",""feature_dim""]"	[7,4,49,1536]	[0,2,4,8,10,12,15]	n15_grid_v4_jitter	grid_coord	meta	meta_json	46ea62d53e09/kanu/PPCC/marshmallow/s402/n3/base	402	2
46ea62d53e09	kanu	PPCC/marshmallow	4	4	base	activation	fafb306545eca27a	fafb306545eca27a96310822022f36cbd61c78413b6ff5b71b37c20ba752de40	lerobot_groot_n15	n15	lerobot_groot_n15__robocasa365_ckpt120000		0	Pick the marshmallow from the counter and place it in the cabinet.	robocasa_panda_omron/PickPlaceCounterToCabinet_PandaOmron_Env	100553	1300004	0	1			5		1	all_token_full	groot_n15_dit_block_residual_full_tokens_denoise	"[""layer"",""denoise_step"",""model_token"",""feature_dim""]"	[7,4,49,1536]	[0,2,4,8,10,12,15]	n15_grid_v4_jitter	grid_coord	meta	meta_json	46ea62d53e09/kanu/PPCC/marshmallow/s402/n4/base	402	2
46ea62d53e09	kanu	PPCC/marshmallow	4	0	base	activation	da774e722aeb2c55	da774e722aeb2c55f935d5b32709b1661eab04933c8f73a747d5bcc59e78c1c5	lerobot_groot_n15	n15	lerobot_groot_n15__robocasa365_ckpt120000		0	Pick the marshmallow from the counter and place it in the cabinet.	robocasa_panda_omron/PickPlaceCounterToCabinet_PandaOmron_Env	100553	1300000	0	1			5		1	all_token_full	groot_n15_dit_block_residual_full_tokens_denoise	"[""layer"",""denoise_step"",""model_token"",""feature_dim""]"	[7,4,49,1536]	[0,2,4,8,10,12,15]	n15_grid_v4_jitter	grid_coord	meta	meta_json	46ea62d53e09/kanu/PPCC/marshmallow/s403/n0/base	403	3
46ea62d53e09	kanu	PPCC/marshmallow	4	1	base	activation	a79701459dcfa384	a79701459dcfa38466a2af1f6b0493c14cf8ea57dae6d16277dd60aeeaa03fbc	lerobot_groot_n15	n15	lerobot_groot_n15__robocasa365_ckpt120000		0	Pick the marshmallow from the counter and place it in the cabinet.	robocasa_panda_omron/PickPlaceCounterToCabinet_PandaOmron_Env	100553	1300001	0	1			5		1	all_token_full	groot_n15_dit_block_residual_full_tokens_denoise	"[""layer"",""denoise_step"",""model_token"",""feature_dim""]"	[7,4,49,1536]	[0,2,4,8,10,12,15]	n15_grid_v4_jitter	grid_coord	meta	meta_json	46ea62d53e09/kanu/PPCC/marshmallow/s403/n1/base	403	3
46ea62d53e09	kanu	PPCC/marshmallow	4	2	base	activation	27955a1bad2439aa	27955a1bad2439aa1b2977874763b451c43ee988d3982f75a824898643e09dd5	lerobot_groot_n15	n15	lerobot_groot_n15__robocasa365_ckpt120000		0	Pick the marshmallow from the counter and place it in the cabinet.	robocasa_panda_omron/PickPlaceCounterToCabinet_PandaOmron_Env	100553	1300002	0	1			5		1	all_token_full	groot_n15_dit_block_residual_full_tokens_denoise	"[""layer"",""denoise_step"",""model_token"",""feature_dim""]"	[7,4,49,1536]	[0,2,4,8,10,12,15]	n15_grid_v4_jitter	grid_coord	meta	meta_json	46ea62d53e09/kanu/PPCC/marshmallow/s403/n2/base	403	3
46ea62d53e09	kanu	PPCC/marshmallow	4	3	base	activation	d1933d03f142f448	d1933d03f142f44834b9afbdcee529c3e52e398e0bf63efc3abc01720d246f3f	lerobot_groot_n15	n15	lerobot_groot_n15__robocasa365_ckpt120000		0	Pick the marshmallow from the counter and place it in the cabinet.	robocasa_panda_omron/PickPlaceCounterToCabinet_PandaOmron_Env	100553	1300003	0	1			5		1	all_token_full	groot_n15_dit_block_residual_full_tokens_denoise	"[""layer"",""denoise_step"",""model_token"",""feature_dim""]"	[7,4,49,1536]	[0,2,4,8,10,12,15]	n15_grid_v4_jitter	grid_coord	meta	meta_json	46ea62d53e09/kanu/PPCC/marshmallow/s403/n3/base	403	3
46ea62d53e09	kanu	PPCC/marshmallow	4	4	base	activation	1bbafd568946460f	1bbafd568946460f11280a5a650eedd93b3cfabecd78f34e420d3c7883f94299	lerobot_groot_n15	n15	lerobot_groot_n15__robocasa365_ckpt120000		0	Pick the marshmallow from the counter and place it in the cabinet.	robocasa_panda_omron/PickPlaceCounterToCabinet_PandaOmron_Env	100553	1300004	0	1			5		1	all_token_full	groot_n15_dit_block_residual_full_tokens_denoise	"[""layer"",""denoise_step"",""model_token"",""feature_dim""]"	[7,4,49,1536]	[0,2,4,8,10,12,15]	n15_grid_v4_jitter	grid_coord	meta	meta_json	46ea62d53e09/kanu/PPCC/marshmallow/s403/n4/base	403	3
46ea62d53e09	worker1	CoffeeSetupMug	0	0	base	activation	7b33f394eaaa639d	7b33f394eaaa639d5fb4bfcfea8268a810432212b50dde5ed11500b1542a0588	lerobot_groot_n15	n15	lerobot_groot_n15__robocasa365_ckpt120000		0	Pick the mug from the counter and place it under the coffee machine dispenser.	robocasa_panda_omron/CoffeeSetupMug_PandaOmron_Env	100000	1300000	0	0			5		1	all_token_full	groot_n15_dit_block_residual_full_tokens_denoise	"[""layer"",""denoise_step"",""model_token"",""feature_dim""]"	[7,4,49,1536]	[0,2,4,8,10,12,15]	n15_grid_v4_jitter	grid_coord	meta	meta_json	46ea62d53e09/worker1/CoffeeSetupMug/s0/n0/base	0	0
46ea62d53e09	worker1	CoffeeSetupMug	0	1	base	activation	20a71c1e1d43f9ab	20a71c1e1d43f9abdabbe44ffd3f10779b081e26b0f858684e6c01f155498c94	lerobot_groot_n15	n15	lerobot_groot_n15__robocasa365_ckpt120000		0	Pick the mug from the counter and place it under the coffee machine dispenser.	robocasa_panda_omron/CoffeeSetupMug_PandaOmron_Env	100000	1300001	0	0			5		1	all_token_full	groot_n15_dit_block_residual_full_tokens_denoise	"[""layer"",""denoise_step"",""model_token"",""feature_dim""]"	[7,4,49,1536]	[0,2,4,8,10,12,15]	n15_grid_v4_jitter	grid_coord	meta	meta_json	46ea62d53e09/worker1/CoffeeSetupMug/s0/n1/base	0	0
46ea62d53e09	worker1	CoffeeSetupMug	0	2	base	activation	59c28dbf08c650ab	59c28dbf08c650ab3bf16bda8c91be23ebb85ac9aee55a8f9a90b1fe12dd362d	lerobot_groot_n15	n15	lerobot_groot_n15__robocasa365_ckpt120000		0	Pick the mug from the counter and place it under the coffee machine dispenser.	robocasa_panda_omron/CoffeeSetupMug_PandaOmron_Env	100000	1300002	0	0			5		1	all_token_full	groot_n15_dit_block_residual_full_tokens_denoise	"[""layer"",""denoise_step"",""model_token"",""feature_dim""]"	[7,4,49,1536]	[0,2,4,8,10,12,15]	n15_grid_v4_jitter	grid_coord	meta	meta_json	46ea62d53e09/worker1/CoffeeSetupMug/s0/n2/base	0	0
46ea62d53e09	worker1	CoffeeSetupMug	0	3	base	activation	4486ce36836b80f0	4486ce36836b80f0f9627724a3f2a93606df5e1379f552536ba9158977d4122a	lerobot_groot_n15	n15	lerobot_groot_n15__robocasa365_ckpt120000		0	Pick the mug from the counter and place it under the coffee machine dispenser.	robocasa_panda_omron/CoffeeSetupMug_PandaOmron_Env	100000	1300003	0	0			5		1	all_token_full	groot_n15_dit_block_residual_full_tokens_denoise	"[""layer"",""denoise_step"",""model_token"",""feature_dim""]"	[7,4,49,1536]	[0,2,4,8,10,12,15]	n15_grid_v4_jitter	grid_coord	meta	meta_json	46ea62d53e09/worker1/CoffeeSetupMug/s0/n3/base	0	0
46ea62d53e09	worker1	CoffeeSetupMug	0	4	base	activation	6b5ee5578479479e	6b5ee5578479479e4c146bae54533d8074c5fb1d4110e15166c237ae25cb7f52	lerobot_groot_n15	n15	lerobot_groot_n15__robocasa365_ckpt120000		0	Pick the mug from the counter and place it under the coffee machine dispenser.	robocasa_panda_omron/CoffeeSetupMug_PandaOmron_Env	100000	1300004	0	0			5		1	all_token_full	groot_n15_dit_block_residual_full_tokens_denoise	"[""layer"",""denoise_step"",""model_token"",""feature_dim""]"	[7,4,49,1536]	[0,2,4,8,10,12,15]	n15_grid_v4_jitter	grid_coord	meta	meta_json	46ea62d53e09/worker1/CoffeeSetupMug/s0/n4/base	0	0
46ea62d53e09	worker1	CoffeeSetupMug	0	0	base	activation	84f42368d46f27cd	84f42368d46f27cd7f9e9e1444c4a3fe466c145de42e316a71e229e23ce1e7b1	lerobot_groot_n15	n15	lerobot_groot_n15__robocasa365_ckpt120000		0	Pick the mug from the counter and place it under the coffee machine dispenser.	robocasa_panda_omron/CoffeeSetupMug_PandaOmron_Env	100000	1300000	0	0			5		1	all_token_full	groot_n15_dit_block_residual_full_tokens_denoise	"[""layer"",""denoise_step"",""model_token"",""feature_dim""]"	[7,4,49,1536]	[0,2,4,8,10,12,15]	n15_grid_v4_jitter	grid_coord	meta	meta_json	46ea62d53e09/worker1/CoffeeSetupMug/s1/n0/base	1	1
46ea62d53e09	worker1	CoffeeSetupMug	0	1	base	activation	7aa9339e2b742a03	7aa9339e2b742a030edcce6635ffa2234d3f892d2e1966134add2db166abbe1d	lerobot_groot_n15	n15	lerobot_groot_n15__robocasa365_ckpt120000		0	Pick the mug from the counter and place it under the coffee machine dispenser.	robocasa_panda_omron/CoffeeSetupMug_PandaOmron_Env	100000	1300001	0	0			5		1	all_token_full	groot_n15_dit_block_residual_full_tokens_denoise	"[""layer"",""denoise_step"",""model_token"",""feature_dim""]"	[7,4,49,1536]	[0,2,4,8,10,12,15]	n15_grid_v4_jitter	grid_coord	meta	meta_json	46ea62d53e09/worker1/CoffeeSetupMug/s1/n1/base	1	1
46ea62d53e09	worker1	CoffeeSetupMug	0	2	base	activation	eeec71a1da557502	eeec71a1da5575021ce7ca1afa592d23c82a92b1d075b624afc50863cfefb144	lerobot_groot_n15	n15	lerobot_groot_n15__robocasa365_ckpt120000		0	Pick the mug from the counter and place it under the coffee machine dispenser.	robocasa_panda_omron/CoffeeSetupMug_PandaOmron_Env	100000	1300002	0	0			5		1	all_token_full	groot_n15_dit_block_residual_full_tokens_denoise	"[""layer"",""denoise_step"",""model_token"",""feature_dim""]"	[7,4,49,1536]	[0,2,4,8,10,12,15]	n15_grid_v4_jitter	grid_coord	meta	meta_json	46ea62d53e09/worker1/CoffeeSetupMug/s1/n2/base	1	1
46ea62d53e09	worker1	CoffeeSetupMug	0	3	base	activation	567bb0d3d39ab8b1	567bb0d3d39ab8b16d72dbbebcc6193eb39a9b7b97291ebc6ca8824dfccacef4	lerobot_groot_n15	n15	lerobot_groot_n15__robocasa365_ckpt120000		0	Pick the mug from the counter and place it under the coffee machine dispenser.	robocasa_panda_omron/CoffeeSetupMug_PandaOmron_Env	100000	1300003	0	0			5		1	all_token_full	groot_n15_dit_block_residual_full_tokens_denoise	"[""layer"",""denoise_step"",""model_token"",""feature_dim""]"	[7,4,49,1536]	[0,2,4,8,10,12,15]	n15_grid_v4_jitter	grid_coord	meta	meta_json	46ea62d53e09/worker1/CoffeeSetupMug/s1/n3/base	1	1
46ea62d53e09	worker1	CoffeeSetupMug	0	4	base	activation	5c7e7f16760ca4e7	5c7e7f16760ca4e79215b822ef5be82e4c21f9d5cfe66f6f13778daaaceea8ef	lerobot_groot_n15	n15	lerobot_groot_n15__robocasa365_ckpt120000		0	Pick the mug from the counter and place it under the coffee machine dispenser.	robocasa_panda_omron/CoffeeSetupMug_PandaOmron_Env	100000	1300004	0	0			5		1	all_token_full	groot_n15_dit_block_residual_full_tokens_denoise	"[""layer"",""denoise_step"",""model_token"",""feature_dim""]"	[7,4,49,1536]	[0,2,4,8,10,12,15]	n15_grid_v4_jitter	grid_coord	meta	meta_json	46ea62d53e09/worker1/CoffeeSetupMug/s1/n4/base	1	1
46ea62d53e09	worker1	CoffeeSetupMug	1	0	base	activation	443365b489aad2f1	443365b489aad2f183754592149af9c7129bbcf0c7f698d5c819733126a9304e	lerobot_groot_n15	n15	lerobot_groot_n15__robocasa365_ckpt120000		0	Pick the mug from the counter and place it under the coffee machine dispenser.	robocasa_panda_omron/CoffeeSetupMug_PandaOmron_Env	100001	1300000	0	0			5		1	all_token_full	groot_n15_dit_block_residual_full_tokens_denoise	"[""layer"",""denoise_step"",""model_token"",""feature_dim""]"	[7,4,49,1536]	[0,2,4,8,10,12,15]	n15_grid_v4_jitter	grid_coord	meta	meta_json	46ea62d53e09/worker1/CoffeeSetupMug/s100/n0/base	100	0
46ea62d53e09	worker1	CoffeeSetupMug	1	1	base	activation	eb2aa316d15e9645	eb2aa316d15e964502b7d8d6ed2f904acc115a92168a2085ef18fb07a78ea428	lerobot_groot_n15	n15	lerobot_groot_n15__robocasa365_ckpt120000		0	Pick the mug from the counter and place it under the coffee machine dispenser.	robocasa_panda_omron/CoffeeSetupMug_PandaOmron_Env	100001	1300001	0	0			5		1	all_token_full	groot_n15_dit_block_residual_full_tokens_denoise	"[""layer"",""denoise_step"",""model_token"",""feature_dim""]"	[7,4,49,1536]	[0,2,4,8,10,12,15]	n15_grid_v4_jitter	grid_coord	meta	meta_json	46ea62d53e09/worker1/CoffeeSetupMug/s100/n1/base	100	0
46ea62d53e09	worker1	CoffeeSetupMug	1	2	base	activation	ac9b0dd08998cc9f	ac9b0dd08998cc9f92f965a297063533855c3a9095c5cdc601e6fc0dbc7b4fe4	lerobot_groot_n15	n15	lerobot_groot_n15__robocasa365_ckpt120000		0	Pick the mug from the counter and place it under the coffee machine dispenser.	robocasa_panda_omron/CoffeeSetupMug_PandaOmron_Env	100001	1300002	0	0			5		1	all_token_full	groot_n15_dit_block_residual_full_tokens_denoise	"[""layer"",""denoise_step"",""model_token"",""feature_dim""]"	[7,4,49,1536]	[0,2,4,8,10,12,15]	n15_grid_v4_jitter	grid_coord	meta	meta_json	46ea62d53e09/worker1/CoffeeSetupMug/s100/n2/base	100	0
46ea62d53e09	worker1	CoffeeSetupMug	1	3	base	activation	707da20006b17d8f	707da20006b17d8fbcb0e965960e0f566dded58e8a2494a25e6de437104741f9	lerobot_groot_n15	n15	lerobot_groot_n15__robocasa365_ckpt120000		0	Pick the mug from the counter and place it under the coffee machine dispenser.	robocasa_panda_omron/CoffeeSetupMug_PandaOmron_Env	100001	1300003	0	0			5		1	all_token_full	groot_n15_dit_block_residual_full_tokens_denoise	"[""layer"",""denoise_step"",""model_token"",""feature_dim""]"	[7,4,49,1536]	[0,2,4,8,10,12,15]	n15_grid_v4_jitter	grid_coord	meta	meta_json	46ea62d53e09/worker1/CoffeeSetupMug/s100/n3/base	100	0
46ea62d53e09	worker1	CoffeeSetupMug	1	4	base	activation	a5fd95fc7d81a03a	a5fd95fc7d81a03a275f02c0f78293fe951f21bc04a8ae0de8b581855ceb9726	lerobot_groot_n15	n15	lerobot_groot_n15__robocasa365_ckpt120000		0	Pick the mug from the counter and place it under the coffee machine dispenser.	robocasa_panda_omron/CoffeeSetupMug_PandaOmron_Env	100001	1300004	0	0			5		1	all_token_full	groot_n15_dit_block_residual_full_tokens_denoise	"[""layer"",""denoise_step"",""model_token"",""feature_dim""]"	[7,4,49,1536]	[0,2,4,8,10,12,15]	n15_grid_v4_jitter	grid_coord	meta	meta_json	46ea62d53e09/worker1/CoffeeSetupMug/s100/n4/base	100	0
46ea62d53e09	worker1	CoffeeSetupMug	1	0	base	activation	4a62a08d59348162	4a62a08d59348162ba5c6e54c11489381b2d020a0b8540c097631ea90b6210e2	lerobot_groot_n15	n15	lerobot_groot_n15__robocasa365_ckpt120000		0	Pick the mug from the counter and place it under the coffee machine dispenser.	robocasa_panda_omron/CoffeeSetupMug_PandaOmron_Env	100001	1300000	0	0			5		1	all_token_full	groot_n15_dit_block_residual_full_tokens_denoise	"[""layer"",""denoise_step"",""model_token"",""feature_dim""]"	[7,4,49,1536]	[0,2,4,8,10,12,15]	n15_grid_v4_jitter	grid_coord	meta	meta_json	46ea62d53e09/worker1/CoffeeSetupMug/s101/n0/base	101	1
46ea62d53e09	worker1	CoffeeSetupMug	1	1	base	activation	056db331303448be	056db331303448be57b181ab6ad08f76505e96bb7542b9ee83426647544d72c7	lerobot_groot_n15	n15	lerobot_groot_n15__robocasa365_ckpt120000		0	Pick the mug from the counter and place it under the coffee machine dispenser.	robocasa_panda_omron/CoffeeSetupMug_PandaOmron_Env	100001	1300001	0	0			5		1	all_token_full	groot_n15_dit_block_residual_full_tokens_denoise	"[""layer"",""denoise_step"",""model_token"",""feature_dim""]"	[7,4,49,1536]	[0,2,4,8,10,12,15]	n15_grid_v4_jitter	grid_coord	meta	meta_json	46ea62d53e09/worker1/CoffeeSetupMug/s101/n1/base	101	1
46ea62d53e09	worker1	CoffeeSetupMug	1	2	base	activation	01f11f7fd357636a	01f11f7fd357636af6d1bb108115b1acbb5ff82e43b5e6cbaf55c91077b65344	lerobot_groot_n15	n15	lerobot_groot_n15__robocasa365_ckpt120000		0	Pick the mug from the counter and place it under the coffee machine dispenser.	robocasa_panda_omron/CoffeeSetupMug_PandaOmron_Env	100001	1300002	0	0			5		1	all_token_full	groot_n15_dit_block_residual_full_tokens_denoise	"[""layer"",""denoise_step"",""model_token"",""feature_dim""]"	[7,4,49,1536]	[0,2,4,8,10,12,15]	n15_grid_v4_jitter	grid_coord	meta	meta_json	46ea62d53e09/worker1/CoffeeSetupMug/s101/n2/base	101	1
46ea62d53e09	worker1	CoffeeSetupMug	1	3	base	activation	89e142377ee1bf23	89e142377ee1bf23be312454f578debea15849a0489899562a325c08af263edb	lerobot_groot_n15	n15	lerobot_groot_n15__robocasa365_ckpt120000		0	Pick the mug from the counter and place it under the coffee machine dispenser.	robocasa_panda_omron/CoffeeSetupMug_PandaOmron_Env	100001	1300003	0	0			5		1	all_token_full	groot_n15_dit_block_residual_full_tokens_denoise	"[""layer"",""denoise_step"",""model_token"",""feature_dim""]"	[7,4,49,1536]	[0,2,4,8,10,12,15]	n15_grid_v4_jitter	grid_coord	meta	meta_json	46ea62d53e09/worker1/CoffeeSetupMug/s101/n3/base	101	1
46ea62d53e09	worker1	CoffeeSetupMug	1	4	base	activation	578ffc198897bb41	578ffc198897bb41b82dd32700708696a8d5071539ce5a293c3395a537918897	lerobot_groot_n15	n15	lerobot_groot_n15__robocasa365_ckpt120000		0	Pick the mug from the counter and place it under the coffee machine dispenser.	robocasa_panda_omron/CoffeeSetupMug_PandaOmron_Env	100001	1300004	0	0			5		1	all_token_full	groot_n15_dit_block_residual_full_tokens_denoise	"[""layer"",""denoise_step"",""model_token"",""feature_dim""]"	[7,4,49,1536]	[0,2,4,8,10,12,15]	n15_grid_v4_jitter	grid_coord	meta	meta_json	46ea62d53e09/worker1/CoffeeSetupMug/s101/n4/base	101	1
46ea62d53e09	worker1	CoffeeSetupMug	1	0	base	activation	7345ef48654ce6f4	7345ef48654ce6f4129b6c79786d15f34aeb39f8aa73ba730e296e3797ef7900	lerobot_groot_n15	n15	lerobot_groot_n15__robocasa365_ckpt120000		0	Pick the mug from the counter and place it under the coffee machine dispenser.	robocasa_panda_omron/CoffeeSetupMug_PandaOmron_Env	100001	1300000	0	0			5		1	all_token_full	groot_n15_dit_block_residual_full_tokens_denoise	"[""layer"",""denoise_step"",""model_token"",""feature_dim""]"	[7,4,49,1536]	[0,2,4,8,10,12,15]	n15_grid_v4_jitter	grid_coord	meta	meta_json	46ea62d53e09/worker1/CoffeeSetupMug/s102/n0/base	102	2
46ea62d53e09	worker1	CoffeeSetupMug	1	1	base	activation	9ff11700a5f2e412	9ff11700a5f2e41291b41aabe62998c0b156d678cbd4c02febb62e1993930190	lerobot_groot_n15	n15	lerobot_groot_n15__robocasa365_ckpt120000		0	Pick the mug from the counter and place it under the coffee machine dispenser.	robocasa_panda_omron/CoffeeSetupMug_PandaOmron_Env	100001	1300001	0	0			5		1	all_token_full	groot_n15_dit_block_residual_full_tokens_denoise	"[""layer"",""denoise_step"",""model_token"",""feature_dim""]"	[7,4,49,1536]	[0,2,4,8,10,12,15]	n15_grid_v4_jitter	grid_coord	meta	meta_json	46ea62d53e09/worker1/CoffeeSetupMug/s102/n1/base	102	2
46ea62d53e09	worker1	CoffeeSetupMug	1	2	base	activation	4f59efa04fa2993c	4f59efa04fa2993cb91b5a181cb136c36d56bd454de43653f4c1670c965fc7b1	lerobot_groot_n15	n15	lerobot_groot_n15__robocasa365_ckpt120000		0	Pick the mug from the counter and place it under the coffee machine dispenser.	robocasa_panda_omron/CoffeeSetupMug_PandaOmron_Env	100001	1300002	0	0			5		1	all_token_full	groot_n15_dit_block_residual_full_tokens_denoise	"[""layer"",""denoise_step"",""model_token"",""feature_dim""]"	[7,4,49,1536]	[0,2,4,8,10,12,15]	n15_grid_v4_jitter	grid_coord	meta	meta_json	46ea62d53e09/worker1/CoffeeSetupMug/s102/n2/base	102	2
46ea62d53e09	worker1	CoffeeSetupMug	1	3	base	activation	4fb3b6f838708317	4fb3b6f838708317e7fbeb6b19eef5139a89289c7aecd98c780d22a2b7fc1f3d	lerobot_groot_n15	n15	lerobot_groot_n15__robocasa365_ckpt120000		0	Pick the mug from the counter and place it under the coffee machine dispenser.	robocasa_panda_omron/CoffeeSetupMug_PandaOmron_Env	100001	1300003	0	0			5		1	all_token_full	groot_n15_dit_block_residual_full_tokens_denoise	"[""layer"",""denoise_step"",""model_token"",""feature_dim""]"	[7,4,49,1536]	[0,2,4,8,10,12,15]	n15_grid_v4_jitter	grid_coord	meta	meta_json	46ea62d53e09/worker1/CoffeeSetupMug/s102/n3/base	102	2
46ea62d53e09	worker1	CoffeeSetupMug	1	4	base	activation	6dc8bcce6f6a2424	6dc8bcce6f6a2424ea579794c1ddc1cfe6d1bdad0c976537d493f9eb2e7697a7	lerobot_groot_n15	n15	lerobot_groot_n15__robocasa365_ckpt120000		0	Pick the mug from the counter and place it under the coffee machine dispenser.	robocasa_panda_omron/CoffeeSetupMug_PandaOmron_Env	100001	1300004	0	0			5		1	all_token_full	groot_n15_dit_block_residual_full_tokens_denoise	"[""layer"",""denoise_step"",""model_token"",""feature_dim""]"	[7,4,49,1536]	[0,2,4,8,10,12,15]	n15_grid_v4_jitter	grid_coord	meta	meta_json	46ea62d53e09/worker1/CoffeeSetupMug/s102/n4/base	102	2
46ea62d53e09	worker1	CoffeeSetupMug	1	0	base	activation	0628086742f49330	0628086742f493302a27ed3870feff153b278d026315535b9bf5dd0c3930659f	lerobot_groot_n15	n15	lerobot_groot_n15__robocasa365_ckpt120000		0	Pick the mug from the counter and place it under the coffee machine dispenser.	robocasa_panda_omron/CoffeeSetupMug_PandaOmron_Env	100001	1300000	0	0			5		1	all_token_full	groot_n15_dit_block_residual_full_tokens_denoise	"[""layer"",""denoise_step"",""model_token"",""feature_dim""]"	[7,4,49,1536]	[0,2,4,8,10,12,15]	n15_grid_v4_jitter	grid_coord	meta	meta_json	46ea62d53e09/worker1/CoffeeSetupMug/s103/n0/base	103	3
46ea62d53e09	worker1	CoffeeSetupMug	1	1	base	activation	7e6e1d8067770bdf	7e6e1d8067770bdf84be4a03184b832904ccabcaa5ed356ea271a6cf35f71aeb	lerobot_groot_n15	n15	lerobot_groot_n15__robocasa365_ckpt120000		0	Pick the mug from the counter and place it under the coffee machine dispenser.	robocasa_panda_omron/CoffeeSetupMug_PandaOmron_Env	100001	1300001	0	0			5		1	all_token_full	groot_n15_dit_block_residual_full_tokens_denoise	"[""layer"",""denoise_step"",""model_token"",""feature_dim""]"	[7,4,49,1536]	[0,2,4,8,10,12,15]	n15_grid_v4_jitter	grid_coord	meta	meta_json	46ea62d53e09/worker1/CoffeeSetupMug/s103/n1/base	103	3
46ea62d53e09	worker1	CoffeeSetupMug	1	2	base	activation	9f3f797e62450304	9f3f797e62450304aa0e76aa0d601c4d5f00318cd713f904d7cdbb5a7714bcba	lerobot_groot_n15	n15	lerobot_groot_n15__robocasa365_ckpt120000		0	Pick the mug from the counter and place it under the coffee machine dispenser.	robocasa_panda_omron/CoffeeSetupMug_PandaOmron_Env	100001	1300002	0	0			5		1	all_token_full	groot_n15_dit_block_residual_full_tokens_denoise	"[""layer"",""denoise_step"",""model_token"",""feature_dim""]"	[7,4,49,1536]	[0,2,4,8,10,12,15]	n15_grid_v4_jitter	grid_coord	meta	meta_json	46ea62d53e09/worker1/CoffeeSetupMug/s103/n2/base	103	3
46ea62d53e09	worker1	CoffeeSetupMug	1	3	base	activation	b4f2b53a24e41127	b4f2b53a24e41127b0576cc006c4068c7ec103758f870a210cb68767213e0a38	lerobot_groot_n15	n15	lerobot_groot_n15__robocasa365_ckpt120000		0	Pick the mug from the counter and place it under the coffee machine dispenser.	robocasa_panda_omron/CoffeeSetupMug_PandaOmron_Env	100001	1300003	0	0			5		1	all_token_full	groot_n15_dit_block_residual_full_tokens_denoise	"[""layer"",""denoise_step"",""model_token"",""feature_dim""]"	[7,4,49,1536]	[0,2,4,8,10,12,15]	n15_grid_v4_jitter	grid_coord	meta	meta_json	46ea62d53e09/worker1/CoffeeSetupMug/s103/n3/base	103	3
46ea62d53e09	worker1	CoffeeSetupMug	1	4	base	activation	c58d6eb3f869c546	c58d6eb3f869c5463975c406bff99351e99bf58667c01b5854a33ee5d6b0ef67	lerobot_groot_n15	n15	lerobot_groot_n15__robocasa365_ckpt120000		0	Pick the mug from the counter and place it under the coffee machine dispenser.	robocasa_panda_omron/CoffeeSetupMug_PandaOmron_Env	100001	1300004	0	0			5		1	all_token_full	groot_n15_dit_block_residual_full_tokens_denoise	"[""layer"",""denoise_step"",""model_token"",""feature_dim""]"	[7,4,49,1536]	[0,2,4,8,10,12,15]	n15_grid_v4_jitter	grid_coord	meta	meta_json	46ea62d53e09/worker1/CoffeeSetupMug/s103/n4/base	103	3
46ea62d53e09	worker1	CoffeeSetupMug	0	0	base	activation	d0524c1885a33768	d0524c1885a337687e5bf4eb0e7e9b6464d48f48391944f594c5c825d8e23687	lerobot_groot_n15	n15	lerobot_groot_n15__robocasa365_ckpt120000		0	Pick the mug from the counter and place it under the coffee machine dispenser.	robocasa_panda_omron/CoffeeSetupMug_PandaOmron_Env	100000	1300000	0	0			5		1	all_token_full	groot_n15_dit_block_residual_full_tokens_denoise	"[""layer"",""denoise_step"",""model_token"",""feature_dim""]"	[7,4,49,1536]	[0,2,4,8,10,12,15]	n15_grid_v4_jitter	grid_coord	meta	meta_json	46ea62d53e09/worker1/CoffeeSetupMug/s2/n0/base	2	2
46ea62d53e09	worker1	CoffeeSetupMug	0	1	base	activation	b2c8f68a79749480	b2c8f68a79749480257a27473b9d8398df932848e4572fa7d02e2aca7e50e16c	lerobot_groot_n15	n15	lerobot_groot_n15__robocasa365_ckpt120000		0	Pick the mug from the counter and place it under the coffee machine dispenser.	robocasa_panda_omron/CoffeeSetupMug_PandaOmron_Env	100000	1300001	0	0			5		1	all_token_full	groot_n15_dit_block_residual_full_tokens_denoise	"[""layer"",""denoise_step"",""model_token"",""feature_dim""]"	[7,4,49,1536]	[0,2,4,8,10,12,15]	n15_grid_v4_jitter	grid_coord	meta	meta_json	46ea62d53e09/worker1/CoffeeSetupMug/s2/n1/base	2	2
46ea62d53e09	worker1	CoffeeSetupMug	0	2	base	activation	b891cf93a6ca067c	b891cf93a6ca067c6d5d991499cebfe97fdb239469613ddcbb98cbcf0ef48590	lerobot_groot_n15	n15	lerobot_groot_n15__robocasa365_ckpt120000		0	Pick the mug from the counter and place it under the coffee machine dispenser.	robocasa_panda_omron/CoffeeSetupMug_PandaOmron_Env	100000	1300002	0	0			5		1	all_token_full	groot_n15_dit_block_residual_full_tokens_denoise	"[""layer"",""denoise_step"",""model_token"",""feature_dim""]"	[7,4,49,1536]	[0,2,4,8,10,12,15]	n15_grid_v4_jitter	grid_coord	meta	meta_json	46ea62d53e09/worker1/CoffeeSetupMug/s2/n2/base	2	2
46ea62d53e09	worker1	CoffeeSetupMug	0	3	base	activation	242a062770437d72	242a062770437d722c28e13b927391b1a7539ef650bff03f7fb1d8ab12a6203b	lerobot_groot_n15	n15	lerobot_groot_n15__robocasa365_ckpt120000		0	Pick the mug from the counter and place it under the coffee machine dispenser.	robocasa_panda_omron/CoffeeSetupMug_PandaOmron_Env	100000	1300003	0	0			5		1	all_token_full	groot_n15_dit_block_residual_full_tokens_denoise	"[""layer"",""denoise_step"",""model_token"",""feature_dim""]"	[7,4,49,1536]	[0,2,4,8,10,12,15]	n15_grid_v4_jitter	grid_coord	meta	meta_json	46ea62d53e09/worker1/CoffeeSetupMug/s2/n3/base	2	2
46ea62d53e09	worker1	CoffeeSetupMug	0	4	base	activation	3d774b6e6a1e43f8	3d774b6e6a1e43f8ed7371e8243581b8df6ebacfbcd8590567f358da8103440f	lerobot_groot_n15	n15	lerobot_groot_n15__robocasa365_ckpt120000		0	Pick the mug from the counter and place it under the coffee machine dispenser.	robocasa_panda_omron/CoffeeSetupMug_PandaOmron_Env	100000	1300004	0	0			5		1	all_token_full	groot_n15_dit_block_residual_full_tokens_denoise	"[""layer"",""denoise_step"",""model_token"",""feature_dim""]"	[7,4,49,1536]	[0,2,4,8,10,12,15]	n15_grid_v4_jitter	grid_coord	meta	meta_json	46ea62d53e09/worker1/CoffeeSetupMug/s2/n4/base	2	2
46ea62d53e09	worker1	CoffeeSetupMug	2	0	base	activation	59d1b7e5de69b4c2	59d1b7e5de69b4c27e747c66af96256a6568651e5a5aa8904c3f49c6adf13fa4	lerobot_groot_n15	n15	lerobot_groot_n15__robocasa365_ckpt120000		0	Pick the mug from the counter and place it under the coffee machine dispenser.	robocasa_panda_omron/CoffeeSetupMug_PandaOmron_Env	100002	1300000	0	0			5		1	all_token_full	groot_n15_dit_block_residual_full_tokens_denoise	"[""layer"",""denoise_step"",""model_token"",""feature_dim""]"	[7,4,49,1536]	[0,2,4,8,10,12,15]	n15_grid_v4_jitter	grid_coord	meta	meta_json	46ea62d53e09/worker1/CoffeeSetupMug/s200/n0/base	200	0
46ea62d53e09	worker1	CoffeeSetupMug	2	1	base	activation	b1ab086ffba80c0f	b1ab086ffba80c0f84730e1c00fe2ee2cdf6eb6cc72dad024df9504225241c67	lerobot_groot_n15	n15	lerobot_groot_n15__robocasa365_ckpt120000		0	Pick the mug from the counter and place it under the coffee machine dispenser.	robocasa_panda_omron/CoffeeSetupMug_PandaOmron_Env	100002	1300001	0	1			5		1	all_token_full	groot_n15_dit_block_residual_full_tokens_denoise	"[""layer"",""denoise_step"",""model_token"",""feature_dim""]"	[7,4,49,1536]	[0,2,4,8,10,12,15]	n15_grid_v4_jitter	grid_coord	meta	meta_json	46ea62d53e09/worker1/CoffeeSetupMug/s200/n1/base	200	0
46ea62d53e09	worker1	CoffeeSetupMug	2	2	base	activation	2d52c29661d00498	2d52c29661d00498f72be4050d293b4d9711be467088e3d9139955b8088f2a1a	lerobot_groot_n15	n15	lerobot_groot_n15__robocasa365_ckpt120000		0	Pick the mug from the counter and place it under the coffee machine dispenser.	robocasa_panda_omron/CoffeeSetupMug_PandaOmron_Env	100002	1300002	0	0			5		1	all_token_full	groot_n15_dit_block_residual_full_tokens_denoise	"[""layer"",""denoise_step"",""model_token"",""feature_dim""]"	[7,4,49,1536]	[0,2,4,8,10,12,15]	n15_grid_v4_jitter	grid_coord	meta	meta_json	46ea62d53e09/worker1/CoffeeSetupMug/s200/n2/base	200	0
46ea62d53e09	worker1	CoffeeSetupMug	2	3	base	activation	3b0626bf5a7e9020	3b0626bf5a7e9020b525cdac9c22b5d4fe1eed81fc46c03d7b8d1ddff47149ef	lerobot_groot_n15	n15	lerobot_groot_n15__robocasa365_ckpt120000		0	Pick the mug from the counter and place it under the coffee machine dispenser.	robocasa_panda_omron/CoffeeSetupMug_PandaOmron_Env	100002	1300003	0	0			5		1	all_token_full	groot_n15_dit_block_residual_full_tokens_denoise	"[""layer"",""denoise_step"",""model_token"",""feature_dim""]"	[7,4,49,1536]	[0,2,4,8,10,12,15]	n15_grid_v4_jitter	grid_coord	meta	meta_json	46ea62d53e09/worker1/CoffeeSetupMug/s200/n3/base	200	0
46ea62d53e09	worker1	CoffeeSetupMug	2	4	base	activation	f2728e80c829b542	f2728e80c829b5427e9c5bf593bb0fddf6dd9bb6405763c4cf375cff6ee101e4	lerobot_groot_n15	n15	lerobot_groot_n15__robocasa365_ckpt120000		0	Pick the mug from the counter and place it under the coffee machine dispenser.	robocasa_panda_omron/CoffeeSetupMug_PandaOmron_Env	100002	1300004	0	0			5		1	all_token_full	groot_n15_dit_block_residual_full_tokens_denoise	"[""layer"",""denoise_step"",""model_token"",""feature_dim""]"	[7,4,49,1536]	[0,2,4,8,10,12,15]	n15_grid_v4_jitter	grid_coord	meta	meta_json	46ea62d53e09/worker1/CoffeeSetupMug/s200/n4/base	200	0
46ea62d53e09	worker1	CoffeeSetupMug	2	0	base	activation	03b2bf46688cbf7b	03b2bf46688cbf7b9165e7da83de257abf896eb93ef7dee0ba178a19283590a4	lerobot_groot_n15	n15	lerobot_groot_n15__robocasa365_ckpt120000		0	Pick the mug from the counter and place it under the coffee machine dispenser.	robocasa_panda_omron/CoffeeSetupMug_PandaOmron_Env	100002	1300000	0	0			5		1	all_token_full	groot_n15_dit_block_residual_full_tokens_denoise	"[""layer"",""denoise_step"",""model_token"",""feature_dim""]"	[7,4,49,1536]	[0,2,4,8,10,12,15]	n15_grid_v4_jitter	grid_coord	meta	meta_json	46ea62d53e09/worker1/CoffeeSetupMug/s201/n0/base	201	1
46ea62d53e09	worker1	CoffeeSetupMug	2	1	base	activation	e7cd1c723cce2649	e7cd1c723cce26497db1d512e1255e93a6cff9ce543137879d70732bcd816f26	lerobot_groot_n15	n15	lerobot_groot_n15__robocasa365_ckpt120000		0	Pick the mug from the counter and place it under the coffee machine dispenser.	robocasa_panda_omron/CoffeeSetupMug_PandaOmron_Env	100002	1300001	0	0			5		1	all_token_full	groot_n15_dit_block_residual_full_tokens_denoise	"[""layer"",""denoise_step"",""model_token"",""feature_dim""]"	[7,4,49,1536]	[0,2,4,8,10,12,15]	n15_grid_v4_jitter	grid_coord	meta	meta_json	46ea62d53e09/worker1/CoffeeSetupMug/s201/n1/base	201	1
46ea62d53e09	worker1	CoffeeSetupMug	2	2	base	activation	b10379ae015e63d4	b10379ae015e63d47c0f2ec90bc8188fa37a898aab88aa05ef37b52b17938e78	lerobot_groot_n15	n15	lerobot_groot_n15__robocasa365_ckpt120000		0	Pick the mug from the counter and place it under the coffee machine dispenser.	robocasa_panda_omron/CoffeeSetupMug_PandaOmron_Env	100002	1300002	0	1			5		1	all_token_full	groot_n15_dit_block_residual_full_tokens_denoise	"[""layer"",""denoise_step"",""model_token"",""feature_dim""]"	[7,4,49,1536]	[0,2,4,8,10,12,15]	n15_grid_v4_jitter	grid_coord	meta	meta_json	46ea62d53e09/worker1/CoffeeSetupMug/s201/n2/base	201	1
46ea62d53e09	worker1	CoffeeSetupMug	2	3	base	activation	e195949e9a9a2b70	e195949e9a9a2b70fe27be74a100d7f2840868f6b76beb9fe2269a8d2bd0f05e	lerobot_groot_n15	n15	lerobot_groot_n15__robocasa365_ckpt120000		0	Pick the mug from the counter and place it under the coffee machine dispenser.	robocasa_panda_omron/CoffeeSetupMug_PandaOmron_Env	100002	1300003	0	1			5		1	all_token_full	groot_n15_dit_block_residual_full_tokens_denoise	"[""layer"",""denoise_step"",""model_token"",""feature_dim""]"	[7,4,49,1536]	[0,2,4,8,10,12,15]	n15_grid_v4_jitter	grid_coord	meta	meta_json	46ea62d53e09/worker1/CoffeeSetupMug/s201/n3/base	201	1
46ea62d53e09	worker1	CoffeeSetupMug	2	4	base	activation	ffc5da98d76fb41b	ffc5da98d76fb41b93212cc1cc9198d675b92285f05c508dd7fd28f9ac9b148d	lerobot_groot_n15	n15	lerobot_groot_n15__robocasa365_ckpt120000		0	Pick the mug from the counter and place it under the coffee machine dispenser.	robocasa_panda_omron/CoffeeSetupMug_PandaOmron_Env	100002	1300004	0	0			5		1	all_token_full	groot_n15_dit_block_residual_full_tokens_denoise	"[""layer"",""denoise_step"",""model_token"",""feature_dim""]"	[7,4,49,1536]	[0,2,4,8,10,12,15]	n15_grid_v4_jitter	grid_coord	meta	meta_json	46ea62d53e09/worker1/CoffeeSetupMug/s201/n4/base	201	1
46ea62d53e09	worker1	CoffeeSetupMug	2	0	base	activation	986c42e792992c80	986c42e792992c80b58d79f3a0f368571f093f8c13d61f3ee320c3ea26b773fc	lerobot_groot_n15	n15	lerobot_groot_n15__robocasa365_ckpt120000		0	Pick the mug from the counter and place it under the coffee machine dispenser.	robocasa_panda_omron/CoffeeSetupMug_PandaOmron_Env	100002	1300000	0	0			5		1	all_token_full	groot_n15_dit_block_residual_full_tokens_denoise	"[""layer"",""denoise_step"",""model_token"",""feature_dim""]"	[7,4,49,1536]	[0,2,4,8,10,12,15]	n15_grid_v4_jitter	grid_coord	meta	meta_json	46ea62d53e09/worker1/CoffeeSetupMug/s202/n0/base	202	2
46ea62d53e09	worker1	CoffeeSetupMug	2	1	base	activation	91a61ab07c8a64a5	91a61ab07c8a64a5b4fb959741ac45106d46dc9c5bb463b246df41c049558620	lerobot_groot_n15	n15	lerobot_groot_n15__robocasa365_ckpt120000		0	Pick the mug from the counter and place it under the coffee machine dispenser.	robocasa_panda_omron/CoffeeSetupMug_PandaOmron_Env	100002	1300001	0	0			5		1	all_token_full	groot_n15_dit_block_residual_full_tokens_denoise	"[""layer"",""denoise_step"",""model_token"",""feature_dim""]"	[7,4,49,1536]	[0,2,4,8,10,12,15]	n15_grid_v4_jitter	grid_coord	meta	meta_json	46ea62d53e09/worker1/CoffeeSetupMug/s202/n1/base	202	2
46ea62d53e09	worker1	CoffeeSetupMug	2	2	base	activation	9d23f9a0829044fc	9d23f9a0829044fc3f5c70dc76e3d3452c9f36303748929c317a54639fb8cbb0	lerobot_groot_n15	n15	lerobot_groot_n15__robocasa365_ckpt120000		0	Pick the mug from the counter and place it under the coffee machine dispenser.	robocasa_panda_omron/CoffeeSetupMug_PandaOmron_Env	100002	1300002	0	1			5		1	all_token_full	groot_n15_dit_block_residual_full_tokens_denoise	"[""layer"",""denoise_step"",""model_token"",""feature_dim""]"	[7,4,49,1536]	[0,2,4,8,10,12,15]	n15_grid_v4_jitter	grid_coord	meta	meta_json	46ea62d53e09/worker1/CoffeeSetupMug/s202/n2/base	202	2
46ea62d53e09	worker1	CoffeeSetupMug	2	3	base	activation	b57305043235328e	b57305043235328ee81ff68fb3056c9408fbc8f44ab1485b3e20ba598594492c	lerobot_groot_n15	n15	lerobot_groot_n15__robocasa365_ckpt120000		0	Pick the mug from the counter and place it under the coffee machine dispenser.	robocasa_panda_omron/CoffeeSetupMug_PandaOmron_Env	100002	1300003	0	1			5		1	all_token_full	groot_n15_dit_block_residual_full_tokens_denoise	"[""layer"",""denoise_step"",""model_token"",""feature_dim""]"	[7,4,49,1536]	[0,2,4,8,10,12,15]	n15_grid_v4_jitter	grid_coord	meta	meta_json	46ea62d53e09/worker1/CoffeeSetupMug/s202/n3/base	202	2
46ea62d53e09	worker1	CoffeeSetupMug	2	4	base	activation	3901f42a6278e6ba	3901f42a6278e6ba221d757b848f5dae28fe57a28b1beba47bacde0120d4c956	lerobot_groot_n15	n15	lerobot_groot_n15__robocasa365_ckpt120000		0	Pick the mug from the counter and place it under the coffee machine dispenser.	robocasa_panda_omron/CoffeeSetupMug_PandaOmron_Env	100002	1300004	0	0			5		1	all_token_full	groot_n15_dit_block_residual_full_tokens_denoise	"[""layer"",""denoise_step"",""model_token"",""feature_dim""]"	[7,4,49,1536]	[0,2,4,8,10,12,15]	n15_grid_v4_jitter	grid_coord	meta	meta_json	46ea62d53e09/worker1/CoffeeSetupMug/s202/n4/base	202	2
46ea62d53e09	worker1	CoffeeSetupMug	2	0	base	activation	e039e385ff23a4be	e039e385ff23a4be7064103ba8f3131b44c6e99b7e5898a157b3b1818e685196	lerobot_groot_n15	n15	lerobot_groot_n15__robocasa365_ckpt120000		0	Pick the mug from the counter and place it under the coffee machine dispenser.	robocasa_panda_omron/CoffeeSetupMug_PandaOmron_Env	100002	1300000	0	0			5		1	all_token_full	groot_n15_dit_block_residual_full_tokens_denoise	"[""layer"",""denoise_step"",""model_token"",""feature_dim""]"	[7,4,49,1536]	[0,2,4,8,10,12,15]	n15_grid_v4_jitter	grid_coord	meta	meta_json	46ea62d53e09/worker1/CoffeeSetupMug/s203/n0/base	203	3
46ea62d53e09	worker1	CoffeeSetupMug	2	1	base	activation	920fcc9d932f5ece	920fcc9d932f5ece9612173c4168f32e34fd81ff07d31590f3f209e733656812	lerobot_groot_n15	n15	lerobot_groot_n15__robocasa365_ckpt120000		0	Pick the mug from the counter and place it under the coffee machine dispenser.	robocasa_panda_omron/CoffeeSetupMug_PandaOmron_Env	100002	1300001	0	0			5		1	all_token_full	groot_n15_dit_block_residual_full_tokens_denoise	"[""layer"",""denoise_step"",""model_token"",""feature_dim""]"	[7,4,49,1536]	[0,2,4,8,10,12,15]	n15_grid_v4_jitter	grid_coord	meta	meta_json	46ea62d53e09/worker1/CoffeeSetupMug/s203/n1/base	203	3
46ea62d53e09	worker1	CoffeeSetupMug	2	2	base	activation	dacf55ac49318495	dacf55ac493184953fe2e51615efbba5d86b80d8b5ea8961ef7d143c49d67f3b	lerobot_groot_n15	n15	lerobot_groot_n15__robocasa365_ckpt120000		0	Pick the mug from the counter and place it under the coffee machine dispenser.	robocasa_panda_omron/CoffeeSetupMug_PandaOmron_Env	100002	1300002	0	0			5		1	all_token_full	groot_n15_dit_block_residual_full_tokens_denoise	"[""layer"",""denoise_step"",""model_token"",""feature_dim""]"	[7,4,49,1536]	[0,2,4,8,10,12,15]	n15_grid_v4_jitter	grid_coord	meta	meta_json	46ea62d53e09/worker1/CoffeeSetupMug/s203/n2/base	203	3
46ea62d53e09	worker1	CoffeeSetupMug	2	3	base	activation	7f26eabf8abc0bfe	7f26eabf8abc0bfeca98cbd499d7cbd16c8a16a3d3aad0ac37ef2b133c14e88b	lerobot_groot_n15	n15	lerobot_groot_n15__robocasa365_ckpt120000		0	Pick the mug from the counter and place it under the coffee machine dispenser.	robocasa_panda_omron/CoffeeSetupMug_PandaOmron_Env	100002	1300003	0	0			5		1	all_token_full	groot_n15_dit_block_residual_full_tokens_denoise	"[""layer"",""denoise_step"",""model_token"",""feature_dim""]"	[7,4,49,1536]	[0,2,4,8,10,12,15]	n15_grid_v4_jitter	grid_coord	meta	meta_json	46ea62d53e09/worker1/CoffeeSetupMug/s203/n3/base	203	3
46ea62d53e09	worker1	CoffeeSetupMug	2	4	base	activation	ac1e38ce943aec57	ac1e38ce943aec571dcd5c776791926d09d9f176ec602496789ee04d247be4c0	lerobot_groot_n15	n15	lerobot_groot_n15__robocasa365_ckpt120000		0	Pick the mug from the counter and place it under the coffee machine dispenser.	robocasa_panda_omron/CoffeeSetupMug_PandaOmron_Env	100002	1300004	0	0			5		1	all_token_full	groot_n15_dit_block_residual_full_tokens_denoise	"[""layer"",""denoise_step"",""model_token"",""feature_dim""]"	[7,4,49,1536]	[0,2,4,8,10,12,15]	n15_grid_v4_jitter	grid_coord	meta	meta_json	46ea62d53e09/worker1/CoffeeSetupMug/s203/n4/base	203	3
46ea62d53e09	worker1	CoffeeSetupMug	0	0	base	activation	b513323b8b4fdf27	b513323b8b4fdf275893fc05e481c07e21d9a576795bd1d4b92fe4b70f17b6d0	lerobot_groot_n15	n15	lerobot_groot_n15__robocasa365_ckpt120000		0	Pick the mug from the counter and place it under the coffee machine dispenser.	robocasa_panda_omron/CoffeeSetupMug_PandaOmron_Env	100000	1300000	0	0			5		1	all_token_full	groot_n15_dit_block_residual_full_tokens_denoise	"[""layer"",""denoise_step"",""model_token"",""feature_dim""]"	[7,4,49,1536]	[0,2,4,8,10,12,15]	n15_grid_v4_jitter	grid_coord	meta	meta_json	46ea62d53e09/worker1/CoffeeSetupMug/s3/n0/base	3	3
46ea62d53e09	worker1	CoffeeSetupMug	0	1	base	activation	594c2f52e8d8bf9b	594c2f52e8d8bf9bd93e36e1e9d00c42e265df3c543e242bd9e0987dc5cc481e	lerobot_groot_n15	n15	lerobot_groot_n15__robocasa365_ckpt120000		0	Pick the mug from the counter and place it under the coffee machine dispenser.	robocasa_panda_omron/CoffeeSetupMug_PandaOmron_Env	100000	1300001	0	0			5		1	all_token_full	groot_n15_dit_block_residual_full_tokens_denoise	"[""layer"",""denoise_step"",""model_token"",""feature_dim""]"	[7,4,49,1536]	[0,2,4,8,10,12,15]	n15_grid_v4_jitter	grid_coord	meta	meta_json	46ea62d53e09/worker1/CoffeeSetupMug/s3/n1/base	3	3
46ea62d53e09	worker1	CoffeeSetupMug	0	2	base	activation	d0cb36d5c65c13e3	d0cb36d5c65c13e34493866c9070d39b94a090a25849f710c453109bde66232e	lerobot_groot_n15	n15	lerobot_groot_n15__robocasa365_ckpt120000		0	Pick the mug from the counter and place it under the coffee machine dispenser.	robocasa_panda_omron/CoffeeSetupMug_PandaOmron_Env	100000	1300002	0	0			5		1	all_token_full	groot_n15_dit_block_residual_full_tokens_denoise	"[""layer"",""denoise_step"",""model_token"",""feature_dim""]"	[7,4,49,1536]	[0,2,4,8,10,12,15]	n15_grid_v4_jitter	grid_coord	meta	meta_json	46ea62d53e09/worker1/CoffeeSetupMug/s3/n2/base	3	3
46ea62d53e09	worker1	CoffeeSetupMug	0	3	base	activation	f8f8ae3c91e3ec16	f8f8ae3c91e3ec16e397600dda9c0536bd0c4eb52e497758fdd29a5832aeb0c5	lerobot_groot_n15	n15	lerobot_groot_n15__robocasa365_ckpt120000		0	Pick the mug from the counter and place it under the coffee machine dispenser.	robocasa_panda_omron/CoffeeSetupMug_PandaOmron_Env	100000	1300003	0	0			5		1	all_token_full	groot_n15_dit_block_residual_full_tokens_denoise	"[""layer"",""denoise_step"",""model_token"",""feature_dim""]"	[7,4,49,1536]	[0,2,4,8,10,12,15]	n15_grid_v4_jitter	grid_coord	meta	meta_json	46ea62d53e09/worker1/CoffeeSetupMug/s3/n3/base	3	3
46ea62d53e09	worker1	CoffeeSetupMug	0	4	base	activation	3d42c743e7c51c20	3d42c743e7c51c208a2596ef318e86b2775ae5b6de4880da48600dea606bd33d	lerobot_groot_n15	n15	lerobot_groot_n15__robocasa365_ckpt120000		0	Pick the mug from the counter and place it under the coffee machine dispenser.	robocasa_panda_omron/CoffeeSetupMug_PandaOmron_Env	100000	1300004	0	0			5		1	all_token_full	groot_n15_dit_block_residual_full_tokens_denoise	"[""layer"",""denoise_step"",""model_token"",""feature_dim""]"	[7,4,49,1536]	[0,2,4,8,10,12,15]	n15_grid_v4_jitter	grid_coord	meta	meta_json	46ea62d53e09/worker1/CoffeeSetupMug/s3/n4/base	3	3
46ea62d53e09	worker1	CoffeeSetupMug	3	0	base	activation	4c69c0b6abc4b35c	4c69c0b6abc4b35ced6ff3b12c0848ffba0f3ecf4e3fb4495866ad41b50c1e71	lerobot_groot_n15	n15	lerobot_groot_n15__robocasa365_ckpt120000		0	Pick the mug from the counter and place it under the coffee machine dispenser.	robocasa_panda_omron/CoffeeSetupMug_PandaOmron_Env	100003	1300000	0	0			5		1	all_token_full	groot_n15_dit_block_residual_full_tokens_denoise	"[""layer"",""denoise_step"",""model_token"",""feature_dim""]"	[7,4,49,1536]	[0,2,4,8,10,12,15]	n15_grid_v4_jitter	grid_coord	meta	meta_json	46ea62d53e09/worker1/CoffeeSetupMug/s300/n0/base	300	0
46ea62d53e09	worker1	CoffeeSetupMug	3	1	base	activation	f33cc7aaa4316ed9	f33cc7aaa4316ed9c3dbf543e9a65bc389b1b02b5b38c1f51bcd9a9895e27648	lerobot_groot_n15	n15	lerobot_groot_n15__robocasa365_ckpt120000		0	Pick the mug from the counter and place it under the coffee machine dispenser.	robocasa_panda_omron/CoffeeSetupMug_PandaOmron_Env	100003	1300001	0	0			5		1	all_token_full	groot_n15_dit_block_residual_full_tokens_denoise	"[""layer"",""denoise_step"",""model_token"",""feature_dim""]"	[7,4,49,1536]	[0,2,4,8,10,12,15]	n15_grid_v4_jitter	grid_coord	meta	meta_json	46ea62d53e09/worker1/CoffeeSetupMug/s300/n1/base	300	0
46ea62d53e09	worker1	CoffeeSetupMug	3	2	base	activation	95427012cf1593d2	95427012cf1593d20fb2ba21eb58738ed911832ee35a46223fe1b0f639f9158e	lerobot_groot_n15	n15	lerobot_groot_n15__robocasa365_ckpt120000		0	Pick the mug from the counter and place it under the coffee machine dispenser.	robocasa_panda_omron/CoffeeSetupMug_PandaOmron_Env	100003	1300002	0	0			5		1	all_token_full	groot_n15_dit_block_residual_full_tokens_denoise	"[""layer"",""denoise_step"",""model_token"",""feature_dim""]"	[7,4,49,1536]	[0,2,4,8,10,12,15]	n15_grid_v4_jitter	grid_coord	meta	meta_json	46ea62d53e09/worker1/CoffeeSetupMug/s300/n2/base	300	0
46ea62d53e09	worker1	CoffeeSetupMug	3	3	base	activation	7b2170ca9854fa03	7b2170ca9854fa033fdcfbe1cb1d81f584a08f860f241c3fc36b587af1f47bd3	lerobot_groot_n15	n15	lerobot_groot_n15__robocasa365_ckpt120000		0	Pick the mug from the counter and place it under the coffee machine dispenser.	robocasa_panda_omron/CoffeeSetupMug_PandaOmron_Env	100003	1300003	0	0			5		1	all_token_full	groot_n15_dit_block_residual_full_tokens_denoise	"[""layer"",""denoise_step"",""model_token"",""feature_dim""]"	[7,4,49,1536]	[0,2,4,8,10,12,15]	n15_grid_v4_jitter	grid_coord	meta	meta_json	46ea62d53e09/worker1/CoffeeSetupMug/s300/n3/base	300	0
46ea62d53e09	worker1	CoffeeSetupMug	3	4	base	activation	b27b36b885f9f20a	b27b36b885f9f20ad3f6b9ee5b6beda445a30f1ef8d3c0f1c29246cf50f00c52	lerobot_groot_n15	n15	lerobot_groot_n15__robocasa365_ckpt120000		0	Pick the mug from the counter and place it under the coffee machine dispenser.	robocasa_panda_omron/CoffeeSetupMug_PandaOmron_Env	100003	1300004	0	0			5		1	all_token_full	groot_n15_dit_block_residual_full_tokens_denoise	"[""layer"",""denoise_step"",""model_token"",""feature_dim""]"	[7,4,49,1536]	[0,2,4,8,10,12,15]	n15_grid_v4_jitter	grid_coord	meta	meta_json	46ea62d53e09/worker1/CoffeeSetupMug/s300/n4/base	300	0
46ea62d53e09	worker1	CoffeeSetupMug	3	0	base	activation	30f4fc43d7d2ff2a	30f4fc43d7d2ff2a47270c7ecf5394d84441b0b264e6d963577deaba62889f30	lerobot_groot_n15	n15	lerobot_groot_n15__robocasa365_ckpt120000		0	Pick the mug from the counter and place it under the coffee machine dispenser.	robocasa_panda_omron/CoffeeSetupMug_PandaOmron_Env	100003	1300000	0	0			5		1	all_token_full	groot_n15_dit_block_residual_full_tokens_denoise	"[""layer"",""denoise_step"",""model_token"",""feature_dim""]"	[7,4,49,1536]	[0,2,4,8,10,12,15]	n15_grid_v4_jitter	grid_coord	meta	meta_json	46ea62d53e09/worker1/CoffeeSetupMug/s301/n0/base	301	1
46ea62d53e09	worker1	CoffeeSetupMug	3	1	base	activation	191343017da9723b	191343017da9723b5db601b3d76c48f7938ff57f4303deccc2c3af1008423974	lerobot_groot_n15	n15	lerobot_groot_n15__robocasa365_ckpt120000		0	Pick the mug from the counter and place it under the coffee machine dispenser.	robocasa_panda_omron/CoffeeSetupMug_PandaOmron_Env	100003	1300001	0	0			5		1	all_token_full	groot_n15_dit_block_residual_full_tokens_denoise	"[""layer"",""denoise_step"",""model_token"",""feature_dim""]"	[7,4,49,1536]	[0,2,4,8,10,12,15]	n15_grid_v4_jitter	grid_coord	meta	meta_json	46ea62d53e09/worker1/CoffeeSetupMug/s301/n1/base	301	1
46ea62d53e09	worker1	CoffeeSetupMug	3	2	base	activation	7f6df64bd33742e7	7f6df64bd33742e70466207f3a63bc7c4d552c77bcf2d2d0efd1eed5bddbb5cb	lerobot_groot_n15	n15	lerobot_groot_n15__robocasa365_ckpt120000		0	Pick the mug from the counter and place it under the coffee machine dispenser.	robocasa_panda_omron/CoffeeSetupMug_PandaOmron_Env	100003	1300002	0	0			5		1	all_token_full	groot_n15_dit_block_residual_full_tokens_denoise	"[""layer"",""denoise_step"",""model_token"",""feature_dim""]"	[7,4,49,1536]	[0,2,4,8,10,12,15]	n15_grid_v4_jitter	grid_coord	meta	meta_json	46ea62d53e09/worker1/CoffeeSetupMug/s301/n2/base	301	1
46ea62d53e09	worker1	CoffeeSetupMug	3	3	base	activation	fef896e511b4f42f	fef896e511b4f42fa4250d9f6d1bd6b4ce31dd9188ef4185f9a52e81c3fc334c	lerobot_groot_n15	n15	lerobot_groot_n15__robocasa365_ckpt120000		0	Pick the mug from the counter and place it under the coffee machine dispenser.	robocasa_panda_omron/CoffeeSetupMug_PandaOmron_Env	100003	1300003	0	0			5		1	all_token_full	groot_n15_dit_block_residual_full_tokens_denoise	"[""layer"",""denoise_step"",""model_token"",""feature_dim""]"	[7,4,49,1536]	[0,2,4,8,10,12,15]	n15_grid_v4_jitter	grid_coord	meta	meta_json	46ea62d53e09/worker1/CoffeeSetupMug/s301/n3/base	301	1
46ea62d53e09	worker1	CoffeeSetupMug	3	4	base	activation	37537d96be94027d	37537d96be94027d3df735f88139632e6ab73727d3f25425f1db4f71bcc6de1a	lerobot_groot_n15	n15	lerobot_groot_n15__robocasa365_ckpt120000		0	Pick the mug from the counter and place it under the coffee machine dispenser.	robocasa_panda_omron/CoffeeSetupMug_PandaOmron_Env	100003	1300004	0	0			5		1	all_token_full	groot_n15_dit_block_residual_full_tokens_denoise	"[""layer"",""denoise_step"",""model_token"",""feature_dim""]"	[7,4,49,1536]	[0,2,4,8,10,12,15]	n15_grid_v4_jitter	grid_coord	meta	meta_json	46ea62d53e09/worker1/CoffeeSetupMug/s301/n4/base	301	1
46ea62d53e09	worker1	CoffeeSetupMug	3	0	base	activation	b3b728848cbc5334	b3b728848cbc5334854bb6b9bbb1a79676e1a18d9038cc370c2f190a7307d2c6	lerobot_groot_n15	n15	lerobot_groot_n15__robocasa365_ckpt120000		0	Pick the mug from the counter and place it under the coffee machine dispenser.	robocasa_panda_omron/CoffeeSetupMug_PandaOmron_Env	100003	1300000	0	0			5		1	all_token_full	groot_n15_dit_block_residual_full_tokens_denoise	"[""layer"",""denoise_step"",""model_token"",""feature_dim""]"	[7,4,49,1536]	[0,2,4,8,10,12,15]	n15_grid_v4_jitter	grid_coord	meta	meta_json	46ea62d53e09/worker1/CoffeeSetupMug/s302/n0/base	302	2
46ea62d53e09	worker1	CoffeeSetupMug	3	1	base	activation	2d71d862f0ae0171	2d71d862f0ae0171a85febfeba9f2c2a7e62a3cfc6622727d13ed6d1ee50bbc2	lerobot_groot_n15	n15	lerobot_groot_n15__robocasa365_ckpt120000		0	Pick the mug from the counter and place it under the coffee machine dispenser.	robocasa_panda_omron/CoffeeSetupMug_PandaOmron_Env	100003	1300001	0	0			5		1	all_token_full	groot_n15_dit_block_residual_full_tokens_denoise	"[""layer"",""denoise_step"",""model_token"",""feature_dim""]"	[7,4,49,1536]	[0,2,4,8,10,12,15]	n15_grid_v4_jitter	grid_coord	meta	meta_json	46ea62d53e09/worker1/CoffeeSetupMug/s302/n1/base	302	2
46ea62d53e09	worker1	CoffeeSetupMug	3	2	base	activation	ce925daeb24029d4	ce925daeb24029d418a427e01628fda2fab569e4087bb39a04edbf155ac73fa4	lerobot_groot_n15	n15	lerobot_groot_n15__robocasa365_ckpt120000		0	Pick the mug from the counter and place it under the coffee machine dispenser.	robocasa_panda_omron/CoffeeSetupMug_PandaOmron_Env	100003	1300002	0	0			5		1	all_token_full	groot_n15_dit_block_residual_full_tokens_denoise	"[""layer"",""denoise_step"",""model_token"",""feature_dim""]"	[7,4,49,1536]	[0,2,4,8,10,12,15]	n15_grid_v4_jitter	grid_coord	meta	meta_json	46ea62d53e09/worker1/CoffeeSetupMug/s302/n2/base	302	2
46ea62d53e09	worker1	CoffeeSetupMug	3	3	base	activation	1bbba18ee4d0612b	1bbba18ee4d0612b873126b95ee6feafa52dbbe5e5d17e2284a263ec6c097766	lerobot_groot_n15	n15	lerobot_groot_n15__robocasa365_ckpt120000		0	Pick the mug from the counter and place it under the coffee machine dispenser.	robocasa_panda_omron/CoffeeSetupMug_PandaOmron_Env	100003	1300003	0	0			5		1	all_token_full	groot_n15_dit_block_residual_full_tokens_denoise	"[""layer"",""denoise_step"",""model_token"",""feature_dim""]"	[7,4,49,1536]	[0,2,4,8,10,12,15]	n15_grid_v4_jitter	grid_coord	meta	meta_json	46ea62d53e09/worker1/CoffeeSetupMug/s302/n3/base	302	2
46ea62d53e09	worker1	CoffeeSetupMug	3	4	base	activation	1b72222aca9621c8	1b72222aca9621c86ae3fdc314ec83995c9660d27de2b0c08af19ed6a7ec9dff	lerobot_groot_n15	n15	lerobot_groot_n15__robocasa365_ckpt120000		0	Pick the mug from the counter and place it under the coffee machine dispenser.	robocasa_panda_omron/CoffeeSetupMug_PandaOmron_Env	100003	1300004	0	0			5		1	all_token_full	groot_n15_dit_block_residual_full_tokens_denoise	"[""layer"",""denoise_step"",""model_token"",""feature_dim""]"	[7,4,49,1536]	[0,2,4,8,10,12,15]	n15_grid_v4_jitter	grid_coord	meta	meta_json	46ea62d53e09/worker1/CoffeeSetupMug/s302/n4/base	302	2
46ea62d53e09	worker1	CoffeeSetupMug	3	0	base	activation	38ba2ec6452e744f	38ba2ec6452e744f90bf079fa997eba2f75f4160be4f2c68a00005c53b551325	lerobot_groot_n15	n15	lerobot_groot_n15__robocasa365_ckpt120000		0	Pick the mug from the counter and place it under the coffee machine dispenser.	robocasa_panda_omron/CoffeeSetupMug_PandaOmron_Env	100003	1300000	0	0			5		1	all_token_full	groot_n15_dit_block_residual_full_tokens_denoise	"[""layer"",""denoise_step"",""model_token"",""feature_dim""]"	[7,4,49,1536]	[0,2,4,8,10,12,15]	n15_grid_v4_jitter	grid_coord	meta	meta_json	46ea62d53e09/worker1/CoffeeSetupMug/s303/n0/base	303	3
46ea62d53e09	worker1	CoffeeSetupMug	3	1	base	activation	4586e8eda228c557	4586e8eda228c557a883c90471f94ce3d6fa32f7446d7aac06462c4b72a8abd6	lerobot_groot_n15	n15	lerobot_groot_n15__robocasa365_ckpt120000		0	Pick the mug from the counter and place it under the coffee machine dispenser.	robocasa_panda_omron/CoffeeSetupMug_PandaOmron_Env	100003	1300001	0	0			5		1	all_token_full	groot_n15_dit_block_residual_full_tokens_denoise	"[""layer"",""denoise_step"",""model_token"",""feature_dim""]"	[7,4,49,1536]	[0,2,4,8,10,12,15]	n15_grid_v4_jitter	grid_coord	meta	meta_json	46ea62d53e09/worker1/CoffeeSetupMug/s303/n1/base	303	3
46ea62d53e09	worker1	CoffeeSetupMug	3	2	base	activation	763c3819829e7b4e	763c3819829e7b4e449ba45927da600514efa5162add5e72ed366ee1f74b64a6	lerobot_groot_n15	n15	lerobot_groot_n15__robocasa365_ckpt120000		0	Pick the mug from the counter and place it under the coffee machine dispenser.	robocasa_panda_omron/CoffeeSetupMug_PandaOmron_Env	100003	1300002	0	0			5		1	all_token_full	groot_n15_dit_block_residual_full_tokens_denoise	"[""layer"",""denoise_step"",""model_token"",""feature_dim""]"	[7,4,49,1536]	[0,2,4,8,10,12,15]	n15_grid_v4_jitter	grid_coord	meta	meta_json	46ea62d53e09/worker1/CoffeeSetupMug/s303/n2/base	303	3
46ea62d53e09	worker1	CoffeeSetupMug	3	3	base	activation	5210db5d9c9fb979	5210db5d9c9fb9791a99b698bc742e82aaf7c9f7c8922e0d58dd84509d0ce5c3	lerobot_groot_n15	n15	lerobot_groot_n15__robocasa365_ckpt120000		0	Pick the mug from the counter and place it under the coffee machine dispenser.	robocasa_panda_omron/CoffeeSetupMug_PandaOmron_Env	100003	1300003	0	0			5		1	all_token_full	groot_n15_dit_block_residual_full_tokens_denoise	"[""layer"",""denoise_step"",""model_token"",""feature_dim""]"	[7,4,49,1536]	[0,2,4,8,10,12,15]	n15_grid_v4_jitter	grid_coord	meta	meta_json	46ea62d53e09/worker1/CoffeeSetupMug/s303/n3/base	303	3
46ea62d53e09	worker1	CoffeeSetupMug	3	4	base	activation	8bc9fed08648b164	8bc9fed08648b1648d36c02cab39d125a162314d0012707490a5f25e57903b54	lerobot_groot_n15	n15	lerobot_groot_n15__robocasa365_ckpt120000		0	Pick the mug from the counter and place it under the coffee machine dispenser.	robocasa_panda_omron/CoffeeSetupMug_PandaOmron_Env	100003	1300004	0	0			5		1	all_token_full	groot_n15_dit_block_residual_full_tokens_denoise	"[""layer"",""denoise_step"",""model_token"",""feature_dim""]"	[7,4,49,1536]	[0,2,4,8,10,12,15]	n15_grid_v4_jitter	grid_coord	meta	meta_json	46ea62d53e09/worker1/CoffeeSetupMug/s303/n4/base	303	3
46ea62d53e09	worker1	CoffeeSetupMug	4	0	base	activation	6753c3bde0d9a597	6753c3bde0d9a597aec9c00d1291e8bcb98d1c357bc63092d15d3b875a600a36	lerobot_groot_n15	n15	lerobot_groot_n15__robocasa365_ckpt120000		0	Pick the mug from the counter and place it under the coffee machine dispenser.	robocasa_panda_omron/CoffeeSetupMug_PandaOmron_Env	100004	1300000	0	0			5		1	all_token_full	groot_n15_dit_block_residual_full_tokens_denoise	"[""layer"",""denoise_step"",""model_token"",""feature_dim""]"	[7,4,49,1536]	[0,2,4,8,10,12,15]	n15_grid_v4_jitter	grid_coord	meta	meta_json	46ea62d53e09/worker1/CoffeeSetupMug/s400/n0/base	400	0
46ea62d53e09	worker1	CoffeeSetupMug	4	1	base	activation	7e7e71245e5864dc	7e7e71245e5864dc8f9df76cb309d6ca70cbbb4e9c83646a9b62ea7261204d2f	lerobot_groot_n15	n15	lerobot_groot_n15__robocasa365_ckpt120000		0	Pick the mug from the counter and place it under the coffee machine dispenser.	robocasa_panda_omron/CoffeeSetupMug_PandaOmron_Env	100004	1300001	0	0			5		1	all_token_full	groot_n15_dit_block_residual_full_tokens_denoise	"[""layer"",""denoise_step"",""model_token"",""feature_dim""]"	[7,4,49,1536]	[0,2,4,8,10,12,15]	n15_grid_v4_jitter	grid_coord	meta	meta_json	46ea62d53e09/worker1/CoffeeSetupMug/s400/n1/base	400	0
46ea62d53e09	worker1	CoffeeSetupMug	4	2	base	activation	befb59c52ffb6046	befb59c52ffb604689ff7a478a0a60d11452f88eee0590fdaaf76725939af684	lerobot_groot_n15	n15	lerobot_groot_n15__robocasa365_ckpt120000		0	Pick the mug from the counter and place it under the coffee machine dispenser.	robocasa_panda_omron/CoffeeSetupMug_PandaOmron_Env	100004	1300002	0	0			5		1	all_token_full	groot_n15_dit_block_residual_full_tokens_denoise	"[""layer"",""denoise_step"",""model_token"",""feature_dim""]"	[7,4,49,1536]	[0,2,4,8,10,12,15]	n15_grid_v4_jitter	grid_coord	meta	meta_json	46ea62d53e09/worker1/CoffeeSetupMug/s400/n2/base	400	0
46ea62d53e09	worker1	CoffeeSetupMug	4	3	base	activation	fbc6c208948ab52f	fbc6c208948ab52f8506edd6e6ada047afbb85b3b94ffa4edbc67fe938efa9b2	lerobot_groot_n15	n15	lerobot_groot_n15__robocasa365_ckpt120000		0	Pick the mug from the counter and place it under the coffee machine dispenser.	robocasa_panda_omron/CoffeeSetupMug_PandaOmron_Env	100004	1300003	0	0			5		1	all_token_full	groot_n15_dit_block_residual_full_tokens_denoise	"[""layer"",""denoise_step"",""model_token"",""feature_dim""]"	[7,4,49,1536]	[0,2,4,8,10,12,15]	n15_grid_v4_jitter	grid_coord	meta	meta_json	46ea62d53e09/worker1/CoffeeSetupMug/s400/n3/base	400	0
46ea62d53e09	worker1	CoffeeSetupMug	4	4	base	activation	f6d748cccf919537	f6d748cccf91953710254417a57ec7a8fa0ebf4c6029ca5af83ef6671be71e5a	lerobot_groot_n15	n15	lerobot_groot_n15__robocasa365_ckpt120000		0	Pick the mug from the counter and place it under the coffee machine dispenser.	robocasa_panda_omron/CoffeeSetupMug_PandaOmron_Env	100004	1300004	0	0			5		1	all_token_full	groot_n15_dit_block_residual_full_tokens_denoise	"[""layer"",""denoise_step"",""model_token"",""feature_dim""]"	[7,4,49,1536]	[0,2,4,8,10,12,15]	n15_grid_v4_jitter	grid_coord	meta	meta_json	46ea62d53e09/worker1/CoffeeSetupMug/s400/n4/base	400	0
46ea62d53e09	worker1	CoffeeSetupMug	4	0	base	activation	2b093fe67879c452	2b093fe67879c45214ac811827c115869e652e8a3fa7e521c9d56fd12e983c44	lerobot_groot_n15	n15	lerobot_groot_n15__robocasa365_ckpt120000		0	Pick the mug from the counter and place it under the coffee machine dispenser.	robocasa_panda_omron/CoffeeSetupMug_PandaOmron_Env	100004	1300000	0	0			5		1	all_token_full	groot_n15_dit_block_residual_full_tokens_denoise	"[""layer"",""denoise_step"",""model_token"",""feature_dim""]"	[7,4,49,1536]	[0,2,4,8,10,12,15]	n15_grid_v4_jitter	grid_coord	meta	meta_json	46ea62d53e09/worker1/CoffeeSetupMug/s401/n0/base	401	1
46ea62d53e09	worker1	CoffeeSetupMug	4	1	base	activation	3783effc7ae35c33	3783effc7ae35c33cf1cf4310beb8f11fef9e1d8bc5854050325723601d46bbf	lerobot_groot_n15	n15	lerobot_groot_n15__robocasa365_ckpt120000		0	Pick the mug from the counter and place it under the coffee machine dispenser.	robocasa_panda_omron/CoffeeSetupMug_PandaOmron_Env	100004	1300001	0	0			5		1	all_token_full	groot_n15_dit_block_residual_full_tokens_denoise	"[""layer"",""denoise_step"",""model_token"",""feature_dim""]"	[7,4,49,1536]	[0,2,4,8,10,12,15]	n15_grid_v4_jitter	grid_coord	meta	meta_json	46ea62d53e09/worker1/CoffeeSetupMug/s401/n1/base	401	1
46ea62d53e09	worker1	CoffeeSetupMug	4	2	base	activation	9e0c737a8a69df25	9e0c737a8a69df25e4ff218c12294a31b2c73fa266783f9c23a794e1d9087eb2	lerobot_groot_n15	n15	lerobot_groot_n15__robocasa365_ckpt120000		0	Pick the mug from the counter and place it under the coffee machine dispenser.	robocasa_panda_omron/CoffeeSetupMug_PandaOmron_Env	100004	1300002	0	0			5		1	all_token_full	groot_n15_dit_block_residual_full_tokens_denoise	"[""layer"",""denoise_step"",""model_token"",""feature_dim""]"	[7,4,49,1536]	[0,2,4,8,10,12,15]	n15_grid_v4_jitter	grid_coord	meta	meta_json	46ea62d53e09/worker1/CoffeeSetupMug/s401/n2/base	401	1
46ea62d53e09	worker1	CoffeeSetupMug	4	3	base	activation	064fece4fb337f47	064fece4fb337f472bd63dabff3c4e962459fea6f1404618a5f39d1370fc6355	lerobot_groot_n15	n15	lerobot_groot_n15__robocasa365_ckpt120000		0	Pick the mug from the counter and place it under the coffee machine dispenser.	robocasa_panda_omron/CoffeeSetupMug_PandaOmron_Env	100004	1300003	0	0			5		1	all_token_full	groot_n15_dit_block_residual_full_tokens_denoise	"[""layer"",""denoise_step"",""model_token"",""feature_dim""]"	[7,4,49,1536]	[0,2,4,8,10,12,15]	n15_grid_v4_jitter	grid_coord	meta	meta_json	46ea62d53e09/worker1/CoffeeSetupMug/s401/n3/base	401	1
46ea62d53e09	worker1	CoffeeSetupMug	4	4	base	activation	e1004e6b06e63572	e1004e6b06e63572693d66a3ad8d91e85d160d6d1acc20a6c581110fd0fe9af2	lerobot_groot_n15	n15	lerobot_groot_n15__robocasa365_ckpt120000		0	Pick the mug from the counter and place it under the coffee machine dispenser.	robocasa_panda_omron/CoffeeSetupMug_PandaOmron_Env	100004	1300004	0	0			5		1	all_token_full	groot_n15_dit_block_residual_full_tokens_denoise	"[""layer"",""denoise_step"",""model_token"",""feature_dim""]"	[7,4,49,1536]	[0,2,4,8,10,12,15]	n15_grid_v4_jitter	grid_coord	meta	meta_json	46ea62d53e09/worker1/CoffeeSetupMug/s401/n4/base	401	1
46ea62d53e09	worker1	CoffeeSetupMug	4	0	base	activation	0d2ef57361d57f83	0d2ef57361d57f83c8a1de8149d650bfedd183816fe0cbfb61285ea4cc6fd123	lerobot_groot_n15	n15	lerobot_groot_n15__robocasa365_ckpt120000		0	Pick the mug from the counter and place it under the coffee machine dispenser.	robocasa_panda_omron/CoffeeSetupMug_PandaOmron_Env	100004	1300000	0	0			5		1	all_token_full	groot_n15_dit_block_residual_full_tokens_denoise	"[""layer"",""denoise_step"",""model_token"",""feature_dim""]"	[7,4,49,1536]	[0,2,4,8,10,12,15]	n15_grid_v4_jitter	grid_coord	meta	meta_json	46ea62d53e09/worker1/CoffeeSetupMug/s402/n0/base	402	2
46ea62d53e09	worker1	CoffeeSetupMug	4	1	base	activation	7f268f2d894e9ce6	7f268f2d894e9ce69c79e2734a1c60b301578b04bdcd8a36a6bce8bc87560601	lerobot_groot_n15	n15	lerobot_groot_n15__robocasa365_ckpt120000		0	Pick the mug from the counter and place it under the coffee machine dispenser.	robocasa_panda_omron/CoffeeSetupMug_PandaOmron_Env	100004	1300001	0	0			5		1	all_token_full	groot_n15_dit_block_residual_full_tokens_denoise	"[""layer"",""denoise_step"",""model_token"",""feature_dim""]"	[7,4,49,1536]	[0,2,4,8,10,12,15]	n15_grid_v4_jitter	grid_coord	meta	meta_json	46ea62d53e09/worker1/CoffeeSetupMug/s402/n1/base	402	2
46ea62d53e09	worker1	CoffeeSetupMug	4	2	base	activation	fbdd886e88b4f357	fbdd886e88b4f35741308f8d819d0c69fdbc5c9a59f2a5b7105155ea147c59ab	lerobot_groot_n15	n15	lerobot_groot_n15__robocasa365_ckpt120000		0	Pick the mug from the counter and place it under the coffee machine dispenser.	robocasa_panda_omron/CoffeeSetupMug_PandaOmron_Env	100004	1300002	0	0			5		1	all_token_full	groot_n15_dit_block_residual_full_tokens_denoise	"[""layer"",""denoise_step"",""model_token"",""feature_dim""]"	[7,4,49,1536]	[0,2,4,8,10,12,15]	n15_grid_v4_jitter	grid_coord	meta	meta_json	46ea62d53e09/worker1/CoffeeSetupMug/s402/n2/base	402	2
46ea62d53e09	worker1	CoffeeSetupMug	4	3	base	activation	33fc7050e8baef8c	33fc7050e8baef8c2377fb35dd01ac2d8dffa70d3f61d03a845ee98f98376f33	lerobot_groot_n15	n15	lerobot_groot_n15__robocasa365_ckpt120000		0	Pick the mug from the counter and place it under the coffee machine dispenser.	robocasa_panda_omron/CoffeeSetupMug_PandaOmron_Env	100004	1300003	0	0			5		1	all_token_full	groot_n15_dit_block_residual_full_tokens_denoise	"[""layer"",""denoise_step"",""model_token"",""feature_dim""]"	[7,4,49,1536]	[0,2,4,8,10,12,15]	n15_grid_v4_jitter	grid_coord	meta	meta_json	46ea62d53e09/worker1/CoffeeSetupMug/s402/n3/base	402	2
46ea62d53e09	worker1	CoffeeSetupMug	4	4	base	activation	25c7fae563542202	25c7fae5635422027ba46f798f812beccdb03b39b1298981deed19cc3b21705a	lerobot_groot_n15	n15	lerobot_groot_n15__robocasa365_ckpt120000		0	Pick the mug from the counter and place it under the coffee machine dispenser.	robocasa_panda_omron/CoffeeSetupMug_PandaOmron_Env	100004	1300004	0	0			5		1	all_token_full	groot_n15_dit_block_residual_full_tokens_denoise	"[""layer"",""denoise_step"",""model_token"",""feature_dim""]"	[7,4,49,1536]	[0,2,4,8,10,12,15]	n15_grid_v4_jitter	grid_coord	meta	meta_json	46ea62d53e09/worker1/CoffeeSetupMug/s402/n4/base	402	2
46ea62d53e09	worker1	CoffeeSetupMug	4	0	base	activation	fce8553ce073b51c	fce8553ce073b51cf1d91d2744b1e45502ff023ca8f7bf593119bb4314a2ff1d	lerobot_groot_n15	n15	lerobot_groot_n15__robocasa365_ckpt120000		0	Pick the mug from the counter and place it under the coffee machine dispenser.	robocasa_panda_omron/CoffeeSetupMug_PandaOmron_Env	100004	1300000	0	0			5		1	all_token_full	groot_n15_dit_block_residual_full_tokens_denoise	"[""layer"",""denoise_step"",""model_token"",""feature_dim""]"	[7,4,49,1536]	[0,2,4,8,10,12,15]	n15_grid_v4_jitter	grid_coord	meta	meta_json	46ea62d53e09/worker1/CoffeeSetupMug/s403/n0/base	403	3
46ea62d53e09	worker1	CoffeeSetupMug	4	1	base	activation	8dad4c40246ee0a0	8dad4c40246ee0a04035927693021e26a3acb6b573e20f6b05ec06081a8cd0ec	lerobot_groot_n15	n15	lerobot_groot_n15__robocasa365_ckpt120000		0	Pick the mug from the counter and place it under the coffee machine dispenser.	robocasa_panda_omron/CoffeeSetupMug_PandaOmron_Env	100004	1300001	0	0			5		1	all_token_full	groot_n15_dit_block_residual_full_tokens_denoise	"[""layer"",""denoise_step"",""model_token"",""feature_dim""]"	[7,4,49,1536]	[0,2,4,8,10,12,15]	n15_grid_v4_jitter	grid_coord	meta	meta_json	46ea62d53e09/worker1/CoffeeSetupMug/s403/n1/base	403	3
46ea62d53e09	worker1	CoffeeSetupMug	4	2	base	activation	e6a48a2f8c1baf59	e6a48a2f8c1baf599612211f859f4034d0511e8fdd25aa90b5ad5c4713c73d5f	lerobot_groot_n15	n15	lerobot_groot_n15__robocasa365_ckpt120000		0	Pick the mug from the counter and place it under the coffee machine dispenser.	robocasa_panda_omron/CoffeeSetupMug_PandaOmron_Env	100004	1300002	0	0			5		1	all_token_full	groot_n15_dit_block_residual_full_tokens_denoise	"[""layer"",""denoise_step"",""model_token"",""feature_dim""]"	[7,4,49,1536]	[0,2,4,8,10,12,15]	n15_grid_v4_jitter	grid_coord	meta	meta_json	46ea62d53e09/worker1/CoffeeSetupMug/s403/n2/base	403	3
46ea62d53e09	worker1	CoffeeSetupMug	4	3	base	activation	3c92e137d928ce45	3c92e137d928ce456d9855fd00e5c60b266a51c9311420045549046076a3b8ed	lerobot_groot_n15	n15	lerobot_groot_n15__robocasa365_ckpt120000		0	Pick the mug from the counter and place it under the coffee machine dispenser.	robocasa_panda_omron/CoffeeSetupMug_PandaOmron_Env	100004	1300003	0	0			5		1	all_token_full	groot_n15_dit_block_residual_full_tokens_denoise	"[""layer"",""denoise_step"",""model_token"",""feature_dim""]"	[7,4,49,1536]	[0,2,4,8,10,12,15]	n15_grid_v4_jitter	grid_coord	meta	meta_json	46ea62d53e09/worker1/CoffeeSetupMug/s403/n3/base	403	3
46ea62d53e09	worker1	CoffeeSetupMug	4	4	base	activation	c172f9607dfe3d79	c172f9607dfe3d7911bdb41a1da6b70a4a31a350bef83d0ef4467aed6848be7c	lerobot_groot_n15	n15	lerobot_groot_n15__robocasa365_ckpt120000		0	Pick the mug from the counter and place it under the coffee machine dispenser.	robocasa_panda_omron/CoffeeSetupMug_PandaOmron_Env	100004	1300004	0	0			5		1	all_token_full	groot_n15_dit_block_residual_full_tokens_denoise	"[""layer"",""denoise_step"",""model_token"",""feature_dim""]"	[7,4,49,1536]	[0,2,4,8,10,12,15]	n15_grid_v4_jitter	grid_coord	meta	meta_json	46ea62d53e09/worker1/CoffeeSetupMug/s403/n4/base	403	3
46ea62d53e09	worker1	DishwasherRack/out	0	0	base	activation	d07c42b7aab90f1e	d07c42b7aab90f1e046c0e9437baf86667a5d74979d17d4a8d457bbc99929e0b	lerobot_groot_n15	n15	lerobot_groot_n15__robocasa365_ckpt120000		0	Fully slide the top dishwasher rack out.	robocasa_panda_omron/SlideDishwasherRack_PandaOmron_Env	100000	1300000	0	0			5		1	all_token_full	groot_n15_dit_block_residual_full_tokens_denoise	"[""layer"",""denoise_step"",""model_token"",""feature_dim""]"	[7,4,49,1536]	[0,2,4,8,10,12,15]	n15_grid_v4_jitter	grid_coord	meta	meta_json	46ea62d53e09/worker1/DishwasherRack/out/s0/n0/base	0	0
46ea62d53e09	worker1	DishwasherRack/out	0	1	base	activation	796e87667e43d4cc	796e87667e43d4ccc35b32d39ce705e5c80473b65732abe8feb0d9313f87ab4d	lerobot_groot_n15	n15	lerobot_groot_n15__robocasa365_ckpt120000		0	Fully slide the top dishwasher rack out.	robocasa_panda_omron/SlideDishwasherRack_PandaOmron_Env	100000	1300001	0	0			5		1	all_token_full	groot_n15_dit_block_residual_full_tokens_denoise	"[""layer"",""denoise_step"",""model_token"",""feature_dim""]"	[7,4,49,1536]	[0,2,4,8,10,12,15]	n15_grid_v4_jitter	grid_coord	meta	meta_json	46ea62d53e09/worker1/DishwasherRack/out/s0/n1/base	0	0
46ea62d53e09	worker1	DishwasherRack/out	0	2	base	activation	ac8a265eae43c364	ac8a265eae43c3642a0e36515277e1cdb58669971b74b7bf6701f6ad4df30fd0	lerobot_groot_n15	n15	lerobot_groot_n15__robocasa365_ckpt120000		0	Fully slide the top dishwasher rack out.	robocasa_panda_omron/SlideDishwasherRack_PandaOmron_Env	100000	1300002	0	0			5		1	all_token_full	groot_n15_dit_block_residual_full_tokens_denoise	"[""layer"",""denoise_step"",""model_token"",""feature_dim""]"	[7,4,49,1536]	[0,2,4,8,10,12,15]	n15_grid_v4_jitter	grid_coord	meta	meta_json	46ea62d53e09/worker1/DishwasherRack/out/s0/n2/base	0	0
46ea62d53e09	worker1	DishwasherRack/out	0	3	base	activation	9aa7ebc793505d02	9aa7ebc793505d021c212147d2f7b5bc3a76c62f4aa04eeac64bb7558066dad6	lerobot_groot_n15	n15	lerobot_groot_n15__robocasa365_ckpt120000		0	Fully slide the top dishwasher rack out.	robocasa_panda_omron/SlideDishwasherRack_PandaOmron_Env	100000	1300003	0	0			5		1	all_token_full	groot_n15_dit_block_residual_full_tokens_denoise	"[""layer"",""denoise_step"",""model_token"",""feature_dim""]"	[7,4,49,1536]	[0,2,4,8,10,12,15]	n15_grid_v4_jitter	grid_coord	meta	meta_json	46ea62d53e09/worker1/DishwasherRack/out/s0/n3/base	0	0
46ea62d53e09	worker1	DishwasherRack/out	0	4	base	activation	15834d2dda65309e	15834d2dda65309ed308f0f825d762977173a4fb4ecf512a901091bc7d545d1e	lerobot_groot_n15	n15	lerobot_groot_n15__robocasa365_ckpt120000		0	Fully slide the top dishwasher rack out.	robocasa_panda_omron/SlideDishwasherRack_PandaOmron_Env	100000	1300004	0	0			5		1	all_token_full	groot_n15_dit_block_residual_full_tokens_denoise	"[""layer"",""denoise_step"",""model_token"",""feature_dim""]"	[7,4,49,1536]	[0,2,4,8,10,12,15]	n15_grid_v4_jitter	grid_coord	meta	meta_json	46ea62d53e09/worker1/DishwasherRack/out/s0/n4/base	0	0
46ea62d53e09	worker1	DishwasherRack/out	0	0	base	activation	fd81b054d33169fa	fd81b054d33169fa4d6810b5a7afb59d3b57881b42bf4c347c18598bf40f14ce	lerobot_groot_n15	n15	lerobot_groot_n15__robocasa365_ckpt120000		0	Fully slide the top dishwasher rack out.	robocasa_panda_omron/SlideDishwasherRack_PandaOmron_Env	100000	1300000	0	0			5		1	all_token_full	groot_n15_dit_block_residual_full_tokens_denoise	"[""layer"",""denoise_step"",""model_token"",""feature_dim""]"	[7,4,49,1536]	[0,2,4,8,10,12,15]	n15_grid_v4_jitter	grid_coord	meta	meta_json	46ea62d53e09/worker1/DishwasherRack/out/s1/n0/base	1	1
46ea62d53e09	worker1	DishwasherRack/out	0	1	base	activation	251decc8ae7ffe66	251decc8ae7ffe66f8ac8877849cd67517c7cc9c0acfe4cc3e352ce00fcd4dcf	lerobot_groot_n15	n15	lerobot_groot_n15__robocasa365_ckpt120000		0	Fully slide the top dishwasher rack out.	robocasa_panda_omron/SlideDishwasherRack_PandaOmron_Env	100000	1300001	0	0			5		1	all_token_full	groot_n15_dit_block_residual_full_tokens_denoise	"[""layer"",""denoise_step"",""model_token"",""feature_dim""]"	[7,4,49,1536]	[0,2,4,8,10,12,15]	n15_grid_v4_jitter	grid_coord	meta	meta_json	46ea62d53e09/worker1/DishwasherRack/out/s1/n1/base	1	1
46ea62d53e09	worker1	DishwasherRack/out	0	2	base	activation	e1263648df2ec59a	e1263648df2ec59a01101b88b002640c62957dde6175a00ac226d5fd89204610	lerobot_groot_n15	n15	lerobot_groot_n15__robocasa365_ckpt120000		0	Fully slide the top dishwasher rack out.	robocasa_panda_omron/SlideDishwasherRack_PandaOmron_Env	100000	1300002	0	0			5		1	all_token_full	groot_n15_dit_block_residual_full_tokens_denoise	"[""layer"",""denoise_step"",""model_token"",""feature_dim""]"	[7,4,49,1536]	[0,2,4,8,10,12,15]	n15_grid_v4_jitter	grid_coord	meta	meta_json	46ea62d53e09/worker1/DishwasherRack/out/s1/n2/base	1	1
46ea62d53e09	worker1	DishwasherRack/out	0	3	base	activation	351401fec3fcfd1e	351401fec3fcfd1ed2931c10e7a4db5dd692a90971bbef8cbe4ea7df5c38ed41	lerobot_groot_n15	n15	lerobot_groot_n15__robocasa365_ckpt120000		0	Fully slide the top dishwasher rack out.	robocasa_panda_omron/SlideDishwasherRack_PandaOmron_Env	100000	1300003	0	0			5		1	all_token_full	groot_n15_dit_block_residual_full_tokens_denoise	"[""layer"",""denoise_step"",""model_token"",""feature_dim""]"	[7,4,49,1536]	[0,2,4,8,10,12,15]	n15_grid_v4_jitter	grid_coord	meta	meta_json	46ea62d53e09/worker1/DishwasherRack/out/s1/n3/base	1	1
46ea62d53e09	worker1	DishwasherRack/out	0	4	base	activation	64977c15c8af087f	64977c15c8af087ffe4d18c9efbf56810a829d8e3aa93c90293498a0518fd8fb	lerobot_groot_n15	n15	lerobot_groot_n15__robocasa365_ckpt120000		0	Fully slide the top dishwasher rack out.	robocasa_panda_omron/SlideDishwasherRack_PandaOmron_Env	100000	1300004	0	0			5		1	all_token_full	groot_n15_dit_block_residual_full_tokens_denoise	"[""layer"",""denoise_step"",""model_token"",""feature_dim""]"	[7,4,49,1536]	[0,2,4,8,10,12,15]	n15_grid_v4_jitter	grid_coord	meta	meta_json	46ea62d53e09/worker1/DishwasherRack/out/s1/n4/base	1	1
46ea62d53e09	worker1	DishwasherRack/out	1	0	base	activation	c1e0057cc4c4d725	c1e0057cc4c4d7257253221e1f8e59366c931eb3b017b539c7a075de18c9e5bb	lerobot_groot_n15	n15	lerobot_groot_n15__robocasa365_ckpt120000		0	Fully slide the top dishwasher rack out.	robocasa_panda_omron/SlideDishwasherRack_PandaOmron_Env	100003	1300000	0	0			5		1	all_token_full	groot_n15_dit_block_residual_full_tokens_denoise	"[""layer"",""denoise_step"",""model_token"",""feature_dim""]"	[7,4,49,1536]	[0,2,4,8,10,12,15]	n15_grid_v4_jitter	grid_coord	meta	meta_json	46ea62d53e09/worker1/DishwasherRack/out/s100/n0/base	100	0
46ea62d53e09	worker1	DishwasherRack/out	1	1	base	activation	f5c8bc0c582db786	f5c8bc0c582db7866c89959a6d7156d0291d4bef6dbc201ff0cd4252bb0b3630	lerobot_groot_n15	n15	lerobot_groot_n15__robocasa365_ckpt120000		0	Fully slide the top dishwasher rack out.	robocasa_panda_omron/SlideDishwasherRack_PandaOmron_Env	100003	1300001	0	0			5		1	all_token_full	groot_n15_dit_block_residual_full_tokens_denoise	"[""layer"",""denoise_step"",""model_token"",""feature_dim""]"	[7,4,49,1536]	[0,2,4,8,10,12,15]	n15_grid_v4_jitter	grid_coord	meta	meta_json	46ea62d53e09/worker1/DishwasherRack/out/s100/n1/base	100	0
46ea62d53e09	worker1	DishwasherRack/out	1	2	base	activation	630ca7b47c48bb17	630ca7b47c48bb171caa6f0fbc169eb16e26fc497adbf9db69e6fa7fcbb76ad0	lerobot_groot_n15	n15	lerobot_groot_n15__robocasa365_ckpt120000		0	Fully slide the top dishwasher rack out.	robocasa_panda_omron/SlideDishwasherRack_PandaOmron_Env	100003	1300002	0	0			5		1	all_token_full	groot_n15_dit_block_residual_full_tokens_denoise	"[""layer"",""denoise_step"",""model_token"",""feature_dim""]"	[7,4,49,1536]	[0,2,4,8,10,12,15]	n15_grid_v4_jitter	grid_coord	meta	meta_json	46ea62d53e09/worker1/DishwasherRack/out/s100/n2/base	100	0
46ea62d53e09	worker1	DishwasherRack/out	1	3	base	activation	bfeccb1275748b55	bfeccb1275748b557b8c4f01f222ab837e0fa5b9e1fac35ce7a4b84c6465a54c	lerobot_groot_n15	n15	lerobot_groot_n15__robocasa365_ckpt120000		0	Fully slide the top dishwasher rack out.	robocasa_panda_omron/SlideDishwasherRack_PandaOmron_Env	100003	1300003	0	0			5		1	all_token_full	groot_n15_dit_block_residual_full_tokens_denoise	"[""layer"",""denoise_step"",""model_token"",""feature_dim""]"	[7,4,49,1536]	[0,2,4,8,10,12,15]	n15_grid_v4_jitter	grid_coord	meta	meta_json	46ea62d53e09/worker1/DishwasherRack/out/s100/n3/base	100	0
46ea62d53e09	worker1	DishwasherRack/out	1	4	base	activation	e700ed08f2f9d92a	e700ed08f2f9d92a23ff9389c907fa58fe15c1e22c05b5b11f6921fd927c1d92	lerobot_groot_n15	n15	lerobot_groot_n15__robocasa365_ckpt120000		0	Fully slide the top dishwasher rack out.	robocasa_panda_omron/SlideDishwasherRack_PandaOmron_Env	100003	1300004	0	0			5		1	all_token_full	groot_n15_dit_block_residual_full_tokens_denoise	"[""layer"",""denoise_step"",""model_token"",""feature_dim""]"	[7,4,49,1536]	[0,2,4,8,10,12,15]	n15_grid_v4_jitter	grid_coord	meta	meta_json	46ea62d53e09/worker1/DishwasherRack/out/s100/n4/base	100	0
46ea62d53e09	worker1	DishwasherRack/out	1	0	base	activation	214688d7d25d108a	214688d7d25d108aabf48e020f6112f1e41b79cc1029fdf6a8af99bc88d1433a	lerobot_groot_n15	n15	lerobot_groot_n15__robocasa365_ckpt120000		0	Fully slide the top dishwasher rack out.	robocasa_panda_omron/SlideDishwasherRack_PandaOmron_Env	100003	1300000	0	0			5		1	all_token_full	groot_n15_dit_block_residual_full_tokens_denoise	"[""layer"",""denoise_step"",""model_token"",""feature_dim""]"	[7,4,49,1536]	[0,2,4,8,10,12,15]	n15_grid_v4_jitter	grid_coord	meta	meta_json	46ea62d53e09/worker1/DishwasherRack/out/s101/n0/base	101	1
46ea62d53e09	worker1	DishwasherRack/out	1	1	base	activation	11533451fbb4bff7	11533451fbb4bff79894288f0e9491d51cb79c2215e59494a3e202a79c16ea75	lerobot_groot_n15	n15	lerobot_groot_n15__robocasa365_ckpt120000		0	Fully slide the top dishwasher rack out.	robocasa_panda_omron/SlideDishwasherRack_PandaOmron_Env	100003	1300001	0	0			5		1	all_token_full	groot_n15_dit_block_residual_full_tokens_denoise	"[""layer"",""denoise_step"",""model_token"",""feature_dim""]"	[7,4,49,1536]	[0,2,4,8,10,12,15]	n15_grid_v4_jitter	grid_coord	meta	meta_json	46ea62d53e09/worker1/DishwasherRack/out/s101/n1/base	101	1
46ea62d53e09	worker1	DishwasherRack/out	1	2	base	activation	6a952c7bcc75103d	6a952c7bcc75103d2fc6c4e06cc2bc93c1dc7269b3fa0a38d0526210dcb410ca	lerobot_groot_n15	n15	lerobot_groot_n15__robocasa365_ckpt120000		0	Fully slide the top dishwasher rack out.	robocasa_panda_omron/SlideDishwasherRack_PandaOmron_Env	100003	1300002	0	0			5		1	all_token_full	groot_n15_dit_block_residual_full_tokens_denoise	"[""layer"",""denoise_step"",""model_token"",""feature_dim""]"	[7,4,49,1536]	[0,2,4,8,10,12,15]	n15_grid_v4_jitter	grid_coord	meta	meta_json	46ea62d53e09/worker1/DishwasherRack/out/s101/n2/base	101	1
46ea62d53e09	worker1	DishwasherRack/out	1	3	base	activation	5f4ef1c5379b2326	5f4ef1c5379b23263423e2cf70e803a9be0a2ad1c175ef12f29dcdd1628c4321	lerobot_groot_n15	n15	lerobot_groot_n15__robocasa365_ckpt120000		0	Fully slide the top dishwasher rack out.	robocasa_panda_omron/SlideDishwasherRack_PandaOmron_Env	100003	1300003	0	0			5		1	all_token_full	groot_n15_dit_block_residual_full_tokens_denoise	"[""layer"",""denoise_step"",""model_token"",""feature_dim""]"	[7,4,49,1536]	[0,2,4,8,10,12,15]	n15_grid_v4_jitter	grid_coord	meta	meta_json	46ea62d53e09/worker1/DishwasherRack/out/s101/n3/base	101	1
46ea62d53e09	worker1	DishwasherRack/out	1	4	base	activation	faa9df5d6e6b3a6c	faa9df5d6e6b3a6c0e4d78de0b513c013014456438e60a866f6abbf865197217	lerobot_groot_n15	n15	lerobot_groot_n15__robocasa365_ckpt120000		0	Fully slide the top dishwasher rack out.	robocasa_panda_omron/SlideDishwasherRack_PandaOmron_Env	100003	1300004	0	0			5		1	all_token_full	groot_n15_dit_block_residual_full_tokens_denoise	"[""layer"",""denoise_step"",""model_token"",""feature_dim""]"	[7,4,49,1536]	[0,2,4,8,10,12,15]	n15_grid_v4_jitter	grid_coord	meta	meta_json	46ea62d53e09/worker1/DishwasherRack/out/s101/n4/base	101	1
46ea62d53e09	worker1	DishwasherRack/out	1	0	base	activation	72f56e11740c83b5	72f56e11740c83b59bf17d028279cc3ba1fc2a503c99265e0a93997061cf4cdb	lerobot_groot_n15	n15	lerobot_groot_n15__robocasa365_ckpt120000		0	Fully slide the top dishwasher rack out.	robocasa_panda_omron/SlideDishwasherRack_PandaOmron_Env	100003	1300000	0	0			5		1	all_token_full	groot_n15_dit_block_residual_full_tokens_denoise	"[""layer"",""denoise_step"",""model_token"",""feature_dim""]"	[7,4,49,1536]	[0,2,4,8,10,12,15]	n15_grid_v4_jitter	grid_coord	meta	meta_json	46ea62d53e09/worker1/DishwasherRack/out/s102/n0/base	102	2
46ea62d53e09	worker1	DishwasherRack/out	1	1	base	activation	6939898822da4f25	6939898822da4f25e02d0124df2edb2c201c63a1d3e423822a53f29a287dd0c9	lerobot_groot_n15	n15	lerobot_groot_n15__robocasa365_ckpt120000		0	Fully slide the top dishwasher rack out.	robocasa_panda_omron/SlideDishwasherRack_PandaOmron_Env	100003	1300001	0	0			5		1	all_token_full	groot_n15_dit_block_residual_full_tokens_denoise	"[""layer"",""denoise_step"",""model_token"",""feature_dim""]"	[7,4,49,1536]	[0,2,4,8,10,12,15]	n15_grid_v4_jitter	grid_coord	meta	meta_json	46ea62d53e09/worker1/DishwasherRack/out/s102/n1/base	102	2
46ea62d53e09	worker1	DishwasherRack/out	1	2	base	activation	007525d64687c411	007525d64687c41188ac1256fea29f383a7d8e207125b3cf24d2161bfa0e38fd	lerobot_groot_n15	n15	lerobot_groot_n15__robocasa365_ckpt120000		0	Fully slide the top dishwasher rack out.	robocasa_panda_omron/SlideDishwasherRack_PandaOmron_Env	100003	1300002	0	0			5		1	all_token_full	groot_n15_dit_block_residual_full_tokens_denoise	"[""layer"",""denoise_step"",""model_token"",""feature_dim""]"	[7,4,49,1536]	[0,2,4,8,10,12,15]	n15_grid_v4_jitter	grid_coord	meta	meta_json	46ea62d53e09/worker1/DishwasherRack/out/s102/n2/base	102	2
46ea62d53e09	worker1	DishwasherRack/out	1	3	base	activation	92cdae970a9c37d7	92cdae970a9c37d79675cf338a5b59bd2f47e6152b5a4e4033fff6fdacf63f47	lerobot_groot_n15	n15	lerobot_groot_n15__robocasa365_ckpt120000		0	Fully slide the top dishwasher rack out.	robocasa_panda_omron/SlideDishwasherRack_PandaOmron_Env	100003	1300003	0	0			5		1	all_token_full	groot_n15_dit_block_residual_full_tokens_denoise	"[""layer"",""denoise_step"",""model_token"",""feature_dim""]"	[7,4,49,1536]	[0,2,4,8,10,12,15]	n15_grid_v4_jitter	grid_coord	meta	meta_json	46ea62d53e09/worker1/DishwasherRack/out/s102/n3/base	102	2
46ea62d53e09	worker1	DishwasherRack/out	1	4	base	activation	64a09b8085e31d20	64a09b8085e31d207445619481f6d639951b5409a61ba0f0a05cb592bc72e987	lerobot_groot_n15	n15	lerobot_groot_n15__robocasa365_ckpt120000		0	Fully slide the top dishwasher rack out.	robocasa_panda_omron/SlideDishwasherRack_PandaOmron_Env	100003	1300004	0	0			5		1	all_token_full	groot_n15_dit_block_residual_full_tokens_denoise	"[""layer"",""denoise_step"",""model_token"",""feature_dim""]"	[7,4,49,1536]	[0,2,4,8,10,12,15]	n15_grid_v4_jitter	grid_coord	meta	meta_json	46ea62d53e09/worker1/DishwasherRack/out/s102/n4/base	102	2
46ea62d53e09	worker1	DishwasherRack/out	1	0	base	activation	f395ec16a684e823	f395ec16a684e8233b53045643ae24e674036c2da19b181c3d9ebb479d650f75	lerobot_groot_n15	n15	lerobot_groot_n15__robocasa365_ckpt120000		0	Fully slide the top dishwasher rack out.	robocasa_panda_omron/SlideDishwasherRack_PandaOmron_Env	100003	1300000	0	0			5		1	all_token_full	groot_n15_dit_block_residual_full_tokens_denoise	"[""layer"",""denoise_step"",""model_token"",""feature_dim""]"	[7,4,49,1536]	[0,2,4,8,10,12,15]	n15_grid_v4_jitter	grid_coord	meta	meta_json	46ea62d53e09/worker1/DishwasherRack/out/s103/n0/base	103	3
46ea62d53e09	worker1	DishwasherRack/out	1	1	base	activation	77c771981155620f	77c771981155620f230ff8cea972ccb9c88e08495b303bb4ca629636da315921	lerobot_groot_n15	n15	lerobot_groot_n15__robocasa365_ckpt120000		0	Fully slide the top dishwasher rack out.	robocasa_panda_omron/SlideDishwasherRack_PandaOmron_Env	100003	1300001	0	0			5		1	all_token_full	groot_n15_dit_block_residual_full_tokens_denoise	"[""layer"",""denoise_step"",""model_token"",""feature_dim""]"	[7,4,49,1536]	[0,2,4,8,10,12,15]	n15_grid_v4_jitter	grid_coord	meta	meta_json	46ea62d53e09/worker1/DishwasherRack/out/s103/n1/base	103	3
46ea62d53e09	worker1	DishwasherRack/out	1	2	base	activation	002a1aa19a310577	002a1aa19a310577823e280cf839d72da8f2c2945a16b4641f2ae99803e9eadb	lerobot_groot_n15	n15	lerobot_groot_n15__robocasa365_ckpt120000		0	Fully slide the top dishwasher rack out.	robocasa_panda_omron/SlideDishwasherRack_PandaOmron_Env	100003	1300002	0	0			5		1	all_token_full	groot_n15_dit_block_residual_full_tokens_denoise	"[""layer"",""denoise_step"",""model_token"",""feature_dim""]"	[7,4,49,1536]	[0,2,4,8,10,12,15]	n15_grid_v4_jitter	grid_coord	meta	meta_json	46ea62d53e09/worker1/DishwasherRack/out/s103/n2/base	103	3
46ea62d53e09	worker1	DishwasherRack/out	1	3	base	activation	e9c696712935d5ef	e9c696712935d5ef9e4c44850732ad5e57c43474cdaa06abc944230b3526d072	lerobot_groot_n15	n15	lerobot_groot_n15__robocasa365_ckpt120000		0	Fully slide the top dishwasher rack out.	robocasa_panda_omron/SlideDishwasherRack_PandaOmron_Env	100003	1300003	0	0			5		1	all_token_full	groot_n15_dit_block_residual_full_tokens_denoise	"[""layer"",""denoise_step"",""model_token"",""feature_dim""]"	[7,4,49,1536]	[0,2,4,8,10,12,15]	n15_grid_v4_jitter	grid_coord	meta	meta_json	46ea62d53e09/worker1/DishwasherRack/out/s103/n3/base	103	3
46ea62d53e09	worker1	DishwasherRack/out	1	4	base	activation	566fa35dac32eeef	566fa35dac32eeef3b4f08ae2b96912e9c084f66df98e15931087522b7adaa2d	lerobot_groot_n15	n15	lerobot_groot_n15__robocasa365_ckpt120000		0	Fully slide the top dishwasher rack out.	robocasa_panda_omron/SlideDishwasherRack_PandaOmron_Env	100003	1300004	0	0			5		1	all_token_full	groot_n15_dit_block_residual_full_tokens_denoise	"[""layer"",""denoise_step"",""model_token"",""feature_dim""]"	[7,4,49,1536]	[0,2,4,8,10,12,15]	n15_grid_v4_jitter	grid_coord	meta	meta_json	46ea62d53e09/worker1/DishwasherRack/out/s103/n4/base	103	3
46ea62d53e09	worker1	DishwasherRack/out	0	0	base	activation	ea1c0136728d658b	ea1c0136728d658b3ba36dbcbc3a7c73e0bab6ddb268b584b714fc5a0d919faf	lerobot_groot_n15	n15	lerobot_groot_n15__robocasa365_ckpt120000		0	Fully slide the top dishwasher rack out.	robocasa_panda_omron/SlideDishwasherRack_PandaOmron_Env	100000	1300000	0	0			5		1	all_token_full	groot_n15_dit_block_residual_full_tokens_denoise	"[""layer"",""denoise_step"",""model_token"",""feature_dim""]"	[7,4,49,1536]	[0,2,4,8,10,12,15]	n15_grid_v4_jitter	grid_coord	meta	meta_json	46ea62d53e09/worker1/DishwasherRack/out/s2/n0/base	2	2
46ea62d53e09	worker1	DishwasherRack/out	0	1	base	activation	bc1a457803e92a43	bc1a457803e92a432b7957d348ce12bd772c5735f954cc23700faec1603961d5	lerobot_groot_n15	n15	lerobot_groot_n15__robocasa365_ckpt120000		0	Fully slide the top dishwasher rack out.	robocasa_panda_omron/SlideDishwasherRack_PandaOmron_Env	100000	1300001	0	1			5		1	all_token_full	groot_n15_dit_block_residual_full_tokens_denoise	"[""layer"",""denoise_step"",""model_token"",""feature_dim""]"	[7,4,49,1536]	[0,2,4,8,10,12,15]	n15_grid_v4_jitter	grid_coord	meta	meta_json	46ea62d53e09/worker1/DishwasherRack/out/s2/n1/base	2	2
46ea62d53e09	worker1	DishwasherRack/out	0	2	base	activation	1efac7398a3302ee	1efac7398a3302ee829af57eb88d5b6a37b483a833dcbf70948c6fae07ba24a6	lerobot_groot_n15	n15	lerobot_groot_n15__robocasa365_ckpt120000		0	Fully slide the top dishwasher rack out.	robocasa_panda_omron/SlideDishwasherRack_PandaOmron_Env	100000	1300002	0	0			5		1	all_token_full	groot_n15_dit_block_residual_full_tokens_denoise	"[""layer"",""denoise_step"",""model_token"",""feature_dim""]"	[7,4,49,1536]	[0,2,4,8,10,12,15]	n15_grid_v4_jitter	grid_coord	meta	meta_json	46ea62d53e09/worker1/DishwasherRack/out/s2/n2/base	2	2
46ea62d53e09	worker1	DishwasherRack/out	0	3	base	activation	94b33001fe02b8b7	94b33001fe02b8b7dc6359afea454ce1cca27da33ae34930d203a0202b8affaf	lerobot_groot_n15	n15	lerobot_groot_n15__robocasa365_ckpt120000		0	Fully slide the top dishwasher rack out.	robocasa_panda_omron/SlideDishwasherRack_PandaOmron_Env	100000	1300003	0	1			5		1	all_token_full	groot_n15_dit_block_residual_full_tokens_denoise	"[""layer"",""denoise_step"",""model_token"",""feature_dim""]"	[7,4,49,1536]	[0,2,4,8,10,12,15]	n15_grid_v4_jitter	grid_coord	meta	meta_json	46ea62d53e09/worker1/DishwasherRack/out/s2/n3/base	2	2
46ea62d53e09	worker1	DishwasherRack/out	0	4	base	activation	6f9be316fbd4b11a	6f9be316fbd4b11acce5d0ca28458dfb8fffb5b4eeffce594f33e30cfe6c14ff	lerobot_groot_n15	n15	lerobot_groot_n15__robocasa365_ckpt120000		0	Fully slide the top dishwasher rack out.	robocasa_panda_omron/SlideDishwasherRack_PandaOmron_Env	100000	1300004	0	0			5		1	all_token_full	groot_n15_dit_block_residual_full_tokens_denoise	"[""layer"",""denoise_step"",""model_token"",""feature_dim""]"	[7,4,49,1536]	[0,2,4,8,10,12,15]	n15_grid_v4_jitter	grid_coord	meta	meta_json	46ea62d53e09/worker1/DishwasherRack/out/s2/n4/base	2	2
46ea62d53e09	worker1	DishwasherRack/out	2	0	base	activation	7a405af9ae157135	7a405af9ae15713539e571cfa73bd0a4617e73207b8fce93451584071e6cd418	lerobot_groot_n15	n15	lerobot_groot_n15__robocasa365_ckpt120000		0	Fully slide the top dishwasher rack out.	robocasa_panda_omron/SlideDishwasherRack_PandaOmron_Env	100008	1300000	0	0			5		1	all_token_full	groot_n15_dit_block_residual_full_tokens_denoise	"[""layer"",""denoise_step"",""model_token"",""feature_dim""]"	[7,4,49,1536]	[0,2,4,8,10,12,15]	n15_grid_v4_jitter	grid_coord	meta	meta_json	46ea62d53e09/worker1/DishwasherRack/out/s200/n0/base	200	0
46ea62d53e09	worker1	DishwasherRack/out	2	1	base	activation	eda0baf1431fff8b	eda0baf1431fff8bc3d56803146317ad80399e9d8c91bbfbce77025a8ecc0ee3	lerobot_groot_n15	n15	lerobot_groot_n15__robocasa365_ckpt120000		0	Fully slide the top dishwasher rack out.	robocasa_panda_omron/SlideDishwasherRack_PandaOmron_Env	100008	1300001	0	0			5		1	all_token_full	groot_n15_dit_block_residual_full_tokens_denoise	"[""layer"",""denoise_step"",""model_token"",""feature_dim""]"	[7,4,49,1536]	[0,2,4,8,10,12,15]	n15_grid_v4_jitter	grid_coord	meta	meta_json	46ea62d53e09/worker1/DishwasherRack/out/s200/n1/base	200	0
46ea62d53e09	worker1	DishwasherRack/out	2	2	base	activation	166ff2b05d084960	166ff2b05d084960b334edaa9895efa1d4ba56d3a800e49d9d88e6f14d90db82	lerobot_groot_n15	n15	lerobot_groot_n15__robocasa365_ckpt120000		0	Fully slide the top dishwasher rack out.	robocasa_panda_omron/SlideDishwasherRack_PandaOmron_Env	100008	1300002	0	0			5		1	all_token_full	groot_n15_dit_block_residual_full_tokens_denoise	"[""layer"",""denoise_step"",""model_token"",""feature_dim""]"	[7,4,49,1536]	[0,2,4,8,10,12,15]	n15_grid_v4_jitter	grid_coord	meta	meta_json	46ea62d53e09/worker1/DishwasherRack/out/s200/n2/base	200	0
46ea62d53e09	worker1	DishwasherRack/out	2	3	base	activation	6ec0889b03d78359	6ec0889b03d78359d3241e5f4113089dd4469713346caaa12d19e9da8aacb953	lerobot_groot_n15	n15	lerobot_groot_n15__robocasa365_ckpt120000		0	Fully slide the top dishwasher rack out.	robocasa_panda_omron/SlideDishwasherRack_PandaOmron_Env	100008	1300003	0	0			5		1	all_token_full	groot_n15_dit_block_residual_full_tokens_denoise	"[""layer"",""denoise_step"",""model_token"",""feature_dim""]"	[7,4,49,1536]	[0,2,4,8,10,12,15]	n15_grid_v4_jitter	grid_coord	meta	meta_json	46ea62d53e09/worker1/DishwasherRack/out/s200/n3/base	200	0
46ea62d53e09	worker1	DishwasherRack/out	2	4	base	activation	f91934cd05146844	f91934cd051468449c018b5cd71df53082fe2bb6a3c90243726578955e4def31	lerobot_groot_n15	n15	lerobot_groot_n15__robocasa365_ckpt120000		0	Fully slide the top dishwasher rack out.	robocasa_panda_omron/SlideDishwasherRack_PandaOmron_Env	100008	1300004	0	0			5		1	all_token_full	groot_n15_dit_block_residual_full_tokens_denoise	"[""layer"",""denoise_step"",""model_token"",""feature_dim""]"	[7,4,49,1536]	[0,2,4,8,10,12,15]	n15_grid_v4_jitter	grid_coord	meta	meta_json	46ea62d53e09/worker1/DishwasherRack/out/s200/n4/base	200	0
46ea62d53e09	worker1	DishwasherRack/out	2	0	base	activation	e82cc54ab6299d70	e82cc54ab6299d70ca01921132863fca4757a59994312fd24551cba66a012497	lerobot_groot_n15	n15	lerobot_groot_n15__robocasa365_ckpt120000		0	Fully slide the top dishwasher rack out.	robocasa_panda_omron/SlideDishwasherRack_PandaOmron_Env	100008	1300000	0	0			5		1	all_token_full	groot_n15_dit_block_residual_full_tokens_denoise	"[""layer"",""denoise_step"",""model_token"",""feature_dim""]"	[7,4,49,1536]	[0,2,4,8,10,12,15]	n15_grid_v4_jitter	grid_coord	meta	meta_json	46ea62d53e09/worker1/DishwasherRack/out/s201/n0/base	201	1
46ea62d53e09	worker1	DishwasherRack/out	2	1	base	activation	8679631a0d899d17	8679631a0d899d17dda5e8b72f99c116b08b1c06d80b83b5764acc0ffed83242	lerobot_groot_n15	n15	lerobot_groot_n15__robocasa365_ckpt120000		0	Fully slide the top dishwasher rack out.	robocasa_panda_omron/SlideDishwasherRack_PandaOmron_Env	100008	1300001	0	0			5		1	all_token_full	groot_n15_dit_block_residual_full_tokens_denoise	"[""layer"",""denoise_step"",""model_token"",""feature_dim""]"	[7,4,49,1536]	[0,2,4,8,10,12,15]	n15_grid_v4_jitter	grid_coord	meta	meta_json	46ea62d53e09/worker1/DishwasherRack/out/s201/n1/base	201	1
46ea62d53e09	worker1	DishwasherRack/out	2	2	base	activation	c1100d1309f115a7	c1100d1309f115a7f439053bd342bcd51bec22f976611b51a70e95b650f47660	lerobot_groot_n15	n15	lerobot_groot_n15__robocasa365_ckpt120000		0	Fully slide the top dishwasher rack out.	robocasa_panda_omron/SlideDishwasherRack_PandaOmron_Env	100008	1300002	0	0			5		1	all_token_full	groot_n15_dit_block_residual_full_tokens_denoise	"[""layer"",""denoise_step"",""model_token"",""feature_dim""]"	[7,4,49,1536]	[0,2,4,8,10,12,15]	n15_grid_v4_jitter	grid_coord	meta	meta_json	46ea62d53e09/worker1/DishwasherRack/out/s201/n2/base	201	1
46ea62d53e09	worker1	DishwasherRack/out	2	3	base	activation	33fc6646135bcf0c	33fc6646135bcf0c5a5116e9afba4ae3d3eedb950c3bce573618c512af55d0be	lerobot_groot_n15	n15	lerobot_groot_n15__robocasa365_ckpt120000		0	Fully slide the top dishwasher rack out.	robocasa_panda_omron/SlideDishwasherRack_PandaOmron_Env	100008	1300003	0	0			5		1	all_token_full	groot_n15_dit_block_residual_full_tokens_denoise	"[""layer"",""denoise_step"",""model_token"",""feature_dim""]"	[7,4,49,1536]	[0,2,4,8,10,12,15]	n15_grid_v4_jitter	grid_coord	meta	meta_json	46ea62d53e09/worker1/DishwasherRack/out/s201/n3/base	201	1
46ea62d53e09	worker1	DishwasherRack/out	2	4	base	activation	7ae5155be77aec76	7ae5155be77aec76744db026f7611695a8de8d78ddeed912371aa6d54c9ac149	lerobot_groot_n15	n15	lerobot_groot_n15__robocasa365_ckpt120000		0	Fully slide the top dishwasher rack out.	robocasa_panda_omron/SlideDishwasherRack_PandaOmron_Env	100008	1300004	0	0			5		1	all_token_full	groot_n15_dit_block_residual_full_tokens_denoise	"[""layer"",""denoise_step"",""model_token"",""feature_dim""]"	[7,4,49,1536]	[0,2,4,8,10,12,15]	n15_grid_v4_jitter	grid_coord	meta	meta_json	46ea62d53e09/worker1/DishwasherRack/out/s201/n4/base	201	1
46ea62d53e09	worker1	DishwasherRack/out	2	0	base	activation	9e7ee4e1812cc205	9e7ee4e1812cc20537cc2be5f5ba3396c5066cfabb639631d4317746ee28db2b	lerobot_groot_n15	n15	lerobot_groot_n15__robocasa365_ckpt120000		0	Fully slide the top dishwasher rack out.	robocasa_panda_omron/SlideDishwasherRack_PandaOmron_Env	100008	1300000	0	0			5		1	all_token_full	groot_n15_dit_block_residual_full_tokens_denoise	"[""layer"",""denoise_step"",""model_token"",""feature_dim""]"	[7,4,49,1536]	[0,2,4,8,10,12,15]	n15_grid_v4_jitter	grid_coord	meta	meta_json	46ea62d53e09/worker1/DishwasherRack/out/s202/n0/base	202	2
46ea62d53e09	worker1	DishwasherRack/out	2	1	base	activation	0570fa89688b424e	0570fa89688b424e9c0852ab112ee5d7ebee2321eeb1661b452653dbef7785c2	lerobot_groot_n15	n15	lerobot_groot_n15__robocasa365_ckpt120000		0	Fully slide the top dishwasher rack out.	robocasa_panda_omron/SlideDishwasherRack_PandaOmron_Env	100008	1300001	0	0			5		1	all_token_full	groot_n15_dit_block_residual_full_tokens_denoise	"[""layer"",""denoise_step"",""model_token"",""feature_dim""]"	[7,4,49,1536]	[0,2,4,8,10,12,15]	n15_grid_v4_jitter	grid_coord	meta	meta_json	46ea62d53e09/worker1/DishwasherRack/out/s202/n1/base	202	2
46ea62d53e09	worker1	DishwasherRack/out	2	2	base	activation	93cae30ee32eff74	93cae30ee32eff74f7979e7c81c364ab662883275e92503b67ba0068286334f6	lerobot_groot_n15	n15	lerobot_groot_n15__robocasa365_ckpt120000		0	Fully slide the top dishwasher rack out.	robocasa_panda_omron/SlideDishwasherRack_PandaOmron_Env	100008	1300002	0	0			5		1	all_token_full	groot_n15_dit_block_residual_full_tokens_denoise	"[""layer"",""denoise_step"",""model_token"",""feature_dim""]"	[7,4,49,1536]	[0,2,4,8,10,12,15]	n15_grid_v4_jitter	grid_coord	meta	meta_json	46ea62d53e09/worker1/DishwasherRack/out/s202/n2/base	202	2
46ea62d53e09	worker1	DishwasherRack/out	2	3	base	activation	23a73dcf85b1ed37	23a73dcf85b1ed374fcb7ede74cc236725abcf0adbf24548cbc1e7bcc90f5263	lerobot_groot_n15	n15	lerobot_groot_n15__robocasa365_ckpt120000		0	Fully slide the top dishwasher rack out.	robocasa_panda_omron/SlideDishwasherRack_PandaOmron_Env	100008	1300003	0	0			5		1	all_token_full	groot_n15_dit_block_residual_full_tokens_denoise	"[""layer"",""denoise_step"",""model_token"",""feature_dim""]"	[7,4,49,1536]	[0,2,4,8,10,12,15]	n15_grid_v4_jitter	grid_coord	meta	meta_json	46ea62d53e09/worker1/DishwasherRack/out/s202/n3/base	202	2
46ea62d53e09	worker1	DishwasherRack/out	2	4	base	activation	870e9a0eecab2b99	870e9a0eecab2b99a5438557bd17824e4f34b6cf5712a8f2679e9c3f4ce38d98	lerobot_groot_n15	n15	lerobot_groot_n15__robocasa365_ckpt120000		0	Fully slide the top dishwasher rack out.	robocasa_panda_omron/SlideDishwasherRack_PandaOmron_Env	100008	1300004	0	0			5		1	all_token_full	groot_n15_dit_block_residual_full_tokens_denoise	"[""layer"",""denoise_step"",""model_token"",""feature_dim""]"	[7,4,49,1536]	[0,2,4,8,10,12,15]	n15_grid_v4_jitter	grid_coord	meta	meta_json	46ea62d53e09/worker1/DishwasherRack/out/s202/n4/base	202	2
46ea62d53e09	worker1	DishwasherRack/out	2	0	base	activation	b60f4a19cab263c6	b60f4a19cab263c64b2f8ba6f39c9ce78868027e33681528d0403fdb20364810	lerobot_groot_n15	n15	lerobot_groot_n15__robocasa365_ckpt120000		0	Fully slide the top dishwasher rack out.	robocasa_panda_omron/SlideDishwasherRack_PandaOmron_Env	100008	1300000	0	0			5		1	all_token_full	groot_n15_dit_block_residual_full_tokens_denoise	"[""layer"",""denoise_step"",""model_token"",""feature_dim""]"	[7,4,49,1536]	[0,2,4,8,10,12,15]	n15_grid_v4_jitter	grid_coord	meta	meta_json	46ea62d53e09/worker1/DishwasherRack/out/s203/n0/base	203	3
46ea62d53e09	worker1	DishwasherRack/out	2	1	base	activation	ca67b1146a88aa06	ca67b1146a88aa06dc6b37b0760ec33e27a126549f068fcb92e5de661785e163	lerobot_groot_n15	n15	lerobot_groot_n15__robocasa365_ckpt120000		0	Fully slide the top dishwasher rack out.	robocasa_panda_omron/SlideDishwasherRack_PandaOmron_Env	100008	1300001	0	0			5		1	all_token_full	groot_n15_dit_block_residual_full_tokens_denoise	"[""layer"",""denoise_step"",""model_token"",""feature_dim""]"	[7,4,49,1536]	[0,2,4,8,10,12,15]	n15_grid_v4_jitter	grid_coord	meta	meta_json	46ea62d53e09/worker1/DishwasherRack/out/s203/n1/base	203	3
46ea62d53e09	worker1	DishwasherRack/out	2	2	base	activation	f5a9f84167d9ebac	f5a9f84167d9ebace433c22ea37936c5d29740af107a7253112c55432a04f2e8	lerobot_groot_n15	n15	lerobot_groot_n15__robocasa365_ckpt120000		0	Fully slide the top dishwasher rack out.	robocasa_panda_omron/SlideDishwasherRack_PandaOmron_Env	100008	1300002	0	0			5		1	all_token_full	groot_n15_dit_block_residual_full_tokens_denoise	"[""layer"",""denoise_step"",""model_token"",""feature_dim""]"	[7,4,49,1536]	[0,2,4,8,10,12,15]	n15_grid_v4_jitter	grid_coord	meta	meta_json	46ea62d53e09/worker1/DishwasherRack/out/s203/n2/base	203	3
46ea62d53e09	worker1	DishwasherRack/out	2	3	base	activation	afeee9dedfaabb0e	afeee9dedfaabb0ede57538e39b69790b74c1090212bff2301190e1c540f863d	lerobot_groot_n15	n15	lerobot_groot_n15__robocasa365_ckpt120000		0	Fully slide the top dishwasher rack out.	robocasa_panda_omron/SlideDishwasherRack_PandaOmron_Env	100008	1300003	0	0			5		1	all_token_full	groot_n15_dit_block_residual_full_tokens_denoise	"[""layer"",""denoise_step"",""model_token"",""feature_dim""]"	[7,4,49,1536]	[0,2,4,8,10,12,15]	n15_grid_v4_jitter	grid_coord	meta	meta_json	46ea62d53e09/worker1/DishwasherRack/out/s203/n3/base	203	3
46ea62d53e09	worker1	DishwasherRack/out	2	4	base	activation	8e24b9228e95962a	8e24b9228e95962a5e42a30250af9d39c64831e658043d380f0bd5a6324ee427	lerobot_groot_n15	n15	lerobot_groot_n15__robocasa365_ckpt120000		0	Fully slide the top dishwasher rack out.	robocasa_panda_omron/SlideDishwasherRack_PandaOmron_Env	100008	1300004	0	0			5		1	all_token_full	groot_n15_dit_block_residual_full_tokens_denoise	"[""layer"",""denoise_step"",""model_token"",""feature_dim""]"	[7,4,49,1536]	[0,2,4,8,10,12,15]	n15_grid_v4_jitter	grid_coord	meta	meta_json	46ea62d53e09/worker1/DishwasherRack/out/s203/n4/base	203	3
46ea62d53e09	worker1	DishwasherRack/out	0	0	base	activation	ff1fa4adcb097818	ff1fa4adcb097818f9e135b657f1442ff926a0f3bf78510137c71f6f1e145b22	lerobot_groot_n15	n15	lerobot_groot_n15__robocasa365_ckpt120000		0	Fully slide the top dishwasher rack out.	robocasa_panda_omron/SlideDishwasherRack_PandaOmron_Env	100000	1300000	0	0			5		1	all_token_full	groot_n15_dit_block_residual_full_tokens_denoise	"[""layer"",""denoise_step"",""model_token"",""feature_dim""]"	[7,4,49,1536]	[0,2,4,8,10,12,15]	n15_grid_v4_jitter	grid_coord	meta	meta_json	46ea62d53e09/worker1/DishwasherRack/out/s3/n0/base	3	3
46ea62d53e09	worker1	DishwasherRack/out	0	1	base	activation	965cc5b206df1333	965cc5b206df1333398a368779fe18162d7bbd4166d18017814c3628d411b8d1	lerobot_groot_n15	n15	lerobot_groot_n15__robocasa365_ckpt120000		0	Fully slide the top dishwasher rack out.	robocasa_panda_omron/SlideDishwasherRack_PandaOmron_Env	100000	1300001	0	0			5		1	all_token_full	groot_n15_dit_block_residual_full_tokens_denoise	"[""layer"",""denoise_step"",""model_token"",""feature_dim""]"	[7,4,49,1536]	[0,2,4,8,10,12,15]	n15_grid_v4_jitter	grid_coord	meta	meta_json	46ea62d53e09/worker1/DishwasherRack/out/s3/n1/base	3	3
46ea62d53e09	worker1	DishwasherRack/out	0	2	base	activation	0bf0807209eac66c	0bf0807209eac66ce7dac6eb32bf192a929b92b7aa5cbf49baefad4483e7b8b2	lerobot_groot_n15	n15	lerobot_groot_n15__robocasa365_ckpt120000		0	Fully slide the top dishwasher rack out.	robocasa_panda_omron/SlideDishwasherRack_PandaOmron_Env	100000	1300002	0	0			5		1	all_token_full	groot_n15_dit_block_residual_full_tokens_denoise	"[""layer"",""denoise_step"",""model_token"",""feature_dim""]"	[7,4,49,1536]	[0,2,4,8,10,12,15]	n15_grid_v4_jitter	grid_coord	meta	meta_json	46ea62d53e09/worker1/DishwasherRack/out/s3/n2/base	3	3
46ea62d53e09	worker1	DishwasherRack/out	0	3	base	activation	9adbf2320849e94f	9adbf2320849e94f8721c6def29d074c369aed2d230061794fa0279750c9916d	lerobot_groot_n15	n15	lerobot_groot_n15__robocasa365_ckpt120000		0	Fully slide the top dishwasher rack out.	robocasa_panda_omron/SlideDishwasherRack_PandaOmron_Env	100000	1300003	0	0			5		1	all_token_full	groot_n15_dit_block_residual_full_tokens_denoise	"[""layer"",""denoise_step"",""model_token"",""feature_dim""]"	[7,4,49,1536]	[0,2,4,8,10,12,15]	n15_grid_v4_jitter	grid_coord	meta	meta_json	46ea62d53e09/worker1/DishwasherRack/out/s3/n3/base	3	3
46ea62d53e09	worker1	DishwasherRack/out	0	4	base	activation	b5a7c33be4a9a892	b5a7c33be4a9a8926df7649f3b2d14966035b6693726761e14697c9bb570bf7f	lerobot_groot_n15	n15	lerobot_groot_n15__robocasa365_ckpt120000		0	Fully slide the top dishwasher rack out.	robocasa_panda_omron/SlideDishwasherRack_PandaOmron_Env	100000	1300004	0	0			5		1	all_token_full	groot_n15_dit_block_residual_full_tokens_denoise	"[""layer"",""denoise_step"",""model_token"",""feature_dim""]"	[7,4,49,1536]	[0,2,4,8,10,12,15]	n15_grid_v4_jitter	grid_coord	meta	meta_json	46ea62d53e09/worker1/DishwasherRack/out/s3/n4/base	3	3
46ea62d53e09	worker1	DishwasherRack/out	3	0	base	activation	34d8beeac6d4535d	34d8beeac6d4535d8b5f35fe33356c7bf9c9a9931c49313d06c9049c349cea33	lerobot_groot_n15	n15	lerobot_groot_n15__robocasa365_ckpt120000		0	Fully slide the top dishwasher rack out.	robocasa_panda_omron/SlideDishwasherRack_PandaOmron_Env	100010	1300000	0	1			5		1	all_token_full	groot_n15_dit_block_residual_full_tokens_denoise	"[""layer"",""denoise_step"",""model_token"",""feature_dim""]"	[7,4,49,1536]	[0,2,4,8,10,12,15]	n15_grid_v4_jitter	grid_coord	meta	meta_json	46ea62d53e09/worker1/DishwasherRack/out/s300/n0/base	300	0
46ea62d53e09	worker1	DishwasherRack/out	3	1	base	activation	bdc559a954531013	bdc559a954531013fe3959b675814c4cd73fcd7a55de354a28bafb4f999d8562	lerobot_groot_n15	n15	lerobot_groot_n15__robocasa365_ckpt120000		0	Fully slide the top dishwasher rack out.	robocasa_panda_omron/SlideDishwasherRack_PandaOmron_Env	100010	1300001	0	1			5		1	all_token_full	groot_n15_dit_block_residual_full_tokens_denoise	"[""layer"",""denoise_step"",""model_token"",""feature_dim""]"	[7,4,49,1536]	[0,2,4,8,10,12,15]	n15_grid_v4_jitter	grid_coord	meta	meta_json	46ea62d53e09/worker1/DishwasherRack/out/s300/n1/base	300	0
46ea62d53e09	worker1	DishwasherRack/out	3	2	base	activation	5eee109a246dce03	5eee109a246dce03b44472d6c7404e4fb5a1661ace9e8ed1e24cde679379b27e	lerobot_groot_n15	n15	lerobot_groot_n15__robocasa365_ckpt120000		0	Fully slide the top dishwasher rack out.	robocasa_panda_omron/SlideDishwasherRack_PandaOmron_Env	100010	1300002	0	1			5		1	all_token_full	groot_n15_dit_block_residual_full_tokens_denoise	"[""layer"",""denoise_step"",""model_token"",""feature_dim""]"	[7,4,49,1536]	[0,2,4,8,10,12,15]	n15_grid_v4_jitter	grid_coord	meta	meta_json	46ea62d53e09/worker1/DishwasherRack/out/s300/n2/base	300	0
46ea62d53e09	worker1	DishwasherRack/out	3	3	base	activation	1b1a040745f5ab9c	1b1a040745f5ab9c3466cbc97f40896bd61e5c6f17fb300a4252b7555a3e70f9	lerobot_groot_n15	n15	lerobot_groot_n15__robocasa365_ckpt120000		0	Fully slide the top dishwasher rack out.	robocasa_panda_omron/SlideDishwasherRack_PandaOmron_Env	100010	1300003	0	1			5		1	all_token_full	groot_n15_dit_block_residual_full_tokens_denoise	"[""layer"",""denoise_step"",""model_token"",""feature_dim""]"	[7,4,49,1536]	[0,2,4,8,10,12,15]	n15_grid_v4_jitter	grid_coord	meta	meta_json	46ea62d53e09/worker1/DishwasherRack/out/s300/n3/base	300	0
46ea62d53e09	worker1	DishwasherRack/out	3	4	base	activation	7bf9746d0af6f198	7bf9746d0af6f19828a6f6731052aa42b33f43796c7674b801f529540ecb09bf	lerobot_groot_n15	n15	lerobot_groot_n15__robocasa365_ckpt120000		0	Fully slide the top dishwasher rack out.	robocasa_panda_omron/SlideDishwasherRack_PandaOmron_Env	100010	1300004	0	1			5		1	all_token_full	groot_n15_dit_block_residual_full_tokens_denoise	"[""layer"",""denoise_step"",""model_token"",""feature_dim""]"	[7,4,49,1536]	[0,2,4,8,10,12,15]	n15_grid_v4_jitter	grid_coord	meta	meta_json	46ea62d53e09/worker1/DishwasherRack/out/s300/n4/base	300	0
46ea62d53e09	worker1	DishwasherRack/out	3	0	base	activation	ead8f795de92f40e	ead8f795de92f40ee0a2740f8f2dd4eadb866bd471120a2fc27cdf9364c67a57	lerobot_groot_n15	n15	lerobot_groot_n15__robocasa365_ckpt120000		0	Fully slide the top dishwasher rack out.	robocasa_panda_omron/SlideDishwasherRack_PandaOmron_Env	100010	1300000	0	1			5		1	all_token_full	groot_n15_dit_block_residual_full_tokens_denoise	"[""layer"",""denoise_step"",""model_token"",""feature_dim""]"	[7,4,49,1536]	[0,2,4,8,10,12,15]	n15_grid_v4_jitter	grid_coord	meta	meta_json	46ea62d53e09/worker1/DishwasherRack/out/s301/n0/base	301	1
46ea62d53e09	worker1	DishwasherRack/out	3	1	base	activation	ceb5a67e293203ee	ceb5a67e293203ee37afdd38262ccf1f80b9d48e20eef243605df724a4e8b045	lerobot_groot_n15	n15	lerobot_groot_n15__robocasa365_ckpt120000		0	Fully slide the top dishwasher rack out.	robocasa_panda_omron/SlideDishwasherRack_PandaOmron_Env	100010	1300001	0	1			5		1	all_token_full	groot_n15_dit_block_residual_full_tokens_denoise	"[""layer"",""denoise_step"",""model_token"",""feature_dim""]"	[7,4,49,1536]	[0,2,4,8,10,12,15]	n15_grid_v4_jitter	grid_coord	meta	meta_json	46ea62d53e09/worker1/DishwasherRack/out/s301/n1/base	301	1
46ea62d53e09	worker1	DishwasherRack/out	3	2	base	activation	7c4ab8cf5544cb8a	7c4ab8cf5544cb8a0a8c695dd1187c0c4774f067295b895e8f4e8cb2af68b8c5	lerobot_groot_n15	n15	lerobot_groot_n15__robocasa365_ckpt120000		0	Fully slide the top dishwasher rack out.	robocasa_panda_omron/SlideDishwasherRack_PandaOmron_Env	100010	1300002	0	1			5		1	all_token_full	groot_n15_dit_block_residual_full_tokens_denoise	"[""layer"",""denoise_step"",""model_token"",""feature_dim""]"	[7,4,49,1536]	[0,2,4,8,10,12,15]	n15_grid_v4_jitter	grid_coord	meta	meta_json	46ea62d53e09/worker1/DishwasherRack/out/s301/n2/base	301	1
46ea62d53e09	worker1	DishwasherRack/out	3	3	base	activation	4d1db957da04e911	4d1db957da04e911189dc3f647b2a55af850a5c4914e637d2c03cc43659e43aa	lerobot_groot_n15	n15	lerobot_groot_n15__robocasa365_ckpt120000		0	Fully slide the top dishwasher rack out.	robocasa_panda_omron/SlideDishwasherRack_PandaOmron_Env	100010	1300003	0	1			5		1	all_token_full	groot_n15_dit_block_residual_full_tokens_denoise	"[""layer"",""denoise_step"",""model_token"",""feature_dim""]"	[7,4,49,1536]	[0,2,4,8,10,12,15]	n15_grid_v4_jitter	grid_coord	meta	meta_json	46ea62d53e09/worker1/DishwasherRack/out/s301/n3/base	301	1
46ea62d53e09	worker1	DishwasherRack/out	3	4	base	activation	a45e535d8e2a1f26	a45e535d8e2a1f266b0b22e35d4f7d54f4e4985dec4b3a65094290f6185fea53	lerobot_groot_n15	n15	lerobot_groot_n15__robocasa365_ckpt120000		0	Fully slide the top dishwasher rack out.	robocasa_panda_omron/SlideDishwasherRack_PandaOmron_Env	100010	1300004	0	1			5		1	all_token_full	groot_n15_dit_block_residual_full_tokens_denoise	"[""layer"",""denoise_step"",""model_token"",""feature_dim""]"	[7,4,49,1536]	[0,2,4,8,10,12,15]	n15_grid_v4_jitter	grid_coord	meta	meta_json	46ea62d53e09/worker1/DishwasherRack/out/s301/n4/base	301	1
46ea62d53e09	worker1	DishwasherRack/out	3	0	base	activation	d41ed7c4dbf26fce	d41ed7c4dbf26fce8973efcfa9260f96d2a3f9e683b3ca5bbd067b477f6825b4	lerobot_groot_n15	n15	lerobot_groot_n15__robocasa365_ckpt120000		0	Fully slide the top dishwasher rack out.	robocasa_panda_omron/SlideDishwasherRack_PandaOmron_Env	100010	1300000	0	1			5		1	all_token_full	groot_n15_dit_block_residual_full_tokens_denoise	"[""layer"",""denoise_step"",""model_token"",""feature_dim""]"	[7,4,49,1536]	[0,2,4,8,10,12,15]	n15_grid_v4_jitter	grid_coord	meta	meta_json	46ea62d53e09/worker1/DishwasherRack/out/s302/n0/base	302	2
46ea62d53e09	worker1	DishwasherRack/out	3	1	base	activation	06840a9a646f3b6a	06840a9a646f3b6a126b35deaca226ddc456560f49bda24750be4f9a6a5fa180	lerobot_groot_n15	n15	lerobot_groot_n15__robocasa365_ckpt120000		0	Fully slide the top dishwasher rack out.	robocasa_panda_omron/SlideDishwasherRack_PandaOmron_Env	100010	1300001	0	1			5		1	all_token_full	groot_n15_dit_block_residual_full_tokens_denoise	"[""layer"",""denoise_step"",""model_token"",""feature_dim""]"	[7,4,49,1536]	[0,2,4,8,10,12,15]	n15_grid_v4_jitter	grid_coord	meta	meta_json	46ea62d53e09/worker1/DishwasherRack/out/s302/n1/base	302	2
46ea62d53e09	worker1	DishwasherRack/out	3	2	base	activation	b9316340c6b6ac38	b9316340c6b6ac3863be5f70c57e3e8752f955733ada8c9f6cb5ed2cdf863aad	lerobot_groot_n15	n15	lerobot_groot_n15__robocasa365_ckpt120000		0	Fully slide the top dishwasher rack out.	robocasa_panda_omron/SlideDishwasherRack_PandaOmron_Env	100010	1300002	0	1			5		1	all_token_full	groot_n15_dit_block_residual_full_tokens_denoise	"[""layer"",""denoise_step"",""model_token"",""feature_dim""]"	[7,4,49,1536]	[0,2,4,8,10,12,15]	n15_grid_v4_jitter	grid_coord	meta	meta_json	46ea62d53e09/worker1/DishwasherRack/out/s302/n2/base	302	2
46ea62d53e09	worker1	DishwasherRack/out	3	3	base	activation	aceadab1101d7562	aceadab1101d7562a56427e98ff1679b4c31a18270d360c6c9df13edbffcbe5b	lerobot_groot_n15	n15	lerobot_groot_n15__robocasa365_ckpt120000		0	Fully slide the top dishwasher rack out.	robocasa_panda_omron/SlideDishwasherRack_PandaOmron_Env	100010	1300003	0	0			5		1	all_token_full	groot_n15_dit_block_residual_full_tokens_denoise	"[""layer"",""denoise_step"",""model_token"",""feature_dim""]"	[7,4,49,1536]	[0,2,4,8,10,12,15]	n15_grid_v4_jitter	grid_coord	meta	meta_json	46ea62d53e09/worker1/DishwasherRack/out/s302/n3/base	302	2
46ea62d53e09	worker1	DishwasherRack/out	3	4	base	activation	18436770a6cdbe9d	18436770a6cdbe9dc5be43633e688b546c11f0a031d6bbf35456048ea407c452	lerobot_groot_n15	n15	lerobot_groot_n15__robocasa365_ckpt120000		0	Fully slide the top dishwasher rack out.	robocasa_panda_omron/SlideDishwasherRack_PandaOmron_Env	100010	1300004	0	1			5		1	all_token_full	groot_n15_dit_block_residual_full_tokens_denoise	"[""layer"",""denoise_step"",""model_token"",""feature_dim""]"	[7,4,49,1536]	[0,2,4,8,10,12,15]	n15_grid_v4_jitter	grid_coord	meta	meta_json	46ea62d53e09/worker1/DishwasherRack/out/s302/n4/base	302	2
46ea62d53e09	worker1	DishwasherRack/out	3	0	base	activation	0d444d96aeb16cb4	0d444d96aeb16cb4c236e25556dffda75215525f704eba9742824a410b89b690	lerobot_groot_n15	n15	lerobot_groot_n15__robocasa365_ckpt120000		0	Fully slide the top dishwasher rack out.	robocasa_panda_omron/SlideDishwasherRack_PandaOmron_Env	100010	1300000	0	1			5		1	all_token_full	groot_n15_dit_block_residual_full_tokens_denoise	"[""layer"",""denoise_step"",""model_token"",""feature_dim""]"	[7,4,49,1536]	[0,2,4,8,10,12,15]	n15_grid_v4_jitter	grid_coord	meta	meta_json	46ea62d53e09/worker1/DishwasherRack/out/s303/n0/base	303	3
46ea62d53e09	worker1	DishwasherRack/out	3	1	base	activation	5cde92a9841fe548	5cde92a9841fe5487a79ef67940429faab1169805d146e6c6b6141e10f2f130b	lerobot_groot_n15	n15	lerobot_groot_n15__robocasa365_ckpt120000		0	Fully slide the top dishwasher rack out.	robocasa_panda_omron/SlideDishwasherRack_PandaOmron_Env	100010	1300001	0	1			5		1	all_token_full	groot_n15_dit_block_residual_full_tokens_denoise	"[""layer"",""denoise_step"",""model_token"",""feature_dim""]"	[7,4,49,1536]	[0,2,4,8,10,12,15]	n15_grid_v4_jitter	grid_coord	meta	meta_json	46ea62d53e09/worker1/DishwasherRack/out/s303/n1/base	303	3
46ea62d53e09	worker1	DishwasherRack/out	3	2	base	activation	89b0575e298dbdf4	89b0575e298dbdf4fda9546d837cae732244bdacb50ac63c8a6558e4c0cb40d8	lerobot_groot_n15	n15	lerobot_groot_n15__robocasa365_ckpt120000		0	Fully slide the top dishwasher rack out.	robocasa_panda_omron/SlideDishwasherRack_PandaOmron_Env	100010	1300002	0	0			5		1	all_token_full	groot_n15_dit_block_residual_full_tokens_denoise	"[""layer"",""denoise_step"",""model_token"",""feature_dim""]"	[7,4,49,1536]	[0,2,4,8,10,12,15]	n15_grid_v4_jitter	grid_coord	meta	meta_json	46ea62d53e09/worker1/DishwasherRack/out/s303/n2/base	303	3
46ea62d53e09	worker1	DishwasherRack/out	3	3	base	activation	5a40aee846a1b7c0	5a40aee846a1b7c0cf5e062f19d59973ccd20cfb950db9d3deb9f94704167814	lerobot_groot_n15	n15	lerobot_groot_n15__robocasa365_ckpt120000		0	Fully slide the top dishwasher rack out.	robocasa_panda_omron/SlideDishwasherRack_PandaOmron_Env	100010	1300003	0	1			5		1	all_token_full	groot_n15_dit_block_residual_full_tokens_denoise	"[""layer"",""denoise_step"",""model_token"",""feature_dim""]"	[7,4,49,1536]	[0,2,4,8,10,12,15]	n15_grid_v4_jitter	grid_coord	meta	meta_json	46ea62d53e09/worker1/DishwasherRack/out/s303/n3/base	303	3
46ea62d53e09	worker1	DishwasherRack/out	3	4	base	activation	362b1f29d17951c1	362b1f29d17951c1004a74bb2d820c751fbefbec4d1af76b2b3f11ed216f32bc	lerobot_groot_n15	n15	lerobot_groot_n15__robocasa365_ckpt120000		0	Fully slide the top dishwasher rack out.	robocasa_panda_omron/SlideDishwasherRack_PandaOmron_Env	100010	1300004	0	1			5		1	all_token_full	groot_n15_dit_block_residual_full_tokens_denoise	"[""layer"",""denoise_step"",""model_token"",""feature_dim""]"	[7,4,49,1536]	[0,2,4,8,10,12,15]	n15_grid_v4_jitter	grid_coord	meta	meta_json	46ea62d53e09/worker1/DishwasherRack/out/s303/n4/base	303	3
46ea62d53e09	worker1	DishwasherRack/out	4	0	base	activation	89b0fade1c91e68a	89b0fade1c91e68aa7332a80b636770877658a5410e3e027bfe97173aa6cd113	lerobot_groot_n15	n15	lerobot_groot_n15__robocasa365_ckpt120000		0	Fully slide the top dishwasher rack out.	robocasa_panda_omron/SlideDishwasherRack_PandaOmron_Env	100011	1300000	0	0			5		1	all_token_full	groot_n15_dit_block_residual_full_tokens_denoise	"[""layer"",""denoise_step"",""model_token"",""feature_dim""]"	[7,4,49,1536]	[0,2,4,8,10,12,15]	n15_grid_v4_jitter	grid_coord	meta	meta_json	46ea62d53e09/worker1/DishwasherRack/out/s400/n0/base	400	0
46ea62d53e09	worker1	DishwasherRack/out	4	1	base	activation	b4656d2e6e7a7a4d	b4656d2e6e7a7a4dc1b1714c28fb6b8a8b035d991abf40cb1203cea3310583ea	lerobot_groot_n15	n15	lerobot_groot_n15__robocasa365_ckpt120000		0	Fully slide the top dishwasher rack out.	robocasa_panda_omron/SlideDishwasherRack_PandaOmron_Env	100011	1300001	0	0			5		1	all_token_full	groot_n15_dit_block_residual_full_tokens_denoise	"[""layer"",""denoise_step"",""model_token"",""feature_dim""]"	[7,4,49,1536]	[0,2,4,8,10,12,15]	n15_grid_v4_jitter	grid_coord	meta	meta_json	46ea62d53e09/worker1/DishwasherRack/out/s400/n1/base	400	0
46ea62d53e09	worker1	DishwasherRack/out	4	2	base	activation	f86b73f0b36a51e0	f86b73f0b36a51e0d47132e012b76fdc0e37c6fe50832d31fef800705bb5013c	lerobot_groot_n15	n15	lerobot_groot_n15__robocasa365_ckpt120000		0	Fully slide the top dishwasher rack out.	robocasa_panda_omron/SlideDishwasherRack_PandaOmron_Env	100011	1300002	0	0			5		1	all_token_full	groot_n15_dit_block_residual_full_tokens_denoise	"[""layer"",""denoise_step"",""model_token"",""feature_dim""]"	[7,4,49,1536]	[0,2,4,8,10,12,15]	n15_grid_v4_jitter	grid_coord	meta	meta_json	46ea62d53e09/worker1/DishwasherRack/out/s400/n2/base	400	0
46ea62d53e09	worker1	DishwasherRack/out	4	3	base	activation	69e740ff34a50602	69e740ff34a506024529d9adb56fc595e4c647376c87a820407f149afd4062ec	lerobot_groot_n15	n15	lerobot_groot_n15__robocasa365_ckpt120000		0	Fully slide the top dishwasher rack out.	robocasa_panda_omron/SlideDishwasherRack_PandaOmron_Env	100011	1300003	0	1			5		1	all_token_full	groot_n15_dit_block_residual_full_tokens_denoise	"[""layer"",""denoise_step"",""model_token"",""feature_dim""]"	[7,4,49,1536]	[0,2,4,8,10,12,15]	n15_grid_v4_jitter	grid_coord	meta	meta_json	46ea62d53e09/worker1/DishwasherRack/out/s400/n3/base	400	0
46ea62d53e09	worker1	DishwasherRack/out	4	4	base	activation	ff36bfd913bfb3c6	ff36bfd913bfb3c620ca46afa9e62e05f239862fefa231bddd7b51cb7c49dceb	lerobot_groot_n15	n15	lerobot_groot_n15__robocasa365_ckpt120000		0	Fully slide the top dishwasher rack out.	robocasa_panda_omron/SlideDishwasherRack_PandaOmron_Env	100011	1300004	0	1			5		1	all_token_full	groot_n15_dit_block_residual_full_tokens_denoise	"[""layer"",""denoise_step"",""model_token"",""feature_dim""]"	[7,4,49,1536]	[0,2,4,8,10,12,15]	n15_grid_v4_jitter	grid_coord	meta	meta_json	46ea62d53e09/worker1/DishwasherRack/out/s400/n4/base	400	0
46ea62d53e09	worker1	DishwasherRack/out	4	0	base	activation	638b14283f29ab05	638b14283f29ab05d86fc43e6aac89aa4dc497718c54aba2840479a03cf7664a	lerobot_groot_n15	n15	lerobot_groot_n15__robocasa365_ckpt120000		0	Fully slide the top dishwasher rack out.	robocasa_panda_omron/SlideDishwasherRack_PandaOmron_Env	100011	1300000	0	1			5		1	all_token_full	groot_n15_dit_block_residual_full_tokens_denoise	"[""layer"",""denoise_step"",""model_token"",""feature_dim""]"	[7,4,49,1536]	[0,2,4,8,10,12,15]	n15_grid_v4_jitter	grid_coord	meta	meta_json	46ea62d53e09/worker1/DishwasherRack/out/s401/n0/base	401	1
46ea62d53e09	worker1	DishwasherRack/out	4	1	base	activation	230595b7d503c76d	230595b7d503c76d5936c9823cbd6e3773b8b8be56b6cd9fc17f9e7c896b4d40	lerobot_groot_n15	n15	lerobot_groot_n15__robocasa365_ckpt120000		0	Fully slide the top dishwasher rack out.	robocasa_panda_omron/SlideDishwasherRack_PandaOmron_Env	100011	1300001	0	1			5		1	all_token_full	groot_n15_dit_block_residual_full_tokens_denoise	"[""layer"",""denoise_step"",""model_token"",""feature_dim""]"	[7,4,49,1536]	[0,2,4,8,10,12,15]	n15_grid_v4_jitter	grid_coord	meta	meta_json	46ea62d53e09/worker1/DishwasherRack/out/s401/n1/base	401	1
46ea62d53e09	worker1	DishwasherRack/out	4	2	base	activation	743c7783e6c791fd	743c7783e6c791fdb68dbf40ed48106204922cd7460dc391df28b1bb81b54c92	lerobot_groot_n15	n15	lerobot_groot_n15__robocasa365_ckpt120000		0	Fully slide the top dishwasher rack out.	robocasa_panda_omron/SlideDishwasherRack_PandaOmron_Env	100011	1300002	0	1			5		1	all_token_full	groot_n15_dit_block_residual_full_tokens_denoise	"[""layer"",""denoise_step"",""model_token"",""feature_dim""]"	[7,4,49,1536]	[0,2,4,8,10,12,15]	n15_grid_v4_jitter	grid_coord	meta	meta_json	46ea62d53e09/worker1/DishwasherRack/out/s401/n2/base	401	1
46ea62d53e09	worker1	DishwasherRack/out	4	3	base	activation	f42d7052961ef0ed	f42d7052961ef0ed55a2311404115de6a20cf06758be5a0e84624fafbc8153bc	lerobot_groot_n15	n15	lerobot_groot_n15__robocasa365_ckpt120000		0	Fully slide the top dishwasher rack out.	robocasa_panda_omron/SlideDishwasherRack_PandaOmron_Env	100011	1300003	0	0			5		1	all_token_full	groot_n15_dit_block_residual_full_tokens_denoise	"[""layer"",""denoise_step"",""model_token"",""feature_dim""]"	[7,4,49,1536]	[0,2,4,8,10,12,15]	n15_grid_v4_jitter	grid_coord	meta	meta_json	46ea62d53e09/worker1/DishwasherRack/out/s401/n3/base	401	1
46ea62d53e09	worker1	DishwasherRack/out	4	4	base	activation	c09df82020b89f87	c09df82020b89f87b1f311e5ff84e3199438844d58b2fbb6416eb0c0d5c386fe	lerobot_groot_n15	n15	lerobot_groot_n15__robocasa365_ckpt120000		0	Fully slide the top dishwasher rack out.	robocasa_panda_omron/SlideDishwasherRack_PandaOmron_Env	100011	1300004	0	1			5		1	all_token_full	groot_n15_dit_block_residual_full_tokens_denoise	"[""layer"",""denoise_step"",""model_token"",""feature_dim""]"	[7,4,49,1536]	[0,2,4,8,10,12,15]	n15_grid_v4_jitter	grid_coord	meta	meta_json	46ea62d53e09/worker1/DishwasherRack/out/s401/n4/base	401	1
46ea62d53e09	worker1	DishwasherRack/out	4	0	base	activation	4c2beabf1380c252	4c2beabf1380c252be22a6e58e0d4c80dc11b0e020d5a5b8e329ed4bcc4993e9	lerobot_groot_n15	n15	lerobot_groot_n15__robocasa365_ckpt120000		0	Fully slide the top dishwasher rack out.	robocasa_panda_omron/SlideDishwasherRack_PandaOmron_Env	100011	1300000	0	0			5		1	all_token_full	groot_n15_dit_block_residual_full_tokens_denoise	"[""layer"",""denoise_step"",""model_token"",""feature_dim""]"	[7,4,49,1536]	[0,2,4,8,10,12,15]	n15_grid_v4_jitter	grid_coord	meta	meta_json	46ea62d53e09/worker1/DishwasherRack/out/s402/n0/base	402	2
46ea62d53e09	worker1	DishwasherRack/out	4	1	base	activation	fc1fb0b736424f21	fc1fb0b736424f21a1ff31a2e91272003ede1fa17ad0ff106eefffb0a3c49a39	lerobot_groot_n15	n15	lerobot_groot_n15__robocasa365_ckpt120000		0	Fully slide the top dishwasher rack out.	robocasa_panda_omron/SlideDishwasherRack_PandaOmron_Env	100011	1300001	0	1			5		1	all_token_full	groot_n15_dit_block_residual_full_tokens_denoise	"[""layer"",""denoise_step"",""model_token"",""feature_dim""]"	[7,4,49,1536]	[0,2,4,8,10,12,15]	n15_grid_v4_jitter	grid_coord	meta	meta_json	46ea62d53e09/worker1/DishwasherRack/out/s402/n1/base	402	2
46ea62d53e09	worker1	DishwasherRack/out	4	2	base	activation	3aff09bca642c922	3aff09bca642c922b16dfb484e02126f4b31cd021b6ab53347fe2939cc7f8f86	lerobot_groot_n15	n15	lerobot_groot_n15__robocasa365_ckpt120000		0	Fully slide the top dishwasher rack out.	robocasa_panda_omron/SlideDishwasherRack_PandaOmron_Env	100011	1300002	0	0			5		1	all_token_full	groot_n15_dit_block_residual_full_tokens_denoise	"[""layer"",""denoise_step"",""model_token"",""feature_dim""]"	[7,4,49,1536]	[0,2,4,8,10,12,15]	n15_grid_v4_jitter	grid_coord	meta	meta_json	46ea62d53e09/worker1/DishwasherRack/out/s402/n2/base	402	2
46ea62d53e09	worker1	DishwasherRack/out	4	3	base	activation	7943123fa2810b1b	7943123fa2810b1bae489c973d350ff95c84a10c7f7982a226e76811fbc8e05d	lerobot_groot_n15	n15	lerobot_groot_n15__robocasa365_ckpt120000		0	Fully slide the top dishwasher rack out.	robocasa_panda_omron/SlideDishwasherRack_PandaOmron_Env	100011	1300003	0	1			5		1	all_token_full	groot_n15_dit_block_residual_full_tokens_denoise	"[""layer"",""denoise_step"",""model_token"",""feature_dim""]"	[7,4,49,1536]	[0,2,4,8,10,12,15]	n15_grid_v4_jitter	grid_coord	meta	meta_json	46ea62d53e09/worker1/DishwasherRack/out/s402/n3/base	402	2
46ea62d53e09	worker1	DishwasherRack/out	4	4	base	activation	5024960f0d547977	5024960f0d547977c86a143f851387f0cee9e64c2f6fca3b845ebbd55cbbdd7f	lerobot_groot_n15	n15	lerobot_groot_n15__robocasa365_ckpt120000		0	Fully slide the top dishwasher rack out.	robocasa_panda_omron/SlideDishwasherRack_PandaOmron_Env	100011	1300004	0	1			5		1	all_token_full	groot_n15_dit_block_residual_full_tokens_denoise	"[""layer"",""denoise_step"",""model_token"",""feature_dim""]"	[7,4,49,1536]	[0,2,4,8,10,12,15]	n15_grid_v4_jitter	grid_coord	meta	meta_json	46ea62d53e09/worker1/DishwasherRack/out/s402/n4/base	402	2
46ea62d53e09	worker1	DishwasherRack/out	4	0	base	activation	0fca9a7a7bdacde2	0fca9a7a7bdacde22a52cfc5429e471815ec01aa9a19f8dbef2f2478be237212	lerobot_groot_n15	n15	lerobot_groot_n15__robocasa365_ckpt120000		0	Fully slide the top dishwasher rack out.	robocasa_panda_omron/SlideDishwasherRack_PandaOmron_Env	100011	1300000	0	1			5		1	all_token_full	groot_n15_dit_block_residual_full_tokens_denoise	"[""layer"",""denoise_step"",""model_token"",""feature_dim""]"	[7,4,49,1536]	[0,2,4,8,10,12,15]	n15_grid_v4_jitter	grid_coord	meta	meta_json	46ea62d53e09/worker1/DishwasherRack/out/s403/n0/base	403	3
46ea62d53e09	worker1	DishwasherRack/out	4	1	base	activation	5fc8b003d07bfef6	5fc8b003d07bfef638dbb287d2cb548c27b2ce876c7c5d6320345b61b4a140b9	lerobot_groot_n15	n15	lerobot_groot_n15__robocasa365_ckpt120000		0	Fully slide the top dishwasher rack out.	robocasa_panda_omron/SlideDishwasherRack_PandaOmron_Env	100011	1300001	0	1			5		1	all_token_full	groot_n15_dit_block_residual_full_tokens_denoise	"[""layer"",""denoise_step"",""model_token"",""feature_dim""]"	[7,4,49,1536]	[0,2,4,8,10,12,15]	n15_grid_v4_jitter	grid_coord	meta	meta_json	46ea62d53e09/worker1/DishwasherRack/out/s403/n1/base	403	3
46ea62d53e09	worker1	DishwasherRack/out	4	2	base	activation	befbe5acff8005c5	befbe5acff8005c5045a0ec45957b94dc7f6c5649710552eac32de0b162d877d	lerobot_groot_n15	n15	lerobot_groot_n15__robocasa365_ckpt120000		0	Fully slide the top dishwasher rack out.	robocasa_panda_omron/SlideDishwasherRack_PandaOmron_Env	100011	1300002	0	1			5		1	all_token_full	groot_n15_dit_block_residual_full_tokens_denoise	"[""layer"",""denoise_step"",""model_token"",""feature_dim""]"	[7,4,49,1536]	[0,2,4,8,10,12,15]	n15_grid_v4_jitter	grid_coord	meta	meta_json	46ea62d53e09/worker1/DishwasherRack/out/s403/n2/base	403	3
46ea62d53e09	worker1	DishwasherRack/out	4	3	base	activation	560bfcac2d7ebc3a	560bfcac2d7ebc3a56728c4e6b1a2dc7ac79fa5110c9c83337e60cbae5de518e	lerobot_groot_n15	n15	lerobot_groot_n15__robocasa365_ckpt120000		0	Fully slide the top dishwasher rack out.	robocasa_panda_omron/SlideDishwasherRack_PandaOmron_Env	100011	1300003	0	1			5		1	all_token_full	groot_n15_dit_block_residual_full_tokens_denoise	"[""layer"",""denoise_step"",""model_token"",""feature_dim""]"	[7,4,49,1536]	[0,2,4,8,10,12,15]	n15_grid_v4_jitter	grid_coord	meta	meta_json	46ea62d53e09/worker1/DishwasherRack/out/s403/n3/base	403	3
46ea62d53e09	worker1	DishwasherRack/out	4	4	base	activation	3a4cdefa948988f0	3a4cdefa948988f05e91f88cd7e749c1e6f31691974e42f756ff92d8c7a8a0ef	lerobot_groot_n15	n15	lerobot_groot_n15__robocasa365_ckpt120000		0	Fully slide the top dishwasher rack out.	robocasa_panda_omron/SlideDishwasherRack_PandaOmron_Env	100011	1300004	0	1			5		1	all_token_full	groot_n15_dit_block_residual_full_tokens_denoise	"[""layer"",""denoise_step"",""model_token"",""feature_dim""]"	[7,4,49,1536]	[0,2,4,8,10,12,15]	n15_grid_v4_jitter	grid_coord	meta	meta_json	46ea62d53e09/worker1/DishwasherRack/out/s403/n4/base	403	3
46ea62d53e09	worker2	OpenDrawer/right	0	0	base	activation	af9bc6dbbdfe8797	af9bc6dbbdfe87971b8b0087498b9c167b3779b1e7483382dde993683f94cbb6	lerobot_groot_n15	n15	lerobot_groot_n15__robocasa365_ckpt120000		0	Open the right drawer.	robocasa_panda_omron/OpenDrawer_PandaOmron_Env	100000	1300000	0	1			5		1	all_token_full	groot_n15_dit_block_residual_full_tokens_denoise	"[""layer"",""denoise_step"",""model_token"",""feature_dim""]"	[7,4,49,1536]	[0,2,4,8,10,12,15]	n15_grid_v4_jitter	grid_coord	meta	meta_json	46ea62d53e09/worker2/OpenDrawer/right/s0/n0/base	0	0
46ea62d53e09	worker2	OpenDrawer/right	0	1	base	activation	11a59d8f9c20ea91	11a59d8f9c20ea91e753183f319bd88a36fae55ba325eef98fa14b556c90e61b	lerobot_groot_n15	n15	lerobot_groot_n15__robocasa365_ckpt120000		0	Open the right drawer.	robocasa_panda_omron/OpenDrawer_PandaOmron_Env	100000	1300001	0	1			5		1	all_token_full	groot_n15_dit_block_residual_full_tokens_denoise	"[""layer"",""denoise_step"",""model_token"",""feature_dim""]"	[7,4,49,1536]	[0,2,4,8,10,12,15]	n15_grid_v4_jitter	grid_coord	meta	meta_json	46ea62d53e09/worker2/OpenDrawer/right/s0/n1/base	0	0
46ea62d53e09	worker2	OpenDrawer/right	0	2	base	activation	fdb7889899f1a183	fdb7889899f1a183d19398d70af0c62713acecaddf3324dafe47244dfeb41dfc	lerobot_groot_n15	n15	lerobot_groot_n15__robocasa365_ckpt120000		0	Open the right drawer.	robocasa_panda_omron/OpenDrawer_PandaOmron_Env	100000	1300002	0	1			5		1	all_token_full	groot_n15_dit_block_residual_full_tokens_denoise	"[""layer"",""denoise_step"",""model_token"",""feature_dim""]"	[7,4,49,1536]	[0,2,4,8,10,12,15]	n15_grid_v4_jitter	grid_coord	meta	meta_json	46ea62d53e09/worker2/OpenDrawer/right/s0/n2/base	0	0
46ea62d53e09	worker2	OpenDrawer/right	0	3	base	activation	2258ca9673331702	2258ca9673331702173393d0727f77058ad683cd3528ccd7c1732f72e069c738	lerobot_groot_n15	n15	lerobot_groot_n15__robocasa365_ckpt120000		0	Open the right drawer.	robocasa_panda_omron/OpenDrawer_PandaOmron_Env	100000	1300003	0	1			5		1	all_token_full	groot_n15_dit_block_residual_full_tokens_denoise	"[""layer"",""denoise_step"",""model_token"",""feature_dim""]"	[7,4,49,1536]	[0,2,4,8,10,12,15]	n15_grid_v4_jitter	grid_coord	meta	meta_json	46ea62d53e09/worker2/OpenDrawer/right/s0/n3/base	0	0
46ea62d53e09	worker2	OpenDrawer/right	0	4	base	activation	ecd198f592113864	ecd198f5921138640c01753728595356c85e68b15ca408d182f70f489d8f25dd	lerobot_groot_n15	n15	lerobot_groot_n15__robocasa365_ckpt120000		0	Open the right drawer.	robocasa_panda_omron/OpenDrawer_PandaOmron_Env	100000	1300004	0	1			5		1	all_token_full	groot_n15_dit_block_residual_full_tokens_denoise	"[""layer"",""denoise_step"",""model_token"",""feature_dim""]"	[7,4,49,1536]	[0,2,4,8,10,12,15]	n15_grid_v4_jitter	grid_coord	meta	meta_json	46ea62d53e09/worker2/OpenDrawer/right/s0/n4/base	0	0
46ea62d53e09	worker2	OpenDrawer/right	0	0	base	activation	b40ad8fbdb6cf736	b40ad8fbdb6cf736ebb73a860977e60c68d6ef74c631323b1d863405f9c62f64	lerobot_groot_n15	n15	lerobot_groot_n15__robocasa365_ckpt120000		0	Open the right drawer.	robocasa_panda_omron/OpenDrawer_PandaOmron_Env	100000	1300000	0	1			5		1	all_token_full	groot_n15_dit_block_residual_full_tokens_denoise	"[""layer"",""denoise_step"",""model_token"",""feature_dim""]"	[7,4,49,1536]	[0,2,4,8,10,12,15]	n15_grid_v4_jitter	grid_coord	meta	meta_json	46ea62d53e09/worker2/OpenDrawer/right/s1/n0/base	1	1
46ea62d53e09	worker2	OpenDrawer/right	0	1	base	activation	eef6d9e404738599	eef6d9e40473859917343e2c70a4d7539d9353be28f9293045839f9d08bc3fc3	lerobot_groot_n15	n15	lerobot_groot_n15__robocasa365_ckpt120000		0	Open the right drawer.	robocasa_panda_omron/OpenDrawer_PandaOmron_Env	100000	1300001	0	1			5		1	all_token_full	groot_n15_dit_block_residual_full_tokens_denoise	"[""layer"",""denoise_step"",""model_token"",""feature_dim""]"	[7,4,49,1536]	[0,2,4,8,10,12,15]	n15_grid_v4_jitter	grid_coord	meta	meta_json	46ea62d53e09/worker2/OpenDrawer/right/s1/n1/base	1	1
46ea62d53e09	worker2	OpenDrawer/right	0	2	base	activation	506d06b92b14a52a	506d06b92b14a52afad2c004b2c1d649044775539d132652abd6e81694546e91	lerobot_groot_n15	n15	lerobot_groot_n15__robocasa365_ckpt120000		0	Open the right drawer.	robocasa_panda_omron/OpenDrawer_PandaOmron_Env	100000	1300002	0	1			5		1	all_token_full	groot_n15_dit_block_residual_full_tokens_denoise	"[""layer"",""denoise_step"",""model_token"",""feature_dim""]"	[7,4,49,1536]	[0,2,4,8,10,12,15]	n15_grid_v4_jitter	grid_coord	meta	meta_json	46ea62d53e09/worker2/OpenDrawer/right/s1/n2/base	1	1
46ea62d53e09	worker2	OpenDrawer/right	0	3	base	activation	9dc9d10b18daebf8	9dc9d10b18daebf8e3ed07e16626c38d92b7f42960348d6e9f48165398a51f2a	lerobot_groot_n15	n15	lerobot_groot_n15__robocasa365_ckpt120000		0	Open the right drawer.	robocasa_panda_omron/OpenDrawer_PandaOmron_Env	100000	1300003	0	1			5		1	all_token_full	groot_n15_dit_block_residual_full_tokens_denoise	"[""layer"",""denoise_step"",""model_token"",""feature_dim""]"	[7,4,49,1536]	[0,2,4,8,10,12,15]	n15_grid_v4_jitter	grid_coord	meta	meta_json	46ea62d53e09/worker2/OpenDrawer/right/s1/n3/base	1	1
46ea62d53e09	worker2	OpenDrawer/right	0	4	base	activation	4c6bfbb07f32370e	4c6bfbb07f32370e3116a1f838882d31a8fc0bfc5e04a89eb023482dcf634505	lerobot_groot_n15	n15	lerobot_groot_n15__robocasa365_ckpt120000		0	Open the right drawer.	robocasa_panda_omron/OpenDrawer_PandaOmron_Env	100000	1300004	0	1			5		1	all_token_full	groot_n15_dit_block_residual_full_tokens_denoise	"[""layer"",""denoise_step"",""model_token"",""feature_dim""]"	[7,4,49,1536]	[0,2,4,8,10,12,15]	n15_grid_v4_jitter	grid_coord	meta	meta_json	46ea62d53e09/worker2/OpenDrawer/right/s1/n4/base	1	1
46ea62d53e09	worker2	OpenDrawer/right	1	0	base	activation	632d5399d4bf395d	632d5399d4bf395d555beb80b056d282aaf9347ccf1189f35ead0261deb0f89b	lerobot_groot_n15	n15	lerobot_groot_n15__robocasa365_ckpt120000		0	Open the right drawer.	robocasa_panda_omron/OpenDrawer_PandaOmron_Env	100003	1300000	0	1			5		1	all_token_full	groot_n15_dit_block_residual_full_tokens_denoise	"[""layer"",""denoise_step"",""model_token"",""feature_dim""]"	[7,4,49,1536]	[0,2,4,8,10,12,15]	n15_grid_v4_jitter	grid_coord	meta	meta_json	46ea62d53e09/worker2/OpenDrawer/right/s100/n0/base	100	0
46ea62d53e09	worker2	OpenDrawer/right	1	1	base	activation	587f5fc1fda47604	587f5fc1fda4760491ebb08c0b59e60baa7eeb1e4f3b4706338adf66139cbbe0	lerobot_groot_n15	n15	lerobot_groot_n15__robocasa365_ckpt120000		0	Open the right drawer.	robocasa_panda_omron/OpenDrawer_PandaOmron_Env	100003	1300001	0	1			5		1	all_token_full	groot_n15_dit_block_residual_full_tokens_denoise	"[""layer"",""denoise_step"",""model_token"",""feature_dim""]"	[7,4,49,1536]	[0,2,4,8,10,12,15]	n15_grid_v4_jitter	grid_coord	meta	meta_json	46ea62d53e09/worker2/OpenDrawer/right/s100/n1/base	100	0
46ea62d53e09	worker2	OpenDrawer/right	1	2	base	activation	70fe0dc57e9373c1	70fe0dc57e9373c1483ffd9b1c91e95f0aaaf53aa0f40da08dea4aa66be38d4a	lerobot_groot_n15	n15	lerobot_groot_n15__robocasa365_ckpt120000		0	Open the right drawer.	robocasa_panda_omron/OpenDrawer_PandaOmron_Env	100003	1300002	0	1			5		1	all_token_full	groot_n15_dit_block_residual_full_tokens_denoise	"[""layer"",""denoise_step"",""model_token"",""feature_dim""]"	[7,4,49,1536]	[0,2,4,8,10,12,15]	n15_grid_v4_jitter	grid_coord	meta	meta_json	46ea62d53e09/worker2/OpenDrawer/right/s100/n2/base	100	0
46ea62d53e09	worker2	OpenDrawer/right	1	3	base	activation	3b3c660560dec779	3b3c660560dec77910a0e6e6e5e84a3a1568c0032fc41d58fa014b8d39530fff	lerobot_groot_n15	n15	lerobot_groot_n15__robocasa365_ckpt120000		0	Open the right drawer.	robocasa_panda_omron/OpenDrawer_PandaOmron_Env	100003	1300003	0	1			5		1	all_token_full	groot_n15_dit_block_residual_full_tokens_denoise	"[""layer"",""denoise_step"",""model_token"",""feature_dim""]"	[7,4,49,1536]	[0,2,4,8,10,12,15]	n15_grid_v4_jitter	grid_coord	meta	meta_json	46ea62d53e09/worker2/OpenDrawer/right/s100/n3/base	100	0
46ea62d53e09	worker2	OpenDrawer/right	1	4	base	activation	9e2cc380710621e5	9e2cc380710621e5acd3a80603fae2e55de9c04747ffd726868204d677214af2	lerobot_groot_n15	n15	lerobot_groot_n15__robocasa365_ckpt120000		0	Open the right drawer.	robocasa_panda_omron/OpenDrawer_PandaOmron_Env	100003	1300004	0	1			5		1	all_token_full	groot_n15_dit_block_residual_full_tokens_denoise	"[""layer"",""denoise_step"",""model_token"",""feature_dim""]"	[7,4,49,1536]	[0,2,4,8,10,12,15]	n15_grid_v4_jitter	grid_coord	meta	meta_json	46ea62d53e09/worker2/OpenDrawer/right/s100/n4/base	100	0
46ea62d53e09	worker2	OpenDrawer/right	1	0	base	activation	7b62649077765934	7b626490777659349674fd6e39570d8b2e1dce80383c445402818dc3e02058fb	lerobot_groot_n15	n15	lerobot_groot_n15__robocasa365_ckpt120000		0	Open the right drawer.	robocasa_panda_omron/OpenDrawer_PandaOmron_Env	100003	1300000	0	1			5		1	all_token_full	groot_n15_dit_block_residual_full_tokens_denoise	"[""layer"",""denoise_step"",""model_token"",""feature_dim""]"	[7,4,49,1536]	[0,2,4,8,10,12,15]	n15_grid_v4_jitter	grid_coord	meta	meta_json	46ea62d53e09/worker2/OpenDrawer/right/s103/n0/base	103	3
46ea62d53e09	worker2	OpenDrawer/right	1	1	base	activation	21ea68f43bee2738	21ea68f43bee273825585e5bdaccbea3ee3420ab47b1332006dc82a479f7fc44	lerobot_groot_n15	n15	lerobot_groot_n15__robocasa365_ckpt120000		0	Open the right drawer.	robocasa_panda_omron/OpenDrawer_PandaOmron_Env	100003	1300001	0	0			5		1	all_token_full	groot_n15_dit_block_residual_full_tokens_denoise	"[""layer"",""denoise_step"",""model_token"",""feature_dim""]"	[7,4,49,1536]	[0,2,4,8,10,12,15]	n15_grid_v4_jitter	grid_coord	meta	meta_json	46ea62d53e09/worker2/OpenDrawer/right/s103/n1/base	103	3
46ea62d53e09	worker2	OpenDrawer/right	1	2	base	activation	656ecd32d73e9b6b	656ecd32d73e9b6b8a71e19dc88cd34dedc2d7a949ece1fc44176874b54fdee8	lerobot_groot_n15	n15	lerobot_groot_n15__robocasa365_ckpt120000		0	Open the right drawer.	robocasa_panda_omron/OpenDrawer_PandaOmron_Env	100003	1300002	0	1			5		1	all_token_full	groot_n15_dit_block_residual_full_tokens_denoise	"[""layer"",""denoise_step"",""model_token"",""feature_dim""]"	[7,4,49,1536]	[0,2,4,8,10,12,15]	n15_grid_v4_jitter	grid_coord	meta	meta_json	46ea62d53e09/worker2/OpenDrawer/right/s103/n2/base	103	3
46ea62d53e09	worker2	OpenDrawer/right	1	3	base	activation	2033d053f411701e	2033d053f411701e5d4759af4b0e68d8a3dbe5188dc22181607cb4dc43ef0237	lerobot_groot_n15	n15	lerobot_groot_n15__robocasa365_ckpt120000		0	Open the right drawer.	robocasa_panda_omron/OpenDrawer_PandaOmron_Env	100003	1300003	0	1			5		1	all_token_full	groot_n15_dit_block_residual_full_tokens_denoise	"[""layer"",""denoise_step"",""model_token"",""feature_dim""]"	[7,4,49,1536]	[0,2,4,8,10,12,15]	n15_grid_v4_jitter	grid_coord	meta	meta_json	46ea62d53e09/worker2/OpenDrawer/right/s103/n3/base	103	3
46ea62d53e09	worker2	OpenDrawer/right	1	4	base	activation	121c7279d4f5c896	121c7279d4f5c896da2e65ea09013904618d8459429065ac155ea3cf537e293d	lerobot_groot_n15	n15	lerobot_groot_n15__robocasa365_ckpt120000		0	Open the right drawer.	robocasa_panda_omron/OpenDrawer_PandaOmron_Env	100003	1300004	0	1			5		1	all_token_full	groot_n15_dit_block_residual_full_tokens_denoise	"[""layer"",""denoise_step"",""model_token"",""feature_dim""]"	[7,4,49,1536]	[0,2,4,8,10,12,15]	n15_grid_v4_jitter	grid_coord	meta	meta_json	46ea62d53e09/worker2/OpenDrawer/right/s103/n4/base	103	3
46ea62d53e09	worker2	OpenDrawer/right	1	0	base	activation	4d89cfbfd12be7eb	4d89cfbfd12be7eb10e2d37cab0cbd6471e890a1299bf3afdf5f5a528e05b396	lerobot_groot_n15	n15	lerobot_groot_n15__robocasa365_ckpt120000		0	Open the right drawer.	robocasa_panda_omron/OpenDrawer_PandaOmron_Env	100003	1300000	0	1			5		1	all_token_full	groot_n15_dit_block_residual_full_tokens_denoise	"[""layer"",""denoise_step"",""model_token"",""feature_dim""]"	[7,4,49,1536]	[0,2,4,8,10,12,15]	n15_grid_v4_jitter	grid_coord	meta	meta_json	46ea62d53e09/worker2/OpenDrawer/right/s104/n0/base	104	4
46ea62d53e09	worker2	OpenDrawer/right	1	1	base	activation	1364010365e9e316	1364010365e9e3163f774a346f553c64e1d9c4cc15bc49bc0073bf6d2e5bc020	lerobot_groot_n15	n15	lerobot_groot_n15__robocasa365_ckpt120000		0	Open the right drawer.	robocasa_panda_omron/OpenDrawer_PandaOmron_Env	100003	1300001	0	1			5		1	all_token_full	groot_n15_dit_block_residual_full_tokens_denoise	"[""layer"",""denoise_step"",""model_token"",""feature_dim""]"	[7,4,49,1536]	[0,2,4,8,10,12,15]	n15_grid_v4_jitter	grid_coord	meta	meta_json	46ea62d53e09/worker2/OpenDrawer/right/s104/n1/base	104	4
46ea62d53e09	worker2	OpenDrawer/right	1	2	base	activation	8e80fd6438270dda	8e80fd6438270dda241ad931c3f41f05e358fed169fd6dae88ca0bff341b899c	lerobot_groot_n15	n15	lerobot_groot_n15__robocasa365_ckpt120000		0	Open the right drawer.	robocasa_panda_omron/OpenDrawer_PandaOmron_Env	100003	1300002	0	1			5		1	all_token_full	groot_n15_dit_block_residual_full_tokens_denoise	"[""layer"",""denoise_step"",""model_token"",""feature_dim""]"	[7,4,49,1536]	[0,2,4,8,10,12,15]	n15_grid_v4_jitter	grid_coord	meta	meta_json	46ea62d53e09/worker2/OpenDrawer/right/s104/n2/base	104	4
46ea62d53e09	worker2	OpenDrawer/right	1	3	base	activation	c778b869cc0a0a6b	c778b869cc0a0a6bab241455333d692ad16eff3507520d4f514443e6678482d9	lerobot_groot_n15	n15	lerobot_groot_n15__robocasa365_ckpt120000		0	Open the right drawer.	robocasa_panda_omron/OpenDrawer_PandaOmron_Env	100003	1300003	0	1			5		1	all_token_full	groot_n15_dit_block_residual_full_tokens_denoise	"[""layer"",""denoise_step"",""model_token"",""feature_dim""]"	[7,4,49,1536]	[0,2,4,8,10,12,15]	n15_grid_v4_jitter	grid_coord	meta	meta_json	46ea62d53e09/worker2/OpenDrawer/right/s104/n3/base	104	4
46ea62d53e09	worker2	OpenDrawer/right	1	4	base	activation	d8c668908de6e8b5	d8c668908de6e8b557a41c0ae5d0915c367999ae1f19caf4dba54dd8fcb1d52a	lerobot_groot_n15	n15	lerobot_groot_n15__robocasa365_ckpt120000		0	Open the right drawer.	robocasa_panda_omron/OpenDrawer_PandaOmron_Env	100003	1300004	0	1			5		1	all_token_full	groot_n15_dit_block_residual_full_tokens_denoise	"[""layer"",""denoise_step"",""model_token"",""feature_dim""]"	[7,4,49,1536]	[0,2,4,8,10,12,15]	n15_grid_v4_jitter	grid_coord	meta	meta_json	46ea62d53e09/worker2/OpenDrawer/right/s104/n4/base	104	4
46ea62d53e09	worker2	OpenDrawer/right	1	0	base	activation	e85414fc54af428b	e85414fc54af428b16973c5d254d85b1604200ee2bdb59b642a078c2273d21b8	lerobot_groot_n15	n15	lerobot_groot_n15__robocasa365_ckpt120000		0	Open the right drawer.	robocasa_panda_omron/OpenDrawer_PandaOmron_Env	100003	1300000	0	1			5		1	all_token_full	groot_n15_dit_block_residual_full_tokens_denoise	"[""layer"",""denoise_step"",""model_token"",""feature_dim""]"	[7,4,49,1536]	[0,2,4,8,10,12,15]	n15_grid_v4_jitter	grid_coord	meta	meta_json	46ea62d53e09/worker2/OpenDrawer/right/s105/n0/base	105	5
46ea62d53e09	worker2	OpenDrawer/right	1	1	base	activation	3185f731fb14c084	3185f731fb14c084b0decbad2bec452bb04391b88f06dc4263651b6ba59c1bdc	lerobot_groot_n15	n15	lerobot_groot_n15__robocasa365_ckpt120000		0	Open the right drawer.	robocasa_panda_omron/OpenDrawer_PandaOmron_Env	100003	1300001	0	1			5		1	all_token_full	groot_n15_dit_block_residual_full_tokens_denoise	"[""layer"",""denoise_step"",""model_token"",""feature_dim""]"	[7,4,49,1536]	[0,2,4,8,10,12,15]	n15_grid_v4_jitter	grid_coord	meta	meta_json	46ea62d53e09/worker2/OpenDrawer/right/s105/n1/base	105	5
46ea62d53e09	worker2	OpenDrawer/right	1	2	base	activation	213b85bb52504ec1	213b85bb52504ec14f01dfdfc9d2aaee23ec797d394f99cc9939297915952f26	lerobot_groot_n15	n15	lerobot_groot_n15__robocasa365_ckpt120000		0	Open the right drawer.	robocasa_panda_omron/OpenDrawer_PandaOmron_Env	100003	1300002	0	1			5		1	all_token_full	groot_n15_dit_block_residual_full_tokens_denoise	"[""layer"",""denoise_step"",""model_token"",""feature_dim""]"	[7,4,49,1536]	[0,2,4,8,10,12,15]	n15_grid_v4_jitter	grid_coord	meta	meta_json	46ea62d53e09/worker2/OpenDrawer/right/s105/n2/base	105	5
46ea62d53e09	worker2	OpenDrawer/right	1	3	base	activation	81ed892d32c75d65	81ed892d32c75d650cdf8d0b9aec535664396c752863423427c01535ad60102f	lerobot_groot_n15	n15	lerobot_groot_n15__robocasa365_ckpt120000		0	Open the right drawer.	robocasa_panda_omron/OpenDrawer_PandaOmron_Env	100003	1300003	0	1			5		1	all_token_full	groot_n15_dit_block_residual_full_tokens_denoise	"[""layer"",""denoise_step"",""model_token"",""feature_dim""]"	[7,4,49,1536]	[0,2,4,8,10,12,15]	n15_grid_v4_jitter	grid_coord	meta	meta_json	46ea62d53e09/worker2/OpenDrawer/right/s105/n3/base	105	5
46ea62d53e09	worker2	OpenDrawer/right	1	4	base	activation	0a7dc7d6882653ae	0a7dc7d6882653ae8542bfc49db54283d42edf8919bfdf4a55fa31eac7f107e9	lerobot_groot_n15	n15	lerobot_groot_n15__robocasa365_ckpt120000		0	Open the right drawer.	robocasa_panda_omron/OpenDrawer_PandaOmron_Env	100003	1300004	0	1			5		1	all_token_full	groot_n15_dit_block_residual_full_tokens_denoise	"[""layer"",""denoise_step"",""model_token"",""feature_dim""]"	[7,4,49,1536]	[0,2,4,8,10,12,15]	n15_grid_v4_jitter	grid_coord	meta	meta_json	46ea62d53e09/worker2/OpenDrawer/right/s105/n4/base	105	5
46ea62d53e09	worker2	OpenDrawer/right	2	0	base	activation	d6607206e03b9d91	d6607206e03b9d916afcaefbff88c7a659f7ddf385099246697b35535881e4cd	lerobot_groot_n15	n15	lerobot_groot_n15__robocasa365_ckpt120000		0	Open the right drawer.	robocasa_panda_omron/OpenDrawer_PandaOmron_Env	100005	1300000	0	1			5		1	all_token_full	groot_n15_dit_block_residual_full_tokens_denoise	"[""layer"",""denoise_step"",""model_token"",""feature_dim""]"	[7,4,49,1536]	[0,2,4,8,10,12,15]	n15_grid_v4_jitter	grid_coord	meta	meta_json	46ea62d53e09/worker2/OpenDrawer/right/s200/n0/base	200	0
46ea62d53e09	worker2	OpenDrawer/right	2	1	base	activation	005ffb97deacf1a4	005ffb97deacf1a424766c1794934c05d4277b1bfe3003907e9106d9b6154477	lerobot_groot_n15	n15	lerobot_groot_n15__robocasa365_ckpt120000		0	Open the right drawer.	robocasa_panda_omron/OpenDrawer_PandaOmron_Env	100005	1300001	0	1			5		1	all_token_full	groot_n15_dit_block_residual_full_tokens_denoise	"[""layer"",""denoise_step"",""model_token"",""feature_dim""]"	[7,4,49,1536]	[0,2,4,8,10,12,15]	n15_grid_v4_jitter	grid_coord	meta	meta_json	46ea62d53e09/worker2/OpenDrawer/right/s200/n1/base	200	0
46ea62d53e09	worker2	OpenDrawer/right	2	2	base	activation	22a232f80cde5c9b	22a232f80cde5c9bc9658e60107d2713124fa5ffabe051af19f67d9ff9009775	lerobot_groot_n15	n15	lerobot_groot_n15__robocasa365_ckpt120000		0	Open the right drawer.	robocasa_panda_omron/OpenDrawer_PandaOmron_Env	100005	1300002	0	1			5		1	all_token_full	groot_n15_dit_block_residual_full_tokens_denoise	"[""layer"",""denoise_step"",""model_token"",""feature_dim""]"	[7,4,49,1536]	[0,2,4,8,10,12,15]	n15_grid_v4_jitter	grid_coord	meta	meta_json	46ea62d53e09/worker2/OpenDrawer/right/s200/n2/base	200	0
46ea62d53e09	worker2	OpenDrawer/right	2	3	base	activation	8f96e524a7952b05	8f96e524a7952b0579378374dd6bcb76d9f1418a4919c999ff97bec35cf4f58d	lerobot_groot_n15	n15	lerobot_groot_n15__robocasa365_ckpt120000		0	Open the right drawer.	robocasa_panda_omron/OpenDrawer_PandaOmron_Env	100005	1300003	0	1			5		1	all_token_full	groot_n15_dit_block_residual_full_tokens_denoise	"[""layer"",""denoise_step"",""model_token"",""feature_dim""]"	[7,4,49,1536]	[0,2,4,8,10,12,15]	n15_grid_v4_jitter	grid_coord	meta	meta_json	46ea62d53e09/worker2/OpenDrawer/right/s200/n3/base	200	0
46ea62d53e09	worker2	OpenDrawer/right	2	4	base	activation	31fc9b3755667c9c	31fc9b3755667c9c676f33bd99c73e5b7c7fb2749bf38fcac9fc99666675d14a	lerobot_groot_n15	n15	lerobot_groot_n15__robocasa365_ckpt120000		0	Open the right drawer.	robocasa_panda_omron/OpenDrawer_PandaOmron_Env	100005	1300004	0	1			5		1	all_token_full	groot_n15_dit_block_residual_full_tokens_denoise	"[""layer"",""denoise_step"",""model_token"",""feature_dim""]"	[7,4,49,1536]	[0,2,4,8,10,12,15]	n15_grid_v4_jitter	grid_coord	meta	meta_json	46ea62d53e09/worker2/OpenDrawer/right/s200/n4/base	200	0
46ea62d53e09	worker2	OpenDrawer/right	2	0	base	activation	91dd468366eca126	91dd468366eca12646c5d774732fb48244aa1347d419dd4c51d8b214352e1e0b	lerobot_groot_n15	n15	lerobot_groot_n15__robocasa365_ckpt120000		0	Open the right drawer.	robocasa_panda_omron/OpenDrawer_PandaOmron_Env	100005	1300000	0	1			5		1	all_token_full	groot_n15_dit_block_residual_full_tokens_denoise	"[""layer"",""denoise_step"",""model_token"",""feature_dim""]"	[7,4,49,1536]	[0,2,4,8,10,12,15]	n15_grid_v4_jitter	grid_coord	meta	meta_json	46ea62d53e09/worker2/OpenDrawer/right/s201/n0/base	201	1
46ea62d53e09	worker2	OpenDrawer/right	2	1	base	activation	30a71403ebe0449e	30a71403ebe0449ed2fbf95f469ce6559edffc68a75181c13df14d10dedbe68e	lerobot_groot_n15	n15	lerobot_groot_n15__robocasa365_ckpt120000		0	Open the right drawer.	robocasa_panda_omron/OpenDrawer_PandaOmron_Env	100005	1300001	0	1			5		1	all_token_full	groot_n15_dit_block_residual_full_tokens_denoise	"[""layer"",""denoise_step"",""model_token"",""feature_dim""]"	[7,4,49,1536]	[0,2,4,8,10,12,15]	n15_grid_v4_jitter	grid_coord	meta	meta_json	46ea62d53e09/worker2/OpenDrawer/right/s201/n1/base	201	1
46ea62d53e09	worker2	OpenDrawer/right	2	2	base	activation	2d287495cc1cebe0	2d287495cc1cebe0a48eb2a6880c4466fc64b3e048ab14a030bc2d16ac921f3d	lerobot_groot_n15	n15	lerobot_groot_n15__robocasa365_ckpt120000		0	Open the right drawer.	robocasa_panda_omron/OpenDrawer_PandaOmron_Env	100005	1300002	0	1			5		1	all_token_full	groot_n15_dit_block_residual_full_tokens_denoise	"[""layer"",""denoise_step"",""model_token"",""feature_dim""]"	[7,4,49,1536]	[0,2,4,8,10,12,15]	n15_grid_v4_jitter	grid_coord	meta	meta_json	46ea62d53e09/worker2/OpenDrawer/right/s201/n2/base	201	1
46ea62d53e09	worker2	OpenDrawer/right	2	3	base	activation	8bdbd86fc22ce677	8bdbd86fc22ce677d75a58753e0c574f673937af8c2f482277b307bbb0f1ebf7	lerobot_groot_n15	n15	lerobot_groot_n15__robocasa365_ckpt120000		0	Open the right drawer.	robocasa_panda_omron/OpenDrawer_PandaOmron_Env	100005	1300003	0	1			5		1	all_token_full	groot_n15_dit_block_residual_full_tokens_denoise	"[""layer"",""denoise_step"",""model_token"",""feature_dim""]"	[7,4,49,1536]	[0,2,4,8,10,12,15]	n15_grid_v4_jitter	grid_coord	meta	meta_json	46ea62d53e09/worker2/OpenDrawer/right/s201/n3/base	201	1
46ea62d53e09	worker2	OpenDrawer/right	2	4	base	activation	81929d84c786df9e	81929d84c786df9ea80c9500efec917b8440229f648b6daa1f0f6616b901934c	lerobot_groot_n15	n15	lerobot_groot_n15__robocasa365_ckpt120000		0	Open the right drawer.	robocasa_panda_omron/OpenDrawer_PandaOmron_Env	100005	1300004	0	1			5		1	all_token_full	groot_n15_dit_block_residual_full_tokens_denoise	"[""layer"",""denoise_step"",""model_token"",""feature_dim""]"	[7,4,49,1536]	[0,2,4,8,10,12,15]	n15_grid_v4_jitter	grid_coord	meta	meta_json	46ea62d53e09/worker2/OpenDrawer/right/s201/n4/base	201	1
46ea62d53e09	worker2	OpenDrawer/right	2	0	base	activation	a4c22483f3fbaa12	a4c22483f3fbaa125d44097c0364e636d122ab9bd94d0d831d9d29ec69db547c	lerobot_groot_n15	n15	lerobot_groot_n15__robocasa365_ckpt120000		0	Open the right drawer.	robocasa_panda_omron/OpenDrawer_PandaOmron_Env	100005	1300000	0	1			5		1	all_token_full	groot_n15_dit_block_residual_full_tokens_denoise	"[""layer"",""denoise_step"",""model_token"",""feature_dim""]"	[7,4,49,1536]	[0,2,4,8,10,12,15]	n15_grid_v4_jitter	grid_coord	meta	meta_json	46ea62d53e09/worker2/OpenDrawer/right/s202/n0/base	202	2
46ea62d53e09	worker2	OpenDrawer/right	2	1	base	activation	e57c508fc7b09b7a	e57c508fc7b09b7a736a7569789353c08d5bbca810527124074538b8d0bbe0bd	lerobot_groot_n15	n15	lerobot_groot_n15__robocasa365_ckpt120000		0	Open the right drawer.	robocasa_panda_omron/OpenDrawer_PandaOmron_Env	100005	1300001	0	1			5		1	all_token_full	groot_n15_dit_block_residual_full_tokens_denoise	"[""layer"",""denoise_step"",""model_token"",""feature_dim""]"	[7,4,49,1536]	[0,2,4,8,10,12,15]	n15_grid_v4_jitter	grid_coord	meta	meta_json	46ea62d53e09/worker2/OpenDrawer/right/s202/n1/base	202	2
46ea62d53e09	worker2	OpenDrawer/right	2	2	base	activation	ed770a37a980c6a7	ed770a37a980c6a79b512587efbe60832da2d035adb9c849ea7b1ec93dfdf233	lerobot_groot_n15	n15	lerobot_groot_n15__robocasa365_ckpt120000		0	Open the right drawer.	robocasa_panda_omron/OpenDrawer_PandaOmron_Env	100005	1300002	0	1			5		1	all_token_full	groot_n15_dit_block_residual_full_tokens_denoise	"[""layer"",""denoise_step"",""model_token"",""feature_dim""]"	[7,4,49,1536]	[0,2,4,8,10,12,15]	n15_grid_v4_jitter	grid_coord	meta	meta_json	46ea62d53e09/worker2/OpenDrawer/right/s202/n2/base	202	2
46ea62d53e09	worker2	OpenDrawer/right	2	3	base	activation	5c02bc72e1a82ade	5c02bc72e1a82adeae4e3c15cbed771eab56f77daf4f97673e5242ffe95c8059	lerobot_groot_n15	n15	lerobot_groot_n15__robocasa365_ckpt120000		0	Open the right drawer.	robocasa_panda_omron/OpenDrawer_PandaOmron_Env	100005	1300003	0	1			5		1	all_token_full	groot_n15_dit_block_residual_full_tokens_denoise	"[""layer"",""denoise_step"",""model_token"",""feature_dim""]"	[7,4,49,1536]	[0,2,4,8,10,12,15]	n15_grid_v4_jitter	grid_coord	meta	meta_json	46ea62d53e09/worker2/OpenDrawer/right/s202/n3/base	202	2
46ea62d53e09	worker2	OpenDrawer/right	2	4	base	activation	146805d7a10b63f3	146805d7a10b63f35e231099eb66a98ab6cfb9d2aaad5a60a1c6d94140f6f417	lerobot_groot_n15	n15	lerobot_groot_n15__robocasa365_ckpt120000		0	Open the right drawer.	robocasa_panda_omron/OpenDrawer_PandaOmron_Env	100005	1300004	0	1			5		1	all_token_full	groot_n15_dit_block_residual_full_tokens_denoise	"[""layer"",""denoise_step"",""model_token"",""feature_dim""]"	[7,4,49,1536]	[0,2,4,8,10,12,15]	n15_grid_v4_jitter	grid_coord	meta	meta_json	46ea62d53e09/worker2/OpenDrawer/right/s202/n4/base	202	2
46ea62d53e09	worker2	OpenDrawer/right	2	0	base	activation	57cee34e3d160baa	57cee34e3d160baaf019d02669867247087a6989c0d0b8baf4b1614eda303bf0	lerobot_groot_n15	n15	lerobot_groot_n15__robocasa365_ckpt120000		0	Open the right drawer.	robocasa_panda_omron/OpenDrawer_PandaOmron_Env	100005	1300000	0	1			5		1	all_token_full	groot_n15_dit_block_residual_full_tokens_denoise	"[""layer"",""denoise_step"",""model_token"",""feature_dim""]"	[7,4,49,1536]	[0,2,4,8,10,12,15]	n15_grid_v4_jitter	grid_coord	meta	meta_json	46ea62d53e09/worker2/OpenDrawer/right/s203/n0/base	203	3
46ea62d53e09	worker2	OpenDrawer/right	2	1	base	activation	7b35f824eaaf15a7	7b35f824eaaf15a7537325565451bdd569c69bed514ff6855a889dffc85f321b	lerobot_groot_n15	n15	lerobot_groot_n15__robocasa365_ckpt120000		0	Open the right drawer.	robocasa_panda_omron/OpenDrawer_PandaOmron_Env	100005	1300001	0	1			5		1	all_token_full	groot_n15_dit_block_residual_full_tokens_denoise	"[""layer"",""denoise_step"",""model_token"",""feature_dim""]"	[7,4,49,1536]	[0,2,4,8,10,12,15]	n15_grid_v4_jitter	grid_coord	meta	meta_json	46ea62d53e09/worker2/OpenDrawer/right/s203/n1/base	203	3
46ea62d53e09	worker2	OpenDrawer/right	2	2	base	activation	7d44ce0d18e70642	7d44ce0d18e706421aa2c91242ca6647760c21f10bcb5963bb00a2003b0cb7a5	lerobot_groot_n15	n15	lerobot_groot_n15__robocasa365_ckpt120000		0	Open the right drawer.	robocasa_panda_omron/OpenDrawer_PandaOmron_Env	100005	1300002	0	1			5		1	all_token_full	groot_n15_dit_block_residual_full_tokens_denoise	"[""layer"",""denoise_step"",""model_token"",""feature_dim""]"	[7,4,49,1536]	[0,2,4,8,10,12,15]	n15_grid_v4_jitter	grid_coord	meta	meta_json	46ea62d53e09/worker2/OpenDrawer/right/s203/n2/base	203	3
46ea62d53e09	worker2	OpenDrawer/right	2	3	base	activation	476ecbd2e0786601	476ecbd2e0786601277756563830ef0ae5220e7c12da8b38e8de20965f5d9c1c	lerobot_groot_n15	n15	lerobot_groot_n15__robocasa365_ckpt120000		0	Open the right drawer.	robocasa_panda_omron/OpenDrawer_PandaOmron_Env	100005	1300003	0	1			5		1	all_token_full	groot_n15_dit_block_residual_full_tokens_denoise	"[""layer"",""denoise_step"",""model_token"",""feature_dim""]"	[7,4,49,1536]	[0,2,4,8,10,12,15]	n15_grid_v4_jitter	grid_coord	meta	meta_json	46ea62d53e09/worker2/OpenDrawer/right/s203/n3/base	203	3
46ea62d53e09	worker2	OpenDrawer/right	2	4	base	activation	c171117495c15356	c171117495c1535616ca5d142eed7a050df80962194046bd616dc7d057e8815a	lerobot_groot_n15	n15	lerobot_groot_n15__robocasa365_ckpt120000		0	Open the right drawer.	robocasa_panda_omron/OpenDrawer_PandaOmron_Env	100005	1300004	0	1			5		1	all_token_full	groot_n15_dit_block_residual_full_tokens_denoise	"[""layer"",""denoise_step"",""model_token"",""feature_dim""]"	[7,4,49,1536]	[0,2,4,8,10,12,15]	n15_grid_v4_jitter	grid_coord	meta	meta_json	46ea62d53e09/worker2/OpenDrawer/right/s203/n4/base	203	3
46ea62d53e09	worker2	OpenDrawer/right	3	0	base	activation	69aa6bfcca11d47a	69aa6bfcca11d47a8009545fd83e342ad6fc3672df33c84ae5c9888e67643296	lerobot_groot_n15	n15	lerobot_groot_n15__robocasa365_ckpt120000		0	Open the right drawer.	robocasa_panda_omron/OpenDrawer_PandaOmron_Env	100006	1300000	0	0			5		1	all_token_full	groot_n15_dit_block_residual_full_tokens_denoise	"[""layer"",""denoise_step"",""model_token"",""feature_dim""]"	[7,4,49,1536]	[0,2,4,8,10,12,15]	n15_grid_v4_jitter	grid_coord	meta	meta_json	46ea62d53e09/worker2/OpenDrawer/right/s300/n0/base	300	0
46ea62d53e09	worker2	OpenDrawer/right	3	1	base	activation	9099fdeb32ec4a96	9099fdeb32ec4a962b31f95efd10e297bd1df9ca6b18c13f26d070c10d11af4e	lerobot_groot_n15	n15	lerobot_groot_n15__robocasa365_ckpt120000		0	Open the right drawer.	robocasa_panda_omron/OpenDrawer_PandaOmron_Env	100006	1300001	0	0			5		1	all_token_full	groot_n15_dit_block_residual_full_tokens_denoise	"[""layer"",""denoise_step"",""model_token"",""feature_dim""]"	[7,4,49,1536]	[0,2,4,8,10,12,15]	n15_grid_v4_jitter	grid_coord	meta	meta_json	46ea62d53e09/worker2/OpenDrawer/right/s300/n1/base	300	0
46ea62d53e09	worker2	OpenDrawer/right	3	2	base	activation	b8da46244f929447	b8da46244f9294478e589a8f7f2855ec1503f6d71fd1dbc657678a84a8d1183d	lerobot_groot_n15	n15	lerobot_groot_n15__robocasa365_ckpt120000		0	Open the right drawer.	robocasa_panda_omron/OpenDrawer_PandaOmron_Env	100006	1300002	0	0			5		1	all_token_full	groot_n15_dit_block_residual_full_tokens_denoise	"[""layer"",""denoise_step"",""model_token"",""feature_dim""]"	[7,4,49,1536]	[0,2,4,8,10,12,15]	n15_grid_v4_jitter	grid_coord	meta	meta_json	46ea62d53e09/worker2/OpenDrawer/right/s300/n2/base	300	0
46ea62d53e09	worker2	OpenDrawer/right	3	3	base	activation	fc299dcad0532e05	fc299dcad0532e0565cb9f25879e87a02aa7bdd0cb4579e7acadbdf708caf7bb	lerobot_groot_n15	n15	lerobot_groot_n15__robocasa365_ckpt120000		0	Open the right drawer.	robocasa_panda_omron/OpenDrawer_PandaOmron_Env	100006	1300003	0	0			5		1	all_token_full	groot_n15_dit_block_residual_full_tokens_denoise	"[""layer"",""denoise_step"",""model_token"",""feature_dim""]"	[7,4,49,1536]	[0,2,4,8,10,12,15]	n15_grid_v4_jitter	grid_coord	meta	meta_json	46ea62d53e09/worker2/OpenDrawer/right/s300/n3/base	300	0
46ea62d53e09	worker2	OpenDrawer/right	3	4	base	activation	aea064d69ca5582b	aea064d69ca5582b2501397d84604eab6d9cf97959012a4aefac7e04164f2f8b	lerobot_groot_n15	n15	lerobot_groot_n15__robocasa365_ckpt120000		0	Open the right drawer.	robocasa_panda_omron/OpenDrawer_PandaOmron_Env	100006	1300004	0	0			5		1	all_token_full	groot_n15_dit_block_residual_full_tokens_denoise	"[""layer"",""denoise_step"",""model_token"",""feature_dim""]"	[7,4,49,1536]	[0,2,4,8,10,12,15]	n15_grid_v4_jitter	grid_coord	meta	meta_json	46ea62d53e09/worker2/OpenDrawer/right/s300/n4/base	300	0
46ea62d53e09	worker2	OpenDrawer/right	3	0	base	activation	ffb44e22dbac9fac	ffb44e22dbac9faccfab4af36206b815fb729bc480bd789cf79576a43a5f3454	lerobot_groot_n15	n15	lerobot_groot_n15__robocasa365_ckpt120000		0	Open the right drawer.	robocasa_panda_omron/OpenDrawer_PandaOmron_Env	100006	1300000	0	0			5		1	all_token_full	groot_n15_dit_block_residual_full_tokens_denoise	"[""layer"",""denoise_step"",""model_token"",""feature_dim""]"	[7,4,49,1536]	[0,2,4,8,10,12,15]	n15_grid_v4_jitter	grid_coord	meta	meta_json	46ea62d53e09/worker2/OpenDrawer/right/s301/n0/base	301	1
46ea62d53e09	worker2	OpenDrawer/right	3	1	base	activation	282de13c798f9cf1	282de13c798f9cf12168a91c4fffe016861cdb1975d79ffc7f639e315f3c0973	lerobot_groot_n15	n15	lerobot_groot_n15__robocasa365_ckpt120000		0	Open the right drawer.	robocasa_panda_omron/OpenDrawer_PandaOmron_Env	100006	1300001	0	0			5		1	all_token_full	groot_n15_dit_block_residual_full_tokens_denoise	"[""layer"",""denoise_step"",""model_token"",""feature_dim""]"	[7,4,49,1536]	[0,2,4,8,10,12,15]	n15_grid_v4_jitter	grid_coord	meta	meta_json	46ea62d53e09/worker2/OpenDrawer/right/s301/n1/base	301	1
46ea62d53e09	worker2	OpenDrawer/right	3	2	base	activation	85ccceca209b3383	85ccceca209b3383ca9b1ce7ace70f8139bab7517ab640521cea838543633e49	lerobot_groot_n15	n15	lerobot_groot_n15__robocasa365_ckpt120000		0	Open the right drawer.	robocasa_panda_omron/OpenDrawer_PandaOmron_Env	100006	1300002	0	0			5		1	all_token_full	groot_n15_dit_block_residual_full_tokens_denoise	"[""layer"",""denoise_step"",""model_token"",""feature_dim""]"	[7,4,49,1536]	[0,2,4,8,10,12,15]	n15_grid_v4_jitter	grid_coord	meta	meta_json	46ea62d53e09/worker2/OpenDrawer/right/s301/n2/base	301	1
46ea62d53e09	worker2	OpenDrawer/right	3	3	base	activation	fbdbdb65516ada35	fbdbdb65516ada35001eda58378bf274ab8680c723326aba47727afae615caf7	lerobot_groot_n15	n15	lerobot_groot_n15__robocasa365_ckpt120000		0	Open the right drawer.	robocasa_panda_omron/OpenDrawer_PandaOmron_Env	100006	1300003	0	0			5		1	all_token_full	groot_n15_dit_block_residual_full_tokens_denoise	"[""layer"",""denoise_step"",""model_token"",""feature_dim""]"	[7,4,49,1536]	[0,2,4,8,10,12,15]	n15_grid_v4_jitter	grid_coord	meta	meta_json	46ea62d53e09/worker2/OpenDrawer/right/s301/n3/base	301	1
46ea62d53e09	worker2	OpenDrawer/right	3	4	base	activation	417810323de1b9c8	417810323de1b9c827e6bb2423d72faca47b0e22016d5c8f4affa4102bb1b656	lerobot_groot_n15	n15	lerobot_groot_n15__robocasa365_ckpt120000		0	Open the right drawer.	robocasa_panda_omron/OpenDrawer_PandaOmron_Env	100006	1300004	0	0			5		1	all_token_full	groot_n15_dit_block_residual_full_tokens_denoise	"[""layer"",""denoise_step"",""model_token"",""feature_dim""]"	[7,4,49,1536]	[0,2,4,8,10,12,15]	n15_grid_v4_jitter	grid_coord	meta	meta_json	46ea62d53e09/worker2/OpenDrawer/right/s301/n4/base	301	1
46ea62d53e09	worker2	OpenDrawer/right	3	0	base	activation	98a00789f7927c3b	98a00789f7927c3bea29028ccb2d986d13119446d502c3bec55a76b6c563f352	lerobot_groot_n15	n15	lerobot_groot_n15__robocasa365_ckpt120000		0	Open the right drawer.	robocasa_panda_omron/OpenDrawer_PandaOmron_Env	100006	1300000	0	0			5		1	all_token_full	groot_n15_dit_block_residual_full_tokens_denoise	"[""layer"",""denoise_step"",""model_token"",""feature_dim""]"	[7,4,49,1536]	[0,2,4,8,10,12,15]	n15_grid_v4_jitter	grid_coord	meta	meta_json	46ea62d53e09/worker2/OpenDrawer/right/s302/n0/base	302	2
46ea62d53e09	worker2	OpenDrawer/right	3	1	base	activation	6516bf531cafa605	6516bf531cafa605b78502dfd67787f38b87c18d288dacd6c1784736976e8059	lerobot_groot_n15	n15	lerobot_groot_n15__robocasa365_ckpt120000		0	Open the right drawer.	robocasa_panda_omron/OpenDrawer_PandaOmron_Env	100006	1300001	0	0			5		1	all_token_full	groot_n15_dit_block_residual_full_tokens_denoise	"[""layer"",""denoise_step"",""model_token"",""feature_dim""]"	[7,4,49,1536]	[0,2,4,8,10,12,15]	n15_grid_v4_jitter	grid_coord	meta	meta_json	46ea62d53e09/worker2/OpenDrawer/right/s302/n1/base	302	2
46ea62d53e09	worker2	OpenDrawer/right	3	2	base	activation	8f3cb92e83381840	8f3cb92e833818402debdfd8fe7539029aa33ee8a8c551fba2dc916821858441	lerobot_groot_n15	n15	lerobot_groot_n15__robocasa365_ckpt120000		0	Open the right drawer.	robocasa_panda_omron/OpenDrawer_PandaOmron_Env	100006	1300002	0	0			5		1	all_token_full	groot_n15_dit_block_residual_full_tokens_denoise	"[""layer"",""denoise_step"",""model_token"",""feature_dim""]"	[7,4,49,1536]	[0,2,4,8,10,12,15]	n15_grid_v4_jitter	grid_coord	meta	meta_json	46ea62d53e09/worker2/OpenDrawer/right/s302/n2/base	302	2
46ea62d53e09	worker2	OpenDrawer/right	3	3	base	activation	1cc66121911f3398	1cc66121911f3398714ce0e8f3f033781e84307329e1f62b43740a140d4d31b7	lerobot_groot_n15	n15	lerobot_groot_n15__robocasa365_ckpt120000		0	Open the right drawer.	robocasa_panda_omron/OpenDrawer_PandaOmron_Env	100006	1300003	0	0			5		1	all_token_full	groot_n15_dit_block_residual_full_tokens_denoise	"[""layer"",""denoise_step"",""model_token"",""feature_dim""]"	[7,4,49,1536]	[0,2,4,8,10,12,15]	n15_grid_v4_jitter	grid_coord	meta	meta_json	46ea62d53e09/worker2/OpenDrawer/right/s302/n3/base	302	2
46ea62d53e09	worker2	OpenDrawer/right	3	4	base	activation	d01f7074ea5c4029	d01f7074ea5c4029340ba76f54820b8b09f817cd37d4fc12d78784161f61fdb7	lerobot_groot_n15	n15	lerobot_groot_n15__robocasa365_ckpt120000		0	Open the right drawer.	robocasa_panda_omron/OpenDrawer_PandaOmron_Env	100006	1300004	0	0			5		1	all_token_full	groot_n15_dit_block_residual_full_tokens_denoise	"[""layer"",""denoise_step"",""model_token"",""feature_dim""]"	[7,4,49,1536]	[0,2,4,8,10,12,15]	n15_grid_v4_jitter	grid_coord	meta	meta_json	46ea62d53e09/worker2/OpenDrawer/right/s302/n4/base	302	2
46ea62d53e09	worker2	OpenDrawer/right	3	0	base	activation	5b0aff53c2663393	5b0aff53c2663393aea648c33add9f85d1717567f1aac67191ce890e6154b9fa	lerobot_groot_n15	n15	lerobot_groot_n15__robocasa365_ckpt120000		0	Open the right drawer.	robocasa_panda_omron/OpenDrawer_PandaOmron_Env	100006	1300000	0	0			5		1	all_token_full	groot_n15_dit_block_residual_full_tokens_denoise	"[""layer"",""denoise_step"",""model_token"",""feature_dim""]"	[7,4,49,1536]	[0,2,4,8,10,12,15]	n15_grid_v4_jitter	grid_coord	meta	meta_json	46ea62d53e09/worker2/OpenDrawer/right/s303/n0/base	303	3
46ea62d53e09	worker2	OpenDrawer/right	3	1	base	activation	c3c37e72616234f4	c3c37e72616234f46cccf6a42276b4cd9e3a1807deb5db88a707e53d337d366f	lerobot_groot_n15	n15	lerobot_groot_n15__robocasa365_ckpt120000		0	Open the right drawer.	robocasa_panda_omron/OpenDrawer_PandaOmron_Env	100006	1300001	0	0			5		1	all_token_full	groot_n15_dit_block_residual_full_tokens_denoise	"[""layer"",""denoise_step"",""model_token"",""feature_dim""]"	[7,4,49,1536]	[0,2,4,8,10,12,15]	n15_grid_v4_jitter	grid_coord	meta	meta_json	46ea62d53e09/worker2/OpenDrawer/right/s303/n1/base	303	3
46ea62d53e09	worker2	OpenDrawer/right	3	2	base	activation	e19d6fbb35204fd6	e19d6fbb35204fd68dcaa4899b773db62d31a7bf55a919f217f276af4de9ed3d	lerobot_groot_n15	n15	lerobot_groot_n15__robocasa365_ckpt120000		0	Open the right drawer.	robocasa_panda_omron/OpenDrawer_PandaOmron_Env	100006	1300002	0	0			5		1	all_token_full	groot_n15_dit_block_residual_full_tokens_denoise	"[""layer"",""denoise_step"",""model_token"",""feature_dim""]"	[7,4,49,1536]	[0,2,4,8,10,12,15]	n15_grid_v4_jitter	grid_coord	meta	meta_json	46ea62d53e09/worker2/OpenDrawer/right/s303/n2/base	303	3
46ea62d53e09	worker2	OpenDrawer/right	3	3	base	activation	415a75f4cd8a2160	415a75f4cd8a2160c155a361a0a1253007e676f6394be8c209dc693624e4e49e	lerobot_groot_n15	n15	lerobot_groot_n15__robocasa365_ckpt120000		0	Open the right drawer.	robocasa_panda_omron/OpenDrawer_PandaOmron_Env	100006	1300003	0	0			5		1	all_token_full	groot_n15_dit_block_residual_full_tokens_denoise	"[""layer"",""denoise_step"",""model_token"",""feature_dim""]"	[7,4,49,1536]	[0,2,4,8,10,12,15]	n15_grid_v4_jitter	grid_coord	meta	meta_json	46ea62d53e09/worker2/OpenDrawer/right/s303/n3/base	303	3
46ea62d53e09	worker2	OpenDrawer/right	3	4	base	activation	772dc27f885e3e82	772dc27f885e3e82472b43ea0d56a8e687b446c83342024c7a1c78b1f5ba842a	lerobot_groot_n15	n15	lerobot_groot_n15__robocasa365_ckpt120000		0	Open the right drawer.	robocasa_panda_omron/OpenDrawer_PandaOmron_Env	100006	1300004	0	0			5		1	all_token_full	groot_n15_dit_block_residual_full_tokens_denoise	"[""layer"",""denoise_step"",""model_token"",""feature_dim""]"	[7,4,49,1536]	[0,2,4,8,10,12,15]	n15_grid_v4_jitter	grid_coord	meta	meta_json	46ea62d53e09/worker2/OpenDrawer/right/s303/n4/base	303	3
46ea62d53e09	worker2	OpenDrawer/right	0	0	base	activation	0e0f1b7225626ac9	0e0f1b7225626ac994a3eb942325c2336ee0a7cb28b6499ccde0ea45d3bfdda0	lerobot_groot_n15	n15	lerobot_groot_n15__robocasa365_ckpt120000		0	Open the right drawer.	robocasa_panda_omron/OpenDrawer_PandaOmron_Env	100000	1300000	0	1			5		1	all_token_full	groot_n15_dit_block_residual_full_tokens_denoise	"[""layer"",""denoise_step"",""model_token"",""feature_dim""]"	[7,4,49,1536]	[0,2,4,8,10,12,15]	n15_grid_v4_jitter	grid_coord	meta	meta_json	46ea62d53e09/worker2/OpenDrawer/right/s4/n0/base	4	4
46ea62d53e09	worker2	OpenDrawer/right	0	1	base	activation	3602066d1d97595b	3602066d1d97595ba4a04e0867be16c1a678d0a896fd9b6ae463bd1a4b438560	lerobot_groot_n15	n15	lerobot_groot_n15__robocasa365_ckpt120000		0	Open the right drawer.	robocasa_panda_omron/OpenDrawer_PandaOmron_Env	100000	1300001	0	1			5		1	all_token_full	groot_n15_dit_block_residual_full_tokens_denoise	"[""layer"",""denoise_step"",""model_token"",""feature_dim""]"	[7,4,49,1536]	[0,2,4,8,10,12,15]	n15_grid_v4_jitter	grid_coord	meta	meta_json	46ea62d53e09/worker2/OpenDrawer/right/s4/n1/base	4	4
46ea62d53e09	worker2	OpenDrawer/right	0	2	base	activation	3d3ebaabbabe3fd6	3d3ebaabbabe3fd6c9cd7200bded269f6779484562db942807ce9753934c9aeb	lerobot_groot_n15	n15	lerobot_groot_n15__robocasa365_ckpt120000		0	Open the right drawer.	robocasa_panda_omron/OpenDrawer_PandaOmron_Env	100000	1300002	0	1			5		1	all_token_full	groot_n15_dit_block_residual_full_tokens_denoise	"[""layer"",""denoise_step"",""model_token"",""feature_dim""]"	[7,4,49,1536]	[0,2,4,8,10,12,15]	n15_grid_v4_jitter	grid_coord	meta	meta_json	46ea62d53e09/worker2/OpenDrawer/right/s4/n2/base	4	4
46ea62d53e09	worker2	OpenDrawer/right	0	3	base	activation	b82f354e5de00ca4	b82f354e5de00ca46180dffe692614b333c838e9d092495cd52cd6daf3f74e6a	lerobot_groot_n15	n15	lerobot_groot_n15__robocasa365_ckpt120000		0	Open the right drawer.	robocasa_panda_omron/OpenDrawer_PandaOmron_Env	100000	1300003	0	1			5		1	all_token_full	groot_n15_dit_block_residual_full_tokens_denoise	"[""layer"",""denoise_step"",""model_token"",""feature_dim""]"	[7,4,49,1536]	[0,2,4,8,10,12,15]	n15_grid_v4_jitter	grid_coord	meta	meta_json	46ea62d53e09/worker2/OpenDrawer/right/s4/n3/base	4	4
46ea62d53e09	worker2	OpenDrawer/right	0	4	base	activation	808ca7a36970d4ae	808ca7a36970d4aea0fd32d7b231a6b02e54155d2aacb119603dc216cbb3ce35	lerobot_groot_n15	n15	lerobot_groot_n15__robocasa365_ckpt120000		0	Open the right drawer.	robocasa_panda_omron/OpenDrawer_PandaOmron_Env	100000	1300004	0	1			5		1	all_token_full	groot_n15_dit_block_residual_full_tokens_denoise	"[""layer"",""denoise_step"",""model_token"",""feature_dim""]"	[7,4,49,1536]	[0,2,4,8,10,12,15]	n15_grid_v4_jitter	grid_coord	meta	meta_json	46ea62d53e09/worker2/OpenDrawer/right/s4/n4/base	4	4
46ea62d53e09	worker2	OpenDrawer/right	4	0	base	activation	f28b42aa882769c2	f28b42aa882769c2189d19c64d7767c67e10d92eb8d7918faa2a00948a123b30	lerobot_groot_n15	n15	lerobot_groot_n15__robocasa365_ckpt120000		0	Open the right drawer.	robocasa_panda_omron/OpenDrawer_PandaOmron_Env	100009	1300000	0	1			5		1	all_token_full	groot_n15_dit_block_residual_full_tokens_denoise	"[""layer"",""denoise_step"",""model_token"",""feature_dim""]"	[7,4,49,1536]	[0,2,4,8,10,12,15]	n15_grid_v4_jitter	grid_coord	meta	meta_json	46ea62d53e09/worker2/OpenDrawer/right/s401/n0/base	401	1
46ea62d53e09	worker2	OpenDrawer/right	4	1	base	activation	ff9130e113b8fb25	ff9130e113b8fb2515a39b1a32bf9ae6653a00e13ef014d398ed18747002e014	lerobot_groot_n15	n15	lerobot_groot_n15__robocasa365_ckpt120000		0	Open the right drawer.	robocasa_panda_omron/OpenDrawer_PandaOmron_Env	100009	1300001	0	1			5		1	all_token_full	groot_n15_dit_block_residual_full_tokens_denoise	"[""layer"",""denoise_step"",""model_token"",""feature_dim""]"	[7,4,49,1536]	[0,2,4,8,10,12,15]	n15_grid_v4_jitter	grid_coord	meta	meta_json	46ea62d53e09/worker2/OpenDrawer/right/s401/n1/base	401	1
46ea62d53e09	worker2	OpenDrawer/right	4	2	base	activation	02042397aed2e697	02042397aed2e6972f9e9e9c028e2f9484999de6196ab6c06a84fc196a03f845	lerobot_groot_n15	n15	lerobot_groot_n15__robocasa365_ckpt120000		0	Open the right drawer.	robocasa_panda_omron/OpenDrawer_PandaOmron_Env	100009	1300002	0	1			5		1	all_token_full	groot_n15_dit_block_residual_full_tokens_denoise	"[""layer"",""denoise_step"",""model_token"",""feature_dim""]"	[7,4,49,1536]	[0,2,4,8,10,12,15]	n15_grid_v4_jitter	grid_coord	meta	meta_json	46ea62d53e09/worker2/OpenDrawer/right/s401/n2/base	401	1
46ea62d53e09	worker2	OpenDrawer/right	4	3	base	activation	4de1945d5445f944	4de1945d5445f944bd186051bdd5bad9ab97cf44ff007f256c91244cb5750aa0	lerobot_groot_n15	n15	lerobot_groot_n15__robocasa365_ckpt120000		0	Open the right drawer.	robocasa_panda_omron/OpenDrawer_PandaOmron_Env	100009	1300003	0	1			5		1	all_token_full	groot_n15_dit_block_residual_full_tokens_denoise	"[""layer"",""denoise_step"",""model_token"",""feature_dim""]"	[7,4,49,1536]	[0,2,4,8,10,12,15]	n15_grid_v4_jitter	grid_coord	meta	meta_json	46ea62d53e09/worker2/OpenDrawer/right/s401/n3/base	401	1
46ea62d53e09	worker2	OpenDrawer/right	4	4	base	activation	2a915161694fe538	2a915161694fe53892df78a0934cb7d0dd1d35cb3edbddb3cba1be48acfb80ab	lerobot_groot_n15	n15	lerobot_groot_n15__robocasa365_ckpt120000		0	Open the right drawer.	robocasa_panda_omron/OpenDrawer_PandaOmron_Env	100009	1300004	0	1			5		1	all_token_full	groot_n15_dit_block_residual_full_tokens_denoise	"[""layer"",""denoise_step"",""model_token"",""feature_dim""]"	[7,4,49,1536]	[0,2,4,8,10,12,15]	n15_grid_v4_jitter	grid_coord	meta	meta_json	46ea62d53e09/worker2/OpenDrawer/right/s401/n4/base	401	1
46ea62d53e09	worker2	OpenDrawer/right	4	0	base	activation	05b04ec45e91c870	05b04ec45e91c8704acf9d2ab364f789c5306904535ee76f8fb6acb5f9b9beb7	lerobot_groot_n15	n15	lerobot_groot_n15__robocasa365_ckpt120000		0	Open the right drawer.	robocasa_panda_omron/OpenDrawer_PandaOmron_Env	100009	1300000	0	1			5		1	all_token_full	groot_n15_dit_block_residual_full_tokens_denoise	"[""layer"",""denoise_step"",""model_token"",""feature_dim""]"	[7,4,49,1536]	[0,2,4,8,10,12,15]	n15_grid_v4_jitter	grid_coord	meta	meta_json	46ea62d53e09/worker2/OpenDrawer/right/s402/n0/base	402	2
46ea62d53e09	worker2	OpenDrawer/right	4	1	base	activation	1563196f4a8ce1f8	1563196f4a8ce1f859870d20de7e755d197e42aa465d9116dda6b9e5886379c6	lerobot_groot_n15	n15	lerobot_groot_n15__robocasa365_ckpt120000		0	Open the right drawer.	robocasa_panda_omron/OpenDrawer_PandaOmron_Env	100009	1300001	0	1			5		1	all_token_full	groot_n15_dit_block_residual_full_tokens_denoise	"[""layer"",""denoise_step"",""model_token"",""feature_dim""]"	[7,4,49,1536]	[0,2,4,8,10,12,15]	n15_grid_v4_jitter	grid_coord	meta	meta_json	46ea62d53e09/worker2/OpenDrawer/right/s402/n1/base	402	2
46ea62d53e09	worker2	OpenDrawer/right	4	2	base	activation	3cad9a9e6680bfe0	3cad9a9e6680bfe0aeb039feeb6ac1732a0eb525edb58e5e60f958e0a2fe385e	lerobot_groot_n15	n15	lerobot_groot_n15__robocasa365_ckpt120000		0	Open the right drawer.	robocasa_panda_omron/OpenDrawer_PandaOmron_Env	100009	1300002	0	1			5		1	all_token_full	groot_n15_dit_block_residual_full_tokens_denoise	"[""layer"",""denoise_step"",""model_token"",""feature_dim""]"	[7,4,49,1536]	[0,2,4,8,10,12,15]	n15_grid_v4_jitter	grid_coord	meta	meta_json	46ea62d53e09/worker2/OpenDrawer/right/s402/n2/base	402	2
46ea62d53e09	worker2	OpenDrawer/right	4	3	base	activation	d06c78340bae804a	d06c78340bae804ac7e73d1019bbdc01cf5f23d51c406153f55028d1ca56343f	lerobot_groot_n15	n15	lerobot_groot_n15__robocasa365_ckpt120000		0	Open the right drawer.	robocasa_panda_omron/OpenDrawer_PandaOmron_Env	100009	1300003	0	1			5		1	all_token_full	groot_n15_dit_block_residual_full_tokens_denoise	"[""layer"",""denoise_step"",""model_token"",""feature_dim""]"	[7,4,49,1536]	[0,2,4,8,10,12,15]	n15_grid_v4_jitter	grid_coord	meta	meta_json	46ea62d53e09/worker2/OpenDrawer/right/s402/n3/base	402	2
46ea62d53e09	worker2	OpenDrawer/right	4	4	base	activation	fef399acd7589181	fef399acd7589181dfee803aa96c5491376f5160ccf5d85e7441fcb44d9fba6e	lerobot_groot_n15	n15	lerobot_groot_n15__robocasa365_ckpt120000		0	Open the right drawer.	robocasa_panda_omron/OpenDrawer_PandaOmron_Env	100009	1300004	0	1			5		1	all_token_full	groot_n15_dit_block_residual_full_tokens_denoise	"[""layer"",""denoise_step"",""model_token"",""feature_dim""]"	[7,4,49,1536]	[0,2,4,8,10,12,15]	n15_grid_v4_jitter	grid_coord	meta	meta_json	46ea62d53e09/worker2/OpenDrawer/right/s402/n4/base	402	2
46ea62d53e09	worker2	OpenDrawer/right	4	0	base	activation	644597e7c3015cde	644597e7c3015cde7fa37a1cd87dc4c7b87c2507db01c760a2fd7bdfe3ba9aa8	lerobot_groot_n15	n15	lerobot_groot_n15__robocasa365_ckpt120000		0	Open the right drawer.	robocasa_panda_omron/OpenDrawer_PandaOmron_Env	100009	1300000	0	0			5		1	all_token_full	groot_n15_dit_block_residual_full_tokens_denoise	"[""layer"",""denoise_step"",""model_token"",""feature_dim""]"	[7,4,49,1536]	[0,2,4,8,10,12,15]	n15_grid_v4_jitter	grid_coord	meta	meta_json	46ea62d53e09/worker2/OpenDrawer/right/s403/n0/base	403	3
46ea62d53e09	worker2	OpenDrawer/right	4	1	base	activation	fccbbd3fb3a9e02c	fccbbd3fb3a9e02c5d4b440014effaebd51f204d2191da482e5c37253c06bac4	lerobot_groot_n15	n15	lerobot_groot_n15__robocasa365_ckpt120000		0	Open the right drawer.	robocasa_panda_omron/OpenDrawer_PandaOmron_Env	100009	1300001	0	0			5		1	all_token_full	groot_n15_dit_block_residual_full_tokens_denoise	"[""layer"",""denoise_step"",""model_token"",""feature_dim""]"	[7,4,49,1536]	[0,2,4,8,10,12,15]	n15_grid_v4_jitter	grid_coord	meta	meta_json	46ea62d53e09/worker2/OpenDrawer/right/s403/n1/base	403	3
46ea62d53e09	worker2	OpenDrawer/right	4	2	base	activation	127dfa0af051086d	127dfa0af051086d26a609d556d4b17203d8e22ac2ff9f98fd377914ec85f649	lerobot_groot_n15	n15	lerobot_groot_n15__robocasa365_ckpt120000		0	Open the right drawer.	robocasa_panda_omron/OpenDrawer_PandaOmron_Env	100009	1300002	0	1			5		1	all_token_full	groot_n15_dit_block_residual_full_tokens_denoise	"[""layer"",""denoise_step"",""model_token"",""feature_dim""]"	[7,4,49,1536]	[0,2,4,8,10,12,15]	n15_grid_v4_jitter	grid_coord	meta	meta_json	46ea62d53e09/worker2/OpenDrawer/right/s403/n2/base	403	3
46ea62d53e09	worker2	OpenDrawer/right	4	3	base	activation	546440202ca8e7a3	546440202ca8e7a37d89209ee54f466911d5f342f485b18490494a245f917f66	lerobot_groot_n15	n15	lerobot_groot_n15__robocasa365_ckpt120000		0	Open the right drawer.	robocasa_panda_omron/OpenDrawer_PandaOmron_Env	100009	1300003	0	1			5		1	all_token_full	groot_n15_dit_block_residual_full_tokens_denoise	"[""layer"",""denoise_step"",""model_token"",""feature_dim""]"	[7,4,49,1536]	[0,2,4,8,10,12,15]	n15_grid_v4_jitter	grid_coord	meta	meta_json	46ea62d53e09/worker2/OpenDrawer/right/s403/n3/base	403	3
46ea62d53e09	worker2	OpenDrawer/right	4	4	base	activation	d1b50895914497e5	d1b50895914497e59e0fd76f1973e2ef8d1d80670c76c2505f8dda06875df57e	lerobot_groot_n15	n15	lerobot_groot_n15__robocasa365_ckpt120000		0	Open the right drawer.	robocasa_panda_omron/OpenDrawer_PandaOmron_Env	100009	1300004	0	1			5		1	all_token_full	groot_n15_dit_block_residual_full_tokens_denoise	"[""layer"",""denoise_step"",""model_token"",""feature_dim""]"	[7,4,49,1536]	[0,2,4,8,10,12,15]	n15_grid_v4_jitter	grid_coord	meta	meta_json	46ea62d53e09/worker2/OpenDrawer/right/s403/n4/base	403	3
46ea62d53e09	worker2	OpenDrawer/right	4	0	base	activation	55d9d46aaae650e1	55d9d46aaae650e12d0342363e395d6effa2ef2e76c06afba24fa0d9c7d553a5	lerobot_groot_n15	n15	lerobot_groot_n15__robocasa365_ckpt120000		0	Open the right drawer.	robocasa_panda_omron/OpenDrawer_PandaOmron_Env	100009	1300000	0	1			5		1	all_token_full	groot_n15_dit_block_residual_full_tokens_denoise	"[""layer"",""denoise_step"",""model_token"",""feature_dim""]"	[7,4,49,1536]	[0,2,4,8,10,12,15]	n15_grid_v4_jitter	grid_coord	meta	meta_json	46ea62d53e09/worker2/OpenDrawer/right/s404/n0/base	404	4
46ea62d53e09	worker2	OpenDrawer/right	4	1	base	activation	9667113d029477b9	9667113d029477b93b0a2e0de9429bc69a7c564951c104e3f4db9b9a58992399	lerobot_groot_n15	n15	lerobot_groot_n15__robocasa365_ckpt120000		0	Open the right drawer.	robocasa_panda_omron/OpenDrawer_PandaOmron_Env	100009	1300001	0	1			5		1	all_token_full	groot_n15_dit_block_residual_full_tokens_denoise	"[""layer"",""denoise_step"",""model_token"",""feature_dim""]"	[7,4,49,1536]	[0,2,4,8,10,12,15]	n15_grid_v4_jitter	grid_coord	meta	meta_json	46ea62d53e09/worker2/OpenDrawer/right/s404/n1/base	404	4
46ea62d53e09	worker2	OpenDrawer/right	4	2	base	activation	f86930b64e6ca4b6	f86930b64e6ca4b6003932171ebb9dad4f01de4cf829e58a1ed83934ad3bda70	lerobot_groot_n15	n15	lerobot_groot_n15__robocasa365_ckpt120000		0	Open the right drawer.	robocasa_panda_omron/OpenDrawer_PandaOmron_Env	100009	1300002	0	1			5		1	all_token_full	groot_n15_dit_block_residual_full_tokens_denoise	"[""layer"",""denoise_step"",""model_token"",""feature_dim""]"	[7,4,49,1536]	[0,2,4,8,10,12,15]	n15_grid_v4_jitter	grid_coord	meta	meta_json	46ea62d53e09/worker2/OpenDrawer/right/s404/n2/base	404	4
46ea62d53e09	worker2	OpenDrawer/right	4	3	base	activation	41e67c77580baa31	41e67c77580baa310473e638945fde81aa34f92913d3778e01f042fca0c182c5	lerobot_groot_n15	n15	lerobot_groot_n15__robocasa365_ckpt120000		0	Open the right drawer.	robocasa_panda_omron/OpenDrawer_PandaOmron_Env	100009	1300003	0	1			5		1	all_token_full	groot_n15_dit_block_residual_full_tokens_denoise	"[""layer"",""denoise_step"",""model_token"",""feature_dim""]"	[7,4,49,1536]	[0,2,4,8,10,12,15]	n15_grid_v4_jitter	grid_coord	meta	meta_json	46ea62d53e09/worker2/OpenDrawer/right/s404/n3/base	404	4
46ea62d53e09	worker2	OpenDrawer/right	4	4	base	activation	afd6460ee254fba8	afd6460ee254fba86c3f4e5e7c3f90907ec1eb8a9d510480e62de89b0f96053a	lerobot_groot_n15	n15	lerobot_groot_n15__robocasa365_ckpt120000		0	Open the right drawer.	robocasa_panda_omron/OpenDrawer_PandaOmron_Env	100009	1300004	0	1			5		1	all_token_full	groot_n15_dit_block_residual_full_tokens_denoise	"[""layer"",""denoise_step"",""model_token"",""feature_dim""]"	[7,4,49,1536]	[0,2,4,8,10,12,15]	n15_grid_v4_jitter	grid_coord	meta	meta_json	46ea62d53e09/worker2/OpenDrawer/right/s404/n4/base	404	4
46ea62d53e09	worker2	OpenDrawer/right	0	0	base	activation	02c88c9270db302f	02c88c9270db302fa90957a062e1e97411a344dcfc5cf1ea8552e3115597ce7a	lerobot_groot_n15	n15	lerobot_groot_n15__robocasa365_ckpt120000		0	Open the right drawer.	robocasa_panda_omron/OpenDrawer_PandaOmron_Env	100000	1300000	0	1			5		1	all_token_full	groot_n15_dit_block_residual_full_tokens_denoise	"[""layer"",""denoise_step"",""model_token"",""feature_dim""]"	[7,4,49,1536]	[0,2,4,8,10,12,15]	n15_grid_v4_jitter	grid_coord	meta	meta_json	46ea62d53e09/worker2/OpenDrawer/right/s6/n0/base	6	6
46ea62d53e09	worker2	OpenDrawer/right	0	1	base	activation	7aee14677e8d28f7	7aee14677e8d28f743d1061f35ea56f3f3f957e000e42cc15433d6dbb506129a	lerobot_groot_n15	n15	lerobot_groot_n15__robocasa365_ckpt120000		0	Open the right drawer.	robocasa_panda_omron/OpenDrawer_PandaOmron_Env	100000	1300001	0	1			5		1	all_token_full	groot_n15_dit_block_residual_full_tokens_denoise	"[""layer"",""denoise_step"",""model_token"",""feature_dim""]"	[7,4,49,1536]	[0,2,4,8,10,12,15]	n15_grid_v4_jitter	grid_coord	meta	meta_json	46ea62d53e09/worker2/OpenDrawer/right/s6/n1/base	6	6
46ea62d53e09	worker2	OpenDrawer/right	0	2	base	activation	677c7250eb1fc145	677c7250eb1fc14594c6313e71e264a66c21019dc0ae0644b5fd4d1f683ce0f0	lerobot_groot_n15	n15	lerobot_groot_n15__robocasa365_ckpt120000		0	Open the right drawer.	robocasa_panda_omron/OpenDrawer_PandaOmron_Env	100000	1300002	0	1			5		1	all_token_full	groot_n15_dit_block_residual_full_tokens_denoise	"[""layer"",""denoise_step"",""model_token"",""feature_dim""]"	[7,4,49,1536]	[0,2,4,8,10,12,15]	n15_grid_v4_jitter	grid_coord	meta	meta_json	46ea62d53e09/worker2/OpenDrawer/right/s6/n2/base	6	6
46ea62d53e09	worker2	OpenDrawer/right	0	3	base	activation	16af0773616d3014	16af0773616d30144c24dec94b4d9e6bd25dd82e8be421a430d9470321033a93	lerobot_groot_n15	n15	lerobot_groot_n15__robocasa365_ckpt120000		0	Open the right drawer.	robocasa_panda_omron/OpenDrawer_PandaOmron_Env	100000	1300003	0	1			5		1	all_token_full	groot_n15_dit_block_residual_full_tokens_denoise	"[""layer"",""denoise_step"",""model_token"",""feature_dim""]"	[7,4,49,1536]	[0,2,4,8,10,12,15]	n15_grid_v4_jitter	grid_coord	meta	meta_json	46ea62d53e09/worker2/OpenDrawer/right/s6/n3/base	6	6
46ea62d53e09	worker2	OpenDrawer/right	0	4	base	activation	8241d11dd41ba84b	8241d11dd41ba84b4e4717095bac8458fe9b5694ba4def2edc1474ace630a74c	lerobot_groot_n15	n15	lerobot_groot_n15__robocasa365_ckpt120000		0	Open the right drawer.	robocasa_panda_omron/OpenDrawer_PandaOmron_Env	100000	1300004	0	1			5		1	all_token_full	groot_n15_dit_block_residual_full_tokens_denoise	"[""layer"",""denoise_step"",""model_token"",""feature_dim""]"	[7,4,49,1536]	[0,2,4,8,10,12,15]	n15_grid_v4_jitter	grid_coord	meta	meta_json	46ea62d53e09/worker2/OpenDrawer/right/s6/n4/base	6	6
46ea62d53e09	worker2	PPCC/candle	0	0	base	activation	6e2b2322655703e8	6e2b2322655703e87c6c82af768d8b70b1929fe22748d36dd2f4ff8ab4bc1857	lerobot_groot_n15	n15	lerobot_groot_n15__robocasa365_ckpt120000		0	Pick the candle from the counter and place it in the cabinet.	robocasa_panda_omron/PickPlaceCounterToCabinet_PandaOmron_Env	100058	1300000	0	1			5		1	all_token_full	groot_n15_dit_block_residual_full_tokens_denoise	"[""layer"",""denoise_step"",""model_token"",""feature_dim""]"	[7,4,49,1536]	[0,2,4,8,10,12,15]	n15_grid_v4_jitter	grid_coord	meta	meta_json	46ea62d53e09/worker2/PPCC/candle/s0/n0/base	0	0
46ea62d53e09	worker2	PPCC/candle	0	1	base	activation	4b171a76b3fbb161	4b171a76b3fbb161d3a741563641a12f16c5d8e16ed74b0f52845947c8cdb1f7	lerobot_groot_n15	n15	lerobot_groot_n15__robocasa365_ckpt120000		0	Pick the candle from the counter and place it in the cabinet.	robocasa_panda_omron/PickPlaceCounterToCabinet_PandaOmron_Env	100058	1300001	0	1			5		1	all_token_full	groot_n15_dit_block_residual_full_tokens_denoise	"[""layer"",""denoise_step"",""model_token"",""feature_dim""]"	[7,4,49,1536]	[0,2,4,8,10,12,15]	n15_grid_v4_jitter	grid_coord	meta	meta_json	46ea62d53e09/worker2/PPCC/candle/s0/n1/base	0	0
46ea62d53e09	worker2	PPCC/candle	0	2	base	activation	460c6412b7ca7bb2	460c6412b7ca7bb2d26f1695e949d526f01ae09a0a91bb592580c95dc86cb3d7	lerobot_groot_n15	n15	lerobot_groot_n15__robocasa365_ckpt120000		0	Pick the candle from the counter and place it in the cabinet.	robocasa_panda_omron/PickPlaceCounterToCabinet_PandaOmron_Env	100058	1300002	0	1			5		1	all_token_full	groot_n15_dit_block_residual_full_tokens_denoise	"[""layer"",""denoise_step"",""model_token"",""feature_dim""]"	[7,4,49,1536]	[0,2,4,8,10,12,15]	n15_grid_v4_jitter	grid_coord	meta	meta_json	46ea62d53e09/worker2/PPCC/candle/s0/n2/base	0	0
46ea62d53e09	worker2	PPCC/candle	0	3	base	activation	1839a86f625a4f6f	1839a86f625a4f6f3aa11a8fc5b15cd2f81d5d1f1022f46bc58302f81c16a750	lerobot_groot_n15	n15	lerobot_groot_n15__robocasa365_ckpt120000		0	Pick the candle from the counter and place it in the cabinet.	robocasa_panda_omron/PickPlaceCounterToCabinet_PandaOmron_Env	100058	1300003	0	1			5		1	all_token_full	groot_n15_dit_block_residual_full_tokens_denoise	"[""layer"",""denoise_step"",""model_token"",""feature_dim""]"	[7,4,49,1536]	[0,2,4,8,10,12,15]	n15_grid_v4_jitter	grid_coord	meta	meta_json	46ea62d53e09/worker2/PPCC/candle/s0/n3/base	0	0
46ea62d53e09	worker2	PPCC/candle	0	4	base	activation	ff1855d62bde951b	ff1855d62bde951b1a82c0a99999e2cc86b44f8a1be88ea62496d615692d468b	lerobot_groot_n15	n15	lerobot_groot_n15__robocasa365_ckpt120000		0	Pick the candle from the counter and place it in the cabinet.	robocasa_panda_omron/PickPlaceCounterToCabinet_PandaOmron_Env	100058	1300004	0	0			5		1	all_token_full	groot_n15_dit_block_residual_full_tokens_denoise	"[""layer"",""denoise_step"",""model_token"",""feature_dim""]"	[7,4,49,1536]	[0,2,4,8,10,12,15]	n15_grid_v4_jitter	grid_coord	meta	meta_json	46ea62d53e09/worker2/PPCC/candle/s0/n4/base	0	0
46ea62d53e09	worker2	PPCC/candle	0	0	base	activation	2f1108504b5667ce	2f1108504b5667ce1ede8851950b9f5c0d8dc600fae08424c494fb679049f14b	lerobot_groot_n15	n15	lerobot_groot_n15__robocasa365_ckpt120000		0	Pick the candle from the counter and place it in the cabinet.	robocasa_panda_omron/PickPlaceCounterToCabinet_PandaOmron_Env	100058	1300000	0	1			5		1	all_token_full	groot_n15_dit_block_residual_full_tokens_denoise	"[""layer"",""denoise_step"",""model_token"",""feature_dim""]"	[7,4,49,1536]	[0,2,4,8,10,12,15]	n15_grid_v4_jitter	grid_coord	meta	meta_json	46ea62d53e09/worker2/PPCC/candle/s1/n0/base	1	1
46ea62d53e09	worker2	PPCC/candle	0	1	base	activation	b2c5638a7197951c	b2c5638a7197951cab1e5d9a0820c53dc9f6ef1232be3143541e2281cefeaf58	lerobot_groot_n15	n15	lerobot_groot_n15__robocasa365_ckpt120000		0	Pick the candle from the counter and place it in the cabinet.	robocasa_panda_omron/PickPlaceCounterToCabinet_PandaOmron_Env	100058	1300001	0	1			5		1	all_token_full	groot_n15_dit_block_residual_full_tokens_denoise	"[""layer"",""denoise_step"",""model_token"",""feature_dim""]"	[7,4,49,1536]	[0,2,4,8,10,12,15]	n15_grid_v4_jitter	grid_coord	meta	meta_json	46ea62d53e09/worker2/PPCC/candle/s1/n1/base	1	1
46ea62d53e09	worker2	PPCC/candle	0	2	base	activation	72685e8c65c60932	72685e8c65c609321cea12321e44f16283b3dab367906eaf8ed0337609cb50ba	lerobot_groot_n15	n15	lerobot_groot_n15__robocasa365_ckpt120000		0	Pick the candle from the counter and place it in the cabinet.	robocasa_panda_omron/PickPlaceCounterToCabinet_PandaOmron_Env	100058	1300002	0	1			5		1	all_token_full	groot_n15_dit_block_residual_full_tokens_denoise	"[""layer"",""denoise_step"",""model_token"",""feature_dim""]"	[7,4,49,1536]	[0,2,4,8,10,12,15]	n15_grid_v4_jitter	grid_coord	meta	meta_json	46ea62d53e09/worker2/PPCC/candle/s1/n2/base	1	1
46ea62d53e09	worker2	PPCC/candle	0	3	base	activation	04a2823aa3b975a1	04a2823aa3b975a1e65676471d139d28e82f12e94b475d882dc1eae33f059d1f	lerobot_groot_n15	n15	lerobot_groot_n15__robocasa365_ckpt120000		0	Pick the candle from the counter and place it in the cabinet.	robocasa_panda_omron/PickPlaceCounterToCabinet_PandaOmron_Env	100058	1300003	0	1			5		1	all_token_full	groot_n15_dit_block_residual_full_tokens_denoise	"[""layer"",""denoise_step"",""model_token"",""feature_dim""]"	[7,4,49,1536]	[0,2,4,8,10,12,15]	n15_grid_v4_jitter	grid_coord	meta	meta_json	46ea62d53e09/worker2/PPCC/candle/s1/n3/base	1	1
46ea62d53e09	worker2	PPCC/candle	0	4	base	activation	d36e8d3753436ff8	d36e8d3753436ff89f65bfc317e4e29e9fb9a641f44ae90483d292375ecce5d7	lerobot_groot_n15	n15	lerobot_groot_n15__robocasa365_ckpt120000		0	Pick the candle from the counter and place it in the cabinet.	robocasa_panda_omron/PickPlaceCounterToCabinet_PandaOmron_Env	100058	1300004	0	1			5		1	all_token_full	groot_n15_dit_block_residual_full_tokens_denoise	"[""layer"",""denoise_step"",""model_token"",""feature_dim""]"	[7,4,49,1536]	[0,2,4,8,10,12,15]	n15_grid_v4_jitter	grid_coord	meta	meta_json	46ea62d53e09/worker2/PPCC/candle/s1/n4/base	1	1
46ea62d53e09	worker2	PPCC/candle	1	0	base	activation	acd7c82aacfec32e	acd7c82aacfec32e1889794c1069912f25279b2f7ef124a7c6a2673f0691eea1	lerobot_groot_n15	n15	lerobot_groot_n15__robocasa365_ckpt120000		0	Pick the candle from the counter and place it in the cabinet.	robocasa_panda_omron/PickPlaceCounterToCabinet_PandaOmron_Env	100107	1300000	0	1			5		1	all_token_full	groot_n15_dit_block_residual_full_tokens_denoise	"[""layer"",""denoise_step"",""model_token"",""feature_dim""]"	[7,4,49,1536]	[0,2,4,8,10,12,15]	n15_grid_v4_jitter	grid_coord	meta	meta_json	46ea62d53e09/worker2/PPCC/candle/s100/n0/base	100	0
46ea62d53e09	worker2	PPCC/candle	1	1	base	activation	7b0b1b67b753a5fe	7b0b1b67b753a5feb543104def6428df865a57f1417ffe9691c9d9aead3c499f	lerobot_groot_n15	n15	lerobot_groot_n15__robocasa365_ckpt120000		0	Pick the candle from the counter and place it in the cabinet.	robocasa_panda_omron/PickPlaceCounterToCabinet_PandaOmron_Env	100107	1300001	0	1			5		1	all_token_full	groot_n15_dit_block_residual_full_tokens_denoise	"[""layer"",""denoise_step"",""model_token"",""feature_dim""]"	[7,4,49,1536]	[0,2,4,8,10,12,15]	n15_grid_v4_jitter	grid_coord	meta	meta_json	46ea62d53e09/worker2/PPCC/candle/s100/n1/base	100	0
46ea62d53e09	worker2	PPCC/candle	1	2	base	activation	77b4382256758f28	77b4382256758f2873ac2c2166887ca25c6469e57159a809d6db5361bb5dab0a	lerobot_groot_n15	n15	lerobot_groot_n15__robocasa365_ckpt120000		0	Pick the candle from the counter and place it in the cabinet.	robocasa_panda_omron/PickPlaceCounterToCabinet_PandaOmron_Env	100107	1300002	0	1			5		1	all_token_full	groot_n15_dit_block_residual_full_tokens_denoise	"[""layer"",""denoise_step"",""model_token"",""feature_dim""]"	[7,4,49,1536]	[0,2,4,8,10,12,15]	n15_grid_v4_jitter	grid_coord	meta	meta_json	46ea62d53e09/worker2/PPCC/candle/s100/n2/base	100	0
46ea62d53e09	worker2	PPCC/candle	1	3	base	activation	f67cc825c704bfd5	f67cc825c704bfd5298d93bb5948aabbcf5ddd85777006cb82869ca9b95dcc96	lerobot_groot_n15	n15	lerobot_groot_n15__robocasa365_ckpt120000		0	Pick the candle from the counter and place it in the cabinet.	robocasa_panda_omron/PickPlaceCounterToCabinet_PandaOmron_Env	100107	1300003	0	0			5		1	all_token_full	groot_n15_dit_block_residual_full_tokens_denoise	"[""layer"",""denoise_step"",""model_token"",""feature_dim""]"	[7,4,49,1536]	[0,2,4,8,10,12,15]	n15_grid_v4_jitter	grid_coord	meta	meta_json	46ea62d53e09/worker2/PPCC/candle/s100/n3/base	100	0
46ea62d53e09	worker2	PPCC/candle	1	4	base	activation	ce3a4d088a9b9d2d	ce3a4d088a9b9d2d5b0dfec66a6fdaa50be6eb8097a64cf11310410605c6b073	lerobot_groot_n15	n15	lerobot_groot_n15__robocasa365_ckpt120000		0	Pick the candle from the counter and place it in the cabinet.	robocasa_panda_omron/PickPlaceCounterToCabinet_PandaOmron_Env	100107	1300004	0	1			5		1	all_token_full	groot_n15_dit_block_residual_full_tokens_denoise	"[""layer"",""denoise_step"",""model_token"",""feature_dim""]"	[7,4,49,1536]	[0,2,4,8,10,12,15]	n15_grid_v4_jitter	grid_coord	meta	meta_json	46ea62d53e09/worker2/PPCC/candle/s100/n4/base	100	0
46ea62d53e09	worker2	PPCC/candle	1	0	base	activation	8f9ea0d3e4d6eca0	8f9ea0d3e4d6eca087c00656ef708eb2bf7c7c9644f43950d2df3bbae0a9e9f6	lerobot_groot_n15	n15	lerobot_groot_n15__robocasa365_ckpt120000		0	Pick the candle from the counter and place it in the cabinet.	robocasa_panda_omron/PickPlaceCounterToCabinet_PandaOmron_Env	100107	1300000	0	1			5		1	all_token_full	groot_n15_dit_block_residual_full_tokens_denoise	"[""layer"",""denoise_step"",""model_token"",""feature_dim""]"	[7,4,49,1536]	[0,2,4,8,10,12,15]	n15_grid_v4_jitter	grid_coord	meta	meta_json	46ea62d53e09/worker2/PPCC/candle/s101/n0/base	101	1
46ea62d53e09	worker2	PPCC/candle	1	1	base	activation	8c141fb8983d608a	8c141fb8983d608ac89e3bf46475575dcf0c95091b8b4c5bd2329b187c940e93	lerobot_groot_n15	n15	lerobot_groot_n15__robocasa365_ckpt120000		0	Pick the candle from the counter and place it in the cabinet.	robocasa_panda_omron/PickPlaceCounterToCabinet_PandaOmron_Env	100107	1300001	0	1			5		1	all_token_full	groot_n15_dit_block_residual_full_tokens_denoise	"[""layer"",""denoise_step"",""model_token"",""feature_dim""]"	[7,4,49,1536]	[0,2,4,8,10,12,15]	n15_grid_v4_jitter	grid_coord	meta	meta_json	46ea62d53e09/worker2/PPCC/candle/s101/n1/base	101	1
46ea62d53e09	worker2	PPCC/candle	1	2	base	activation	4363ae8f54bffbfc	4363ae8f54bffbfc29ddbe090b3c54e3ac8c31fb236d1da7743260b1ca86a2b0	lerobot_groot_n15	n15	lerobot_groot_n15__robocasa365_ckpt120000		0	Pick the candle from the counter and place it in the cabinet.	robocasa_panda_omron/PickPlaceCounterToCabinet_PandaOmron_Env	100107	1300002	0	1			5		1	all_token_full	groot_n15_dit_block_residual_full_tokens_denoise	"[""layer"",""denoise_step"",""model_token"",""feature_dim""]"	[7,4,49,1536]	[0,2,4,8,10,12,15]	n15_grid_v4_jitter	grid_coord	meta	meta_json	46ea62d53e09/worker2/PPCC/candle/s101/n2/base	101	1
46ea62d53e09	worker2	PPCC/candle	1	3	base	activation	efda34037f29c580	efda34037f29c580747d485199c90ddf1f29783a1627a337bcbaafe5c7394e6f	lerobot_groot_n15	n15	lerobot_groot_n15__robocasa365_ckpt120000		0	Pick the candle from the counter and place it in the cabinet.	robocasa_panda_omron/PickPlaceCounterToCabinet_PandaOmron_Env	100107	1300003	0	1			5		1	all_token_full	groot_n15_dit_block_residual_full_tokens_denoise	"[""layer"",""denoise_step"",""model_token"",""feature_dim""]"	[7,4,49,1536]	[0,2,4,8,10,12,15]	n15_grid_v4_jitter	grid_coord	meta	meta_json	46ea62d53e09/worker2/PPCC/candle/s101/n3/base	101	1
46ea62d53e09	worker2	PPCC/candle	1	4	base	activation	1f9e177f74da6e39	1f9e177f74da6e391b934be2850007ff8b2b60b6fcce1f3ab5f5e78d5c48ee51	lerobot_groot_n15	n15	lerobot_groot_n15__robocasa365_ckpt120000		0	Pick the candle from the counter and place it in the cabinet.	robocasa_panda_omron/PickPlaceCounterToCabinet_PandaOmron_Env	100107	1300004	0	1			5		1	all_token_full	groot_n15_dit_block_residual_full_tokens_denoise	"[""layer"",""denoise_step"",""model_token"",""feature_dim""]"	[7,4,49,1536]	[0,2,4,8,10,12,15]	n15_grid_v4_jitter	grid_coord	meta	meta_json	46ea62d53e09/worker2/PPCC/candle/s101/n4/base	101	1
46ea62d53e09	worker2	PPCC/candle	1	0	base	activation	b84850ef15678081	b84850ef15678081e4d8a603ae403c4d8fb6c1089f86ecdf71e96f1b3f33d13a	lerobot_groot_n15	n15	lerobot_groot_n15__robocasa365_ckpt120000		0	Pick the candle from the counter and place it in the cabinet.	robocasa_panda_omron/PickPlaceCounterToCabinet_PandaOmron_Env	100107	1300000	0	1			5		1	all_token_full	groot_n15_dit_block_residual_full_tokens_denoise	"[""layer"",""denoise_step"",""model_token"",""feature_dim""]"	[7,4,49,1536]	[0,2,4,8,10,12,15]	n15_grid_v4_jitter	grid_coord	meta	meta_json	46ea62d53e09/worker2/PPCC/candle/s102/n0/base	102	2
46ea62d53e09	worker2	PPCC/candle	1	1	base	activation	7ad406dc9af0fe41	7ad406dc9af0fe415b9208b12c92e10841c4b608347e9c624959e46219185bfe	lerobot_groot_n15	n15	lerobot_groot_n15__robocasa365_ckpt120000		0	Pick the candle from the counter and place it in the cabinet.	robocasa_panda_omron/PickPlaceCounterToCabinet_PandaOmron_Env	100107	1300001	0	1			5		1	all_token_full	groot_n15_dit_block_residual_full_tokens_denoise	"[""layer"",""denoise_step"",""model_token"",""feature_dim""]"	[7,4,49,1536]	[0,2,4,8,10,12,15]	n15_grid_v4_jitter	grid_coord	meta	meta_json	46ea62d53e09/worker2/PPCC/candle/s102/n1/base	102	2
46ea62d53e09	worker2	PPCC/candle	1	2	base	activation	9f64690800c8c44d	9f64690800c8c44ddac9019f249a88fe2834d77e51e9f7e6df2ffa835091e7f4	lerobot_groot_n15	n15	lerobot_groot_n15__robocasa365_ckpt120000		0	Pick the candle from the counter and place it in the cabinet.	robocasa_panda_omron/PickPlaceCounterToCabinet_PandaOmron_Env	100107	1300002	0	1			5		1	all_token_full	groot_n15_dit_block_residual_full_tokens_denoise	"[""layer"",""denoise_step"",""model_token"",""feature_dim""]"	[7,4,49,1536]	[0,2,4,8,10,12,15]	n15_grid_v4_jitter	grid_coord	meta	meta_json	46ea62d53e09/worker2/PPCC/candle/s102/n2/base	102	2
46ea62d53e09	worker2	PPCC/candle	1	3	base	activation	38a8afecd74feea1	38a8afecd74feea148d8f2da72a29e103595afc8ce2446b7f2e2d5fa0f075968	lerobot_groot_n15	n15	lerobot_groot_n15__robocasa365_ckpt120000		0	Pick the candle from the counter and place it in the cabinet.	robocasa_panda_omron/PickPlaceCounterToCabinet_PandaOmron_Env	100107	1300003	0	1			5		1	all_token_full	groot_n15_dit_block_residual_full_tokens_denoise	"[""layer"",""denoise_step"",""model_token"",""feature_dim""]"	[7,4,49,1536]	[0,2,4,8,10,12,15]	n15_grid_v4_jitter	grid_coord	meta	meta_json	46ea62d53e09/worker2/PPCC/candle/s102/n3/base	102	2
46ea62d53e09	worker2	PPCC/candle	1	4	base	activation	0826b38542f5c6fd	0826b38542f5c6fd2118a0ba7dcf572131bf6412c4db3944f246008c219dec49	lerobot_groot_n15	n15	lerobot_groot_n15__robocasa365_ckpt120000		0	Pick the candle from the counter and place it in the cabinet.	robocasa_panda_omron/PickPlaceCounterToCabinet_PandaOmron_Env	100107	1300004	0	1			5		1	all_token_full	groot_n15_dit_block_residual_full_tokens_denoise	"[""layer"",""denoise_step"",""model_token"",""feature_dim""]"	[7,4,49,1536]	[0,2,4,8,10,12,15]	n15_grid_v4_jitter	grid_coord	meta	meta_json	46ea62d53e09/worker2/PPCC/candle/s102/n4/base	102	2
46ea62d53e09	worker2	PPCC/candle	1	0	base	activation	d28e4dc062924f9f	d28e4dc062924f9fa0c93ba79a2b66df1a15c10de6785d03039d7c6752c3cd3f	lerobot_groot_n15	n15	lerobot_groot_n15__robocasa365_ckpt120000		0	Pick the candle from the counter and place it in the cabinet.	robocasa_panda_omron/PickPlaceCounterToCabinet_PandaOmron_Env	100107	1300000	0	1			5		1	all_token_full	groot_n15_dit_block_residual_full_tokens_denoise	"[""layer"",""denoise_step"",""model_token"",""feature_dim""]"	[7,4,49,1536]	[0,2,4,8,10,12,15]	n15_grid_v4_jitter	grid_coord	meta	meta_json	46ea62d53e09/worker2/PPCC/candle/s103/n0/base	103	3
46ea62d53e09	worker2	PPCC/candle	1	1	base	activation	6c57040f71692170	6c57040f716921708755076fcfa902fd1c858247ec3c81c5bae8e6edcb6be4f9	lerobot_groot_n15	n15	lerobot_groot_n15__robocasa365_ckpt120000		0	Pick the candle from the counter and place it in the cabinet.	robocasa_panda_omron/PickPlaceCounterToCabinet_PandaOmron_Env	100107	1300001	0	0			5		1	all_token_full	groot_n15_dit_block_residual_full_tokens_denoise	"[""layer"",""denoise_step"",""model_token"",""feature_dim""]"	[7,4,49,1536]	[0,2,4,8,10,12,15]	n15_grid_v4_jitter	grid_coord	meta	meta_json	46ea62d53e09/worker2/PPCC/candle/s103/n1/base	103	3
46ea62d53e09	worker2	PPCC/candle	1	2	base	activation	175ed6bae2375557	175ed6bae237555756293c6d6e4f1bbf25ca280cf224f8ae6de110cdcf4b34ca	lerobot_groot_n15	n15	lerobot_groot_n15__robocasa365_ckpt120000		0	Pick the candle from the counter and place it in the cabinet.	robocasa_panda_omron/PickPlaceCounterToCabinet_PandaOmron_Env	100107	1300002	0	0			5		1	all_token_full	groot_n15_dit_block_residual_full_tokens_denoise	"[""layer"",""denoise_step"",""model_token"",""feature_dim""]"	[7,4,49,1536]	[0,2,4,8,10,12,15]	n15_grid_v4_jitter	grid_coord	meta	meta_json	46ea62d53e09/worker2/PPCC/candle/s103/n2/base	103	3
46ea62d53e09	worker2	PPCC/candle	1	3	base	activation	b4d84bbd4a2254b8	b4d84bbd4a2254b8e426eaebec7647dcd6c5e1af59ebe6b04f39d1e64028a953	lerobot_groot_n15	n15	lerobot_groot_n15__robocasa365_ckpt120000		0	Pick the candle from the counter and place it in the cabinet.	robocasa_panda_omron/PickPlaceCounterToCabinet_PandaOmron_Env	100107	1300003	0	0			5		1	all_token_full	groot_n15_dit_block_residual_full_tokens_denoise	"[""layer"",""denoise_step"",""model_token"",""feature_dim""]"	[7,4,49,1536]	[0,2,4,8,10,12,15]	n15_grid_v4_jitter	grid_coord	meta	meta_json	46ea62d53e09/worker2/PPCC/candle/s103/n3/base	103	3
46ea62d53e09	worker2	PPCC/candle	1	4	base	activation	a2ff522470fd0ab4	a2ff522470fd0ab44596064c35b620dc9216603b9f440b6ff018e6b2f8548858	lerobot_groot_n15	n15	lerobot_groot_n15__robocasa365_ckpt120000		0	Pick the candle from the counter and place it in the cabinet.	robocasa_panda_omron/PickPlaceCounterToCabinet_PandaOmron_Env	100107	1300004	0	0			5		1	all_token_full	groot_n15_dit_block_residual_full_tokens_denoise	"[""layer"",""denoise_step"",""model_token"",""feature_dim""]"	[7,4,49,1536]	[0,2,4,8,10,12,15]	n15_grid_v4_jitter	grid_coord	meta	meta_json	46ea62d53e09/worker2/PPCC/candle/s103/n4/base	103	3
46ea62d53e09	worker2	PPCC/candle	0	0	base	activation	d8407ec7028083a5	d8407ec7028083a5ee5d2d9a1c87ea19b7034e8a8154d85162c5dac7c40bf3a1	lerobot_groot_n15	n15	lerobot_groot_n15__robocasa365_ckpt120000		0	Pick the candle from the counter and place it in the cabinet.	robocasa_panda_omron/PickPlaceCounterToCabinet_PandaOmron_Env	100058	1300000	0	1			5		1	all_token_full	groot_n15_dit_block_residual_full_tokens_denoise	"[""layer"",""denoise_step"",""model_token"",""feature_dim""]"	[7,4,49,1536]	[0,2,4,8,10,12,15]	n15_grid_v4_jitter	grid_coord	meta	meta_json	46ea62d53e09/worker2/PPCC/candle/s2/n0/base	2	2
46ea62d53e09	worker2	PPCC/candle	0	1	base	activation	9b3e8ab6a2fbc3af	9b3e8ab6a2fbc3aff45d696dc9adb37462a446245903a0fe5f7cea8caa6263a7	lerobot_groot_n15	n15	lerobot_groot_n15__robocasa365_ckpt120000		0	Pick the candle from the counter and place it in the cabinet.	robocasa_panda_omron/PickPlaceCounterToCabinet_PandaOmron_Env	100058	1300001	0	1			5		1	all_token_full	groot_n15_dit_block_residual_full_tokens_denoise	"[""layer"",""denoise_step"",""model_token"",""feature_dim""]"	[7,4,49,1536]	[0,2,4,8,10,12,15]	n15_grid_v4_jitter	grid_coord	meta	meta_json	46ea62d53e09/worker2/PPCC/candle/s2/n1/base	2	2
46ea62d53e09	worker2	PPCC/candle	0	2	base	activation	c33771cb994e422e	c33771cb994e422ed8bc25e91f389a9de113e7b3d44b8a981b01f4a18d9a9718	lerobot_groot_n15	n15	lerobot_groot_n15__robocasa365_ckpt120000		0	Pick the candle from the counter and place it in the cabinet.	robocasa_panda_omron/PickPlaceCounterToCabinet_PandaOmron_Env	100058	1300002	0	1			5		1	all_token_full	groot_n15_dit_block_residual_full_tokens_denoise	"[""layer"",""denoise_step"",""model_token"",""feature_dim""]"	[7,4,49,1536]	[0,2,4,8,10,12,15]	n15_grid_v4_jitter	grid_coord	meta	meta_json	46ea62d53e09/worker2/PPCC/candle/s2/n2/base	2	2
46ea62d53e09	worker2	PPCC/candle	0	3	base	activation	97fb4ac2cce4feef	97fb4ac2cce4feef592b0869e3c6ad99462e99e3fd3f68a1a02c34104a32fad7	lerobot_groot_n15	n15	lerobot_groot_n15__robocasa365_ckpt120000		0	Pick the candle from the counter and place it in the cabinet.	robocasa_panda_omron/PickPlaceCounterToCabinet_PandaOmron_Env	100058	1300003	0	1			5		1	all_token_full	groot_n15_dit_block_residual_full_tokens_denoise	"[""layer"",""denoise_step"",""model_token"",""feature_dim""]"	[7,4,49,1536]	[0,2,4,8,10,12,15]	n15_grid_v4_jitter	grid_coord	meta	meta_json	46ea62d53e09/worker2/PPCC/candle/s2/n3/base	2	2
46ea62d53e09	worker2	PPCC/candle	0	4	base	activation	8c9ed898a057edb0	8c9ed898a057edb0d36ee0d3d4b3ef90167dde9bb47926fbc09da0025aa1b0ec	lerobot_groot_n15	n15	lerobot_groot_n15__robocasa365_ckpt120000		0	Pick the candle from the counter and place it in the cabinet.	robocasa_panda_omron/PickPlaceCounterToCabinet_PandaOmron_Env	100058	1300004	0	1			5		1	all_token_full	groot_n15_dit_block_residual_full_tokens_denoise	"[""layer"",""denoise_step"",""model_token"",""feature_dim""]"	[7,4,49,1536]	[0,2,4,8,10,12,15]	n15_grid_v4_jitter	grid_coord	meta	meta_json	46ea62d53e09/worker2/PPCC/candle/s2/n4/base	2	2
46ea62d53e09	worker2	PPCC/candle	2	0	base	activation	f0aa71baf945295b	f0aa71baf945295b534f67e51f52f0d1583a9522842559993c1cc1e5eecb8e5a	lerobot_groot_n15	n15	lerobot_groot_n15__robocasa365_ckpt120000		0	Pick the candle from the counter and place it in the cabinet.	robocasa_panda_omron/PickPlaceCounterToCabinet_PandaOmron_Env	100154	1300000	0	1			5		1	all_token_full	groot_n15_dit_block_residual_full_tokens_denoise	"[""layer"",""denoise_step"",""model_token"",""feature_dim""]"	[7,4,49,1536]	[0,2,4,8,10,12,15]	n15_grid_v4_jitter	grid_coord	meta	meta_json	46ea62d53e09/worker2/PPCC/candle/s200/n0/base	200	0
46ea62d53e09	worker2	PPCC/candle	2	1	base	activation	e157f76c8236a442	e157f76c8236a442982a37ee3146910bfc71583df7c33d0b63098351ce7f3e30	lerobot_groot_n15	n15	lerobot_groot_n15__robocasa365_ckpt120000		0	Pick the candle from the counter and place it in the cabinet.	robocasa_panda_omron/PickPlaceCounterToCabinet_PandaOmron_Env	100154	1300001	0	1			5		1	all_token_full	groot_n15_dit_block_residual_full_tokens_denoise	"[""layer"",""denoise_step"",""model_token"",""feature_dim""]"	[7,4,49,1536]	[0,2,4,8,10,12,15]	n15_grid_v4_jitter	grid_coord	meta	meta_json	46ea62d53e09/worker2/PPCC/candle/s200/n1/base	200	0
46ea62d53e09	worker2	PPCC/candle	2	2	base	activation	e9394d6b9c624e82	e9394d6b9c624e82a376e6a190dd801b280fda739d3180040dfccf6ac525f27f	lerobot_groot_n15	n15	lerobot_groot_n15__robocasa365_ckpt120000		0	Pick the candle from the counter and place it in the cabinet.	robocasa_panda_omron/PickPlaceCounterToCabinet_PandaOmron_Env	100154	1300002	0	1			5		1	all_token_full	groot_n15_dit_block_residual_full_tokens_denoise	"[""layer"",""denoise_step"",""model_token"",""feature_dim""]"	[7,4,49,1536]	[0,2,4,8,10,12,15]	n15_grid_v4_jitter	grid_coord	meta	meta_json	46ea62d53e09/worker2/PPCC/candle/s200/n2/base	200	0
46ea62d53e09	worker2	PPCC/candle	2	3	base	activation	620257e047068b1f	620257e047068b1f3051b534d155851058daf04ee31577b77bd0693609c99fd7	lerobot_groot_n15	n15	lerobot_groot_n15__robocasa365_ckpt120000		0	Pick the candle from the counter and place it in the cabinet.	robocasa_panda_omron/PickPlaceCounterToCabinet_PandaOmron_Env	100154	1300003	0	1			5		1	all_token_full	groot_n15_dit_block_residual_full_tokens_denoise	"[""layer"",""denoise_step"",""model_token"",""feature_dim""]"	[7,4,49,1536]	[0,2,4,8,10,12,15]	n15_grid_v4_jitter	grid_coord	meta	meta_json	46ea62d53e09/worker2/PPCC/candle/s200/n3/base	200	0
46ea62d53e09	worker2	PPCC/candle	2	4	base	activation	349ee508c1c6cb76	349ee508c1c6cb767dd5b6f490cb3d8a96dca43c06f9568af8f0eadd33fd7583	lerobot_groot_n15	n15	lerobot_groot_n15__robocasa365_ckpt120000		0	Pick the candle from the counter and place it in the cabinet.	robocasa_panda_omron/PickPlaceCounterToCabinet_PandaOmron_Env	100154	1300004	0	1			5		1	all_token_full	groot_n15_dit_block_residual_full_tokens_denoise	"[""layer"",""denoise_step"",""model_token"",""feature_dim""]"	[7,4,49,1536]	[0,2,4,8,10,12,15]	n15_grid_v4_jitter	grid_coord	meta	meta_json	46ea62d53e09/worker2/PPCC/candle/s200/n4/base	200	0
46ea62d53e09	worker2	PPCC/candle	2	0	base	activation	4693d980b9bc434b	4693d980b9bc434bec089bf6f4a677fdc9930f508f0e4ef9d7aeabede27a6f5c	lerobot_groot_n15	n15	lerobot_groot_n15__robocasa365_ckpt120000		0	Pick the candle from the counter and place it in the cabinet.	robocasa_panda_omron/PickPlaceCounterToCabinet_PandaOmron_Env	100154	1300000	0	1			5		1	all_token_full	groot_n15_dit_block_residual_full_tokens_denoise	"[""layer"",""denoise_step"",""model_token"",""feature_dim""]"	[7,4,49,1536]	[0,2,4,8,10,12,15]	n15_grid_v4_jitter	grid_coord	meta	meta_json	46ea62d53e09/worker2/PPCC/candle/s201/n0/base	201	1
46ea62d53e09	worker2	PPCC/candle	2	1	base	activation	ce07dca30b42c250	ce07dca30b42c250bd705a941b9d0d1cd79e8c738963c78f450f1727505a483a	lerobot_groot_n15	n15	lerobot_groot_n15__robocasa365_ckpt120000		0	Pick the candle from the counter and place it in the cabinet.	robocasa_panda_omron/PickPlaceCounterToCabinet_PandaOmron_Env	100154	1300001	0	1			5		1	all_token_full	groot_n15_dit_block_residual_full_tokens_denoise	"[""layer"",""denoise_step"",""model_token"",""feature_dim""]"	[7,4,49,1536]	[0,2,4,8,10,12,15]	n15_grid_v4_jitter	grid_coord	meta	meta_json	46ea62d53e09/worker2/PPCC/candle/s201/n1/base	201	1
46ea62d53e09	worker2	PPCC/candle	2	2	base	activation	8c2e147b57a223ce	8c2e147b57a223ce461016ef21e346d9d66a2951d94b4f3639ea2c3622a76503	lerobot_groot_n15	n15	lerobot_groot_n15__robocasa365_ckpt120000		0	Pick the candle from the counter and place it in the cabinet.	robocasa_panda_omron/PickPlaceCounterToCabinet_PandaOmron_Env	100154	1300002	0	1			5		1	all_token_full	groot_n15_dit_block_residual_full_tokens_denoise	"[""layer"",""denoise_step"",""model_token"",""feature_dim""]"	[7,4,49,1536]	[0,2,4,8,10,12,15]	n15_grid_v4_jitter	grid_coord	meta	meta_json	46ea62d53e09/worker2/PPCC/candle/s201/n2/base	201	1
46ea62d53e09	worker2	PPCC/candle	2	3	base	activation	9efcf84ee86d7421	9efcf84ee86d742117a456dd08ba1f56a3e9ef83b9ab98a76f4e99c4dee34ebc	lerobot_groot_n15	n15	lerobot_groot_n15__robocasa365_ckpt120000		0	Pick the candle from the counter and place it in the cabinet.	robocasa_panda_omron/PickPlaceCounterToCabinet_PandaOmron_Env	100154	1300003	0	1			5		1	all_token_full	groot_n15_dit_block_residual_full_tokens_denoise	"[""layer"",""denoise_step"",""model_token"",""feature_dim""]"	[7,4,49,1536]	[0,2,4,8,10,12,15]	n15_grid_v4_jitter	grid_coord	meta	meta_json	46ea62d53e09/worker2/PPCC/candle/s201/n3/base	201	1
46ea62d53e09	worker2	PPCC/candle	2	4	base	activation	e7f8493c936a372e	e7f8493c936a372eaf99e1764dac20e42c06cd43aaf6e384792f2be634b3de70	lerobot_groot_n15	n15	lerobot_groot_n15__robocasa365_ckpt120000		0	Pick the candle from the counter and place it in the cabinet.	robocasa_panda_omron/PickPlaceCounterToCabinet_PandaOmron_Env	100154	1300004	0	1			5		1	all_token_full	groot_n15_dit_block_residual_full_tokens_denoise	"[""layer"",""denoise_step"",""model_token"",""feature_dim""]"	[7,4,49,1536]	[0,2,4,8,10,12,15]	n15_grid_v4_jitter	grid_coord	meta	meta_json	46ea62d53e09/worker2/PPCC/candle/s201/n4/base	201	1
46ea62d53e09	worker2	PPCC/candle	2	0	base	activation	f784d78a8fe37e10	f784d78a8fe37e1017d23734b9267f1b1fe52911974ce218cb8191447eac8b28	lerobot_groot_n15	n15	lerobot_groot_n15__robocasa365_ckpt120000		0	Pick the candle from the counter and place it in the cabinet.	robocasa_panda_omron/PickPlaceCounterToCabinet_PandaOmron_Env	100154	1300000	0	1			5		1	all_token_full	groot_n15_dit_block_residual_full_tokens_denoise	"[""layer"",""denoise_step"",""model_token"",""feature_dim""]"	[7,4,49,1536]	[0,2,4,8,10,12,15]	n15_grid_v4_jitter	grid_coord	meta	meta_json	46ea62d53e09/worker2/PPCC/candle/s202/n0/base	202	2
46ea62d53e09	worker2	PPCC/candle	2	1	base	activation	1e5df7ed1d77649d	1e5df7ed1d77649dcc2f1692bdb4b57674f815d5f09790043c30a1c70c53a3f0	lerobot_groot_n15	n15	lerobot_groot_n15__robocasa365_ckpt120000		0	Pick the candle from the counter and place it in the cabinet.	robocasa_panda_omron/PickPlaceCounterToCabinet_PandaOmron_Env	100154	1300001	0	1			5		1	all_token_full	groot_n15_dit_block_residual_full_tokens_denoise	"[""layer"",""denoise_step"",""model_token"",""feature_dim""]"	[7,4,49,1536]	[0,2,4,8,10,12,15]	n15_grid_v4_jitter	grid_coord	meta	meta_json	46ea62d53e09/worker2/PPCC/candle/s202/n1/base	202	2
46ea62d53e09	worker2	PPCC/candle	2	2	base	activation	c11cf3b015330db3	c11cf3b015330db307a1dc4237d1a0ff9e5337a92841096d7650c40515702773	lerobot_groot_n15	n15	lerobot_groot_n15__robocasa365_ckpt120000		0	Pick the candle from the counter and place it in the cabinet.	robocasa_panda_omron/PickPlaceCounterToCabinet_PandaOmron_Env	100154	1300002	0	1			5		1	all_token_full	groot_n15_dit_block_residual_full_tokens_denoise	"[""layer"",""denoise_step"",""model_token"",""feature_dim""]"	[7,4,49,1536]	[0,2,4,8,10,12,15]	n15_grid_v4_jitter	grid_coord	meta	meta_json	46ea62d53e09/worker2/PPCC/candle/s202/n2/base	202	2
46ea62d53e09	worker2	PPCC/candle	2	3	base	activation	d3568bd66918754d	d3568bd66918754d06f7942585a5db6cd460304409d1018bede2c8708a655e6c	lerobot_groot_n15	n15	lerobot_groot_n15__robocasa365_ckpt120000		0	Pick the candle from the counter and place it in the cabinet.	robocasa_panda_omron/PickPlaceCounterToCabinet_PandaOmron_Env	100154	1300003	0	1			5		1	all_token_full	groot_n15_dit_block_residual_full_tokens_denoise	"[""layer"",""denoise_step"",""model_token"",""feature_dim""]"	[7,4,49,1536]	[0,2,4,8,10,12,15]	n15_grid_v4_jitter	grid_coord	meta	meta_json	46ea62d53e09/worker2/PPCC/candle/s202/n3/base	202	2
46ea62d53e09	worker2	PPCC/candle	2	4	base	activation	84954c6b24d81c46	84954c6b24d81c46fcfdeeb2ddf792f83f84e852e37db640ee98e5f708981d84	lerobot_groot_n15	n15	lerobot_groot_n15__robocasa365_ckpt120000		0	Pick the candle from the counter and place it in the cabinet.	robocasa_panda_omron/PickPlaceCounterToCabinet_PandaOmron_Env	100154	1300004	0	1			5		1	all_token_full	groot_n15_dit_block_residual_full_tokens_denoise	"[""layer"",""denoise_step"",""model_token"",""feature_dim""]"	[7,4,49,1536]	[0,2,4,8,10,12,15]	n15_grid_v4_jitter	grid_coord	meta	meta_json	46ea62d53e09/worker2/PPCC/candle/s202/n4/base	202	2
46ea62d53e09	worker2	PPCC/candle	2	0	base	activation	610b88b059859631	610b88b059859631dc34078a36d8bad130e382018a6f6082b1168867f6ec5fb1	lerobot_groot_n15	n15	lerobot_groot_n15__robocasa365_ckpt120000		0	Pick the candle from the counter and place it in the cabinet.	robocasa_panda_omron/PickPlaceCounterToCabinet_PandaOmron_Env	100154	1300000	0	1			5		1	all_token_full	groot_n15_dit_block_residual_full_tokens_denoise	"[""layer"",""denoise_step"",""model_token"",""feature_dim""]"	[7,4,49,1536]	[0,2,4,8,10,12,15]	n15_grid_v4_jitter	grid_coord	meta	meta_json	46ea62d53e09/worker2/PPCC/candle/s203/n0/base	203	3
46ea62d53e09	worker2	PPCC/candle	2	1	base	activation	98682b8395a3db99	98682b8395a3db991ab97381b68210c10197da30ebd03395d8e9ff44e296da8f	lerobot_groot_n15	n15	lerobot_groot_n15__robocasa365_ckpt120000		0	Pick the candle from the counter and place it in the cabinet.	robocasa_panda_omron/PickPlaceCounterToCabinet_PandaOmron_Env	100154	1300001	0	1			5		1	all_token_full	groot_n15_dit_block_residual_full_tokens_denoise	"[""layer"",""denoise_step"",""model_token"",""feature_dim""]"	[7,4,49,1536]	[0,2,4,8,10,12,15]	n15_grid_v4_jitter	grid_coord	meta	meta_json	46ea62d53e09/worker2/PPCC/candle/s203/n1/base	203	3
46ea62d53e09	worker2	PPCC/candle	2	2	base	activation	d5cdaa8ea2f14f87	d5cdaa8ea2f14f878447360323de4d5d3bc1dcd2d1ce5e2293866055270e4d81	lerobot_groot_n15	n15	lerobot_groot_n15__robocasa365_ckpt120000		0	Pick the candle from the counter and place it in the cabinet.	robocasa_panda_omron/PickPlaceCounterToCabinet_PandaOmron_Env	100154	1300002	0	1			5		1	all_token_full	groot_n15_dit_block_residual_full_tokens_denoise	"[""layer"",""denoise_step"",""model_token"",""feature_dim""]"	[7,4,49,1536]	[0,2,4,8,10,12,15]	n15_grid_v4_jitter	grid_coord	meta	meta_json	46ea62d53e09/worker2/PPCC/candle/s203/n2/base	203	3
46ea62d53e09	worker2	PPCC/candle	2	3	base	activation	e9b0f64a381048d9	e9b0f64a381048d96b860b33045c01dbb8a30948b78254f42ff1692ea3dd8e46	lerobot_groot_n15	n15	lerobot_groot_n15__robocasa365_ckpt120000		0	Pick the candle from the counter and place it in the cabinet.	robocasa_panda_omron/PickPlaceCounterToCabinet_PandaOmron_Env	100154	1300003	0	1			5		1	all_token_full	groot_n15_dit_block_residual_full_tokens_denoise	"[""layer"",""denoise_step"",""model_token"",""feature_dim""]"	[7,4,49,1536]	[0,2,4,8,10,12,15]	n15_grid_v4_jitter	grid_coord	meta	meta_json	46ea62d53e09/worker2/PPCC/candle/s203/n3/base	203	3
46ea62d53e09	worker2	PPCC/candle	2	4	base	activation	fe5c3037dae2c19f	fe5c3037dae2c19fb9f4263133f8d82ac50602ae1e2b1ff45c9fec62ad1a5c17	lerobot_groot_n15	n15	lerobot_groot_n15__robocasa365_ckpt120000		0	Pick the candle from the counter and place it in the cabinet.	robocasa_panda_omron/PickPlaceCounterToCabinet_PandaOmron_Env	100154	1300004	0	1			5		1	all_token_full	groot_n15_dit_block_residual_full_tokens_denoise	"[""layer"",""denoise_step"",""model_token"",""feature_dim""]"	[7,4,49,1536]	[0,2,4,8,10,12,15]	n15_grid_v4_jitter	grid_coord	meta	meta_json	46ea62d53e09/worker2/PPCC/candle/s203/n4/base	203	3
46ea62d53e09	worker2	PPCC/candle	0	0	base	activation	3369c57c71db85b2	3369c57c71db85b207d56791f995fd988f98576159923a8be4dbc688ff2188bf	lerobot_groot_n15	n15	lerobot_groot_n15__robocasa365_ckpt120000		0	Pick the candle from the counter and place it in the cabinet.	robocasa_panda_omron/PickPlaceCounterToCabinet_PandaOmron_Env	100058	1300000	0	1			5		1	all_token_full	groot_n15_dit_block_residual_full_tokens_denoise	"[""layer"",""denoise_step"",""model_token"",""feature_dim""]"	[7,4,49,1536]	[0,2,4,8,10,12,15]	n15_grid_v4_jitter	grid_coord	meta	meta_json	46ea62d53e09/worker2/PPCC/candle/s3/n0/base	3	3
46ea62d53e09	worker2	PPCC/candle	0	1	base	activation	fea50fbd028ed36c	fea50fbd028ed36cb56bdfff38fec9d0da40b87e850fa3402e8012badbcb53f0	lerobot_groot_n15	n15	lerobot_groot_n15__robocasa365_ckpt120000		0	Pick the candle from the counter and place it in the cabinet.	robocasa_panda_omron/PickPlaceCounterToCabinet_PandaOmron_Env	100058	1300001	0	1			5		1	all_token_full	groot_n15_dit_block_residual_full_tokens_denoise	"[""layer"",""denoise_step"",""model_token"",""feature_dim""]"	[7,4,49,1536]	[0,2,4,8,10,12,15]	n15_grid_v4_jitter	grid_coord	meta	meta_json	46ea62d53e09/worker2/PPCC/candle/s3/n1/base	3	3
46ea62d53e09	worker2	PPCC/candle	0	2	base	activation	039c62fa84db39e8	039c62fa84db39e8f321f25dd9c08caa46accfbd2183a000782b67ab744eb6bb	lerobot_groot_n15	n15	lerobot_groot_n15__robocasa365_ckpt120000		0	Pick the candle from the counter and place it in the cabinet.	robocasa_panda_omron/PickPlaceCounterToCabinet_PandaOmron_Env	100058	1300002	0	1			5		1	all_token_full	groot_n15_dit_block_residual_full_tokens_denoise	"[""layer"",""denoise_step"",""model_token"",""feature_dim""]"	[7,4,49,1536]	[0,2,4,8,10,12,15]	n15_grid_v4_jitter	grid_coord	meta	meta_json	46ea62d53e09/worker2/PPCC/candle/s3/n2/base	3	3
46ea62d53e09	worker2	PPCC/candle	0	3	base	activation	8c4a89d5fa115498	8c4a89d5fa1154980d5aaf3d5083fa64728546dad04a9f2b563026f185077057	lerobot_groot_n15	n15	lerobot_groot_n15__robocasa365_ckpt120000		0	Pick the candle from the counter and place it in the cabinet.	robocasa_panda_omron/PickPlaceCounterToCabinet_PandaOmron_Env	100058	1300003	0	0			5		1	all_token_full	groot_n15_dit_block_residual_full_tokens_denoise	"[""layer"",""denoise_step"",""model_token"",""feature_dim""]"	[7,4,49,1536]	[0,2,4,8,10,12,15]	n15_grid_v4_jitter	grid_coord	meta	meta_json	46ea62d53e09/worker2/PPCC/candle/s3/n3/base	3	3
46ea62d53e09	worker2	PPCC/candle	0	4	base	activation	821012196a8e9dcb	821012196a8e9dcbb2f1ff0a0a90891f6f47705e9d1a3480d9565384ad162388	lerobot_groot_n15	n15	lerobot_groot_n15__robocasa365_ckpt120000		0	Pick the candle from the counter and place it in the cabinet.	robocasa_panda_omron/PickPlaceCounterToCabinet_PandaOmron_Env	100058	1300004	0	0			5		1	all_token_full	groot_n15_dit_block_residual_full_tokens_denoise	"[""layer"",""denoise_step"",""model_token"",""feature_dim""]"	[7,4,49,1536]	[0,2,4,8,10,12,15]	n15_grid_v4_jitter	grid_coord	meta	meta_json	46ea62d53e09/worker2/PPCC/candle/s3/n4/base	3	3
46ea62d53e09	worker2	PPCC/candle	3	0	base	activation	31a9d5efc928067d	31a9d5efc928067d9a0a8f9c8642b429ea03a4f8dab0d24acf5cb9c4fec4c4fb	lerobot_groot_n15	n15	lerobot_groot_n15__robocasa365_ckpt120000		0	Pick the candle from the counter and place it in the cabinet.	robocasa_panda_omron/PickPlaceCounterToCabinet_PandaOmron_Env	100166	1300000	0	1			5		1	all_token_full	groot_n15_dit_block_residual_full_tokens_denoise	"[""layer"",""denoise_step"",""model_token"",""feature_dim""]"	[7,4,49,1536]	[0,2,4,8,10,12,15]	n15_grid_v4_jitter	grid_coord	meta	meta_json	46ea62d53e09/worker2/PPCC/candle/s300/n0/base	300	0
46ea62d53e09	worker2	PPCC/candle	3	1	base	activation	523b04997f19eb6b	523b04997f19eb6b0f7ebeed32efa73afdb1e3aa8141310c78c5547b32f733fe	lerobot_groot_n15	n15	lerobot_groot_n15__robocasa365_ckpt120000		0	Pick the candle from the counter and place it in the cabinet.	robocasa_panda_omron/PickPlaceCounterToCabinet_PandaOmron_Env	100166	1300001	0	1			5		1	all_token_full	groot_n15_dit_block_residual_full_tokens_denoise	"[""layer"",""denoise_step"",""model_token"",""feature_dim""]"	[7,4,49,1536]	[0,2,4,8,10,12,15]	n15_grid_v4_jitter	grid_coord	meta	meta_json	46ea62d53e09/worker2/PPCC/candle/s300/n1/base	300	0
46ea62d53e09	worker2	PPCC/candle	3	2	base	activation	42d7385c46b23044	42d7385c46b23044c031a6cabc02e53974f81a192b681a1685ad1f052ae0b73a	lerobot_groot_n15	n15	lerobot_groot_n15__robocasa365_ckpt120000		0	Pick the candle from the counter and place it in the cabinet.	robocasa_panda_omron/PickPlaceCounterToCabinet_PandaOmron_Env	100166	1300002	0	1			5		1	all_token_full	groot_n15_dit_block_residual_full_tokens_denoise	"[""layer"",""denoise_step"",""model_token"",""feature_dim""]"	[7,4,49,1536]	[0,2,4,8,10,12,15]	n15_grid_v4_jitter	grid_coord	meta	meta_json	46ea62d53e09/worker2/PPCC/candle/s300/n2/base	300	0
46ea62d53e09	worker2	PPCC/candle	3	3	base	activation	f4d27f275d609500	f4d27f275d609500ddb0fea0749775085674c0d161de3bd14c25465e0ad17fb8	lerobot_groot_n15	n15	lerobot_groot_n15__robocasa365_ckpt120000		0	Pick the candle from the counter and place it in the cabinet.	robocasa_panda_omron/PickPlaceCounterToCabinet_PandaOmron_Env	100166	1300003	0	1			5		1	all_token_full	groot_n15_dit_block_residual_full_tokens_denoise	"[""layer"",""denoise_step"",""model_token"",""feature_dim""]"	[7,4,49,1536]	[0,2,4,8,10,12,15]	n15_grid_v4_jitter	grid_coord	meta	meta_json	46ea62d53e09/worker2/PPCC/candle/s300/n3/base	300	0
46ea62d53e09	worker2	PPCC/candle	3	4	base	activation	380e71e08d58434f	380e71e08d58434f0073a25ea6a2e3e6fbf7b7a7243e2daab00b724ea034aa2c	lerobot_groot_n15	n15	lerobot_groot_n15__robocasa365_ckpt120000		0	Pick the candle from the counter and place it in the cabinet.	robocasa_panda_omron/PickPlaceCounterToCabinet_PandaOmron_Env	100166	1300004	0	0			5		1	all_token_full	groot_n15_dit_block_residual_full_tokens_denoise	"[""layer"",""denoise_step"",""model_token"",""feature_dim""]"	[7,4,49,1536]	[0,2,4,8,10,12,15]	n15_grid_v4_jitter	grid_coord	meta	meta_json	46ea62d53e09/worker2/PPCC/candle/s300/n4/base	300	0
46ea62d53e09	worker2	PPCC/candle	3	0	base	activation	4c196d6448ac6e7e	4c196d6448ac6e7edc02b358978a488fc6cbb57dd8af94e35820cd9c8ce494a4	lerobot_groot_n15	n15	lerobot_groot_n15__robocasa365_ckpt120000		0	Pick the candle from the counter and place it in the cabinet.	robocasa_panda_omron/PickPlaceCounterToCabinet_PandaOmron_Env	100166	1300000	0	1			5		1	all_token_full	groot_n15_dit_block_residual_full_tokens_denoise	"[""layer"",""denoise_step"",""model_token"",""feature_dim""]"	[7,4,49,1536]	[0,2,4,8,10,12,15]	n15_grid_v4_jitter	grid_coord	meta	meta_json	46ea62d53e09/worker2/PPCC/candle/s301/n0/base	301	1
46ea62d53e09	worker2	PPCC/candle	3	1	base	activation	7d9f88c916c2db93	7d9f88c916c2db938364930421b24de9607e818cab2611fdf3c86e86dfe456ac	lerobot_groot_n15	n15	lerobot_groot_n15__robocasa365_ckpt120000		0	Pick the candle from the counter and place it in the cabinet.	robocasa_panda_omron/PickPlaceCounterToCabinet_PandaOmron_Env	100166	1300001	0	1			5		1	all_token_full	groot_n15_dit_block_residual_full_tokens_denoise	"[""layer"",""denoise_step"",""model_token"",""feature_dim""]"	[7,4,49,1536]	[0,2,4,8,10,12,15]	n15_grid_v4_jitter	grid_coord	meta	meta_json	46ea62d53e09/worker2/PPCC/candle/s301/n1/base	301	1
46ea62d53e09	worker2	PPCC/candle	3	2	base	activation	be82ac03bb753360	be82ac03bb753360f7b21ae795e1d0ae46f2b1066460b652ba9459ebd81cd8c4	lerobot_groot_n15	n15	lerobot_groot_n15__robocasa365_ckpt120000		0	Pick the candle from the counter and place it in the cabinet.	robocasa_panda_omron/PickPlaceCounterToCabinet_PandaOmron_Env	100166	1300002	0	0			5		1	all_token_full	groot_n15_dit_block_residual_full_tokens_denoise	"[""layer"",""denoise_step"",""model_token"",""feature_dim""]"	[7,4,49,1536]	[0,2,4,8,10,12,15]	n15_grid_v4_jitter	grid_coord	meta	meta_json	46ea62d53e09/worker2/PPCC/candle/s301/n2/base	301	1
46ea62d53e09	worker2	PPCC/candle	3	3	base	activation	d23721a0ce36c08e	d23721a0ce36c08e9059d5ca81ed5bd9c34944beaf2b115a3a83eea2b9085ae4	lerobot_groot_n15	n15	lerobot_groot_n15__robocasa365_ckpt120000		0	Pick the candle from the counter and place it in the cabinet.	robocasa_panda_omron/PickPlaceCounterToCabinet_PandaOmron_Env	100166	1300003	0	1			5		1	all_token_full	groot_n15_dit_block_residual_full_tokens_denoise	"[""layer"",""denoise_step"",""model_token"",""feature_dim""]"	[7,4,49,1536]	[0,2,4,8,10,12,15]	n15_grid_v4_jitter	grid_coord	meta	meta_json	46ea62d53e09/worker2/PPCC/candle/s301/n3/base	301	1
46ea62d53e09	worker2	PPCC/candle	3	4	base	activation	bbfe48716ec22642	bbfe48716ec226426d2f30d58dc8a755fdf95d9447307ae95871a7c11d57d3ac	lerobot_groot_n15	n15	lerobot_groot_n15__robocasa365_ckpt120000		0	Pick the candle from the counter and place it in the cabinet.	robocasa_panda_omron/PickPlaceCounterToCabinet_PandaOmron_Env	100166	1300004	0	1			5		1	all_token_full	groot_n15_dit_block_residual_full_tokens_denoise	"[""layer"",""denoise_step"",""model_token"",""feature_dim""]"	[7,4,49,1536]	[0,2,4,8,10,12,15]	n15_grid_v4_jitter	grid_coord	meta	meta_json	46ea62d53e09/worker2/PPCC/candle/s301/n4/base	301	1
46ea62d53e09	worker2	PPCC/candle	3	0	base	activation	d5827d7c2cc4bae9	d5827d7c2cc4bae959459507b3854de4a85f9cabb8adce9fde4d7b638a345811	lerobot_groot_n15	n15	lerobot_groot_n15__robocasa365_ckpt120000		0	Pick the candle from the counter and place it in the cabinet.	robocasa_panda_omron/PickPlaceCounterToCabinet_PandaOmron_Env	100166	1300000	0	0			5		1	all_token_full	groot_n15_dit_block_residual_full_tokens_denoise	"[""layer"",""denoise_step"",""model_token"",""feature_dim""]"	[7,4,49,1536]	[0,2,4,8,10,12,15]	n15_grid_v4_jitter	grid_coord	meta	meta_json	46ea62d53e09/worker2/PPCC/candle/s302/n0/base	302	2
46ea62d53e09	worker2	PPCC/candle	3	1	base	activation	f6cc9d83c7697ba3	f6cc9d83c7697ba3fc79b8b8ccd41a4f15d3915e600440bca1f69b77a383faeb	lerobot_groot_n15	n15	lerobot_groot_n15__robocasa365_ckpt120000		0	Pick the candle from the counter and place it in the cabinet.	robocasa_panda_omron/PickPlaceCounterToCabinet_PandaOmron_Env	100166	1300001	0	0			5		1	all_token_full	groot_n15_dit_block_residual_full_tokens_denoise	"[""layer"",""denoise_step"",""model_token"",""feature_dim""]"	[7,4,49,1536]	[0,2,4,8,10,12,15]	n15_grid_v4_jitter	grid_coord	meta	meta_json	46ea62d53e09/worker2/PPCC/candle/s302/n1/base	302	2
46ea62d53e09	worker2	PPCC/candle	3	2	base	activation	60b158ea8f131253	60b158ea8f13125397f46cc503eea570f2649748d5655c19bbce56306dc1bd66	lerobot_groot_n15	n15	lerobot_groot_n15__robocasa365_ckpt120000		0	Pick the candle from the counter and place it in the cabinet.	robocasa_panda_omron/PickPlaceCounterToCabinet_PandaOmron_Env	100166	1300002	0	1			5		1	all_token_full	groot_n15_dit_block_residual_full_tokens_denoise	"[""layer"",""denoise_step"",""model_token"",""feature_dim""]"	[7,4,49,1536]	[0,2,4,8,10,12,15]	n15_grid_v4_jitter	grid_coord	meta	meta_json	46ea62d53e09/worker2/PPCC/candle/s302/n2/base	302	2
46ea62d53e09	worker2	PPCC/candle	3	3	base	activation	6a3b9ecdfaf8882e	6a3b9ecdfaf8882e5b418820d1c48ff6890cf9024406059ac4d3fbb6d838ced8	lerobot_groot_n15	n15	lerobot_groot_n15__robocasa365_ckpt120000		0	Pick the candle from the counter and place it in the cabinet.	robocasa_panda_omron/PickPlaceCounterToCabinet_PandaOmron_Env	100166	1300003	0	1			5		1	all_token_full	groot_n15_dit_block_residual_full_tokens_denoise	"[""layer"",""denoise_step"",""model_token"",""feature_dim""]"	[7,4,49,1536]	[0,2,4,8,10,12,15]	n15_grid_v4_jitter	grid_coord	meta	meta_json	46ea62d53e09/worker2/PPCC/candle/s302/n3/base	302	2
46ea62d53e09	worker2	PPCC/candle	3	4	base	activation	0e211ea20d9d7b68	0e211ea20d9d7b6893d9a18b8cfdc67343ed4763ef157f18424ba804faef72cf	lerobot_groot_n15	n15	lerobot_groot_n15__robocasa365_ckpt120000		0	Pick the candle from the counter and place it in the cabinet.	robocasa_panda_omron/PickPlaceCounterToCabinet_PandaOmron_Env	100166	1300004	0	0			5		1	all_token_full	groot_n15_dit_block_residual_full_tokens_denoise	"[""layer"",""denoise_step"",""model_token"",""feature_dim""]"	[7,4,49,1536]	[0,2,4,8,10,12,15]	n15_grid_v4_jitter	grid_coord	meta	meta_json	46ea62d53e09/worker2/PPCC/candle/s302/n4/base	302	2
46ea62d53e09	worker2	PPCC/candle	3	0	base	activation	65323143b65b6997	65323143b65b6997ec6a788595d572eeccb9dc4b2346d6fd9e4ef6b602f31040	lerobot_groot_n15	n15	lerobot_groot_n15__robocasa365_ckpt120000		0	Pick the candle from the counter and place it in the cabinet.	robocasa_panda_omron/PickPlaceCounterToCabinet_PandaOmron_Env	100166	1300000	0	1			5		1	all_token_full	groot_n15_dit_block_residual_full_tokens_denoise	"[""layer"",""denoise_step"",""model_token"",""feature_dim""]"	[7,4,49,1536]	[0,2,4,8,10,12,15]	n15_grid_v4_jitter	grid_coord	meta	meta_json	46ea62d53e09/worker2/PPCC/candle/s303/n0/base	303	3
46ea62d53e09	worker2	PPCC/candle	3	1	base	activation	93ec604c50b09e8b	93ec604c50b09e8bdc9e8fdc97d56c52215a9553c32a5ce11c22d9aa812e939a	lerobot_groot_n15	n15	lerobot_groot_n15__robocasa365_ckpt120000		0	Pick the candle from the counter and place it in the cabinet.	robocasa_panda_omron/PickPlaceCounterToCabinet_PandaOmron_Env	100166	1300001	0	1			5		1	all_token_full	groot_n15_dit_block_residual_full_tokens_denoise	"[""layer"",""denoise_step"",""model_token"",""feature_dim""]"	[7,4,49,1536]	[0,2,4,8,10,12,15]	n15_grid_v4_jitter	grid_coord	meta	meta_json	46ea62d53e09/worker2/PPCC/candle/s303/n1/base	303	3
46ea62d53e09	worker2	PPCC/candle	3	2	base	activation	294c28de68583f71	294c28de68583f71c194c5d54fd29cef04ece7fab667bcca222b13f9ed323101	lerobot_groot_n15	n15	lerobot_groot_n15__robocasa365_ckpt120000		0	Pick the candle from the counter and place it in the cabinet.	robocasa_panda_omron/PickPlaceCounterToCabinet_PandaOmron_Env	100166	1300002	0	0			5		1	all_token_full	groot_n15_dit_block_residual_full_tokens_denoise	"[""layer"",""denoise_step"",""model_token"",""feature_dim""]"	[7,4,49,1536]	[0,2,4,8,10,12,15]	n15_grid_v4_jitter	grid_coord	meta	meta_json	46ea62d53e09/worker2/PPCC/candle/s303/n2/base	303	3
46ea62d53e09	worker2	PPCC/candle	3	3	base	activation	0eee67b307b2ba74	0eee67b307b2ba7436439778594b8e2fe7f2d65a6b84f0acc71c6776efd57be9	lerobot_groot_n15	n15	lerobot_groot_n15__robocasa365_ckpt120000		0	Pick the candle from the counter and place it in the cabinet.	robocasa_panda_omron/PickPlaceCounterToCabinet_PandaOmron_Env	100166	1300003	0	0			5		1	all_token_full	groot_n15_dit_block_residual_full_tokens_denoise	"[""layer"",""denoise_step"",""model_token"",""feature_dim""]"	[7,4,49,1536]	[0,2,4,8,10,12,15]	n15_grid_v4_jitter	grid_coord	meta	meta_json	46ea62d53e09/worker2/PPCC/candle/s303/n3/base	303	3
46ea62d53e09	worker2	PPCC/candle	3	4	base	activation	3e30d52fa54bf034	3e30d52fa54bf0344d85b4c6e100ef4a60ac43d523ce2eaf83c8edc88a1e2a69	lerobot_groot_n15	n15	lerobot_groot_n15__robocasa365_ckpt120000		0	Pick the candle from the counter and place it in the cabinet.	robocasa_panda_omron/PickPlaceCounterToCabinet_PandaOmron_Env	100166	1300004	0	0			5		1	all_token_full	groot_n15_dit_block_residual_full_tokens_denoise	"[""layer"",""denoise_step"",""model_token"",""feature_dim""]"	[7,4,49,1536]	[0,2,4,8,10,12,15]	n15_grid_v4_jitter	grid_coord	meta	meta_json	46ea62d53e09/worker2/PPCC/candle/s303/n4/base	303	3
46ea62d53e09	worker2	PPCC/candle	4	0	base	activation	7ccf1db131dda48e	7ccf1db131dda48e726181186335265f654161d9ffcfddff55b56b7c3781eb13	lerobot_groot_n15	n15	lerobot_groot_n15__robocasa365_ckpt120000		0	Pick the candle from the counter and place it in the cabinet.	robocasa_panda_omron/PickPlaceCounterToCabinet_PandaOmron_Env	100214	1300000	0	1			5		1	all_token_full	groot_n15_dit_block_residual_full_tokens_denoise	"[""layer"",""denoise_step"",""model_token"",""feature_dim""]"	[7,4,49,1536]	[0,2,4,8,10,12,15]	n15_grid_v4_jitter	grid_coord	meta	meta_json	46ea62d53e09/worker2/PPCC/candle/s400/n0/base	400	0
46ea62d53e09	worker2	PPCC/candle	4	1	base	activation	5231fd654ebccde4	5231fd654ebccde489145a51c70de67435d0c5c9f63145dff4427a65fa27ce7f	lerobot_groot_n15	n15	lerobot_groot_n15__robocasa365_ckpt120000		0	Pick the candle from the counter and place it in the cabinet.	robocasa_panda_omron/PickPlaceCounterToCabinet_PandaOmron_Env	100214	1300001	0	0			5		1	all_token_full	groot_n15_dit_block_residual_full_tokens_denoise	"[""layer"",""denoise_step"",""model_token"",""feature_dim""]"	[7,4,49,1536]	[0,2,4,8,10,12,15]	n15_grid_v4_jitter	grid_coord	meta	meta_json	46ea62d53e09/worker2/PPCC/candle/s400/n1/base	400	0
46ea62d53e09	worker2	PPCC/candle	4	2	base	activation	5905a12dde1a72df	5905a12dde1a72dff4edc54608da623b1fbb2277a4029611fdeffb5eec3376fe	lerobot_groot_n15	n15	lerobot_groot_n15__robocasa365_ckpt120000		0	Pick the candle from the counter and place it in the cabinet.	robocasa_panda_omron/PickPlaceCounterToCabinet_PandaOmron_Env	100214	1300002	0	0			5		1	all_token_full	groot_n15_dit_block_residual_full_tokens_denoise	"[""layer"",""denoise_step"",""model_token"",""feature_dim""]"	[7,4,49,1536]	[0,2,4,8,10,12,15]	n15_grid_v4_jitter	grid_coord	meta	meta_json	46ea62d53e09/worker2/PPCC/candle/s400/n2/base	400	0
46ea62d53e09	worker2	PPCC/candle	4	3	base	activation	b5a3d58f6de9f2fe	b5a3d58f6de9f2fee61a74d18e0e1a9d5e6031c9a37b30b26db919554dbec062	lerobot_groot_n15	n15	lerobot_groot_n15__robocasa365_ckpt120000		0	Pick the candle from the counter and place it in the cabinet.	robocasa_panda_omron/PickPlaceCounterToCabinet_PandaOmron_Env	100214	1300003	0	0			5		1	all_token_full	groot_n15_dit_block_residual_full_tokens_denoise	"[""layer"",""denoise_step"",""model_token"",""feature_dim""]"	[7,4,49,1536]	[0,2,4,8,10,12,15]	n15_grid_v4_jitter	grid_coord	meta	meta_json	46ea62d53e09/worker2/PPCC/candle/s400/n3/base	400	0
46ea62d53e09	worker2	PPCC/candle	4	4	base	activation	e5cfd03dd583392a	e5cfd03dd583392aeb6ae0ce2a6929b778cd0e11d82fa448b08a3045a7db25f4	lerobot_groot_n15	n15	lerobot_groot_n15__robocasa365_ckpt120000		0	Pick the candle from the counter and place it in the cabinet.	robocasa_panda_omron/PickPlaceCounterToCabinet_PandaOmron_Env	100214	1300004	0	1			5		1	all_token_full	groot_n15_dit_block_residual_full_tokens_denoise	"[""layer"",""denoise_step"",""model_token"",""feature_dim""]"	[7,4,49,1536]	[0,2,4,8,10,12,15]	n15_grid_v4_jitter	grid_coord	meta	meta_json	46ea62d53e09/worker2/PPCC/candle/s400/n4/base	400	0
46ea62d53e09	worker2	PPCC/candle	4	0	base	activation	9354b9a7a8952725	9354b9a7a8952725be1257f3b8e54f2087ea49970a436ae9cbaa9b8b899e7bc9	lerobot_groot_n15	n15	lerobot_groot_n15__robocasa365_ckpt120000		0	Pick the candle from the counter and place it in the cabinet.	robocasa_panda_omron/PickPlaceCounterToCabinet_PandaOmron_Env	100214	1300000	0	1			5		1	all_token_full	groot_n15_dit_block_residual_full_tokens_denoise	"[""layer"",""denoise_step"",""model_token"",""feature_dim""]"	[7,4,49,1536]	[0,2,4,8,10,12,15]	n15_grid_v4_jitter	grid_coord	meta	meta_json	46ea62d53e09/worker2/PPCC/candle/s401/n0/base	401	1
46ea62d53e09	worker2	PPCC/candle	4	1	base	activation	29936c5ed899a0be	29936c5ed899a0beae4f145f8fa6aba1a68a7c3e8dc54a177d12ba49d5d067b4	lerobot_groot_n15	n15	lerobot_groot_n15__robocasa365_ckpt120000		0	Pick the candle from the counter and place it in the cabinet.	robocasa_panda_omron/PickPlaceCounterToCabinet_PandaOmron_Env	100214	1300001	0	1			5		1	all_token_full	groot_n15_dit_block_residual_full_tokens_denoise	"[""layer"",""denoise_step"",""model_token"",""feature_dim""]"	[7,4,49,1536]	[0,2,4,8,10,12,15]	n15_grid_v4_jitter	grid_coord	meta	meta_json	46ea62d53e09/worker2/PPCC/candle/s401/n1/base	401	1
46ea62d53e09	worker2	PPCC/candle	4	2	base	activation	7bb37857dc5ea0c4	7bb37857dc5ea0c49769e0cb7eb9b189b3261a6767b6fe4bc197d06d65103fac	lerobot_groot_n15	n15	lerobot_groot_n15__robocasa365_ckpt120000		0	Pick the candle from the counter and place it in the cabinet.	robocasa_panda_omron/PickPlaceCounterToCabinet_PandaOmron_Env	100214	1300002	0	0			5		1	all_token_full	groot_n15_dit_block_residual_full_tokens_denoise	"[""layer"",""denoise_step"",""model_token"",""feature_dim""]"	[7,4,49,1536]	[0,2,4,8,10,12,15]	n15_grid_v4_jitter	grid_coord	meta	meta_json	46ea62d53e09/worker2/PPCC/candle/s401/n2/base	401	1
46ea62d53e09	worker2	PPCC/candle	4	3	base	activation	edcd48484d37cfdc	edcd48484d37cfdc8739cce83beff9900412248db78083bda89ff0fdefae54c8	lerobot_groot_n15	n15	lerobot_groot_n15__robocasa365_ckpt120000		0	Pick the candle from the counter and place it in the cabinet.	robocasa_panda_omron/PickPlaceCounterToCabinet_PandaOmron_Env	100214	1300003	0	1			5		1	all_token_full	groot_n15_dit_block_residual_full_tokens_denoise	"[""layer"",""denoise_step"",""model_token"",""feature_dim""]"	[7,4,49,1536]	[0,2,4,8,10,12,15]	n15_grid_v4_jitter	grid_coord	meta	meta_json	46ea62d53e09/worker2/PPCC/candle/s401/n3/base	401	1
46ea62d53e09	worker2	PPCC/candle	4	4	base	activation	2f3910e2fe722326	2f3910e2fe72232624686ae2a57514b5313336438f0e4901565a83cdfdb3d440	lerobot_groot_n15	n15	lerobot_groot_n15__robocasa365_ckpt120000		0	Pick the candle from the counter and place it in the cabinet.	robocasa_panda_omron/PickPlaceCounterToCabinet_PandaOmron_Env	100214	1300004	0	1			5		1	all_token_full	groot_n15_dit_block_residual_full_tokens_denoise	"[""layer"",""denoise_step"",""model_token"",""feature_dim""]"	[7,4,49,1536]	[0,2,4,8,10,12,15]	n15_grid_v4_jitter	grid_coord	meta	meta_json	46ea62d53e09/worker2/PPCC/candle/s401/n4/base	401	1
46ea62d53e09	worker2	PPCC/candle	4	0	base	activation	575d797f4905cd1a	575d797f4905cd1a143bf1372c08a7641a4360be6d7262817f6cba7ed65a4de9	lerobot_groot_n15	n15	lerobot_groot_n15__robocasa365_ckpt120000		0	Pick the candle from the counter and place it in the cabinet.	robocasa_panda_omron/PickPlaceCounterToCabinet_PandaOmron_Env	100214	1300000	0	0			5		1	all_token_full	groot_n15_dit_block_residual_full_tokens_denoise	"[""layer"",""denoise_step"",""model_token"",""feature_dim""]"	[7,4,49,1536]	[0,2,4,8,10,12,15]	n15_grid_v4_jitter	grid_coord	meta	meta_json	46ea62d53e09/worker2/PPCC/candle/s402/n0/base	402	2
46ea62d53e09	worker2	PPCC/candle	4	1	base	activation	8a8efc4bc9859c9d	8a8efc4bc9859c9dd335baf75d140b05b874dc8e6d01ea3ac324b5aa83b4555f	lerobot_groot_n15	n15	lerobot_groot_n15__robocasa365_ckpt120000		0	Pick the candle from the counter and place it in the cabinet.	robocasa_panda_omron/PickPlaceCounterToCabinet_PandaOmron_Env	100214	1300001	0	0			5		1	all_token_full	groot_n15_dit_block_residual_full_tokens_denoise	"[""layer"",""denoise_step"",""model_token"",""feature_dim""]"	[7,4,49,1536]	[0,2,4,8,10,12,15]	n15_grid_v4_jitter	grid_coord	meta	meta_json	46ea62d53e09/worker2/PPCC/candle/s402/n1/base	402	2
46ea62d53e09	worker2	PPCC/candle	4	2	base	activation	b93aacf3d4f08efb	b93aacf3d4f08efb1aba5f8188cff20f96bb84a79b3522a758920f7fc127a4fc	lerobot_groot_n15	n15	lerobot_groot_n15__robocasa365_ckpt120000		0	Pick the candle from the counter and place it in the cabinet.	robocasa_panda_omron/PickPlaceCounterToCabinet_PandaOmron_Env	100214	1300002	0	0			5		1	all_token_full	groot_n15_dit_block_residual_full_tokens_denoise	"[""layer"",""denoise_step"",""model_token"",""feature_dim""]"	[7,4,49,1536]	[0,2,4,8,10,12,15]	n15_grid_v4_jitter	grid_coord	meta	meta_json	46ea62d53e09/worker2/PPCC/candle/s402/n2/base	402	2
46ea62d53e09	worker2	PPCC/candle	4	3	base	activation	75042e5aab9847ef	75042e5aab9847efda04bd12a3a1fec061933a4219d8e50d5c0439c72af4d44c	lerobot_groot_n15	n15	lerobot_groot_n15__robocasa365_ckpt120000		0	Pick the candle from the counter and place it in the cabinet.	robocasa_panda_omron/PickPlaceCounterToCabinet_PandaOmron_Env	100214	1300003	0	0			5		1	all_token_full	groot_n15_dit_block_residual_full_tokens_denoise	"[""layer"",""denoise_step"",""model_token"",""feature_dim""]"	[7,4,49,1536]	[0,2,4,8,10,12,15]	n15_grid_v4_jitter	grid_coord	meta	meta_json	46ea62d53e09/worker2/PPCC/candle/s402/n3/base	402	2
46ea62d53e09	worker2	PPCC/candle	4	4	base	activation	fb3c37e81a349454	fb3c37e81a3494546a3c80eb83c4f8685c528bdd8cc0042a35db5ce75846637e	lerobot_groot_n15	n15	lerobot_groot_n15__robocasa365_ckpt120000		0	Pick the candle from the counter and place it in the cabinet.	robocasa_panda_omron/PickPlaceCounterToCabinet_PandaOmron_Env	100214	1300004	0	0			5		1	all_token_full	groot_n15_dit_block_residual_full_tokens_denoise	"[""layer"",""denoise_step"",""model_token"",""feature_dim""]"	[7,4,49,1536]	[0,2,4,8,10,12,15]	n15_grid_v4_jitter	grid_coord	meta	meta_json	46ea62d53e09/worker2/PPCC/candle/s402/n4/base	402	2
46ea62d53e09	worker2	PPCC/candle	4	0	base	activation	6c2429cf81928bda	6c2429cf81928bdaa75136818304d8798407fa33909814ad81c2ab2f9210c8c9	lerobot_groot_n15	n15	lerobot_groot_n15__robocasa365_ckpt120000		0	Pick the candle from the counter and place it in the cabinet.	robocasa_panda_omron/PickPlaceCounterToCabinet_PandaOmron_Env	100214	1300000	0	0			5		1	all_token_full	groot_n15_dit_block_residual_full_tokens_denoise	"[""layer"",""denoise_step"",""model_token"",""feature_dim""]"	[7,4,49,1536]	[0,2,4,8,10,12,15]	n15_grid_v4_jitter	grid_coord	meta	meta_json	46ea62d53e09/worker2/PPCC/candle/s403/n0/base	403	3
46ea62d53e09	worker2	PPCC/candle	4	1	base	activation	ae308ae7fd8fcbbe	ae308ae7fd8fcbbef7eda8a041f831f10ba57e69e32a561a58b927d777a0db4e	lerobot_groot_n15	n15	lerobot_groot_n15__robocasa365_ckpt120000		0	Pick the candle from the counter and place it in the cabinet.	robocasa_panda_omron/PickPlaceCounterToCabinet_PandaOmron_Env	100214	1300001	0	0			5		1	all_token_full	groot_n15_dit_block_residual_full_tokens_denoise	"[""layer"",""denoise_step"",""model_token"",""feature_dim""]"	[7,4,49,1536]	[0,2,4,8,10,12,15]	n15_grid_v4_jitter	grid_coord	meta	meta_json	46ea62d53e09/worker2/PPCC/candle/s403/n1/base	403	3
46ea62d53e09	worker2	PPCC/candle	4	2	base	activation	28ad2e716df0f710	28ad2e716df0f710a8467c44ae3a35507572026f7aba9748bffe99ca00564398	lerobot_groot_n15	n15	lerobot_groot_n15__robocasa365_ckpt120000		0	Pick the candle from the counter and place it in the cabinet.	robocasa_panda_omron/PickPlaceCounterToCabinet_PandaOmron_Env	100214	1300002	0	0			5		1	all_token_full	groot_n15_dit_block_residual_full_tokens_denoise	"[""layer"",""denoise_step"",""model_token"",""feature_dim""]"	[7,4,49,1536]	[0,2,4,8,10,12,15]	n15_grid_v4_jitter	grid_coord	meta	meta_json	46ea62d53e09/worker2/PPCC/candle/s403/n2/base	403	3
46ea62d53e09	worker2	PPCC/candle	4	3	base	activation	c41d5aa654802686	c41d5aa6548026864a55383fac732e00b56caf1472eccf9321c5e5ad7cfad9b6	lerobot_groot_n15	n15	lerobot_groot_n15__robocasa365_ckpt120000		0	Pick the candle from the counter and place it in the cabinet.	robocasa_panda_omron/PickPlaceCounterToCabinet_PandaOmron_Env	100214	1300003	0	0			5		1	all_token_full	groot_n15_dit_block_residual_full_tokens_denoise	"[""layer"",""denoise_step"",""model_token"",""feature_dim""]"	[7,4,49,1536]	[0,2,4,8,10,12,15]	n15_grid_v4_jitter	grid_coord	meta	meta_json	46ea62d53e09/worker2/PPCC/candle/s403/n3/base	403	3
46ea62d53e09	worker2	PPCC/candle	4	4	base	activation	dbc268ed399f716f	dbc268ed399f716f7465a50e3813105eef4e2abc8d363d18b32c09e60988d74c	lerobot_groot_n15	n15	lerobot_groot_n15__robocasa365_ckpt120000		0	Pick the candle from the counter and place it in the cabinet.	robocasa_panda_omron/PickPlaceCounterToCabinet_PandaOmron_Env	100214	1300004	0	0			5		1	all_token_full	groot_n15_dit_block_residual_full_tokens_denoise	"[""layer"",""denoise_step"",""model_token"",""feature_dim""]"	[7,4,49,1536]	[0,2,4,8,10,12,15]	n15_grid_v4_jitter	grid_coord	meta	meta_json	46ea62d53e09/worker2/PPCC/candle/s403/n4/base	403	3
46ea62d53e09	worker2	PPCC/jug	0	0	base	activation	62ca2d4dd98fa70b	62ca2d4dd98fa70bacf7c912c4f13e467e62aff59ef075116ccebbc817ac5f2c	lerobot_groot_n15	n15	lerobot_groot_n15__robocasa365_ckpt120000		0	Pick the jug from the counter and place it in the cabinet.	robocasa_panda_omron/PickPlaceCounterToCabinet_PandaOmron_Env	100095	1300000	0	0			5		1	all_token_full	groot_n15_dit_block_residual_full_tokens_denoise	"[""layer"",""denoise_step"",""model_token"",""feature_dim""]"	[7,4,49,1536]	[0,2,4,8,10,12,15]	n15_grid_v4_jitter	grid_coord	meta	meta_json	46ea62d53e09/worker2/PPCC/jug/s0/n0/base	0	0
46ea62d53e09	worker2	PPCC/jug	0	1	base	activation	9afef513da15ced4	9afef513da15ced4fa74fc9be938d4937587db3ff79dc6d05d3bd66e37ed3df1	lerobot_groot_n15	n15	lerobot_groot_n15__robocasa365_ckpt120000		0	Pick the jug from the counter and place it in the cabinet.	robocasa_panda_omron/PickPlaceCounterToCabinet_PandaOmron_Env	100095	1300001	0	0			5		1	all_token_full	groot_n15_dit_block_residual_full_tokens_denoise	"[""layer"",""denoise_step"",""model_token"",""feature_dim""]"	[7,4,49,1536]	[0,2,4,8,10,12,15]	n15_grid_v4_jitter	grid_coord	meta	meta_json	46ea62d53e09/worker2/PPCC/jug/s0/n1/base	0	0
46ea62d53e09	worker2	PPCC/jug	0	2	base	activation	fc60a0b8e95d2e9a	fc60a0b8e95d2e9a99f4586d5cc4108fea5d6801c45d41064c2f26b6ce7661bf	lerobot_groot_n15	n15	lerobot_groot_n15__robocasa365_ckpt120000		0	Pick the jug from the counter and place it in the cabinet.	robocasa_panda_omron/PickPlaceCounterToCabinet_PandaOmron_Env	100095	1300002	0	0			5		1	all_token_full	groot_n15_dit_block_residual_full_tokens_denoise	"[""layer"",""denoise_step"",""model_token"",""feature_dim""]"	[7,4,49,1536]	[0,2,4,8,10,12,15]	n15_grid_v4_jitter	grid_coord	meta	meta_json	46ea62d53e09/worker2/PPCC/jug/s0/n2/base	0	0
46ea62d53e09	worker2	PPCC/jug	0	3	base	activation	8dbe31f1e8cf2028	8dbe31f1e8cf20284a1977e7bfe3d0de468e895eb7fffb52261ed8699eef85a3	lerobot_groot_n15	n15	lerobot_groot_n15__robocasa365_ckpt120000		0	Pick the jug from the counter and place it in the cabinet.	robocasa_panda_omron/PickPlaceCounterToCabinet_PandaOmron_Env	100095	1300003	0	0			5		1	all_token_full	groot_n15_dit_block_residual_full_tokens_denoise	"[""layer"",""denoise_step"",""model_token"",""feature_dim""]"	[7,4,49,1536]	[0,2,4,8,10,12,15]	n15_grid_v4_jitter	grid_coord	meta	meta_json	46ea62d53e09/worker2/PPCC/jug/s0/n3/base	0	0
46ea62d53e09	worker2	PPCC/jug	0	4	base	activation	8b78e0afb9b76726	8b78e0afb9b76726402e5ca81e4c3707ae1986eb8058bdb04a5da8b38ce46598	lerobot_groot_n15	n15	lerobot_groot_n15__robocasa365_ckpt120000		0	Pick the jug from the counter and place it in the cabinet.	robocasa_panda_omron/PickPlaceCounterToCabinet_PandaOmron_Env	100095	1300004	0	0			5		1	all_token_full	groot_n15_dit_block_residual_full_tokens_denoise	"[""layer"",""denoise_step"",""model_token"",""feature_dim""]"	[7,4,49,1536]	[0,2,4,8,10,12,15]	n15_grid_v4_jitter	grid_coord	meta	meta_json	46ea62d53e09/worker2/PPCC/jug/s0/n4/base	0	0
46ea62d53e09	worker2	PPCC/jug	0	0	base	activation	6a5faef4352d5169	6a5faef4352d5169821d12da598b745bf8d77f3e6b1308b7d4065ef76dab164a	lerobot_groot_n15	n15	lerobot_groot_n15__robocasa365_ckpt120000		0	Pick the jug from the counter and place it in the cabinet.	robocasa_panda_omron/PickPlaceCounterToCabinet_PandaOmron_Env	100095	1300000	0	0			5		1	all_token_full	groot_n15_dit_block_residual_full_tokens_denoise	"[""layer"",""denoise_step"",""model_token"",""feature_dim""]"	[7,4,49,1536]	[0,2,4,8,10,12,15]	n15_grid_v4_jitter	grid_coord	meta	meta_json	46ea62d53e09/worker2/PPCC/jug/s1/n0/base	1	1
46ea62d53e09	worker2	PPCC/jug	0	1	base	activation	a366e4194d5eb44b	a366e4194d5eb44bbdb4b42b76bd3585667b0e58663a4b5d81f9ed958e0429c0	lerobot_groot_n15	n15	lerobot_groot_n15__robocasa365_ckpt120000		0	Pick the jug from the counter and place it in the cabinet.	robocasa_panda_omron/PickPlaceCounterToCabinet_PandaOmron_Env	100095	1300001	0	0			5		1	all_token_full	groot_n15_dit_block_residual_full_tokens_denoise	"[""layer"",""denoise_step"",""model_token"",""feature_dim""]"	[7,4,49,1536]	[0,2,4,8,10,12,15]	n15_grid_v4_jitter	grid_coord	meta	meta_json	46ea62d53e09/worker2/PPCC/jug/s1/n1/base	1	1
46ea62d53e09	worker2	PPCC/jug	0	2	base	activation	b4108a1c81fd46e3	b4108a1c81fd46e3b179d703a881c6595afa713d3c93edfede120b54ae27afd6	lerobot_groot_n15	n15	lerobot_groot_n15__robocasa365_ckpt120000		0	Pick the jug from the counter and place it in the cabinet.	robocasa_panda_omron/PickPlaceCounterToCabinet_PandaOmron_Env	100095	1300002	0	1			5		1	all_token_full	groot_n15_dit_block_residual_full_tokens_denoise	"[""layer"",""denoise_step"",""model_token"",""feature_dim""]"	[7,4,49,1536]	[0,2,4,8,10,12,15]	n15_grid_v4_jitter	grid_coord	meta	meta_json	46ea62d53e09/worker2/PPCC/jug/s1/n2/base	1	1
46ea62d53e09	worker2	PPCC/jug	0	3	base	activation	7e0bcae9b2c11e56	7e0bcae9b2c11e56b18ef47a25e88624c8281e5144185dfdb21e057a701ef400	lerobot_groot_n15	n15	lerobot_groot_n15__robocasa365_ckpt120000		0	Pick the jug from the counter and place it in the cabinet.	robocasa_panda_omron/PickPlaceCounterToCabinet_PandaOmron_Env	100095	1300003	0	0			5		1	all_token_full	groot_n15_dit_block_residual_full_tokens_denoise	"[""layer"",""denoise_step"",""model_token"",""feature_dim""]"	[7,4,49,1536]	[0,2,4,8,10,12,15]	n15_grid_v4_jitter	grid_coord	meta	meta_json	46ea62d53e09/worker2/PPCC/jug/s1/n3/base	1	1
46ea62d53e09	worker2	PPCC/jug	0	4	base	activation	2bef1d19f47698f1	2bef1d19f47698f192ddba85b6e4fad7d064632561d1770447da772cc3f6a30c	lerobot_groot_n15	n15	lerobot_groot_n15__robocasa365_ckpt120000		0	Pick the jug from the counter and place it in the cabinet.	robocasa_panda_omron/PickPlaceCounterToCabinet_PandaOmron_Env	100095	1300004	0	0			5		1	all_token_full	groot_n15_dit_block_residual_full_tokens_denoise	"[""layer"",""denoise_step"",""model_token"",""feature_dim""]"	[7,4,49,1536]	[0,2,4,8,10,12,15]	n15_grid_v4_jitter	grid_coord	meta	meta_json	46ea62d53e09/worker2/PPCC/jug/s1/n4/base	1	1
46ea62d53e09	worker2	PPCC/jug	1	0	base	activation	5e9a37bae6d6641b	5e9a37bae6d6641b6c7aace54d7d8731d6925aa59a9425edad595ceb6e0ab5fd	lerobot_groot_n15	n15	lerobot_groot_n15__robocasa365_ckpt120000		0	Pick the jug from the counter and place it in the cabinet.	robocasa_panda_omron/PickPlaceCounterToCabinet_PandaOmron_Env	100128	1300000	0	0			5		1	all_token_full	groot_n15_dit_block_residual_full_tokens_denoise	"[""layer"",""denoise_step"",""model_token"",""feature_dim""]"	[7,4,49,1536]	[0,2,4,8,10,12,15]	n15_grid_v4_jitter	grid_coord	meta	meta_json	46ea62d53e09/worker2/PPCC/jug/s100/n0/base	100	0
46ea62d53e09	worker2	PPCC/jug	1	1	base	activation	a26b82f8fb83be5f	a26b82f8fb83be5fd339ad3bc132af67d34f10160a884f1b3f5b7694f066830c	lerobot_groot_n15	n15	lerobot_groot_n15__robocasa365_ckpt120000		0	Pick the jug from the counter and place it in the cabinet.	robocasa_panda_omron/PickPlaceCounterToCabinet_PandaOmron_Env	100128	1300001	0	0			5		1	all_token_full	groot_n15_dit_block_residual_full_tokens_denoise	"[""layer"",""denoise_step"",""model_token"",""feature_dim""]"	[7,4,49,1536]	[0,2,4,8,10,12,15]	n15_grid_v4_jitter	grid_coord	meta	meta_json	46ea62d53e09/worker2/PPCC/jug/s100/n1/base	100	0
46ea62d53e09	worker2	PPCC/jug	1	2	base	activation	312f1ad61c2dc938	312f1ad61c2dc93827031719effe6c876cb7624b10963f37135de79d6c1edca6	lerobot_groot_n15	n15	lerobot_groot_n15__robocasa365_ckpt120000		0	Pick the jug from the counter and place it in the cabinet.	robocasa_panda_omron/PickPlaceCounterToCabinet_PandaOmron_Env	100128	1300002	0	0			5		1	all_token_full	groot_n15_dit_block_residual_full_tokens_denoise	"[""layer"",""denoise_step"",""model_token"",""feature_dim""]"	[7,4,49,1536]	[0,2,4,8,10,12,15]	n15_grid_v4_jitter	grid_coord	meta	meta_json	46ea62d53e09/worker2/PPCC/jug/s100/n2/base	100	0
46ea62d53e09	worker2	PPCC/jug	1	3	base	activation	2f2a06f6a95c16c4	2f2a06f6a95c16c4ad393cbd87d4260522a60da9e830a81dd296daa20cc6f507	lerobot_groot_n15	n15	lerobot_groot_n15__robocasa365_ckpt120000		0	Pick the jug from the counter and place it in the cabinet.	robocasa_panda_omron/PickPlaceCounterToCabinet_PandaOmron_Env	100128	1300003	0	0			5		1	all_token_full	groot_n15_dit_block_residual_full_tokens_denoise	"[""layer"",""denoise_step"",""model_token"",""feature_dim""]"	[7,4,49,1536]	[0,2,4,8,10,12,15]	n15_grid_v4_jitter	grid_coord	meta	meta_json	46ea62d53e09/worker2/PPCC/jug/s100/n3/base	100	0
46ea62d53e09	worker2	PPCC/jug	1	4	base	activation	0d736f0e5cc520ea	0d736f0e5cc520eab208333c76ae8735380f03a70edcafb613fcd49377b82816	lerobot_groot_n15	n15	lerobot_groot_n15__robocasa365_ckpt120000		0	Pick the jug from the counter and place it in the cabinet.	robocasa_panda_omron/PickPlaceCounterToCabinet_PandaOmron_Env	100128	1300004	0	0			5		1	all_token_full	groot_n15_dit_block_residual_full_tokens_denoise	"[""layer"",""denoise_step"",""model_token"",""feature_dim""]"	[7,4,49,1536]	[0,2,4,8,10,12,15]	n15_grid_v4_jitter	grid_coord	meta	meta_json	46ea62d53e09/worker2/PPCC/jug/s100/n4/base	100	0
46ea62d53e09	worker2	PPCC/jug	1	0	base	activation	23dbefdb1a59d483	23dbefdb1a59d48353ddae06f108b68bee632c534f1284d2d17f0afe18af5336	lerobot_groot_n15	n15	lerobot_groot_n15__robocasa365_ckpt120000		0	Pick the jug from the counter and place it in the cabinet.	robocasa_panda_omron/PickPlaceCounterToCabinet_PandaOmron_Env	100128	1300000	0	0			5		1	all_token_full	groot_n15_dit_block_residual_full_tokens_denoise	"[""layer"",""denoise_step"",""model_token"",""feature_dim""]"	[7,4,49,1536]	[0,2,4,8,10,12,15]	n15_grid_v4_jitter	grid_coord	meta	meta_json	46ea62d53e09/worker2/PPCC/jug/s101/n0/base	101	1
46ea62d53e09	worker2	PPCC/jug	1	1	base	activation	e94cfd2bf18ddb56	e94cfd2bf18ddb56685859341473a051ec8af78803f0e19e2f2467cac3bfe7d5	lerobot_groot_n15	n15	lerobot_groot_n15__robocasa365_ckpt120000		0	Pick the jug from the counter and place it in the cabinet.	robocasa_panda_omron/PickPlaceCounterToCabinet_PandaOmron_Env	100128	1300001	0	0			5		1	all_token_full	groot_n15_dit_block_residual_full_tokens_denoise	"[""layer"",""denoise_step"",""model_token"",""feature_dim""]"	[7,4,49,1536]	[0,2,4,8,10,12,15]	n15_grid_v4_jitter	grid_coord	meta	meta_json	46ea62d53e09/worker2/PPCC/jug/s101/n1/base	101	1
46ea62d53e09	worker2	PPCC/jug	1	2	base	activation	ab3af46d4e4812e5	ab3af46d4e4812e53ffd590dfad828a4c8938df8c0004350a6708008c0479d07	lerobot_groot_n15	n15	lerobot_groot_n15__robocasa365_ckpt120000		0	Pick the jug from the counter and place it in the cabinet.	robocasa_panda_omron/PickPlaceCounterToCabinet_PandaOmron_Env	100128	1300002	0	0			5		1	all_token_full	groot_n15_dit_block_residual_full_tokens_denoise	"[""layer"",""denoise_step"",""model_token"",""feature_dim""]"	[7,4,49,1536]	[0,2,4,8,10,12,15]	n15_grid_v4_jitter	grid_coord	meta	meta_json	46ea62d53e09/worker2/PPCC/jug/s101/n2/base	101	1
46ea62d53e09	worker2	PPCC/jug	1	3	base	activation	55004396b9c133ad	55004396b9c133adc4a36ade0cfe2da4e6c4b393b723c07142bb681f241bceab	lerobot_groot_n15	n15	lerobot_groot_n15__robocasa365_ckpt120000		0	Pick the jug from the counter and place it in the cabinet.	robocasa_panda_omron/PickPlaceCounterToCabinet_PandaOmron_Env	100128	1300003	0	0			5		1	all_token_full	groot_n15_dit_block_residual_full_tokens_denoise	"[""layer"",""denoise_step"",""model_token"",""feature_dim""]"	[7,4,49,1536]	[0,2,4,8,10,12,15]	n15_grid_v4_jitter	grid_coord	meta	meta_json	46ea62d53e09/worker2/PPCC/jug/s101/n3/base	101	1
46ea62d53e09	worker2	PPCC/jug	1	4	base	activation	5c0d05d810fff990	5c0d05d810fff990a9c7389d510fb59903a7716df0f8fe433c4030a3b6923bfb	lerobot_groot_n15	n15	lerobot_groot_n15__robocasa365_ckpt120000		0	Pick the jug from the counter and place it in the cabinet.	robocasa_panda_omron/PickPlaceCounterToCabinet_PandaOmron_Env	100128	1300004	0	0			5		1	all_token_full	groot_n15_dit_block_residual_full_tokens_denoise	"[""layer"",""denoise_step"",""model_token"",""feature_dim""]"	[7,4,49,1536]	[0,2,4,8,10,12,15]	n15_grid_v4_jitter	grid_coord	meta	meta_json	46ea62d53e09/worker2/PPCC/jug/s101/n4/base	101	1
46ea62d53e09	worker2	PPCC/jug	1	0	base	activation	1027917c0f0c0f0d	1027917c0f0c0f0db09a69eeb8c8373ec5246b4bb85dd21cab352dc307694c02	lerobot_groot_n15	n15	lerobot_groot_n15__robocasa365_ckpt120000		0	Pick the jug from the counter and place it in the cabinet.	robocasa_panda_omron/PickPlaceCounterToCabinet_PandaOmron_Env	100128	1300000	0	0			5		1	all_token_full	groot_n15_dit_block_residual_full_tokens_denoise	"[""layer"",""denoise_step"",""model_token"",""feature_dim""]"	[7,4,49,1536]	[0,2,4,8,10,12,15]	n15_grid_v4_jitter	grid_coord	meta	meta_json	46ea62d53e09/worker2/PPCC/jug/s102/n0/base	102	2
46ea62d53e09	worker2	PPCC/jug	1	1	base	activation	37edf1de801c6e54	37edf1de801c6e5424dbf96ad5fee0f6802388df832f71d0f845e005b38c386d	lerobot_groot_n15	n15	lerobot_groot_n15__robocasa365_ckpt120000		0	Pick the jug from the counter and place it in the cabinet.	robocasa_panda_omron/PickPlaceCounterToCabinet_PandaOmron_Env	100128	1300001	0	0			5		1	all_token_full	groot_n15_dit_block_residual_full_tokens_denoise	"[""layer"",""denoise_step"",""model_token"",""feature_dim""]"	[7,4,49,1536]	[0,2,4,8,10,12,15]	n15_grid_v4_jitter	grid_coord	meta	meta_json	46ea62d53e09/worker2/PPCC/jug/s102/n1/base	102	2
46ea62d53e09	worker2	PPCC/jug	1	2	base	activation	737651a4ff280ca0	737651a4ff280ca09e22c323d62bb90e825daaa74dc4ff102552d4460135d2cd	lerobot_groot_n15	n15	lerobot_groot_n15__robocasa365_ckpt120000		0	Pick the jug from the counter and place it in the cabinet.	robocasa_panda_omron/PickPlaceCounterToCabinet_PandaOmron_Env	100128	1300002	0	0			5		1	all_token_full	groot_n15_dit_block_residual_full_tokens_denoise	"[""layer"",""denoise_step"",""model_token"",""feature_dim""]"	[7,4,49,1536]	[0,2,4,8,10,12,15]	n15_grid_v4_jitter	grid_coord	meta	meta_json	46ea62d53e09/worker2/PPCC/jug/s102/n2/base	102	2
46ea62d53e09	worker2	PPCC/jug	1	3	base	activation	086d3776a9219a23	086d3776a9219a23c9fcb24ff67a75f5ef683f9889bacb1430bf527b53d77667	lerobot_groot_n15	n15	lerobot_groot_n15__robocasa365_ckpt120000		0	Pick the jug from the counter and place it in the cabinet.	robocasa_panda_omron/PickPlaceCounterToCabinet_PandaOmron_Env	100128	1300003	0	0			5		1	all_token_full	groot_n15_dit_block_residual_full_tokens_denoise	"[""layer"",""denoise_step"",""model_token"",""feature_dim""]"	[7,4,49,1536]	[0,2,4,8,10,12,15]	n15_grid_v4_jitter	grid_coord	meta	meta_json	46ea62d53e09/worker2/PPCC/jug/s102/n3/base	102	2
46ea62d53e09	worker2	PPCC/jug	1	4	base	activation	f6a45a36844763fd	f6a45a36844763fda32e6a94dd0f7b67cce49943ae01906294c8624dbf8265a2	lerobot_groot_n15	n15	lerobot_groot_n15__robocasa365_ckpt120000		0	Pick the jug from the counter and place it in the cabinet.	robocasa_panda_omron/PickPlaceCounterToCabinet_PandaOmron_Env	100128	1300004	0	0			5		1	all_token_full	groot_n15_dit_block_residual_full_tokens_denoise	"[""layer"",""denoise_step"",""model_token"",""feature_dim""]"	[7,4,49,1536]	[0,2,4,8,10,12,15]	n15_grid_v4_jitter	grid_coord	meta	meta_json	46ea62d53e09/worker2/PPCC/jug/s102/n4/base	102	2
46ea62d53e09	worker2	PPCC/jug	1	0	base	activation	0fcf5d70c6142302	0fcf5d70c614230268cf228a1e2505fe3fae5b020f6e78d4f1632bf686a790f1	lerobot_groot_n15	n15	lerobot_groot_n15__robocasa365_ckpt120000		0	Pick the jug from the counter and place it in the cabinet.	robocasa_panda_omron/PickPlaceCounterToCabinet_PandaOmron_Env	100128	1300000	0	0			5		1	all_token_full	groot_n15_dit_block_residual_full_tokens_denoise	"[""layer"",""denoise_step"",""model_token"",""feature_dim""]"	[7,4,49,1536]	[0,2,4,8,10,12,15]	n15_grid_v4_jitter	grid_coord	meta	meta_json	46ea62d53e09/worker2/PPCC/jug/s103/n0/base	103	3
46ea62d53e09	worker2	PPCC/jug	1	1	base	activation	cd4dda3be126cc0d	cd4dda3be126cc0de66eba2230b11d13d1f164244bffb25698b3f8bf15cc7e11	lerobot_groot_n15	n15	lerobot_groot_n15__robocasa365_ckpt120000		0	Pick the jug from the counter and place it in the cabinet.	robocasa_panda_omron/PickPlaceCounterToCabinet_PandaOmron_Env	100128	1300001	0	0			5		1	all_token_full	groot_n15_dit_block_residual_full_tokens_denoise	"[""layer"",""denoise_step"",""model_token"",""feature_dim""]"	[7,4,49,1536]	[0,2,4,8,10,12,15]	n15_grid_v4_jitter	grid_coord	meta	meta_json	46ea62d53e09/worker2/PPCC/jug/s103/n1/base	103	3
46ea62d53e09	worker2	PPCC/jug	1	2	base	activation	f23c541ce343dff5	f23c541ce343dff52145317c427d356554a79133c0c20868617849d127c32d54	lerobot_groot_n15	n15	lerobot_groot_n15__robocasa365_ckpt120000		0	Pick the jug from the counter and place it in the cabinet.	robocasa_panda_omron/PickPlaceCounterToCabinet_PandaOmron_Env	100128	1300002	0	0			5		1	all_token_full	groot_n15_dit_block_residual_full_tokens_denoise	"[""layer"",""denoise_step"",""model_token"",""feature_dim""]"	[7,4,49,1536]	[0,2,4,8,10,12,15]	n15_grid_v4_jitter	grid_coord	meta	meta_json	46ea62d53e09/worker2/PPCC/jug/s103/n2/base	103	3
46ea62d53e09	worker2	PPCC/jug	1	3	base	activation	ddfaf49cccdd7da8	ddfaf49cccdd7da837756fed3389d96acf2f09cb5af34d9130a9ab81e8ce783f	lerobot_groot_n15	n15	lerobot_groot_n15__robocasa365_ckpt120000		0	Pick the jug from the counter and place it in the cabinet.	robocasa_panda_omron/PickPlaceCounterToCabinet_PandaOmron_Env	100128	1300003	0	0			5		1	all_token_full	groot_n15_dit_block_residual_full_tokens_denoise	"[""layer"",""denoise_step"",""model_token"",""feature_dim""]"	[7,4,49,1536]	[0,2,4,8,10,12,15]	n15_grid_v4_jitter	grid_coord	meta	meta_json	46ea62d53e09/worker2/PPCC/jug/s103/n3/base	103	3
46ea62d53e09	worker2	PPCC/jug	1	4	base	activation	52a14a6847eb9780	52a14a6847eb9780e4f22bc481ab2c8b973666888fed5ef672c0e355079fec65	lerobot_groot_n15	n15	lerobot_groot_n15__robocasa365_ckpt120000		0	Pick the jug from the counter and place it in the cabinet.	robocasa_panda_omron/PickPlaceCounterToCabinet_PandaOmron_Env	100128	1300004	0	0			5		1	all_token_full	groot_n15_dit_block_residual_full_tokens_denoise	"[""layer"",""denoise_step"",""model_token"",""feature_dim""]"	[7,4,49,1536]	[0,2,4,8,10,12,15]	n15_grid_v4_jitter	grid_coord	meta	meta_json	46ea62d53e09/worker2/PPCC/jug/s103/n4/base	103	3
46ea62d53e09	worker2	PPCC/jug	0	0	base	activation	17d889bf451f5bc9	17d889bf451f5bc943baaf954204e713380ab0c497618ebab88a6c181fd27ae7	lerobot_groot_n15	n15	lerobot_groot_n15__robocasa365_ckpt120000		0	Pick the jug from the counter and place it in the cabinet.	robocasa_panda_omron/PickPlaceCounterToCabinet_PandaOmron_Env	100095	1300000	0	0			5		1	all_token_full	groot_n15_dit_block_residual_full_tokens_denoise	"[""layer"",""denoise_step"",""model_token"",""feature_dim""]"	[7,4,49,1536]	[0,2,4,8,10,12,15]	n15_grid_v4_jitter	grid_coord	meta	meta_json	46ea62d53e09/worker2/PPCC/jug/s2/n0/base	2	2
46ea62d53e09	worker2	PPCC/jug	0	1	base	activation	90950ffff5244af7	90950ffff5244af76798b5c88f64de9e902146d66f1e658991eb32fd4155f86b	lerobot_groot_n15	n15	lerobot_groot_n15__robocasa365_ckpt120000		0	Pick the jug from the counter and place it in the cabinet.	robocasa_panda_omron/PickPlaceCounterToCabinet_PandaOmron_Env	100095	1300001	0	0			5		1	all_token_full	groot_n15_dit_block_residual_full_tokens_denoise	"[""layer"",""denoise_step"",""model_token"",""feature_dim""]"	[7,4,49,1536]	[0,2,4,8,10,12,15]	n15_grid_v4_jitter	grid_coord	meta	meta_json	46ea62d53e09/worker2/PPCC/jug/s2/n1/base	2	2
46ea62d53e09	worker2	PPCC/jug	0	2	base	activation	4c0fbdc0dd0125b6	4c0fbdc0dd0125b6c520921b86aa2c8030ec0811de9f0875247913a5e3e61530	lerobot_groot_n15	n15	lerobot_groot_n15__robocasa365_ckpt120000		0	Pick the jug from the counter and place it in the cabinet.	robocasa_panda_omron/PickPlaceCounterToCabinet_PandaOmron_Env	100095	1300002	0	0			5		1	all_token_full	groot_n15_dit_block_residual_full_tokens_denoise	"[""layer"",""denoise_step"",""model_token"",""feature_dim""]"	[7,4,49,1536]	[0,2,4,8,10,12,15]	n15_grid_v4_jitter	grid_coord	meta	meta_json	46ea62d53e09/worker2/PPCC/jug/s2/n2/base	2	2
46ea62d53e09	worker2	PPCC/jug	0	3	base	activation	a5b6c87cc80907fe	a5b6c87cc80907fe73f43b0ad8674fd94d0d5e7ef926b64c31123f8e354cf6ca	lerobot_groot_n15	n15	lerobot_groot_n15__robocasa365_ckpt120000		0	Pick the jug from the counter and place it in the cabinet.	robocasa_panda_omron/PickPlaceCounterToCabinet_PandaOmron_Env	100095	1300003	0	0			5		1	all_token_full	groot_n15_dit_block_residual_full_tokens_denoise	"[""layer"",""denoise_step"",""model_token"",""feature_dim""]"	[7,4,49,1536]	[0,2,4,8,10,12,15]	n15_grid_v4_jitter	grid_coord	meta	meta_json	46ea62d53e09/worker2/PPCC/jug/s2/n3/base	2	2
46ea62d53e09	worker2	PPCC/jug	0	4	base	activation	4d0cf1ccc0380dc4	4d0cf1ccc0380dc4052e4bc526071c53e277eb61769c6005530d1bdb46563587	lerobot_groot_n15	n15	lerobot_groot_n15__robocasa365_ckpt120000		0	Pick the jug from the counter and place it in the cabinet.	robocasa_panda_omron/PickPlaceCounterToCabinet_PandaOmron_Env	100095	1300004	0	0			5		1	all_token_full	groot_n15_dit_block_residual_full_tokens_denoise	"[""layer"",""denoise_step"",""model_token"",""feature_dim""]"	[7,4,49,1536]	[0,2,4,8,10,12,15]	n15_grid_v4_jitter	grid_coord	meta	meta_json	46ea62d53e09/worker2/PPCC/jug/s2/n4/base	2	2
46ea62d53e09	worker2	PPCC/jug	2	0	base	activation	31d331f066bc95ba	31d331f066bc95bad1714586798339de950e9be10044d1e3ad6eba0987c63475	lerobot_groot_n15	n15	lerobot_groot_n15__robocasa365_ckpt120000		0	Pick the jug from the counter and place it in the cabinet.	robocasa_panda_omron/PickPlaceCounterToCabinet_PandaOmron_Env	100137	1300000	0	0			5		1	all_token_full	groot_n15_dit_block_residual_full_tokens_denoise	"[""layer"",""denoise_step"",""model_token"",""feature_dim""]"	[7,4,49,1536]	[0,2,4,8,10,12,15]	n15_grid_v4_jitter	grid_coord	meta	meta_json	46ea62d53e09/worker2/PPCC/jug/s200/n0/base	200	0
46ea62d53e09	worker2	PPCC/jug	2	1	base	activation	05e02a69bd6aefe9	05e02a69bd6aefe90a1a964bb336f20c256376b29de3d2afed5eec5c33cd170e	lerobot_groot_n15	n15	lerobot_groot_n15__robocasa365_ckpt120000		0	Pick the jug from the counter and place it in the cabinet.	robocasa_panda_omron/PickPlaceCounterToCabinet_PandaOmron_Env	100137	1300001	0	0			5		1	all_token_full	groot_n15_dit_block_residual_full_tokens_denoise	"[""layer"",""denoise_step"",""model_token"",""feature_dim""]"	[7,4,49,1536]	[0,2,4,8,10,12,15]	n15_grid_v4_jitter	grid_coord	meta	meta_json	46ea62d53e09/worker2/PPCC/jug/s200/n1/base	200	0
46ea62d53e09	worker2	PPCC/jug	2	2	base	activation	4821b601ca6b9e96	4821b601ca6b9e962f064b53d97c003a94fe397b727df8a7c01eeb31f386bda7	lerobot_groot_n15	n15	lerobot_groot_n15__robocasa365_ckpt120000		0	Pick the jug from the counter and place it in the cabinet.	robocasa_panda_omron/PickPlaceCounterToCabinet_PandaOmron_Env	100137	1300002	0	0			5		1	all_token_full	groot_n15_dit_block_residual_full_tokens_denoise	"[""layer"",""denoise_step"",""model_token"",""feature_dim""]"	[7,4,49,1536]	[0,2,4,8,10,12,15]	n15_grid_v4_jitter	grid_coord	meta	meta_json	46ea62d53e09/worker2/PPCC/jug/s200/n2/base	200	0
46ea62d53e09	worker2	PPCC/jug	2	3	base	activation	809c61cf8dceebf4	809c61cf8dceebf4a50102d31f42c2255568ab99836b81ec61b5e95b1ae1935b	lerobot_groot_n15	n15	lerobot_groot_n15__robocasa365_ckpt120000		0	Pick the jug from the counter and place it in the cabinet.	robocasa_panda_omron/PickPlaceCounterToCabinet_PandaOmron_Env	100137	1300003	0	0			5		1	all_token_full	groot_n15_dit_block_residual_full_tokens_denoise	"[""layer"",""denoise_step"",""model_token"",""feature_dim""]"	[7,4,49,1536]	[0,2,4,8,10,12,15]	n15_grid_v4_jitter	grid_coord	meta	meta_json	46ea62d53e09/worker2/PPCC/jug/s200/n3/base	200	0
46ea62d53e09	worker2	PPCC/jug	2	4	base	activation	71b2ac229763a487	71b2ac229763a487ba8c8717f5e2cef43bf9ea6bc0ad463a9002d3be216aec3d	lerobot_groot_n15	n15	lerobot_groot_n15__robocasa365_ckpt120000		0	Pick the jug from the counter and place it in the cabinet.	robocasa_panda_omron/PickPlaceCounterToCabinet_PandaOmron_Env	100137	1300004	0	0			5		1	all_token_full	groot_n15_dit_block_residual_full_tokens_denoise	"[""layer"",""denoise_step"",""model_token"",""feature_dim""]"	[7,4,49,1536]	[0,2,4,8,10,12,15]	n15_grid_v4_jitter	grid_coord	meta	meta_json	46ea62d53e09/worker2/PPCC/jug/s200/n4/base	200	0
46ea62d53e09	worker2	PPCC/jug	2	0	base	activation	bf3d4e9a6b1dbd1e	bf3d4e9a6b1dbd1ee92daa24ced57d616ae2f7b2f7e9cc37d5ff62c92af3fc30	lerobot_groot_n15	n15	lerobot_groot_n15__robocasa365_ckpt120000		0	Pick the jug from the counter and place it in the cabinet.	robocasa_panda_omron/PickPlaceCounterToCabinet_PandaOmron_Env	100137	1300000	0	0			5		1	all_token_full	groot_n15_dit_block_residual_full_tokens_denoise	"[""layer"",""denoise_step"",""model_token"",""feature_dim""]"	[7,4,49,1536]	[0,2,4,8,10,12,15]	n15_grid_v4_jitter	grid_coord	meta	meta_json	46ea62d53e09/worker2/PPCC/jug/s201/n0/base	201	1
46ea62d53e09	worker2	PPCC/jug	2	1	base	activation	a20835f2d8a62331	a20835f2d8a623315a7a0b77b6d10a9b84940c0101cda68dcc55c940a307277e	lerobot_groot_n15	n15	lerobot_groot_n15__robocasa365_ckpt120000		0	Pick the jug from the counter and place it in the cabinet.	robocasa_panda_omron/PickPlaceCounterToCabinet_PandaOmron_Env	100137	1300001	0	0			5		1	all_token_full	groot_n15_dit_block_residual_full_tokens_denoise	"[""layer"",""denoise_step"",""model_token"",""feature_dim""]"	[7,4,49,1536]	[0,2,4,8,10,12,15]	n15_grid_v4_jitter	grid_coord	meta	meta_json	46ea62d53e09/worker2/PPCC/jug/s201/n1/base	201	1
46ea62d53e09	worker2	PPCC/jug	2	2	base	activation	dfdbd8768839aef9	dfdbd8768839aef9095ad4aa224954584b07d9619be5921eef960d7cc611c427	lerobot_groot_n15	n15	lerobot_groot_n15__robocasa365_ckpt120000		0	Pick the jug from the counter and place it in the cabinet.	robocasa_panda_omron/PickPlaceCounterToCabinet_PandaOmron_Env	100137	1300002	0	0			5		1	all_token_full	groot_n15_dit_block_residual_full_tokens_denoise	"[""layer"",""denoise_step"",""model_token"",""feature_dim""]"	[7,4,49,1536]	[0,2,4,8,10,12,15]	n15_grid_v4_jitter	grid_coord	meta	meta_json	46ea62d53e09/worker2/PPCC/jug/s201/n2/base	201	1
46ea62d53e09	worker2	PPCC/jug	2	3	base	activation	1456a4e139d2a438	1456a4e139d2a43881fd2aaf1ca76739cda709f8ca4e3456a440e386523b6870	lerobot_groot_n15	n15	lerobot_groot_n15__robocasa365_ckpt120000		0	Pick the jug from the counter and place it in the cabinet.	robocasa_panda_omron/PickPlaceCounterToCabinet_PandaOmron_Env	100137	1300003	0	0			5		1	all_token_full	groot_n15_dit_block_residual_full_tokens_denoise	"[""layer"",""denoise_step"",""model_token"",""feature_dim""]"	[7,4,49,1536]	[0,2,4,8,10,12,15]	n15_grid_v4_jitter	grid_coord	meta	meta_json	46ea62d53e09/worker2/PPCC/jug/s201/n3/base	201	1
46ea62d53e09	worker2	PPCC/jug	2	4	base	activation	98a14e0720f8bd84	98a14e0720f8bd843536b680e1beef2777a74def6846e00b58a12c529cdaccc0	lerobot_groot_n15	n15	lerobot_groot_n15__robocasa365_ckpt120000		0	Pick the jug from the counter and place it in the cabinet.	robocasa_panda_omron/PickPlaceCounterToCabinet_PandaOmron_Env	100137	1300004	0	0			5		1	all_token_full	groot_n15_dit_block_residual_full_tokens_denoise	"[""layer"",""denoise_step"",""model_token"",""feature_dim""]"	[7,4,49,1536]	[0,2,4,8,10,12,15]	n15_grid_v4_jitter	grid_coord	meta	meta_json	46ea62d53e09/worker2/PPCC/jug/s201/n4/base	201	1
46ea62d53e09	worker2	PPCC/jug	2	0	base	activation	db0051abf7e9ddf4	db0051abf7e9ddf4ce2a64e77ac6998784702165682e2fbbf37d736eb5e67c5c	lerobot_groot_n15	n15	lerobot_groot_n15__robocasa365_ckpt120000		0	Pick the jug from the counter and place it in the cabinet.	robocasa_panda_omron/PickPlaceCounterToCabinet_PandaOmron_Env	100137	1300000	0	0			5		1	all_token_full	groot_n15_dit_block_residual_full_tokens_denoise	"[""layer"",""denoise_step"",""model_token"",""feature_dim""]"	[7,4,49,1536]	[0,2,4,8,10,12,15]	n15_grid_v4_jitter	grid_coord	meta	meta_json	46ea62d53e09/worker2/PPCC/jug/s202/n0/base	202	2
46ea62d53e09	worker2	PPCC/jug	2	1	base	activation	e1b7ed29f4064278	e1b7ed29f4064278d4ef1e70299cf3fcc08c23a73e0cb536ab5481a0ea193e1d	lerobot_groot_n15	n15	lerobot_groot_n15__robocasa365_ckpt120000		0	Pick the jug from the counter and place it in the cabinet.	robocasa_panda_omron/PickPlaceCounterToCabinet_PandaOmron_Env	100137	1300001	0	0			5		1	all_token_full	groot_n15_dit_block_residual_full_tokens_denoise	"[""layer"",""denoise_step"",""model_token"",""feature_dim""]"	[7,4,49,1536]	[0,2,4,8,10,12,15]	n15_grid_v4_jitter	grid_coord	meta	meta_json	46ea62d53e09/worker2/PPCC/jug/s202/n1/base	202	2
46ea62d53e09	worker2	PPCC/jug	2	2	base	activation	91c5a0c93ba28f83	91c5a0c93ba28f835061791517d426d45a2d4a485226d798adcb8484a8cbba0c	lerobot_groot_n15	n15	lerobot_groot_n15__robocasa365_ckpt120000		0	Pick the jug from the counter and place it in the cabinet.	robocasa_panda_omron/PickPlaceCounterToCabinet_PandaOmron_Env	100137	1300002	0	0			5		1	all_token_full	groot_n15_dit_block_residual_full_tokens_denoise	"[""layer"",""denoise_step"",""model_token"",""feature_dim""]"	[7,4,49,1536]	[0,2,4,8,10,12,15]	n15_grid_v4_jitter	grid_coord	meta	meta_json	46ea62d53e09/worker2/PPCC/jug/s202/n2/base	202	2
46ea62d53e09	worker2	PPCC/jug	2	3	base	activation	520822a9edc0732d	520822a9edc0732d7266e0bb3581fa5e4833bb743405d561d9dfd84ef29ce5f5	lerobot_groot_n15	n15	lerobot_groot_n15__robocasa365_ckpt120000		0	Pick the jug from the counter and place it in the cabinet.	robocasa_panda_omron/PickPlaceCounterToCabinet_PandaOmron_Env	100137	1300003	0	0			5		1	all_token_full	groot_n15_dit_block_residual_full_tokens_denoise	"[""layer"",""denoise_step"",""model_token"",""feature_dim""]"	[7,4,49,1536]	[0,2,4,8,10,12,15]	n15_grid_v4_jitter	grid_coord	meta	meta_json	46ea62d53e09/worker2/PPCC/jug/s202/n3/base	202	2
46ea62d53e09	worker2	PPCC/jug	2	4	base	activation	3bb4c490cb3a6d21	3bb4c490cb3a6d219bc8d298f9d0fb69e81d946447d6466f9cf9ab2d38db5f10	lerobot_groot_n15	n15	lerobot_groot_n15__robocasa365_ckpt120000		0	Pick the jug from the counter and place it in the cabinet.	robocasa_panda_omron/PickPlaceCounterToCabinet_PandaOmron_Env	100137	1300004	0	0			5		1	all_token_full	groot_n15_dit_block_residual_full_tokens_denoise	"[""layer"",""denoise_step"",""model_token"",""feature_dim""]"	[7,4,49,1536]	[0,2,4,8,10,12,15]	n15_grid_v4_jitter	grid_coord	meta	meta_json	46ea62d53e09/worker2/PPCC/jug/s202/n4/base	202	2
46ea62d53e09	worker2	PPCC/jug	2	0	base	activation	47627ee9d246e4a1	47627ee9d246e4a14c1b5f03368ed1ec1f01b9ed189d504f57d19e7defffa7c1	lerobot_groot_n15	n15	lerobot_groot_n15__robocasa365_ckpt120000		0	Pick the jug from the counter and place it in the cabinet.	robocasa_panda_omron/PickPlaceCounterToCabinet_PandaOmron_Env	100137	1300000	0	0			5		1	all_token_full	groot_n15_dit_block_residual_full_tokens_denoise	"[""layer"",""denoise_step"",""model_token"",""feature_dim""]"	[7,4,49,1536]	[0,2,4,8,10,12,15]	n15_grid_v4_jitter	grid_coord	meta	meta_json	46ea62d53e09/worker2/PPCC/jug/s203/n0/base	203	3
46ea62d53e09	worker2	PPCC/jug	2	1	base	activation	5738036578b7e86b	5738036578b7e86b6d3ca71c19b40bd6a95f6a57918dfff63136c8079e8e363b	lerobot_groot_n15	n15	lerobot_groot_n15__robocasa365_ckpt120000		0	Pick the jug from the counter and place it in the cabinet.	robocasa_panda_omron/PickPlaceCounterToCabinet_PandaOmron_Env	100137	1300001	0	0			5		1	all_token_full	groot_n15_dit_block_residual_full_tokens_denoise	"[""layer"",""denoise_step"",""model_token"",""feature_dim""]"	[7,4,49,1536]	[0,2,4,8,10,12,15]	n15_grid_v4_jitter	grid_coord	meta	meta_json	46ea62d53e09/worker2/PPCC/jug/s203/n1/base	203	3
46ea62d53e09	worker2	PPCC/jug	2	2	base	activation	c8a3c4c4efd64b6b	c8a3c4c4efd64b6bf5b6ef0610ccf5d47e20d95082edd21f1caa0bdcfb30b9ee	lerobot_groot_n15	n15	lerobot_groot_n15__robocasa365_ckpt120000		0	Pick the jug from the counter and place it in the cabinet.	robocasa_panda_omron/PickPlaceCounterToCabinet_PandaOmron_Env	100137	1300002	0	0			5		1	all_token_full	groot_n15_dit_block_residual_full_tokens_denoise	"[""layer"",""denoise_step"",""model_token"",""feature_dim""]"	[7,4,49,1536]	[0,2,4,8,10,12,15]	n15_grid_v4_jitter	grid_coord	meta	meta_json	46ea62d53e09/worker2/PPCC/jug/s203/n2/base	203	3
46ea62d53e09	worker2	PPCC/jug	2	3	base	activation	63a2afd915ac6cd7	63a2afd915ac6cd7054447bdefa50128844260f4d97af64f72ea46f3592b471e	lerobot_groot_n15	n15	lerobot_groot_n15__robocasa365_ckpt120000		0	Pick the jug from the counter and place it in the cabinet.	robocasa_panda_omron/PickPlaceCounterToCabinet_PandaOmron_Env	100137	1300003	0	0			5		1	all_token_full	groot_n15_dit_block_residual_full_tokens_denoise	"[""layer"",""denoise_step"",""model_token"",""feature_dim""]"	[7,4,49,1536]	[0,2,4,8,10,12,15]	n15_grid_v4_jitter	grid_coord	meta	meta_json	46ea62d53e09/worker2/PPCC/jug/s203/n3/base	203	3
46ea62d53e09	worker2	PPCC/jug	2	4	base	activation	5a98f8f3ea53df0d	5a98f8f3ea53df0db12f86ecee54a1b91acc0b28f8924880796a6d1d7bc20739	lerobot_groot_n15	n15	lerobot_groot_n15__robocasa365_ckpt120000		0	Pick the jug from the counter and place it in the cabinet.	robocasa_panda_omron/PickPlaceCounterToCabinet_PandaOmron_Env	100137	1300004	0	1			5		1	all_token_full	groot_n15_dit_block_residual_full_tokens_denoise	"[""layer"",""denoise_step"",""model_token"",""feature_dim""]"	[7,4,49,1536]	[0,2,4,8,10,12,15]	n15_grid_v4_jitter	grid_coord	meta	meta_json	46ea62d53e09/worker2/PPCC/jug/s203/n4/base	203	3
46ea62d53e09	worker2	PPCC/jug	0	0	base	activation	94d47991c0653549	94d47991c0653549d44d3d553375650383e09280e7481d17cd5d122b61ee5ea3	lerobot_groot_n15	n15	lerobot_groot_n15__robocasa365_ckpt120000		0	Pick the jug from the counter and place it in the cabinet.	robocasa_panda_omron/PickPlaceCounterToCabinet_PandaOmron_Env	100095	1300000	0	0			5		1	all_token_full	groot_n15_dit_block_residual_full_tokens_denoise	"[""layer"",""denoise_step"",""model_token"",""feature_dim""]"	[7,4,49,1536]	[0,2,4,8,10,12,15]	n15_grid_v4_jitter	grid_coord	meta	meta_json	46ea62d53e09/worker2/PPCC/jug/s3/n0/base	3	3
46ea62d53e09	worker2	PPCC/jug	0	1	base	activation	5f6d1a8925d633c1	5f6d1a8925d633c1b8f5daf2d060a6e07751de09c588123a97900e3da8d22325	lerobot_groot_n15	n15	lerobot_groot_n15__robocasa365_ckpt120000		0	Pick the jug from the counter and place it in the cabinet.	robocasa_panda_omron/PickPlaceCounterToCabinet_PandaOmron_Env	100095	1300001	0	0			5		1	all_token_full	groot_n15_dit_block_residual_full_tokens_denoise	"[""layer"",""denoise_step"",""model_token"",""feature_dim""]"	[7,4,49,1536]	[0,2,4,8,10,12,15]	n15_grid_v4_jitter	grid_coord	meta	meta_json	46ea62d53e09/worker2/PPCC/jug/s3/n1/base	3	3
46ea62d53e09	worker2	PPCC/jug	0	2	base	activation	b8dae88de0c5817c	b8dae88de0c5817cd455a3ed63ceb6344c18bb83ea7968e3f497a747776c561b	lerobot_groot_n15	n15	lerobot_groot_n15__robocasa365_ckpt120000		0	Pick the jug from the counter and place it in the cabinet.	robocasa_panda_omron/PickPlaceCounterToCabinet_PandaOmron_Env	100095	1300002	0	0			5		1	all_token_full	groot_n15_dit_block_residual_full_tokens_denoise	"[""layer"",""denoise_step"",""model_token"",""feature_dim""]"	[7,4,49,1536]	[0,2,4,8,10,12,15]	n15_grid_v4_jitter	grid_coord	meta	meta_json	46ea62d53e09/worker2/PPCC/jug/s3/n2/base	3	3
46ea62d53e09	worker2	PPCC/jug	0	3	base	activation	fab3a6203ac709e0	fab3a6203ac709e00cc33d0d259b2bfd260257cca9e879a953da8e60053caa36	lerobot_groot_n15	n15	lerobot_groot_n15__robocasa365_ckpt120000		0	Pick the jug from the counter and place it in the cabinet.	robocasa_panda_omron/PickPlaceCounterToCabinet_PandaOmron_Env	100095	1300003	0	0			5		1	all_token_full	groot_n15_dit_block_residual_full_tokens_denoise	"[""layer"",""denoise_step"",""model_token"",""feature_dim""]"	[7,4,49,1536]	[0,2,4,8,10,12,15]	n15_grid_v4_jitter	grid_coord	meta	meta_json	46ea62d53e09/worker2/PPCC/jug/s3/n3/base	3	3
46ea62d53e09	worker2	PPCC/jug	0	4	base	activation	ca2168483db56d3d	ca2168483db56d3dcd75a7b7f34d6582f08a87ffe066d1a33c834b21294c811f	lerobot_groot_n15	n15	lerobot_groot_n15__robocasa365_ckpt120000		0	Pick the jug from the counter and place it in the cabinet.	robocasa_panda_omron/PickPlaceCounterToCabinet_PandaOmron_Env	100095	1300004	0	0			5		1	all_token_full	groot_n15_dit_block_residual_full_tokens_denoise	"[""layer"",""denoise_step"",""model_token"",""feature_dim""]"	[7,4,49,1536]	[0,2,4,8,10,12,15]	n15_grid_v4_jitter	grid_coord	meta	meta_json	46ea62d53e09/worker2/PPCC/jug/s3/n4/base	3	3
46ea62d53e09	worker2	PPCC/jug	3	0	base	activation	936a0f34b6be3453	936a0f34b6be34535a0b1264cda153d82389e576985681bb1233ec952c55a1cc	lerobot_groot_n15	n15	lerobot_groot_n15__robocasa365_ckpt120000		0	Pick the jug from the counter and place it in the cabinet.	robocasa_panda_omron/PickPlaceCounterToCabinet_PandaOmron_Env	100360	1300000	0	0			5		1	all_token_full	groot_n15_dit_block_residual_full_tokens_denoise	"[""layer"",""denoise_step"",""model_token"",""feature_dim""]"	[7,4,49,1536]	[0,2,4,8,10,12,15]	n15_grid_v4_jitter	grid_coord	meta	meta_json	46ea62d53e09/worker2/PPCC/jug/s300/n0/base	300	0
46ea62d53e09	worker2	PPCC/jug	3	1	base	activation	0c1ee7a2f992e4d5	0c1ee7a2f992e4d55946933df1efb60a4d75ddf5335e063c9f935fd100961f6e	lerobot_groot_n15	n15	lerobot_groot_n15__robocasa365_ckpt120000		0	Pick the jug from the counter and place it in the cabinet.	robocasa_panda_omron/PickPlaceCounterToCabinet_PandaOmron_Env	100360	1300001	0	1			5		1	all_token_full	groot_n15_dit_block_residual_full_tokens_denoise	"[""layer"",""denoise_step"",""model_token"",""feature_dim""]"	[7,4,49,1536]	[0,2,4,8,10,12,15]	n15_grid_v4_jitter	grid_coord	meta	meta_json	46ea62d53e09/worker2/PPCC/jug/s300/n1/base	300	0
46ea62d53e09	worker2	PPCC/jug	3	2	base	activation	d2356362b33ecf16	d2356362b33ecf1627d3e85adeab460a2bb58835df0e9131afb763548c28cf7d	lerobot_groot_n15	n15	lerobot_groot_n15__robocasa365_ckpt120000		0	Pick the jug from the counter and place it in the cabinet.	robocasa_panda_omron/PickPlaceCounterToCabinet_PandaOmron_Env	100360	1300002	0	1			5		1	all_token_full	groot_n15_dit_block_residual_full_tokens_denoise	"[""layer"",""denoise_step"",""model_token"",""feature_dim""]"	[7,4,49,1536]	[0,2,4,8,10,12,15]	n15_grid_v4_jitter	grid_coord	meta	meta_json	46ea62d53e09/worker2/PPCC/jug/s300/n2/base	300	0
46ea62d53e09	worker2	PPCC/jug	3	3	base	activation	64506a1f950522c5	64506a1f950522c5f6352c45acab11c6960cd2cbf4107e828be939b4f481f101	lerobot_groot_n15	n15	lerobot_groot_n15__robocasa365_ckpt120000		0	Pick the jug from the counter and place it in the cabinet.	robocasa_panda_omron/PickPlaceCounterToCabinet_PandaOmron_Env	100360	1300003	0	1			5		1	all_token_full	groot_n15_dit_block_residual_full_tokens_denoise	"[""layer"",""denoise_step"",""model_token"",""feature_dim""]"	[7,4,49,1536]	[0,2,4,8,10,12,15]	n15_grid_v4_jitter	grid_coord	meta	meta_json	46ea62d53e09/worker2/PPCC/jug/s300/n3/base	300	0
46ea62d53e09	worker2	PPCC/jug	3	4	base	activation	76780c2ce98a11d4	76780c2ce98a11d499c759449a5de63d9c7083a6f4e80a36ab6ce946f7d09175	lerobot_groot_n15	n15	lerobot_groot_n15__robocasa365_ckpt120000		0	Pick the jug from the counter and place it in the cabinet.	robocasa_panda_omron/PickPlaceCounterToCabinet_PandaOmron_Env	100360	1300004	0	1			5		1	all_token_full	groot_n15_dit_block_residual_full_tokens_denoise	"[""layer"",""denoise_step"",""model_token"",""feature_dim""]"	[7,4,49,1536]	[0,2,4,8,10,12,15]	n15_grid_v4_jitter	grid_coord	meta	meta_json	46ea62d53e09/worker2/PPCC/jug/s300/n4/base	300	0
46ea62d53e09	worker2	PPCC/jug	3	0	base	activation	a9fae2a51b09814e	a9fae2a51b09814e139ecbf93ca716e91243f90baa5d6a0813bcca9ec012cbbe	lerobot_groot_n15	n15	lerobot_groot_n15__robocasa365_ckpt120000		0	Pick the jug from the counter and place it in the cabinet.	robocasa_panda_omron/PickPlaceCounterToCabinet_PandaOmron_Env	100360	1300000	0	0			5		1	all_token_full	groot_n15_dit_block_residual_full_tokens_denoise	"[""layer"",""denoise_step"",""model_token"",""feature_dim""]"	[7,4,49,1536]	[0,2,4,8,10,12,15]	n15_grid_v4_jitter	grid_coord	meta	meta_json	46ea62d53e09/worker2/PPCC/jug/s301/n0/base	301	1
46ea62d53e09	worker2	PPCC/jug	3	1	base	activation	35408bb80dee7baa	35408bb80dee7baa055c9e86d312db016688842d62f83344082e6bea847cfa43	lerobot_groot_n15	n15	lerobot_groot_n15__robocasa365_ckpt120000		0	Pick the jug from the counter and place it in the cabinet.	robocasa_panda_omron/PickPlaceCounterToCabinet_PandaOmron_Env	100360	1300001	0	0			5		1	all_token_full	groot_n15_dit_block_residual_full_tokens_denoise	"[""layer"",""denoise_step"",""model_token"",""feature_dim""]"	[7,4,49,1536]	[0,2,4,8,10,12,15]	n15_grid_v4_jitter	grid_coord	meta	meta_json	46ea62d53e09/worker2/PPCC/jug/s301/n1/base	301	1
46ea62d53e09	worker2	PPCC/jug	3	2	base	activation	a301662c8bd4023c	a301662c8bd4023c9d9ede3f33bed228c344f9d310f18c9993bcd42a4acfc199	lerobot_groot_n15	n15	lerobot_groot_n15__robocasa365_ckpt120000		0	Pick the jug from the counter and place it in the cabinet.	robocasa_panda_omron/PickPlaceCounterToCabinet_PandaOmron_Env	100360	1300002	0	0			5		1	all_token_full	groot_n15_dit_block_residual_full_tokens_denoise	"[""layer"",""denoise_step"",""model_token"",""feature_dim""]"	[7,4,49,1536]	[0,2,4,8,10,12,15]	n15_grid_v4_jitter	grid_coord	meta	meta_json	46ea62d53e09/worker2/PPCC/jug/s301/n2/base	301	1
46ea62d53e09	worker2	PPCC/jug	3	3	base	activation	5c0d623da3c85753	5c0d623da3c857531ed2b97f67ea5d9312155865875b7ac4ede8ebfb8caeb612	lerobot_groot_n15	n15	lerobot_groot_n15__robocasa365_ckpt120000		0	Pick the jug from the counter and place it in the cabinet.	robocasa_panda_omron/PickPlaceCounterToCabinet_PandaOmron_Env	100360	1300003	0	0			5		1	all_token_full	groot_n15_dit_block_residual_full_tokens_denoise	"[""layer"",""denoise_step"",""model_token"",""feature_dim""]"	[7,4,49,1536]	[0,2,4,8,10,12,15]	n15_grid_v4_jitter	grid_coord	meta	meta_json	46ea62d53e09/worker2/PPCC/jug/s301/n3/base	301	1
46ea62d53e09	worker2	PPCC/jug	3	4	base	activation	4ed2f000c5291c61	4ed2f000c5291c61eece3b5533935fb5fe058283f52b68af2e963dd657c27422	lerobot_groot_n15	n15	lerobot_groot_n15__robocasa365_ckpt120000		0	Pick the jug from the counter and place it in the cabinet.	robocasa_panda_omron/PickPlaceCounterToCabinet_PandaOmron_Env	100360	1300004	0	0			5		1	all_token_full	groot_n15_dit_block_residual_full_tokens_denoise	"[""layer"",""denoise_step"",""model_token"",""feature_dim""]"	[7,4,49,1536]	[0,2,4,8,10,12,15]	n15_grid_v4_jitter	grid_coord	meta	meta_json	46ea62d53e09/worker2/PPCC/jug/s301/n4/base	301	1
46ea62d53e09	worker2	PPCC/jug	3	0	base	activation	24785e139fb6ac77	24785e139fb6ac772c45de8356cdf36523e7a1dee71c6e53db37c20ae8651412	lerobot_groot_n15	n15	lerobot_groot_n15__robocasa365_ckpt120000		0	Pick the jug from the counter and place it in the cabinet.	robocasa_panda_omron/PickPlaceCounterToCabinet_PandaOmron_Env	100360	1300000	0	0			5		1	all_token_full	groot_n15_dit_block_residual_full_tokens_denoise	"[""layer"",""denoise_step"",""model_token"",""feature_dim""]"	[7,4,49,1536]	[0,2,4,8,10,12,15]	n15_grid_v4_jitter	grid_coord	meta	meta_json	46ea62d53e09/worker2/PPCC/jug/s302/n0/base	302	2
46ea62d53e09	worker2	PPCC/jug	3	1	base	activation	282bcb2c72c103c9	282bcb2c72c103c9c49f987bbd1bbbbe545d7c8237130baff9d9392b81c7ce3b	lerobot_groot_n15	n15	lerobot_groot_n15__robocasa365_ckpt120000		0	Pick the jug from the counter and place it in the cabinet.	robocasa_panda_omron/PickPlaceCounterToCabinet_PandaOmron_Env	100360	1300001	0	1			5		1	all_token_full	groot_n15_dit_block_residual_full_tokens_denoise	"[""layer"",""denoise_step"",""model_token"",""feature_dim""]"	[7,4,49,1536]	[0,2,4,8,10,12,15]	n15_grid_v4_jitter	grid_coord	meta	meta_json	46ea62d53e09/worker2/PPCC/jug/s302/n1/base	302	2
46ea62d53e09	worker2	PPCC/jug	3	2	base	activation	b8df77649db61802	b8df77649db618020088294da8431a35e0afb0afc3fbad3522ec7e1c3901d653	lerobot_groot_n15	n15	lerobot_groot_n15__robocasa365_ckpt120000		0	Pick the jug from the counter and place it in the cabinet.	robocasa_panda_omron/PickPlaceCounterToCabinet_PandaOmron_Env	100360	1300002	0	0			5		1	all_token_full	groot_n15_dit_block_residual_full_tokens_denoise	"[""layer"",""denoise_step"",""model_token"",""feature_dim""]"	[7,4,49,1536]	[0,2,4,8,10,12,15]	n15_grid_v4_jitter	grid_coord	meta	meta_json	46ea62d53e09/worker2/PPCC/jug/s302/n2/base	302	2
46ea62d53e09	worker2	PPCC/jug	3	3	base	activation	9bf3eec7906eb4a6	9bf3eec7906eb4a61877f95d5e7c821e7311863aea388bab770a5d13cdebaa45	lerobot_groot_n15	n15	lerobot_groot_n15__robocasa365_ckpt120000		0	Pick the jug from the counter and place it in the cabinet.	robocasa_panda_omron/PickPlaceCounterToCabinet_PandaOmron_Env	100360	1300003	0	0			5		1	all_token_full	groot_n15_dit_block_residual_full_tokens_denoise	"[""layer"",""denoise_step"",""model_token"",""feature_dim""]"	[7,4,49,1536]	[0,2,4,8,10,12,15]	n15_grid_v4_jitter	grid_coord	meta	meta_json	46ea62d53e09/worker2/PPCC/jug/s302/n3/base	302	2
46ea62d53e09	worker2	PPCC/jug	3	4	base	activation	de5789b7a1d3299b	de5789b7a1d3299bd577acab7622d377eee35761cdaa0ff7864b08bdff91a6c0	lerobot_groot_n15	n15	lerobot_groot_n15__robocasa365_ckpt120000		0	Pick the jug from the counter and place it in the cabinet.	robocasa_panda_omron/PickPlaceCounterToCabinet_PandaOmron_Env	100360	1300004	0	0			5		1	all_token_full	groot_n15_dit_block_residual_full_tokens_denoise	"[""layer"",""denoise_step"",""model_token"",""feature_dim""]"	[7,4,49,1536]	[0,2,4,8,10,12,15]	n15_grid_v4_jitter	grid_coord	meta	meta_json	46ea62d53e09/worker2/PPCC/jug/s302/n4/base	302	2
46ea62d53e09	worker2	PPCC/jug	3	0	base	activation	33609e36569e3967	33609e36569e3967cbddfd88c94c35f2e02d57d9f642a9e0e528d3992e308315	lerobot_groot_n15	n15	lerobot_groot_n15__robocasa365_ckpt120000		0	Pick the jug from the counter and place it in the cabinet.	robocasa_panda_omron/PickPlaceCounterToCabinet_PandaOmron_Env	100360	1300000	0	0			5		1	all_token_full	groot_n15_dit_block_residual_full_tokens_denoise	"[""layer"",""denoise_step"",""model_token"",""feature_dim""]"	[7,4,49,1536]	[0,2,4,8,10,12,15]	n15_grid_v4_jitter	grid_coord	meta	meta_json	46ea62d53e09/worker2/PPCC/jug/s303/n0/base	303	3
46ea62d53e09	worker2	PPCC/jug	3	1	base	activation	1db93eaf6e83df16	1db93eaf6e83df162e4b7332c0043d8abc119d112f675e091939757eebe2c497	lerobot_groot_n15	n15	lerobot_groot_n15__robocasa365_ckpt120000		0	Pick the jug from the counter and place it in the cabinet.	robocasa_panda_omron/PickPlaceCounterToCabinet_PandaOmron_Env	100360	1300001	0	0			5		1	all_token_full	groot_n15_dit_block_residual_full_tokens_denoise	"[""layer"",""denoise_step"",""model_token"",""feature_dim""]"	[7,4,49,1536]	[0,2,4,8,10,12,15]	n15_grid_v4_jitter	grid_coord	meta	meta_json	46ea62d53e09/worker2/PPCC/jug/s303/n1/base	303	3
46ea62d53e09	worker2	PPCC/jug	3	2	base	activation	e0c3134be4e14441	e0c3134be4e144415718e3ef003f5cd8a03a2c9a92e8fcd69a668bebff69a7ac	lerobot_groot_n15	n15	lerobot_groot_n15__robocasa365_ckpt120000		0	Pick the jug from the counter and place it in the cabinet.	robocasa_panda_omron/PickPlaceCounterToCabinet_PandaOmron_Env	100360	1300002	0	0			5		1	all_token_full	groot_n15_dit_block_residual_full_tokens_denoise	"[""layer"",""denoise_step"",""model_token"",""feature_dim""]"	[7,4,49,1536]	[0,2,4,8,10,12,15]	n15_grid_v4_jitter	grid_coord	meta	meta_json	46ea62d53e09/worker2/PPCC/jug/s303/n2/base	303	3
46ea62d53e09	worker2	PPCC/jug	3	3	base	activation	3a8afaee244b65c8	3a8afaee244b65c817d47e5945323f58ce503b1ab2be0f83cb093668b8efe4c8	lerobot_groot_n15	n15	lerobot_groot_n15__robocasa365_ckpt120000		0	Pick the jug from the counter and place it in the cabinet.	robocasa_panda_omron/PickPlaceCounterToCabinet_PandaOmron_Env	100360	1300003	0	0			5		1	all_token_full	groot_n15_dit_block_residual_full_tokens_denoise	"[""layer"",""denoise_step"",""model_token"",""feature_dim""]"	[7,4,49,1536]	[0,2,4,8,10,12,15]	n15_grid_v4_jitter	grid_coord	meta	meta_json	46ea62d53e09/worker2/PPCC/jug/s303/n3/base	303	3
46ea62d53e09	worker2	PPCC/jug	3	4	base	activation	6a8e19b4e041d4e9	6a8e19b4e041d4e9f62985c246d70c594dae6931dcaaddb40f7cb22fbbf97ee6	lerobot_groot_n15	n15	lerobot_groot_n15__robocasa365_ckpt120000		0	Pick the jug from the counter and place it in the cabinet.	robocasa_panda_omron/PickPlaceCounterToCabinet_PandaOmron_Env	100360	1300004	0	0			5		1	all_token_full	groot_n15_dit_block_residual_full_tokens_denoise	"[""layer"",""denoise_step"",""model_token"",""feature_dim""]"	[7,4,49,1536]	[0,2,4,8,10,12,15]	n15_grid_v4_jitter	grid_coord	meta	meta_json	46ea62d53e09/worker2/PPCC/jug/s303/n4/base	303	3
46ea62d53e09	worker2	PPCC/jug	4	0	base	activation	d0598d8b11693b2e	d0598d8b11693b2e570bd4c6b977b53b485264161e196c6e4aff8af5e5bdc7dc	lerobot_groot_n15	n15	lerobot_groot_n15__robocasa365_ckpt120000		0	Pick the jug from the counter and place it in the cabinet.	robocasa_panda_omron/PickPlaceCounterToCabinet_PandaOmron_Env	100387	1300000	0	1			5		1	all_token_full	groot_n15_dit_block_residual_full_tokens_denoise	"[""layer"",""denoise_step"",""model_token"",""feature_dim""]"	[7,4,49,1536]	[0,2,4,8,10,12,15]	n15_grid_v4_jitter	grid_coord	meta	meta_json	46ea62d53e09/worker2/PPCC/jug/s400/n0/base	400	0
46ea62d53e09	worker2	PPCC/jug	4	1	base	activation	3f57dd9049c3d084	3f57dd9049c3d08483d3e0efa8c38ddc566434a2c88197c2f1435513e60db0ff	lerobot_groot_n15	n15	lerobot_groot_n15__robocasa365_ckpt120000		0	Pick the jug from the counter and place it in the cabinet.	robocasa_panda_omron/PickPlaceCounterToCabinet_PandaOmron_Env	100387	1300001	0	0			5		1	all_token_full	groot_n15_dit_block_residual_full_tokens_denoise	"[""layer"",""denoise_step"",""model_token"",""feature_dim""]"	[7,4,49,1536]	[0,2,4,8,10,12,15]	n15_grid_v4_jitter	grid_coord	meta	meta_json	46ea62d53e09/worker2/PPCC/jug/s400/n1/base	400	0
46ea62d53e09	worker2	PPCC/jug	4	2	base	activation	4a0c7564a09f59b4	4a0c7564a09f59b4ab7774e7bf54508ff1a65bbe1f43394f4ba167e4e265fc63	lerobot_groot_n15	n15	lerobot_groot_n15__robocasa365_ckpt120000		0	Pick the jug from the counter and place it in the cabinet.	robocasa_panda_omron/PickPlaceCounterToCabinet_PandaOmron_Env	100387	1300002	0	0			5		1	all_token_full	groot_n15_dit_block_residual_full_tokens_denoise	"[""layer"",""denoise_step"",""model_token"",""feature_dim""]"	[7,4,49,1536]	[0,2,4,8,10,12,15]	n15_grid_v4_jitter	grid_coord	meta	meta_json	46ea62d53e09/worker2/PPCC/jug/s400/n2/base	400	0
46ea62d53e09	worker2	PPCC/jug	4	3	base	activation	45be6139f5d2135a	45be6139f5d2135a5033f83f78d8fe5c1378c560b3d91974fe005820e8058047	lerobot_groot_n15	n15	lerobot_groot_n15__robocasa365_ckpt120000		0	Pick the jug from the counter and place it in the cabinet.	robocasa_panda_omron/PickPlaceCounterToCabinet_PandaOmron_Env	100387	1300003	0	0			5		1	all_token_full	groot_n15_dit_block_residual_full_tokens_denoise	"[""layer"",""denoise_step"",""model_token"",""feature_dim""]"	[7,4,49,1536]	[0,2,4,8,10,12,15]	n15_grid_v4_jitter	grid_coord	meta	meta_json	46ea62d53e09/worker2/PPCC/jug/s400/n3/base	400	0
46ea62d53e09	worker2	PPCC/jug	4	4	base	activation	351af0adeaa85e67	351af0adeaa85e673c9bf7de83a468a4f56095c725fdd51e6dd9b0e2f7d96716	lerobot_groot_n15	n15	lerobot_groot_n15__robocasa365_ckpt120000		0	Pick the jug from the counter and place it in the cabinet.	robocasa_panda_omron/PickPlaceCounterToCabinet_PandaOmron_Env	100387	1300004	0	0			5		1	all_token_full	groot_n15_dit_block_residual_full_tokens_denoise	"[""layer"",""denoise_step"",""model_token"",""feature_dim""]"	[7,4,49,1536]	[0,2,4,8,10,12,15]	n15_grid_v4_jitter	grid_coord	meta	meta_json	46ea62d53e09/worker2/PPCC/jug/s400/n4/base	400	0
46ea62d53e09	worker2	PPCC/jug	4	0	base	activation	1da010aa0c57086c	1da010aa0c57086cbaf08e8114e5c6b8c6ad7cfade8a193932f12e627340f56b	lerobot_groot_n15	n15	lerobot_groot_n15__robocasa365_ckpt120000		0	Pick the jug from the counter and place it in the cabinet.	robocasa_panda_omron/PickPlaceCounterToCabinet_PandaOmron_Env	100387	1300000	0	0			5		1	all_token_full	groot_n15_dit_block_residual_full_tokens_denoise	"[""layer"",""denoise_step"",""model_token"",""feature_dim""]"	[7,4,49,1536]	[0,2,4,8,10,12,15]	n15_grid_v4_jitter	grid_coord	meta	meta_json	46ea62d53e09/worker2/PPCC/jug/s401/n0/base	401	1
46ea62d53e09	worker2	PPCC/jug	4	1	base	activation	198ecc42ce0d1682	198ecc42ce0d1682da4ea793572f514bac1784ea957272a55478ab10d9391eed	lerobot_groot_n15	n15	lerobot_groot_n15__robocasa365_ckpt120000		0	Pick the jug from the counter and place it in the cabinet.	robocasa_panda_omron/PickPlaceCounterToCabinet_PandaOmron_Env	100387	1300001	0	0			5		1	all_token_full	groot_n15_dit_block_residual_full_tokens_denoise	"[""layer"",""denoise_step"",""model_token"",""feature_dim""]"	[7,4,49,1536]	[0,2,4,8,10,12,15]	n15_grid_v4_jitter	grid_coord	meta	meta_json	46ea62d53e09/worker2/PPCC/jug/s401/n1/base	401	1
46ea62d53e09	worker2	PPCC/jug	4	2	base	activation	6483a5cc92aa2245	6483a5cc92aa2245748fa76371ef9ad6ff96fef2f16b18a10eac5258544517d5	lerobot_groot_n15	n15	lerobot_groot_n15__robocasa365_ckpt120000		0	Pick the jug from the counter and place it in the cabinet.	robocasa_panda_omron/PickPlaceCounterToCabinet_PandaOmron_Env	100387	1300002	0	0			5		1	all_token_full	groot_n15_dit_block_residual_full_tokens_denoise	"[""layer"",""denoise_step"",""model_token"",""feature_dim""]"	[7,4,49,1536]	[0,2,4,8,10,12,15]	n15_grid_v4_jitter	grid_coord	meta	meta_json	46ea62d53e09/worker2/PPCC/jug/s401/n2/base	401	1
46ea62d53e09	worker2	PPCC/jug	4	3	base	activation	db1c698a715cdc4e	db1c698a715cdc4edc684e5947238bbd99b9e7057b9cf1e40bfb1580016d8042	lerobot_groot_n15	n15	lerobot_groot_n15__robocasa365_ckpt120000		0	Pick the jug from the counter and place it in the cabinet.	robocasa_panda_omron/PickPlaceCounterToCabinet_PandaOmron_Env	100387	1300003	0	0			5		1	all_token_full	groot_n15_dit_block_residual_full_tokens_denoise	"[""layer"",""denoise_step"",""model_token"",""feature_dim""]"	[7,4,49,1536]	[0,2,4,8,10,12,15]	n15_grid_v4_jitter	grid_coord	meta	meta_json	46ea62d53e09/worker2/PPCC/jug/s401/n3/base	401	1
46ea62d53e09	worker2	PPCC/jug	4	4	base	activation	bc19f9162578c4d5	bc19f9162578c4d57cb90062812ba18c7e66624a8f747c313e767d49b87666f5	lerobot_groot_n15	n15	lerobot_groot_n15__robocasa365_ckpt120000		0	Pick the jug from the counter and place it in the cabinet.	robocasa_panda_omron/PickPlaceCounterToCabinet_PandaOmron_Env	100387	1300004	0	0			5		1	all_token_full	groot_n15_dit_block_residual_full_tokens_denoise	"[""layer"",""denoise_step"",""model_token"",""feature_dim""]"	[7,4,49,1536]	[0,2,4,8,10,12,15]	n15_grid_v4_jitter	grid_coord	meta	meta_json	46ea62d53e09/worker2/PPCC/jug/s401/n4/base	401	1
46ea62d53e09	worker2	PPCC/jug	4	0	base	activation	9b6954b2b2bb47ce	9b6954b2b2bb47ce7007c744398d2f78bb26626397cd8be334545308cd8c8dce	lerobot_groot_n15	n15	lerobot_groot_n15__robocasa365_ckpt120000		0	Pick the jug from the counter and place it in the cabinet.	robocasa_panda_omron/PickPlaceCounterToCabinet_PandaOmron_Env	100387	1300000	0	1			5		1	all_token_full	groot_n15_dit_block_residual_full_tokens_denoise	"[""layer"",""denoise_step"",""model_token"",""feature_dim""]"	[7,4,49,1536]	[0,2,4,8,10,12,15]	n15_grid_v4_jitter	grid_coord	meta	meta_json	46ea62d53e09/worker2/PPCC/jug/s402/n0/base	402	2
46ea62d53e09	worker2	PPCC/jug	4	1	base	activation	a9fc45fa89d32ecc	a9fc45fa89d32ecc1355a76a08dfc32168b4bbded6fbf4d2b108bacc98a666fc	lerobot_groot_n15	n15	lerobot_groot_n15__robocasa365_ckpt120000		0	Pick the jug from the counter and place it in the cabinet.	robocasa_panda_omron/PickPlaceCounterToCabinet_PandaOmron_Env	100387	1300001	0	1			5		1	all_token_full	groot_n15_dit_block_residual_full_tokens_denoise	"[""layer"",""denoise_step"",""model_token"",""feature_dim""]"	[7,4,49,1536]	[0,2,4,8,10,12,15]	n15_grid_v4_jitter	grid_coord	meta	meta_json	46ea62d53e09/worker2/PPCC/jug/s402/n1/base	402	2
46ea62d53e09	worker2	PPCC/jug	4	2	base	activation	a63ced7c6cf8d7dd	a63ced7c6cf8d7dd54d2e6f81994579fb20ea0bac884e68557ec2adb9c8df6b7	lerobot_groot_n15	n15	lerobot_groot_n15__robocasa365_ckpt120000		0	Pick the jug from the counter and place it in the cabinet.	robocasa_panda_omron/PickPlaceCounterToCabinet_PandaOmron_Env	100387	1300002	0	0			5		1	all_token_full	groot_n15_dit_block_residual_full_tokens_denoise	"[""layer"",""denoise_step"",""model_token"",""feature_dim""]"	[7,4,49,1536]	[0,2,4,8,10,12,15]	n15_grid_v4_jitter	grid_coord	meta	meta_json	46ea62d53e09/worker2/PPCC/jug/s402/n2/base	402	2
46ea62d53e09	worker2	PPCC/jug	4	3	base	activation	0c74bce7a84c785f	0c74bce7a84c785fe93034fff1804ce23119111d8ef4b7f45cea5e5f556fc4f5	lerobot_groot_n15	n15	lerobot_groot_n15__robocasa365_ckpt120000		0	Pick the jug from the counter and place it in the cabinet.	robocasa_panda_omron/PickPlaceCounterToCabinet_PandaOmron_Env	100387	1300003	0	0			5		1	all_token_full	groot_n15_dit_block_residual_full_tokens_denoise	"[""layer"",""denoise_step"",""model_token"",""feature_dim""]"	[7,4,49,1536]	[0,2,4,8,10,12,15]	n15_grid_v4_jitter	grid_coord	meta	meta_json	46ea62d53e09/worker2/PPCC/jug/s402/n3/base	402	2
46ea62d53e09	worker2	PPCC/jug	4	4	base	activation	49aba640f3257391	49aba640f32573915a64f6fa19ff54dee5eaed22366bcc601f2c8f2a6f1fc89a	lerobot_groot_n15	n15	lerobot_groot_n15__robocasa365_ckpt120000		0	Pick the jug from the counter and place it in the cabinet.	robocasa_panda_omron/PickPlaceCounterToCabinet_PandaOmron_Env	100387	1300004	0	1			5		1	all_token_full	groot_n15_dit_block_residual_full_tokens_denoise	"[""layer"",""denoise_step"",""model_token"",""feature_dim""]"	[7,4,49,1536]	[0,2,4,8,10,12,15]	n15_grid_v4_jitter	grid_coord	meta	meta_json	46ea62d53e09/worker2/PPCC/jug/s402/n4/base	402	2
46ea62d53e09	worker2	PPCC/jug	4	0	base	activation	844c37c4a5251fa4	844c37c4a5251fa47515c7881af91cdd0deb4cb3c98d200008d0feb5d2d100c2	lerobot_groot_n15	n15	lerobot_groot_n15__robocasa365_ckpt120000		0	Pick the jug from the counter and place it in the cabinet.	robocasa_panda_omron/PickPlaceCounterToCabinet_PandaOmron_Env	100387	1300000	0	1			5		1	all_token_full	groot_n15_dit_block_residual_full_tokens_denoise	"[""layer"",""denoise_step"",""model_token"",""feature_dim""]"	[7,4,49,1536]	[0,2,4,8,10,12,15]	n15_grid_v4_jitter	grid_coord	meta	meta_json	46ea62d53e09/worker2/PPCC/jug/s403/n0/base	403	3
46ea62d53e09	worker2	PPCC/jug	4	1	base	activation	f3fd827b5bfe70e1	f3fd827b5bfe70e1b2104559d457896c4b79361a7884d7f800775cd31c0f4ee3	lerobot_groot_n15	n15	lerobot_groot_n15__robocasa365_ckpt120000		0	Pick the jug from the counter and place it in the cabinet.	robocasa_panda_omron/PickPlaceCounterToCabinet_PandaOmron_Env	100387	1300001	0	1			5		1	all_token_full	groot_n15_dit_block_residual_full_tokens_denoise	"[""layer"",""denoise_step"",""model_token"",""feature_dim""]"	[7,4,49,1536]	[0,2,4,8,10,12,15]	n15_grid_v4_jitter	grid_coord	meta	meta_json	46ea62d53e09/worker2/PPCC/jug/s403/n1/base	403	3
46ea62d53e09	worker2	PPCC/jug	4	2	base	activation	4e1baa90198bc344	4e1baa90198bc3442d715816bf590812a196a1388330818a7168d89a1699ac6d	lerobot_groot_n15	n15	lerobot_groot_n15__robocasa365_ckpt120000		0	Pick the jug from the counter and place it in the cabinet.	robocasa_panda_omron/PickPlaceCounterToCabinet_PandaOmron_Env	100387	1300002	0	1			5		1	all_token_full	groot_n15_dit_block_residual_full_tokens_denoise	"[""layer"",""denoise_step"",""model_token"",""feature_dim""]"	[7,4,49,1536]	[0,2,4,8,10,12,15]	n15_grid_v4_jitter	grid_coord	meta	meta_json	46ea62d53e09/worker2/PPCC/jug/s403/n2/base	403	3
46ea62d53e09	worker2	PPCC/jug	4	3	base	activation	e5fcb0d4719507e8	e5fcb0d4719507e8c0fb2e3e19d2511f517e68fe13a2aa0a99e88a54bc61bb61	lerobot_groot_n15	n15	lerobot_groot_n15__robocasa365_ckpt120000		0	Pick the jug from the counter and place it in the cabinet.	robocasa_panda_omron/PickPlaceCounterToCabinet_PandaOmron_Env	100387	1300003	0	1			5		1	all_token_full	groot_n15_dit_block_residual_full_tokens_denoise	"[""layer"",""denoise_step"",""model_token"",""feature_dim""]"	[7,4,49,1536]	[0,2,4,8,10,12,15]	n15_grid_v4_jitter	grid_coord	meta	meta_json	46ea62d53e09/worker2/PPCC/jug/s403/n3/base	403	3
46ea62d53e09	worker2	PPCC/jug	4	4	base	activation	8eff1b1c142734ef	8eff1b1c142734efbbf2d069cf693dec6acdbb1e75ee1303d246a57628a0702b	lerobot_groot_n15	n15	lerobot_groot_n15__robocasa365_ckpt120000		0	Pick the jug from the counter and place it in the cabinet.	robocasa_panda_omron/PickPlaceCounterToCabinet_PandaOmron_Env	100387	1300004	0	1			5		1	all_token_full	groot_n15_dit_block_residual_full_tokens_denoise	"[""layer"",""denoise_step"",""model_token"",""feature_dim""]"	[7,4,49,1536]	[0,2,4,8,10,12,15]	n15_grid_v4_jitter	grid_coord	meta	meta_json	46ea62d53e09/worker2/PPCC/jug/s403/n4/base	403	3
3134e339de4c	kanu	OvenRack/out	0	0	base	activation	aac2c549525ece5e	aac2c549525ece5eb9c064892d52a6f601c7293ed1942e04028b54e33d7b62fc	lerobot_groot_n15	n15	lerobot_groot_n15__robocasa365_ckpt120000		0	Fully slide the oven rack out.	robocasa_panda_omron/SlideOvenRack_PandaOmron_Env	100006	1300000	0	1			5		1	all_token_full	groot_n15_dit_block_residual_full_tokens_denoise	"[""layer"",""denoise_step"",""model_token"",""feature_dim""]"	[7,4,49,1536]	[0,2,4,8,10,12,15]	n15_grid_v2	grid_coord	meta	meta_json	3134e339de4c/kanu/OvenRack/out/s0/n0/base	99	base
3134e339de4c	kanu	OvenRack/out	0	1	base	activation	f5f246d933fb1220	f5f246d933fb12205d2eeb1a70ca055a7e8ecb0fd5d9b60865a8cce7cbb33540	lerobot_groot_n15	n15	lerobot_groot_n15__robocasa365_ckpt120000		0	Fully slide the oven rack out.	robocasa_panda_omron/SlideOvenRack_PandaOmron_Env	100006	1300001	0	1			5		1	all_token_full	groot_n15_dit_block_residual_full_tokens_denoise	"[""layer"",""denoise_step"",""model_token"",""feature_dim""]"	[7,4,49,1536]	[0,2,4,8,10,12,15]	n15_grid_v2	grid_coord	meta	meta_json	3134e339de4c/kanu/OvenRack/out/s0/n1/base	99	base
3134e339de4c	kanu	OvenRack/out	0	2	base	activation	96e61a20ecdc079a	96e61a20ecdc079af9c2a81c740a0dfaeae3bf0513f6cddbaee871767d479e5c	lerobot_groot_n15	n15	lerobot_groot_n15__robocasa365_ckpt120000		0	Fully slide the oven rack out.	robocasa_panda_omron/SlideOvenRack_PandaOmron_Env	100006	1300002	0	1			5		1	all_token_full	groot_n15_dit_block_residual_full_tokens_denoise	"[""layer"",""denoise_step"",""model_token"",""feature_dim""]"	[7,4,49,1536]	[0,2,4,8,10,12,15]	n15_grid_v2	grid_coord	meta	meta_json	3134e339de4c/kanu/OvenRack/out/s0/n2/base	99	base
3134e339de4c	kanu	OvenRack/out	0	3	base	activation	390ad4e4fcdf0a2c	390ad4e4fcdf0a2cb50241da06c8585c1faccea9f5ebb96c800c75dc5cca4ebd	lerobot_groot_n15	n15	lerobot_groot_n15__robocasa365_ckpt120000		0	Fully slide the oven rack out.	robocasa_panda_omron/SlideOvenRack_PandaOmron_Env	100006	1300003	0	1			5		1	all_token_full	groot_n15_dit_block_residual_full_tokens_denoise	"[""layer"",""denoise_step"",""model_token"",""feature_dim""]"	[7,4,49,1536]	[0,2,4,8,10,12,15]	n15_grid_v2	grid_coord	meta	meta_json	3134e339de4c/kanu/OvenRack/out/s0/n3/base	99	base
3134e339de4c	kanu	OvenRack/out	0	4	base	activation	17125602da7cf2f6	17125602da7cf2f60f17c18e91824890c22947a0acebf19ad6e8720ac0ed0d58	lerobot_groot_n15	n15	lerobot_groot_n15__robocasa365_ckpt120000		0	Fully slide the oven rack out.	robocasa_panda_omron/SlideOvenRack_PandaOmron_Env	100006	1300004	0	1			5		1	all_token_full	groot_n15_dit_block_residual_full_tokens_denoise	"[""layer"",""denoise_step"",""model_token"",""feature_dim""]"	[7,4,49,1536]	[0,2,4,8,10,12,15]	n15_grid_v2	grid_coord	meta	meta_json	3134e339de4c/kanu/OvenRack/out/s0/n4/base	99	base
3134e339de4c	kanu	OvenRack/out	1	0	base	activation	91ec0d7d5f48af6f	91ec0d7d5f48af6f00b9c3542cc9f4305365c66ce30364384f950c9c1ffc1ba1	lerobot_groot_n15	n15	lerobot_groot_n15__robocasa365_ckpt120000		0	Fully slide the oven rack out.	robocasa_panda_omron/SlideOvenRack_PandaOmron_Env	100014	1300000	0	1			5		1	all_token_full	groot_n15_dit_block_residual_full_tokens_denoise	"[""layer"",""denoise_step"",""model_token"",""feature_dim""]"	[7,4,49,1536]	[0,2,4,8,10,12,15]	n15_grid_v2	grid_coord	meta	meta_json	3134e339de4c/kanu/OvenRack/out/s1/n0/base	199	base
3134e339de4c	kanu	OvenRack/out	1	1	base	activation	989a09a64ea0fa7d	989a09a64ea0fa7da9492706e8dd597c7c681d040b6774bfa23e23770512c69e	lerobot_groot_n15	n15	lerobot_groot_n15__robocasa365_ckpt120000		0	Fully slide the oven rack out.	robocasa_panda_omron/SlideOvenRack_PandaOmron_Env	100014	1300001	0	1			5		1	all_token_full	groot_n15_dit_block_residual_full_tokens_denoise	"[""layer"",""denoise_step"",""model_token"",""feature_dim""]"	[7,4,49,1536]	[0,2,4,8,10,12,15]	n15_grid_v2	grid_coord	meta	meta_json	3134e339de4c/kanu/OvenRack/out/s1/n1/base	199	base
3134e339de4c	kanu	OvenRack/out	1	2	base	activation	d22a6ee9b7c8a8b0	d22a6ee9b7c8a8b0a774cb008a0810d972689f9634785c3903aee516705b024f	lerobot_groot_n15	n15	lerobot_groot_n15__robocasa365_ckpt120000		0	Fully slide the oven rack out.	robocasa_panda_omron/SlideOvenRack_PandaOmron_Env	100014	1300002	0	1			5		1	all_token_full	groot_n15_dit_block_residual_full_tokens_denoise	"[""layer"",""denoise_step"",""model_token"",""feature_dim""]"	[7,4,49,1536]	[0,2,4,8,10,12,15]	n15_grid_v2	grid_coord	meta	meta_json	3134e339de4c/kanu/OvenRack/out/s1/n2/base	199	base
3134e339de4c	kanu	OvenRack/out	1	3	base	activation	3cc73a4347b8ef8f	3cc73a4347b8ef8f7966fdaa9a575afc04a4092b57fc56366e538329c1af4fea	lerobot_groot_n15	n15	lerobot_groot_n15__robocasa365_ckpt120000		0	Fully slide the oven rack out.	robocasa_panda_omron/SlideOvenRack_PandaOmron_Env	100014	1300003	0	1			5		1	all_token_full	groot_n15_dit_block_residual_full_tokens_denoise	"[""layer"",""denoise_step"",""model_token"",""feature_dim""]"	[7,4,49,1536]	[0,2,4,8,10,12,15]	n15_grid_v2	grid_coord	meta	meta_json	3134e339de4c/kanu/OvenRack/out/s1/n3/base	199	base
3134e339de4c	kanu	OvenRack/out	1	4	base	activation	edc9cc04f6bf4d2c	edc9cc04f6bf4d2cf830d33c22c79ff3c6cb9436ea2a2c8f86966a3df68d0b42	lerobot_groot_n15	n15	lerobot_groot_n15__robocasa365_ckpt120000		0	Fully slide the oven rack out.	robocasa_panda_omron/SlideOvenRack_PandaOmron_Env	100014	1300004	0	1			5		1	all_token_full	groot_n15_dit_block_residual_full_tokens_denoise	"[""layer"",""denoise_step"",""model_token"",""feature_dim""]"	[7,4,49,1536]	[0,2,4,8,10,12,15]	n15_grid_v2	grid_coord	meta	meta_json	3134e339de4c/kanu/OvenRack/out/s1/n4/base	199	base
3134e339de4c	kanu	OvenRack/out	2	0	base	activation	9a9a1d5899b07585	9a9a1d5899b075858606e892b662b00606afccbaee44edf424f409711409bbb7	lerobot_groot_n15	n15	lerobot_groot_n15__robocasa365_ckpt120000		0	Fully slide the oven rack out.	robocasa_panda_omron/SlideOvenRack_PandaOmron_Env	100016	1300000	0	1			5		1	all_token_full	groot_n15_dit_block_residual_full_tokens_denoise	"[""layer"",""denoise_step"",""model_token"",""feature_dim""]"	[7,4,49,1536]	[0,2,4,8,10,12,15]	n15_grid_v2	grid_coord	meta	meta_json	3134e339de4c/kanu/OvenRack/out/s2/n0/base	299	base
3134e339de4c	kanu	OvenRack/out	2	1	base	activation	ff0bfb08bd676658	ff0bfb08bd6766588584edde7d119d0f0ba5acfa47265363f1cf5485ff9b743e	lerobot_groot_n15	n15	lerobot_groot_n15__robocasa365_ckpt120000		0	Fully slide the oven rack out.	robocasa_panda_omron/SlideOvenRack_PandaOmron_Env	100016	1300001	0	1			5		1	all_token_full	groot_n15_dit_block_residual_full_tokens_denoise	"[""layer"",""denoise_step"",""model_token"",""feature_dim""]"	[7,4,49,1536]	[0,2,4,8,10,12,15]	n15_grid_v2	grid_coord	meta	meta_json	3134e339de4c/kanu/OvenRack/out/s2/n1/base	299	base
3134e339de4c	kanu	OvenRack/out	2	2	base	activation	324018a2813c9370	324018a2813c9370ad610c2c02e3dcfdfeef8aabf2c6da9f583ccd0f5a4280a8	lerobot_groot_n15	n15	lerobot_groot_n15__robocasa365_ckpt120000		0	Fully slide the oven rack out.	robocasa_panda_omron/SlideOvenRack_PandaOmron_Env	100016	1300002	0	1			5		1	all_token_full	groot_n15_dit_block_residual_full_tokens_denoise	"[""layer"",""denoise_step"",""model_token"",""feature_dim""]"	[7,4,49,1536]	[0,2,4,8,10,12,15]	n15_grid_v2	grid_coord	meta	meta_json	3134e339de4c/kanu/OvenRack/out/s2/n2/base	299	base
3134e339de4c	kanu	OvenRack/out	2	3	base	activation	8aa3b89736212de5	8aa3b89736212de56b4a266c3b015d24dd04bb75305072096daabaabd622a767	lerobot_groot_n15	n15	lerobot_groot_n15__robocasa365_ckpt120000		0	Fully slide the oven rack out.	robocasa_panda_omron/SlideOvenRack_PandaOmron_Env	100016	1300003	0	1			5		1	all_token_full	groot_n15_dit_block_residual_full_tokens_denoise	"[""layer"",""denoise_step"",""model_token"",""feature_dim""]"	[7,4,49,1536]	[0,2,4,8,10,12,15]	n15_grid_v2	grid_coord	meta	meta_json	3134e339de4c/kanu/OvenRack/out/s2/n3/base	299	base
3134e339de4c	kanu	OvenRack/out	2	4	base	activation	53df3bcbc043c6e5	53df3bcbc043c6e54f47b5d8f05d8f2b77bf71637644a9d66fb99279eef0bc90	lerobot_groot_n15	n15	lerobot_groot_n15__robocasa365_ckpt120000		0	Fully slide the oven rack out.	robocasa_panda_omron/SlideOvenRack_PandaOmron_Env	100016	1300004	0	1			5		1	all_token_full	groot_n15_dit_block_residual_full_tokens_denoise	"[""layer"",""denoise_step"",""model_token"",""feature_dim""]"	[7,4,49,1536]	[0,2,4,8,10,12,15]	n15_grid_v2	grid_coord	meta	meta_json	3134e339de4c/kanu/OvenRack/out/s2/n4/base	299	base
3134e339de4c	kanu	OvenRack/out	3	0	base	activation	df915859e35c0373	df915859e35c0373ab7f5e4c33dae3e0a794bebc42f6f3975ae3669482d244be	lerobot_groot_n15	n15	lerobot_groot_n15__robocasa365_ckpt120000		0	Fully slide the oven rack out.	robocasa_panda_omron/SlideOvenRack_PandaOmron_Env	100017	1300000	0	1			5		1	all_token_full	groot_n15_dit_block_residual_full_tokens_denoise	"[""layer"",""denoise_step"",""model_token"",""feature_dim""]"	[7,4,49,1536]	[0,2,4,8,10,12,15]	n15_grid_v2	grid_coord	meta	meta_json	3134e339de4c/kanu/OvenRack/out/s3/n0/base	399	base
3134e339de4c	kanu	OvenRack/out	3	1	base	activation	b7f9dd754fada304	b7f9dd754fada3040f0930eab4a1f6613e90a93397e874d547ca98514b551b0c	lerobot_groot_n15	n15	lerobot_groot_n15__robocasa365_ckpt120000		0	Fully slide the oven rack out.	robocasa_panda_omron/SlideOvenRack_PandaOmron_Env	100017	1300001	0	1			5		1	all_token_full	groot_n15_dit_block_residual_full_tokens_denoise	"[""layer"",""denoise_step"",""model_token"",""feature_dim""]"	[7,4,49,1536]	[0,2,4,8,10,12,15]	n15_grid_v2	grid_coord	meta	meta_json	3134e339de4c/kanu/OvenRack/out/s3/n1/base	399	base
3134e339de4c	kanu	OvenRack/out	3	2	base	activation	d801adf669d956d8	d801adf669d956d886505318b63d0ca471e7272d90e04892750a7be9f0a1f0b9	lerobot_groot_n15	n15	lerobot_groot_n15__robocasa365_ckpt120000		0	Fully slide the oven rack out.	robocasa_panda_omron/SlideOvenRack_PandaOmron_Env	100017	1300002	0	1			5		1	all_token_full	groot_n15_dit_block_residual_full_tokens_denoise	"[""layer"",""denoise_step"",""model_token"",""feature_dim""]"	[7,4,49,1536]	[0,2,4,8,10,12,15]	n15_grid_v2	grid_coord	meta	meta_json	3134e339de4c/kanu/OvenRack/out/s3/n2/base	399	base
3134e339de4c	kanu	OvenRack/out	3	3	base	activation	7679ea8c20df8af7	7679ea8c20df8af79090b86a9d2020059c32c12f0eb414e850b9b26ced649164	lerobot_groot_n15	n15	lerobot_groot_n15__robocasa365_ckpt120000		0	Fully slide the oven rack out.	robocasa_panda_omron/SlideOvenRack_PandaOmron_Env	100017	1300003	0	1			5		1	all_token_full	groot_n15_dit_block_residual_full_tokens_denoise	"[""layer"",""denoise_step"",""model_token"",""feature_dim""]"	[7,4,49,1536]	[0,2,4,8,10,12,15]	n15_grid_v2	grid_coord	meta	meta_json	3134e339de4c/kanu/OvenRack/out/s3/n3/base	399	base
3134e339de4c	kanu	OvenRack/out	3	4	base	activation	6bd76ad6d0b07570	6bd76ad6d0b07570bb4124797911d2711dc5887c2bf4c7ae7d0a2105742628f2	lerobot_groot_n15	n15	lerobot_groot_n15__robocasa365_ckpt120000		0	Fully slide the oven rack out.	robocasa_panda_omron/SlideOvenRack_PandaOmron_Env	100017	1300004	0	1			5		1	all_token_full	groot_n15_dit_block_residual_full_tokens_denoise	"[""layer"",""denoise_step"",""model_token"",""feature_dim""]"	[7,4,49,1536]	[0,2,4,8,10,12,15]	n15_grid_v2	grid_coord	meta	meta_json	3134e339de4c/kanu/OvenRack/out/s3/n4/base	399	base
3134e339de4c	kanu	OvenRack/out	4	0	base	activation	3a5863f61be46dee	3a5863f61be46dee1d2a1eb70971556e429d4bd593497dd98163c7c7c1b06656	lerobot_groot_n15	n15	lerobot_groot_n15__robocasa365_ckpt120000		0	Fully slide the oven rack out.	robocasa_panda_omron/SlideOvenRack_PandaOmron_Env	100020	1300000	0	1			5		1	all_token_full	groot_n15_dit_block_residual_full_tokens_denoise	"[""layer"",""denoise_step"",""model_token"",""feature_dim""]"	[7,4,49,1536]	[0,2,4,8,10,12,15]	n15_grid_v2	grid_coord	meta	meta_json	3134e339de4c/kanu/OvenRack/out/s4/n0/base	499	base
3134e339de4c	kanu	OvenRack/out	4	1	base	activation	ff6b54aa775dcdec	ff6b54aa775dcdecf8fd591bbc25423abea7aa05e8b584d8b4003469ac7b4b42	lerobot_groot_n15	n15	lerobot_groot_n15__robocasa365_ckpt120000		0	Fully slide the oven rack out.	robocasa_panda_omron/SlideOvenRack_PandaOmron_Env	100020	1300001	0	1			5		1	all_token_full	groot_n15_dit_block_residual_full_tokens_denoise	"[""layer"",""denoise_step"",""model_token"",""feature_dim""]"	[7,4,49,1536]	[0,2,4,8,10,12,15]	n15_grid_v2	grid_coord	meta	meta_json	3134e339de4c/kanu/OvenRack/out/s4/n1/base	499	base
3134e339de4c	kanu	OvenRack/out	4	2	base	activation	ff795bc89b0674c8	ff795bc89b0674c86ec8b18a9305451bd3e79780eb7b78f50c5283deda189e86	lerobot_groot_n15	n15	lerobot_groot_n15__robocasa365_ckpt120000		0	Fully slide the oven rack out.	robocasa_panda_omron/SlideOvenRack_PandaOmron_Env	100020	1300002	0	1			5		1	all_token_full	groot_n15_dit_block_residual_full_tokens_denoise	"[""layer"",""denoise_step"",""model_token"",""feature_dim""]"	[7,4,49,1536]	[0,2,4,8,10,12,15]	n15_grid_v2	grid_coord	meta	meta_json	3134e339de4c/kanu/OvenRack/out/s4/n2/base	499	base
3134e339de4c	kanu	OvenRack/out	4	3	base	activation	5ec56447eef089fd	5ec56447eef089fd352f12d9f7b3129258e17afb2e55f2c0dcd54bbd22fd7120	lerobot_groot_n15	n15	lerobot_groot_n15__robocasa365_ckpt120000		0	Fully slide the oven rack out.	robocasa_panda_omron/SlideOvenRack_PandaOmron_Env	100020	1300003	0	1			5		1	all_token_full	groot_n15_dit_block_residual_full_tokens_denoise	"[""layer"",""denoise_step"",""model_token"",""feature_dim""]"	[7,4,49,1536]	[0,2,4,8,10,12,15]	n15_grid_v2	grid_coord	meta	meta_json	3134e339de4c/kanu/OvenRack/out/s4/n3/base	499	base
3134e339de4c	kanu	OvenRack/out	4	4	base	activation	ddfa6a7c761f0490	ddfa6a7c761f0490d91e1af19a96dcf1a13d8b2689e018788ee0013300f89713	lerobot_groot_n15	n15	lerobot_groot_n15__robocasa365_ckpt120000		0	Fully slide the oven rack out.	robocasa_panda_omron/SlideOvenRack_PandaOmron_Env	100020	1300004	0	1			5		1	all_token_full	groot_n15_dit_block_residual_full_tokens_denoise	"[""layer"",""denoise_step"",""model_token"",""feature_dim""]"	[7,4,49,1536]	[0,2,4,8,10,12,15]	n15_grid_v2	grid_coord	meta	meta_json	3134e339de4c/kanu/OvenRack/out/s4/n4/base	499	base
3134e339de4c	kanu	PPCC/apple	0	3	base	activation	3fe44c8ad29926bb	3fe44c8ad29926bb4125648ffd87bb371bf674a751a5d17db09ba071416af068	lerobot_groot_n15	n15	lerobot_groot_n15__robocasa365_ckpt120000		0	Pick the apple from the counter and place it in the cabinet.	robocasa_panda_omron/PickPlaceCounterToCabinet_PandaOmron_Env	100025	1300003	0	1			5		1	all_token_full	groot_n15_dit_block_residual_full_tokens_denoise	"[""layer"",""denoise_step"",""model_token"",""feature_dim""]"	[7,4,49,1536]	[0,2,4,8,10,12,15]	n15_grid_v2	grid_coord	meta	meta_json	3134e339de4c/kanu/PPCC/apple/s0/n3/base	99	base
3134e339de4c	kanu	PPCC/apple	0	4	base	activation	066681465b3c41b3	066681465b3c41b34db72679d12a790fa226935509d573e70cb16c661602a2c6	lerobot_groot_n15	n15	lerobot_groot_n15__robocasa365_ckpt120000		0	Pick the apple from the counter and place it in the cabinet.	robocasa_panda_omron/PickPlaceCounterToCabinet_PandaOmron_Env	100025	1300004	0	1			5		1	all_token_full	groot_n15_dit_block_residual_full_tokens_denoise	"[""layer"",""denoise_step"",""model_token"",""feature_dim""]"	[7,4,49,1536]	[0,2,4,8,10,12,15]	n15_grid_v2	grid_coord	meta	meta_json	3134e339de4c/kanu/PPCC/apple/s0/n4/base	99	base
3134e339de4c	kanu	PPCC/apple	1	3	base	activation	5cb980b53a5dd5a6	5cb980b53a5dd5a6319ce18a080ad3555e2494192cdfa5814264d7cad936ef25	lerobot_groot_n15	n15	lerobot_groot_n15__robocasa365_ckpt120000		0	Pick the apple from the counter and place it in the cabinet.	robocasa_panda_omron/PickPlaceCounterToCabinet_PandaOmron_Env	100069	1300003	0	1			5		1	all_token_full	groot_n15_dit_block_residual_full_tokens_denoise	"[""layer"",""denoise_step"",""model_token"",""feature_dim""]"	[7,4,49,1536]	[0,2,4,8,10,12,15]	n15_grid_v2	grid_coord	meta	meta_json	3134e339de4c/kanu/PPCC/apple/s1/n3/base	199	base
3134e339de4c	kanu	PPCC/apple	1	4	base	activation	1da458c68ae16845	1da458c68ae168459d85733c7bdf61b3abb6b7085615aef6434ddd2925ae4866	lerobot_groot_n15	n15	lerobot_groot_n15__robocasa365_ckpt120000		0	Pick the apple from the counter and place it in the cabinet.	robocasa_panda_omron/PickPlaceCounterToCabinet_PandaOmron_Env	100069	1300004	0	1			5		1	all_token_full	groot_n15_dit_block_residual_full_tokens_denoise	"[""layer"",""denoise_step"",""model_token"",""feature_dim""]"	[7,4,49,1536]	[0,2,4,8,10,12,15]	n15_grid_v2	grid_coord	meta	meta_json	3134e339de4c/kanu/PPCC/apple/s1/n4/base	199	base
3134e339de4c	kanu	PPCC/apple	2	3	base	activation	9497e21b2d08e824	9497e21b2d08e824ac24e381ebb348bdde9884d207815b5085d58803e477e0bc	lerobot_groot_n15	n15	lerobot_groot_n15__robocasa365_ckpt120000		0	Pick the apple from the counter and place it in the cabinet.	robocasa_panda_omron/PickPlaceCounterToCabinet_PandaOmron_Env	100192	1300003	0	1			5		1	all_token_full	groot_n15_dit_block_residual_full_tokens_denoise	"[""layer"",""denoise_step"",""model_token"",""feature_dim""]"	[7,4,49,1536]	[0,2,4,8,10,12,15]	n15_grid_v2	grid_coord	meta	meta_json	3134e339de4c/kanu/PPCC/apple/s2/n3/base	299	base
3134e339de4c	kanu	PPCC/apple	2	4	base	activation	e0988ba6f8691657	e0988ba6f8691657ef20d334f4b29efa7f52253c275355d31445e7ef707567eb	lerobot_groot_n15	n15	lerobot_groot_n15__robocasa365_ckpt120000		0	Pick the apple from the counter and place it in the cabinet.	robocasa_panda_omron/PickPlaceCounterToCabinet_PandaOmron_Env	100192	1300004	0	1			5		1	all_token_full	groot_n15_dit_block_residual_full_tokens_denoise	"[""layer"",""denoise_step"",""model_token"",""feature_dim""]"	[7,4,49,1536]	[0,2,4,8,10,12,15]	n15_grid_v2	grid_coord	meta	meta_json	3134e339de4c/kanu/PPCC/apple/s2/n4/base	299	base
3134e339de4c	kanu	PPCC/apple	3	3	base	activation	ac2c7102b09e2f86	ac2c7102b09e2f865fcadb513965bd550e217512b6b98b259d04bf67d9375f71	lerobot_groot_n15	n15	lerobot_groot_n15__robocasa365_ckpt120000		0	Pick the apple from the counter and place it in the cabinet.	robocasa_panda_omron/PickPlaceCounterToCabinet_PandaOmron_Env	100195	1300003	0	1			5		1	all_token_full	groot_n15_dit_block_residual_full_tokens_denoise	"[""layer"",""denoise_step"",""model_token"",""feature_dim""]"	[7,4,49,1536]	[0,2,4,8,10,12,15]	n15_grid_v2	grid_coord	meta	meta_json	3134e339de4c/kanu/PPCC/apple/s3/n3/base	399	base
3134e339de4c	kanu	PPCC/apple	3	4	base	activation	ec64b239d3e8b142	ec64b239d3e8b14249c9c43188277c13d5b4271679fbd6077a8f6d119b559869	lerobot_groot_n15	n15	lerobot_groot_n15__robocasa365_ckpt120000		0	Pick the apple from the counter and place it in the cabinet.	robocasa_panda_omron/PickPlaceCounterToCabinet_PandaOmron_Env	100195	1300004	0	1			5		1	all_token_full	groot_n15_dit_block_residual_full_tokens_denoise	"[""layer"",""denoise_step"",""model_token"",""feature_dim""]"	[7,4,49,1536]	[0,2,4,8,10,12,15]	n15_grid_v2	grid_coord	meta	meta_json	3134e339de4c/kanu/PPCC/apple/s3/n4/base	399	base
3134e339de4c	kanu	PPCC/apple	4	3	base	activation	c4d09d7c28c37a94	c4d09d7c28c37a94e36d1d77acf2137fae28059692bc778f4c1a078a94a230eb	lerobot_groot_n15	n15	lerobot_groot_n15__robocasa365_ckpt120000		0	Pick the apple from the counter and place it in the cabinet.	robocasa_panda_omron/PickPlaceCounterToCabinet_PandaOmron_Env	100243	1300003	0	1			5		1	all_token_full	groot_n15_dit_block_residual_full_tokens_denoise	"[""layer"",""denoise_step"",""model_token"",""feature_dim""]"	[7,4,49,1536]	[0,2,4,8,10,12,15]	n15_grid_v2	grid_coord	meta	meta_json	3134e339de4c/kanu/PPCC/apple/s4/n3/base	499	base
3134e339de4c	kanu	PPCC/apple	4	4	base	activation	5061281f0536d53b	5061281f0536d53b29be4ebdec3c1827627fb8fb072bcc73033280331afef487	lerobot_groot_n15	n15	lerobot_groot_n15__robocasa365_ckpt120000		0	Pick the apple from the counter and place it in the cabinet.	robocasa_panda_omron/PickPlaceCounterToCabinet_PandaOmron_Env	100243	1300004	0	1			5		1	all_token_full	groot_n15_dit_block_residual_full_tokens_denoise	"[""layer"",""denoise_step"",""model_token"",""feature_dim""]"	[7,4,49,1536]	[0,2,4,8,10,12,15]	n15_grid_v2	grid_coord	meta	meta_json	3134e339de4c/kanu/PPCC/apple/s4/n4/base	499	base
979d4833a7db	kanu	PPCC/marshmallow	0	0	base	activation	c6764c186c7cd3dc	c6764c186c7cd3dce4817d8af716c756369ab8e4bece98f6dc53138369e2760a	lerobot_groot_n15		lerobot_groot_n15__robocasa365_ckpt120000		0	Pick the marshmallow from the counter and place it in the cabinet.	robocasa_panda_omron/PickPlaceCounterToCabinet_PandaOmron_Env	100007	1300000	0	0			5		1	all_token_full	groot_n15_dit_block_residual_full_tokens_denoise	"[""layer"",""denoise_step"",""model_token"",""feature_dim""]"	[7,4,49,1536]	[0,2,4,8,10,12,15]		grid_coord	meta	meta_json	979d4833a7db/kanu/PPCC/marshmallow/s0/n0/base	99	base
979d4833a7db	kanu	PPCC/marshmallow	0	1	base	activation	31e3198cfb4bbf1f	31e3198cfb4bbf1f5eb915f48a80f2b4c14fd1ad4fcea62f27829667a8378d5a	lerobot_groot_n15		lerobot_groot_n15__robocasa365_ckpt120000		0	Pick the marshmallow from the counter and place it in the cabinet.	robocasa_panda_omron/PickPlaceCounterToCabinet_PandaOmron_Env	100007	1300001	0	1			5		1	all_token_full	groot_n15_dit_block_residual_full_tokens_denoise	"[""layer"",""denoise_step"",""model_token"",""feature_dim""]"	[7,4,49,1536]	[0,2,4,8,10,12,15]		grid_coord	meta	meta_json	979d4833a7db/kanu/PPCC/marshmallow/s0/n1/base	99	base
979d4833a7db	kanu	PPCC/marshmallow	0	2	base	activation	92aa86442e7b402f	92aa86442e7b402ff349a6993aeb846af53444c985a0efc6835037cd56f60214	lerobot_groot_n15		lerobot_groot_n15__robocasa365_ckpt120000		0	Pick the marshmallow from the counter and place it in the cabinet.	robocasa_panda_omron/PickPlaceCounterToCabinet_PandaOmron_Env	100007	1300002	0	0			5		1	all_token_full	groot_n15_dit_block_residual_full_tokens_denoise	"[""layer"",""denoise_step"",""model_token"",""feature_dim""]"	[7,4,49,1536]	[0,2,4,8,10,12,15]		grid_coord	meta	meta_json	979d4833a7db/kanu/PPCC/marshmallow/s0/n2/base	99	base
979d4833a7db	kanu	PPCC/marshmallow	0	3	base	activation	a20d263716bfab3f	a20d263716bfab3f22d17fc6796fbe29f2e0f4ff4fd0b00d41c5ad7583c36074	lerobot_groot_n15		lerobot_groot_n15__robocasa365_ckpt120000		0	Pick the marshmallow from the counter and place it in the cabinet.	robocasa_panda_omron/PickPlaceCounterToCabinet_PandaOmron_Env	100007	1300003	0	0			5		1	all_token_full	groot_n15_dit_block_residual_full_tokens_denoise	"[""layer"",""denoise_step"",""model_token"",""feature_dim""]"	[7,4,49,1536]	[0,2,4,8,10,12,15]		grid_coord	meta	meta_json	979d4833a7db/kanu/PPCC/marshmallow/s0/n3/base	99	base
979d4833a7db	kanu	PPCC/marshmallow	0	4	base	activation	8988e4295508738f	8988e4295508738f4aa25e19bc5926cefe6fbcbc8aec31647fd9950fc2e891c2	lerobot_groot_n15		lerobot_groot_n15__robocasa365_ckpt120000		0	Pick the marshmallow from the counter and place it in the cabinet.	robocasa_panda_omron/PickPlaceCounterToCabinet_PandaOmron_Env	100007	1300004	0	0			5		1	all_token_full	groot_n15_dit_block_residual_full_tokens_denoise	"[""layer"",""denoise_step"",""model_token"",""feature_dim""]"	[7,4,49,1536]	[0,2,4,8,10,12,15]		grid_coord	meta	meta_json	979d4833a7db/kanu/PPCC/marshmallow/s0/n4/base	99	base
979d4833a7db	kanu	PPCC/marshmallow	1	0	base	activation	f39387107b84e1b4	f39387107b84e1b4fef71f179438ff987963d6264a32a194955fa1947cb40aed	lerobot_groot_n15		lerobot_groot_n15__robocasa365_ckpt120000		0	Pick the marshmallow from the counter and place it in the cabinet.	robocasa_panda_omron/PickPlaceCounterToCabinet_PandaOmron_Env	100179	1300000	0	1			5		1	all_token_full	groot_n15_dit_block_residual_full_tokens_denoise	"[""layer"",""denoise_step"",""model_token"",""feature_dim""]"	[7,4,49,1536]	[0,2,4,8,10,12,15]		grid_coord	meta	meta_json	979d4833a7db/kanu/PPCC/marshmallow/s1/n0/base	199	base
979d4833a7db	kanu	PPCC/marshmallow	1	1	base	activation	c4f07e0402272f05	c4f07e0402272f053a2e2db9c0d6173ec685b0faeeb21556e1e23945562e5006	lerobot_groot_n15		lerobot_groot_n15__robocasa365_ckpt120000		0	Pick the marshmallow from the counter and place it in the cabinet.	robocasa_panda_omron/PickPlaceCounterToCabinet_PandaOmron_Env	100179	1300001	0	1			5		1	all_token_full	groot_n15_dit_block_residual_full_tokens_denoise	"[""layer"",""denoise_step"",""model_token"",""feature_dim""]"	[7,4,49,1536]	[0,2,4,8,10,12,15]		grid_coord	meta	meta_json	979d4833a7db/kanu/PPCC/marshmallow/s1/n1/base	199	base
979d4833a7db	kanu	PPCC/marshmallow	1	2	base	activation	735874cc80bb17fc	735874cc80bb17fc256b543ac14050dd42db5e09384ebf3718727ffcc75af87b	lerobot_groot_n15		lerobot_groot_n15__robocasa365_ckpt120000		0	Pick the marshmallow from the counter and place it in the cabinet.	robocasa_panda_omron/PickPlaceCounterToCabinet_PandaOmron_Env	100179	1300002	0	1			5		1	all_token_full	groot_n15_dit_block_residual_full_tokens_denoise	"[""layer"",""denoise_step"",""model_token"",""feature_dim""]"	[7,4,49,1536]	[0,2,4,8,10,12,15]		grid_coord	meta	meta_json	979d4833a7db/kanu/PPCC/marshmallow/s1/n2/base	199	base
979d4833a7db	kanu	PPCC/marshmallow	1	3	base	activation	a58a7e6ef799b69f	a58a7e6ef799b69f0902d62c68f5afbf8e062e69050f5c14ace07bee8e111894	lerobot_groot_n15		lerobot_groot_n15__robocasa365_ckpt120000		0	Pick the marshmallow from the counter and place it in the cabinet.	robocasa_panda_omron/PickPlaceCounterToCabinet_PandaOmron_Env	100179	1300003	0	1			5		1	all_token_full	groot_n15_dit_block_residual_full_tokens_denoise	"[""layer"",""denoise_step"",""model_token"",""feature_dim""]"	[7,4,49,1536]	[0,2,4,8,10,12,15]		grid_coord	meta	meta_json	979d4833a7db/kanu/PPCC/marshmallow/s1/n3/base	199	base
979d4833a7db	kanu	PPCC/marshmallow	1	4	base	activation	62ea72b1c47ab751	62ea72b1c47ab751c72ba4dd3612ddc9d62a9770ce59e4a32cd5568bbe0324c6	lerobot_groot_n15		lerobot_groot_n15__robocasa365_ckpt120000		0	Pick the marshmallow from the counter and place it in the cabinet.	robocasa_panda_omron/PickPlaceCounterToCabinet_PandaOmron_Env	100179	1300004	0	1			5		1	all_token_full	groot_n15_dit_block_residual_full_tokens_denoise	"[""layer"",""denoise_step"",""model_token"",""feature_dim""]"	[7,4,49,1536]	[0,2,4,8,10,12,15]		grid_coord	meta	meta_json	979d4833a7db/kanu/PPCC/marshmallow/s1/n4/base	199	base
979d4833a7db	kanu	PPCC/marshmallow	2	0	base	activation	fe586d81cb914f0a	fe586d81cb914f0a9c70486067a1ce7d52e07ab5f1c41a47fc7158c765e12f01	lerobot_groot_n15		lerobot_groot_n15__robocasa365_ckpt120000		0	Pick the marshmallow from the counter and place it in the cabinet.	robocasa_panda_omron/PickPlaceCounterToCabinet_PandaOmron_Env	100222	1300000	0	1			5		1	all_token_full	groot_n15_dit_block_residual_full_tokens_denoise	"[""layer"",""denoise_step"",""model_token"",""feature_dim""]"	[7,4,49,1536]	[0,2,4,8,10,12,15]		grid_coord	meta	meta_json	979d4833a7db/kanu/PPCC/marshmallow/s2/n0/base	299	base
979d4833a7db	kanu	PPCC/marshmallow	2	1	base	activation	b5cd24fcd673c600	b5cd24fcd673c60068f16c9de74150312c251187f19f17c01c0de1bd5053ddf6	lerobot_groot_n15		lerobot_groot_n15__robocasa365_ckpt120000		0	Pick the marshmallow from the counter and place it in the cabinet.	robocasa_panda_omron/PickPlaceCounterToCabinet_PandaOmron_Env	100222	1300001	0	1			5		1	all_token_full	groot_n15_dit_block_residual_full_tokens_denoise	"[""layer"",""denoise_step"",""model_token"",""feature_dim""]"	[7,4,49,1536]	[0,2,4,8,10,12,15]		grid_coord	meta	meta_json	979d4833a7db/kanu/PPCC/marshmallow/s2/n1/base	299	base
979d4833a7db	kanu	PPCC/marshmallow	2	2	base	activation	aa56cf81c694080b	aa56cf81c694080b58f4930dccf9d49e911d53b70678b72283751e407e30a899	lerobot_groot_n15		lerobot_groot_n15__robocasa365_ckpt120000		0	Pick the marshmallow from the counter and place it in the cabinet.	robocasa_panda_omron/PickPlaceCounterToCabinet_PandaOmron_Env	100222	1300002	0	1			5		1	all_token_full	groot_n15_dit_block_residual_full_tokens_denoise	"[""layer"",""denoise_step"",""model_token"",""feature_dim""]"	[7,4,49,1536]	[0,2,4,8,10,12,15]		grid_coord	meta	meta_json	979d4833a7db/kanu/PPCC/marshmallow/s2/n2/base	299	base
979d4833a7db	kanu	PPCC/marshmallow	2	3	base	activation	2abffe93c4e3417c	2abffe93c4e3417c0c4b0d7da3c453304e44ff9b20602b1b8e19dec9ba3278e0	lerobot_groot_n15		lerobot_groot_n15__robocasa365_ckpt120000		0	Pick the marshmallow from the counter and place it in the cabinet.	robocasa_panda_omron/PickPlaceCounterToCabinet_PandaOmron_Env	100222	1300003	0	1			5		1	all_token_full	groot_n15_dit_block_residual_full_tokens_denoise	"[""layer"",""denoise_step"",""model_token"",""feature_dim""]"	[7,4,49,1536]	[0,2,4,8,10,12,15]		grid_coord	meta	meta_json	979d4833a7db/kanu/PPCC/marshmallow/s2/n3/base	299	base
979d4833a7db	kanu	PPCC/marshmallow	2	4	base	activation	ca0246a22cb23aa2	ca0246a22cb23aa2015873084ab78282e8744ab68660449a1cef3efe5455e7cb	lerobot_groot_n15		lerobot_groot_n15__robocasa365_ckpt120000		0	Pick the marshmallow from the counter and place it in the cabinet.	robocasa_panda_omron/PickPlaceCounterToCabinet_PandaOmron_Env	100222	1300004	0	1			5		1	all_token_full	groot_n15_dit_block_residual_full_tokens_denoise	"[""layer"",""denoise_step"",""model_token"",""feature_dim""]"	[7,4,49,1536]	[0,2,4,8,10,12,15]		grid_coord	meta	meta_json	979d4833a7db/kanu/PPCC/marshmallow/s2/n4/base	299	base
979d4833a7db	kanu	PPCC/marshmallow	3	0	base	activation	13fc8e6d9e51808f	13fc8e6d9e51808fe951bca77688436ec01747b319bcd8dab4825dd00d4b1833	lerobot_groot_n15		lerobot_groot_n15__robocasa365_ckpt120000		0	Pick the marshmallow from the counter and place it in the cabinet.	robocasa_panda_omron/PickPlaceCounterToCabinet_PandaOmron_Env	100424	1300000	0	1			5		1	all_token_full	groot_n15_dit_block_residual_full_tokens_denoise	"[""layer"",""denoise_step"",""model_token"",""feature_dim""]"	[7,4,49,1536]	[0,2,4,8,10,12,15]		grid_coord	meta	meta_json	979d4833a7db/kanu/PPCC/marshmallow/s3/n0/base	399	base
979d4833a7db	kanu	PPCC/marshmallow	3	1	base	activation	3814ed5d17adc417	3814ed5d17adc417e72501b8026892a50ea880090900524398a789228ef02544	lerobot_groot_n15		lerobot_groot_n15__robocasa365_ckpt120000		0	Pick the marshmallow from the counter and place it in the cabinet.	robocasa_panda_omron/PickPlaceCounterToCabinet_PandaOmron_Env	100424	1300001	0	0			5		1	all_token_full	groot_n15_dit_block_residual_full_tokens_denoise	"[""layer"",""denoise_step"",""model_token"",""feature_dim""]"	[7,4,49,1536]	[0,2,4,8,10,12,15]		grid_coord	meta	meta_json	979d4833a7db/kanu/PPCC/marshmallow/s3/n1/base	399	base
979d4833a7db	kanu	PPCC/marshmallow	3	2	base	activation	9471225ce10f3fb9	9471225ce10f3fb9b2f6396ca18f909d977ae23b5369ef1eb6e3ba27f3389f2d	lerobot_groot_n15		lerobot_groot_n15__robocasa365_ckpt120000		0	Pick the marshmallow from the counter and place it in the cabinet.	robocasa_panda_omron/PickPlaceCounterToCabinet_PandaOmron_Env	100424	1300002	0	1			5		1	all_token_full	groot_n15_dit_block_residual_full_tokens_denoise	"[""layer"",""denoise_step"",""model_token"",""feature_dim""]"	[7,4,49,1536]	[0,2,4,8,10,12,15]		grid_coord	meta	meta_json	979d4833a7db/kanu/PPCC/marshmallow/s3/n2/base	399	base
979d4833a7db	kanu	PPCC/marshmallow	3	3	base	activation	4a78c4b5f876acee	4a78c4b5f876acee63f876e97709a9c291f808d43c78c63edfe3abf300c33d85	lerobot_groot_n15		lerobot_groot_n15__robocasa365_ckpt120000		0	Pick the marshmallow from the counter and place it in the cabinet.	robocasa_panda_omron/PickPlaceCounterToCabinet_PandaOmron_Env	100424	1300003	0	1			5		1	all_token_full	groot_n15_dit_block_residual_full_tokens_denoise	"[""layer"",""denoise_step"",""model_token"",""feature_dim""]"	[7,4,49,1536]	[0,2,4,8,10,12,15]		grid_coord	meta	meta_json	979d4833a7db/kanu/PPCC/marshmallow/s3/n3/base	399	base
979d4833a7db	kanu	PPCC/marshmallow	3	4	base	activation	65d0b7253f4b4c04	65d0b7253f4b4c04df6e431b02034a9af5e9cb929a346acbe342309105d68511	lerobot_groot_n15		lerobot_groot_n15__robocasa365_ckpt120000		0	Pick the marshmallow from the counter and place it in the cabinet.	robocasa_panda_omron/PickPlaceCounterToCabinet_PandaOmron_Env	100424	1300004	0	1			5		1	all_token_full	groot_n15_dit_block_residual_full_tokens_denoise	"[""layer"",""denoise_step"",""model_token"",""feature_dim""]"	[7,4,49,1536]	[0,2,4,8,10,12,15]		grid_coord	meta	meta_json	979d4833a7db/kanu/PPCC/marshmallow/s3/n4/base	399	base
979d4833a7db	kanu	PPCC/marshmallow	4	0	base	activation	985a6a06ad3e75d3	985a6a06ad3e75d3c3f1d27f56bd00983312886ea5623df55ffdd48338614c23	lerobot_groot_n15		lerobot_groot_n15__robocasa365_ckpt120000		0	Pick the marshmallow from the counter and place it in the cabinet.	robocasa_panda_omron/PickPlaceCounterToCabinet_PandaOmron_Env	100553	1300000	0	1			5		1	all_token_full	groot_n15_dit_block_residual_full_tokens_denoise	"[""layer"",""denoise_step"",""model_token"",""feature_dim""]"	[7,4,49,1536]	[0,2,4,8,10,12,15]		grid_coord	meta	meta_json	979d4833a7db/kanu/PPCC/marshmallow/s4/n0/base	499	base
979d4833a7db	kanu	PPCC/marshmallow	4	1	base	activation	329198532d967270	329198532d96727010d06d209846923b0b7932dd749f718456817440de5f0925	lerobot_groot_n15		lerobot_groot_n15__robocasa365_ckpt120000		0	Pick the marshmallow from the counter and place it in the cabinet.	robocasa_panda_omron/PickPlaceCounterToCabinet_PandaOmron_Env	100553	1300001	0	1			5		1	all_token_full	groot_n15_dit_block_residual_full_tokens_denoise	"[""layer"",""denoise_step"",""model_token"",""feature_dim""]"	[7,4,49,1536]	[0,2,4,8,10,12,15]		grid_coord	meta	meta_json	979d4833a7db/kanu/PPCC/marshmallow/s4/n1/base	499	base
979d4833a7db	kanu	PPCC/marshmallow	4	2	base	activation	9cca86cb7ba2063b	9cca86cb7ba2063b1ee21ce4d56704d57c665b4bd89d1ed08772eb0390dd558f	lerobot_groot_n15		lerobot_groot_n15__robocasa365_ckpt120000		0	Pick the marshmallow from the counter and place it in the cabinet.	robocasa_panda_omron/PickPlaceCounterToCabinet_PandaOmron_Env	100553	1300002	0	1			5		1	all_token_full	groot_n15_dit_block_residual_full_tokens_denoise	"[""layer"",""denoise_step"",""model_token"",""feature_dim""]"	[7,4,49,1536]	[0,2,4,8,10,12,15]		grid_coord	meta	meta_json	979d4833a7db/kanu/PPCC/marshmallow/s4/n2/base	499	base
979d4833a7db	kanu	PPCC/marshmallow	4	3	base	activation	16468d9b1aed9322	16468d9b1aed9322abbdb6e5758588d57b3d1c80f60affebf5c890262a7edb22	lerobot_groot_n15		lerobot_groot_n15__robocasa365_ckpt120000		0	Pick the marshmallow from the counter and place it in the cabinet.	robocasa_panda_omron/PickPlaceCounterToCabinet_PandaOmron_Env	100553	1300003	0	1			5		1	all_token_full	groot_n15_dit_block_residual_full_tokens_denoise	"[""layer"",""denoise_step"",""model_token"",""feature_dim""]"	[7,4,49,1536]	[0,2,4,8,10,12,15]		grid_coord	meta	meta_json	979d4833a7db/kanu/PPCC/marshmallow/s4/n3/base	499	base
979d4833a7db	kanu	PPCC/marshmallow	4	4	base	activation	71af6cba2ba9c357	71af6cba2ba9c35755bfe8cf7dcb719ce8c0344f1b55feb54a73a29f64364a58	lerobot_groot_n15		lerobot_groot_n15__robocasa365_ckpt120000		0	Pick the marshmallow from the counter and place it in the cabinet.	robocasa_panda_omron/PickPlaceCounterToCabinet_PandaOmron_Env	100553	1300004	0	1			5		1	all_token_full	groot_n15_dit_block_residual_full_tokens_denoise	"[""layer"",""denoise_step"",""model_token"",""feature_dim""]"	[7,4,49,1536]	[0,2,4,8,10,12,15]		grid_coord	meta	meta_json	979d4833a7db/kanu/PPCC/marshmallow/s4/n4/base	499	base
979d4833a7db	worker2	PPCC/jug	0	0	base	activation	0b56ad1de409dc04	0b56ad1de409dc04e4d3da5813b1718e8c1ce0bad4370b965165449688f9e444	lerobot_groot_n15		lerobot_groot_n15__robocasa365_ckpt120000		0	Pick the jug from the counter and place it in the cabinet.	robocasa_panda_omron/PickPlaceCounterToCabinet_PandaOmron_Env	100095	1300000	0	0			5		1	all_token_full	groot_n15_dit_block_residual_full_tokens_denoise	"[""layer"",""denoise_step"",""model_token"",""feature_dim""]"	[7,4,49,1536]	[0,2,4,8,10,12,15]		grid_coord	meta	meta_json	979d4833a7db/worker2/PPCC/jug/s0/n0/base	99	base
979d4833a7db	worker2	PPCC/jug	0	1	base	activation	62d637ddc9ff6cdc	62d637ddc9ff6cdc460dfca7d5129da1e63b859da88dd739ed7c2bae9c819a91	lerobot_groot_n15		lerobot_groot_n15__robocasa365_ckpt120000		0	Pick the jug from the counter and place it in the cabinet.	robocasa_panda_omron/PickPlaceCounterToCabinet_PandaOmron_Env	100095	1300001	0	0			5		1	all_token_full	groot_n15_dit_block_residual_full_tokens_denoise	"[""layer"",""denoise_step"",""model_token"",""feature_dim""]"	[7,4,49,1536]	[0,2,4,8,10,12,15]		grid_coord	meta	meta_json	979d4833a7db/worker2/PPCC/jug/s0/n1/base	99	base
979d4833a7db	worker2	PPCC/jug	0	2	base	activation	5a1d007fc529aca7	5a1d007fc529aca7128beadf18af38e4a47cdb1f86ccb905072f822a36b58c38	lerobot_groot_n15		lerobot_groot_n15__robocasa365_ckpt120000		0	Pick the jug from the counter and place it in the cabinet.	robocasa_panda_omron/PickPlaceCounterToCabinet_PandaOmron_Env	100095	1300002	0	0			5		1	all_token_full	groot_n15_dit_block_residual_full_tokens_denoise	"[""layer"",""denoise_step"",""model_token"",""feature_dim""]"	[7,4,49,1536]	[0,2,4,8,10,12,15]		grid_coord	meta	meta_json	979d4833a7db/worker2/PPCC/jug/s0/n2/base	99	base
979d4833a7db	worker2	PPCC/jug	0	3	base	activation	416f63eb8beee8a5	416f63eb8beee8a56005f93adc9d549eed43baf1abee173186ba9a7eaea969d3	lerobot_groot_n15		lerobot_groot_n15__robocasa365_ckpt120000		0	Pick the jug from the counter and place it in the cabinet.	robocasa_panda_omron/PickPlaceCounterToCabinet_PandaOmron_Env	100095	1300003	0	0			5		1	all_token_full	groot_n15_dit_block_residual_full_tokens_denoise	"[""layer"",""denoise_step"",""model_token"",""feature_dim""]"	[7,4,49,1536]	[0,2,4,8,10,12,15]		grid_coord	meta	meta_json	979d4833a7db/worker2/PPCC/jug/s0/n3/base	99	base
979d4833a7db	worker2	PPCC/jug	0	4	base	activation	46d32a5eead82d47	46d32a5eead82d47e124e2ecc3608d0804cb8dfbf209bb043404a07d79556942	lerobot_groot_n15		lerobot_groot_n15__robocasa365_ckpt120000		0	Pick the jug from the counter and place it in the cabinet.	robocasa_panda_omron/PickPlaceCounterToCabinet_PandaOmron_Env	100095	1300004	0	0			5		1	all_token_full	groot_n15_dit_block_residual_full_tokens_denoise	"[""layer"",""denoise_step"",""model_token"",""feature_dim""]"	[7,4,49,1536]	[0,2,4,8,10,12,15]		grid_coord	meta	meta_json	979d4833a7db/worker2/PPCC/jug/s0/n4/base	99	base
979d4833a7db	worker2	PPCC/jug	1	0	base	activation	2a9c63ad84bbbb63	2a9c63ad84bbbb635de35d1fe30773edb6c490880ca2d28263a22ac384c20a1e	lerobot_groot_n15		lerobot_groot_n15__robocasa365_ckpt120000		0	Pick the jug from the counter and place it in the cabinet.	robocasa_panda_omron/PickPlaceCounterToCabinet_PandaOmron_Env	100128	1300000	0	0			5		1	all_token_full	groot_n15_dit_block_residual_full_tokens_denoise	"[""layer"",""denoise_step"",""model_token"",""feature_dim""]"	[7,4,49,1536]	[0,2,4,8,10,12,15]		grid_coord	meta	meta_json	979d4833a7db/worker2/PPCC/jug/s1/n0/base	199	base
979d4833a7db	worker2	PPCC/jug	1	1	base	activation	6b6eb0d2d8dab73e	6b6eb0d2d8dab73e2ef633b6569c0be826d6b7cf826836c82a5cf55b10ec4346	lerobot_groot_n15		lerobot_groot_n15__robocasa365_ckpt120000		0	Pick the jug from the counter and place it in the cabinet.	robocasa_panda_omron/PickPlaceCounterToCabinet_PandaOmron_Env	100128	1300001	0	0			5		1	all_token_full	groot_n15_dit_block_residual_full_tokens_denoise	"[""layer"",""denoise_step"",""model_token"",""feature_dim""]"	[7,4,49,1536]	[0,2,4,8,10,12,15]		grid_coord	meta	meta_json	979d4833a7db/worker2/PPCC/jug/s1/n1/base	199	base
979d4833a7db	worker2	PPCC/jug	1	2	base	activation	4725375013d19930	4725375013d19930df3ef461f06cd382f00cf48e7e9c0a4a49a09b7607f5f7a5	lerobot_groot_n15		lerobot_groot_n15__robocasa365_ckpt120000		0	Pick the jug from the counter and place it in the cabinet.	robocasa_panda_omron/PickPlaceCounterToCabinet_PandaOmron_Env	100128	1300002	0	0			5		1	all_token_full	groot_n15_dit_block_residual_full_tokens_denoise	"[""layer"",""denoise_step"",""model_token"",""feature_dim""]"	[7,4,49,1536]	[0,2,4,8,10,12,15]		grid_coord	meta	meta_json	979d4833a7db/worker2/PPCC/jug/s1/n2/base	199	base
979d4833a7db	worker2	PPCC/jug	1	3	base	activation	27972f65ef631bb1	27972f65ef631bb19cf46305d4fc2eeffc387f571147a506929bc1d603db314d	lerobot_groot_n15		lerobot_groot_n15__robocasa365_ckpt120000		0	Pick the jug from the counter and place it in the cabinet.	robocasa_panda_omron/PickPlaceCounterToCabinet_PandaOmron_Env	100128	1300003	0	0			5		1	all_token_full	groot_n15_dit_block_residual_full_tokens_denoise	"[""layer"",""denoise_step"",""model_token"",""feature_dim""]"	[7,4,49,1536]	[0,2,4,8,10,12,15]		grid_coord	meta	meta_json	979d4833a7db/worker2/PPCC/jug/s1/n3/base	199	base
979d4833a7db	worker2	PPCC/jug	1	4	base	activation	ccb943e18df22c41	ccb943e18df22c410055e9c90a888b4d22896fa57706eab0559b9aa217668362	lerobot_groot_n15		lerobot_groot_n15__robocasa365_ckpt120000		0	Pick the jug from the counter and place it in the cabinet.	robocasa_panda_omron/PickPlaceCounterToCabinet_PandaOmron_Env	100128	1300004	0	0			5		1	all_token_full	groot_n15_dit_block_residual_full_tokens_denoise	"[""layer"",""denoise_step"",""model_token"",""feature_dim""]"	[7,4,49,1536]	[0,2,4,8,10,12,15]		grid_coord	meta	meta_json	979d4833a7db/worker2/PPCC/jug/s1/n4/base	199	base
979d4833a7db	worker2	PPCC/jug	2	0	base	activation	4038853d8bf4e95c	4038853d8bf4e95cecc8388c1f3a0bc82da33989a5f30f305fe3a53e4e6a366d	lerobot_groot_n15		lerobot_groot_n15__robocasa365_ckpt120000		0	Pick the jug from the counter and place it in the cabinet.	robocasa_panda_omron/PickPlaceCounterToCabinet_PandaOmron_Env	100137	1300000	0	1			5		1	all_token_full	groot_n15_dit_block_residual_full_tokens_denoise	"[""layer"",""denoise_step"",""model_token"",""feature_dim""]"	[7,4,49,1536]	[0,2,4,8,10,12,15]		grid_coord	meta	meta_json	979d4833a7db/worker2/PPCC/jug/s2/n0/base	299	base
979d4833a7db	worker2	PPCC/jug	2	1	base	activation	15ec46b3905e5533	15ec46b3905e55335c17415ab791cc3da2d90b71bba1306f4e484de577700c2a	lerobot_groot_n15		lerobot_groot_n15__robocasa365_ckpt120000		0	Pick the jug from the counter and place it in the cabinet.	robocasa_panda_omron/PickPlaceCounterToCabinet_PandaOmron_Env	100137	1300001	0	1			5		1	all_token_full	groot_n15_dit_block_residual_full_tokens_denoise	"[""layer"",""denoise_step"",""model_token"",""feature_dim""]"	[7,4,49,1536]	[0,2,4,8,10,12,15]		grid_coord	meta	meta_json	979d4833a7db/worker2/PPCC/jug/s2/n1/base	299	base
979d4833a7db	worker2	PPCC/jug	2	2	base	activation	ca7df13dd1788fe6	ca7df13dd1788fe66d38eea02aab858c1b42c39d3bc236a85f8c3df7fa4fb999	lerobot_groot_n15		lerobot_groot_n15__robocasa365_ckpt120000		0	Pick the jug from the counter and place it in the cabinet.	robocasa_panda_omron/PickPlaceCounterToCabinet_PandaOmron_Env	100137	1300002	0	1			5		1	all_token_full	groot_n15_dit_block_residual_full_tokens_denoise	"[""layer"",""denoise_step"",""model_token"",""feature_dim""]"	[7,4,49,1536]	[0,2,4,8,10,12,15]		grid_coord	meta	meta_json	979d4833a7db/worker2/PPCC/jug/s2/n2/base	299	base
979d4833a7db	worker2	PPCC/jug	2	3	base	activation	b7f708a8e99bbfa7	b7f708a8e99bbfa731b90aab8af39d6d29d859999ea5c0746fbe9091805c6fce	lerobot_groot_n15		lerobot_groot_n15__robocasa365_ckpt120000		0	Pick the jug from the counter and place it in the cabinet.	robocasa_panda_omron/PickPlaceCounterToCabinet_PandaOmron_Env	100137	1300003	0	1			5		1	all_token_full	groot_n15_dit_block_residual_full_tokens_denoise	"[""layer"",""denoise_step"",""model_token"",""feature_dim""]"	[7,4,49,1536]	[0,2,4,8,10,12,15]		grid_coord	meta	meta_json	979d4833a7db/worker2/PPCC/jug/s2/n3/base	299	base
979d4833a7db	worker2	PPCC/jug	2	4	base	activation	42ec107b5d4477b1	42ec107b5d4477b10fd04a2fda6cdc0e52e30108fd6e2eef46a192c4ce463436	lerobot_groot_n15		lerobot_groot_n15__robocasa365_ckpt120000		0	Pick the jug from the counter and place it in the cabinet.	robocasa_panda_omron/PickPlaceCounterToCabinet_PandaOmron_Env	100137	1300004	0	0			5		1	all_token_full	groot_n15_dit_block_residual_full_tokens_denoise	"[""layer"",""denoise_step"",""model_token"",""feature_dim""]"	[7,4,49,1536]	[0,2,4,8,10,12,15]		grid_coord	meta	meta_json	979d4833a7db/worker2/PPCC/jug/s2/n4/base	299	base
979d4833a7db	worker2	PPCC/jug	3	0	base	activation	05d9084f5fcfedc8	05d9084f5fcfedc8d254ad95de97996e73a0633e88b5b2247a804f19a95708bd	lerobot_groot_n15		lerobot_groot_n15__robocasa365_ckpt120000		0	Pick the jug from the counter and place it in the cabinet.	robocasa_panda_omron/PickPlaceCounterToCabinet_PandaOmron_Env	100360	1300000	0	0			5		1	all_token_full	groot_n15_dit_block_residual_full_tokens_denoise	"[""layer"",""denoise_step"",""model_token"",""feature_dim""]"	[7,4,49,1536]	[0,2,4,8,10,12,15]		grid_coord	meta	meta_json	979d4833a7db/worker2/PPCC/jug/s3/n0/base	399	base
979d4833a7db	worker2	PPCC/jug	3	1	base	activation	1209c07a6fcbeb11	1209c07a6fcbeb119b175bc9baddfea460381b3ab484e720809e518dcabff43e	lerobot_groot_n15		lerobot_groot_n15__robocasa365_ckpt120000		0	Pick the jug from the counter and place it in the cabinet.	robocasa_panda_omron/PickPlaceCounterToCabinet_PandaOmron_Env	100360	1300001	0	0			5		1	all_token_full	groot_n15_dit_block_residual_full_tokens_denoise	"[""layer"",""denoise_step"",""model_token"",""feature_dim""]"	[7,4,49,1536]	[0,2,4,8,10,12,15]		grid_coord	meta	meta_json	979d4833a7db/worker2/PPCC/jug/s3/n1/base	399	base
979d4833a7db	worker2	PPCC/jug	3	2	base	activation	c4325ab2f0e106cc	c4325ab2f0e106cc9373d6f2501bc96116d03061e2b5214298af1e2fabd6c8da	lerobot_groot_n15		lerobot_groot_n15__robocasa365_ckpt120000		0	Pick the jug from the counter and place it in the cabinet.	robocasa_panda_omron/PickPlaceCounterToCabinet_PandaOmron_Env	100360	1300002	0	0			5		1	all_token_full	groot_n15_dit_block_residual_full_tokens_denoise	"[""layer"",""denoise_step"",""model_token"",""feature_dim""]"	[7,4,49,1536]	[0,2,4,8,10,12,15]		grid_coord	meta	meta_json	979d4833a7db/worker2/PPCC/jug/s3/n2/base	399	base
979d4833a7db	worker2	PPCC/jug	3	3	base	activation	6ba50539307170c3	6ba50539307170c389cfd3ee4e2c2ca34b4108c2dcb658a81e7c45f1b36f98f5	lerobot_groot_n15		lerobot_groot_n15__robocasa365_ckpt120000		0	Pick the jug from the counter and place it in the cabinet.	robocasa_panda_omron/PickPlaceCounterToCabinet_PandaOmron_Env	100360	1300003	0	0			5		1	all_token_full	groot_n15_dit_block_residual_full_tokens_denoise	"[""layer"",""denoise_step"",""model_token"",""feature_dim""]"	[7,4,49,1536]	[0,2,4,8,10,12,15]		grid_coord	meta	meta_json	979d4833a7db/worker2/PPCC/jug/s3/n3/base	399	base
979d4833a7db	worker2	PPCC/jug	3	4	base	activation	e965265ec5f38d2b	e965265ec5f38d2b8fc07a18040eed7bec41efb02039df76f80a8bc45f5f724c	lerobot_groot_n15		lerobot_groot_n15__robocasa365_ckpt120000		0	Pick the jug from the counter and place it in the cabinet.	robocasa_panda_omron/PickPlaceCounterToCabinet_PandaOmron_Env	100360	1300004	0	0			5		1	all_token_full	groot_n15_dit_block_residual_full_tokens_denoise	"[""layer"",""denoise_step"",""model_token"",""feature_dim""]"	[7,4,49,1536]	[0,2,4,8,10,12,15]		grid_coord	meta	meta_json	979d4833a7db/worker2/PPCC/jug/s3/n4/base	399	base
979d4833a7db	worker2	PPCC/jug	4	0	base	activation	6002d835f47d26a0	6002d835f47d26a06e8a6f95314af74dd130fff201f164d0c0420a70ebfe291e	lerobot_groot_n15		lerobot_groot_n15__robocasa365_ckpt120000		0	Pick the jug from the counter and place it in the cabinet.	robocasa_panda_omron/PickPlaceCounterToCabinet_PandaOmron_Env	100387	1300000	0	0			5		1	all_token_full	groot_n15_dit_block_residual_full_tokens_denoise	"[""layer"",""denoise_step"",""model_token"",""feature_dim""]"	[7,4,49,1536]	[0,2,4,8,10,12,15]		grid_coord	meta	meta_json	979d4833a7db/worker2/PPCC/jug/s4/n0/base	499	base
979d4833a7db	worker2	PPCC/jug	4	1	base	activation	1b0913963214e377	1b0913963214e377e6cb15029f092bf521d4f4317c283e01d09410e5a02d2d31	lerobot_groot_n15		lerobot_groot_n15__robocasa365_ckpt120000		0	Pick the jug from the counter and place it in the cabinet.	robocasa_panda_omron/PickPlaceCounterToCabinet_PandaOmron_Env	100387	1300001	0	0			5		1	all_token_full	groot_n15_dit_block_residual_full_tokens_denoise	"[""layer"",""denoise_step"",""model_token"",""feature_dim""]"	[7,4,49,1536]	[0,2,4,8,10,12,15]		grid_coord	meta	meta_json	979d4833a7db/worker2/PPCC/jug/s4/n1/base	499	base
979d4833a7db	worker2	PPCC/jug	4	2	base	activation	4e3d0333495336f8	4e3d0333495336f81e92164dbd7a97192da905eca96e1627bf6413080fd2dbfa	lerobot_groot_n15		lerobot_groot_n15__robocasa365_ckpt120000		0	Pick the jug from the counter and place it in the cabinet.	robocasa_panda_omron/PickPlaceCounterToCabinet_PandaOmron_Env	100387	1300002	0	1			5		1	all_token_full	groot_n15_dit_block_residual_full_tokens_denoise	"[""layer"",""denoise_step"",""model_token"",""feature_dim""]"	[7,4,49,1536]	[0,2,4,8,10,12,15]		grid_coord	meta	meta_json	979d4833a7db/worker2/PPCC/jug/s4/n2/base	499	base
979d4833a7db	worker2	PPCC/jug	4	3	base	activation	14f58c87dfeb38bc	14f58c87dfeb38bcc029493c2681333db2e9dc6c13d53e2dcef422035da9bbcc	lerobot_groot_n15		lerobot_groot_n15__robocasa365_ckpt120000		0	Pick the jug from the counter and place it in the cabinet.	robocasa_panda_omron/PickPlaceCounterToCabinet_PandaOmron_Env	100387	1300003	0	0			5		1	all_token_full	groot_n15_dit_block_residual_full_tokens_denoise	"[""layer"",""denoise_step"",""model_token"",""feature_dim""]"	[7,4,49,1536]	[0,2,4,8,10,12,15]		grid_coord	meta	meta_json	979d4833a7db/worker2/PPCC/jug/s4/n3/base	499	base
979d4833a7db	worker2	PPCC/jug	4	4	base	activation	68fadad0b8260e14	68fadad0b8260e14da39f43a31348b5e28bb4f8ed00a8c698cbe6870e528beca	lerobot_groot_n15		lerobot_groot_n15__robocasa365_ckpt120000		0	Pick the jug from the counter and place it in the cabinet.	robocasa_panda_omron/PickPlaceCounterToCabinet_PandaOmron_Env	100387	1300004	0	1			5		1	all_token_full	groot_n15_dit_block_residual_full_tokens_denoise	"[""layer"",""denoise_step"",""model_token"",""feature_dim""]"	[7,4,49,1536]	[0,2,4,8,10,12,15]		grid_coord	meta	meta_json	979d4833a7db/worker2/PPCC/jug/s4/n4/base	499	base
b8054b5e7258	kanu	OpenDrawer/left	0	0	base	activation	f62235081e9bc0b3	f62235081e9bc0b3f10cc20131c30419c46dd4236ef8e8d1889943fe24fc9201	lerobot_groot_n15	n15	lerobot_groot_n15__robocasa365_ckpt120000		0	Open the left drawer.	robocasa_panda_omron/OpenDrawer_PandaOmron_Env	100001	1300000	0	0			5		1	all_token_full	groot_n15_dit_block_residual_full_tokens_denoise	"[""layer"",""denoise_step"",""model_token"",""feature_dim""]"	[7,4,49,1536]	[0,2,4,8,10,12,15]	n15_grid_v1	grid_coord	meta	meta_json	b8054b5e7258/kanu/OpenDrawer/left/s0/n0/base	99	base
b8054b5e7258	kanu	OpenDrawer/left	0	1	base	activation	d95b73dba32cf233	d95b73dba32cf2337711ad7f507baa8298d6bbaa2cc47b932816a093b3529520	lerobot_groot_n15	n15	lerobot_groot_n15__robocasa365_ckpt120000		0	Open the left drawer.	robocasa_panda_omron/OpenDrawer_PandaOmron_Env	100001	1300001	0	0			5		1	all_token_full	groot_n15_dit_block_residual_full_tokens_denoise	"[""layer"",""denoise_step"",""model_token"",""feature_dim""]"	[7,4,49,1536]	[0,2,4,8,10,12,15]	n15_grid_v1	grid_coord	meta	meta_json	b8054b5e7258/kanu/OpenDrawer/left/s0/n1/base	99	base
b8054b5e7258	kanu	OpenDrawer/left	0	2	base	activation	3ea55e2ae9b28473	3ea55e2ae9b284734ab431e580b66340f325278fdfaac11d82e73f11a6c39159	lerobot_groot_n15	n15	lerobot_groot_n15__robocasa365_ckpt120000		0	Open the left drawer.	robocasa_panda_omron/OpenDrawer_PandaOmron_Env	100001	1300002	0	0			5		1	all_token_full	groot_n15_dit_block_residual_full_tokens_denoise	"[""layer"",""denoise_step"",""model_token"",""feature_dim""]"	[7,4,49,1536]	[0,2,4,8,10,12,15]	n15_grid_v1	grid_coord	meta	meta_json	b8054b5e7258/kanu/OpenDrawer/left/s0/n2/base	99	base
b8054b5e7258	kanu	OpenDrawer/left	0	3	base	activation	b6a524246d83d73c	b6a524246d83d73c726a886204af93f2833f0d43e48a546508dfc812c542e7e2	lerobot_groot_n15	n15	lerobot_groot_n15__robocasa365_ckpt120000		0	Open the left drawer.	robocasa_panda_omron/OpenDrawer_PandaOmron_Env	100001	1300003	0	0			5		1	all_token_full	groot_n15_dit_block_residual_full_tokens_denoise	"[""layer"",""denoise_step"",""model_token"",""feature_dim""]"	[7,4,49,1536]	[0,2,4,8,10,12,15]	n15_grid_v1	grid_coord	meta	meta_json	b8054b5e7258/kanu/OpenDrawer/left/s0/n3/base	99	base
b8054b5e7258	kanu	OpenDrawer/left	0	4	base	activation	7519620d7c7e9097	7519620d7c7e9097b4eadd5ab1cd9599dd3d2762a5ec8f15bd1af0267ac30f8c	lerobot_groot_n15	n15	lerobot_groot_n15__robocasa365_ckpt120000		0	Open the left drawer.	robocasa_panda_omron/OpenDrawer_PandaOmron_Env	100001	1300004	0	0			5		1	all_token_full	groot_n15_dit_block_residual_full_tokens_denoise	"[""layer"",""denoise_step"",""model_token"",""feature_dim""]"	[7,4,49,1536]	[0,2,4,8,10,12,15]	n15_grid_v1	grid_coord	meta	meta_json	b8054b5e7258/kanu/OpenDrawer/left/s0/n4/base	99	base
b8054b5e7258	kanu	OpenDrawer/left	1	0	base	activation	aaa70dae71fdd432	aaa70dae71fdd432836f60568beb0a7aac347f87e7b0a417f38742ce4d5631fb	lerobot_groot_n15	n15	lerobot_groot_n15__robocasa365_ckpt120000		0	Open the left drawer.	robocasa_panda_omron/OpenDrawer_PandaOmron_Env	100002	1300000	0	1			5		1	all_token_full	groot_n15_dit_block_residual_full_tokens_denoise	"[""layer"",""denoise_step"",""model_token"",""feature_dim""]"	[7,4,49,1536]	[0,2,4,8,10,12,15]	n15_grid_v1	grid_coord	meta	meta_json	b8054b5e7258/kanu/OpenDrawer/left/s1/n0/base	199	base
b8054b5e7258	kanu	OpenDrawer/left	1	1	base	activation	1a5c37884f9230ec	1a5c37884f9230ec2835409902e8d2e6540a6c33e4e4454b5af889928e2c0f36	lerobot_groot_n15	n15	lerobot_groot_n15__robocasa365_ckpt120000		0	Open the left drawer.	robocasa_panda_omron/OpenDrawer_PandaOmron_Env	100002	1300001	0	0			5		1	all_token_full	groot_n15_dit_block_residual_full_tokens_denoise	"[""layer"",""denoise_step"",""model_token"",""feature_dim""]"	[7,4,49,1536]	[0,2,4,8,10,12,15]	n15_grid_v1	grid_coord	meta	meta_json	b8054b5e7258/kanu/OpenDrawer/left/s1/n1/base	199	base
b8054b5e7258	kanu	OpenDrawer/left	1	2	base	activation	6cbc773cbc257ae7	6cbc773cbc257ae7893013781db7bb1524086a03a138a97aa39d7c03cc352758	lerobot_groot_n15	n15	lerobot_groot_n15__robocasa365_ckpt120000		0	Open the left drawer.	robocasa_panda_omron/OpenDrawer_PandaOmron_Env	100002	1300002	0	1			5		1	all_token_full	groot_n15_dit_block_residual_full_tokens_denoise	"[""layer"",""denoise_step"",""model_token"",""feature_dim""]"	[7,4,49,1536]	[0,2,4,8,10,12,15]	n15_grid_v1	grid_coord	meta	meta_json	b8054b5e7258/kanu/OpenDrawer/left/s1/n2/base	199	base
b8054b5e7258	kanu	OpenDrawer/left	1	3	base	activation	df8974feb9406b95	df8974feb9406b952af353b0fd9d10b1251a9b520b74a2be426a3d0cf35ac446	lerobot_groot_n15	n15	lerobot_groot_n15__robocasa365_ckpt120000		0	Open the left drawer.	robocasa_panda_omron/OpenDrawer_PandaOmron_Env	100002	1300003	0	0			5		1	all_token_full	groot_n15_dit_block_residual_full_tokens_denoise	"[""layer"",""denoise_step"",""model_token"",""feature_dim""]"	[7,4,49,1536]	[0,2,4,8,10,12,15]	n15_grid_v1	grid_coord	meta	meta_json	b8054b5e7258/kanu/OpenDrawer/left/s1/n3/base	199	base
b8054b5e7258	kanu	OpenDrawer/left	1	4	base	activation	9f85d4abc149f5fb	9f85d4abc149f5fb490730a69d12bd855e396879b07c0038bf3051a69415fa96	lerobot_groot_n15	n15	lerobot_groot_n15__robocasa365_ckpt120000		0	Open the left drawer.	robocasa_panda_omron/OpenDrawer_PandaOmron_Env	100002	1300004	0	0			5		1	all_token_full	groot_n15_dit_block_residual_full_tokens_denoise	"[""layer"",""denoise_step"",""model_token"",""feature_dim""]"	[7,4,49,1536]	[0,2,4,8,10,12,15]	n15_grid_v1	grid_coord	meta	meta_json	b8054b5e7258/kanu/OpenDrawer/left/s1/n4/base	199	base
b8054b5e7258	kanu	OpenDrawer/left	2	0	base	activation	df440f83d042093c	df440f83d042093c9360780dbb07fe9793e0fb0ef800ae6a59f55e116b9dbbc5	lerobot_groot_n15	n15	lerobot_groot_n15__robocasa365_ckpt120000		0	Open the left drawer.	robocasa_panda_omron/OpenDrawer_PandaOmron_Env	100004	1300000	0	0			5		1	all_token_full	groot_n15_dit_block_residual_full_tokens_denoise	"[""layer"",""denoise_step"",""model_token"",""feature_dim""]"	[7,4,49,1536]	[0,2,4,8,10,12,15]	n15_grid_v1	grid_coord	meta	meta_json	b8054b5e7258/kanu/OpenDrawer/left/s2/n0/base	299	base
b8054b5e7258	kanu	OpenDrawer/left	2	1	base	activation	36dfbc39cf7c2249	36dfbc39cf7c2249f02b1e4a6c5c7193e7d1c14c6ced3e952e81e29cc11d3444	lerobot_groot_n15	n15	lerobot_groot_n15__robocasa365_ckpt120000		0	Open the left drawer.	robocasa_panda_omron/OpenDrawer_PandaOmron_Env	100004	1300001	0	1			5		1	all_token_full	groot_n15_dit_block_residual_full_tokens_denoise	"[""layer"",""denoise_step"",""model_token"",""feature_dim""]"	[7,4,49,1536]	[0,2,4,8,10,12,15]	n15_grid_v1	grid_coord	meta	meta_json	b8054b5e7258/kanu/OpenDrawer/left/s2/n1/base	299	base
b8054b5e7258	kanu	OpenDrawer/left	2	2	base	activation	0bbb07fc8a2ab8a4	0bbb07fc8a2ab8a4e0d6bb3acfaf407f5b91ea2a65482156b2675635be5bb05e	lerobot_groot_n15	n15	lerobot_groot_n15__robocasa365_ckpt120000		0	Open the left drawer.	robocasa_panda_omron/OpenDrawer_PandaOmron_Env	100004	1300002	0	1			5		1	all_token_full	groot_n15_dit_block_residual_full_tokens_denoise	"[""layer"",""denoise_step"",""model_token"",""feature_dim""]"	[7,4,49,1536]	[0,2,4,8,10,12,15]	n15_grid_v1	grid_coord	meta	meta_json	b8054b5e7258/kanu/OpenDrawer/left/s2/n2/base	299	base
b8054b5e7258	kanu	OpenDrawer/left	2	3	base	activation	126b54ab8f22fc4a	126b54ab8f22fc4ac2a7fcfb229557147258c84ef56a8b4af866fce4f620f18a	lerobot_groot_n15	n15	lerobot_groot_n15__robocasa365_ckpt120000		0	Open the left drawer.	robocasa_panda_omron/OpenDrawer_PandaOmron_Env	100004	1300003	0	1			5		1	all_token_full	groot_n15_dit_block_residual_full_tokens_denoise	"[""layer"",""denoise_step"",""model_token"",""feature_dim""]"	[7,4,49,1536]	[0,2,4,8,10,12,15]	n15_grid_v1	grid_coord	meta	meta_json	b8054b5e7258/kanu/OpenDrawer/left/s2/n3/base	299	base
b8054b5e7258	kanu	OpenDrawer/left	2	4	base	activation	be63b596c8814ae5	be63b596c8814ae53181f66bfa4875af1b14dc1fc4e1758f8e670b5429d2fca7	lerobot_groot_n15	n15	lerobot_groot_n15__robocasa365_ckpt120000		0	Open the left drawer.	robocasa_panda_omron/OpenDrawer_PandaOmron_Env	100004	1300004	0	1			5		1	all_token_full	groot_n15_dit_block_residual_full_tokens_denoise	"[""layer"",""denoise_step"",""model_token"",""feature_dim""]"	[7,4,49,1536]	[0,2,4,8,10,12,15]	n15_grid_v1	grid_coord	meta	meta_json	b8054b5e7258/kanu/OpenDrawer/left/s2/n4/base	299	base
b8054b5e7258	kanu	OpenDrawer/left	3	0	base	activation	15225d473e364192	15225d473e36419204090be50648accb12919c750507812d1a574a96a530b0cb	lerobot_groot_n15	n15	lerobot_groot_n15__robocasa365_ckpt120000		0	Open the left drawer.	robocasa_panda_omron/OpenDrawer_PandaOmron_Env	100007	1300000	0	1			5		1	all_token_full	groot_n15_dit_block_residual_full_tokens_denoise	"[""layer"",""denoise_step"",""model_token"",""feature_dim""]"	[7,4,49,1536]	[0,2,4,8,10,12,15]	n15_grid_v1	grid_coord	meta	meta_json	b8054b5e7258/kanu/OpenDrawer/left/s3/n0/base	399	base
b8054b5e7258	kanu	OpenDrawer/left	3	1	base	activation	3cc04dfe7b3649ea	3cc04dfe7b3649ea8c3cbc5f387a38dcff5be6b960387eeddba86b6246cdcdce	lerobot_groot_n15	n15	lerobot_groot_n15__robocasa365_ckpt120000		0	Open the left drawer.	robocasa_panda_omron/OpenDrawer_PandaOmron_Env	100007	1300001	0	0			5		1	all_token_full	groot_n15_dit_block_residual_full_tokens_denoise	"[""layer"",""denoise_step"",""model_token"",""feature_dim""]"	[7,4,49,1536]	[0,2,4,8,10,12,15]	n15_grid_v1	grid_coord	meta	meta_json	b8054b5e7258/kanu/OpenDrawer/left/s3/n1/base	399	base
b8054b5e7258	kanu	OpenDrawer/left	3	2	base	activation	c32d487421dcca27	c32d487421dcca27377276a7cd83223bfa7637ab68c09aa7307b20e506cd3400	lerobot_groot_n15	n15	lerobot_groot_n15__robocasa365_ckpt120000		0	Open the left drawer.	robocasa_panda_omron/OpenDrawer_PandaOmron_Env	100007	1300002	0	0			5		1	all_token_full	groot_n15_dit_block_residual_full_tokens_denoise	"[""layer"",""denoise_step"",""model_token"",""feature_dim""]"	[7,4,49,1536]	[0,2,4,8,10,12,15]	n15_grid_v1	grid_coord	meta	meta_json	b8054b5e7258/kanu/OpenDrawer/left/s3/n2/base	399	base
b8054b5e7258	kanu	OpenDrawer/left	3	3	base	activation	33dfcbb26f52298d	33dfcbb26f52298d423444caf48c246975556ec5ee77715bfcf2868cef8fe830	lerobot_groot_n15	n15	lerobot_groot_n15__robocasa365_ckpt120000		0	Open the left drawer.	robocasa_panda_omron/OpenDrawer_PandaOmron_Env	100007	1300003	0	0			5		1	all_token_full	groot_n15_dit_block_residual_full_tokens_denoise	"[""layer"",""denoise_step"",""model_token"",""feature_dim""]"	[7,4,49,1536]	[0,2,4,8,10,12,15]	n15_grid_v1	grid_coord	meta	meta_json	b8054b5e7258/kanu/OpenDrawer/left/s3/n3/base	399	base
b8054b5e7258	kanu	OpenDrawer/left	3	4	base	activation	949666f6dfed401e	949666f6dfed401e3ff2f1a73c2f4a5712e6b273891c122660057cd0a3a9964a	lerobot_groot_n15	n15	lerobot_groot_n15__robocasa365_ckpt120000		0	Open the left drawer.	robocasa_panda_omron/OpenDrawer_PandaOmron_Env	100007	1300004	0	1			5		1	all_token_full	groot_n15_dit_block_residual_full_tokens_denoise	"[""layer"",""denoise_step"",""model_token"",""feature_dim""]"	[7,4,49,1536]	[0,2,4,8,10,12,15]	n15_grid_v1	grid_coord	meta	meta_json	b8054b5e7258/kanu/OpenDrawer/left/s3/n4/base	399	base
b8054b5e7258	kanu	OpenDrawer/left	4	0	base	activation	b95c15de2cddc0ab	b95c15de2cddc0ab45a3d81c82f5170cb8bfc82aee4aa4bc5ce30c0573fa27d4	lerobot_groot_n15	n15	lerobot_groot_n15__robocasa365_ckpt120000		0	Open the left drawer.	robocasa_panda_omron/OpenDrawer_PandaOmron_Env	100008	1300000	0	1			5		1	all_token_full	groot_n15_dit_block_residual_full_tokens_denoise	"[""layer"",""denoise_step"",""model_token"",""feature_dim""]"	[7,4,49,1536]	[0,2,4,8,10,12,15]	n15_grid_v1	grid_coord	meta	meta_json	b8054b5e7258/kanu/OpenDrawer/left/s4/n0/base	499	base
b8054b5e7258	kanu	OpenDrawer/left	4	1	base	activation	c2161b631fd74c31	c2161b631fd74c31e56e64dcb1f610ab6652c77f840a5a139e6dbf84a91ef5db	lerobot_groot_n15	n15	lerobot_groot_n15__robocasa365_ckpt120000		0	Open the left drawer.	robocasa_panda_omron/OpenDrawer_PandaOmron_Env	100008	1300001	0	1			5		1	all_token_full	groot_n15_dit_block_residual_full_tokens_denoise	"[""layer"",""denoise_step"",""model_token"",""feature_dim""]"	[7,4,49,1536]	[0,2,4,8,10,12,15]	n15_grid_v1	grid_coord	meta	meta_json	b8054b5e7258/kanu/OpenDrawer/left/s4/n1/base	499	base
b8054b5e7258	kanu	OpenDrawer/left	4	2	base	activation	f8f201127d92b026	f8f201127d92b026c9acdc0a02d23d097f4e21392cd6f8ebdc3b969360311812	lerobot_groot_n15	n15	lerobot_groot_n15__robocasa365_ckpt120000		0	Open the left drawer.	robocasa_panda_omron/OpenDrawer_PandaOmron_Env	100008	1300002	0	1			5		1	all_token_full	groot_n15_dit_block_residual_full_tokens_denoise	"[""layer"",""denoise_step"",""model_token"",""feature_dim""]"	[7,4,49,1536]	[0,2,4,8,10,12,15]	n15_grid_v1	grid_coord	meta	meta_json	b8054b5e7258/kanu/OpenDrawer/left/s4/n2/base	499	base
b8054b5e7258	kanu	OpenDrawer/left	4	3	base	activation	b1d40ce93d31cfc9	b1d40ce93d31cfc92bbaacae05b2027b4944e44091ad3a9f7a4f053cf782db22	lerobot_groot_n15	n15	lerobot_groot_n15__robocasa365_ckpt120000		0	Open the left drawer.	robocasa_panda_omron/OpenDrawer_PandaOmron_Env	100008	1300003	0	1			5		1	all_token_full	groot_n15_dit_block_residual_full_tokens_denoise	"[""layer"",""denoise_step"",""model_token"",""feature_dim""]"	[7,4,49,1536]	[0,2,4,8,10,12,15]	n15_grid_v1	grid_coord	meta	meta_json	b8054b5e7258/kanu/OpenDrawer/left/s4/n3/base	499	base
b8054b5e7258	kanu	OpenDrawer/left	4	4	base	activation	844f2c36e4cb888d	844f2c36e4cb888d7add2482bd6343c5a3ec10608b328b94a020e1ffa939cb11	lerobot_groot_n15	n15	lerobot_groot_n15__robocasa365_ckpt120000		0	Open the left drawer.	robocasa_panda_omron/OpenDrawer_PandaOmron_Env	100008	1300004	0	1			5		1	all_token_full	groot_n15_dit_block_residual_full_tokens_denoise	"[""layer"",""denoise_step"",""model_token"",""feature_dim""]"	[7,4,49,1536]	[0,2,4,8,10,12,15]	n15_grid_v1	grid_coord	meta	meta_json	b8054b5e7258/kanu/OpenDrawer/left/s4/n4/base	499	base
b8054b5e7258	kanu	PPCC/apple	0	0	base	activation	fa620a16391e14aa	fa620a16391e14aa750b32a159c5883f64681fc8f1658a2978fe9bc20f3b0331	lerobot_groot_n15	n15	lerobot_groot_n15__robocasa365_ckpt120000		0	Pick the apple from the counter and place it in the cabinet.	robocasa_panda_omron/PickPlaceCounterToCabinet_PandaOmron_Env	100025	1300000	0	1			5		1	all_token_full	groot_n15_dit_block_residual_full_tokens_denoise	"[""layer"",""denoise_step"",""model_token"",""feature_dim""]"	[7,4,49,1536]	[0,2,4,8,10,12,15]	n15_grid_v1	grid_coord	meta	meta_json	b8054b5e7258/kanu/PPCC/apple/s0/n0/base	99	base
b8054b5e7258	kanu	PPCC/apple	0	1	base	activation	985db2f297c0ad76	985db2f297c0ad767e74ecf453aa5c9e5b060a34429b1ee6f78cd9490cd17a9f	lerobot_groot_n15	n15	lerobot_groot_n15__robocasa365_ckpt120000		0	Pick the apple from the counter and place it in the cabinet.	robocasa_panda_omron/PickPlaceCounterToCabinet_PandaOmron_Env	100025	1300001	0	1			5		1	all_token_full	groot_n15_dit_block_residual_full_tokens_denoise	"[""layer"",""denoise_step"",""model_token"",""feature_dim""]"	[7,4,49,1536]	[0,2,4,8,10,12,15]	n15_grid_v1	grid_coord	meta	meta_json	b8054b5e7258/kanu/PPCC/apple/s0/n1/base	99	base
b8054b5e7258	kanu	PPCC/apple	0	2	base	activation	65b1c7759a579a29	65b1c7759a579a29ceda3f253ba03d191815de1d31c5af7a92669c4ef0cdd1b6	lerobot_groot_n15	n15	lerobot_groot_n15__robocasa365_ckpt120000		0	Pick the apple from the counter and place it in the cabinet.	robocasa_panda_omron/PickPlaceCounterToCabinet_PandaOmron_Env	100025	1300002	0	1			5		1	all_token_full	groot_n15_dit_block_residual_full_tokens_denoise	"[""layer"",""denoise_step"",""model_token"",""feature_dim""]"	[7,4,49,1536]	[0,2,4,8,10,12,15]	n15_grid_v1	grid_coord	meta	meta_json	b8054b5e7258/kanu/PPCC/apple/s0/n2/base	99	base
b8054b5e7258	kanu	PPCC/apple	1	0	base	activation	0080c690663ce2c9	0080c690663ce2c9a35f3335097bd400811474ce42ccd38c9c6ecb5ff318fb76	lerobot_groot_n15	n15	lerobot_groot_n15__robocasa365_ckpt120000		0	Pick the apple from the counter and place it in the cabinet.	robocasa_panda_omron/PickPlaceCounterToCabinet_PandaOmron_Env	100069	1300000	0	1			5		1	all_token_full	groot_n15_dit_block_residual_full_tokens_denoise	"[""layer"",""denoise_step"",""model_token"",""feature_dim""]"	[7,4,49,1536]	[0,2,4,8,10,12,15]	n15_grid_v1	grid_coord	meta	meta_json	b8054b5e7258/kanu/PPCC/apple/s1/n0/base	199	base
b8054b5e7258	kanu	PPCC/apple	1	1	base	activation	23423cb4be188f1d	23423cb4be188f1d5c5bd5d798f078bf90d34d8712eed59da59df317715f8344	lerobot_groot_n15	n15	lerobot_groot_n15__robocasa365_ckpt120000		0	Pick the apple from the counter and place it in the cabinet.	robocasa_panda_omron/PickPlaceCounterToCabinet_PandaOmron_Env	100069	1300001	0	1			5		1	all_token_full	groot_n15_dit_block_residual_full_tokens_denoise	"[""layer"",""denoise_step"",""model_token"",""feature_dim""]"	[7,4,49,1536]	[0,2,4,8,10,12,15]	n15_grid_v1	grid_coord	meta	meta_json	b8054b5e7258/kanu/PPCC/apple/s1/n1/base	199	base
b8054b5e7258	kanu	PPCC/apple	1	2	base	activation	8a6de0606af0eb37	8a6de0606af0eb373477d1c4414d292845514d7359d61ca4201eabffc538c9ce	lerobot_groot_n15	n15	lerobot_groot_n15__robocasa365_ckpt120000		0	Pick the apple from the counter and place it in the cabinet.	robocasa_panda_omron/PickPlaceCounterToCabinet_PandaOmron_Env	100069	1300002	0	1			5		1	all_token_full	groot_n15_dit_block_residual_full_tokens_denoise	"[""layer"",""denoise_step"",""model_token"",""feature_dim""]"	[7,4,49,1536]	[0,2,4,8,10,12,15]	n15_grid_v1	grid_coord	meta	meta_json	b8054b5e7258/kanu/PPCC/apple/s1/n2/base	199	base
b8054b5e7258	kanu	PPCC/apple	2	0	base	activation	97748e3781167bed	97748e3781167bedef8af41dce604c6bc91836f1ee33ed54e55492eb498db6b9	lerobot_groot_n15	n15	lerobot_groot_n15__robocasa365_ckpt120000		0	Pick the apple from the counter and place it in the cabinet.	robocasa_panda_omron/PickPlaceCounterToCabinet_PandaOmron_Env	100192	1300000	0	1			5		1	all_token_full	groot_n15_dit_block_residual_full_tokens_denoise	"[""layer"",""denoise_step"",""model_token"",""feature_dim""]"	[7,4,49,1536]	[0,2,4,8,10,12,15]	n15_grid_v1	grid_coord	meta	meta_json	b8054b5e7258/kanu/PPCC/apple/s2/n0/base	299	base
b8054b5e7258	kanu	PPCC/apple	2	1	base	activation	c707fc4775f2b3b6	c707fc4775f2b3b68adbe1ed0f7dd6cb67b61397350b21ca6bca4e5185bcb802	lerobot_groot_n15	n15	lerobot_groot_n15__robocasa365_ckpt120000		0	Pick the apple from the counter and place it in the cabinet.	robocasa_panda_omron/PickPlaceCounterToCabinet_PandaOmron_Env	100192	1300001	0	1			5		1	all_token_full	groot_n15_dit_block_residual_full_tokens_denoise	"[""layer"",""denoise_step"",""model_token"",""feature_dim""]"	[7,4,49,1536]	[0,2,4,8,10,12,15]	n15_grid_v1	grid_coord	meta	meta_json	b8054b5e7258/kanu/PPCC/apple/s2/n1/base	299	base
b8054b5e7258	kanu	PPCC/apple	2	2	base	activation	75e68a92f6f9dc30	75e68a92f6f9dc308324f7d3ea38555f91a14ef51c38fc21f36dd67dc0a928d6	lerobot_groot_n15	n15	lerobot_groot_n15__robocasa365_ckpt120000		0	Pick the apple from the counter and place it in the cabinet.	robocasa_panda_omron/PickPlaceCounterToCabinet_PandaOmron_Env	100192	1300002	0	1			5		1	all_token_full	groot_n15_dit_block_residual_full_tokens_denoise	"[""layer"",""denoise_step"",""model_token"",""feature_dim""]"	[7,4,49,1536]	[0,2,4,8,10,12,15]	n15_grid_v1	grid_coord	meta	meta_json	b8054b5e7258/kanu/PPCC/apple/s2/n2/base	299	base
b8054b5e7258	kanu	PPCC/apple	3	0	base	activation	8bdddd9bcd7e363d	8bdddd9bcd7e363d893181745ec38a3ce5832c4c4f091ed97aa404fe9980f944	lerobot_groot_n15	n15	lerobot_groot_n15__robocasa365_ckpt120000		0	Pick the apple from the counter and place it in the cabinet.	robocasa_panda_omron/PickPlaceCounterToCabinet_PandaOmron_Env	100195	1300000	0	1			5		1	all_token_full	groot_n15_dit_block_residual_full_tokens_denoise	"[""layer"",""denoise_step"",""model_token"",""feature_dim""]"	[7,4,49,1536]	[0,2,4,8,10,12,15]	n15_grid_v1	grid_coord	meta	meta_json	b8054b5e7258/kanu/PPCC/apple/s3/n0/base	399	base
b8054b5e7258	kanu	PPCC/apple	3	1	base	activation	cb8bdc73987650e8	cb8bdc73987650e8d196f9a97b0713d9aeeee1169f3ebd396fdf06a070a6894d	lerobot_groot_n15	n15	lerobot_groot_n15__robocasa365_ckpt120000		0	Pick the apple from the counter and place it in the cabinet.	robocasa_panda_omron/PickPlaceCounterToCabinet_PandaOmron_Env	100195	1300001	0	1			5		1	all_token_full	groot_n15_dit_block_residual_full_tokens_denoise	"[""layer"",""denoise_step"",""model_token"",""feature_dim""]"	[7,4,49,1536]	[0,2,4,8,10,12,15]	n15_grid_v1	grid_coord	meta	meta_json	b8054b5e7258/kanu/PPCC/apple/s3/n1/base	399	base
b8054b5e7258	kanu	PPCC/apple	3	2	base	activation	7aec2a4823d7d9e1	7aec2a4823d7d9e1785c221c5aa1569ec915755cf552a5b738654c949a01c17f	lerobot_groot_n15	n15	lerobot_groot_n15__robocasa365_ckpt120000		0	Pick the apple from the counter and place it in the cabinet.	robocasa_panda_omron/PickPlaceCounterToCabinet_PandaOmron_Env	100195	1300002	0	1			5		1	all_token_full	groot_n15_dit_block_residual_full_tokens_denoise	"[""layer"",""denoise_step"",""model_token"",""feature_dim""]"	[7,4,49,1536]	[0,2,4,8,10,12,15]	n15_grid_v1	grid_coord	meta	meta_json	b8054b5e7258/kanu/PPCC/apple/s3/n2/base	399	base
b8054b5e7258	kanu	PPCC/apple	4	0	base	activation	ab25b1a9e3e3fa1c	ab25b1a9e3e3fa1c10688a518206911b7b41b2d9b7e1e404b23d09fcc323b12c	lerobot_groot_n15	n15	lerobot_groot_n15__robocasa365_ckpt120000		0	Pick the apple from the counter and place it in the cabinet.	robocasa_panda_omron/PickPlaceCounterToCabinet_PandaOmron_Env	100243	1300000	0	1			5		1	all_token_full	groot_n15_dit_block_residual_full_tokens_denoise	"[""layer"",""denoise_step"",""model_token"",""feature_dim""]"	[7,4,49,1536]	[0,2,4,8,10,12,15]	n15_grid_v1	grid_coord	meta	meta_json	b8054b5e7258/kanu/PPCC/apple/s4/n0/base	499	base
b8054b5e7258	kanu	PPCC/apple	4	1	base	activation	e3a1f25abebdc589	e3a1f25abebdc589bdffc9aae19e8f0d02164c5ebdfa145860f8afb80b41ec62	lerobot_groot_n15	n15	lerobot_groot_n15__robocasa365_ckpt120000		0	Pick the apple from the counter and place it in the cabinet.	robocasa_panda_omron/PickPlaceCounterToCabinet_PandaOmron_Env	100243	1300001	0	1			5		1	all_token_full	groot_n15_dit_block_residual_full_tokens_denoise	"[""layer"",""denoise_step"",""model_token"",""feature_dim""]"	[7,4,49,1536]	[0,2,4,8,10,12,15]	n15_grid_v1	grid_coord	meta	meta_json	b8054b5e7258/kanu/PPCC/apple/s4/n1/base	499	base
b8054b5e7258	kanu	PPCC/apple	4	2	base	activation	a4731e05b9b51724	a4731e05b9b517249165f32464a1d39c8e1b4adcdab1b35b42241adad0201b98	lerobot_groot_n15	n15	lerobot_groot_n15__robocasa365_ckpt120000		0	Pick the apple from the counter and place it in the cabinet.	robocasa_panda_omron/PickPlaceCounterToCabinet_PandaOmron_Env	100243	1300002	0	1			5		1	all_token_full	groot_n15_dit_block_residual_full_tokens_denoise	"[""layer"",""denoise_step"",""model_token"",""feature_dim""]"	[7,4,49,1536]	[0,2,4,8,10,12,15]	n15_grid_v1	grid_coord	meta	meta_json	b8054b5e7258/kanu/PPCC/apple/s4/n2/base	499	base
b8054b5e7258	worker1	CoffeeSetupMug	0	0	base	activation	f47e3381508220f2	f47e3381508220f282a6d0e13f9d1791650a4fc81edd3f64782e7fab6a60bf93	lerobot_groot_n15	n15	lerobot_groot_n15__robocasa365_ckpt120000		0	Pick the mug from the counter and place it under the coffee machine dispenser.	robocasa_panda_omron/CoffeeSetupMug_PandaOmron_Env	100000	1300000	0	1			5		1	all_token_full	groot_n15_dit_block_residual_full_tokens_denoise	"[""layer"",""denoise_step"",""model_token"",""feature_dim""]"	[7,4,49,1536]	[0,2,4,8,10,12,15]	n15_grid_v1	grid_coord	meta	meta_json	b8054b5e7258/worker1/CoffeeSetupMug/s0/n0/base	99	base
b8054b5e7258	worker1	CoffeeSetupMug	0	1	base	activation	2dabba929125c8ad	2dabba929125c8ad56bb420cb9a9a53c54ad199e15bc0c74c0eec302eb38f67f	lerobot_groot_n15	n15	lerobot_groot_n15__robocasa365_ckpt120000		0	Pick the mug from the counter and place it under the coffee machine dispenser.	robocasa_panda_omron/CoffeeSetupMug_PandaOmron_Env	100000	1300001	0	0			5		1	all_token_full	groot_n15_dit_block_residual_full_tokens_denoise	"[""layer"",""denoise_step"",""model_token"",""feature_dim""]"	[7,4,49,1536]	[0,2,4,8,10,12,15]	n15_grid_v1	grid_coord	meta	meta_json	b8054b5e7258/worker1/CoffeeSetupMug/s0/n1/base	99	base
b8054b5e7258	worker1	CoffeeSetupMug	0	2	base	activation	adcb54dc6cfe07fa	adcb54dc6cfe07faf80385a4e380432c3c31793d64f7636d110acadfd47bab0f	lerobot_groot_n15	n15	lerobot_groot_n15__robocasa365_ckpt120000		0	Pick the mug from the counter and place it under the coffee machine dispenser.	robocasa_panda_omron/CoffeeSetupMug_PandaOmron_Env	100000	1300002	0	0			5		1	all_token_full	groot_n15_dit_block_residual_full_tokens_denoise	"[""layer"",""denoise_step"",""model_token"",""feature_dim""]"	[7,4,49,1536]	[0,2,4,8,10,12,15]	n15_grid_v1	grid_coord	meta	meta_json	b8054b5e7258/worker1/CoffeeSetupMug/s0/n2/base	99	base
b8054b5e7258	worker1	CoffeeSetupMug	0	3	base	activation	878012e4e20639c6	878012e4e20639c6baef1005dfdc4f5ed9784e0e87ae296b8f68b8f66517248d	lerobot_groot_n15	n15	lerobot_groot_n15__robocasa365_ckpt120000		0	Pick the mug from the counter and place it under the coffee machine dispenser.	robocasa_panda_omron/CoffeeSetupMug_PandaOmron_Env	100000	1300003	0	0			5		1	all_token_full	groot_n15_dit_block_residual_full_tokens_denoise	"[""layer"",""denoise_step"",""model_token"",""feature_dim""]"	[7,4,49,1536]	[0,2,4,8,10,12,15]	n15_grid_v1	grid_coord	meta	meta_json	b8054b5e7258/worker1/CoffeeSetupMug/s0/n3/base	99	base
b8054b5e7258	worker1	CoffeeSetupMug	0	4	base	activation	19aa0ef31f721385	19aa0ef31f721385ea7149bdaef63aa166ab0cf1e7f244b5c1cae716d44759f4	lerobot_groot_n15	n15	lerobot_groot_n15__robocasa365_ckpt120000		0	Pick the mug from the counter and place it under the coffee machine dispenser.	robocasa_panda_omron/CoffeeSetupMug_PandaOmron_Env	100000	1300004	0	0			5		1	all_token_full	groot_n15_dit_block_residual_full_tokens_denoise	"[""layer"",""denoise_step"",""model_token"",""feature_dim""]"	[7,4,49,1536]	[0,2,4,8,10,12,15]	n15_grid_v1	grid_coord	meta	meta_json	b8054b5e7258/worker1/CoffeeSetupMug/s0/n4/base	99	base
b8054b5e7258	worker1	CoffeeSetupMug	1	0	base	activation	03896700cd47996b	03896700cd47996bd9515944454548673b9d3bab6c78c720ab799e38729dca35	lerobot_groot_n15	n15	lerobot_groot_n15__robocasa365_ckpt120000		0	Pick the mug from the counter and place it under the coffee machine dispenser.	robocasa_panda_omron/CoffeeSetupMug_PandaOmron_Env	100001	1300000	0	0			5		1	all_token_full	groot_n15_dit_block_residual_full_tokens_denoise	"[""layer"",""denoise_step"",""model_token"",""feature_dim""]"	[7,4,49,1536]	[0,2,4,8,10,12,15]	n15_grid_v1	grid_coord	meta	meta_json	b8054b5e7258/worker1/CoffeeSetupMug/s1/n0/base	199	base
b8054b5e7258	worker1	CoffeeSetupMug	1	1	base	activation	7bdc772d86231311	7bdc772d862313111fc771b745f5c1301bb752cd189992cb9d2efa8edf985f9d	lerobot_groot_n15	n15	lerobot_groot_n15__robocasa365_ckpt120000		0	Pick the mug from the counter and place it under the coffee machine dispenser.	robocasa_panda_omron/CoffeeSetupMug_PandaOmron_Env	100001	1300001	0	0			5		1	all_token_full	groot_n15_dit_block_residual_full_tokens_denoise	"[""layer"",""denoise_step"",""model_token"",""feature_dim""]"	[7,4,49,1536]	[0,2,4,8,10,12,15]	n15_grid_v1	grid_coord	meta	meta_json	b8054b5e7258/worker1/CoffeeSetupMug/s1/n1/base	199	base
b8054b5e7258	worker1	CoffeeSetupMug	1	2	base	activation	c6aef7ce54982882	c6aef7ce54982882e37f051bc90918e395b5635c9ec1a4c0cf53c82479c563f5	lerobot_groot_n15	n15	lerobot_groot_n15__robocasa365_ckpt120000		0	Pick the mug from the counter and place it under the coffee machine dispenser.	robocasa_panda_omron/CoffeeSetupMug_PandaOmron_Env	100001	1300002	0	0			5		1	all_token_full	groot_n15_dit_block_residual_full_tokens_denoise	"[""layer"",""denoise_step"",""model_token"",""feature_dim""]"	[7,4,49,1536]	[0,2,4,8,10,12,15]	n15_grid_v1	grid_coord	meta	meta_json	b8054b5e7258/worker1/CoffeeSetupMug/s1/n2/base	199	base
b8054b5e7258	worker1	CoffeeSetupMug	1	3	base	activation	d6f7d25297f84fd9	d6f7d25297f84fd9330e70e55d1b3c6ffa135d94053619550eeed3eb56035afc	lerobot_groot_n15	n15	lerobot_groot_n15__robocasa365_ckpt120000		0	Pick the mug from the counter and place it under the coffee machine dispenser.	robocasa_panda_omron/CoffeeSetupMug_PandaOmron_Env	100001	1300003	0	0			5		1	all_token_full	groot_n15_dit_block_residual_full_tokens_denoise	"[""layer"",""denoise_step"",""model_token"",""feature_dim""]"	[7,4,49,1536]	[0,2,4,8,10,12,15]	n15_grid_v1	grid_coord	meta	meta_json	b8054b5e7258/worker1/CoffeeSetupMug/s1/n3/base	199	base
b8054b5e7258	worker1	CoffeeSetupMug	1	4	base	activation	0614b91437911a1e	0614b91437911a1e3fa7a0591fc737ce89e36afe4096cfb45a622245edac2a22	lerobot_groot_n15	n15	lerobot_groot_n15__robocasa365_ckpt120000		0	Pick the mug from the counter and place it under the coffee machine dispenser.	robocasa_panda_omron/CoffeeSetupMug_PandaOmron_Env	100001	1300004	0	0			5		1	all_token_full	groot_n15_dit_block_residual_full_tokens_denoise	"[""layer"",""denoise_step"",""model_token"",""feature_dim""]"	[7,4,49,1536]	[0,2,4,8,10,12,15]	n15_grid_v1	grid_coord	meta	meta_json	b8054b5e7258/worker1/CoffeeSetupMug/s1/n4/base	199	base
b8054b5e7258	worker1	CoffeeSetupMug	2	0	base	activation	88fbaa0964e4270d	88fbaa0964e4270d6a295f0c1d8273f73f4e49bd5b0c42b02315dd43939e7c8e	lerobot_groot_n15	n15	lerobot_groot_n15__robocasa365_ckpt120000		0	Pick the mug from the counter and place it under the coffee machine dispenser.	robocasa_panda_omron/CoffeeSetupMug_PandaOmron_Env	100002	1300000	0	0			5		1	all_token_full	groot_n15_dit_block_residual_full_tokens_denoise	"[""layer"",""denoise_step"",""model_token"",""feature_dim""]"	[7,4,49,1536]	[0,2,4,8,10,12,15]	n15_grid_v1	grid_coord	meta	meta_json	b8054b5e7258/worker1/CoffeeSetupMug/s2/n0/base	299	base
b8054b5e7258	worker1	CoffeeSetupMug	2	1	base	activation	8ca06a7f39b74821	8ca06a7f39b748214e0156f8889c68c274eeda7d98979ba20009ea7b59bb4353	lerobot_groot_n15	n15	lerobot_groot_n15__robocasa365_ckpt120000		0	Pick the mug from the counter and place it under the coffee machine dispenser.	robocasa_panda_omron/CoffeeSetupMug_PandaOmron_Env	100002	1300001	0	0			5		1	all_token_full	groot_n15_dit_block_residual_full_tokens_denoise	"[""layer"",""denoise_step"",""model_token"",""feature_dim""]"	[7,4,49,1536]	[0,2,4,8,10,12,15]	n15_grid_v1	grid_coord	meta	meta_json	b8054b5e7258/worker1/CoffeeSetupMug/s2/n1/base	299	base
b8054b5e7258	worker1	CoffeeSetupMug	2	2	base	activation	cd49a62ee33429de	cd49a62ee33429deb2ee07e2741c548e0c02a6be58c8323c13c18b3a2bb7785b	lerobot_groot_n15	n15	lerobot_groot_n15__robocasa365_ckpt120000		0	Pick the mug from the counter and place it under the coffee machine dispenser.	robocasa_panda_omron/CoffeeSetupMug_PandaOmron_Env	100002	1300002	0	1			5		1	all_token_full	groot_n15_dit_block_residual_full_tokens_denoise	"[""layer"",""denoise_step"",""model_token"",""feature_dim""]"	[7,4,49,1536]	[0,2,4,8,10,12,15]	n15_grid_v1	grid_coord	meta	meta_json	b8054b5e7258/worker1/CoffeeSetupMug/s2/n2/base	299	base
b8054b5e7258	worker1	CoffeeSetupMug	2	3	base	activation	474a31d5bc8ce2ea	474a31d5bc8ce2ea1dbf23c3b30ee29789bfe82c629a06a7582fc0d0e059ac44	lerobot_groot_n15	n15	lerobot_groot_n15__robocasa365_ckpt120000		0	Pick the mug from the counter and place it under the coffee machine dispenser.	robocasa_panda_omron/CoffeeSetupMug_PandaOmron_Env	100002	1300003	0	1			5		1	all_token_full	groot_n15_dit_block_residual_full_tokens_denoise	"[""layer"",""denoise_step"",""model_token"",""feature_dim""]"	[7,4,49,1536]	[0,2,4,8,10,12,15]	n15_grid_v1	grid_coord	meta	meta_json	b8054b5e7258/worker1/CoffeeSetupMug/s2/n3/base	299	base
b8054b5e7258	worker1	CoffeeSetupMug	2	4	base	activation	095945a6b0faa73a	095945a6b0faa73a00480855618900f03b64c19a350b91729f8207b7149f2d83	lerobot_groot_n15	n15	lerobot_groot_n15__robocasa365_ckpt120000		0	Pick the mug from the counter and place it under the coffee machine dispenser.	robocasa_panda_omron/CoffeeSetupMug_PandaOmron_Env	100002	1300004	0	1			5		1	all_token_full	groot_n15_dit_block_residual_full_tokens_denoise	"[""layer"",""denoise_step"",""model_token"",""feature_dim""]"	[7,4,49,1536]	[0,2,4,8,10,12,15]	n15_grid_v1	grid_coord	meta	meta_json	b8054b5e7258/worker1/CoffeeSetupMug/s2/n4/base	299	base
b8054b5e7258	worker1	CoffeeSetupMug	3	0	base	activation	698ba130324cbd0c	698ba130324cbd0c8178df3c808db5688477912746dc0621151e90129dc7fba3	lerobot_groot_n15	n15	lerobot_groot_n15__robocasa365_ckpt120000		0	Pick the mug from the counter and place it under the coffee machine dispenser.	robocasa_panda_omron/CoffeeSetupMug_PandaOmron_Env	100003	1300000	0	0			5		1	all_token_full	groot_n15_dit_block_residual_full_tokens_denoise	"[""layer"",""denoise_step"",""model_token"",""feature_dim""]"	[7,4,49,1536]	[0,2,4,8,10,12,15]	n15_grid_v1	grid_coord	meta	meta_json	b8054b5e7258/worker1/CoffeeSetupMug/s3/n0/base	399	base
b8054b5e7258	worker1	CoffeeSetupMug	3	1	base	activation	b7cc8fb508936508	b7cc8fb5089365089b6337a603cd80c939654f4d6d9b358d1bbac50088c21e57	lerobot_groot_n15	n15	lerobot_groot_n15__robocasa365_ckpt120000		0	Pick the mug from the counter and place it under the coffee machine dispenser.	robocasa_panda_omron/CoffeeSetupMug_PandaOmron_Env	100003	1300001	0	0			5		1	all_token_full	groot_n15_dit_block_residual_full_tokens_denoise	"[""layer"",""denoise_step"",""model_token"",""feature_dim""]"	[7,4,49,1536]	[0,2,4,8,10,12,15]	n15_grid_v1	grid_coord	meta	meta_json	b8054b5e7258/worker1/CoffeeSetupMug/s3/n1/base	399	base
b8054b5e7258	worker1	CoffeeSetupMug	3	2	base	activation	e6198ede7e236dcc	e6198ede7e236dcca00d0059447decf7a15c07df9a24a837df1f0c2d1dcd0df4	lerobot_groot_n15	n15	lerobot_groot_n15__robocasa365_ckpt120000		0	Pick the mug from the counter and place it under the coffee machine dispenser.	robocasa_panda_omron/CoffeeSetupMug_PandaOmron_Env	100003	1300002	0	0			5		1	all_token_full	groot_n15_dit_block_residual_full_tokens_denoise	"[""layer"",""denoise_step"",""model_token"",""feature_dim""]"	[7,4,49,1536]	[0,2,4,8,10,12,15]	n15_grid_v1	grid_coord	meta	meta_json	b8054b5e7258/worker1/CoffeeSetupMug/s3/n2/base	399	base
b8054b5e7258	worker1	CoffeeSetupMug	3	3	base	activation	4340f4ad2ba6170d	4340f4ad2ba6170db549076d62bbad01a3a1c7093922b540b74aadc34eabdeb0	lerobot_groot_n15	n15	lerobot_groot_n15__robocasa365_ckpt120000		0	Pick the mug from the counter and place it under the coffee machine dispenser.	robocasa_panda_omron/CoffeeSetupMug_PandaOmron_Env	100003	1300003	0	0			5		1	all_token_full	groot_n15_dit_block_residual_full_tokens_denoise	"[""layer"",""denoise_step"",""model_token"",""feature_dim""]"	[7,4,49,1536]	[0,2,4,8,10,12,15]	n15_grid_v1	grid_coord	meta	meta_json	b8054b5e7258/worker1/CoffeeSetupMug/s3/n3/base	399	base
b8054b5e7258	worker1	CoffeeSetupMug	3	4	base	activation	8e6d577ffd6b0340	8e6d577ffd6b03409a12afe4d7c8d3a4e5c0b3930b46d5f4045e4ccf1e088525	lerobot_groot_n15	n15	lerobot_groot_n15__robocasa365_ckpt120000		0	Pick the mug from the counter and place it under the coffee machine dispenser.	robocasa_panda_omron/CoffeeSetupMug_PandaOmron_Env	100003	1300004	0	0			5		1	all_token_full	groot_n15_dit_block_residual_full_tokens_denoise	"[""layer"",""denoise_step"",""model_token"",""feature_dim""]"	[7,4,49,1536]	[0,2,4,8,10,12,15]	n15_grid_v1	grid_coord	meta	meta_json	b8054b5e7258/worker1/CoffeeSetupMug/s3/n4/base	399	base
b8054b5e7258	worker1	CoffeeSetupMug	4	0	base	activation	b70b244bc8f6bfbe	b70b244bc8f6bfbe6871c5858c6932480f1c19b1e007d40c1ebc1de7eacb4d33	lerobot_groot_n15	n15	lerobot_groot_n15__robocasa365_ckpt120000		0	Pick the mug from the counter and place it under the coffee machine dispenser.	robocasa_panda_omron/CoffeeSetupMug_PandaOmron_Env	100004	1300000	0	0			5		1	all_token_full	groot_n15_dit_block_residual_full_tokens_denoise	"[""layer"",""denoise_step"",""model_token"",""feature_dim""]"	[7,4,49,1536]	[0,2,4,8,10,12,15]	n15_grid_v1	grid_coord	meta	meta_json	b8054b5e7258/worker1/CoffeeSetupMug/s4/n0/base	499	base
b8054b5e7258	worker1	CoffeeSetupMug	4	1	base	activation	1f3b51230e107627	1f3b51230e10762711a8847f19913453392df51a0453a18662eb10cf7b2d377f	lerobot_groot_n15	n15	lerobot_groot_n15__robocasa365_ckpt120000		0	Pick the mug from the counter and place it under the coffee machine dispenser.	robocasa_panda_omron/CoffeeSetupMug_PandaOmron_Env	100004	1300001	0	0			5		1	all_token_full	groot_n15_dit_block_residual_full_tokens_denoise	"[""layer"",""denoise_step"",""model_token"",""feature_dim""]"	[7,4,49,1536]	[0,2,4,8,10,12,15]	n15_grid_v1	grid_coord	meta	meta_json	b8054b5e7258/worker1/CoffeeSetupMug/s4/n1/base	499	base
b8054b5e7258	worker1	CoffeeSetupMug	4	2	base	activation	62f9c0b8817f5864	62f9c0b8817f5864cc7ba4cad27def955b26e571160d4cc302410cb1ee04acc2	lerobot_groot_n15	n15	lerobot_groot_n15__robocasa365_ckpt120000		0	Pick the mug from the counter and place it under the coffee machine dispenser.	robocasa_panda_omron/CoffeeSetupMug_PandaOmron_Env	100004	1300002	0	0			5		1	all_token_full	groot_n15_dit_block_residual_full_tokens_denoise	"[""layer"",""denoise_step"",""model_token"",""feature_dim""]"	[7,4,49,1536]	[0,2,4,8,10,12,15]	n15_grid_v1	grid_coord	meta	meta_json	b8054b5e7258/worker1/CoffeeSetupMug/s4/n2/base	499	base
b8054b5e7258	worker1	CoffeeSetupMug	4	3	base	activation	f2a8f5082169989c	f2a8f5082169989c94a95615c6a87691ce99d3fb217e6e0185afebe7856ed153	lerobot_groot_n15	n15	lerobot_groot_n15__robocasa365_ckpt120000		0	Pick the mug from the counter and place it under the coffee machine dispenser.	robocasa_panda_omron/CoffeeSetupMug_PandaOmron_Env	100004	1300003	0	0			5		1	all_token_full	groot_n15_dit_block_residual_full_tokens_denoise	"[""layer"",""denoise_step"",""model_token"",""feature_dim""]"	[7,4,49,1536]	[0,2,4,8,10,12,15]	n15_grid_v1	grid_coord	meta	meta_json	b8054b5e7258/worker1/CoffeeSetupMug/s4/n3/base	499	base
b8054b5e7258	worker1	CoffeeSetupMug	4	4	base	activation	929d38fa63bbfa46	929d38fa63bbfa4606565150da57b2c3b5811ca9ea6967eae7b438341d9fd95e	lerobot_groot_n15	n15	lerobot_groot_n15__robocasa365_ckpt120000		0	Pick the mug from the counter and place it under the coffee machine dispenser.	robocasa_panda_omron/CoffeeSetupMug_PandaOmron_Env	100004	1300004	0	0			5		1	all_token_full	groot_n15_dit_block_residual_full_tokens_denoise	"[""layer"",""denoise_step"",""model_token"",""feature_dim""]"	[7,4,49,1536]	[0,2,4,8,10,12,15]	n15_grid_v1	grid_coord	meta	meta_json	b8054b5e7258/worker1/CoffeeSetupMug/s4/n4/base	499	base
b8054b5e7258	worker1	DishwasherRack/out	0	0	base	activation	5ed456e05ef0e421	5ed456e05ef0e421c6b1d60663dc0174b9dc9300ec3fd98eab9b07ce3f8e9048	lerobot_groot_n15	n15	lerobot_groot_n15__robocasa365_ckpt120000		0	Fully slide the top dishwasher rack out.	robocasa_panda_omron/SlideDishwasherRack_PandaOmron_Env	100000	1300000	0	1			5		1	all_token_full	groot_n15_dit_block_residual_full_tokens_denoise	"[""layer"",""denoise_step"",""model_token"",""feature_dim""]"	[7,4,49,1536]	[0,2,4,8,10,12,15]	n15_grid_v1	grid_coord	meta	meta_json	b8054b5e7258/worker1/DishwasherRack/out/s0/n0/base	99	base
b8054b5e7258	worker1	DishwasherRack/out	0	1	base	activation	403257c2f9c54a90	403257c2f9c54a90c1b9ec2a41e1ecb520d5377795c3f3db536329f3fb46556a	lerobot_groot_n15	n15	lerobot_groot_n15__robocasa365_ckpt120000		0	Fully slide the top dishwasher rack out.	robocasa_panda_omron/SlideDishwasherRack_PandaOmron_Env	100000	1300001	0	0			5		1	all_token_full	groot_n15_dit_block_residual_full_tokens_denoise	"[""layer"",""denoise_step"",""model_token"",""feature_dim""]"	[7,4,49,1536]	[0,2,4,8,10,12,15]	n15_grid_v1	grid_coord	meta	meta_json	b8054b5e7258/worker1/DishwasherRack/out/s0/n1/base	99	base
b8054b5e7258	worker1	DishwasherRack/out	0	2	base	activation	b4b74eeaee0ea752	b4b74eeaee0ea7525e7cb299d7c1aa3887bc62de97e7f69cc1c7a770c6363137	lerobot_groot_n15	n15	lerobot_groot_n15__robocasa365_ckpt120000		0	Fully slide the top dishwasher rack out.	robocasa_panda_omron/SlideDishwasherRack_PandaOmron_Env	100000	1300002	0	0			5		1	all_token_full	groot_n15_dit_block_residual_full_tokens_denoise	"[""layer"",""denoise_step"",""model_token"",""feature_dim""]"	[7,4,49,1536]	[0,2,4,8,10,12,15]	n15_grid_v1	grid_coord	meta	meta_json	b8054b5e7258/worker1/DishwasherRack/out/s0/n2/base	99	base
b8054b5e7258	worker1	DishwasherRack/out	0	3	base	activation	306c6d2ef9c4a7ab	306c6d2ef9c4a7ab133fca8bb2965989480fec222e2f41b4b79579a78b779cce	lerobot_groot_n15	n15	lerobot_groot_n15__robocasa365_ckpt120000		0	Fully slide the top dishwasher rack out.	robocasa_panda_omron/SlideDishwasherRack_PandaOmron_Env	100000	1300003	0	0			5		1	all_token_full	groot_n15_dit_block_residual_full_tokens_denoise	"[""layer"",""denoise_step"",""model_token"",""feature_dim""]"	[7,4,49,1536]	[0,2,4,8,10,12,15]	n15_grid_v1	grid_coord	meta	meta_json	b8054b5e7258/worker1/DishwasherRack/out/s0/n3/base	99	base
b8054b5e7258	worker1	DishwasherRack/out	0	4	base	activation	3c1f77277e05932e	3c1f77277e05932ea369d22e8c2a79675b4fef5694f4821e6492cd19560728f9	lerobot_groot_n15	n15	lerobot_groot_n15__robocasa365_ckpt120000		0	Fully slide the top dishwasher rack out.	robocasa_panda_omron/SlideDishwasherRack_PandaOmron_Env	100000	1300004	0	0			5		1	all_token_full	groot_n15_dit_block_residual_full_tokens_denoise	"[""layer"",""denoise_step"",""model_token"",""feature_dim""]"	[7,4,49,1536]	[0,2,4,8,10,12,15]	n15_grid_v1	grid_coord	meta	meta_json	b8054b5e7258/worker1/DishwasherRack/out/s0/n4/base	99	base
b8054b5e7258	worker1	DishwasherRack/out	1	0	base	activation	1fdfd487c3a62173	1fdfd487c3a6217344e7577ca9b523f27aff27462d68365e0360295590339fbc	lerobot_groot_n15	n15	lerobot_groot_n15__robocasa365_ckpt120000		0	Fully slide the top dishwasher rack out.	robocasa_panda_omron/SlideDishwasherRack_PandaOmron_Env	100003	1300000	0	0			5		1	all_token_full	groot_n15_dit_block_residual_full_tokens_denoise	"[""layer"",""denoise_step"",""model_token"",""feature_dim""]"	[7,4,49,1536]	[0,2,4,8,10,12,15]	n15_grid_v1	grid_coord	meta	meta_json	b8054b5e7258/worker1/DishwasherRack/out/s1/n0/base	199	base
b8054b5e7258	worker1	DishwasherRack/out	1	1	base	activation	2c7b6b1eacf2b761	2c7b6b1eacf2b76141b03e2005de27a801e2e52b2f583e23f40729df418bef12	lerobot_groot_n15	n15	lerobot_groot_n15__robocasa365_ckpt120000		0	Fully slide the top dishwasher rack out.	robocasa_panda_omron/SlideDishwasherRack_PandaOmron_Env	100003	1300001	0	0			5		1	all_token_full	groot_n15_dit_block_residual_full_tokens_denoise	"[""layer"",""denoise_step"",""model_token"",""feature_dim""]"	[7,4,49,1536]	[0,2,4,8,10,12,15]	n15_grid_v1	grid_coord	meta	meta_json	b8054b5e7258/worker1/DishwasherRack/out/s1/n1/base	199	base
b8054b5e7258	worker1	DishwasherRack/out	1	2	base	activation	81b720f5915046e2	81b720f5915046e21e06c79dafec6ae19eb7344cefb14ff930b196efdf1dce77	lerobot_groot_n15	n15	lerobot_groot_n15__robocasa365_ckpt120000		0	Fully slide the top dishwasher rack out.	robocasa_panda_omron/SlideDishwasherRack_PandaOmron_Env	100003	1300002	0	0			5		1	all_token_full	groot_n15_dit_block_residual_full_tokens_denoise	"[""layer"",""denoise_step"",""model_token"",""feature_dim""]"	[7,4,49,1536]	[0,2,4,8,10,12,15]	n15_grid_v1	grid_coord	meta	meta_json	b8054b5e7258/worker1/DishwasherRack/out/s1/n2/base	199	base
b8054b5e7258	worker1	DishwasherRack/out	1	3	base	activation	1f72592a6e326908	1f72592a6e326908771ad0b85dea9f39baca89963539707f479e95700a8d2a55	lerobot_groot_n15	n15	lerobot_groot_n15__robocasa365_ckpt120000		0	Fully slide the top dishwasher rack out.	robocasa_panda_omron/SlideDishwasherRack_PandaOmron_Env	100003	1300003	0	0			5		1	all_token_full	groot_n15_dit_block_residual_full_tokens_denoise	"[""layer"",""denoise_step"",""model_token"",""feature_dim""]"	[7,4,49,1536]	[0,2,4,8,10,12,15]	n15_grid_v1	grid_coord	meta	meta_json	b8054b5e7258/worker1/DishwasherRack/out/s1/n3/base	199	base
b8054b5e7258	worker1	DishwasherRack/out	1	4	base	activation	20c6a8e47aa2be79	20c6a8e47aa2be79969d30165c6faac8b773817e714531b7be7111bcdddbff85	lerobot_groot_n15	n15	lerobot_groot_n15__robocasa365_ckpt120000		0	Fully slide the top dishwasher rack out.	robocasa_panda_omron/SlideDishwasherRack_PandaOmron_Env	100003	1300004	0	0			5		1	all_token_full	groot_n15_dit_block_residual_full_tokens_denoise	"[""layer"",""denoise_step"",""model_token"",""feature_dim""]"	[7,4,49,1536]	[0,2,4,8,10,12,15]	n15_grid_v1	grid_coord	meta	meta_json	b8054b5e7258/worker1/DishwasherRack/out/s1/n4/base	199	base
b8054b5e7258	worker1	DishwasherRack/out	2	0	base	activation	1cb13cd6df569a6a	1cb13cd6df569a6a4811d0b52d01366901bcc193014e7812264328726ffa2248	lerobot_groot_n15	n15	lerobot_groot_n15__robocasa365_ckpt120000		0	Fully slide the top dishwasher rack out.	robocasa_panda_omron/SlideDishwasherRack_PandaOmron_Env	100008	1300000	0	0			5		1	all_token_full	groot_n15_dit_block_residual_full_tokens_denoise	"[""layer"",""denoise_step"",""model_token"",""feature_dim""]"	[7,4,49,1536]	[0,2,4,8,10,12,15]	n15_grid_v1	grid_coord	meta	meta_json	b8054b5e7258/worker1/DishwasherRack/out/s2/n0/base	299	base
b8054b5e7258	worker1	DishwasherRack/out	2	1	base	activation	e2cda7473d00d251	e2cda7473d00d25117af535db7127eb246b52921627e6fa3e4688dad583694a9	lerobot_groot_n15	n15	lerobot_groot_n15__robocasa365_ckpt120000		0	Fully slide the top dishwasher rack out.	robocasa_panda_omron/SlideDishwasherRack_PandaOmron_Env	100008	1300001	0	0			5		1	all_token_full	groot_n15_dit_block_residual_full_tokens_denoise	"[""layer"",""denoise_step"",""model_token"",""feature_dim""]"	[7,4,49,1536]	[0,2,4,8,10,12,15]	n15_grid_v1	grid_coord	meta	meta_json	b8054b5e7258/worker1/DishwasherRack/out/s2/n1/base	299	base
b8054b5e7258	worker1	DishwasherRack/out	2	2	base	activation	58bc40eb59471e7c	58bc40eb59471e7c5859c6b2b2b677d5792da82f4e3dcd5b98457c0fc7767632	lerobot_groot_n15	n15	lerobot_groot_n15__robocasa365_ckpt120000		0	Fully slide the top dishwasher rack out.	robocasa_panda_omron/SlideDishwasherRack_PandaOmron_Env	100008	1300002	0	0			5		1	all_token_full	groot_n15_dit_block_residual_full_tokens_denoise	"[""layer"",""denoise_step"",""model_token"",""feature_dim""]"	[7,4,49,1536]	[0,2,4,8,10,12,15]	n15_grid_v1	grid_coord	meta	meta_json	b8054b5e7258/worker1/DishwasherRack/out/s2/n2/base	299	base
b8054b5e7258	worker1	DishwasherRack/out	2	3	base	activation	5e1df34c230ad79f	5e1df34c230ad79fa2154739a64f13d49c467ceea6bbef2edf00a694e4438933	lerobot_groot_n15	n15	lerobot_groot_n15__robocasa365_ckpt120000		0	Fully slide the top dishwasher rack out.	robocasa_panda_omron/SlideDishwasherRack_PandaOmron_Env	100008	1300003	0	0			5		1	all_token_full	groot_n15_dit_block_residual_full_tokens_denoise	"[""layer"",""denoise_step"",""model_token"",""feature_dim""]"	[7,4,49,1536]	[0,2,4,8,10,12,15]	n15_grid_v1	grid_coord	meta	meta_json	b8054b5e7258/worker1/DishwasherRack/out/s2/n3/base	299	base
b8054b5e7258	worker1	DishwasherRack/out	2	4	base	activation	7cce874eacf9f15c	7cce874eacf9f15c30b7307dc126c318cc4882e0c9fd1932cdbeba9339ff0f33	lerobot_groot_n15	n15	lerobot_groot_n15__robocasa365_ckpt120000		0	Fully slide the top dishwasher rack out.	robocasa_panda_omron/SlideDishwasherRack_PandaOmron_Env	100008	1300004	0	0			5		1	all_token_full	groot_n15_dit_block_residual_full_tokens_denoise	"[""layer"",""denoise_step"",""model_token"",""feature_dim""]"	[7,4,49,1536]	[0,2,4,8,10,12,15]	n15_grid_v1	grid_coord	meta	meta_json	b8054b5e7258/worker1/DishwasherRack/out/s2/n4/base	299	base
b8054b5e7258	worker1	DishwasherRack/out	3	0	base	activation	d56a8f783a91c88e	d56a8f783a91c88ebb78abf9ea79c56686849638f92c38564905817e0554a7bf	lerobot_groot_n15	n15	lerobot_groot_n15__robocasa365_ckpt120000		0	Fully slide the top dishwasher rack out.	robocasa_panda_omron/SlideDishwasherRack_PandaOmron_Env	100010	1300000	0	1			5		1	all_token_full	groot_n15_dit_block_residual_full_tokens_denoise	"[""layer"",""denoise_step"",""model_token"",""feature_dim""]"	[7,4,49,1536]	[0,2,4,8,10,12,15]	n15_grid_v1	grid_coord	meta	meta_json	b8054b5e7258/worker1/DishwasherRack/out/s3/n0/base	399	base
b8054b5e7258	worker1	DishwasherRack/out	3	1	base	activation	753b31716b2dd410	753b31716b2dd410e1e12cbe204c25b0450b09f565f56f8191deadd863d15d06	lerobot_groot_n15	n15	lerobot_groot_n15__robocasa365_ckpt120000		0	Fully slide the top dishwasher rack out.	robocasa_panda_omron/SlideDishwasherRack_PandaOmron_Env	100010	1300001	0	1			5		1	all_token_full	groot_n15_dit_block_residual_full_tokens_denoise	"[""layer"",""denoise_step"",""model_token"",""feature_dim""]"	[7,4,49,1536]	[0,2,4,8,10,12,15]	n15_grid_v1	grid_coord	meta	meta_json	b8054b5e7258/worker1/DishwasherRack/out/s3/n1/base	399	base
b8054b5e7258	worker1	DishwasherRack/out	3	2	base	activation	1a8595c23b9575b5	1a8595c23b9575b585001cd4430c5b6d5000c983fe5871288e12a7cb83482fec	lerobot_groot_n15	n15	lerobot_groot_n15__robocasa365_ckpt120000		0	Fully slide the top dishwasher rack out.	robocasa_panda_omron/SlideDishwasherRack_PandaOmron_Env	100010	1300002	0	1			5		1	all_token_full	groot_n15_dit_block_residual_full_tokens_denoise	"[""layer"",""denoise_step"",""model_token"",""feature_dim""]"	[7,4,49,1536]	[0,2,4,8,10,12,15]	n15_grid_v1	grid_coord	meta	meta_json	b8054b5e7258/worker1/DishwasherRack/out/s3/n2/base	399	base
b8054b5e7258	worker1	DishwasherRack/out	3	3	base	activation	6082755d1ce9bbb3	6082755d1ce9bbb3440a0de270cbeb0cca3b898647a124a697262927c64e83d6	lerobot_groot_n15	n15	lerobot_groot_n15__robocasa365_ckpt120000		0	Fully slide the top dishwasher rack out.	robocasa_panda_omron/SlideDishwasherRack_PandaOmron_Env	100010	1300003	0	1			5		1	all_token_full	groot_n15_dit_block_residual_full_tokens_denoise	"[""layer"",""denoise_step"",""model_token"",""feature_dim""]"	[7,4,49,1536]	[0,2,4,8,10,12,15]	n15_grid_v1	grid_coord	meta	meta_json	b8054b5e7258/worker1/DishwasherRack/out/s3/n3/base	399	base
b8054b5e7258	worker1	DishwasherRack/out	3	4	base	activation	2822bac77b849656	2822bac77b8496564ca7ff692032b1c32ab268f3f04f42f594137b6f14b2d414	lerobot_groot_n15	n15	lerobot_groot_n15__robocasa365_ckpt120000		0	Fully slide the top dishwasher rack out.	robocasa_panda_omron/SlideDishwasherRack_PandaOmron_Env	100010	1300004	0	1			5		1	all_token_full	groot_n15_dit_block_residual_full_tokens_denoise	"[""layer"",""denoise_step"",""model_token"",""feature_dim""]"	[7,4,49,1536]	[0,2,4,8,10,12,15]	n15_grid_v1	grid_coord	meta	meta_json	b8054b5e7258/worker1/DishwasherRack/out/s3/n4/base	399	base
b8054b5e7258	worker1	DishwasherRack/out	4	0	base	activation	7dd824f9908e9977	7dd824f9908e997738cb1c486db1a7e528afac3acf7c05d7e85783949dcf2b74	lerobot_groot_n15	n15	lerobot_groot_n15__robocasa365_ckpt120000		0	Fully slide the top dishwasher rack out.	robocasa_panda_omron/SlideDishwasherRack_PandaOmron_Env	100011	1300000	0	0			5		1	all_token_full	groot_n15_dit_block_residual_full_tokens_denoise	"[""layer"",""denoise_step"",""model_token"",""feature_dim""]"	[7,4,49,1536]	[0,2,4,8,10,12,15]	n15_grid_v1	grid_coord	meta	meta_json	b8054b5e7258/worker1/DishwasherRack/out/s4/n0/base	499	base
b8054b5e7258	worker1	DishwasherRack/out	4	1	base	activation	ab072a53e9b40a91	ab072a53e9b40a91f85cdadbf5bdec7b023e9c1c5803c4aae1554cc47b89e6a1	lerobot_groot_n15	n15	lerobot_groot_n15__robocasa365_ckpt120000		0	Fully slide the top dishwasher rack out.	robocasa_panda_omron/SlideDishwasherRack_PandaOmron_Env	100011	1300001	0	0			5		1	all_token_full	groot_n15_dit_block_residual_full_tokens_denoise	"[""layer"",""denoise_step"",""model_token"",""feature_dim""]"	[7,4,49,1536]	[0,2,4,8,10,12,15]	n15_grid_v1	grid_coord	meta	meta_json	b8054b5e7258/worker1/DishwasherRack/out/s4/n1/base	499	base
b8054b5e7258	worker1	DishwasherRack/out	4	2	base	activation	1f60c6ecc0237cac	1f60c6ecc0237cac769d1e61955a39e5bcd45fcfbaf280de50206cccf69ed20a	lerobot_groot_n15	n15	lerobot_groot_n15__robocasa365_ckpt120000		0	Fully slide the top dishwasher rack out.	robocasa_panda_omron/SlideDishwasherRack_PandaOmron_Env	100011	1300002	0	1			5		1	all_token_full	groot_n15_dit_block_residual_full_tokens_denoise	"[""layer"",""denoise_step"",""model_token"",""feature_dim""]"	[7,4,49,1536]	[0,2,4,8,10,12,15]	n15_grid_v1	grid_coord	meta	meta_json	b8054b5e7258/worker1/DishwasherRack/out/s4/n2/base	499	base
b8054b5e7258	worker1	DishwasherRack/out	4	3	base	activation	0a6ca28414950f2e	0a6ca28414950f2eff2e8891cd5ee034bd91a9927ba78404362e5602e14153a0	lerobot_groot_n15	n15	lerobot_groot_n15__robocasa365_ckpt120000		0	Fully slide the top dishwasher rack out.	robocasa_panda_omron/SlideDishwasherRack_PandaOmron_Env	100011	1300003	0	1			5		1	all_token_full	groot_n15_dit_block_residual_full_tokens_denoise	"[""layer"",""denoise_step"",""model_token"",""feature_dim""]"	[7,4,49,1536]	[0,2,4,8,10,12,15]	n15_grid_v1	grid_coord	meta	meta_json	b8054b5e7258/worker1/DishwasherRack/out/s4/n3/base	499	base
b8054b5e7258	worker1	DishwasherRack/out	4	4	base	activation	507560552fe934d1	507560552fe934d1669c13c08baeb20a441aad7b58d2441ee1ee6884992e8f9d	lerobot_groot_n15	n15	lerobot_groot_n15__robocasa365_ckpt120000		0	Fully slide the top dishwasher rack out.	robocasa_panda_omron/SlideDishwasherRack_PandaOmron_Env	100011	1300004	0	1			5		1	all_token_full	groot_n15_dit_block_residual_full_tokens_denoise	"[""layer"",""denoise_step"",""model_token"",""feature_dim""]"	[7,4,49,1536]	[0,2,4,8,10,12,15]	n15_grid_v1	grid_coord	meta	meta_json	b8054b5e7258/worker1/DishwasherRack/out/s4/n4/base	499	base
b8054b5e7258	worker1	PPCC/bread	0	0	base	activation	c71656644e619b3d	c71656644e619b3d8b22fbd5e3940d4cfae32835a82dc751b09336bc760b4078	lerobot_groot_n15	n15	lerobot_groot_n15__robocasa365_ckpt120000		0	Pick the bread from the counter and place it in the cabinet.	robocasa_panda_omron/PickPlaceCounterToCabinet_PandaOmron_Env	100084	1300000	0	1			5		1	all_token_full	groot_n15_dit_block_residual_full_tokens_denoise	"[""layer"",""denoise_step"",""model_token"",""feature_dim""]"	[7,4,49,1536]	[0,2,4,8,10,12,15]	n15_grid_v1	grid_coord	meta	meta_json	b8054b5e7258/worker1/PPCC/bread/s0/n0/base	99	base
b8054b5e7258	worker1	PPCC/bread	0	1	base	activation	5d323fa651e10533	5d323fa651e1053300ad84fdbf3381d4a9189fcde4a2a43b5bf9a9e76d94033c	lerobot_groot_n15	n15	lerobot_groot_n15__robocasa365_ckpt120000		0	Pick the bread from the counter and place it in the cabinet.	robocasa_panda_omron/PickPlaceCounterToCabinet_PandaOmron_Env	100084	1300001	0	1			5		1	all_token_full	groot_n15_dit_block_residual_full_tokens_denoise	"[""layer"",""denoise_step"",""model_token"",""feature_dim""]"	[7,4,49,1536]	[0,2,4,8,10,12,15]	n15_grid_v1	grid_coord	meta	meta_json	b8054b5e7258/worker1/PPCC/bread/s0/n1/base	99	base
b8054b5e7258	worker1	PPCC/bread	0	2	base	activation	894c74288105ca15	894c74288105ca15a2594dc0afb87ddf705c53b572dda7b11cea8d1333a48ec6	lerobot_groot_n15	n15	lerobot_groot_n15__robocasa365_ckpt120000		0	Pick the bread from the counter and place it in the cabinet.	robocasa_panda_omron/PickPlaceCounterToCabinet_PandaOmron_Env	100084	1300002	0	1			5		1	all_token_full	groot_n15_dit_block_residual_full_tokens_denoise	"[""layer"",""denoise_step"",""model_token"",""feature_dim""]"	[7,4,49,1536]	[0,2,4,8,10,12,15]	n15_grid_v1	grid_coord	meta	meta_json	b8054b5e7258/worker1/PPCC/bread/s0/n2/base	99	base
b8054b5e7258	worker1	PPCC/bread	0	3	base	activation	7dd904cdcbb63cb7	7dd904cdcbb63cb7ae36efc51caceb89132b68e87f5bcb2b057e8a1c08f107e4	lerobot_groot_n15	n15	lerobot_groot_n15__robocasa365_ckpt120000		0	Pick the bread from the counter and place it in the cabinet.	robocasa_panda_omron/PickPlaceCounterToCabinet_PandaOmron_Env	100084	1300003	0	1			5		1	all_token_full	groot_n15_dit_block_residual_full_tokens_denoise	"[""layer"",""denoise_step"",""model_token"",""feature_dim""]"	[7,4,49,1536]	[0,2,4,8,10,12,15]	n15_grid_v1	grid_coord	meta	meta_json	b8054b5e7258/worker1/PPCC/bread/s0/n3/base	99	base
b8054b5e7258	worker1	PPCC/bread	0	4	base	activation	f88e79bf2f6f3c19	f88e79bf2f6f3c192f8d71a71feba897aa0ef96532d6a979157253e80d45c86a	lerobot_groot_n15	n15	lerobot_groot_n15__robocasa365_ckpt120000		0	Pick the bread from the counter and place it in the cabinet.	robocasa_panda_omron/PickPlaceCounterToCabinet_PandaOmron_Env	100084	1300004	0	1			5		1	all_token_full	groot_n15_dit_block_residual_full_tokens_denoise	"[""layer"",""denoise_step"",""model_token"",""feature_dim""]"	[7,4,49,1536]	[0,2,4,8,10,12,15]	n15_grid_v1	grid_coord	meta	meta_json	b8054b5e7258/worker1/PPCC/bread/s0/n4/base	99	base
b8054b5e7258	worker1	PPCC/bread	1	0	base	activation	e316a202b2dabdb0	e316a202b2dabdb03f649c424e5464dba3ce5da0e6ee13182dba838a57fb3166	lerobot_groot_n15	n15	lerobot_groot_n15__robocasa365_ckpt120000		0	Pick the bread from the counter and place it in the cabinet.	robocasa_panda_omron/PickPlaceCounterToCabinet_PandaOmron_Env	100197	1300000	0	1			5		1	all_token_full	groot_n15_dit_block_residual_full_tokens_denoise	"[""layer"",""denoise_step"",""model_token"",""feature_dim""]"	[7,4,49,1536]	[0,2,4,8,10,12,15]	n15_grid_v1	grid_coord	meta	meta_json	b8054b5e7258/worker1/PPCC/bread/s1/n0/base	199	base
b8054b5e7258	worker1	PPCC/bread	1	1	base	activation	b38187fa79b0734c	b38187fa79b0734cc4fff933578c6cb0e61df9203ab3354d9331d8ee973d819c	lerobot_groot_n15	n15	lerobot_groot_n15__robocasa365_ckpt120000		0	Pick the bread from the counter and place it in the cabinet.	robocasa_panda_omron/PickPlaceCounterToCabinet_PandaOmron_Env	100197	1300001	0	1			5		1	all_token_full	groot_n15_dit_block_residual_full_tokens_denoise	"[""layer"",""denoise_step"",""model_token"",""feature_dim""]"	[7,4,49,1536]	[0,2,4,8,10,12,15]	n15_grid_v1	grid_coord	meta	meta_json	b8054b5e7258/worker1/PPCC/bread/s1/n1/base	199	base
b8054b5e7258	worker1	PPCC/bread	1	2	base	activation	d2408ffb02e2ca75	d2408ffb02e2ca756e07079837bef7929a3cf4b872d92f8e43f6b4694f728611	lerobot_groot_n15	n15	lerobot_groot_n15__robocasa365_ckpt120000		0	Pick the bread from the counter and place it in the cabinet.	robocasa_panda_omron/PickPlaceCounterToCabinet_PandaOmron_Env	100197	1300002	0	0			5		1	all_token_full	groot_n15_dit_block_residual_full_tokens_denoise	"[""layer"",""denoise_step"",""model_token"",""feature_dim""]"	[7,4,49,1536]	[0,2,4,8,10,12,15]	n15_grid_v1	grid_coord	meta	meta_json	b8054b5e7258/worker1/PPCC/bread/s1/n2/base	199	base
b8054b5e7258	worker1	PPCC/bread	1	3	base	activation	2ece7d5793c3b380	2ece7d5793c3b380f33b45e29938a9eaa198f936d3bff33a97076d4f1ee5ae5c	lerobot_groot_n15	n15	lerobot_groot_n15__robocasa365_ckpt120000		0	Pick the bread from the counter and place it in the cabinet.	robocasa_panda_omron/PickPlaceCounterToCabinet_PandaOmron_Env	100197	1300003	0	0			5		1	all_token_full	groot_n15_dit_block_residual_full_tokens_denoise	"[""layer"",""denoise_step"",""model_token"",""feature_dim""]"	[7,4,49,1536]	[0,2,4,8,10,12,15]	n15_grid_v1	grid_coord	meta	meta_json	b8054b5e7258/worker1/PPCC/bread/s1/n3/base	199	base
b8054b5e7258	worker1	PPCC/bread	1	4	base	activation	19a31f218799b723	19a31f218799b723f696c36eb3b21964427e4e09a007e6a7de171f7f0ab26de7	lerobot_groot_n15	n15	lerobot_groot_n15__robocasa365_ckpt120000		0	Pick the bread from the counter and place it in the cabinet.	robocasa_panda_omron/PickPlaceCounterToCabinet_PandaOmron_Env	100197	1300004	0	0			5		1	all_token_full	groot_n15_dit_block_residual_full_tokens_denoise	"[""layer"",""denoise_step"",""model_token"",""feature_dim""]"	[7,4,49,1536]	[0,2,4,8,10,12,15]	n15_grid_v1	grid_coord	meta	meta_json	b8054b5e7258/worker1/PPCC/bread/s1/n4/base	199	base
b8054b5e7258	worker1	PPCC/bread	2	0	base	activation	3ea14d20ec3d5dba	3ea14d20ec3d5dba23e79cbe39ac853d2c65032e0e36158db031c566f1ec12a2	lerobot_groot_n15	n15	lerobot_groot_n15__robocasa365_ckpt120000		0	Pick the bread from the counter and place it in the cabinet.	robocasa_panda_omron/PickPlaceCounterToCabinet_PandaOmron_Env	100201	1300000	0	1			5		1	all_token_full	groot_n15_dit_block_residual_full_tokens_denoise	"[""layer"",""denoise_step"",""model_token"",""feature_dim""]"	[7,4,49,1536]	[0,2,4,8,10,12,15]	n15_grid_v1	grid_coord	meta	meta_json	b8054b5e7258/worker1/PPCC/bread/s2/n0/base	299	base
b8054b5e7258	worker1	PPCC/bread	2	1	base	activation	1d3012830542ca58	1d3012830542ca589d690f6dce8390bd9b585241d93dc74d1eb95a1c21d78cc5	lerobot_groot_n15	n15	lerobot_groot_n15__robocasa365_ckpt120000		0	Pick the bread from the counter and place it in the cabinet.	robocasa_panda_omron/PickPlaceCounterToCabinet_PandaOmron_Env	100201	1300001	0	1			5		1	all_token_full	groot_n15_dit_block_residual_full_tokens_denoise	"[""layer"",""denoise_step"",""model_token"",""feature_dim""]"	[7,4,49,1536]	[0,2,4,8,10,12,15]	n15_grid_v1	grid_coord	meta	meta_json	b8054b5e7258/worker1/PPCC/bread/s2/n1/base	299	base
b8054b5e7258	worker1	PPCC/bread	2	2	base	activation	b76f085aa0f8f832	b76f085aa0f8f83232f08dd18429906d731671eeb83dd57566fac9ea97ccd57b	lerobot_groot_n15	n15	lerobot_groot_n15__robocasa365_ckpt120000		0	Pick the bread from the counter and place it in the cabinet.	robocasa_panda_omron/PickPlaceCounterToCabinet_PandaOmron_Env	100201	1300002	0	1			5		1	all_token_full	groot_n15_dit_block_residual_full_tokens_denoise	"[""layer"",""denoise_step"",""model_token"",""feature_dim""]"	[7,4,49,1536]	[0,2,4,8,10,12,15]	n15_grid_v1	grid_coord	meta	meta_json	b8054b5e7258/worker1/PPCC/bread/s2/n2/base	299	base
b8054b5e7258	worker1	PPCC/bread	2	3	base	activation	b869eda040b52b6e	b869eda040b52b6ef9cba25a04343cd0bd70314dc4821b008c386d6e2f0c9e14	lerobot_groot_n15	n15	lerobot_groot_n15__robocasa365_ckpt120000		0	Pick the bread from the counter and place it in the cabinet.	robocasa_panda_omron/PickPlaceCounterToCabinet_PandaOmron_Env	100201	1300003	0	1			5		1	all_token_full	groot_n15_dit_block_residual_full_tokens_denoise	"[""layer"",""denoise_step"",""model_token"",""feature_dim""]"	[7,4,49,1536]	[0,2,4,8,10,12,15]	n15_grid_v1	grid_coord	meta	meta_json	b8054b5e7258/worker1/PPCC/bread/s2/n3/base	299	base
b8054b5e7258	worker1	PPCC/bread	2	4	base	activation	dcd5ef829579c3b2	dcd5ef829579c3b247e9b4d1d59a2b4c6caa295c06f3c83772d8e1567b1e1789	lerobot_groot_n15	n15	lerobot_groot_n15__robocasa365_ckpt120000		0	Pick the bread from the counter and place it in the cabinet.	robocasa_panda_omron/PickPlaceCounterToCabinet_PandaOmron_Env	100201	1300004	0	1			5		1	all_token_full	groot_n15_dit_block_residual_full_tokens_denoise	"[""layer"",""denoise_step"",""model_token"",""feature_dim""]"	[7,4,49,1536]	[0,2,4,8,10,12,15]	n15_grid_v1	grid_coord	meta	meta_json	b8054b5e7258/worker1/PPCC/bread/s2/n4/base	299	base
b8054b5e7258	worker1	PPCC/bread	3	0	base	activation	07255debba69d40e	07255debba69d40e9a3c5e15d762711146d3f7b7625763d9c6aaaa4c0df8b91a	lerobot_groot_n15	n15	lerobot_groot_n15__robocasa365_ckpt120000		0	Pick the bread from the counter and place it in the cabinet.	robocasa_panda_omron/PickPlaceCounterToCabinet_PandaOmron_Env	100228	1300000	0	1			5		1	all_token_full	groot_n15_dit_block_residual_full_tokens_denoise	"[""layer"",""denoise_step"",""model_token"",""feature_dim""]"	[7,4,49,1536]	[0,2,4,8,10,12,15]	n15_grid_v1	grid_coord	meta	meta_json	b8054b5e7258/worker1/PPCC/bread/s3/n0/base	399	base
b8054b5e7258	worker1	PPCC/bread	3	1	base	activation	fde0d24990fea435	fde0d24990fea43533ac023a82d07be47d5cb75b3ed3a7bc126b09726e396c87	lerobot_groot_n15	n15	lerobot_groot_n15__robocasa365_ckpt120000		0	Pick the bread from the counter and place it in the cabinet.	robocasa_panda_omron/PickPlaceCounterToCabinet_PandaOmron_Env	100228	1300001	0	0			5		1	all_token_full	groot_n15_dit_block_residual_full_tokens_denoise	"[""layer"",""denoise_step"",""model_token"",""feature_dim""]"	[7,4,49,1536]	[0,2,4,8,10,12,15]	n15_grid_v1	grid_coord	meta	meta_json	b8054b5e7258/worker1/PPCC/bread/s3/n1/base	399	base
b8054b5e7258	worker1	PPCC/bread	3	2	base	activation	283fcd7cd0856b2c	283fcd7cd0856b2cf74780272a0b1b0442515fb405ae8245752d51e6a484306b	lerobot_groot_n15	n15	lerobot_groot_n15__robocasa365_ckpt120000		0	Pick the bread from the counter and place it in the cabinet.	robocasa_panda_omron/PickPlaceCounterToCabinet_PandaOmron_Env	100228	1300002	0	1			5		1	all_token_full	groot_n15_dit_block_residual_full_tokens_denoise	"[""layer"",""denoise_step"",""model_token"",""feature_dim""]"	[7,4,49,1536]	[0,2,4,8,10,12,15]	n15_grid_v1	grid_coord	meta	meta_json	b8054b5e7258/worker1/PPCC/bread/s3/n2/base	399	base
b8054b5e7258	worker1	PPCC/bread	3	3	base	activation	7d8f0595c1229cb6	7d8f0595c1229cb69e83beb2781fcfa172d93862af48dfc203def114e57a88a6	lerobot_groot_n15	n15	lerobot_groot_n15__robocasa365_ckpt120000		0	Pick the bread from the counter and place it in the cabinet.	robocasa_panda_omron/PickPlaceCounterToCabinet_PandaOmron_Env	100228	1300003	0	1			5		1	all_token_full	groot_n15_dit_block_residual_full_tokens_denoise	"[""layer"",""denoise_step"",""model_token"",""feature_dim""]"	[7,4,49,1536]	[0,2,4,8,10,12,15]	n15_grid_v1	grid_coord	meta	meta_json	b8054b5e7258/worker1/PPCC/bread/s3/n3/base	399	base
b8054b5e7258	worker1	PPCC/bread	3	4	base	activation	a50d2ccba29db1dc	a50d2ccba29db1dcd31e835ecbdec9cf2e3f4a3bcb32d8ad3d17bcd9ee7188f2	lerobot_groot_n15	n15	lerobot_groot_n15__robocasa365_ckpt120000		0	Pick the bread from the counter and place it in the cabinet.	robocasa_panda_omron/PickPlaceCounterToCabinet_PandaOmron_Env	100228	1300004	0	0			5		1	all_token_full	groot_n15_dit_block_residual_full_tokens_denoise	"[""layer"",""denoise_step"",""model_token"",""feature_dim""]"	[7,4,49,1536]	[0,2,4,8,10,12,15]	n15_grid_v1	grid_coord	meta	meta_json	b8054b5e7258/worker1/PPCC/bread/s3/n4/base	399	base
b8054b5e7258	worker1	PPCC/bread	4	0	base	activation	f910d63b7ec95b84	f910d63b7ec95b847286ba2dbf724781985e69eba49b56f99b67912abfbb515f	lerobot_groot_n15	n15	lerobot_groot_n15__robocasa365_ckpt120000		0	Pick the bread from the counter and place it in the cabinet.	robocasa_panda_omron/PickPlaceCounterToCabinet_PandaOmron_Env	100317	1300000	0	1			5		1	all_token_full	groot_n15_dit_block_residual_full_tokens_denoise	"[""layer"",""denoise_step"",""model_token"",""feature_dim""]"	[7,4,49,1536]	[0,2,4,8,10,12,15]	n15_grid_v1	grid_coord	meta	meta_json	b8054b5e7258/worker1/PPCC/bread/s4/n0/base	499	base
b8054b5e7258	worker1	PPCC/bread	4	1	base	activation	f9bf02f8eb21d223	f9bf02f8eb21d2239411c5abe01588b1e1a1d80f49f114692b2642710c822685	lerobot_groot_n15	n15	lerobot_groot_n15__robocasa365_ckpt120000		0	Pick the bread from the counter and place it in the cabinet.	robocasa_panda_omron/PickPlaceCounterToCabinet_PandaOmron_Env	100317	1300001	0	1			5		1	all_token_full	groot_n15_dit_block_residual_full_tokens_denoise	"[""layer"",""denoise_step"",""model_token"",""feature_dim""]"	[7,4,49,1536]	[0,2,4,8,10,12,15]	n15_grid_v1	grid_coord	meta	meta_json	b8054b5e7258/worker1/PPCC/bread/s4/n1/base	499	base
b8054b5e7258	worker1	PPCC/bread	4	2	base	activation	a90a44d6b22da7e3	a90a44d6b22da7e37d168fbc98b6af519b43aa9d08a3da704015749b2bdf1f6e	lerobot_groot_n15	n15	lerobot_groot_n15__robocasa365_ckpt120000		0	Pick the bread from the counter and place it in the cabinet.	robocasa_panda_omron/PickPlaceCounterToCabinet_PandaOmron_Env	100317	1300002	0	1			5		1	all_token_full	groot_n15_dit_block_residual_full_tokens_denoise	"[""layer"",""denoise_step"",""model_token"",""feature_dim""]"	[7,4,49,1536]	[0,2,4,8,10,12,15]	n15_grid_v1	grid_coord	meta	meta_json	b8054b5e7258/worker1/PPCC/bread/s4/n2/base	499	base
b8054b5e7258	worker1	PPCC/bread	4	3	base	activation	ebc00b86d48c8e3e	ebc00b86d48c8e3e74e191e8b5f7f732cf490a923824e40b8e40799d2ec8ef8c	lerobot_groot_n15	n15	lerobot_groot_n15__robocasa365_ckpt120000		0	Pick the bread from the counter and place it in the cabinet.	robocasa_panda_omron/PickPlaceCounterToCabinet_PandaOmron_Env	100317	1300003	0	1			5		1	all_token_full	groot_n15_dit_block_residual_full_tokens_denoise	"[""layer"",""denoise_step"",""model_token"",""feature_dim""]"	[7,4,49,1536]	[0,2,4,8,10,12,15]	n15_grid_v1	grid_coord	meta	meta_json	b8054b5e7258/worker1/PPCC/bread/s4/n3/base	499	base
b8054b5e7258	worker1	PPCC/bread	4	4	base	activation	12991371ad405c41	12991371ad405c415e77ad0b0736b60dc93715c1ba44f22a49faace41426908f	lerobot_groot_n15	n15	lerobot_groot_n15__robocasa365_ckpt120000		0	Pick the bread from the counter and place it in the cabinet.	robocasa_panda_omron/PickPlaceCounterToCabinet_PandaOmron_Env	100317	1300004	0	1			5		1	all_token_full	groot_n15_dit_block_residual_full_tokens_denoise	"[""layer"",""denoise_step"",""model_token"",""feature_dim""]"	[7,4,49,1536]	[0,2,4,8,10,12,15]	n15_grid_v1	grid_coord	meta	meta_json	b8054b5e7258/worker1/PPCC/bread/s4/n4/base	499	base
b8054b5e7258	worker2	OpenDrawer/right	0	0	base	activation	03fd0499da36991a	03fd0499da36991a836236b28642edfbd630b58e7048520dfe8eb4c302ef7859	lerobot_groot_n15	n15	lerobot_groot_n15__robocasa365_ckpt120000		0	Open the right drawer.	robocasa_panda_omron/OpenDrawer_PandaOmron_Env	100000	1300000	0	0			5		1	all_token_full	groot_n15_dit_block_residual_full_tokens_denoise	"[""layer"",""denoise_step"",""model_token"",""feature_dim""]"	[7,4,49,1536]	[0,2,4,8,10,12,15]	n15_grid_v1	grid_coord	meta	meta_json	b8054b5e7258/worker2/OpenDrawer/right/s0/n0/base	99	base
b8054b5e7258	worker2	OpenDrawer/right	0	1	base	activation	b0180a1651f09c6c	b0180a1651f09c6c5be0584d58529fd4b9aa23d5bcd74bfe849e2b458a500cbb	lerobot_groot_n15	n15	lerobot_groot_n15__robocasa365_ckpt120000		0	Open the right drawer.	robocasa_panda_omron/OpenDrawer_PandaOmron_Env	100000	1300001	0	1			5		1	all_token_full	groot_n15_dit_block_residual_full_tokens_denoise	"[""layer"",""denoise_step"",""model_token"",""feature_dim""]"	[7,4,49,1536]	[0,2,4,8,10,12,15]	n15_grid_v1	grid_coord	meta	meta_json	b8054b5e7258/worker2/OpenDrawer/right/s0/n1/base	99	base
b8054b5e7258	worker2	OpenDrawer/right	0	2	base	activation	c3392ec31a5e7a3d	c3392ec31a5e7a3d3ad13cbcb15b117859768104ec6cf712253c510aa8baaec7	lerobot_groot_n15	n15	lerobot_groot_n15__robocasa365_ckpt120000		0	Open the right drawer.	robocasa_panda_omron/OpenDrawer_PandaOmron_Env	100000	1300002	0	1			5		1	all_token_full	groot_n15_dit_block_residual_full_tokens_denoise	"[""layer"",""denoise_step"",""model_token"",""feature_dim""]"	[7,4,49,1536]	[0,2,4,8,10,12,15]	n15_grid_v1	grid_coord	meta	meta_json	b8054b5e7258/worker2/OpenDrawer/right/s0/n2/base	99	base
b8054b5e7258	worker2	OpenDrawer/right	0	3	base	activation	2dedac97da4f0144	2dedac97da4f0144fe2e0fe537a3d350d7310dd4a23da0dcf77035aaba6267f3	lerobot_groot_n15	n15	lerobot_groot_n15__robocasa365_ckpt120000		0	Open the right drawer.	robocasa_panda_omron/OpenDrawer_PandaOmron_Env	100000	1300003	0	1			5		1	all_token_full	groot_n15_dit_block_residual_full_tokens_denoise	"[""layer"",""denoise_step"",""model_token"",""feature_dim""]"	[7,4,49,1536]	[0,2,4,8,10,12,15]	n15_grid_v1	grid_coord	meta	meta_json	b8054b5e7258/worker2/OpenDrawer/right/s0/n3/base	99	base
b8054b5e7258	worker2	OpenDrawer/right	0	4	base	activation	e5a408eab63a4133	e5a408eab63a413304b71b6670adeb707c7c1b2781f897f8cbefc5319f0efc34	lerobot_groot_n15	n15	lerobot_groot_n15__robocasa365_ckpt120000		0	Open the right drawer.	robocasa_panda_omron/OpenDrawer_PandaOmron_Env	100000	1300004	0	1			5		1	all_token_full	groot_n15_dit_block_residual_full_tokens_denoise	"[""layer"",""denoise_step"",""model_token"",""feature_dim""]"	[7,4,49,1536]	[0,2,4,8,10,12,15]	n15_grid_v1	grid_coord	meta	meta_json	b8054b5e7258/worker2/OpenDrawer/right/s0/n4/base	99	base
b8054b5e7258	worker2	OpenDrawer/right	1	0	base	activation	941adb37b09a7c91	941adb37b09a7c91d2ccb848389e5404f57a10bcdb87a0b94531c43a9bdf4818	lerobot_groot_n15	n15	lerobot_groot_n15__robocasa365_ckpt120000		0	Open the right drawer.	robocasa_panda_omron/OpenDrawer_PandaOmron_Env	100003	1300000	0	1			5		1	all_token_full	groot_n15_dit_block_residual_full_tokens_denoise	"[""layer"",""denoise_step"",""model_token"",""feature_dim""]"	[7,4,49,1536]	[0,2,4,8,10,12,15]	n15_grid_v1	grid_coord	meta	meta_json	b8054b5e7258/worker2/OpenDrawer/right/s1/n0/base	199	base
b8054b5e7258	worker2	OpenDrawer/right	1	1	base	activation	048a96efec92fd4d	048a96efec92fd4dedf2b766eb8a08c79cd16f9d5c6e70930f3369df01ae7d02	lerobot_groot_n15	n15	lerobot_groot_n15__robocasa365_ckpt120000		0	Open the right drawer.	robocasa_panda_omron/OpenDrawer_PandaOmron_Env	100003	1300001	0	1			5		1	all_token_full	groot_n15_dit_block_residual_full_tokens_denoise	"[""layer"",""denoise_step"",""model_token"",""feature_dim""]"	[7,4,49,1536]	[0,2,4,8,10,12,15]	n15_grid_v1	grid_coord	meta	meta_json	b8054b5e7258/worker2/OpenDrawer/right/s1/n1/base	199	base
b8054b5e7258	worker2	OpenDrawer/right	1	2	base	activation	409ceecb5cf0596d	409ceecb5cf0596d14cd65e344b011d88bd51fa8d6644f3de1be284ccb6a7480	lerobot_groot_n15	n15	lerobot_groot_n15__robocasa365_ckpt120000		0	Open the right drawer.	robocasa_panda_omron/OpenDrawer_PandaOmron_Env	100003	1300002	0	1			5		1	all_token_full	groot_n15_dit_block_residual_full_tokens_denoise	"[""layer"",""denoise_step"",""model_token"",""feature_dim""]"	[7,4,49,1536]	[0,2,4,8,10,12,15]	n15_grid_v1	grid_coord	meta	meta_json	b8054b5e7258/worker2/OpenDrawer/right/s1/n2/base	199	base
b8054b5e7258	worker2	OpenDrawer/right	1	3	base	activation	fab7928f283f18d5	fab7928f283f18d55edd9dcedbb969deea1f6f1b87480413073a213dafae511d	lerobot_groot_n15	n15	lerobot_groot_n15__robocasa365_ckpt120000		0	Open the right drawer.	robocasa_panda_omron/OpenDrawer_PandaOmron_Env	100003	1300003	0	1			5		1	all_token_full	groot_n15_dit_block_residual_full_tokens_denoise	"[""layer"",""denoise_step"",""model_token"",""feature_dim""]"	[7,4,49,1536]	[0,2,4,8,10,12,15]	n15_grid_v1	grid_coord	meta	meta_json	b8054b5e7258/worker2/OpenDrawer/right/s1/n3/base	199	base
b8054b5e7258	worker2	OpenDrawer/right	1	4	base	activation	4fc1ac608badc716	4fc1ac608badc71642c7d78db7225d76e91e18dfdaf92023dc871d8a95707780	lerobot_groot_n15	n15	lerobot_groot_n15__robocasa365_ckpt120000		0	Open the right drawer.	robocasa_panda_omron/OpenDrawer_PandaOmron_Env	100003	1300004	0	1			5		1	all_token_full	groot_n15_dit_block_residual_full_tokens_denoise	"[""layer"",""denoise_step"",""model_token"",""feature_dim""]"	[7,4,49,1536]	[0,2,4,8,10,12,15]	n15_grid_v1	grid_coord	meta	meta_json	b8054b5e7258/worker2/OpenDrawer/right/s1/n4/base	199	base
b8054b5e7258	worker2	OpenDrawer/right	2	0	base	activation	9bdeac4ffd34468d	9bdeac4ffd34468de5c9080e5570d4f33568000d55553cb1d8e215e5e2efda6a	lerobot_groot_n15	n15	lerobot_groot_n15__robocasa365_ckpt120000		0	Open the right drawer.	robocasa_panda_omron/OpenDrawer_PandaOmron_Env	100005	1300000	0	1			5		1	all_token_full	groot_n15_dit_block_residual_full_tokens_denoise	"[""layer"",""denoise_step"",""model_token"",""feature_dim""]"	[7,4,49,1536]	[0,2,4,8,10,12,15]	n15_grid_v1	grid_coord	meta	meta_json	b8054b5e7258/worker2/OpenDrawer/right/s2/n0/base	299	base
b8054b5e7258	worker2	OpenDrawer/right	2	1	base	activation	35206e2e5d218158	35206e2e5d218158a1a76d5d3cf7821a4f390fd2f8524c77ca8cfeccf281d819	lerobot_groot_n15	n15	lerobot_groot_n15__robocasa365_ckpt120000		0	Open the right drawer.	robocasa_panda_omron/OpenDrawer_PandaOmron_Env	100005	1300001	0	1			5		1	all_token_full	groot_n15_dit_block_residual_full_tokens_denoise	"[""layer"",""denoise_step"",""model_token"",""feature_dim""]"	[7,4,49,1536]	[0,2,4,8,10,12,15]	n15_grid_v1	grid_coord	meta	meta_json	b8054b5e7258/worker2/OpenDrawer/right/s2/n1/base	299	base
b8054b5e7258	worker2	OpenDrawer/right	2	2	base	activation	9fd3d2bc55d7d2af	9fd3d2bc55d7d2af4ebf4e4aa840d3192a8a9fd42b94e2d89d18c32a4ae9613e	lerobot_groot_n15	n15	lerobot_groot_n15__robocasa365_ckpt120000		0	Open the right drawer.	robocasa_panda_omron/OpenDrawer_PandaOmron_Env	100005	1300002	0	1			5		1	all_token_full	groot_n15_dit_block_residual_full_tokens_denoise	"[""layer"",""denoise_step"",""model_token"",""feature_dim""]"	[7,4,49,1536]	[0,2,4,8,10,12,15]	n15_grid_v1	grid_coord	meta	meta_json	b8054b5e7258/worker2/OpenDrawer/right/s2/n2/base	299	base
b8054b5e7258	worker2	OpenDrawer/right	2	3	base	activation	6715ae1fc5e1347c	6715ae1fc5e1347c59cfcdbd428fdfd8d8c4e0778043c0704a600a5ac7599b65	lerobot_groot_n15	n15	lerobot_groot_n15__robocasa365_ckpt120000		0	Open the right drawer.	robocasa_panda_omron/OpenDrawer_PandaOmron_Env	100005	1300003	0	1			5		1	all_token_full	groot_n15_dit_block_residual_full_tokens_denoise	"[""layer"",""denoise_step"",""model_token"",""feature_dim""]"	[7,4,49,1536]	[0,2,4,8,10,12,15]	n15_grid_v1	grid_coord	meta	meta_json	b8054b5e7258/worker2/OpenDrawer/right/s2/n3/base	299	base
b8054b5e7258	worker2	OpenDrawer/right	2	4	base	activation	4311ed61a32a97f3	4311ed61a32a97f360ec5bd9f18370ea29ecadb77579cc0b9ee8652f4137bc30	lerobot_groot_n15	n15	lerobot_groot_n15__robocasa365_ckpt120000		0	Open the right drawer.	robocasa_panda_omron/OpenDrawer_PandaOmron_Env	100005	1300004	0	1			5		1	all_token_full	groot_n15_dit_block_residual_full_tokens_denoise	"[""layer"",""denoise_step"",""model_token"",""feature_dim""]"	[7,4,49,1536]	[0,2,4,8,10,12,15]	n15_grid_v1	grid_coord	meta	meta_json	b8054b5e7258/worker2/OpenDrawer/right/s2/n4/base	299	base
b8054b5e7258	worker2	OpenDrawer/right	3	0	base	activation	c0b21ab3e235ef4c	c0b21ab3e235ef4c1f5ea53b8a0f29392b68f95a0f653ebd6bf853639a02a78b	lerobot_groot_n15	n15	lerobot_groot_n15__robocasa365_ckpt120000		0	Open the right drawer.	robocasa_panda_omron/OpenDrawer_PandaOmron_Env	100006	1300000	0	0			5		1	all_token_full	groot_n15_dit_block_residual_full_tokens_denoise	"[""layer"",""denoise_step"",""model_token"",""feature_dim""]"	[7,4,49,1536]	[0,2,4,8,10,12,15]	n15_grid_v1	grid_coord	meta	meta_json	b8054b5e7258/worker2/OpenDrawer/right/s3/n0/base	399	base
b8054b5e7258	worker2	OpenDrawer/right	3	1	base	activation	f24030c7c631861e	f24030c7c631861e37bee78b0b61a3a16d875c72a5628759f0f3901765956f6f	lerobot_groot_n15	n15	lerobot_groot_n15__robocasa365_ckpt120000		0	Open the right drawer.	robocasa_panda_omron/OpenDrawer_PandaOmron_Env	100006	1300001	0	0			5		1	all_token_full	groot_n15_dit_block_residual_full_tokens_denoise	"[""layer"",""denoise_step"",""model_token"",""feature_dim""]"	[7,4,49,1536]	[0,2,4,8,10,12,15]	n15_grid_v1	grid_coord	meta	meta_json	b8054b5e7258/worker2/OpenDrawer/right/s3/n1/base	399	base
b8054b5e7258	worker2	OpenDrawer/right	3	2	base	activation	e631a25dcc269a0e	e631a25dcc269a0e0916494961448a88d2fdb06c4db72b0763ab91d91b15756a	lerobot_groot_n15	n15	lerobot_groot_n15__robocasa365_ckpt120000		0	Open the right drawer.	robocasa_panda_omron/OpenDrawer_PandaOmron_Env	100006	1300002	0	0			5		1	all_token_full	groot_n15_dit_block_residual_full_tokens_denoise	"[""layer"",""denoise_step"",""model_token"",""feature_dim""]"	[7,4,49,1536]	[0,2,4,8,10,12,15]	n15_grid_v1	grid_coord	meta	meta_json	b8054b5e7258/worker2/OpenDrawer/right/s3/n2/base	399	base
b8054b5e7258	worker2	OpenDrawer/right	3	3	base	activation	3d0ac5267b626cb2	3d0ac5267b626cb28e124305f5a0e367138e4a5968c00ac821ef9efc59197fab	lerobot_groot_n15	n15	lerobot_groot_n15__robocasa365_ckpt120000		0	Open the right drawer.	robocasa_panda_omron/OpenDrawer_PandaOmron_Env	100006	1300003	0	0			5		1	all_token_full	groot_n15_dit_block_residual_full_tokens_denoise	"[""layer"",""denoise_step"",""model_token"",""feature_dim""]"	[7,4,49,1536]	[0,2,4,8,10,12,15]	n15_grid_v1	grid_coord	meta	meta_json	b8054b5e7258/worker2/OpenDrawer/right/s3/n3/base	399	base
b8054b5e7258	worker2	OpenDrawer/right	3	4	base	activation	0868ad66fe98f219	0868ad66fe98f219dd59d4aae8af0e2263a3f051aec6b251d35f1e1be417dcdf	lerobot_groot_n15	n15	lerobot_groot_n15__robocasa365_ckpt120000		0	Open the right drawer.	robocasa_panda_omron/OpenDrawer_PandaOmron_Env	100006	1300004	0	0			5		1	all_token_full	groot_n15_dit_block_residual_full_tokens_denoise	"[""layer"",""denoise_step"",""model_token"",""feature_dim""]"	[7,4,49,1536]	[0,2,4,8,10,12,15]	n15_grid_v1	grid_coord	meta	meta_json	b8054b5e7258/worker2/OpenDrawer/right/s3/n4/base	399	base
b8054b5e7258	worker2	OpenDrawer/right	4	0	base	activation	6b7287577545ed5d	6b7287577545ed5d465b7f6ed3e629ea051a960272ea94e0fddb7bb9c56d5b7d	lerobot_groot_n15	n15	lerobot_groot_n15__robocasa365_ckpt120000		0	Open the right drawer.	robocasa_panda_omron/OpenDrawer_PandaOmron_Env	100009	1300000	0	1			5		1	all_token_full	groot_n15_dit_block_residual_full_tokens_denoise	"[""layer"",""denoise_step"",""model_token"",""feature_dim""]"	[7,4,49,1536]	[0,2,4,8,10,12,15]	n15_grid_v1	grid_coord	meta	meta_json	b8054b5e7258/worker2/OpenDrawer/right/s4/n0/base	499	base
b8054b5e7258	worker2	OpenDrawer/right	4	1	base	activation	1866beaf208cb75b	1866beaf208cb75b7d14641de2e49a5180cb7d30a152622e90ba789b8fae458f	lerobot_groot_n15	n15	lerobot_groot_n15__robocasa365_ckpt120000		0	Open the right drawer.	robocasa_panda_omron/OpenDrawer_PandaOmron_Env	100009	1300001	0	1			5		1	all_token_full	groot_n15_dit_block_residual_full_tokens_denoise	"[""layer"",""denoise_step"",""model_token"",""feature_dim""]"	[7,4,49,1536]	[0,2,4,8,10,12,15]	n15_grid_v1	grid_coord	meta	meta_json	b8054b5e7258/worker2/OpenDrawer/right/s4/n1/base	499	base
b8054b5e7258	worker2	OpenDrawer/right	4	2	base	activation	1f16ae4b733520d8	1f16ae4b733520d8cbbf3ff05f8f8be8f580aaa4310a760a3e013d85da152615	lerobot_groot_n15	n15	lerobot_groot_n15__robocasa365_ckpt120000		0	Open the right drawer.	robocasa_panda_omron/OpenDrawer_PandaOmron_Env	100009	1300002	0	1			5		1	all_token_full	groot_n15_dit_block_residual_full_tokens_denoise	"[""layer"",""denoise_step"",""model_token"",""feature_dim""]"	[7,4,49,1536]	[0,2,4,8,10,12,15]	n15_grid_v1	grid_coord	meta	meta_json	b8054b5e7258/worker2/OpenDrawer/right/s4/n2/base	499	base
b8054b5e7258	worker2	OpenDrawer/right	4	3	base	activation	6522c7c78999da2e	6522c7c78999da2e4a258910814a1ab03ca2cf28bf0837872739af19d8c5d6d6	lerobot_groot_n15	n15	lerobot_groot_n15__robocasa365_ckpt120000		0	Open the right drawer.	robocasa_panda_omron/OpenDrawer_PandaOmron_Env	100009	1300003	0	1			5		1	all_token_full	groot_n15_dit_block_residual_full_tokens_denoise	"[""layer"",""denoise_step"",""model_token"",""feature_dim""]"	[7,4,49,1536]	[0,2,4,8,10,12,15]	n15_grid_v1	grid_coord	meta	meta_json	b8054b5e7258/worker2/OpenDrawer/right/s4/n3/base	499	base
b8054b5e7258	worker2	OpenDrawer/right	4	4	base	activation	b5bd76dc18499602	b5bd76dc184996020dc4efdfa0f5543841124a96d9da0c85524aaa899f64dcaf	lerobot_groot_n15	n15	lerobot_groot_n15__robocasa365_ckpt120000		0	Open the right drawer.	robocasa_panda_omron/OpenDrawer_PandaOmron_Env	100009	1300004	0	1			5		1	all_token_full	groot_n15_dit_block_residual_full_tokens_denoise	"[""layer"",""denoise_step"",""model_token"",""feature_dim""]"	[7,4,49,1536]	[0,2,4,8,10,12,15]	n15_grid_v1	grid_coord	meta	meta_json	b8054b5e7258/worker2/OpenDrawer/right/s4/n4/base	499	base
b8054b5e7258	worker2	PPCC/candle	0	0	base	activation	ff902330a3ff25ad	ff902330a3ff25ad3cc5128dbdb7edf6cadbedfcc85c6c4a0665bc4f536e6acb	lerobot_groot_n15	n15	lerobot_groot_n15__robocasa365_ckpt120000		0	Pick the candle from the counter and place it in the cabinet.	robocasa_panda_omron/PickPlaceCounterToCabinet_PandaOmron_Env	100058	1300000	0	1			5		1	all_token_full	groot_n15_dit_block_residual_full_tokens_denoise	"[""layer"",""denoise_step"",""model_token"",""feature_dim""]"	[7,4,49,1536]	[0,2,4,8,10,12,15]	n15_grid_v1	grid_coord	meta	meta_json	b8054b5e7258/worker2/PPCC/candle/s0/n0/base	99	base
b8054b5e7258	worker2	PPCC/candle	0	1	base	activation	203958f6e72c883b	203958f6e72c883b5e63d27fcf7d2c5444b30971519def00fe1a0c0254b28dad	lerobot_groot_n15	n15	lerobot_groot_n15__robocasa365_ckpt120000		0	Pick the candle from the counter and place it in the cabinet.	robocasa_panda_omron/PickPlaceCounterToCabinet_PandaOmron_Env	100058	1300001	0	1			5		1	all_token_full	groot_n15_dit_block_residual_full_tokens_denoise	"[""layer"",""denoise_step"",""model_token"",""feature_dim""]"	[7,4,49,1536]	[0,2,4,8,10,12,15]	n15_grid_v1	grid_coord	meta	meta_json	b8054b5e7258/worker2/PPCC/candle/s0/n1/base	99	base
b8054b5e7258	worker2	PPCC/candle	0	2	base	activation	8881dee80898533b	8881dee80898533b2eb461d84c869ee694a5518604465c1d17ad5a97dbe269a2	lerobot_groot_n15	n15	lerobot_groot_n15__robocasa365_ckpt120000		0	Pick the candle from the counter and place it in the cabinet.	robocasa_panda_omron/PickPlaceCounterToCabinet_PandaOmron_Env	100058	1300002	0	1			5		1	all_token_full	groot_n15_dit_block_residual_full_tokens_denoise	"[""layer"",""denoise_step"",""model_token"",""feature_dim""]"	[7,4,49,1536]	[0,2,4,8,10,12,15]	n15_grid_v1	grid_coord	meta	meta_json	b8054b5e7258/worker2/PPCC/candle/s0/n2/base	99	base
b8054b5e7258	worker2	PPCC/candle	0	3	base	activation	1569186c9249692c	1569186c9249692c0c18ae5d9cf24ab689685c628173458e20d7779fac561110	lerobot_groot_n15	n15	lerobot_groot_n15__robocasa365_ckpt120000		0	Pick the candle from the counter and place it in the cabinet.	robocasa_panda_omron/PickPlaceCounterToCabinet_PandaOmron_Env	100058	1300003	0	1			5		1	all_token_full	groot_n15_dit_block_residual_full_tokens_denoise	"[""layer"",""denoise_step"",""model_token"",""feature_dim""]"	[7,4,49,1536]	[0,2,4,8,10,12,15]	n15_grid_v1	grid_coord	meta	meta_json	b8054b5e7258/worker2/PPCC/candle/s0/n3/base	99	base
b8054b5e7258	worker2	PPCC/candle	0	4	base	activation	7b55c8d9e06d0fee	7b55c8d9e06d0fee6ec5e5242b39ddbd4886b1e9fc44191de55a29662a2b78aa	lerobot_groot_n15	n15	lerobot_groot_n15__robocasa365_ckpt120000		0	Pick the candle from the counter and place it in the cabinet.	robocasa_panda_omron/PickPlaceCounterToCabinet_PandaOmron_Env	100058	1300004	0	1			5		1	all_token_full	groot_n15_dit_block_residual_full_tokens_denoise	"[""layer"",""denoise_step"",""model_token"",""feature_dim""]"	[7,4,49,1536]	[0,2,4,8,10,12,15]	n15_grid_v1	grid_coord	meta	meta_json	b8054b5e7258/worker2/PPCC/candle/s0/n4/base	99	base
b8054b5e7258	worker2	PPCC/candle	1	0	base	activation	649c1a6eae320b33	649c1a6eae320b330083bf8bc137378a05de9cc86d57d419d96294c56b597eab	lerobot_groot_n15	n15	lerobot_groot_n15__robocasa365_ckpt120000		0	Pick the candle from the counter and place it in the cabinet.	robocasa_panda_omron/PickPlaceCounterToCabinet_PandaOmron_Env	100107	1300000	0	0			5		1	all_token_full	groot_n15_dit_block_residual_full_tokens_denoise	"[""layer"",""denoise_step"",""model_token"",""feature_dim""]"	[7,4,49,1536]	[0,2,4,8,10,12,15]	n15_grid_v1	grid_coord	meta	meta_json	b8054b5e7258/worker2/PPCC/candle/s1/n0/base	199	base
b8054b5e7258	worker2	PPCC/candle	1	1	base	activation	276411b2ac947247	276411b2ac9472477b7ff5288650319429d887962f55af3cc15939331f728c5d	lerobot_groot_n15	n15	lerobot_groot_n15__robocasa365_ckpt120000		0	Pick the candle from the counter and place it in the cabinet.	robocasa_panda_omron/PickPlaceCounterToCabinet_PandaOmron_Env	100107	1300001	0	1			5		1	all_token_full	groot_n15_dit_block_residual_full_tokens_denoise	"[""layer"",""denoise_step"",""model_token"",""feature_dim""]"	[7,4,49,1536]	[0,2,4,8,10,12,15]	n15_grid_v1	grid_coord	meta	meta_json	b8054b5e7258/worker2/PPCC/candle/s1/n1/base	199	base
b8054b5e7258	worker2	PPCC/candle	1	2	base	activation	74b50d720328c540	74b50d720328c540289e799bccdd4889fb87040a88283c0e1fe753f2a5ce9418	lerobot_groot_n15	n15	lerobot_groot_n15__robocasa365_ckpt120000		0	Pick the candle from the counter and place it in the cabinet.	robocasa_panda_omron/PickPlaceCounterToCabinet_PandaOmron_Env	100107	1300002	0	0			5		1	all_token_full	groot_n15_dit_block_residual_full_tokens_denoise	"[""layer"",""denoise_step"",""model_token"",""feature_dim""]"	[7,4,49,1536]	[0,2,4,8,10,12,15]	n15_grid_v1	grid_coord	meta	meta_json	b8054b5e7258/worker2/PPCC/candle/s1/n2/base	199	base
b8054b5e7258	worker2	PPCC/candle	1	3	base	activation	caa11a43f05335ad	caa11a43f05335ad730bc66634a7f889baedeeb0cbfdeba26c7ec59fb2eab7f6	lerobot_groot_n15	n15	lerobot_groot_n15__robocasa365_ckpt120000		0	Pick the candle from the counter and place it in the cabinet.	robocasa_panda_omron/PickPlaceCounterToCabinet_PandaOmron_Env	100107	1300003	0	1			5		1	all_token_full	groot_n15_dit_block_residual_full_tokens_denoise	"[""layer"",""denoise_step"",""model_token"",""feature_dim""]"	[7,4,49,1536]	[0,2,4,8,10,12,15]	n15_grid_v1	grid_coord	meta	meta_json	b8054b5e7258/worker2/PPCC/candle/s1/n3/base	199	base
b8054b5e7258	worker2	PPCC/candle	1	4	base	activation	f0a8ffea6cd2c4dd	f0a8ffea6cd2c4dd05adf31341fb6aaa58ab7b8445379e4e8d2c9f33f0e2fc92	lerobot_groot_n15	n15	lerobot_groot_n15__robocasa365_ckpt120000		0	Pick the candle from the counter and place it in the cabinet.	robocasa_panda_omron/PickPlaceCounterToCabinet_PandaOmron_Env	100107	1300004	0	1			5		1	all_token_full	groot_n15_dit_block_residual_full_tokens_denoise	"[""layer"",""denoise_step"",""model_token"",""feature_dim""]"	[7,4,49,1536]	[0,2,4,8,10,12,15]	n15_grid_v1	grid_coord	meta	meta_json	b8054b5e7258/worker2/PPCC/candle/s1/n4/base	199	base
b8054b5e7258	worker2	PPCC/candle	2	0	base	activation	d95f39157bbfd792	d95f39157bbfd7925d141acb19a1364f6514d1049b5f3288ab0f35be782dbcf9	lerobot_groot_n15	n15	lerobot_groot_n15__robocasa365_ckpt120000		0	Pick the candle from the counter and place it in the cabinet.	robocasa_panda_omron/PickPlaceCounterToCabinet_PandaOmron_Env	100154	1300000	0	1			5		1	all_token_full	groot_n15_dit_block_residual_full_tokens_denoise	"[""layer"",""denoise_step"",""model_token"",""feature_dim""]"	[7,4,49,1536]	[0,2,4,8,10,12,15]	n15_grid_v1	grid_coord	meta	meta_json	b8054b5e7258/worker2/PPCC/candle/s2/n0/base	299	base
b8054b5e7258	worker2	PPCC/candle	2	1	base	activation	33188d8ff88c0377	33188d8ff88c03771b3b06f205e558ab9654d72fb32a87f3f791712dc9193a19	lerobot_groot_n15	n15	lerobot_groot_n15__robocasa365_ckpt120000		0	Pick the candle from the counter and place it in the cabinet.	robocasa_panda_omron/PickPlaceCounterToCabinet_PandaOmron_Env	100154	1300001	0	1			5		1	all_token_full	groot_n15_dit_block_residual_full_tokens_denoise	"[""layer"",""denoise_step"",""model_token"",""feature_dim""]"	[7,4,49,1536]	[0,2,4,8,10,12,15]	n15_grid_v1	grid_coord	meta	meta_json	b8054b5e7258/worker2/PPCC/candle/s2/n1/base	299	base
b8054b5e7258	worker2	PPCC/candle	2	2	base	activation	98d59c08cf863414	98d59c08cf863414ca013a9ef0418f4d4d3bd1d16a9c73f0f7899b89365fd7f5	lerobot_groot_n15	n15	lerobot_groot_n15__robocasa365_ckpt120000		0	Pick the candle from the counter and place it in the cabinet.	robocasa_panda_omron/PickPlaceCounterToCabinet_PandaOmron_Env	100154	1300002	0	0			5		1	all_token_full	groot_n15_dit_block_residual_full_tokens_denoise	"[""layer"",""denoise_step"",""model_token"",""feature_dim""]"	[7,4,49,1536]	[0,2,4,8,10,12,15]	n15_grid_v1	grid_coord	meta	meta_json	b8054b5e7258/worker2/PPCC/candle/s2/n2/base	299	base
b8054b5e7258	worker2	PPCC/candle	2	3	base	activation	0d81d4b2f39d720b	0d81d4b2f39d720b095efc2b62ad1a53a872ff495349fea1ccb72972a266c765	lerobot_groot_n15	n15	lerobot_groot_n15__robocasa365_ckpt120000		0	Pick the candle from the counter and place it in the cabinet.	robocasa_panda_omron/PickPlaceCounterToCabinet_PandaOmron_Env	100154	1300003	0	0			5		1	all_token_full	groot_n15_dit_block_residual_full_tokens_denoise	"[""layer"",""denoise_step"",""model_token"",""feature_dim""]"	[7,4,49,1536]	[0,2,4,8,10,12,15]	n15_grid_v1	grid_coord	meta	meta_json	b8054b5e7258/worker2/PPCC/candle/s2/n3/base	299	base
b8054b5e7258	worker2	PPCC/candle	2	4	base	activation	3515b7bc05cba16d	3515b7bc05cba16dc5127dc1319161be5e2eae3f8abb125fec102ef76f402de0	lerobot_groot_n15	n15	lerobot_groot_n15__robocasa365_ckpt120000		0	Pick the candle from the counter and place it in the cabinet.	robocasa_panda_omron/PickPlaceCounterToCabinet_PandaOmron_Env	100154	1300004	0	1			5		1	all_token_full	groot_n15_dit_block_residual_full_tokens_denoise	"[""layer"",""denoise_step"",""model_token"",""feature_dim""]"	[7,4,49,1536]	[0,2,4,8,10,12,15]	n15_grid_v1	grid_coord	meta	meta_json	b8054b5e7258/worker2/PPCC/candle/s2/n4/base	299	base
b8054b5e7258	worker2	PPCC/candle	3	0	base	activation	ad65a1708e9d77e5	ad65a1708e9d77e594cb0b04a026c335847ccfdc21243a45f03ece8e5477e1a0	lerobot_groot_n15	n15	lerobot_groot_n15__robocasa365_ckpt120000		0	Pick the candle from the counter and place it in the cabinet.	robocasa_panda_omron/PickPlaceCounterToCabinet_PandaOmron_Env	100166	1300000	0	1			5		1	all_token_full	groot_n15_dit_block_residual_full_tokens_denoise	"[""layer"",""denoise_step"",""model_token"",""feature_dim""]"	[7,4,49,1536]	[0,2,4,8,10,12,15]	n15_grid_v1	grid_coord	meta	meta_json	b8054b5e7258/worker2/PPCC/candle/s3/n0/base	399	base
b8054b5e7258	worker2	PPCC/candle	3	1	base	activation	e4b30bf106a315b6	e4b30bf106a315b6c0fbc52434d3636d3e9e63266b834e78f38c3fe95e686188	lerobot_groot_n15	n15	lerobot_groot_n15__robocasa365_ckpt120000		0	Pick the candle from the counter and place it in the cabinet.	robocasa_panda_omron/PickPlaceCounterToCabinet_PandaOmron_Env	100166	1300001	0	1			5		1	all_token_full	groot_n15_dit_block_residual_full_tokens_denoise	"[""layer"",""denoise_step"",""model_token"",""feature_dim""]"	[7,4,49,1536]	[0,2,4,8,10,12,15]	n15_grid_v1	grid_coord	meta	meta_json	b8054b5e7258/worker2/PPCC/candle/s3/n1/base	399	base
b8054b5e7258	worker2	PPCC/candle	3	2	base	activation	75a6f8074bf8c16d	75a6f8074bf8c16d845cbeb0988c73e0e2469397e2c5d53b373f7496d6b656fb	lerobot_groot_n15	n15	lerobot_groot_n15__robocasa365_ckpt120000		0	Pick the candle from the counter and place it in the cabinet.	robocasa_panda_omron/PickPlaceCounterToCabinet_PandaOmron_Env	100166	1300002	0	1			5		1	all_token_full	groot_n15_dit_block_residual_full_tokens_denoise	"[""layer"",""denoise_step"",""model_token"",""feature_dim""]"	[7,4,49,1536]	[0,2,4,8,10,12,15]	n15_grid_v1	grid_coord	meta	meta_json	b8054b5e7258/worker2/PPCC/candle/s3/n2/base	399	base
b8054b5e7258	worker2	PPCC/candle	3	3	base	activation	a79b39972d0df85e	a79b39972d0df85e995e6c85062e47cda625b420c54058c9f6569e6e2af36df0	lerobot_groot_n15	n15	lerobot_groot_n15__robocasa365_ckpt120000		0	Pick the candle from the counter and place it in the cabinet.	robocasa_panda_omron/PickPlaceCounterToCabinet_PandaOmron_Env	100166	1300003	0	0			5		1	all_token_full	groot_n15_dit_block_residual_full_tokens_denoise	"[""layer"",""denoise_step"",""model_token"",""feature_dim""]"	[7,4,49,1536]	[0,2,4,8,10,12,15]	n15_grid_v1	grid_coord	meta	meta_json	b8054b5e7258/worker2/PPCC/candle/s3/n3/base	399	base
b8054b5e7258	worker2	PPCC/candle	3	4	base	activation	2b5f5fc43c357ab4	2b5f5fc43c357ab4d9fc19edc01390b9f5ef2360cb66254b69e387996fd1bce7	lerobot_groot_n15	n15	lerobot_groot_n15__robocasa365_ckpt120000		0	Pick the candle from the counter and place it in the cabinet.	robocasa_panda_omron/PickPlaceCounterToCabinet_PandaOmron_Env	100166	1300004	0	1			5		1	all_token_full	groot_n15_dit_block_residual_full_tokens_denoise	"[""layer"",""denoise_step"",""model_token"",""feature_dim""]"	[7,4,49,1536]	[0,2,4,8,10,12,15]	n15_grid_v1	grid_coord	meta	meta_json	b8054b5e7258/worker2/PPCC/candle/s3/n4/base	399	base
b8054b5e7258	worker2	PPCC/candle	4	0	base	activation	05337d6e5e71ffa6	05337d6e5e71ffa6d72f1ef2bd017c7f13b748dbc0f69ec4de38339a68505e64	lerobot_groot_n15	n15	lerobot_groot_n15__robocasa365_ckpt120000		0	Pick the candle from the counter and place it in the cabinet.	robocasa_panda_omron/PickPlaceCounterToCabinet_PandaOmron_Env	100214	1300000	0	0			5		1	all_token_full	groot_n15_dit_block_residual_full_tokens_denoise	"[""layer"",""denoise_step"",""model_token"",""feature_dim""]"	[7,4,49,1536]	[0,2,4,8,10,12,15]	n15_grid_v1	grid_coord	meta	meta_json	b8054b5e7258/worker2/PPCC/candle/s4/n0/base	499	base
b8054b5e7258	worker2	PPCC/candle	4	1	base	activation	0ce54a569f04d5ec	0ce54a569f04d5ecbd0824d511c7de50fc2c8b252e0f2b59cae8c2780cf1fa83	lerobot_groot_n15	n15	lerobot_groot_n15__robocasa365_ckpt120000		0	Pick the candle from the counter and place it in the cabinet.	robocasa_panda_omron/PickPlaceCounterToCabinet_PandaOmron_Env	100214	1300001	0	1			5		1	all_token_full	groot_n15_dit_block_residual_full_tokens_denoise	"[""layer"",""denoise_step"",""model_token"",""feature_dim""]"	[7,4,49,1536]	[0,2,4,8,10,12,15]	n15_grid_v1	grid_coord	meta	meta_json	b8054b5e7258/worker2/PPCC/candle/s4/n1/base	499	base
b8054b5e7258	worker2	PPCC/candle	4	2	base	activation	d2c12c853c145f6a	d2c12c853c145f6a70514a2bec4574ace397af82b1eb14ba3dd300b73f9ea0fa	lerobot_groot_n15	n15	lerobot_groot_n15__robocasa365_ckpt120000		0	Pick the candle from the counter and place it in the cabinet.	robocasa_panda_omron/PickPlaceCounterToCabinet_PandaOmron_Env	100214	1300002	0	0			5		1	all_token_full	groot_n15_dit_block_residual_full_tokens_denoise	"[""layer"",""denoise_step"",""model_token"",""feature_dim""]"	[7,4,49,1536]	[0,2,4,8,10,12,15]	n15_grid_v1	grid_coord	meta	meta_json	b8054b5e7258/worker2/PPCC/candle/s4/n2/base	499	base
b8054b5e7258	worker2	PPCC/candle	4	3	base	activation	743f8174303e76a5	743f8174303e76a53970a771325c001aba616ff67282cdfbf698d3b24236470b	lerobot_groot_n15	n15	lerobot_groot_n15__robocasa365_ckpt120000		0	Pick the candle from the counter and place it in the cabinet.	robocasa_panda_omron/PickPlaceCounterToCabinet_PandaOmron_Env	100214	1300003	0	0			5		1	all_token_full	groot_n15_dit_block_residual_full_tokens_denoise	"[""layer"",""denoise_step"",""model_token"",""feature_dim""]"	[7,4,49,1536]	[0,2,4,8,10,12,15]	n15_grid_v1	grid_coord	meta	meta_json	b8054b5e7258/worker2/PPCC/candle/s4/n3/base	499	base
b8054b5e7258	worker2	PPCC/candle	4	4	base	activation	cc2c2593b41d8388	cc2c2593b41d838891decabf12d53dad28d14bba7806e236cf42888a555eb17f	lerobot_groot_n15	n15	lerobot_groot_n15__robocasa365_ckpt120000		0	Pick the candle from the counter and place it in the cabinet.	robocasa_panda_omron/PickPlaceCounterToCabinet_PandaOmron_Env	100214	1300004	0	0			5		1	all_token_full	groot_n15_dit_block_residual_full_tokens_denoise	"[""layer"",""denoise_step"",""model_token"",""feature_dim""]"	[7,4,49,1536]	[0,2,4,8,10,12,15]	n15_grid_v1	grid_coord	meta	meta_json	b8054b5e7258/worker2/PPCC/candle/s4/n4/base	499	base
